Time [s],Displacement [m],Force [N]
0.000000,0.0000000000e+00,4.1028679740e-06
0.050000,4.5163293006e-06,2.3262378256e-05
0.100000,9.1584623693e-06,6.2613973833e-05
0.150000,1.4243077842e-05,1.6870265674e-04
0.200000,1.9987117383e-05,2.9127273073e-04
0.250000,2.4567036093e-05,4.3863349344e-04
0.300000,3.0839838105e-05,6.1315946781e-04
0.350000,3.5756782721e-05,8.8510794732e-04
0.400000,3.9912134866e-05,1.1185193630e-03
0.450000,4.4296738192e-05,1.3431384209e-03
0.500000,5.0542975524e-05,1.5866741517e-03
0.550000,5.7590815161e-05,1.9783096429e-03
0.600000,5.9878935814e-05,2.3247830436e-03
0.650000,6.4599230643e-05,2.5895358713e-03
0.700000,6.8819602069e-05,3.1719867118e-03
0.750000,7.4046034902e-05,3.5570590203e-03
0.800000,7.9008091251e-05,3.9747873030e-03
0.850000,8.5836359781e-05,4.4953359736e-03
0.900000,8.8681127042e-05,4.8968508057e-03
0.950000,9.3375505354e-05,5.5779555507e-03
1.000000,1.0188151468e-04,6.2461496615e-03
1.050000,1.0551996518e-04,7.0918205271e-03
1.100000,1.1141320031e-04,6.9948556864e-03
1.150000,1.1626028026e-04,8.2269886932e-03
1.200000,1.2030320626e-04,8.7385664746e-03
1.250000,1.2547475788e-04,8.9822307875e-03
1.300000,1.3087345764e-04,9.7821155661e-03
1.350000,1.3455461353e-04,1.0313096410e-02
1.400000,1.4080566084e-04,1.0947405352e-02
1.450000,1.4452129340e-04,1.1728364127e-02
1.500000,1.5030109110e-04,1.2704618926e-02
1.550000,1.5622659489e-04,1.3652611699e-02
1.600000,1.6100439978e-04,1.3764230737e-02
1.650000,1.6343745313e-04,1.4840330578e-02
1.700000,1.6967904288e-04,1.6463373902e-02
1.750000,1.7418454580e-04,1.6381681706e-02
1.800000,1.7949167315e-04,1.7526389286e-02
1.850000,1.8468513131e-04,1.8093550462e-02
1.900000,1.8890969919e-04,1.9018045276e-02
1.950000,1.9533588046e-04,1.9691473703e-02
2.000000,2.0095464225e-04,2.0964250560e-02
2.050000,2.0585345505e-04,2.1981888368e-02
2.100000,2.1002388190e-04,2.2433098193e-02
2.150000,2.1529980544e-04,2.3887588052e-02
2.200000,2.1883960843e-04,2.4774168878e-02
2.250000,2.2515338676e-04,2.6862943829e-02
2.300000,2.3112721128e-04,2.5956181863e-02
2.350000,2.3431434760e-04,2.8325865028e-02
2.400000,2.3885741623e-04,2.9168223082e-02
2.450000,2.4510267032e-04,3.0276268709e-02
2.500000,2.4989188302e-04,3.1154317595e-02
2.550000,2.5666606255e-04,3.1217312461e-02
2.600000,2.5806770882e-04,3.3129928167e-02
2.650000,2.6743548700e-04,3.3847949484e-02
2.700000,2.6969992546e-04,3.4279305944e-02
2.750000,2.7623676353e-04,3.5983024085e-02
2.800000,2.8166568136e-04,3.8288096361e-02
2.850000,2.8545797807e-04,3.9380430054e-02
2.900000,2.8877066434e-04,3.9389339066e-02
2.950000,2.9499075324e-04,4.0741082400e-02
3.000000,2.9935642514e-04,4.1081885783e-02
3.050000,3.0500085150e-04,4.2718913754e-02
3.100000,3.1103169662e-04,4.4968322237e-02
3.150000,3.1388164710e-04,4.5681667450e-02
3.200000,3.1918030442e-04,4.6211908101e-02
3.250000,3.2511639669e-04,5.0291645012e-02
3.300000,3.3056640321e-04,4.9343282300e-02
3.350000,3.3578488449e-04,5.2118088575e-02
3.400000,3.4135595079e-04,5.1300364432e-02
3.450000,3.4515526422e-04,5.4867376121e-02
3.500000,3.5075724029e-04,5.4954219096e-02
3.550000,3.5469055809e-04,5.6897293823e-02
3.600000,3.5976310660e-04,5.8140649611e-02
3.650000,3.6417902620e-04,5.7846813537e-02
3.700000,3.6892171429e-04,6.1453500319e-02
3.750000,3.7488457960e-04,6.2252035761e-02
3.800000,3.7853009983e-04,6.0450982139e-02
3.850000,3.8518195990e-04,6.2867799831e-02
3.900000,3.9025234390e-04,6.7332528488e-02
3.950000,3.9428166866e-04,6.7816227722e-02
4.000000,4.0037360772e-04,6.6195474963e-02
4.050000,4.0482880011e-04,6.9479976280e-02
4.100000,4.0989462590e-04,7.1604899703e-02
4.150000,4.1571451813e-04,7.4370589832e-02
4.200000,4.2067851642e-04,7.3498786749e-02
4.250000,4.2539269246e-04,7.5169806145e-02
4.300000,4.3248249854e-04,7.5688433707e-02
4.350000,4.3494927266e-04,7.8253785207e-02
4.400000,4.4036133327e-04,8.3069606165e-02
4.450000,4.4456831312e-04,8.1310173665e-02
4.500000,4.5046730645e-04,8.2656210135e-02
4.550000,4.5595757806e-04,8.4477192065e-02
4.600000,4.5991461783e-04,8.8411313935e-02
4.650000,4.6486254410e-04,8.9334822379e-02
4.700000,4.6961448900e-04,9.3564067682e-02
4.750000,4.7641519587e-04,9.1895038601e-02
4.800000,4.8033092780e-04,9.4020511916e-02
4.850000,4.8400697981e-04,9.3277640386e-02
4.900000,4.8906195565e-04,9.9584458955e-02
4.950000,4.9409374288e-04,9.5677586800e-02
5.000000,4.9938719755e-04,1.0227599977e-01
5.050000,5.0549866535e-04,1.0573523131e-01
5.100000,5.1015798174e-04,1.0533422558e-01
5.150000,5.1527431633e-04,1.0368187097e-01
5.200000,5.1981904697e-04,1.0963736754e-01
5.250000,5.2274323591e-04,1.0778276941e-01
5.300000,5.3139113434e-04,1.1253478546e-01
5.350000,5.3565722833e-04,1.1447305382e-01
5.400000,5.3885516583e-04,1.1248934498e-01
5.450000,5.4415592759e-04,1.1794305527e-01
5.500000,5.4993524106e-04,1.2114816817e-01
5.550000,5.5380910034e-04,1.2116082189e-01
5.600000,5.5844672606e-04,1.1712328727e-01
5.650000,5.6378673363e-04,1.2356831291e-01
5.700000,5.7049143944e-04,1.2213651506e-01
5.750000,5.7466856884e-04,1.2238755530e-01
5.800000,5.8129574016e-04,1.3068592670e-01
5.850000,5.8566748291e-04,1.3498800903e-01
5.900000,5.9023593029e-04,1.3211410804e-01
5.950000,5.9713602738e-04,1.3165721092e-01
6.000000,6.0056962891e-04,1.4244461616e-01
6.050000,6.0594159699e-04,1.4291392848e-01
6.100000,6.0935544582e-04,1.4310198133e-01
6.150000,6.1540194799e-04,1.4039959030e-01
6.200000,6.1926491099e-04,1.4443431456e-01
6.250000,6.2522222949e-04,1.4336602952e-01
6.300000,6.2992973169e-04,1.4834725460e-01
6.350000,6.3460216637e-04,1.5158074239e-01
6.400000,6.4032353316e-04,1.5135874970e-01
6.450000,6.4532402741e-04,1.5671359156e-01
6.500000,6.4973858512e-04,1.6076262796e-01
6.550000,6.5487193860e-04,1.5759735401e-01
6.600000,6.5877806813e-04,1.5857496662e-01
6.650000,6.6522426703e-04,1.6297211219e-01
6.700000,6.6794742591e-04,1.7083046860e-01
6.750000,6.7408291477e-04,1.6504032543e-01
6.800000,6.8052233685e-04,1.7580494586e-01
6.850000,6.8382734065e-04,1.7417782446e-01
6.900000,6.9007918906e-04,1.7059946286e-01
6.950000,6.9588239379e-04,1.7294002795e-01
7.000000,6.9914511018e-04,1.7401552988e-01
7.050000,7.0484790863e-04,1.8030630260e-01
7.100000,7.1121604234e-04,1.8197554165e-01
7.150000,7.1554974587e-04,1.9381923094e-01
7.200000,7.2139772275e-04,1.8739337838e-01
7.250000,7.2450408852e-04,1.8778316789e-01
7.300000,7.3079592911e-04,1.9281636441e-01
7.350000,7.3578222823e-04,2.0328294920e-01
7.400000,7.3968687367e-04,1.9971920435e-01
7.450000,7.4446473730e-04,2.0061317725e-01
7.500000,7.5037677265e-04,2.0620259276e-01
7.550000,7.5421817821e-04,2.0335773251e-01
7.600000,7.5917849513e-04,2.0230182543e-01
7.650000,7.6492700252e-04,2.0235420948e-01
7.700000,7.6977796216e-04,2.1491994457e-01
7.750000,7.7421905884e-04,2.1191336153e-01
7.800000,7.8032442827e-04,2.1836187879e-01
7.850000,7.8648135121e-04,2.2063792602e-01
7.900000,7.9026608402e-04,2.2169761229e-01
7.950000,7.9609162787e-04,2.2529965655e-01
8.000000,7.9867736010e-04,2.2169603194e-01
8.050000,8.0545308956e-04,2.3283030524e-01
8.100000,8.1003065009e-04,2.3913693523e-01
8.150000,8.1692684196e-04,2.2805615748e-01
8.200000,8.2073921286e-04,2.3362295194e-01
8.250000,8.2500977567e-04,2.3752065278e-01
8.300000,8.2986457302e-04,2.4132949320e-01
8.350000,8.3339105039e-04,2.4882164412e-01
8.400000,8.3890739898e-04,2.4198548250e-01
8.450000,8.4467808121e-04,2.5240253952e-01
8.500000,8.4946599166e-04,2.5818455805e-01
8.550000,8.5509098217e-04,2.5752489001e-01
8.600000,8.6063916146e-04,2.5601361273e-01
8.650000,8.6398247579e-04,2.5234096082e-01
8.700000,8.7067553062e-04,2.6537946261e-01
8.750000,8.7508487972e-04,2.7061340098e-01
8.800000,8.7962763323e-04,2.6133824337e-01
8.850000,8.8307109755e-04,2.6861691939e-01
8.900000,8.8952428504e-04,2.7802936186e-01
8.950000,8.9334703282e-04,2.7102183867e-01
9.000000,9.0215245481e-04,2.7323537164e-01
9.050000,9.0454396497e-04,2.7751124560e-01
9.100000,9.0979216966e-04,2.7333353678e-01
9.150000,9.1399124572e-04,2.8679384317e-01
9.200000,9.2147891377e-04,2.9428480508e-01
9.250000,9.2366555161e-04,2.8936207802e-01
9.300000,9.2872266941e-04,2.9272075091e-01
9.350000,9.3422121985e-04,2.9320974700e-01
9.400000,9.4155772759e-04,2.9138561667e-01
9.450000,9.4538186938e-04,3.0019291548e-01
9.500000,9.4965750717e-04,3.1551237859e-01
9.550000,9.5474454863e-04,3.0944826497e-01
9.600000,9.5995310590e-04,3.1403665890e-01
9.650000,9.6603812895e-04,3.0852486333e-01
9.700000,9.7158654397e-04,3.1869275656e-01
9.750000,9.7419513322e-04,3.3038130413e-01
9.800000,9.7936897978e-04,3.1824240045e-01
9.850000,9.8386438221e-04,3.2886453321e-01
9.900000,9.9148315153e-04,3.3542905126e-01
9.950000,9.9468072258e-04,3.2683908510e-01
10.000000,1.0011346873e-03,3.3921583890e-01
10.050000,1.0002928706e-03,3.1919653424e-01
10.100000,1.0018026801e-03,3.1951902951e-01
10.150000,9.9937531573e-04,3.2049647805e-01
10.200000,1.0006719205e-03,3.0947403271e-01
10.250000,9.9963064432e-04,3.1206873528e-01
10.300000,1.0009287876e-03,3.0489202255e-01
10.350000,1.0005935468e-03,3.0214454740e-01
10.400000,9.9995712825e-04,2.9347690147e-01
10.450000,9.9945089593e-04,2.9680852724e-01
10.500000,1.0002303058e-03,2.9472809528e-01
10.550000,9.9976409368e-04,2.9725733353e-01
10.600000,9.9974990988e-04,2.9385583347e-01
10.650000,1.0010818448e-03,2.9312994677e-01
10.700000,9.9974236086e-04,2.9030722549e-01
10.750000,9.9982035340e-04,2.9404115675e-01
10.800000,1.0005660144e-03,2.8746894235e-01
10.850000,9.9824802811e-04,2.7571646561e-01
10.900000,1.0006343805e-03,2.8657636856e-01
10.950000,9.9934162234e-04,2.7122820749e-01
11.000000,1.0001038251e-03,2.8169896897e-01
11.050000,9.9990566086e-04,2.7972273747e-01
11.100000,9.9848567583e-04,2.7350867623e-01
11.150000,1.0006748237e-03,2.8060916661e-01
11.200000,1.0012951249e-03,2.6892610468e-01
11.250000,9.9950992767e-04,2.7031104870e-01
11.300000,9.9876030832e-04,2.6978826681e-01
11.350000,9.9934938680e-04,2.6168228747e-01
11.400000,9.9858186062e-04,2.6701813282e-01
11.450000,1.0012312789e-03,2.6804457631e-01
11.500000,1.0008142745e-03,2.6445627618e-01
11.550000,9.9834194916e-04,2.6716375034e-01
11.600000,9.9787583007e-04,2.5798915811e-01
11.650000,9.9818076113e-04,2.6774954367e-01
11.700000,9.9908087770e-04,2.6320681021e-01
11.750000,9.9871007471e-04,2.5256379905e-01
11.800000,9.9938378624e-04,2.6082929822e-01
11.850000,1.0000487624e-03,2.5193733770e-01
11.900000,1.0007045353e-03,2.6055792834e-01
11.950000,9.9991445155e-04,2.5757991606e-01
12.000000,1.0001609428e-03,2.6735663898e-01
12.050000,9.9929013262e-04,2.5915487834e-01
12.100000,9.9990934902e-04,2.4852972835e-01
12.150000,1.0020271293e-03,2.4802014947e-01
12.200000,9.9974135792e-04,2.5068377871e-01
12.250000,1.0011089768e-03,2.5245622523e-01
12.300000,9.9952778321e-04,2.5314467044e-01
12.350000,9.9944153236e-04,2.5486868163e-01
12.400000,1.0008012439e-03,2.5761100412e-01
12.450000,9.9914529395e-04,2.5391827169e-01
12.500000,1.0007972604e-03,2.5199569883e-01
12.550000,9.9780620602e-04,2.5982559758e-01
12.600000,1.0014812668e-03,2.5532669306e-01
12.650000,9.9984962394e-04,2.4666577556e-01
12.700000,1.0010002835e-03,2.4760831037e-01
12.750000,9.9972224035e-04,2.5128520883e-01
12.800000,9.9863180144e-04,2.4853894069e-01
12.850000,1.0011000177e-03,2.5743218532e-01
12.900000,1.0000327674e-03,2.5360167830e-01
12.950000,1.0007311793e-03,2.5200161541e-01
13.000000,1.0020301559e-03,2.5048266510e-01
13.050000,1.0002658826e-03,2.5202278713e-01
13.100000,9.9988619499e-04,2.4410067879e-01
13.150000,1.0005795583e-03,2.4360883931e-01
13.200000,9.9989535628e-04,2.5104011492e-01
13.250000,1.0008636849e-03,2.5292037290e-01
13.300000,1.0012782859e-03,2.4434479045e-01
13.350000,9.9770642742e-04,2.4320743356e-01
13.400000,1.0018242717e-03,2.4593982392e-01
13.450000,1.0000388763e-03,2.4879448229e-01
13.500000,9.9928271143e-04,2.5554931125e-01
13.550000,9.9809938208e-04,2.4262597495e-01
13.600000,1.0000162386e-03,2.4762789102e-01
13.650000,1.0001702454e-03,2.4373821882e-01
13.700000,1.0005644265e-03,2.5691971050e-01
13.750000,9.9942207973e-04,2.3806735095e-01
13.800000,1.0008261140e-03,2.4279052386e-01
13.850000,9.9963999469e-04,2.4628542487e-01
13.900000,1.0010697024e-03,2.4978333952e-01
13.950000,9.9944388180e-04,2.4559075605e-01
14.000000,9.9872332561e-04,2.4870251781e-01
14.050000,9.9950477384e-04,2.4456926942e-01
14.100000,1.0024281023e-03,2.4177572316e-01
14.150000,9.9894298437e-04,2.3907851048e-01
14.200000,1.0021841871e-03,2.5092162404e-01
14.250000,1.0006171664e-03,2.4293190446e-01
14.300000,1.0005044387e-03,2.4212630919e-01
14.350000,1.0006431150e-03,2.4856393713e-01
14.400000,1.0001861828e-03,2.4795639331e-01
14.450000,9.9917383405e-04,2.4864078664e-01
14.500000,1.0001270365e-03,2.4219574403e-01
14.550000,1.0009953033e-03,2.4879001171e-01
14.600000,1.0004754894e-03,2.5204258275e-01
14.650000,9.9985694410e-04,2.5482136329e-01
14.700000,1.0006735579e-03,2.4396563262e-01
14.750000,9.9974034628e-04,2.4325756818e-01
14.800000,9.9953833804e-04,2.4613701208e-01
14.850000,9.9948735483e-04,2.4382838368e-01
14.900000,1.0003412860e-03,2.5127659403e-01
14.950000,9.9948941250e-04,2.4765274825e-01
15.000000,9.9935533497e-04,2.4561934763e-01
15.050000,9.9980684894e-04,2.4719817708e-01
15.100000,9.9927893550e-04,2.5176370084e-01
15.150000,1.0008753089e-03,2.4216987700e-01
15.200000,9.9965814044e-04,2.3906818413e-01
15.250000,1.0015924928e-03,2.4249159600e-01
15.300000,1.0008120801e-03,2.4856818543e-01
15.350000,9.9978298835e-04,2.4245780439e-01
15.400000,1.0000608245e-03,2.4124779066e-01
15.450000,9.9993015783e-04,2.3764209047e-01
15.500000,9.9897259934e-04,2.4583994809e-01
15.550000,1.0016485829e-03,2.5329013720e-01
15.600000,1.0002751936e-03,2.4005444887e-01
15.650000,1.0010365095e-03,2.5079272797e-01
15.700000,9.9936437324e-04,2.5050335027e-01
15.750000,9.9972478484e-04,2.5182694975e-01
15.800000,9.9965852382e-04,2.4456930535e-01
15.850000,9.9975726513e-04,2.4217959607e-01
15.900000,9.9800798698e-04,2.4252012308e-01
15.950000,1.0019454343e-03,2.3989050717e-01
16.000000,9.9974479692e-04,2.4731613898e-01
16.050000,1.0003640862e-03,2.4439741781e-01
16.100000,9.9913454075e-04,2.4479846266e-01
16.150000,9.9949949682e-04,2.5410254080e-01
16.200000,9.9990975578e-04,2.4239826047e-01
16.250000,1.0016359788e-03,2.4514653173e-01
16.300000,9.9969008261e-04,2.5034547143e-01
16.350000,9.9868044461e-04,2.4323843290e-01
16.400000,1.0022442003e-03,2.4427116623e-01
16.450000,9.9952425231e-04,2.4436451757e-01
16.500000,1.0011493146e-03,2.4527263492e-01
16.550000,9.9971615516e-04,2.4558547659e-01
16.600000,9.9957927704e-04,2.4040984669e-01
16.650000,9.9874295918e-04,2.4610278702e-01
16.700000,1.0002272278e-03,2.5210397551e-01
16.750000,1.0001828088e-03,2.4238524369e-01
16.800000,1.0009611404e-03,2.3917066228e-01
16.850000,9.9958256982e-04,2.4524076179e-01
16.900000,1.0013831478e-03,2.4300958868e-01
16.950000,9.9961400097e-04,2.4166283297e-01
17.000000,1.0002149745e-03,2.4743145026e-01
17.050000,1.0003462127e-03,2.5490445512e-01
17.100000,9.9931249434e-04,2.5478195552e-01
17.150000,1.0018248285e-03,2.4402881977e-01
17.200000,1.0000693786e-03,2.4496732639e-01
17.250000,9.9890860732e-04,2.4901739537e-01
17.300000,9.9812362095e-04,2.4289467314e-01
17.350000,9.9827190459e-04,2.4774293328e-01
17.400000,9.9959850862e-04,2.4472411759e-01
17.450000,9.9944402768e-04,2.4334069577e-01
17.500000,9.9980854352e-04,2.4977193700e-01
17.550000,9.9893769568e-04,2.4769315615e-01
17.600000,1.0002756411e-03,2.4488244993e-01
17.650000,1.0018890999e-03,2.4410930139e-01
17.700000,9.9831839286e-04,2.4460123004e-01
17.750000,9.9881796041e-04,2.3893037906e-01
17.800000,9.9967451727e-04,2.4162441467e-01
17.850000,9.9993956446e-04,2.4570385498e-01
17.900000,1.0012026792e-03,2.4801210591e-01
17.950000,1.0003082930e-03,2.5110517879e-01
18.000000,9.9995185319e-04,2.4627562328e-01
18.050000,9.9967809604e-04,2.5064067091e-01
18.100000,9.9861376835e-04,2.4392151351e-01
18.150000,1.0011207671e-03,2.5280064703e-01
18.200000,9.9969568639e-04,2.4745921537e-01
18.250000,9.9935753138e-04,2.4060061839e-01
18.300000,1.0003918443e-03,2.4085787930e-01
18.350000,9.9830495177e-04,2.4342586715e-01
18.400000,9.9986049840e-04,2.5055953591e-01
18.450000,1.0004330523e-03,2.3980045905e-01
18.500000,9.9989274405e-04,2.4412289278e-01
18.550000,9.9978678254e-04,2.5021947873e-01
18.600000,9.9863718029e-04,2.3789626658e-01
18.650000,9.9774569620e-04,2.3126412458e-01
18.700000,9.9966034292e-04,2.5173762120e-01
18.750000,9.9883369113e-04,2.5401686635e-01
18.800000,9.9996646940e-04,2.5095201256e-01
18.850000,1.0006924911e-03,2.4381172428e-01
18.900000,9.9854502741e-04,2.4482525942e-01
18.950000,9.9933437025e-04,2.5731066463e-01
19.000000,9.9783669706e-04,2.3940396228e-01
19.050000,9.9910341090e-04,2.4994389150e-01
19.100000,1.0001464896e-03,2.4654801624e-01
19.150000,9.9852662485e-04,2.3917668354e-01
19.200000,9.9905779029e-04,2.5377542655e-01
19.250000,9.9895948048e-04,2.4737743470e-01
19.300000,9.9989107880e-04,2.4833550883e-01
19.350000,9.9966990323e-04,2.4059753255e-01
19.400000,9.9795555275e-04,2.4606193554e-01
19.450000,1.0001567084e-03,2.4827921809e-01
19.500000,9.9844864734e-04,2.5030476001e-01
19.550000,9.9983622586e-04,2.4529668731e-01
19.600000,1.0002246777e-03,2.4264568079e-01
19.650000,9.9879482493e-04,2.4198831020e-01
19.700000,1.0003185816e-03,2.4863953586e-01
19.750000,9.9917846926e-04,2.3671756238e-01
19.800000,9.9947713878e-04,2.4505862846e-01
19.850000,1.0007620314e-03,2.4950460196e-01
19.900000,1.0000676687e-03,2.4814004438e-01
19.950000,9.9955634374e-04,2.4956471130e-01
20.000000,1.0006996174e-03,2.5342629246e-01
20.050000,9.9965374818e-04,2.3925776395e-01
20.100000,9.9995245188e-04,2.4935241194e-01
20.150000,9.9970455749e-04,2.4292539545e-01
20.200000,9.9885715422e-04,2.4264980542e-01
20.250000,9.9966124540e-04,2.4449684368e-01
20.300000,9.9892313393e-04,2.5473786057e-01
20.350000,9.9936135507e-04,2.5512005579e-01
20.400000,1.0002860097e-03,2.4583887558e-01
20.450000,1.0003851834e-03,2.4887228054e-01
20.500000,1.0012876329e-03,2.3838561981e-01
20.550000,1.0010777123e-03,2.5405847773e-01
20.600000,9.9918081305e-04,2.3986627160e-01
20.650000,9.9867146097e-04,2.4505980090e-01
20.700000,1.0004131544e-03,2.4849527050e-01
20.750000,9.9936326618e-04,2.4125956198e-01
20.800000,1.0008912589e-03,2.4231507429e-01
20.850000,9.9840811796e-04,2.4890144033e-01
20.900000,9.9866976258e-04,2.5425259948e-01
20.950000,9.9962325610e-04,2.4386869625e-01
21.000000,9.9967176223e-04,2.4072945738e-01
21.050000,1.0014994492e-03,2.4675679517e-01
21.100000,9.9869165115e-04,2.4245010217e-01
21.150000,9.9867950242e-04,2.4845683514e-01
21.200000,9.9995636882e-04,2.4030387760e-01
21.250000,9.9929546661e-04,2.4030615454e-01
21.300000,9.9867940112e-04,2.4590642028e-01
21.350000,9.9953071970e-04,2.5119653377e-01
21.400000,9.9946301604e-04,2.4547497945e-01
21.450000,9.9957458347e-04,2.5142488878e-01
21.500000,9.9931059809e-04,2.4839583213e-01
21.550000,9.9968952627e-04,2.4797416801e-01
21.600000,9.9820034645e-04,2.3989086499e-01
21.650000,1.0005340108e-03,2.4037735816e-01
21.700000,1.0013633733e-03,2.4549864295e-01
21.750000,1.0006879121e-03,2.4521533676e-01
21.800000,9.9951388956e-04,2.5199960004e-01
21.850000,9.9955844274e-04,2.4349268981e-01
21.900000,1.0004965263e-03,2.4167753744e-01
21.950000,1.0008262141e-03,2.4787667481e-01
22.000000,9.9965424791e-04,2.3397408994e-01
22.050000,9.9822582451e-04,2.4697193799e-01
22.100000,1.0002061364e-03,2.3604066116e-01
22.150000,9.9948481389e-04,2.3911062744e-01
22.200000,9.9923775189e-04,2.4878638577e-01
22.250000,1.0029696464e-03,2.4897060766e-01
22.300000,9.9870818510e-04,2.4733221788e-01
22.350000,1.0005160979e-03,2.4570610174e-01
22.400000,9.9977178442e-04,2.5030570187e-01
22.450000,9.9994199895e-04,2.4843761286e-01
22.500000,1.0003466964e-03,2.4375394793e-01
22.550000,9.9912966462e-04,2.4487714115e-01
22.600000,1.0015530390e-03,2.5135665646e-01
22.650000,9.9935182540e-04,2.4679606083e-01
22.700000,9.9993389233e-04,2.4217333153e-01
22.750000,1.0002314534e-03,2.4204670122e-01
22.800000,9.9841632278e-04,2.4711822211e-01
22.850000,1.0003526186e-03,2.3350369770e-01
22.900000,9.9910257591e-04,2.4022061454e-01
22.950000,1.0006966481e-03,2.4177824763e-01
23.000000,1.0004879998e-03,2.4437677206e-01
23.050000,1.0007060035e-03,2.4155657681e-01
23.100000,1.0011673694e-03,2.4831720380e-01
23.150000,1.0002523602e-03,2.4792318470e-01
23.200000,1.0005087633e-03,2.4665067563e-01
23.250000,1.0013109662e-03,2.4692191655e-01
23.300000,9.9889114011e-04,2.4885866769e-01
23.350000,9.9906606824e-04,2.4389704439e-01
23.400000,9.9834676753e-04,2.4791293122e-01
23.450000,9.9859214216e-04,2.3970013471e-01
23.500000,1.0000775092e-03,2.4516178499e-01
23.550000,9.9851303501e-04,2.3991664392e-01
23.600000,1.0017327538e-03,2.3928536105e-01
23.650000,1.0013857818e-03,2.4640107926e-01
23.700000,9.9940262099e-04,2.4400204784e-01
23.750000,9.9966579968e-04,2.5565838618e-01
23.800000,9.9885413409e-04,2.4069483084e-01
23.850000,1.0007821442e-03,2.4958172692e-01
23.900000,1.0010106310e-03,2.3436674854e-01
23.950000,9.9940455252e-04,2.3843555022e-01
24.000000,9.9963339951e-04,2.4759166803e-01
24.050000,1.0007212752e-03,2.4758881130e-01
24.100000,9.9905653530e-04,2.4366291730e-01
24.150000,9.9870790640e-04,2.4911317431e-01
24.200000,1.0000752951e-03,2.4679516165e-01
24.250000,1.0002950233e-03,2.4015500178e-01
24.300000,9.9770730558e-04,2.4359650937e-01
24.350000,9.9971070515e-04,2.4336178746e-01
24.400000,1.0014511857e-03,2.4095625450e-01
24.450000,9.9810746278e-04,2.3971903655e-01
24.500000,1.0008323551e-03,2.4582846617e-01
24.550000,1.0009913713e-03,2.4394853081e-01
24.600000,9.9915401573e-04,2.5425003106e-01
24.650000,9.9842112217e-04,2.5011773544e-01
24.700000,1.0010645633e-03,2.3943086066e-01
24.750000,9.9957980307e-04,2.4401232913e-01
24.800000,9.9962549056e-04,2.4530466893e-01
24.850000,9.9961180103e-04,2.4339245302e-01
24.900000,9.9903996329e-04,2.2765347400e-01
24.950000,9.9927296683e-04,2.4145428833e-01
25.000000,9.9913118507e-04,2.3687035215e-01
25.050000,1.0007367202e-03,2.4874030498e-01
25.100000,9.9882200708e-04,2.5049691389e-01
25.150000,9.9974613956e-04,2.4158953198e-01
25.200000,1.0013901671e-03,2.4173558175e-01
25.250000,1.0029826929e-03,2.4347351067e-01
25.300000,9.9974250068e-04,2.5076086162e-01
25.350000,1.0004946141e-03,2.4484239883e-01
25.400000,1.0007439457e-03,2.4813439171e-01
25.450000,1.0006097153e-03,2.4630055059e-01
25.500000,9.9813177132e-04,2.4077027108e-01
25.550000,1.0010146728e-03,2.4101755476e-01
25.600000,1.0011368687e-03,2.4120141029e-01
25.650000,1.0000787216e-03,2.4702793378e-01
25.700000,9.9942645721e-04,2.4460388817e-01
25.750000,9.9823412866e-04,2.4100735632e-01
25.800000,1.0011279163e-03,2.4888731971e-01
25.850000,1.0014792108e-03,2.4259768009e-01
25.900000,9.9883972398e-04,2.5384363250e-01
25.950000,9.9983460384e-04,2.3890730201e-01
26.000000,1.0004190103e-03,2.4602706167e-01
26.050000,1.0001357992e-03,2.5160659764e-01
26.100000,1.0004944329e-03,2.5284993198e-01
26.150000,1.0000912901e-03,2.5187549036e-01
26.200000,9.9967555543e-04,2.5193547723e-01
26.250000,1.0005012461e-03,2.4518566878e-01
26.300000,9.9971125960e-04,2.4400343943e-01
26.350000,9.9959832215e-04,2.4653935356e-01
26.400000,9.9932373110e-04,2.4407612991e-01
26.450000,9.9872813679e-04,2.4163476676e-01
26.500000,9.9989804934e-04,2.4427537571e-01
26.550000,1.0005030811e-03,2.4196382131e-01
26.600000,9.9920890822e-04,2.4817945521e-01
26.650000,9.9895631807e-04,2.5089294867e-01
26.700000,9.9990200477e-04,2.4335930780e-01
26.750000,9.9904018106e-04,2.3558519087e-01
26.800000,1.0003753023e-03,2.4529369220e-01
26.850000,1.0000390063e-03,2.4677859930e-01
26.900000,9.9950605056e-04,2.3911749695e-01
26.950000,9.9844286980e-04,2.5205190299e-01
27.000000,9.9939657983e-04,2.4300806869e-01
27.050000,1.0002441865e-03,2.4489502614e-01
27.100000,1.0005590714e-03,2.4337943569e-01
27.150000,1.0003197890e-03,2.3509135154e-01
27.200000,9.9995062871e-04,2.3570364485e-01
27.250000,9.9839568443e-04,2.3584675881e-01
27.300000,1.0000186202e-03,2.4755687520e-01
27.350000,9.9894989956e-04,2.4285337039e-01
27.400000,9.9921033412e-04,2.5380122336e-01
27.450000,9.9954278376e-04,2.4237509969e-01
27.500000,9.9885136155e-04,2.4957561578e-01
27.550000,9.9835074036e-04,2.5134045925e-01
27.600000,9.9967650891e-04,2.4470397899e-01
27.650000,1.0006457081e-03,2.4173261504e-01
27.700000,1.0013634150e-03,2.4323514479e-01
27.750000,9.9931578855e-04,2.4694310726e-01
27.800000,1.0011986629e-03,2.3827532947e-01
27.850000,1.0000682912e-03,2.4203457296e-01
27.900000,1.0011493135e-03,2.5055171785e-01
27.950000,1.0012343821e-03,2.4614059657e-01
28.000000,9.9977744999e-04,2.3926087200e-01
28.050000,9.9975486291e-04,2.4808280060e-01
28.100000,9.9826673696e-04,2.4233587754e-01
28.150000,9.9911048432e-04,2.4668066254e-01
28.200000,1.0006791135e-03,2.3985031846e-01
28.250000,1.0000966135e-03,2.4269141812e-01
28.300000,9.9978272177e-04,2.3867380072e-01
28.350000,1.0004276677e-03,2.4522111165e-01
28.400000,9.9993163445e-04,2.4571649712e-01
28.450000,1.0009041119e-03,2.5594496864e-01
28.500000,9.9866755795e-04,2.3479831531e-01
28.550000,9.9887217982e-04,2.3622860579e-01
28.600000,1.0016069634e-03,2.3883348901e-01
28.650000,1.0002310614e-03,2.4661533103e-01
28.700000,9.9903242111e-04,2.4638657328e-01
28.750000,9.9873267389e-04,2.4909455239e-01
28.800000,1.0001497712e-03,2.4603356795e-01
28.850000,1.0011602882e-03,2.4553973284e-01
28.900000,1.0004031525e-03,2.4215970267e-01
28.950000,9.9918212798e-04,2.4370107041e-01
29.000000,9.9973958785e-04,2.4671616629e-01
29.050000,9.9812703393e-04,2.4818946459e-01
29.100000,1.0003105919e-03,2.5046601851e-01
29.150000,9.9841082320e-04,2.5140842889e-01
29.200000,1.0011396774e-03,2.4812850277e-01
29.250000,1.0000222855e-03,2.4763565921e-01
29.300000,9.9970441478e-04,2.4823973524e-01
29.350000,1.0015726118e-03,2.4571674098e-01
29.400000,9.9978202033e-04,2.4397720945e-01
29.450000,1.0009359457e-03,2.5036409635e-01
29.500000,9.9993569874e-04,2.4144307892e-01
29.550000,1.0012450914e-03,2.4658436403e-01
29.600000,9.9895441100e-04,2.4336950774e-01
29.650000,1.0012178086e-03,2.4198643768e-01
29.700000,9.9972134061e-04,2.5731582293e-01
29.750000,9.9910526778e-04,2.5378870413e-01
29.800000,1.0013031629e-03,2.4720747966e-01
29.850000,1.0001811360e-03,2.4425208683e-01
29.900000,1.0021468404e-03,2.4374451798e-01
29.950000,1.0008542364e-03,2.4057391539e-01
30.000000,9.9983173055e-04,2.3608101448e-01
30.050000,1.0004469872e-03,2.4974165862e-01
30.100000,9.9979148938e-04,2.4791604933e-01
30.150000,9.9955357035e-04,2.4754528610e-01
30.200000,9.9839432255e-04,2.5082439165e-01
30.250000,1.0005111744e-03,2.3336804822e-01
30.300000,9.9890140538e-04,2.4206401506e-01
30.350000,1.0000618779e-03,2.3990746785e-01
30.400000,1.0005878677e-03,2.4626152360e-01
30.450000,9.9839747423e-04,2.5546035029e-01
30.500000,1.0003338706e-03,2.4664961946e-01
30.550000,9.9961381973e-04,2.5408295899e-01
30.600000,1.0000592859e-03,2.4570574399e-01
30.650000,1.0006312349e-03,2.4987976876e-01
30.700000,1.0002756518e-03,2.4849291385e-01
30.750000,1.0004158000e-03,2.4777146647e-01
30.800000,1.0021852672e-03,2.4656102445e-01
30.850000,9.9937467565e-04,2.4175166525e-01
30.900000,1.0002645445e-03,2.4625807414e-01
30.950000,9.9918572688e-04,2.5151139774e-01
31.000000,9.9852996640e-04,2.4449878364e-01
31.050000,9.9901128203e-04,2.4691141891e-01
31.100000,1.0002979795e-03,2.3927604713e-01
31.150000,1.0011749348e-03,2.4540082829e-01
31.200000,1.0007492293e-03,2.4841511646e-01
31.250000,1.0018906931e-03,2.4772695816e-01
31.300000,9.9817775115e-04,2.5049960817e-01
31.350000,1.0001403782e-03,2.4990919944e-01
31.400000,9.9864988632e-04,2.4497091740e-01
31.450000,1.0006541199e-03,2.5078013275e-01
31.500000,1.0000005246e-03,2.4447656178e-01
31.550000,9.9941673352e-04,2.4488480104e-01
31.600000,1.0004281383e-03,2.4453674365e-01
31.650000,9.9867118082e-04,2.4625031687e-01
31.700000,1.0019927078e-03,2.4893484346e-01
31.750000,9.9996604148e-04,2.3964579699e-01
31.800000,9.9952786734e-04,2.4567732032e-01
31.850000,1.0014286098e-03,2.4270853693e-01
31.900000,1.0017866170e-03,2.5548216392e-01
31.950000,1.0005396371e-03,2.4601664685e-01
32.000000,1.0003531738e-03,2.4592322125e-01
32.050000,1.0009175199e-03,2.4744701206e-01
32.100000,1.0011486839e-03,2.4409646779e-01
32.150000,1.0010773262e-03,2.4445620564e-01
32.200000,9.9933822386e-04,2.4740012672e-01
32.250000,1.0006228520e-03,2.4985807107e-01
32.300000,9.9857066111e-04,2.4458715400e-01
32.350000,9.9909459399e-04,2.4164277513e-01
32.400000,1.0001078859e-03,2.4405821714e-01
32.450000,9.9946931455e-04,2.3927947119e-01
32.500000,9.9968221456e-04,2.4949774840e-01
32.550000,9.9863581105e-04,2.4617787233e-01
32.600000,9.9987594307e-04,2.4290140746e-01
32.650000,9.9998281073e-04,2.4331233008e-01
32.700000,9.9866515730e-04,2.4814657260e-01
32.750000,9.9944144418e-04,2.4847309362e-01
32.800000,9.9839520122e-04,2.4814440107e-01
32.850000,1.0007508248e-03,2.4646082306e-01
32.900000,9.9999722547e-04,2.3493410954e-01
32.950000,1.0004486225e-03,2.3848417631e-01
33.000000,9.9986305243e-04,2.4737281414e-01
33.050000,9.9998956224e-04,2.4238515197e-01
33.100000,9.9939589524e-04,2.4258264308e-01
33.150000,9.9881442732e-04,2.4812795324e-01
33.200000,1.0024820866e-03,2.3621942623e-01
33.250000,1.0004106952e-03,2.4173943263e-01
33.300000,9.9994994500e-04,2.5497284876e-01
33.350000,9.9903125948e-04,2.3936815539e-01
33.400000,9.9896879456e-04,2.3884622405e-01
33.450000,1.0004111072e-03,2.4428799876e-01
33.500000,9.9956732066e-04,2.5290191435e-01
33.550000,1.0004173178e-03,2.3784912913e-01
33.600000,1.0021894172e-03,2.4728930839e-01
33.650000,9.9880135550e-04,2.4617820180e-01
33.700000,1.0000499890e-03,2.4843399198e-01
33.750000,1.0001218641e-03,2.4631408059e-01
33.800000,1.0003795535e-03,2.4215513589e-01
33.850000,1.0012234049e-03,2.4164251767e-01
33.900000,9.9971626527e-04,2.4183149557e-01
33.950000,9.9942590554e-04,2.4412929188e-01
34.000000,9.9922617103e-04,2.5090833225e-01
34.050000,1.0008653129e-03,2.4274630373e-01
34.100000,9.9920684470e-04,2.5430779972e-01
34.150000,1.0003440160e-03,2.5231476300e-01
34.200000,1.0008134578e-03,2.4454838713e-01
34.250000,9.9976033283e-04,2.4384621669e-01
34.300000,1.0015829744e-03,2.4580669616e-01
34.350000,9.9934632037e-04,2.3965786823e-01
34.400000,9.9975476726e-04,2.4156485628e-01
34.450000,1.0001376299e-03,2.4756050647e-01
34.500000,1.0019817198e-03,2.4837936377e-01
34.550000,1.0004133945e-03,2.4621277920e-01
34.600000,9.9984102145e-04,2.5065592545e-01
34.650000,9.9990843416e-04,2.3810852184e-01
34.700000,9.9935231383e-04,2.4448323885e-01
34.750000,9.9962471296e-04,2.4238361500e-01
34.800000,1.0001402887e-03,2.4384868372e-01
34.850000,9.9929276003e-04,2.4374482510e-01
34.900000,9.9998578268e-04,2.4107083531e-01
34.950000,1.0001998997e-03,2.4889141228e-01
35.000000,1.0012036847e-03,2.4485434098e-01
35.050000,1.0000664904e-03,2.3782486012e-01
35.100000,9.9968188964e-04,2.4141417638e-01
35.150000,1.0004669236e-03,2.4855921147e-01
35.200000,1.0008485737e-03,2.4623601388e-01
35.250000,9.9793721991e-04,2.5641947327e-01
35.300000,1.0003901936e-03,2.4037961760e-01
35.350000,9.9886008279e-04,2.4721521277e-01
35.400000,9.9979597873e-04,2.4621599382e-01
35.450000,9.9928862972e-04,2.4864024826e-01
35.500000,1.0005933701e-03,2.4766038058e-01
35.550000,9.9952534870e-04,2.3941137793e-01
35.600000,1.0005626133e-03,2.4041350941e-01
35.650000,9.9863989738e-04,2.4626979840e-01
35.700000,1.0002093363e-03,2.4196198004e-01
35.750000,9.9812318793e-04,2.4180851889e-01
35.800000,9.9974664191e-04,2.4469925449e-01
35.850000,9.9997492877e-04,2.3955215680e-01
35.900000,9.9902293886e-04,2.5148515995e-01
35.950000,1.0004383657e-03,2.5230302747e-01
36.000000,1.0011200239e-03,2.3921268710e-01
36.050000,1.0005647984e-03,2.4540144094e-01
36.100000,1.0010611197e-03,2.4611311229e-01
36.150000,1.0011603236e-03,2.4471516718e-01
36.200000,9.9865059646e-04,2.4391259582e-01
36.250000,1.0009341996e-03,2.5186750854e-01
36.300000,1.0001342657e-03,2.3585739438e-01
36.350000,1.0017109041e-03,2.4352035300e-01
36.400000,1.0015211642e-03,2.4842072146e-01
36.450000,1.0005467461e-03,2.3639353728e-01
36.500000,9.9758967934e-04,2.5801178179e-01
36.550000,9.9904274533e-04,2.4800605670e-01
36.600000,9.9872046800e-04,2.4436150949e-01
36.650000,9.9909990183e-04,2.4718326151e-01
36.700000,9.9927227580e-04,2.3960771235e-01
36.750000,9.9925095843e-04,2.5012519835e-01
36.800000,1.0013947711e-03,2.4690036527e-01
36.850000,9.9879532775e-04,2.4687286599e-01
36.900000,9.9880406339e-04,2.5959642919e-01
36.950000,9.9948794311e-04,2.4045126478e-01
37.000000,9.9916999540e-04,2.5180842431e-01
37.050000,1.0004059236e-03,2.4122100992e-01
37.100000,1.0007662213e-03,2.5237525355e-01
37.150000,9.9950219304e-04,2.3820744872e-01
37.200000,9.9936959661e-04,2.4112687495e-01
37.250000,1.0004587846e-03,2.4488063280e-01
37.300000,1.0006766289e-03,2.4134725499e-01
37.350000,9.9971808029e-04,2.4951185523e-01
37.400000,1.0016091579e-03,2.5612687194e-01
37.450000,1.0008018588e-03,2.4159892954e-01
37.500000,1.0006356306e-03,2.4030793847e-01
37.550000,1.0017842017e-03,2.4798660876e-01
37.600000,1.0036807247e-03,2.4030382288e-01
37.650000,1.0007056002e-03,2.5357556230e-01
37.700000,9.9723469225e-04,2.4644286002e-01
37.750000,9.9918346930e-04,2.5436258186e-01
37.800000,1.0003817899e-03,2.5781957154e-01
37.850000,9.9961025431e-04,2.4573459268e-01
37.900000,9.9928271517e-04,2.4500890553e-01
37.950000,1.0017120750e-03,2.4852118868e-01
38.000000,1.0009195516e-03,2.5571504544e-01
38.050000,1.0012758553e-03,2.4025258768e-01
38.100000,1.0005488892e-03,2.4182198302e-01
38.150000,1.0010103538e-03,2.4749279225e-01
38.200000,9.9845776333e-04,2.3956409270e-01
38.250000,9.9943570158e-04,2.4345198752e-01
38.300000,9.9999840155e-04,2.5315729722e-01
38.350000,1.0004078110e-03,2.3578398911e-01
38.400000,9.9950815554e-04,2.4238679245e-01
38.450000,9.9950161584e-04,2.4813467930e-01
38.500000,9.9980196903e-04,2.4345722006e-01
38.550000,9.9839114707e-04,2.3862613668e-01
38.600000,1.0013200339e-03,2.3705641985e-01
38.650000,1.0006432544e-03,2.4436372139e-01
38.700000,9.9993440752e-04,2.5040422312e-01
38.750000,1.0013082782e-03,2.3680005762e-01
38.800000,9.9963897350e-04,2.4714412520e-01
38.850000,1.0002800500e-03,2.4880149821e-01
38.900000,1.0009895341e-03,2.4474564560e-01
38.950000,1.0005203712e-03,2.3911219630e-01
39.000000,9.9987449413e-04,2.4821428659e-01
39.050000,1.0006934300e-03,2.4800779721e-01
39.100000,1.0009514796e-03,2.4342386565e-01
39.150000,1.0016295406e-03,2.4796585766e-01
39.200000,9.9992381149e-04,2.4346605492e-01
39.250000,1.0006870630e-03,2.4376519391e-01
39.300000,9.9938291703e-04,2.4347386072e-01
39.350000,9.9918075055e-04,2.4408585608e-01
39.400000,1.0005783393e-03,2.4491791912e-01
39.450000,1.0006563815e-03,2.5548130328e-01
39.500000,9.9979720457e-04,2.4307509472e-01
39.550000,9.9947997686e-04,2.4874052815e-01
39.600000,1.0006223700e-03,2.5659703227e-01
39.650000,1.0006416476e-03,2.4158286024e-01
39.700000,9.9846585694e-04,2.5371462367e-01
39.750000,1.0000753225e-03,2.5074806689e-01
39.800000,9.9820433547e-04,2.4255612899e-01
39.850000,1.0003704224e-03,2.4043608450e-01
39.900000,9.9903132114e-04,2.4603220508e-01
39.950000,9.9968590193e-04,2.4980434043e-01
40.000000,1.0013185732e-03,2.4722259218e-01
40.050000,1.0017004400e-03,2.4008892367e-01
40.100000,9.9944991063e-04,2.4418928923e-01
40.150000,9.9972517129e-04,2.4802779496e-01
40.200000,9.9910203765e-04,2.4040987057e-01
40.250000,9.9865136458e-04,2.3838758148e-01
40.300000,1.0007771458e-03,2.4261875191e-01
40.350000,1.0000068932e-03,2.3844694259e-01
40.400000,9.9885165090e-04,2.5313542129e-01
40.450000,1.0009377957e-03,2.3994761811e-01
40.500000,1.0001922396e-03,2.4983053879e-01
40.550000,1.0007980841e-03,2.4214126283e-01
40.600000,9.9981744530e-04,2.4782308090e-01
40.650000,1.0016867457e-03,2.4330918495e-01
40.700000,9.9853451896e-04,2.4194764595e-01
40.750000,9.9855550084e-04,2.5140308184e-01
40.800000,1.0003237973e-03,2.4550100341e-01
40.850000,1.0007537156e-03,2.4068344713e-01
40.900000,9.9930038402e-04,2.4293047908e-01
40.950000,1.0004128759e-03,2.4733141367e-01
41.000000,1.0008476709e-03,2.4427035764e-01
41.050000,9.9932187734e-04,2.4774863627e-01
41.100000,9.9942737542e-04,2.4972743111e-01
41.150000,1.0015180773e-03,2.3917242241e-01
41.200000,1.0007831415e-03,2.4770037231e-01
41.250000,1.0014487580e-03,2.4941456974e-01
41.300000,1.0006012705e-03,2.4405194957e-01
41.350000,9.9872014613e-04,2.4342768452e-01
41.400000,9.9996029793e-04,2.4516675222e-01
41.450000,1.0006908127e-03,2.5093567808e-01
41.500000,1.0008126974e-03,2.4498928616e-01
41.550000,1.0000165788e-03,2.4595866028e-01
41.600000,9.9838309748e-04,2.4141034113e-01
41.650000,9.9941162787e-04,2.4557695172e-01
41.700000,1.0002429364e-03,2.4292489021e-01
41.750000,1.0000392368e-03,2.4351517821e-01
41.800000,9.9949167791e-04,2.4399496880e-01
41.850000,1.0000029857e-03,2.4664772711e-01
41.900000,9.9971347848e-04,2.4524327784e-01
41.950000,9.9920949072e-04,2.4478445321e-01
42.000000,9.9949755596e-04,2.4921837523e-01
42.050000,9.9847364493e-04,2.4644145737e-01
42.100000,9.9934841841e-04,2.4219945131e-01
42.150000,1.0009802000e-03,2.3856827283e-01
42.200000,9.9937694465e-04,2.5512470483e-01
42.250000,9.9960220978e-04,2.4726426094e-01
42.300000,9.9918867681e-04,2.3634774145e-01
42.350000,9.9880365199e-04,2.3865953543e-01
42.400000,1.0002792794e-03,2.4638471651e-01
42.450000,9.9886663441e-04,2.4636875583e-01
42.500000,9.9983080835e-04,2.5046454338e-01
42.550000,9.9942336490e-04,2.3725314194e-01
42.600000,9.9984228896e-04,2.3984135352e-01
42.650000,1.0003416549e-03,2.3983723355e-01
42.700000,9.9906584431e-04,2.4271704112e-01
42.750000,9.9918815278e-04,2.4480535746e-01
42.800000,9.9891212579e-04,2.4678675535e-01
42.850000,9.9931546728e-04,2.4522897764e-01
42.900000,9.9836087657e-04,2.4421435085e-01
42.950000,9.9856766764e-04,2.3606573512e-01
43.000000,9.9902622715e-04,2.4801130815e-01
43.050000,9.9904131830e-04,2.4669941670e-01
43.100000,1.0003393159e-03,2.4410316281e-01
43.150000,1.0013737063e-03,2.4212795115e-01
43.200000,9.9854462342e-04,2.4513878802e-01
43.250000,9.9955926740e-04,2.5440432864e-01
43.300000,1.0005960095e-03,2.4025929512e-01
43.350000,9.9912749065e-04,2.4451084542e-01
43.400000,9.9941026831e-04,2.4956378105e-01
43.450000,9.9865265314e-04,2.4679718023e-01
43.500000,9.9977523911e-04,2.4448887727e-01
43.550000,9.9926069213e-04,2.4839357035e-01
43.600000,1.0010061757e-03,2.4543265043e-01
43.650000,9.9877842408e-04,2.4814339313e-01
43.700000,9.9941598249e-04,2.4759237338e-01
43.750000,9.9961667048e-04,2.4716202872e-01
43.800000,9.9815479385e-04,2.4948551324e-01
43.850000,1.0014042047e-03,2.4131508686e-01
43.900000,9.9846026549e-04,2.3915101980e-01
43.950000,1.0010458863e-03,2.4906928757e-01
44.000000,9.9777982971e-04,2.4549005480e-01
44.050000,1.0006261720e-03,2.4012514743e-01
44.100000,9.9988716905e-04,2.3870262265e-01
44.150000,1.0009428493e-03,2.5126699107e-01
44.200000,9.9993212765e-04,2.4947308623e-01
44.250000,9.9898850219e-04,2.4101256342e-01
44.300000,9.9909217798e-04,2.5000161879e-01
44.350000,9.9992747350e-04,2.4825025746e-01
44.400000,9.9874049585e-04,2.4774611083e-01
44.450000,1.0000404768e-03,2.4308950028e-01
44.500000,9.9904564363e-04,2.3736111977e-01
44.550000,1.0014330905e-03,2.4164202518e-01
44.600000,9.9983937124e-04,2.4861641118e-01
44.650000,9.9947935832e-04,2.4796610430e-01
44.700000,1.0011084170e-03,2.3902904445e-01
44.750000,9.9950533618e-04,2.3867873897e-01
44.800000,1.0017628861e-03,2.4155214281e-01
44.850000,9.9824987756e-04,2.3508196819e-01
44.900000,9.9979574293e-04,2.5008590247e-01
44.950000,1.0000158782e-03,2.4501883912e-01
45.000000,9.9950395488e-04,2.4329171933e-01
45.050000,1.0015171696e-03,2.4843586969e-01
45.100000,1.0017992072e-03,2.5280871822e-01
45.150000,9.9955522213e-04,2.4530999074e-01
45.200000,1.0016836743e-03,2.4177184242e-01
45.250000,1.0000999277e-03,2.5336469827e-01
45.300000,1.0002751593e-03,2.3948147673e-01
45.350000,1.0004211941e-03,2.3821346231e-01
45.400000,9.9933221813e-04,2.4973012922e-01
45.450000,9.9791741479e-04,2.5070934223e-01
45.500000,9.9900117939e-04,2.4065364441e-01
45.550000,1.0002098883e-03,2.4571281185e-01
45.600000,1.0012264393e-03,2.4819778199e-01
45.650000,9.9910393452e-04,2.4612981597e-01
45.700000,1.0008322859e-03,2.4432329053e-01
45.750000,9.9889982741e-04,2.3814540307e-01
45.800000,1.0008585860e-03,2.4187053160e-01
45.850000,9.9935349412e-04,2.4709509315e-01
45.900000,9.9903076892e-04,2.4336437505e-01
45.950000,1.0009872258e-03,2.3869432708e-01
46.000000,1.0000092293e-03,2.5263032716e-01
46.050000,1.0008822967e-03,2.4949409234e-01
46.100000,9.9907959571e-04,2.4184719935e-01
46.150000,1.0001729387e-03,2.4597874461e-01
46.200000,1.0018384490e-03,2.3881873122e-01
46.250000,1.0004343722e-03,2.3842963885e-01
46.300000,9.9954590495e-04,2.4138742745e-01
46.350000,1.0010081474e-03,2.5370664767e-01
46.400000,9.9944597647e-04,2.4961973893e-01
46.450000,1.0009335514e-03,2.3878283797e-01
46.500000,1.0008728208e-03,2.4040962295e-01
46.550000,1.0015805253e-03,2.5242823090e-01
46.600000,9.9955417750e-04,2.4721076243e-01
46.650000,9.9983909507e-04,2.4637130803e-01
46.700000,9.9958886825e-04,2.5551756031e-01
46.750000,1.0029903005e-03,2.5201178738e-01
46.800000,9.9981386948e-04,2.3844940138e-01
46.850000,1.0008908562e-03,2.5009399458e-01
46.900000,1.0008848688e-03,2.4488914615e-01
46.950000,1.0002601088e-03,2.4756819636e-01
47.000000,9.9933821386e-04,2.4587760568e-01
47.050000,1.0009337903e-03,2.4375541889e-01
47.100000,1.0006562658e-03,2.4745384130e-01
47.150000,9.9958464831e-04,2.5626834429e-01
47.200000,9.9914257910e-04,2.4467295046e-01
47.250000,9.9987614239e-04,2.3322457453e-01
47.300000,1.0007200662e-03,2.4118439977e-01
47.350000,9.9978658923e-04,2.4487924794e-01
47.400000,1.0017412386e-03,2.4659640457e-01
47.450000,9.9990863971e-04,2.3987489685e-01
47.500000,1.0004573478e-03,2.4177347907e-01
47.550000,9.9952914219e-04,2.3794756397e-01
47.600000,1.0005768919e-03,2.5034254354e-01
47.650000,1.0003300432e-03,2.3650667795e-01
47.700000,9.9918194682e-04,2.4778135277e-01
47.750000,1.0006350592e-03,2.4174468587e-01
47.800000,1.0007756287e-03,2.4294114705e-01
47.850000,1.0002095078e-03,2.5077874175e-01
47.900000,1.0007730408e-03,2.4319494638e-01
47.950000,9.9996967043e-04,2.4880132827e-01
48.000000,9.9984566106e-04,2.4884011816e-01
48.050000,1.0008277196e-03,2.3912769606e-01
48.100000,9.9981949357e-04,2.4528041166e-01
48.150000,1.0003780298e-03,2.4322737363e-01
48.200000,1.0006836059e-03,2.5020427694e-01
48.250000,1.0006163561e-03,2.4499309719e-01
48.300000,1.0007674098e-03,2.4487892569e-01
48.350000,1.0011512435e-03,2.3895335199e-01
48.400000,9.9975508884e-04,2.4700519618e-01
48.450000,1.0001224037e-03,2.3925218146e-01
48.500000,9.9958177242e-04,2.3956534195e-01
48.550000,1.0001996368e-03,2.3909928943e-01
48.600000,1.0002293354e-03,2.4601100085e-01
48.650000,9.9893247230e-04,2.3770555088e-01
48.700000,1.0002473780e-03,2.4650048910e-01
48.750000,1.0001291977e-03,2.4729025847e-01
48.800000,1.0014544341e-03,2.4523611845e-01
48.850000,1.0012896736e-03,2.4659897409e-01
48.900000,1.0002001878e-03,2.4753308647e-01
48.950000,1.0013797112e-03,2.4071640668e-01
49.000000,9.9950414897e-04,2.5078333334e-01
49.050000,9.9938282558e-04,2.4441474945e-01
49.100000,9.9884642418e-04,2.4734075850e-01
49.150000,9.9823639833e-04,2.5011730490e-01
49.200000,1.0009592402e-03,2.4786700418e-01
49.250000,1.0000861089e-03,2.5329870398e-01
49.300000,1.0011212254e-03,2.4278928667e-01
49.350000,1.0009722461e-03,2.4461153021e-01
49.400000,9.9892904559e-04,2.5021338820e-01
49.450000,9.9843231396e-04,2.4338988565e-01
49.500000,1.0012252758e-03,2.4236657918e-01
49.550000,9.9917636181e-04,2.4957690395e-01
49.600000,1.0000422912e-03,2.4440776821e-01
49.650000,1.0020905244e-03,2.5565101595e-01
49.700000,9.9881846022e-04,2.4453891665e-01
49.750000,9.9989519525e-04,2.3819875075e-01
49.800000,9.9878486962e-04,2.4477852159e-01
49.850000,9.9934459076e-04,2.4587837575e-01
49.900000,9.9915248211e-04,2.5336863362e-01
49.950000,1.0001432888e-03,2.4230417453e-01
50.000000,1.0016719602e-03,2.5118570201e-01
50.050000,1.0005491268e-03,2.4470111004e-01
50.100000,9.9608042498e-04,2.4741899881e-01
50.150000,9.9908328760e-04,2.4965187024e-01
50.200000,1.0006902597e-03,2.3658660254e-01
50.250000,9.9936569134e-04,2.4658038651e-01
50.300000,9.9900589083e-04,2.4464054215e-01
50.350000,9.9974798867e-04,2.4976139470e-01
50.400000,1.0013720055e-03,2.4521946910e-01
50.450000,1.0000066485e-03,2.4241950167e-01
50.500000,1.0019772175e-03,2.4719951250e-01
50.550000,1.0006233480e-03,2.5048977798e-01
50.600000,9.9943918331e-04,2.4872277215e-01
50.650000,1.0013107102e-03,2.4874292842e-01
50.700000,9.9941751665e-04,2.4574968416e-01
50.750000,9.9944859709e-04,2.4419791929e-01
50.800000,9.9914541409e-04,2.4144114458e-01
50.850000,1.0006540229e-03,2.4725674403e-01
50.900000,9.9856874023e-04,2.4073593512e-01
50.950000,9.9998772251e-04,2.5342870373e-01
51.000000,1.0006174691e-03,2.4290088017e-01
51.050000,1.0003503744e-03,2.4963435226e-01
51.100000,9.9939262422e-04,2.4774400276e-01
51.150000,9.9808839640e-04,2.4102835637e-01
51.200000,9.9713152188e-04,2.4024489261e-01
51.250000,1.0001634079e-03,2.4615085244e-01
51.300000,1.0007062592e-03,2.5529541905e-01
51.350000,9.9960871214e-04,2.4793558388e-01
51.400000,9.9858218733e-04,2.4792062575e-01
51.450000,9.9862818327e-04,2.4931198024e-01
51.500000,9.9928050614e-04,2.5130353907e-01
51.550000,1.0010211744e-03,2.3624131156e-01
51.600000,1.0014533529e-03,2.3954155019e-01
51.650000,9.9987975745e-04,2.4627208737e-01
51.700000,9.9960514065e-04,2.4914218523e-01
51.750000,9.9925259800e-04,2.5198825293e-01
51.800000,1.0001446180e-03,2.4574953660e-01
51.850000,1.0009714686e-03,2.4438964413e-01
51.900000,9.9915541856e-04,2.5089653777e-01
51.950000,9.9969956683e-04,2.5088022206e-01
52.000000,1.0010742682e-03,2.4912115740e-01
52.050000,9.9891347957e-04,2.3946214797e-01
52.100000,9.9976565256e-04,2.4192255549e-01
52.150000,9.9897932198e-04,2.3835596804e-01
52.200000,1.0017205834e-03,2.4893520625e-01
52.250000,1.0001202994e-03,2.4642983873e-01
52.300000,9.9972088976e-04,2.4148178907e-01
52.350000,9.9873322487e-04,2.4058238598e-01
52.400000,9.9961374642e-04,2.4938176617e-01
52.450000,1.0014208232e-03,2.4388331441e-01
52.500000,9.9897746848e-04,2.4813110163e-01
52.550000,1.0004503472e-03,2.4743192804e-01
52.600000,9.9847467203e-04,2.4749617074e-01
52.650000,9.9916911440e-04,2.5218025963e-01
52.700000,1.0004694448e-03,2.5349507080e-01
52.750000,9.9990611545e-04,2.3833118459e-01
52.800000,9.9825148093e-04,2.4100616541e-01
52.850000,9.9902581397e-04,2.5700170061e-01
52.900000,1.0006546957e-03,2.4171734425e-01
52.950000,9.9958115998e-04,2.4947854027e-01
53.000000,9.9766212735e-04,2.4996977477e-01
53.050000,9.9991213430e-04,2.4485570608e-01
53.100000,9.9958270949e-04,2.4785521156e-01
53.150000,1.0002777482e-03,2.4848931761e-01
53.200000,9.9951636750e-04,2.4682461582e-01
53.250000,9.9990186890e-04,2.3901734269e-01
53.300000,9.9798199142e-04,2.4234171438e-01
53.350000,1.0004330395e-03,2.4642223433e-01
53.400000,1.0008680217e-03,2.4814653423e-01
53.450000,9.9867522357e-04,2.4159679096e-01
53.500000,1.0018848903e-03,2.4212866034e-01
53.550000,9.9970790366e-04,2.4425356867e-01
53.600000,9.9917123020e-04,2.4448179982e-01
53.650000,1.0011809638e-03,2.3671388589e-01
53.700000,1.0006059084e-03,2.5431467448e-01
53.750000,9.9989539459e-04,2.4495534823e-01
53.800000,1.0010146581e-03,2.4275157807e-01
53.850000,1.0005197998e-03,2.4957737144e-01
53.900000,1.0000175281e-03,2.4002484912e-01
53.950000,9.9960496491e-04,2.4397470431e-01
54.000000,1.0019118409e-03,2.4386793474e-01
54.050000,9.9998882384e-04,2.4630709266e-01
54.100000,9.9810796044e-04,2.4707021664e-01
54.150000,9.9822065656e-04,2.4606667357e-01
54.200000,1.0011970927e-03,2.4313417623e-01
54.250000,9.9878875062e-04,2.4715498323e-01
54.300000,9.9925290180e-04,2.5472962671e-01
54.350000,1.0001037883e-03,2.4468494202e-01
54.400000,1.0007603749e-03,2.4837264035e-01
54.450000,9.9973658798e-04,2.5367010999e-01
54.500000,9.9876265395e-04,2.4658746488e-01
54.550000,1.0002180528e-03,2.5604790074e-01
54.600000,1.0000792748e-03,2.4478207579e-01
54.650000,9.9880178705e-04,2.3734642478e-01
54.700000,1.0011810783e-03,2.3765006243e-01
54.750000,1.0007260729e-03,2.4604196767e-01
54.800000,1.0003771148e-03,2.5005414822e-01
54.850000,9.9793758467e-04,2.4814107117e-01
54.900000,1.0025073978e-03,2.3663586866e-01
54.950000,1.0014798905e-03,2.4477815377e-01
55.000000,1.0003722801e-03,2.3743276452e-01
55.050000,9.9954432176e-04,2.3763553928e-01
55.100000,9.9843443341e-04,2.4809104848e-01
55.150000,1.0000251019e-03,2.3876098207e-01
55.200000,9.9800421064e-04,2.5008159591e-01
55.250000,1.0017365499e-03,2.4368568755e-01
55.300000,1.0006795923e-03,2.5289404218e-01
55.350000,1.0010070925e-03,2.4152089932e-01
55.400000,9.9915255817e-04,2.4084278449e-01
55.450000,1.0009804293e-03,2.4977009903e-01
55.500000,9.9962786280e-04,2.4925631304e-01
55.550000,9.9993571853e-04,2.5715721861e-01
55.600000,1.0001060126e-03,2.4315462302e-01
55.650000,1.0022728671e-03,2.4368117705e-01
55.700000,9.9892087245e-04,2.4613884939e-01
55.750000,1.0000421658e-03,2.4513236732e-01
55.800000,9.9975724121e-04,2.3768459712e-01
55.850000,1.0015936400e-03,2.4192774128e-01
55.900000,1.0005591346e-03,2.4996407961e-01
55.950000,9.9899784028e-04,2.3970520838e-01
56.000000,1.0001605408e-03,2.5030089330e-01
56.050000,1.0023208455e-03,2.4459629172e-01
56.100000,9.9978746225e-04,2.4724975417e-01
56.150000,1.0005182073e-03,2.4839191377e-01
56.200000,9.9896935072e-04,2.5513047714e-01
56.250000,9.9996585271e-04,2.4425407742e-01
56.300000,9.9920147974e-04,2.5105766326e-01
56.350000,9.9928888404e-04,2.4225173192e-01
56.400000,1.0013063505e-03,2.4741042209e-01
56.450000,9.9976731350e-04,2.4453748814e-01
56.500000,1.0001434400e-03,2.4406611040e-01
56.550000,1.0002302209e-03,2.3874644006e-01
56.600000,1.0005819182e-03,2.4496438278e-01
56.650000,9.9941565581e-04,2.5002523561e-01
56.700000,9.9982651007e-04,2.5018011205e-01
56.750000,9.9867178543e-04,2.4263135788e-01
56.800000,9.9928153869e-04,2.4240781943e-01
56.850000,1.0009172555e-03,2.4091566456e-01
56.900000,9.9840327982e-04,2.5610670077e-01
56.950000,9.9938387935e-04,2.4054693151e-01
57.000000,9.9886427639e-04,2.3975047821e-01
57.050000,1.0006978079e-03,2.4559056960e-01
57.100000,1.0004246903e-03,2.4432768797e-01
57.150000,9.9911338243e-04,2.3888893211e-01
57.200000,9.9897272779e-04,2.4437976890e-01
57.250000,9.9941567461e-04,2.4570583688e-01
57.300000,9.9776865959e-04,2.4248260344e-01
57.350000,9.9794213221e-04,2.3773751526e-01
57.400000,9.9889972851e-04,2.3823233609e-01
57.450000,9.9962935928e-04,2.4527976939e-01
57.500000,9.9990540160e-04,2.4831936774e-01
57.550000,1.0011336581e-03,2.5273197993e-01
57.600000,9.9927660066e-04,2.4710368864e-01
57.650000,1.0000719857e-03,2.4241705437e-01
57.700000,9.9973127095e-04,2.5048471884e-01
57.750000,1.0006622478e-03,2.5169692742e-01
57.800000,1.0006879387e-03,2.4610798143e-01
57.850000,9.9729617982e-04,2.4005384744e-01
57.900000,9.9819589017e-04,2.5336406920e-01
57.950000,9.9880938192e-04,2.5218903287e-01
58.000000,9.9859639466e-04,2.4605529695e-01
58.050000,9.9966249126e-04,2.5330168226e-01
58.100000,9.9976461402e-04,2.3817592477e-01
58.150000,9.9806021700e-04,2.4453484717e-01
58.200000,9.9846315195e-04,2.4801877607e-01
58.250000,9.9936240337e-04,2.4373163107e-01
58.300000,9.9866439024e-04,2.4295800977e-01
58.350000,9.9995716426e-04,2.4679640480e-01
58.400000,1.0004284547e-03,2.4572519392e-01
58.450000,1.0011144974e-03,2.4624524131e-01
58.500000,1.0003803281e-03,2.4557850910e-01
58.550000,1.0016121862e-03,2.4759704865e-01
58.600000,9.9878870921e-04,2.4375733097e-01
58.650000,1.0008397386e-03,2.4543041895e-01
58.700000,1.0004857295e-03,2.3908306824e-01
58.750000,9.9988721091e-04,2.4275515945e-01
58.800000,9.9920286368e-04,2.4526127596e-01
58.850000,9.9796178600e-04,2.5169993765e-01
58.900000,9.9988389587e-04,2.5011958926e-01
58.950000,1.0003493939e-03,2.4846528487e-01
59.000000,1.0007745737e-03,2.4491588891e-01
59.050000,1.0008326597e-03,2.3831848522e-01
59.100000,1.0011015970e-03,2.4076732886e-01
59.150000,1.0005127538e-03,2.5416307074e-01
59.200000,1.0015544194e-03,2.4139628694e-01
59.250000,9.9850517601e-04,2.4253702065e-01
59.300000,9.9881470664e-04,2.4202369961e-01
59.350000,1.0015843468e-03,2.4428707406e-01
59.400000,9.9856857439e-04,2.4148256059e-01
59.450000,1.0001308492e-03,2.5647300301e-01
59.500000,9.9898187750e-04,2.3696520014e-01
59.550000,1.0021435857e-03,2.4508564179e-01
59.600000,9.9828027591e-04,2.4294273674e-01
59.650000,9.9978130574e-04,2.4701984686e-01
59.700000,1.0000848377e-03,2.4143994073e-01
59.750000,9.9998758755e-04,2.4801678200e-01
59.800000,1.0011508973e-03,2.4619788684e-01
59.850000,1.0006665122e-03,2.4040132850e-01
59.900000,9.9955510537e-04,2.3832143873e-01
59.950000,9.9796458822e-04,2.5072448157e-01
60.000000,9.9724414950e-04,2.4706970705e-01
60.050000,1.0009377954e-03,2.5484714386e-01
60.100000,1.0001254373e-03,2.3694544639e-01
60.150000,1.0006856242e-03,2.4215104366e-01
60.200000,1.0002596906e-03,2.3960548454e-01
60.250000,9.9962726757e-04,2.6157048342e-01
60.300000,1.0005489652e-03,2.4531137930e-01
60.350000,1.0005840570e-03,2.3116948882e-01
60.400000,1.0003313502e-03,2.3897400984e-01
60.450000,9.9999067607e-04,2.4649442046e-01
60.500000,9.9968046233e-04,2.4615415484e-01
60.550000,9.9747583384e-04,2.3979363066e-01
60.600000,1.0025112596e-03,2.4368071384e-01
60.650000,9.9894201901e-04,2.4505836142e-01
60.700000,9.9804892218e-04,2.4801082625e-01
60.750000,1.0017117758e-03,2.4978250279e-01
60.800000,1.0001934312e-03,2.4997208556e-01
60.850000,9.9907766632e-04,2.4432807525e-01
60.900000,9.9886807218e-04,2.5243486277e-01
60.950000,9.9949188087e-04,2.4291831026e-01
61.000000,9.9841567558e-04,2.4207801024e-01
61.050000,9.9921929449e-04,2.3948671589e-01
61.100000,9.9864410560e-04,2.4404951056e-01
61.150000,1.0001621196e-03,2.4253608402e-01
61.200000,1.0021128157e-03,2.4499627265e-01
61.250000,1.0000440175e-03,2.5196752414e-01
61.300000,1.0013003546e-03,2.4158779869e-01
61.350000,9.9951275102e-04,2.4330942710e-01
61.400000,9.9953239258e-04,2.4183129398e-01
61.450000,1.0018062150e-03,2.4977387810e-01
61.500000,1.0020961763e-03,2.3876756608e-01
61.550000,1.0015609069e-03,2.4246330263e-01
61.600000,1.0006579220e-03,2.3953230526e-01
61.650000,9.9840206481e-04,2.4927693584e-01
61.700000,9.9861474192e-04,2.4540496752e-01
61.750000,9.9989704403e-04,2.4990817503e-01
61.800000,9.9998867659e-04,2.4997708996e-01
61.850000,1.0012930096e-03,2.4766317925e-01
61.900000,9.9925176898e-04,2.4934998988e-01
61.950000,9.9928161442e-04,2.4551250965e-01
62.000000,1.0003799398e-03,2.3718774788e-01
62.050000,9.9864748510e-04,2.4068345386e-01
62.100000,1.0009873168e-03,2.4302520917e-01
62.150000,1.0006504550e-03,2.3921434134e-01
62.200000,1.0007273756e-03,2.4762870568e-01
62.250000,1.0008708516e-03,2.4460802655e-01
62.300000,1.0013096605e-03,2.5040483675e-01
62.350000,1.0007482625e-03,2.4863125122e-01
62.400000,9.9966776312e-04,2.4307553302e-01
62.450000,1.0002588221e-03,2.4344349038e-01
62.500000,9.9876642737e-04,2.4511552106e-01
62.550000,9.9835708800e-04,2.4528953043e-01
62.600000,1.0006637979e-03,2.4578344130e-01
62.650000,1.0002070192e-03,2.4520668480e-01
62.700000,1.0008649249e-03,2.4789075650e-01
62.750000,9.9941330382e-04,2.5117847722e-01
62.800000,1.0011737518e-03,2.4296177812e-01
62.850000,9.9624912243e-04,2.5305222585e-01
62.900000,9.9977336571e-04,2.4434432303e-01
62.950000,9.9899907432e-04,2.4608022520e-01
63.000000,9.9907537224e-04,2.3700443659e-01
63.050000,1.0005573611e-03,2.3876253151e-01
63.100000,1.0010254314e-03,2.4539430694e-01
63.150000,9.9992810125e-04,2.4679540225e-01
63.200000,9.9900939990e-04,2.4139679265e-01
63.250000,1.0023790991e-03,2.4787096396e-01
63.300000,1.0002848258e-03,2.4951172420e-01
63.350000,9.9939044290e-04,2.3619713508e-01
63.400000,9.9837788036e-04,2.4811572938e-01
63.450000,9.9946566317e-04,2.4976344092e-01
63.500000,9.9934417985e-04,2.4381425653e-01
63.550000,9.9923671839e-04,2.4079489792e-01
63.600000,9.9950277336e-04,2.4053961343e-01
63.650000,1.0025605255e-03,2.4905546914e-01
63.700000,1.0024730848e-03,2.4072100718e-01
63.750000,1.0003087134e-03,2.5329645554e-01
63.800000,9.9872525817e-04,2.4583502072e-01
63.850000,1.0005368576e-03,2.5138276303e-01
63.900000,9.9898954008e-04,2.4406823143e-01
63.950000,1.0022293285e-03,2.5003577067e-01
64.000000,1.0017563789e-03,2.3845763372e-01
64.050000,9.9822450318e-04,2.4703891038e-01
64.100000,1.0005426688e-03,2.5242619663e-01
64.150000,1.0001705620e-03,2.4174996916e-01
64.200000,9.9848772045e-04,2.4707580769e-01
64.250000,9.9967533027e-04,2.4508168832e-01
64.300000,9.9980157265e-04,2.4814807271e-01
64.350000,1.0002448473e-03,2.4408972225e-01
64.400000,1.0001115743e-03,2.4704050466e-01
64.450000,1.0008079280e-03,2.3885019186e-01
64.500000,1.0007315465e-03,2.4452834806e-01
64.550000,1.0005467545e-03,2.5251665592e-01
64.600000,1.0017386297e-03,2.4979340260e-01
64.650000,9.9870326286e-04,2.4554645485e-01
64.700000,9.9944133124e-04,2.3901372671e-01
64.750000,9.9885618806e-04,2.4144464783e-01
64.800000,9.9997806243e-04,2.3830203615e-01
64.850000,1.0004080031e-03,2.5957119630e-01
64.900000,9.9914219275e-04,2.4081220907e-01
64.950000,1.0004885118e-03,2.4750494849e-01
65.000000,1.0012175787e-03,2.4414716526e-01
65.050000,9.9959747406e-04,2.4349967085e-01
65.100000,9.9977597174e-04,2.4125344707e-01
65.150000,1.0002723510e-03,2.4019008923e-01
65.200000,1.0020212570e-03,2.5496028302e-01
65.250000,9.9896753582e-04,2.4711599733e-01
65.300000,9.9961039300e-04,2.4340116597e-01
65.350000,9.9977057532e-04,2.5141172696e-01
65.400000,1.0008063178e-03,2.3422678943e-01
65.450000,1.0015291889e-03,2.4722898348e-01
65.500000,1.0003150595e-03,2.4111440863e-01
65.550000,1.0005829445e-03,2.5420644197e-01
65.600000,9.9904635801e-04,2.4859091601e-01
65.650000,1.0004895528e-03,2.4157071304e-01
65.700000,9.9910190729e-04,2.4581224990e-01
65.750000,1.0000220972e-03,2.4903484477e-01
65.800000,9.9991408111e-04,2.3768488698e-01
65.850000,1.0004630534e-03,2.4147209043e-01
65.900000,1.0020552026e-03,2.4871454479e-01
65.950000,1.0005853111e-03,2.4094662132e-01
66.000000,9.9868355103e-04,2.4741475093e-01
66.050000,1.0017767728e-03,2.3994678423e-01
66.100000,9.9859129670e-04,2.3623098595e-01
66.150000,9.9918329754e-04,2.4295239405e-01
66.200000,9.9964395922e-04,2.4679900988e-01
66.250000,9.9983615703e-04,2.4759488365e-01
66.300000,9.9961045339e-04,2.3887911986e-01
66.350000,1.0009300650e-03,2.4767482980e-01
66.400000,9.9899669836e-04,2.5101532360e-01
66.450000,9.9971124680e-04,2.3562990354e-01
66.500000,9.9955118421e-04,2.4337267292e-01
66.550000,9.9980086307e-04,2.5381029833e-01
66.600000,1.0006443161e-03,2.4865182469e-01
66.650000,1.0000653550e-03,2.4854555791e-01
66.700000,1.0002324050e-03,2.4548209711e-01
66.750000,1.0004291946e-03,2.4526641927e-01
66.800000,1.0012138891e-03,2.5076710297e-01
66.850000,1.0019731944e-03,2.5221064148e-01
66.900000,9.9849764330e-04,2.4958078630e-01
66.950000,1.0009106478e-03,2.4928380209e-01
67.000000,1.0005388591e-03,2.3853990264e-01
67.050000,1.0007722175e-03,2.4724052243e-01
67.100000,1.0002125785e-03,2.3706520013e-01
67.150000,1.0013114239e-03,2.4344389170e-01
67.200000,9.9995800778e-04,2.4115681745e-01
67.250000,9.9998192824e-04,2.3899134523e-01
67.300000,1.0000170946e-03,2.4712720714e-01
67.350000,1.0001068307e-03,2.4419078055e-01
67.400000,1.0012039466e-03,2.4445937853e-01
67.450000,9.9840077857e-04,2.3954755547e-01
67.500000,9.9876887252e-04,2.4683067158e-01
67.550000,1.0012499833e-03,2.4721392924e-01
67.600000,9.9973692034e-04,2.3690518598e-01
67.650000,9.9828006397e-04,2.4446021486e-01
67.700000,9.9944888717e-04,2.4743690210e-01
67.750000,9.9890338099e-04,2.5086959418e-01
67.800000,1.0001199902e-03,2.4471931289e-01
67.850000,1.0000837937e-03,2.4960038273e-01
67.900000,9.9833342933e-04,2.4777216644e-01
67.950000,9.9999779904e-04,2.3528863089e-01
68.000000,9.9903746534e-04,2.4362535524e-01
68.050000,9.9997065290e-04,2.4454502998e-01
68.100000,1.0012755697e-03,2.4466441635e-01
68.150000,1.0003490129e-03,2.4132083017e-01
68.200000,1.0002003679e-03,2.4567800826e-01
68.250000,9.9932852877e-04,2.4545809871e-01
68.300000,9.9915219946e-04,2.4229767586e-01
68.350000,9.9932352221e-04,2.3205135947e-01
68.400000,1.0005593139e-03,2.4926794827e-01
68.450000,9.9908187083e-04,2.4071664045e-01
68.500000,1.0000515805e-03,2.4936317208e-01
68.550000,9.9955398144e-04,2.4497447662e-01
68.600000,9.9984061641e-04,2.4947549825e-01
68.650000,1.0006921223e-03,2.4130406371e-01
68.700000,9.9904431644e-04,2.3798794967e-01
68.750000,9.9987758476e-04,2.4599995040e-01
68.800000,1.0008822809e-03,2.3906796132e-01
68.850000,1.0008470386e-03,2.4634417498e-01
68.900000,1.0016027579e-03,2.4661050781e-01
68.950000,9.9794050492e-04,2.4090904014e-01
69.000000,1.0007598864e-03,2.4362595178e-01
69.050000,1.0009607768e-03,2.4277842811e-01
69.100000,9.9966493656e-04,2.4454451257e-01
69.150000,9.9946913981e-04,2.5051866886e-01
69.200000,1.0001996452e-03,2.4988223832e-01
69.250000,9.9905549600e-04,2.4999584576e-01
69.300000,9.9912267170e-04,2.4455944610e-01
69.350000,9.9833441917e-04,2.4799065265e-01
69.400000,1.0008130411e-03,2.4137346222e-01
69.450000,1.0009925686e-03,2.4233073388e-01
69.500000,1.0008733199e-03,2.4744057647e-01
69.550000,1.0009882267e-03,2.4469232847e-01
69.600000,1.0004694275e-03,2.3728288880e-01
69.650000,9.9933335496e-04,2.3732486014e-01
69.700000,9.9811319179e-04,2.4394872592e-01
69.750000,1.0001940984e-03,2.4532034798e-01
69.800000,1.0001033722e-03,2.3997264708e-01
69.850000,1.0001192435e-03,2.5690067969e-01
69.900000,1.0009995704e-03,2.4115435652e-01
69.950000,1.0014172802e-03,2.4372679032e-01
70.000000,1.0014463098e-03,2.4968190815e-01
70.050000,9.9973425391e-04,2.3776742234e-01
70.100000,1.0009248351e-03,2.3883097870e-01
70.150000,1.0001225440e-03,2.4150096230e-01
70.200000,1.0013600086e-03,2.4475963400e-01
70.250000,9.9956203833e-04,2.4399756741e-01
70.300000,9.9976148198e-04,2.5379655816e-01
70.350000,9.9953155200e-04,2.4340922588e-01
70.400000,1.0002171013e-03,2.3993534679e-01
70.450000,1.0006952993e-03,2.3776244911e-01
70.500000,1.0011985588e-03,2.4608747780e-01
70.550000,1.0003140045e-03,2.4433016670e-01
70.600000,9.9956554589e-04,2.5013611369e-01
70.650000,9.9982048608e-04,2.4482259038e-01
70.700000,9.9946843722e-04,2.4593679486e-01
70.750000,9.9935675314e-04,2.5585128782e-01
70.800000,1.0004372095e-03,2.3327112534e-01
70.850000,1.0006843120e-03,2.4424027322e-01
70.900000,1.0020595830e-03,2.4055688882e-01
70.950000,1.0010140955e-03,2.4078069064e-01
71.000000,9.9921859855e-04,2.3839285396e-01
71.050000,1.0008161624e-03,2.4778528279e-01
71.100000,1.0003104118e-03,2.3886340972e-01
71.150000,1.0002475048e-03,2.3927709349e-01
71.200000,9.9851125177e-04,2.4385071038e-01
71.250000,1.0020901705e-03,2.4991017942e-01
71.300000,1.0007837840e-03,2.4378229331e-01
71.350000,1.0011377567e-03,2.4448805743e-01
71.400000,9.9799745479e-04,2.3643759538e-01
71.450000,9.9917322728e-04,2.4852699470e-01
71.500000,1.0003982450e-03,2.3595766578e-01
71.550000,1.0003874365e-03,2.4398764359e-01
71.600000,9.9988376745e-04,2.4592801888e-01
71.650000,9.9849775765e-04,2.4483810405e-01
71.700000,1.0005816247e-03,2.4604275425e-01
71.750000,1.0009845298e-03,2.4782918997e-01
71.800000,9.9762198584e-04,2.4773374888e-01
71.850000,9.9974819551e-04,2.5077338076e-01
71.900000,9.9911098455e-04,2.4811347375e-01
71.950000,9.9938316769e-04,2.5234356008e-01
72.000000,1.0014532677e-03,2.4377734025e-01
72.050000,9.9966774831e-04,2.4273135371e-01
72.100000,1.0004736215e-03,2.5253363805e-01
72.150000,1.0008650718e-03,2.4244014650e-01
72.200000,1.0005639668e-03,2.4670040000e-01
72.250000,9.9741871764e-04,2.3738786687e-01
72.300000,9.9895994249e-04,2.4246106145e-01
72.350000,1.0000539119e-03,2.4552903259e-01
72.400000,1.0008089885e-03,2.4939093391e-01
72.450000,1.0007331788e-03,2.4649456003e-01
72.500000,1.0007723864e-03,2.3871900121e-01
72.550000,1.0013426935e-03,2.5058191250e-01
72.600000,1.0002112403e-03,2.3472707227e-01
72.650000,9.9933221472e-04,2.4900804988e-01
72.700000,9.9996506507e-04,2.4626792054e-01
72.750000,9.9965759003e-04,2.4014443945e-01
72.800000,1.0007264054e-03,2.4952156207e-01
72.850000,1.0002077410e-03,2.4286708535e-01
72.900000,1.0023423217e-03,2.5011258418e-01
72.950000,9.9736302074e-04,2.4550550216e-01
73.000000,1.0002761465e-03,2.5430491763e-01
73.050000,9.9995229384e-04,2.4421767557e-01
73.100000,9.9863767650e-04,2.4350073287e-01
73.150000,9.9952588997e-04,2.4346012124e-01
73.200000,9.9984413070e-04,2.5242526272e-01
73.250000,1.0018919212e-03,2.5408130080e-01
73.300000,1.0000111680e-03,2.5473236156e-01
73.350000,9.9999236103e-04,2.4885624553e-01
73.400000,1.0002078041e-03,2.4785838648e-01
73.450000,1.0000926048e-03,2.4521453634e-01
73.500000,9.9991018908e-04,2.5493842485e-01
73.550000,9.9824585191e-04,2.3637967909e-01
73.600000,9.9924314376e-04,2.4715649193e-01
73.650000,1.0004688628e-03,2.4907857515e-01
73.700000,9.9973100448e-04,2.3810534901e-01
73.750000,1.0004329251e-03,2.4647261857e-01
73.800000,9.9906533177e-04,2.4783285111e-01
73.850000,1.0009739789e-03,2.5227589618e-01
73.900000,1.0013065743e-03,2.4883177781e-01
73.950000,1.0002411676e-03,2.4686130703e-01
74.000000,1.0020031477e-03,2.4034560975e-01
74.050000,9.9814663748e-04,2.4604427720e-01
74.100000,9.9925520200e-04,2.3781451884e-01
74.150000,9.9924581406e-04,2.3967197635e-01
74.200000,9.9737085592e-04,2.4469334638e-01
74.250000,9.9945078179e-04,2.4728678082e-01
74.300000,1.0009765075e-03,2.5419798249e-01
74.350000,1.0016360029e-03,2.4764479937e-01
74.400000,9.9847209587e-04,2.4454526245e-01
74.450000,9.9984461238e-04,2.4246196314e-01
74.500000,9.9869847586e-04,2.4982193867e-01
74.550000,9.9975640497e-04,2.4051625620e-01
74.600000,1.0006784066e-03,2.4494086497e-01
74.650000,1.0004116260e-03,2.4061587907e-01
74.700000,9.9949737470e-04,2.4332303061e-01
74.750000,9.9838951841e-04,2.5803600003e-01
74.800000,1.0002204476e-03,2.5220905637e-01
74.850000,9.9997256826e-04,2.4676904005e-01
74.900000,1.0004433381e-03,2.4026360026e-01
74.950000,1.0000569418e-03,2.4383861307e-01
75.000000,9.9899879817e-04,2.4582724504e-01
75.050000,9.9827595295e-04,2.4947399996e-01
75.100000,1.0008800831e-03,2.4683409825e-01
75.150000,9.9914836395e-04,2.4727843427e-01
75.200000,9.9945761295e-04,2.4767399393e-01
75.250000,1.0000666762e-03,2.4041764738e-01
75.300000,1.0002738519e-03,2.4108992152e-01
75.350000,1.0023606829e-03,2.4678245709e-01
75.400000,9.9859463459e-04,2.4521911666e-01
75.450000,1.0000827785e-03,2.5170783668e-01
75.500000,1.0001117011e-03,2.5219246045e-01
75.550000,9.9864515717e-04,2.3732189821e-01
75.600000,9.9930494641e-04,2.4778532701e-01
75.650000,1.0005098052e-03,2.4956408549e-01
75.700000,9.9921702394e-04,2.4491832613e-01
75.750000,1.0006275749e-03,2.4596801558e-01
75.800000,1.0011754117e-03,2.4928960167e-01
75.850000,9.9941019960e-04,2.4133425013e-01
75.900000,1.0017883243e-03,2.3522298655e-01
75.950000,9.9983605350e-04,2.4827695021e-01
76.000000,9.9846360333e-04,2.4347232606e-01
76.050000,1.0008779877e-03,2.4535094275e-01
76.100000,9.9904336964e-04,2.4826872170e-01
76.150000,1.0014274697e-03,2.3721300234e-01
76.200000,9.9854394405e-04,2.3678014462e-01
76.250000,1.0006561374e-03,2.4487108214e-01
76.300000,1.0003273794e-03,2.4683139275e-01
76.350000,1.0013311989e-03,2.4525781710e-01
76.400000,1.0008355017e-03,2.5342136284e-01
76.450000,1.0004156008e-03,2.4694248573e-01
76.500000,9.9794887532e-04,2.4693866913e-01
76.550000,9.9996909838e-04,2.4080788290e-01
76.600000,9.9963589678e-04,2.4820254592e-01
76.650000,9.9906904032e-04,2.5129704648e-01
76.700000,1.0001332193e-03,2.3892307724e-01
76.750000,9.9961533884e-04,2.5015086826e-01
76.800000,1.0002567016e-03,2.3763916603e-01
76.850000,9.9849001167e-04,2.3639670241e-01
76.900000,9.9920547315e-04,2.5437813409e-01
76.950000,9.9989548661e-04,2.5393558435e-01
77.000000,1.0019251344e-03,2.4720737025e-01
77.050000,9.9831871260e-04,2.4403542308e-01
77.100000,1.0008157139e-03,2.4452036751e-01
77.150000,9.9914079117e-04,2.4898211255e-01
77.200000,1.0004981777e-03,2.5495138132e-01
77.250000,1.0007136416e-03,2.5201151273e-01
77.300000,9.9974523490e-04,2.4460643555e-01
77.350000,9.9981114737e-04,2.4338055432e-01
77.400000,1.0004138710e-03,2.5869431639e-01
77.450000,9.9909140048e-04,2.4570056008e-01
77.500000,9.9939722435e-04,2.4546269305e-01
77.550000,9.9930463053e-04,2.5363363324e-01
77.600000,9.9839853445e-04,2.4162834855e-01
77.650000,1.0003505750e-03,2.4247236686e-01
77.700000,9.9809988556e-04,2.5523997605e-01
77.750000,9.9763702920e-04,2.5121108752e-01
77.800000,1.0010920270e-03,2.4923342155e-01
77.850000,9.9709097114e-04,2.4747996497e-01
77.900000,9.9828354464e-04,2.5188646985e-01
77.950000,9.9983618692e-04,2.5548096264e-01
78.000000,1.0011985069e-03,2.5163775273e-01
78.050000,1.0003942844e-03,2.4678085085e-01
78.100000,9.9703382194e-04,2.4402895273e-01
78.150000,9.9955560097e-04,2.3545274528e-01
78.200000,9.9967164211e-04,2.4775083727e-01
78.250000,9.9938720638e-04,2.3611278704e-01
78.300000,9.9893448823e-04,2.4200043805e-01
78.350000,9.9988289694e-04,2.4504082706e-01
78.400000,1.0012494242e-03,2.4469565846e-01
78.450000,1.0009708760e-03,2.3864657459e-01
78.500000,1.0007106464e-03,2.4867417044e-01
78.550000,1.0013143443e-03,2.4493598054e-01
78.600000,9.9943963039e-04,2.4889170699e-01
78.650000,1.0020266256e-03,2.4737839222e-01
78.700000,9.9998845155e-04,2.4309071177e-01
78.750000,9.9953345386e-04,2.5006433011e-01
78.800000,1.0008535250e-03,2.5064909560e-01
78.850000,9.9903491352e-04,2.4086241200e-01
78.900000,1.0008064195e-03,2.4487382105e-01
78.950000,1.0000635311e-03,2.4174710428e-01
79.000000,1.0024980039e-03,2.4323876466e-01
79.050000,9.9910793396e-04,2.4802255759e-01
79.100000,1.0018762011e-03,2.4441365863e-01
79.150000,1.0010239419e-03,2.4522620356e-01
79.200000,9.9905652716e-04,2.4383082510e-01
79.250000,9.9858345030e-04,2.4374729977e-01
79.300000,9.9766113404e-04,2.4930493278e-01
79.350000,1.0005304707e-03,2.4662407408e-01
79.400000,9.9950804490e-04,2.4600968140e-01
79.450000,9.9955088797e-04,2.4573267562e-01
79.500000,1.0001314625e-03,2.4508686242e-01
79.550000,1.0002742201e-03,2.4055352774e-01
79.600000,9.9910349300e-04,2.4510179566e-01
79.650000,9.9888054264e-04,2.4746750194e-01
79.700000,1.0001255859e-03,2.4597979455e-01
79.750000,1.0008171660e-03,2.3702440270e-01
79.800000,1.0006424829e-03,2.4212002645e-01
79.850000,9.9971566086e-04,2.4712983169e-01
79.900000,9.9885414619e-04,2.4497395711e-01
79.950000,9.9848790843e-04,2.4679737214e-01
80.000000,9.9965420896e-04,2.5596865187e-01
80.050000,9.9963289980e-04,2.4446128596e-01
80.100000,9.9994424162e-04,2.3427682384e-01
80.150000,1.0013421623e-03,2.4791230367e-01
80.200000,1.0003195528e-03,2.4367980912e-01
80.250000,9.9894826917e-04,2.4847267663e-01
80.300000,1.0008891381e-03,2.5049582876e-01
80.350000,1.0010809060e-03,2.4962523726e-01
80.400000,1.0005769760e-03,2.5152116819e-01
80.450000,9.9913055032e-04,2.4431673048e-01
80.500000,9.9985649945e-04,2.4996971995e-01
80.550000,9.9954377180e-04,2.4937371179e-01
80.600000,1.0000883031e-03,2.4169407944e-01
80.650000,9.9853322020e-04,2.4538241044e-01
80.700000,1.0004902636e-03,2.4922215503e-01
80.750000,1.0005249489e-03,2.4153670270e-01
80.800000,1.0005265633e-03,2.4508259461e-01
80.850000,9.9984102862e-04,2.4476638899e-01
80.900000,1.0017825556e-03,2.4435324307e-01
80.950000,9.9982774520e-04,2.5170417593e-01
81.000000,9.9951679188e-04,2.4710361111e-01
81.050000,1.0012722074e-03,2.4349619974e-01
81.100000,9.9942717708e-04,2.4943156854e-01
81.150000,9.9901871118e-04,2.4294948980e-01
81.200000,1.0016834506e-03,2.4769108508e-01
81.250000,1.0007720415e-03,2.5346982880e-01
81.300000,1.0010144730e-03,2.3855292222e-01
81.350000,1.0001263730e-03,2.4060930886e-01
81.400000,9.9974024079e-04,2.5010994123e-01
81.450000,9.9995076393e-04,2.4342317336e-01
81.500000,9.9951282921e-04,2.5202430408e-01
81.550000,1.0005514975e-03,2.3971323333e-01
81.600000,1.0012316526e-03,2.4194340471e-01
81.650000,1.0007892038e-03,2.4659436574e-01
81.700000,1.0008788194e-03,2.3349969256e-01
81.750000,1.0008400229e-03,2.4055523273e-01
81.800000,1.0010951426e-03,2.4133153464e-01
81.850000,9.9932616267e-04,2.4599183789e-01
81.900000,9.9928765955e-04,2.4684349278e-01
81.950000,9.9940077958e-04,2.5108929604e-01
82.000000,9.9975409159e-04,2.3889099439e-01
82.050000,9.9835447955e-04,2.4849772512e-01
82.100000,1.0006115425e-03,2.3968463723e-01
82.150000,9.9936096929e-04,2.4477760331e-01
82.200000,1.0007068405e-03,2.4784512100e-01
82.250000,9.9941531127e-04,2.4432176760e-01
82.300000,1.0015266234e-03,2.4256642439e-01
82.350000,1.0001776847e-03,2.4674568402e-01
82.400000,1.0008009543e-03,2.4896816045e-01
82.450000,9.9959889038e-04,2.3863511321e-01
82.500000,9.9882419622e-04,2.5001407275e-01
82.550000,9.9981922456e-04,2.4361757274e-01
82.600000,9.9926084894e-04,2.4251917242e-01
82.650000,1.0007533175e-03,2.4622900071e-01
82.700000,1.0010124947e-03,2.4976088453e-01
82.750000,1.0007265491e-03,2.5338848162e-01
82.800000,1.0009818899e-03,2.4338880185e-01
82.850000,1.0002039689e-03,2.4486554816e-01
82.900000,1.0027179197e-03,2.4021860774e-01
82.950000,1.0001030025e-03,2.4325497192e-01
83.000000,9.9975070061e-04,2.5096218846e-01
83.050000,1.0009824990e-03,2.4467164790e-01
83.100000,9.9917304675e-04,2.4972683136e-01
83.150000,1.0001853629e-03,2.4057380056e-01
83.200000,9.9886211762e-04,2.5078184676e-01
83.250000,9.9986062949e-04,2.5754272255e-01
83.300000,9.9991825748e-04,2.4224762266e-01
83.350000,1.0010963310e-03,2.4294463287e-01
83.400000,1.0008522088e-03,2.4711419001e-01
83.450000,9.9997010264e-04,2.4472285857e-01
83.500000,1.0005229340e-03,2.4679558474e-01
83.550000,9.9985368745e-04,2.4726329945e-01
83.600000,9.9850562736e-04,2.4315054436e-01
83.650000,1.0002037705e-03,2.5547671740e-01
83.700000,9.9999487138e-04,2.4981472244e-01
83.750000,9.9899804250e-04,2.5399256551e-01
83.800000,1.0016822922e-03,2.4978179887e-01
83.850000,1.0014734590e-03,2.5036918078e-01
83.900000,1.0004997114e-03,2.4657928395e-01
83.950000,9.9853039981e-04,2.4998191501e-01
84.000000,1.0025599996e-03,2.3829022257e-01
84.050000,1.0005145441e-03,2.3669138466e-01
84.100000,9.9958690361e-04,2.4977230396e-01
84.150000,9.9931883039e-04,2.4987934833e-01
84.200000,9.9743511377e-04,2.5176816674e-01
84.250000,1.0015447697e-03,2.5353008763e-01
84.300000,1.0005544457e-03,2.5280255291e-01
84.350000,9.9927185832e-04,2.4847269735e-01
84.400000,9.9971417705e-04,2.4619935192e-01
84.450000,1.0017505032e-03,2.4167716051e-01
84.500000,9.9898309858e-04,2.5024180557e-01
84.550000,1.0001470665e-03,2.3769081313e-01
84.600000,1.0002539425e-03,2.3644602488e-01
84.650000,1.0017971218e-03,2.5017714598e-01
84.700000,1.0000004180e-03,2.5665649593e-01
84.750000,9.9908425918e-04,2.4525606795e-01
84.800000,9.9977234737e-04,2.3926159083e-01
84.850000,9.9970512689e-04,2.3942575887e-01
84.900000,1.0004361343e-03,2.4452999417e-01
84.950000,9.9931692787e-04,2.4846679970e-01
85.000000,9.9985386269e-04,2.4819682506e-01
85.050000,1.0018805109e-03,2.4917676542e-01
85.100000,1.0011619281e-03,2.4668232839e-01
85.150000,1.0013030043e-03,2.4277406555e-01
85.200000,1.0010967449e-03,2.4958030235e-01
85.250000,9.9856127972e-04,2.4584292689e-01
85.300000,1.0001599028e-03,2.4074504902e-01
85.350000,9.9955826286e-04,2.4899922005e-01
85.400000,1.0002913061e-03,2.4570105726e-01
85.450000,1.0001202759e-03,2.5251503458e-01
85.500000,9.9873122502e-04,2.4519044743e-01
85.550000,1.0006075947e-03,2.4318827826e-01
85.600000,1.0008754208e-03,2.5234263290e-01
85.650000,1.0007627972e-03,2.4774615084e-01
85.700000,1.0001154750e-03,2.4878381481e-01
85.750000,9.9922087263e-04,2.4746870918e-01
85.800000,1.0006511746e-03,2.4761392161e-01
85.850000,9.9991640509e-04,2.4496419156e-01
85.900000,9.9947083977e-04,2.4177185902e-01
85.950000,1.0008520131e-03,2.4898694258e-01
86.000000,1.0003389428e-03,2.5138485387e-01
86.050000,1.0008567654e-03,2.4765897275e-01
86.100000,1.0003536672e-03,2.4097868411e-01
86.150000,9.9933104113e-04,2.5691562794e-01
86.200000,9.9847385746e-04,2.4605712713e-01
86.250000,9.9936955063e-04,2.4438180917e-01
86.300000,1.0017679481e-03,2.4315374531e-01
86.350000,9.9926879102e-04,2.4406596905e-01
86.400000,1.0001393734e-03,2.4486602073e-01
86.450000,9.9834620250e-04,2.4399403432e-01
86.500000,1.0013477152e-03,2.4784551862e-01
86.550000,9.9961850277e-04,2.4851001673e-01
86.600000,9.9971274268e-04,2.4457617140e-01
86.650000,1.0018631290e-03,2.4531929395e-01
86.700000,9.9873879295e-04,2.4501649261e-01
86.750000,1.0010934565e-03,2.4007828482e-01
86.800000,9.9740496383e-04,2.4567199713e-01
86.850000,1.0008622268e-03,2.4309244283e-01
86.900000,9.9908796546e-04,2.5048466468e-01
86.950000,1.0011549941e-03,2.4724691035e-01
87.000000,9.9973798926e-04,2.5351296617e-01
87.050000,1.0014636872e-03,2.5154084941e-01
87.100000,9.9972637863e-04,2.4170751139e-01
87.150000,9.9936574062e-04,2.4263679834e-01
87.200000,1.0021621813e-03,2.4541590463e-01
87.250000,1.0004179283e-03,2.4619741262e-01
87.300000,1.0013954698e-03,2.4686857202e-01
87.350000,9.9846978516e-04,2.4350763827e-01
87.400000,1.0008979287e-03,2.4256779769e-01
87.450000,1.0015144333e-03,2.3583363154e-01
87.500000,9.9977185632e-04,2.3836601585e-01
87.550000,9.9843013664e-04,2.4347307282e-01
87.600000,1.0012897608e-03,2.4493521807e-01
87.650000,9.9951124629e-04,2.4339744737e-01
87.700000,1.0009084003e-03,2.4764938579e-01
87.750000,1.0003451885e-03,2.4463931541e-01
87.800000,1.0014622836e-03,2.4579465535e-01
87.850000,1.0005128454e-03,2.3661684590e-01
87.900000,1.0000007742e-03,2.4429555453e-01
87.950000,1.0004210128e-03,2.3729125851e-01
88.000000,9.9818524340e-04,2.4743365816e-01
88.050000,9.9951365789e-04,2.4879425361e-01
88.100000,9.9878186241e-04,2.5302857272e-01
88.150000,1.0008561083e-03,2.4116268526e-01
88.200000,9.9918083141e-04,2.4968282202e-01
88.250000,9.9934350855e-04,2.5215935383e-01
88.300000,9.9972833701e-04,2.4517528581e-01
88.350000,1.0004874719e-03,2.4665804216e-01
88.400000,9.9976352792e-04,2.3230805604e-01
88.450000,1.0013829192e-03,2.5085836015e-01
88.500000,1.0003679779e-03,2.3945247908e-01
88.550000,1.0006165671e-03,2.4023479578e-01
88.600000,9.9967518992e-04,2.4308987894e-01
88.650000,1.0002424272e-03,2.4209399124e-01
88.700000,9.9905040131e-04,2.3974401464e-01
88.750000,1.0006094664e-03,2.4397294836e-01
88.800000,9.9915131413e-04,2.4003224960e-01
88.850000,1.0010042795e-03,2.4259645756e-01
88.900000,9.9963791075e-04,2.4092517499e-01
88.950000,1.0011406500e-03,2.4189370935e-01
89.000000,1.0010492990e-03,2.4715324850e-01
89.050000,1.0003580265e-03,2.4486337533e-01
89.100000,9.9835374864e-04,2.4618987434e-01
89.150000,1.0006218704e-03,2.4511664666e-01
89.200000,1.0017331114e-03,2.4217454779e-01
89.250000,9.9949260264e-04,2.5187958607e-01
89.300000,1.0017242536e-03,2.3895995572e-01
89.350000,9.9944133872e-04,2.4709279499e-01
89.400000,9.9880846693e-04,2.4102526414e-01
89.450000,1.0013001279e-03,2.4888873801e-01
89.500000,1.0002520772e-03,2.4677048925e-01
89.550000,9.9994937043e-04,2.4562810292e-01
89.600000,1.0014045340e-03,2.5077740607e-01
89.650000,1.0013091983e-03,2.4284738889e-01
89.700000,1.0003852617e-03,2.5070741888e-01
89.750000,1.0003937488e-03,2.5307643127e-01
89.800000,1.0006923172e-03,2.4700872576e-01
89.850000,1.0014548628e-03,2.3988068840e-01
89.900000,9.9844199643e-04,2.5062448191e-01
89.950000,1.0005126990e-03,2.4739785893e-01
90.000000,1.0003697549e-03,2.4407003817e-01
90.050000,9.9790063373e-04,2.4024406124e-01
90.100000,9.9994061786e-04,2.4757857799e-01
90.150000,1.0002132403e-03,2.5285018287e-01
90.200000,1.0016732168e-03,2.4498231654e-01
90.250000,1.0006834791e-03,2.4349667556e-01
90.300000,9.9932702446e-04,2.4126266623e-01
90.350000,1.0005066896e-03,2.3749100564e-01
90.400000,1.0004897834e-03,2.5030855174e-01
90.450000,9.9832780381e-04,2.4223155657e-01
90.500000,1.0008448663e-03,2.4554389034e-01
90.550000,1.0004218009e-03,2.3554898535e-01
90.600000,9.9961922100e-04,2.4987070714e-01
90.650000,9.9938541175e-04,2.4294125667e-01
90.700000,9.9966554957e-04,2.4096774600e-01
90.750000,9.9993298687e-04,2.4143691865e-01
90.800000,9.9938509615e-04,2.4378033546e-01
90.850000,9.9974332261e-04,2.4615791442e-01
90.900000,1.0011555682e-03,2.3878544084e-01
90.950000,9.9932250699e-04,2.4180908455e-01
91.000000,9.9971483864e-04,2.4708607906e-01
91.050000,9.9937401530e-04,2.3867145635e-01
91.100000,1.0016180802e-03,2.4345616177e-01
91.150000,9.9915836806e-04,2.4264334195e-01
91.200000,9.9962911656e-04,2.4017101694e-01
91.250000,9.9947297688e-04,2.3796054474e-01
91.300000,9.9848811638e-04,2.3719398553e-01
91.350000,9.9966798687e-04,2.4342261209e-01
91.400000,9.9835027987e-04,2.5046645859e-01
91.450000,9.9902220563e-04,2.4087132117e-01
91.500000,9.9883353272e-04,2.3910014383e-01
91.550000,9.9813431228e-04,2.5420889105e-01
91.600000,1.0018049474e-03,2.3669704616e-01
91.650000,1.0004744928e-03,2.4628632203e-01
91.700000,1.0011720011e-03,2.4337228786e-01
91.750000,1.0010047781e-03,2.4379492417e-01
91.800000,1.0000465189e-03,2.4906940782e-01
91.850000,9.9862053114e-04,2.3862603210e-01
91.900000,9.9943275831e-04,2.4939533039e-01
91.950000,1.0003639873e-03,2.3906995362e-01
92.000000,9.9993607642e-04,2.4703022088e-01
92.050000,1.0002449085e-03,2.3851264478e-01
92.100000,1.0014018162e-03,2.4591670813e-01
92.150000,1.0011637496e-03,2.4220476743e-01
92.200000,9.9857583757e-04,2.3514931127e-01
92.250000,1.0010333561e-03,2.4188887084e-01
92.300000,9.9993029099e-04,2.4771878983e-01
92.350000,9.9874827284e-04,2.5480757305e-01
92.400000,1.0012882482e-03,2.4243554287e-01
92.450000,1.0002301620e-03,2.4143455901e-01
92.500000,9.9994590683e-04,2.4107569728e-01
92.550000,1.0000292148e-03,2.4321908931e-01
92.600000,1.0005999361e-03,2.4712449378e-01
92.650000,1.0013597056e-03,2.4037083917e-01
92.700000,1.0001422297e-03,2.3923385967e-01
92.750000,9.9929977522e-04,2.5285546837e-01
92.800000,1.0003011407e-03,2.4117473534e-01
92.850000,1.0009681674e-03,2.4378681522e-01
92.900000,9.9927865394e-04,2.5277049874e-01
92.950000,9.9926358333e-04,2.4181096970e-01
93.000000,9.9953006657e-04,2.4481203065e-01
93.050000,1.0013499443e-03,2.4211562351e-01
93.100000,9.9797587370e-04,2.3618146676e-01
93.150000,1.0001542005e-03,2.4715950353e-01
93.200000,1.0011229582e-03,2.4345861052e-01
93.250000,1.0001005271e-03,2.4621286420e-01
93.300000,9.9810010979e-04,2.4608492420e-01
93.350000,1.0000187288e-03,2.4479243794e-01
93.400000,1.0004997658e-03,2.3909258557e-01
93.450000,1.0009308320e-03,2.4641901202e-01
93.500000,1.0008566087e-03,2.4462452764e-01
93.550000,9.9967789468e-04,2.4564163450e-01
93.600000,9.9962238199e-04,2.4328804589e-01
93.650000,1.0016648314e-03,2.4957525697e-01
93.700000,9.9995172814e-04,2.5512827405e-01
93.750000,9.9969703291e-04,2.4877969909e-01
93.800000,1.0010549865e-03,2.4594261734e-01
93.850000,9.9913350811e-04,2.4580572620e-01
93.900000,9.9751553696e-04,2.4383860988e-01
93.950000,9.9931451630e-04,2.4293286919e-01
94.000000,9.9801529456e-04,2.4958637873e-01
94.050000,1.0000212429e-03,2.4836735321e-01
94.100000,1.0003062948e-03,2.4574520588e-01
94.150000,9.9998300252e-04,2.4276053186e-01
94.200000,1.0003427537e-03,2.4456064924e-01
94.250000,9.9958097055e-04,2.4190949372e-01
94.300000,1.0008721128e-03,2.3968363985e-01
94.350000,1.0002036013e-03,2.4544905137e-01
94.400000,9.9953445537e-04,2.4809228087e-01
94.450000,9.9955197081e-04,2.3293908948e-01
94.500000,1.0002363051e-03,2.3915588416e-01
94.550000,9.9918536572e-04,2.4523193037e-01
94.600000,1.0003382160e-03,2.4295046888e-01
94.650000,9.9903495535e-04,2.3593231964e-01
94.700000,9.9928501485e-04,2.4814583172e-01
94.750000,9.9953402231e-04,2.5158456972e-01
94.800000,9.9803143344e-04,2.4859875556e-01
94.850000,1.0019156439e-03,2.4479522051e-01
94.900000,9.9817166250e-04,2.4970459776e-01
94.950000,1.0031431829e-03,2.4878528045e-01
95.000000,9.9859993440e-04,2.4110626196e-01
95.050000,1.0000475375e-03,2.4133379050e-01
95.100000,1.0004921149e-03,2.4398304681e-01
95.150000,1.0010471685e-03,2.3958487678e-01
95.200000,1.0002925574e-03,2.3702332889e-01
95.250000,1.0006267678e-03,2.4940819960e-01
95.300000,9.9940191757e-04,2.4375309237e-01
95.350000,1.0013412354e-03,2.4630476207e-01
95.400000,1.0002992994e-03,2.4747129041e-01
95.450000,1.0001639339e-03,2.4371875194e-01
95.500000,9.9951694311e-04,2.4566081407e-01
95.550000,1.0003203746e-03,2.3599177307e-01
95.600000,1.0018869702e-03,2.4494926672e-01
95.650000,9.9937326972e-04,2.5221142185e-01
95.700000,9.9839305459e-04,2.4191775641e-01
95.750000,9.9922220078e-04,2.4449371105e-01
95.800000,1.0004536357e-03,2.3526836178e-01
95.850000,1.0005586553e-03,2.4163357238e-01
95.900000,1.0010428303e-03,2.4904809988e-01
95.950000,1.0000284833e-03,2.4169609537e-01
96.000000,1.0009619369e-03,2.5170842815e-01
96.050000,1.0001668269e-03,2.4802685815e-01
96.100000,9.9860297646e-04,2.3937789058e-01
96.150000,1.0005321305e-03,2.4714917195e-01
96.200000,1.0012707714e-03,2.3924489863e-01
96.250000,9.9891096729e-04,2.5872964552e-01
96.300000,1.0001429991e-03,2.5162331456e-01
96.350000,9.9989213130e-04,2.3911404799e-01
96.400000,1.0006332279e-03,2.4935837468e-01
96.450000,9.9886204315e-04,2.4568287091e-01
96.500000,1.0008549420e-03,2.4290240109e-01
96.550000,1.0012722724e-03,2.3874343474e-01
96.600000,1.0012582082e-03,2.4255454120e-01
96.650000,9.9972026893e-04,2.4206724849e-01
96.700000,1.0001880043e-03,2.4710124831e-01
96.750000,9.9855687390e-04,2.4636455918e-01
96.800000,9.9858057466e-04,2.4805857746e-01
96.850000,1.0000060375e-03,2.4788479905e-01
96.900000,1.0008989172e-03,2.4881959912e-01
96.950000,1.0007573617e-03,2.4642031894e-01
97.000000,9.9940550507e-04,2.4908901252e-01
97.050000,1.0011082641e-03,2.4479668503e-01
97.100000,1.0011936329e-03,2.3932318240e-01
97.150000,9.9985041895e-04,2.4372483771e-01
97.200000,1.0010388436e-03,2.4271035799e-01
97.250000,9.9937205387e-04,2.3844976361e-01
97.300000,9.9989890628e-04,2.4473225981e-01
97.350000,9.9924094602e-04,2.3981679616e-01
97.400000,9.9931513430e-04,2.4724513978e-01
97.450000,9.9919545178e-04,2.4681762277e-01
97.500000,1.0001879502e-03,2.4516073234e-01
97.550000,9.9941870882e-04,2.4737242205e-01
97.600000,1.0003415139e-03,2.4603969469e-01
97.650000,9.9991606009e-04,2.6084962340e-01
97.700000,1.0005429428e-03,2.4804178287e-01
97.750000,9.9913539381e-04,2.4384115424e-01
97.800000,1.0018403111e-03,2.2829022741e-01
97.850000,9.9867571240e-04,2.5034801921e-01
97.900000,9.9822403844e-04,2.5290208906e-01
97.950000,9.9958631245e-04,2.4668517462e-01
98.000000,9.9948900783e-04,2.4443380883e-01
98.050000,9.9892831228e-04,2.3903073957e-01
98.100000,9.9970881076e-04,2.4380294845e-01
98.150000,9.9947435664e-04,2.5204022188e-01
98.200000,1.0006421421e-03,2.4358618770e-01
98.250000,1.0001853407e-03,2.4390333875e-01
98.300000,9.9837415431e-04,2.4069343422e-01
98.350000,1.0021585177e-03,2.4389027282e-01
98.400000,9.9925705679e-04,2.4864128320e-01
98.450000,1.0010256517e-03,2.4348128792e-01
98.500000,9.9933946986e-04,2.4960601075e-01
98.550000,1.0011532614e-03,2.4427164813e-01
98.600000,9.9916235831e-04,2.4336663717e-01
98.650000,9.9995771479e-04,2.4556514756e-01
98.700000,9.9935268390e-04,2.4158829469e-01
98.750000,1.0005454475e-03,2.4605708183e-01
98.800000,9.9987262204e-04,2.4826218955e-01
98.850000,9.9937718278e-04,2.4116373170e-01
98.900000,1.0012222197e-03,2.4504109392e-01
98.950000,9.9810992233e-04,2.5035082037e-01
99.000000,1.0009454308e-03,2.4722816889e-01
99.050000,9.9885952382e-04,2.4319834093e-01
99.100000,1.0002680995e-03,2.4329399960e-01
99.150000,9.9972810291e-04,2.4402054047e-01
99.200000,1.0007447061e-03,2.4664565773e-01
99.250000,1.0009387217e-03,2.4753840938e-01
99.300000,9.9958251136e-04,2.5154593238e-01
99.350000,9.9853902633e-04,2.4915619957e-01
99.400000,1.0001261592e-03,2.4424115228e-01
99.450000,1.0006790008e-03,2.4398374002e-01
99.500000,1.0001128527e-03,2.3823908617e-01
99.550000,9.9944289902e-04,2.5159491573e-01
99.600000,1.0007989502e-03,2.4761759828e-01
99.650000,9.9922066231e-04,2.4630451912e-01
99.700000,9.9880352550e-04,2.4831348518e-01
99.750000,9.9843728606e-04,2.3899746171e-01
99.800000,1.0004290364e-03,2.4506968958e-01
99.850000,9.9994001840e-04,2.4533554785e-01
99.900000,1.0013630144e-03,2.3793318661e-01
99.950000,1.0007632791e-03,2.4817737245e-01
100.000000,1.0009509973e-03,2.2857145337e-01
100.050000,1.0006698913e-03,2.4363821896e-01
100.100000,1.0011862446e-03,2.3904972140e-01
100.150000,9.9923902505e-04,2.4316843296e-01
100.200000,1.0001440382e-03,2.4494619049e-01
100.250000,9.9936655743e-04,2.4706343069e-01
100.300000,9.9932159827e-04,2.4641681302e-01
100.350000,1.0000849629e-03,2.4993973416e-01
100.400000,1.0005054703e-03,2.4554908739e-01
100.450000,1.0006813146e-03,2.4378222272e-01
100.500000,9.9915261445e-04,2.4291915558e-01
100.550000,9.9911274449e-04,2.4608834537e-01
100.600000,1.0006901511e-03,2.3975285828e-01
100.650000,1.0003209377e-03,2.4501235572e-01
100.700000,9.9971495639e-04,2.4166835616e-01
100.750000,1.0003237145e-03,2.4554080000e-01
100.800000,1.0007289965e-03,2.4642805865e-01
100.850000,1.0016675494e-03,2.5347787176e-01
100.900000,9.9905034638e-04,2.4297898581e-01
100.950000,9.9918312692e-04,2.5529419490e-01
101.000000,1.0000772872e-03,2.3846634566e-01
101.050000,9.9908403231e-04,2.5413612186e-01
101.100000,9.9948253655e-04,2.4726813543e-01
101.150000,1.0011514474e-03,2.3754017516e-01
101.200000,9.9971530556e-04,2.3827169046e-01
101.250000,1.0001554770e-03,2.3746057138e-01
101.300000,1.0008990822e-03,2.4709188352e-01
101.350000,1.0002607894e-03,2.4501130712e-01
101.400000,1.0003472541e-03,2.3996362512e-01
101.450000,9.9976299940e-04,2.4799340411e-01
101.500000,1.0007565314e-03,2.5243476116e-01
101.550000,9.9968679062e-04,2.5371191916e-01
101.600000,1.0006218474e-03,2.4444941059e-01
101.650000,1.0007443999e-03,2.4320641737e-01
101.700000,1.0010575459e-03,2.3958061535e-01
101.750000,1.0000945613e-03,2.4300334223e-01
101.800000,9.9973338069e-04,2.4372036468e-01
101.850000,1.0012626808e-03,2.5578767269e-01
101.900000,9.9942821753e-04,2.4384000690e-01
101.950000,1.0002189007e-03,2.4183702327e-01
102.000000,1.0014914336e-03,2.3745830538e-01
102.050000,9.9928616541e-04,2.4369655052e-01
102.100000,9.9874386317e-04,2.4248129591e-01
102.150000,9.9928591308e-04,2.4815575314e-01
102.200000,1.0005344443e-03,2.4692280466e-01
102.250000,1.0010017364e-03,2.5141755066e-01
102.300000,1.0009848839e-03,2.4335495111e-01
102.350000,1.0000672166e-03,2.3584100851e-01
102.400000,9.9990283367e-04,2.4562002677e-01
102.450000,1.0009983082e-03,2.4325486429e-01
102.500000,1.0005984970e-03,2.5135568139e-01
102.550000,9.9865602696e-04,2.4981036443e-01
102.600000,9.9975317022e-04,2.5332551134e-01
102.650000,1.0009334730e-03,2.3956734513e-01
102.700000,1.0013568114e-03,2.4188415968e-01
102.750000,9.9896879424e-04,2.5620608544e-01
102.800000,1.0008806855e-03,2.4489391364e-01
102.850000,1.0016616134e-03,2.4450417776e-01
102.900000,9.9825620785e-04,2.4344397900e-01
102.950000,1.0027358669e-03,2.3880599366e-01
103.000000,9.9907832501e-04,2.4584006447e-01
103.050000,1.0002934092e-03,2.5145942735e-01
103.100000,1.0021085619e-03,2.4975430122e-01
103.150000,1.0008022319e-03,2.3775257690e-01
103.200000,1.0004300376e-03,2.5051851596e-01
103.250000,1.0011489031e-03,2.4365547566e-01
103.300000,9.9977080595e-04,2.5024255172e-01
103.350000,9.9950321177e-04,2.4857079590e-01
103.400000,1.0018640105e-03,2.4067969932e-01
103.450000,9.9903604868e-04,2.5241426592e-01
103.500000,9.9983861713e-04,2.4099390090e-01
103.550000,1.0018289112e-03,2.4711521466e-01
103.600000,1.0002778474e-03,2.4569580340e-01
103.650000,9.9897934390e-04,2.5541377343e-01
103.700000,1.0003449201e-03,2.5184008691e-01
103.750000,1.0002498820e-03,2.4784792216e-01
103.800000,1.0012894987e-03,2.4617462144e-01
103.850000,1.0012660786e-03,2.4142033740e-01
103.900000,1.0005386218e-03,2.4711105570e-01
103.950000,1.0004474735e-03,2.4714486868e-01
104.000000,9.9956862188e-04,2.3831482795e-01
104.050000,1.0012768735e-03,2.4534143782e-01
104.100000,9.9987715769e-04,2.5175615757e-01
104.150000,9.9876898889e-04,2.5479765174e-01
104.200000,1.0001682632e-03,2.4185338250e-01
104.250000,1.0008810133e-03,2.4793591556e-01
104.300000,1.0002335863e-03,2.3735742292e-01
104.350000,9.9960691676e-04,2.5081709093e-01
104.400000,1.0003817394e-03,2.4202926135e-01
104.450000,1.0008054060e-03,2.4149288621e-01
104.500000,9.9937959725e-04,2.3953399441e-01
104.550000,1.0015513495e-03,2.5053450890e-01
104.600000,9.9899494375e-04,2.3993179609e-01
104.650000,1.0006803917e-03,2.4737900864e-01
104.700000,9.9895951635e-04,2.4433553945e-01
104.750000,1.0006734921e-03,2.4683639083e-01
104.800000,9.9812151935e-04,2.4914238768e-01
104.850000,9.9944590428e-04,2.5255055444e-01
104.900000,9.9985389275e-04,2.3937102434e-01
104.950000,9.9882516049e-04,2.4520468486e-01
105.000000,1.0001526623e-03,2.4488159717e-01
105.050000,1.0009008228e-03,2.5414450288e-01
105.100000,9.9935971834e-04,2.3849813368e-01
105.150000,1.0007532879e-03,2.5087091866e-01
105.200000,1.0005880246e-03,2.4849631102e-01
105.250000,9.9971691940e-04,2.4030122538e-01
105.300000,9.9805569784e-04,2.4648198992e-01
105.350000,1.0001913911e-03,2.5058326408e-01
105.400000,9.9939511535e-04,2.4189964599e-01
105.450000,1.0009186740e-03,2.3804367905e-01
105.500000,1.0013739154e-03,2.4683539920e-01
105.550000,1.0001431793e-03,2.4341784825e-01
105.600000,9.9928600644e-04,2.4309658099e-01
105.650000,1.0002984243e-03,2.3814771149e-01
105.700000,1.0007825698e-03,2.4858954724e-01
105.750000,1.0005059389e-03,2.3877878929e-01
105.800000,9.9934643188e-04,2.3331208037e-01
105.850000,9.9909832857e-04,2.5231079221e-01
105.900000,9.9885673424e-04,2.4765097602e-01
105.950000,9.9969155598e-04,2.4912524729e-01
106.000000,1.0016245602e-03,2.4089513277e-01
106.050000,1.0013761940e-03,2.3795797116e-01
106.100000,1.0001553130e-03,2.5925512680e-01
106.150000,9.9982833956e-04,2.4081774102e-01
106.200000,9.9850773392e-04,2.4213613506e-01
106.250000,9.9923024507e-04,2.4667473392e-01
106.300000,9.9980644262e-04,2.4541879751e-01
106.350000,1.0007544914e-03,2.5301319693e-01
106.400000,9.9883766033e-04,2.4898354528e-01
106.450000,9.9892511068e-04,2.5276010438e-01
106.500000,9.9938764724e-04,2.5245857994e-01
106.550000,9.9899384198e-04,2.4111953650e-01
106.600000,9.9994163786e-04,2.4795840397e-01
106.650000,9.9793699992e-04,2.4665946102e-01
106.700000,9.9847308389e-04,2.4478573050e-01
106.750000,9.9946580003e-04,2.5134146752e-01
106.800000,9.9918189882e-04,2.3368970029e-01
106.850000,1.0010677345e-03,2.4493300436e-01
106.900000,9.9956292957e-04,2.4393997070e-01
106.950000,1.0007886148e-03,2.5452599737e-01
107.000000,1.0025604020e-03,2.4590482784e-01
107.050000,1.0000517417e-03,2.4068302071e-01
107.100000,9.9861680947e-04,2.4284271756e-01
107.150000,1.0006877323e-03,2.3475166144e-01
107.200000,9.9974491145e-04,2.4748863149e-01
107.250000,9.9846795634e-04,2.4179922176e-01
107.300000,9.9850283203e-04,2.4622405746e-01
107.350000,9.9982695256e-04,2.5668782701e-01
107.400000,1.0011299978e-03,2.4486503840e-01
107.450000,1.0015126896e-03,2.4286762816e-01
107.500000,1.0005236406e-03,2.4114817443e-01
107.550000,1.0002943587e-03,2.4688898083e-01
107.600000,1.0001715254e-03,2.4680483038e-01
107.650000,1.0004913943e-03,2.4040881049e-01
107.700000,9.9964760096e-04,2.5319847596e-01
107.750000,1.0014010248e-03,2.4060514261e-01
107.800000,9.9965121347e-04,2.4543666250e-01
107.850000,1.0009314832e-03,2.4600925565e-01
107.900000,9.9933881937e-04,2.4159924598e-01
107.950000,9.9939420306e-04,2.5077458785e-01
108.000000,9.9822955625e-04,2.4396022850e-01
108.050000,1.0002570876e-03,2.4336689988e-01
108.100000,9.9966903342e-04,2.5172495285e-01
108.150000,9.9969157538e-04,2.4926598220e-01
108.200000,1.0005376570e-03,2.5665959504e-01
108.250000,9.9850659244e-04,2.4158607013e-01
108.300000,9.9842516828e-04,2.4373331820e-01
108.350000,1.0000403946e-03,2.4848400154e-01
108.400000,1.0004664145e-03,2.3974292745e-01
108.450000,1.0009998411e-03,2.4818092724e-01
108.500000,1.0006702685e-03,2.5115020305e-01
108.550000,9.9989904995e-04,2.4543519849e-01
108.600000,1.0017210146e-03,2.4968773522e-01
108.650000,9.9875194038e-04,2.4382656680e-01
108.700000,1.0002569520e-03,2.4765563591e-01
108.750000,1.0013651354e-03,2.3742462895e-01
108.800000,9.9975010659e-04,2.5258249130e-01
108.850000,1.0009953777e-03,2.4683510855e-01
108.900000,9.9988926281e-04,2.4427282189e-01
108.950000,1.0003680329e-03,2.4291702796e-01
109.000000,1.0007196307e-03,2.5096314202e-01
109.050000,1.0007061641e-03,2.4542823607e-01
109.100000,9.9847013164e-04,2.4032057698e-01
109.150000,9.9939295121e-04,2.4753168756e-01
109.200000,9.9909062463e-04,2.4260826052e-01
109.250000,1.0003081399e-03,2.3629017712e-01
109.300000,9.9969077220e-04,2.4422202997e-01
109.350000,1.0020401574e-03,2.4484665454e-01
109.400000,1.0002371250e-03,2.3426272378e-01
109.450000,1.0023219661e-03,2.4243799588e-01
109.500000,9.9963504355e-04,2.4973187671e-01
109.550000,1.0008521719e-03,2.4287515114e-01
109.600000,1.0003388339e-03,2.4428178957e-01
109.650000,9.9941209328e-04,2.4168141265e-01
109.700000,1.0009726334e-03,2.5102422572e-01
109.750000,9.9888155679e-04,2.4472487274e-01
109.800000,1.0010445890e-03,2.4088038644e-01
109.850000,9.9811291331e-04,2.4573385930e-01
109.900000,1.0011347291e-03,2.5031126860e-01
109.950000,9.9881776560e-04,2.4054756549e-01
110.000000,9.9984210705e-04,2.4522399404e-01
110.050000,1.0006183362e-03,2.4015986152e-01
110.100000,1.0007561763e-03,2.3857808611e-01
110.150000,1.0006694966e-03,2.4495295011e-01
110.200000,9.9987577122e-04,2.4306118776e-01
110.250000,9.9988771573e-04,2.4628492504e-01
110.300000,9.9926903235e-04,2.4161596725e-01
110.350000,9.9965936737e-04,2.5212586490e-01
110.400000,9.9981125096e-04,2.4316792941e-01
110.450000,1.0004306477e-03,2.5825640865e-01
110.500000,9.9800155213e-04,2.3500769861e-01
110.550000,1.0003262776e-03,2.4625371377e-01
110.600000,9.9873760428e-04,2.4744400593e-01
110.650000,9.9895675412e-04,2.4028412057e-01
110.700000,9.9999024796e-04,2.3468392420e-01
110.750000,1.0009421342e-03,2.4478436959e-01
110.800000,1.0005998593e-03,2.4695006843e-01
110.850000,1.0020780410e-03,2.5103597279e-01
110.900000,9.9957280124e-04,2.4759506252e-01
110.950000,1.0007041850e-03,2.5295516154e-01
111.000000,1.0009538901e-03,2.3625137362e-01
111.050000,1.0002373370e-03,2.4121102657e-01
111.100000,1.0019678379e-03,2.5019007445e-01
111.150000,1.0007325623e-03,2.3863437922e-01
111.200000,1.0007905995e-03,2.4440816202e-01
111.250000,1.0004318063e-03,2.4320226730e-01
111.300000,1.0002582078e-03,2.4337010892e-01
111.350000,1.0003101912e-03,2.4175076724e-01
111.400000,1.0002633872e-03,2.4901848194e-01
111.450000,9.9977517593e-04,2.4433585977e-01
111.500000,1.0003365485e-03,2.5074904189e-01
111.550000,9.9956582810e-04,2.3985984447e-01
111.600000,1.0014261285e-03,2.5570729930e-01
111.650000,1.0011330165e-03,2.5048557183e-01
111.700000,9.9949025508e-04,2.4840382645e-01
111.750000,1.0003307985e-03,2.4354200189e-01
111.800000,1.0018211602e-03,2.4354647839e-01
111.850000,9.9978471653e-04,2.3793343618e-01
111.900000,9.9942815509e-04,2.4483632515e-01
111.950000,9.9977725017e-04,2.4392997910e-01
112.000000,1.0019695343e-03,2.5229269901e-01
112.050000,9.9987815614e-04,2.4641070822e-01
112.100000,9.9924506744e-04,2.3875115258e-01
112.150000,1.0010206127e-03,2.4737392915e-01
112.200000,1.0005225899e-03,2.3751660095e-01
112.250000,9.9996601058e-04,2.4371991873e-01
112.300000,1.0008521364e-03,2.4440291153e-01
112.350000,9.9810443021e-04,2.3960240760e-01
112.400000,1.0014427690e-03,2.5107347846e-01
112.450000,1.0004927047e-03,2.4902149870e-01
112.500000,1.0008891366e-03,2.5050260811e-01
112.550000,1.0004355200e-03,2.3889891460e-01
112.600000,9.9905196352e-04,2.5234613256e-01
112.650000,9.9952358028e-04,2.4125192321e-01
112.700000,1.0011605536e-03,2.4544409351e-01
112.750000,9.9806554867e-04,2.4126320683e-01
112.800000,1.0004477614e-03,2.3490984645e-01
112.850000,1.0000319017e-03,2.4513783686e-01
112.900000,1.0006062701e-03,2.4036884810e-01
112.950000,1.0000110800e-03,2.4886706387e-01
113.000000,1.0006839841e-03,2.4647616264e-01
113.050000,1.0002759034e-03,2.4759076619e-01
113.100000,9.9851764020e-04,2.4486480469e-01
113.150000,1.0015563448e-03,2.5509415281e-01
113.200000,1.0000514248e-03,2.4158810219e-01
113.250000,9.9954167035e-04,2.4581001363e-01
113.300000,9.9960822227e-04,2.4589729362e-01
113.350000,1.0013443702e-03,2.4860412330e-01
113.400000,9.9924746014e-04,2.3811991124e-01
113.450000,1.0001227669e-03,2.4137555739e-01
113.500000,9.9989763694e-04,2.4290440749e-01
113.550000,1.0013408201e-03,2.3848184516e-01
113.600000,9.9978408112e-04,2.4633748307e-01
113.650000,9.9998070569e-04,2.4900648390e-01
113.700000,9.9979198082e-04,2.6604050837e-01
113.750000,9.9942601172e-04,2.5187748367e-01
113.800000,1.0002426882e-03,2.4270864595e-01
113.850000,1.0011263420e-03,2.3734239181e-01
113.900000,1.0022969951e-03,2.4531543991e-01
113.950000,1.0006961571e-03,2.4869183691e-01
114.000000,1.0003992700e-03,2.5135710216e-01
114.050000,9.9888878375e-04,2.4122365983e-01
114.100000,9.9955361321e-04,2.4568229281e-01
114.150000,1.0005396196e-03,2.5275210110e-01
114.200000,9.9997993931e-04,2.4066539690e-01
114.250000,1.0004913406e-03,2.4382296508e-01
114.300000,9.9968194389e-04,2.4394944097e-01
114.350000,9.9885009410e-04,2.4377293759e-01
114.400000,9.9810428498e-04,2.4433877580e-01
114.450000,1.0000379285e-03,2.4398233253e-01
114.500000,9.9983086769e-04,2.3832075737e-01
114.550000,9.9803053867e-04,2.5536939076e-01
114.600000,9.9905603741e-04,2.5057285933e-01
114.650000,9.9828621702e-04,2.5470497147e-01
114.700000,9.9914345693e-04,2.5343705892e-01
114.750000,1.0026654719e-03,2.4133298052e-01
114.800000,9.9905939079e-04,2.3558084485e-01
114.850000,1.0007513246e-03,2.4429413765e-01
114.900000,1.0010537157e-03,2.4266979604e-01
114.950000,1.0004364737e-03,2.3872353982e-01
115.000000,1.0012001526e-03,2.2915474742e-01
115.050000,9.9880343520e-04,2.4782023436e-01
115.100000,1.0001427847e-03,2.4287684174e-01
115.150000,1.0003623866e-03,2.5160730307e-01
115.200000,9.9960970038e-04,2.4521494359e-01
115.250000,9.9935568288e-04,2.4671529863e-01
115.300000,1.0010451290e-03,2.4089452177e-01
115.350000,9.9928112993e-04,2.4866597853e-01
115.400000,1.0012227875e-03,2.4417182733e-01
115.450000,1.0017154678e-03,2.4088426830e-01
115.500000,9.9992279642e-04,2.4461762182e-01
115.550000,1.0000745535e-03,2.4365205794e-01
115.600000,9.9978237834e-04,2.4619246520e-01
115.650000,1.0003551692e-03,2.5026485444e-01
115.700000,9.9980299693e-04,2.5325278022e-01
115.750000,9.9980810989e-04,2.5514583497e-01
115.800000,9.9986208158e-04,2.4006971945e-01
115.850000,9.9703396525e-04,2.4153124823e-01
115.900000,9.9855977276e-04,2.5246314163e-01
115.950000,1.0005639614e-03,2.4451190480e-01
116.000000,9.9887289403e-04,2.3326313044e-01
116.050000,1.0001415820e-03,2.4584492001e-01
116.100000,9.9893583638e-04,2.5025291102e-01
116.150000,1.0000785585e-03,2.4705646980e-01
116.200000,9.9792022949e-04,2.4420670434e-01
116.250000,9.9993401992e-04,2.4839358780e-01
116.300000,9.9925776729e-04,2.4702307207e-01
116.350000,9.9987450532e-04,2.4804663298e-01
116.400000,9.9984748496e-04,2.5036017242e-01
116.450000,1.0001320712e-03,2.4581665566e-01
116.500000,9.9942967155e-04,2.4142599480e-01
116.550000,9.9782586716e-04,2.4244317221e-01
116.600000,1.0000842456e-03,2.4217740492e-01
116.650000,9.9860301313e-04,2.4950335703e-01
116.700000,9.9933230479e-04,2.5061038405e-01
116.750000,1.0005678722e-03,2.4523358593e-01
116.800000,9.9858880267e-04,2.4471287202e-01
116.850000,1.0004611263e-03,2.4655939670e-01
116.900000,1.0003686059e-03,2.5029800291e-01
116.950000,1.0020706191e-03,2.5127492252e-01
117.000000,9.9977878094e-04,2.5208034893e-01
117.050000,9.9942187608e-04,2.5563988387e-01
117.100000,1.0015572234e-03,2.5015334824e-01
117.150000,1.0024916841e-03,2.3924105480e-01
117.200000,9.9890714225e-04,2.5767668936e-01
117.250000,1.0003137330e-03,2.4354856320e-01
117.300000,9.9986312117e-04,2.4435081742e-01
117.350000,9.9806508168e-04,2.4110131803e-01
117.400000,9.9996010890e-04,2.4401941755e-01
117.450000,1.0002601520e-03,2.4989571409e-01
117.500000,9.9892349762e-04,2.4483466907e-01
117.550000,1.0009596219e-03,2.3671178698e-01
117.600000,1.0008176336e-03,2.4619587186e-01
117.650000,1.0001945746e-03,2.3974476841e-01
117.700000,9.9823568296e-04,2.3752262840e-01
117.750000,9.9990209275e-04,2.3819538226e-01
117.800000,9.9797865786e-04,2.3954806777e-01
117.850000,1.0002355118e-03,2.4557947935e-01
117.900000,1.0002658921e-03,2.4823436675e-01
117.950000,9.9814002773e-04,2.5590437548e-01
118.000000,9.9969142811e-04,2.4235963495e-01
118.050000,9.9920014710e-04,2.4521841525e-01
118.100000,9.9986247512e-04,2.4503437534e-01
118.150000,1.0003592569e-03,2.4774113508e-01
118.200000,9.9978558911e-04,2.4292212042e-01
118.250000,1.0013806890e-03,2.4005947807e-01
118.300000,1.0010240071e-03,2.3992512885e-01
118.350000,1.0001544797e-03,2.4343510941e-01
118.400000,9.9838848044e-04,2.3801424207e-01
118.450000,1.0006544105e-03,2.4277542332e-01
118.500000,9.9912076570e-04,2.5858172464e-01
118.550000,1.0003525905e-03,2.4975096876e-01
118.600000,1.0001758674e-03,2.4320467306e-01
118.650000,9.9956822373e-04,2.4562600519e-01
118.700000,9.9972469722e-04,2.4599407168e-01
118.750000,1.0007168734e-03,2.5611210374e-01
118.800000,9.9918969688e-04,2.5149484342e-01
118.850000,9.9995630985e-04,2.4618552139e-01
118.900000,1.0007978530e-03,2.4122892269e-01
118.950000,1.0009384376e-03,2.4660868481e-01
119.000000,9.9990873550e-04,2.4465881412e-01
119.050000,9.9923557415e-04,2.4457715822e-01
119.100000,9.9944245599e-04,2.4971513245e-01
119.150000,1.0005206551e-03,2.4094681526e-01
119.200000,1.0002287702e-03,2.3280822769e-01
119.250000,9.9804754145e-04,2.4828354303e-01
119.300000,9.9977718992e-04,2.4520326684e-01
119.350000,9.9967777363e-04,2.4333812792e-01
119.400000,1.0006529778e-03,2.4657464074e-01
119.450000,1.0002180628e-03,2.4146898493e-01
119.500000,9.9799584253e-04,2.4133789189e-01
119.550000,1.0011106939e-03,2.5260526333e-01
119.600000,9.9886544573e-04,2.4554349316e-01
119.650000,1.0012137967e-03,2.4829479302e-01
119.700000,1.0008140021e-03,2.4725923445e-01
119.750000,9.9983806094e-04,2.4578480432e-01
119.800000,1.0021307045e-03,2.3998205404e-01
119.850000,9.9947895242e-04,2.3949374608e-01
119.900000,1.0008859183e-03,2.5003857244e-01
119.950000,9.9960688898e-04,2.4802918985e-01
120.000000,9.9976278953e-04,2.4544257702e-01
120.050000,9.9914448983e-04,2.4837674364e-01
120.100000,1.0007702952e-03,2.4035158076e-01
120.150000,9.9956994219e-04,2.4576864782e-01
120.200000,9.9904353718e-04,2.4732213017e-01
120.250000,1.0013938587e-03,2.5852339821e-01
120.300000,9.9842259253e-04,2.3933213118e-01
120.350000,1.0004985088e-03,2.4833386679e-01
120.400000,9.9977415351e-04,2.4390937065e-01
120.450000,9.9983199670e-04,2.3853089709e-01
120.500000,9.9859090775e-04,2.4160173305e-01
120.550000,1.0016754097e-03,2.5968038294e-01
120.600000,9.9835171722e-04,2.4626738425e-01
120.650000,1.0011651123e-03,2.4279906494e-01
120.700000,1.0005863861e-03,2.4960851964e-01
120.750000,9.9998712150e-04,2.4044526331e-01
120.800000,9.9830643445e-04,2.4498036732e-01
120.850000,9.9982180750e-04,2.4715373195e-01
120.900000,9.9907759634e-04,2.5046257834e-01
120.950000,9.9879691117e-04,2.5036647949e-01
121.000000,9.9920086202e-04,2.5409418810e-01
121.050000,9.9968630979e-04,2.3894900373e-01
121.100000,1.0021680160e-03,2.5005963190e-01
121.150000,1.0006001902e-03,2.4366709170e-01
121.200000,9.9881660100e-04,2.4932405102e-01
121.250000,1.0006780758e-03,2.4968620955e-01
121.300000,9.9986710222e-04,2.5509626599e-01
121.350000,1.0017845402e-03,2.4933449237e-01
121.400000,9.9834740240e-04,2.5445990006e-01
121.450000,9.9956502596e-04,2.4675517943e-01
121.500000,1.0017489307e-03,2.5551997406e-01
121.550000,9.9891205140e-04,2.4453293140e-01
121.600000,9.9997052191e-04,2.4633954132e-01
121.650000,9.9956281253e-04,2.4100106143e-01
121.700000,9.9752816533e-04,2.5161686143e-01
121.750000,9.9934570692e-04,2.5602982031e-01
121.800000,1.0017740917e-03,2.4234593211e-01
121.850000,1.0009480431e-03,2.4369561671e-01
121.900000,9.9978115280e-04,2.4678264753e-01
121.950000,9.9828094809e-04,2.3675269565e-01
122.000000,9.9970407268e-04,2.4974675249e-01
122.050000,9.9963280763e-04,2.4565096498e-01
122.100000,9.9925404560e-04,2.5119917015e-01
122.150000,9.9946266321e-04,2.4940875771e-01
122.200000,1.0009447023e-03,2.4462220326e-01
122.250000,1.0005245134e-03,2.5407482843e-01
122.300000,1.0002482788e-03,2.4465967698e-01
122.350000,1.0008458464e-03,2.5173478376e-01
122.400000,1.0001193362e-03,2.3658284844e-01
122.450000,9.9970198924e-04,2.4634986705e-01
122.500000,9.9884412290e-04,2.5160937158e-01
122.550000,1.0008255160e-03,2.4690937525e-01
122.600000,9.9944699572e-04,2.3560571363e-01
122.650000,9.9998858440e-04,2.4151904144e-01
122.700000,1.0000526490e-03,2.4566419507e-01
122.750000,9.9896949320e-04,2.4373340243e-01
122.800000,9.9870235937e-04,2.4545972042e-01
122.850000,9.9901305385e-04,2.5109717805e-01
122.900000,1.0001535566e-03,2.4473815189e-01
122.950000,1.0001841261e-03,2.4701862925e-01
123.000000,9.9950656801e-04,2.4813845848e-01
123.050000,1.0003549045e-03,2.4821159753e-01
123.100000,9.9987844619e-04,2.4161068624e-01
123.150000,1.0016610109e-03,2.4651349570e-01
123.200000,1.0019537446e-03,2.4549960846e-01
123.250000,9.9845856751e-04,2.4809087162e-01
123.300000,9.9922811022e-04,2.3537139900e-01
123.350000,1.0010734664e-03,2.4672591927e-01
123.400000,9.9909324161e-04,2.4828369601e-01
123.450000,1.0001851533e-03,2.5264093319e-01
123.500000,9.9926762470e-04,2.4798781162e-01
123.550000,9.9961771271e-04,2.4139895371e-01
123.600000,9.9981007785e-04,2.5248458387e-01
123.650000,1.0011685014e-03,2.4703870984e-01
123.700000,9.9999252225e-04,2.4149518539e-01
123.750000,1.0011003123e-03,2.4402607169e-01
123.800000,9.9844905298e-04,2.4736348845e-01
123.850000,9.9994832366e-04,2.3950117401e-01
123.900000,1.0020536529e-03,2.4489536735e-01
123.950000,9.9965161947e-04,2.5077161824e-01
124.000000,9.9871991207e-04,2.4304708946e-01
124.050000,9.9982832743e-04,2.4269867585e-01
124.100000,9.9995838566e-04,2.4869200085e-01
124.150000,9.9909866812e-04,2.4790656202e-01
124.200000,1.0006191383e-03,2.4750903099e-01
124.250000,1.0004421144e-03,2.4275332501e-01
124.300000,1.0002449440e-03,2.4435008538e-01
124.350000,1.0001249901e-03,2.4955073144e-01
124.400000,9.9907854258e-04,2.4057884228e-01
124.450000,1.0013698771e-03,2.4455530751e-01
124.500000,9.9969005140e-04,2.4344841203e-01
124.550000,9.9881875899e-04,2.4953412893e-01
124.600000,9.9939677782e-04,2.3961659353e-01
124.650000,1.0004581314e-03,2.3656169283e-01
124.700000,1.0026210205e-03,2.5003230953e-01
124.750000,1.0020207299e-03,2.3976082033e-01
124.800000,1.0021435882e-03,2.4005053736e-01
124.850000,9.9957006223e-04,2.4299316633e-01
124.900000,9.9975844265e-04,2.4829494348e-01
124.950000,1.0008009713e-03,2.5030471171e-01
125.000000,9.9920467758e-04,2.3963402921e-01
125.050000,9.9934101101e-04,2.4769538225e-01
125.100000,1.0011029977e-03,2.4758972546e-01
125.150000,1.0009450723e-03,2.4214668379e-01
125.200000,9.9921548727e-04,2.4031516105e-01
125.250000,1.0014626867e-03,2.3797565596e-01
125.300000,9.9962366756e-04,2.4393353402e-01
125.350000,9.9951719264e-04,2.4609668140e-01
125.400000,9.9882980702e-04,2.3911530792e-01
125.450000,1.0009573761e-03,2.4205985735e-01
125.500000,9.9808395479e-04,2.4357883335e-01
125.550000,1.0013568347e-03,2.4312910301e-01
125.600000,9.9969196843e-04,2.4887468048e-01
125.650000,9.9891637428e-04,2.3664058834e-01
125.700000,9.9970776293e-04,2.4147645924e-01
125.750000,9.9996659312e-04,2.4702793614e-01
125.800000,1.0005930372e-03,2.4290028457e-01
125.850000,1.0006317821e-03,2.4558941499e-01
125.900000,1.0004961551e-03,2.3429780529e-01
125.950000,9.9929711540e-04,2.4105180039e-01
126.000000,9.9793304903e-04,2.5062108361e-01
126.050000,1.0016048983e-03,2.4627391859e-01
126.100000,1.0014617146e-03,2.4488829518e-01
126.150000,9.9968911099e-04,2.5119695533e-01
126.200000,1.0018495188e-03,2.3903542656e-01
126.250000,9.9915991517e-04,2.4915273580e-01
126.300000,1.0002879415e-03,2.4297079576e-01
126.350000,9.9933791184e-04,2.4143747276e-01
126.400000,9.9965183326e-04,2.4148339576e-01
126.450000,9.9925144121e-04,2.4583499703e-01
126.500000,9.9981944329e-04,2.4498682504e-01
126.550000,9.9882237428e-04,2.3702048813e-01
126.600000,1.0003896936e-03,2.5011398179e-01
126.650000,9.9937754657e-04,2.5088315965e-01
126.700000,9.9974909751e-04,2.4610131635e-01
126.750000,1.0022260645e-03,2.3824735725e-01
126.800000,1.0006900071e-03,2.4048512341e-01
126.850000,9.9946042863e-04,2.4332463662e-01
126.900000,9.9909420983e-04,2.5156572089e-01
126.950000,1.0009985320e-03,2.3322212181e-01
127.000000,1.0001774768e-03,2.4670023598e-01
127.050000,1.0004315307e-03,2.4592959060e-01
127.100000,1.0005094505e-03,2.4468277644e-01
127.150000,1.0000792690e-03,2.4486531401e-01
127.200000,9.9881491427e-04,2.4125765864e-01
127.250000,9.9979284333e-04,2.5005174001e-01
127.300000,9.9957905879e-04,2.5222542841e-01
127.350000,1.0014949151e-03,2.4450525116e-01
127.400000,9.9875115807e-04,2.4505072343e-01
127.450000,9.9900762777e-04,2.4512190615e-01
127.500000,1.0006682116e-03,2.4204545330e-01
127.550000,1.0001013599e-03,2.3591603642e-01
127.600000,9.9961522691e-04,2.4106743884e-01
127.650000,1.0018610269e-03,2.4499319534e-01
127.700000,1.0009055154e-03,2.3710011604e-01
127.750000,9.9810928127e-04,2.4581749874e-01
127.800000,9.9863237213e-04,2.5213492276e-01
127.850000,9.9991841865e-04,2.4579233350e-01
127.900000,1.0000084917e-03,2.4666982493e-01
127.950000,1.0008981936e-03,2.4668381344e-01
128.000000,9.9750532376e-04,2.3262661833e-01
128.050000,9.9952377689e-04,2.5063426370e-01
128.100000,1.0001083396e-03,2.4168122450e-01
128.150000,1.0017917535e-03,2.4144873515e-01
128.200000,9.9896929872e-04,2.4817027225e-01
128.250000,9.9765738079e-04,2.4402300107e-01
128.300000,1.0005192272e-03,2.4662073331e-01
128.350000,9.9960598355e-04,2.3852826591e-01
128.400000,1.0016844477e-03,2.4632638705e-01
128.450000,1.0004927196e-03,2.4512867940e-01
128.500000,1.0002537094e-03,2.4578147546e-01
128.550000,1.0003429637e-03,2.4411953757e-01
128.600000,1.0012316090e-03,2.3875280463e-01
128.650000,9.9857874692e-04,2.4785989398e-01
128.700000,9.9996739269e-04,2.4201941789e-01
128.750000,9.9899539503e-04,2.4382265863e-01
128.800000,9.9883035231e-04,2.5138625033e-01
128.850000,9.9971597958e-04,2.4215194435e-01
128.900000,9.9983453562e-04,2.3908162596e-01
128.950000,9.9965037770e-04,2.4328121263e-01
129.000000,1.0011664179e-03,2.5082563473e-01
129.050000,1.0021128326e-03,2.4853225015e-01
129.100000,9.9873194518e-04,2.4549398225e-01
129.150000,1.0011216220e-03,2.4704967343e-01
129.200000,9.9926465667e-04,2.4278461004e-01
129.250000,9.9903392065e-04,2.3791219551e-01
129.300000,1.0010474880e-03,2.4258169693e-01
129.350000,1.0014560365e-03,2.4172885420e-01
129.400000,1.0000306530e-03,2.4163488473e-01
129.450000,9.9853976920e-04,2.4623312505e-01
129.500000,1.0000672558e-03,2.4792733923e-01
129.550000,1.0004143442e-03,2.4509948957e-01
129.600000,1.0004721534e-03,2.4208034469e-01
129.650000,9.9806394609e-04,2.4818293018e-01
129.700000,9.9925508321e-04,2.4394018202e-01
129.750000,1.0010917818e-03,2.4917162386e-01
129.800000,9.9885318528e-04,2.5268974830e-01
129.850000,9.9927595230e-04,2.4343578522e-01
129.900000,9.9846470948e-04,2.4587409123e-01
129.950000,1.0024826508e-03,2.4089697560e-01
130.000000,9.9784876909e-04,2.5520527007e-01
130.050000,1.0005034005e-03,2.5006750650e-01
130.100000,1.0020887195e-03,2.5065392154e-01
130.150000,9.9814214024e-04,2.3878796314e-01
130.200000,1.0011536329e-03,2.4784417114e-01
130.250000,1.0011385764e-03,2.3755474356e-01
130.300000,1.0004145305e-03,2.3761323888e-01
130.350000,9.9812594991e-04,2.4781612567e-01
130.400000,1.0015100031e-03,2.4312449813e-01
130.450000,1.0023678566e-03,2.4581143287e-01
130.500000,9.9989981004e-04,2.4771853167e-01
130.550000,1.0006307303e-03,2.3873496781e-01
130.600000,1.0003151208e-03,2.4911511329e-01
130.650000,9.9942576335e-04,2.5658765881e-01
130.700000,1.0001507503e-03,2.4002024883e-01
130.750000,1.0002294311e-03,2.5223247151e-01
130.800000,1.0000928258e-03,2.4646333824e-01
130.850000,1.0009908128e-03,2.4157639567e-01
130.900000,9.9871649766e-04,2.4616194977e-01
130.950000,1.0005518232e-03,2.4615221143e-01
131.000000,1.0006155365e-03,2.5182036125e-01
131.050000,9.9987881443e-04,2.4650166705e-01
131.100000,1.0004884698e-03,2.4257980962e-01
131.150000,9.9988031497e-04,2.4247008787e-01
131.200000,9.9860731010e-04,2.4797942749e-01
131.250000,9.9814236444e-04,2.5508480323e-01
131.300000,9.9999639228e-04,2.4911725863e-01
131.350000,1.0016016153e-03,2.5115943597e-01
131.400000,1.0005110724e-03,2.4190597248e-01
131.450000,9.9867083926e-04,2.5033509043e-01
131.500000,1.0005126833e-03,2.4626484648e-01
131.550000,9.9902530271e-04,2.4269610813e-01
131.600000,1.0003204281e-03,2.4144786972e-01
131.650000,1.0014090905e-03,2.4400934617e-01
131.700000,9.9986200725e-04,2.4959245227e-01
131.750000,1.0004415158e-03,2.4979323613e-01
131.800000,1.0004457778e-03,2.4277067910e-01
131.850000,1.0005853428e-03,2.4358830187e-01
131.900000,1.0008472674e-03,2.5152067764e-01
131.950000,9.9993728539e-04,2.4594104991e-01
132.000000,1.0005256826e-03,2.5023505747e-01
132.050000,1.0002062840e-03,2.5240413280e-01
132.100000,1.0012750024e-03,2.4585963998e-01
132.150000,1.0004726139e-03,2.4237204527e-01
132.200000,9.9945995770e-04,2.4861590446e-01
132.250000,1.0001039223e-03,2.4520897990e-01
132.300000,1.0009298397e-03,2.4593212375e-01
132.350000,1.0022153973e-03,2.5197010479e-01
132.400000,9.9983603730e-04,2.4639871784e-01
132.450000,1.0010501120e-03,2.4846315330e-01
132.500000,1.0003312319e-03,2.4368743894e-01
132.550000,1.0000728329e-03,2.4346024816e-01
132.600000,1.0003639163e-03,2.4474239372e-01
132.650000,1.0009250979e-03,2.6089017340e-01
132.700000,1.0011993342e-03,2.3857242292e-01
132.750000,9.9938522586e-04,2.5010911682e-01
132.800000,1.0002383557e-03,2.5088982705e-01
132.850000,1.0008435054e-03,2.4233797979e-01
132.900000,9.9852365591e-04,2.5415835788e-01
132.950000,9.9877272952e-04,2.4547493337e-01
133.000000,1.0004590663e-03,2.4795568875e-01
133.050000,1.0001542192e-03,2.3984956253e-01
133.100000,1.0003596874e-03,2.3997116709e-01
133.150000,9.9905850272e-04,2.4582760443e-01
133.200000,1.0006286998e-03,2.4634998805e-01
133.250000,9.9908608712e-04,2.5331940169e-01
133.300000,1.0005665527e-03,2.4704468930e-01
133.350000,1.0010637040e-03,2.4608148170e-01
133.400000,1.0010259108e-03,2.4850382536e-01
133.450000,9.9988908744e-04,2.4317550914e-01
133.500000,1.0003644043e-03,2.4415799928e-01
133.550000,9.9912168944e-04,2.3805188242e-01
133.600000,9.9914842117e-04,2.3906437594e-01
133.650000,9.9974322726e-04,2.4355870882e-01
133.700000,9.9920396449e-04,2.4111985244e-01
133.750000,1.0009004503e-03,2.4583594103e-01
133.800000,1.0001045847e-03,2.4252655777e-01
133.850000,1.0009034875e-03,2.4938998648e-01
133.900000,1.0012040574e-03,2.3476072974e-01
133.950000,9.9985565796e-04,2.4523273934e-01
134.000000,9.9956082745e-04,2.4587436150e-01
134.050000,1.0016290182e-03,2.4225171325e-01
134.100000,1.0007368864e-03,2.4527834359e-01
134.150000,1.0004009081e-03,2.5212539358e-01
134.200000,1.0014051298e-03,2.3992844556e-01
134.250000,1.0007448653e-03,2.4310094066e-01
134.300000,9.9854284782e-04,2.4405279688e-01
134.350000,9.9993733661e-04,2.4178059354e-01
134.400000,9.9927528524e-04,2.5140395328e-01
134.450000,9.9946396029e-04,2.3743315089e-01
134.500000,9.9932142304e-04,2.4573722067e-01
134.550000,1.0004655989e-03,2.3984972544e-01
134.600000,1.0012251864e-03,2.5579981148e-01
134.650000,9.9955356349e-04,2.4263762044e-01
134.700000,1.0004539469e-03,2.4862138069e-01
134.750000,1.0002022758e-03,2.3851129139e-01
134.800000,9.9834868732e-04,2.4379796748e-01
134.850000,9.9909848859e-04,2.3746058887e-01
134.900000,9.9965363539e-04,2.4374327734e-01
134.950000,1.0001506291e-03,2.4499163491e-01
135.000000,9.9996412044e-04,2.4217123777e-01
135.050000,9.9902844617e-04,2.3869295176e-01
135.100000,9.9978989942e-04,2.3811657860e-01
135.150000,1.0002212061e-03,2.5074189032e-01
135.200000,9.9812190349e-04,2.4685582594e-01
135.250000,1.0001581030e-03,2.4058939033e-01
135.300000,1.0000339049e-03,2.5276142922e-01
135.350000,1.0019315415e-03,2.5013364639e-01
135.400000,9.9742901902e-04,2.4582447767e-01
135.450000,1.0013338989e-03,2.4300271785e-01
135.500000,9.9897401348e-04,2.5183105756e-01
135.550000,1.0017321058e-03,2.4293362120e-01
135.600000,1.0002716317e-03,2.4582622791e-01
135.650000,9.9969001914e-04,2.4430244343e-01
135.700000,1.0002879634e-03,2.3959251696e-01
135.750000,1.0013153080e-03,2.5385389271e-01
135.800000,1.0002906367e-03,2.3774721666e-01
135.850000,1.0031302158e-03,2.4657928376e-01
135.900000,9.9924309725e-04,2.4356963104e-01
135.950000,1.0002765550e-03,2.4084324143e-01
136.000000,1.0003970432e-03,2.5871714736e-01
136.050000,9.9879124101e-04,2.4044104977e-01
136.100000,1.0015240745e-03,2.4892854469e-01
136.150000,1.0023102370e-03,2.4585827560e-01
136.200000,9.9954192691e-04,2.5671034771e-01
136.250000,1.0001907576e-03,2.4849670474e-01
136.300000,9.9793118578e-04,2.4367300577e-01
136.350000,1.0000737615e-03,2.4317897916e-01
136.400000,1.0007859466e-03,2.4506465333e-01
136.450000,9.9963915570e-04,2.5372336872e-01
136.500000,9.9859909180e-04,2.4232791921e-01
136.550000,1.0000711225e-03,2.5553581148e-01
136.600000,9.9899782209e-04,2.4441936868e-01
136.650000,9.9999223610e-04,2.4655315133e-01
136.700000,9.9958949917e-04,2.4774729412e-01
136.750000,9.9979108454e-04,2.3778774503e-01
136.800000,9.9951791175e-04,2.4932486472e-01
136.850000,1.0001013956e-03,2.4270001015e-01
136.900000,9.9909488676e-04,2.4821755300e-01
136.950000,1.0009726893e-03,2.4065967859e-01
137.000000,1.0014337295e-03,2.4357927834e-01
137.050000,1.0021828683e-03,2.5120513662e-01
137.100000,1.0016863532e-03,2.4404985083e-01
137.150000,1.0019836839e-03,2.4496608070e-01
137.200000,1.0010826082e-03,2.4638688966e-01
137.250000,9.9954951596e-04,2.4701592827e-01
137.300000,9.9995753100e-04,2.4093492892e-01
137.350000,9.9876816178e-04,2.5180498722e-01
137.400000,1.0009874388e-03,2.4407015359e-01
137.450000,1.0025457509e-03,2.4119686106e-01
137.500000,1.0011117068e-03,2.4837055575e-01
137.550000,1.0021563346e-03,2.3035242203e-01
137.600000,1.0004131130e-03,2.4165433994e-01
137.650000,1.0012020325e-03,2.4209712663e-01
137.700000,1.0008720364e-03,2.4063724748e-01
137.750000,9.9925962098e-04,2.4246108351e-01
137.800000,9.9880638548e-04,2.4882061833e-01
137.850000,1.0006095224e-03,2.4823364553e-01
137.900000,9.9880072880e-04,2.4563810823e-01
137.950000,9.9928841648e-04,2.4072935923e-01
138.000000,1.0002715948e-03,2.5137699070e-01
138.050000,9.9974440017e-04,2.4428695681e-01
138.100000,1.0011776005e-03,2.3927794675e-01
138.150000,9.9982995805e-04,2.4679592649e-01
138.200000,1.0018084084e-03,2.3812606345e-01
138.250000,1.0009880602e-03,2.3976152909e-01
138.300000,9.9860548641e-04,2.4202559880e-01
138.350000,9.9950401974e-04,2.4278188086e-01
138.400000,1.0003791577e-03,2.4744129193e-01
138.450000,9.9915548333e-04,2.5006125614e-01
138.500000,1.0012325488e-03,2.4603774240e-01
138.550000,1.0003794863e-03,2.5072697092e-01
138.600000,9.9882674615e-04,2.4556988080e-01
138.650000,1.0021865301e-03,2.5271353285e-01
138.700000,9.9971172974e-04,2.3628068031e-01
138.750000,9.9923039627e-04,2.4902451208e-01
138.800000,9.9975570688e-04,2.4578388414e-01
138.850000,9.9891992266e-04,2.5111514199e-01
138.900000,1.0001128762e-03,2.4719590699e-01
138.950000,9.9898729850e-04,2.4257431460e-01
139.000000,9.9950579842e-04,2.4095291815e-01
139.050000,1.0000504132e-03,2.4770293097e-01
139.100000,1.0003210200e-03,2.4530064962e-01
139.150000,1.0001774046e-03,2.4870025879e-01
139.200000,9.9960078100e-04,2.4911923607e-01
139.250000,1.0020511919e-03,2.3175343606e-01
139.300000,9.9975078059e-04,2.5404717414e-01
139.350000,9.9984561497e-04,2.4711616951e-01
139.400000,9.9911069233e-04,2.4805943044e-01
139.450000,1.0005748574e-03,2.4250472972e-01
139.500000,9.9974426726e-04,2.5245393187e-01
139.550000,1.0011913095e-03,2.4639893368e-01
139.600000,9.9927382831e-04,2.4664272723e-01
139.650000,9.9959959606e-04,2.4727389442e-01
139.700000,1.0002705817e-03,2.3928253333e-01
139.750000,1.0005881459e-03,2.4311424090e-01
139.800000,9.9900331246e-04,2.5665259798e-01
139.850000,1.0009711259e-03,2.4971400926e-01
139.900000,1.0009853787e-03,2.4382211486e-01
139.950000,9.9863166510e-04,2.4614367729e-01
140.000000,1.0002082894e-03,2.4475354258e-01
140.050000,9.9945352269e-04,2.5220973611e-01
140.100000,9.9935203880e-04,2.4603279797e-01
140.150000,9.9904474312e-04,2.4729362563e-01
140.200000,9.9962800941e-04,2.4357228160e-01
140.250000,9.9965688526e-04,2.4774599542e-01
140.300000,1.0009523960e-03,2.4528601589e-01
140.350000,1.0006009714e-03,2.3951180130e-01
140.400000,1.0001676128e-03,2.4659104160e-01
140.450000,9.9992526047e-04,2.4873382119e-01
140.500000,1.0001200422e-03,2.4018294415e-01
140.550000,1.0013636074e-03,2.4849348342e-01
140.600000,9.9837659116e-04,2.4807654676e-01
140.650000,9.9914714842e-04,2.4970125452e-01
140.700000,1.0014418292e-03,2.5112333275e-01
140.750000,1.0000488897e-03,2.4607844172e-01
140.800000,1.0008404591e-03,2.4372065909e-01
140.850000,1.0007476634e-03,2.3836416024e-01
140.900000,9.9971424946e-04,2.4354240428e-01
140.950000,1.0006126245e-03,2.5338752167e-01
141.000000,9.9969833590e-04,2.4134910882e-01
141.050000,1.0005344580e-03,2.4692953636e-01
141.100000,1.0003869120e-03,2.4651197331e-01
141.150000,1.0010545958e-03,2.4551949149e-01
141.200000,9.9868703883e-04,2.4160616805e-01
141.250000,9.9957198176e-04,2.4749942219e-01
141.300000,1.0003501273e-03,2.4268795030e-01
141.350000,1.0001394369e-03,2.4155976589e-01
141.400000,1.0017438231e-03,2.3959990157e-01
141.450000,9.9916727833e-04,2.4665723116e-01
141.500000,9.9839921703e-04,2.4406480494e-01
141.550000,9.9970221037e-04,2.5489419593e-01
141.600000,1.0000958667e-03,2.4925034480e-01
141.650000,1.0008892834e-03,2.3984310422e-01
141.700000,1.0006768899e-03,2.4127278329e-01
141.750000,1.0000794738e-03,2.4156482484e-01
141.800000,1.0002059021e-03,2.4286431910e-01
141.850000,9.9908839234e-04,2.4332200129e-01
141.900000,9.9890573273e-04,2.3714328471e-01
141.950000,9.9976946654e-04,2.3973023262e-01
142.000000,1.0006567457e-03,2.4448696809e-01
142.050000,9.9941289954e-04,2.5252081083e-01
142.100000,1.0007476458e-03,2.3587436155e-01
142.150000,9.9858508669e-04,2.3831292858e-01
142.200000,1.0006269933e-03,2.4397034130e-01
142.250000,9.9863157497e-04,2.3626305301e-01
142.300000,9.9916592999e-04,2.4893813723e-01
142.350000,9.9986110271e-04,2.3929248693e-01
142.400000,1.0019159037e-03,2.4378746614e-01
142.450000,1.0010409419e-03,2.4577304148e-01
142.500000,9.9894265209e-04,2.4801750928e-01
142.550000,1.0004712609e-03,2.3896924809e-01
142.600000,9.9815456585e-04,2.4705435587e-01
142.650000,9.9958632088e-04,2.4010394798e-01
142.700000,1.0009740941e-03,2.4162442635e-01
142.750000,1.0005304564e-03,2.5173104251e-01
142.800000,9.9970512088e-04,2.4697474860e-01
142.850000,1.0001599250e-03,2.4922052737e-01
142.900000,9.9887361888e-04,2.4374295805e-01
142.950000,1.0006541973e-03,2.4603164888e-01
143.000000,9.9951338694e-04,2.4736100400e-01
143.050000,9.9984870673e-04,2.5772429288e-01
143.100000,1.0022634482e-03,2.5047333125e-01
143.150000,9.9881047089e-04,2.4673976982e-01
143.200000,9.9944220649e-04,2.4392855371e-01
143.250000,1.0014177365e-03,2.4504080543e-01
143.300000,9.9917465574e-04,2.4711860434e-01
143.350000,1.0000294379e-03,2.5525425946e-01
143.400000,1.0012705537e-03,2.4580962073e-01
143.450000,9.9883473610e-04,2.4359352909e-01
143.500000,9.9926676045e-04,2.4555440080e-01
143.550000,1.0000449789e-03,2.4539473566e-01
143.600000,1.0008819774e-03,2.3780846671e-01
143.650000,9.9974569978e-04,2.4707155704e-01
143.700000,1.0021306406e-03,2.5078712969e-01
143.750000,9.9988776405e-04,2.4570160273e-01
143.800000,1.0000933458e-03,2.4582966432e-01
143.850000,1.0011030185e-03,2.4424260798e-01
143.900000,1.0004132609e-03,2.6105089307e-01
143.950000,9.9974476195e-04,2.4482709477e-01
144.000000,1.0008689478e-03,2.4231119138e-01
144.050000,9.9969003572e-04,2.4535227281e-01
144.100000,9.9924224862e-04,2.4344062197e-01
144.150000,1.0000806149e-03,2.4608085665e-01
144.200000,9.9913161732e-04,2.3702819841e-01
144.250000,1.0006007617e-03,2.4430176390e-01
144.300000,1.0000098585e-03,2.4192021173e-01
144.350000,1.0000865325e-03,2.4591664232e-01
144.400000,1.0006061825e-03,2.5246983267e-01
144.450000,1.0002102452e-03,2.5027580690e-01
144.500000,1.0014881223e-03,2.4181590353e-01
144.550000,9.9990288805e-04,2.4346698593e-01
144.600000,9.9897757091e-04,2.4880755582e-01
144.650000,9.9918512349e-04,2.4601976309e-01
144.700000,9.9997091317e-04,2.4343181168e-01
144.750000,9.9858508081e-04,2.4476277961e-01
144.800000,1.0008444591e-03,2.4543697150e-01
144.850000,9.9951362018e-04,2.3545733765e-01
144.900000,1.0001331814e-03,2.3836575395e-01
144.950000,9.9961527659e-04,2.4076694564e-01
145.000000,1.0000335468e-03,2.4674892794e-01
145.050000,9.9973200187e-04,2.4661270754e-01
145.100000,9.9979195788e-04,2.4519827394e-01
145.150000,1.0014095972e-03,2.4807380214e-01
145.200000,9.9943481738e-04,2.4713465621e-01
145.250000,1.0012968026e-03,2.4573172145e-01
145.300000,9.9974680889e-04,2.4254579870e-01
145.350000,9.9895654896e-04,2.4578576414e-01
145.400000,9.9874442006e-04,2.4661816317e-01
145.450000,9.9971936525e-04,2.4259383708e-01
145.500000,9.9992482525e-04,2.4342038507e-01
145.550000,9.9889639037e-04,2.4555930980e-01
145.600000,1.0001607239e-03,2.3657334628e-01
145.650000,9.9994400690e-04,2.4715458238e-01
145.700000,1.0012147388e-03,2.5406484503e-01
145.750000,9.9948045979e-04,2.4862649153e-01
145.800000,9.9991021709e-04,2.4350094355e-01
145.850000,1.0009554749e-03,2.5043003441e-01
145.900000,9.9929852532e-04,2.3834419916e-01
145.950000,9.9931964069e-04,2.4952302257e-01
146.000000,9.9934808962e-04,2.5289518732e-01
146.050000,9.9988964774e-04,2.4798348947e-01
146.100000,1.0009192862e-03,2.3578050830e-01
146.150000,9.9949595028e-04,2.3850618335e-01
146.200000,9.9897742423e-04,2.4809688709e-01
146.250000,1.0004975957e-03,2.4233490893e-01
146.300000,1.0000197628e-03,2.4929512646e-01
146.350000,9.9953911104e-04,2.4881909402e-01
146.400000,1.0000901770e-03,2.4425907796e-01
146.450000,1.0002010107e-03,2.5378814127e-01
146.500000,9.9788087043e-04,2.4097732612e-01
146.550000,9.9992145791e-04,2.4797957659e-01
146.600000,9.9996245165e-04,2.4000671185e-01
146.650000,9.9934357110e-04,2.5223130743e-01
146.700000,1.0012902424e-03,2.4581164538e-01
146.750000,1.0005403851e-03,2.4503316414e-01
146.800000,1.0010006855e-03,2.4645574892e-01
146.850000,1.0003586665e-03,2.4741760187e-01
146.900000,1.0014298305e-03,2.4692067634e-01
146.950000,9.9904247314e-04,2.4088373202e-01
147.000000,9.9933065574e-04,2.4205494263e-01
147.050000,9.9853056901e-04,2.5608682496e-01
147.100000,9.9862578921e-04,2.5463097334e-01
147.150000,9.9908167843e-04,2.3698197317e-01
147.200000,9.9981935861e-04,2.4577599190e-01
147.250000,1.0007349717e-03,2.4953455958e-01
147.300000,1.0001091780e-03,2.4820108987e-01
147.350000,1.0005426318e-03,2.4369066559e-01
147.400000,9.9936240751e-04,2.3699062474e-01
147.450000,9.9922863897e-04,2.4276583647e-01
147.500000,9.9945270472e-04,2.4895614717e-01
147.550000,9.9867863772e-04,2.4947773426e-01
147.600000,9.9902642911e-04,2.4131486240e-01
147.650000,9.9905111208e-04,2.4340483760e-01
147.700000,1.0003279187e-03,2.4152554041e-01
147.750000,1.0015117802e-03,2.5566882783e-01
147.800000,9.9976562010e-04,2.4294889636e-01
147.850000,9.9834825164e-04,2.4687035847e-01
147.900000,9.9950963399e-04,2.4572088833e-01
147.950000,9.9949671199e-04,2.3729477139e-01
148.000000,1.0002205901e-03,2.5837397212e-01
148.050000,1.0001011978e-03,2.4638498691e-01
148.100000,1.0012942766e-03,2.4826257390e-01
148.150000,1.0007594752e-03,2.4830616133e-01
148.200000,1.0000679498e-03,2.5868810809e-01
148.250000,1.0002034478e-03,2.5411632117e-01
148.300000,9.9890054208e-04,2.4598909558e-01
148.350000,1.0015449480e-03,2.4866435854e-01
148.400000,1.0002216738e-03,2.3867518515e-01
148.450000,1.0002305302e-03,2.5027844173e-01
148.500000,9.9991572816e-04,2.4864751266e-01
148.550000,9.9838461683e-04,2.5538317053e-01
148.600000,1.0003089675e-03,2.3893398355e-01
148.650000,9.9875652030e-04,2.3977005632e-01
148.700000,1.0003704359e-03,2.4887592020e-01
148.750000,1.0000505907e-03,2.5142461535e-01
148.800000,9.9786463962e-04,2.4225571832e-01
148.850000,1.0011245969e-03,2.3821218110e-01
148.900000,1.0011096577e-03,2.4171643027e-01
148.950000,1.0008037059e-03,2.5342652928e-01
149.000000,1.0018886915e-03,2.4729303689e-01
149.050000,1.0002407677e-03,2.4924379369e-01
149.100000,1.0004306314e-03,2.4636540117e-01
149.150000,1.0008206071e-03,2.4853421333e-01
149.200000,1.0015409644e-03,2.4252296622e-01
149.250000,1.0016502193e-03,2.4398676555e-01
149.300000,9.9999038615e-04,2.4983224596e-01
149.350000,9.9958136573e-04,2.4855859288e-01
149.400000,9.9809577597e-04,2.4854707077e-01
149.450000,1.0002667832e-03,2.4258767417e-01
149.500000,9.9982487768e-04,2.4862893507e-01
149.550000,1.0008920944e-03,2.3970754108e-01
149.600000,1.0000950354e-03,2.3870964131e-01
149.650000,1.0012028452e-03,2.3773975529e-01
149.700000,9.9906452501e-04,2.4614130381e-01
149.750000,9.9886023702e-04,2.4253572765e-01
149.800000,1.0003890744e-03,2.5106249820e-01
149.850000,1.0009287648e-03,2.4180348828e-01
149.900000,1.0007118857e-03,2.4400948920e-01
149.950000,1.0003945379e-03,2.4791186105e-01
150.000000,9.9969254133e-04,2.4254529269e-01
150.050000,1.0000273430e-03,2.4782082897e-01
150.100000,9.9982471898e-04,2.4436984304e-01
150.150000,9.9847619471e-04,2.4491026680e-01
150.200000,9.9813989283e-04,2.3537957015e-01
150.250000,1.0013363329e-03,2.3778157997e-01
150.300000,1.0014869972e-03,2.4330697247e-01
150.350000,9.9817352419e-04,2.4337049021e-01
150.400000,9.9869181593e-04,2.5271517470e-01
150.450000,9.9968635621e-04,2.4614837364e-01
150.500000,9.9872849829e-04,2.5093426708e-01
150.550000,9.9967157853e-04,2.5304669758e-01
150.600000,9.9996211125e-04,2.4947652574e-01
150.650000,1.0003194084e-03,2.4545870540e-01
150.700000,9.9953153145e-04,2.5763675252e-01
150.750000,9.9888321272e-04,2.5038487643e-01
150.800000,9.9853996559e-04,2.5148557572e-01
150.850000,1.0008523635e-03,2.4345979150e-01
150.900000,9.9963082755e-04,2.4332454576e-01
150.950000,9.9876857653e-04,2.4536327311e-01
151.000000,9.9965780227e-04,2.4697412272e-01
151.050000,1.0006984160e-03,2.4851305956e-01
151.100000,1.0007051641e-03,2.4012647324e-01
151.150000,9.9822658154e-04,2.4432231496e-01
151.200000,9.9879197392e-04,2.3495678313e-01
151.250000,1.0014231641e-03,2.4273408140e-01
151.300000,9.9938811823e-04,2.4400460308e-01
151.350000,9.9956125234e-04,2.4788819038e-01
151.400000,9.9873847614e-04,2.4673682616e-01
151.450000,9.9965163292e-04,2.4391290037e-01
151.500000,9.9943005016e-04,2.3474300870e-01
151.550000,1.0000021598e-03,2.4488232318e-01
151.600000,9.9912928194e-04,2.4611838319e-01
151.650000,9.9977105449e-04,2.4066808283e-01
151.700000,1.0007140662e-03,2.5082834091e-01
151.750000,1.0006145171e-03,2.3715027662e-01
151.800000,1.0001542980e-03,2.3466080737e-01
151.850000,1.0006480670e-03,2.4624015804e-01
151.900000,9.9950704348e-04,2.4165653979e-01
151.950000,1.0009515846e-03,2.4247388758e-01
152.000000,9.9984769335e-04,2.4767919316e-01
152.050000,1.0002699937e-03,2.4151446782e-01
152.100000,9.9944791346e-04,2.4655449070e-01
152.150000,1.0029636565e-03,2.5008030206e-01
152.200000,9.9955454733e-04,2.4744221707e-01
152.250000,9.9962111885e-04,2.4335919480e-01
152.300000,9.9991576756e-04,2.4225083032e-01
152.350000,1.0024292782e-03,2.4582164675e-01
152.400000,1.0006147692e-03,2.4250017875e-01
152.450000,1.0005569913e-03,2.5380038334e-01
152.500000,1.0001408585e-03,2.4840965279e-01
152.550000,1.0009973340e-03,2.4735102612e-01
152.600000,1.0003201088e-03,2.5532225516e-01
152.650000,9.9935144001e-04,2.5420513084e-01
152.700000,1.0014019828e-03,2.4273291517e-01
152.750000,1.0002916753e-03,2.5167860140e-01
152.800000,9.9980247462e-04,2.4132486635e-01
152.850000,9.9893057748e-04,2.3590096615e-01
152.900000,1.0000386703e-03,2.5033794004e-01
152.950000,9.9913644932e-04,2.5343923478e-01
153.000000,9.9941813465e-04,2.5050963321e-01
153.050000,9.9799307912e-04,2.4868880475e-01
153.100000,1.0000331156e-03,2.4568081753e-01
153.150000,1.0013776260e-03,2.4607689083e-01
153.200000,1.0009266643e-03,2.4655127905e-01
153.250000,1.0011323944e-03,2.5420779950e-01
153.300000,9.9975218166e-04,2.4971359863e-01
153.350000,1.0014321562e-03,2.4588796518e-01
153.400000,9.9941241520e-04,2.4520791101e-01
153.450000,9.9929381011e-04,2.4174865332e-01
153.500000,9.9949105328e-04,2.4528667362e-01
153.550000,9.9992752836e-04,2.5355075127e-01
153.600000,9.9895949579e-04,2.4501068879e-01
153.650000,9.9889999599e-04,2.4751037720e-01
153.700000,1.0010801790e-03,2.5234042802e-01
153.750000,9.9927776896e-04,2.4410199620e-01
153.800000,9.9986722405e-04,2.4653764304e-01
153.850000,1.0006403897e-03,2.4739292403e-01
153.900000,9.9923729121e-04,2.4499426404e-01
153.950000,1.0017997281e-03,2.4301317157e-01
154.000000,1.0006104640e-03,2.3890007390e-01
154.050000,9.9991924611e-04,2.4679618955e-01
154.100000,1.0005155215e-03,2.4887545108e-01
154.150000,9.9880513794e-04,2.3503300497e-01
154.200000,1.0007082790e-03,2.5013213413e-01
154.250000,9.9848287655e-04,2.4531447474e-01
154.300000,9.9841763393e-04,2.5495588229e-01
154.350000,1.0012763355e-03,2.4395815865e-01
154.400000,1.0004750614e-03,2.4266510175e-01
154.450000,1.0009545939e-03,2.5112203804e-01
154.500000,1.0015282524e-03,2.4743336063e-01
154.550000,1.0000178682e-03,2.4436163966e-01
154.600000,9.9969110658e-04,2.4611549213e-01
154.650000,1.0011547672e-03,2.4796608572e-01
154.700000,1.0034631274e-03,2.4630861520e-01
154.750000,9.9934625537e-04,2.5185748768e-01
154.800000,9.9967513605e-04,2.4447962883e-01
154.850000,1.0022965513e-03,2.4486909164e-01
154.900000,9.9786836006e-04,2.4464589742e-01
154.950000,1.0001706962e-03,2.5009370135e-01
155.000000,1.0013454408e-03,2.4309777820e-01
155.050000,1.0000378189e-03,2.4906420368e-01
155.100000,1.0002375785e-03,2.4345834405e-01
155.150000,1.0006191066e-03,2.4506816051e-01
155.200000,9.9841082133e-04,2.4183266890e-01
155.250000,1.0011839809e-03,2.4110089061e-01
155.300000,9.9956708634e-04,2.4386403682e-01
155.350000,9.9821606941e-04,2.4429026516e-01
155.400000,9.9875825789e-04,2.4732363039e-01
155.450000,1.0001580701e-03,2.5047302381e-01
155.500000,9.9945531855e-04,2.5751619340e-01
155.550000,1.0003511349e-03,2.4619043443e-01
155.600000,9.9982299225e-04,2.4282941193e-01
155.650000,9.9843042448e-04,2.4790035987e-01
155.700000,1.0008238496e-03,2.5190308437e-01
155.750000,1.0026045192e-03,2.5053638201e-01
155.800000,1.0005228281e-03,2.4590235928e-01
155.850000,9.9889578505e-04,2.4162088103e-01
155.900000,9.9911221310e-04,2.4500885828e-01
155.950000,9.9868268843e-04,2.4780412454e-01
156.000000,1.0006815698e-03,2.4552764730e-01
156.050000,1.0001268310e-03,2.4222883648e-01
156.100000,9.9927077944e-04,2.4216067646e-01
156.150000,9.9904771145e-04,2.4116004626e-01
156.200000,1.0019213080e-03,2.4140589022e-01
156.250000,9.9962578493e-04,2.4744656606e-01
156.300000,1.0009795859e-03,2.4527489443e-01
156.350000,9.9944856199e-04,2.4580218030e-01
156.400000,1.0000519515e-03,2.5044169951e-01
156.450000,1.0000103765e-03,2.4973297504e-01
156.500000,9.9992080164e-04,2.4433434075e-01
156.550000,1.0018447651e-03,2.4997257209e-01
156.600000,1.0003051771e-03,2.4173628339e-01
156.650000,1.0003331606e-03,2.4230230322e-01
156.700000,1.0005327586e-03,2.3770961243e-01
156.750000,1.0006119001e-03,2.4968683415e-01
156.800000,1.0005327466e-03,2.4386983889e-01
156.850000,9.9870027228e-04,2.5085332681e-01
156.900000,9.9945720817e-04,2.4738395260e-01
156.950000,9.9957555442e-04,2.5832521608e-01
157.000000,9.9965351284e-04,2.4848109999e-01
157.050000,1.0008708384e-03,2.4145002731e-01
157.100000,9.9784919593e-04,2.4629926590e-01
157.150000,1.0010401584e-03,2.4643486700e-01
157.200000,1.0001011468e-03,2.4420115239e-01
157.250000,9.9918464422e-04,2.4822047793e-01
157.300000,9.9951879478e-04,2.4014406475e-01
157.350000,9.9831323403e-04,2.4615355151e-01
157.400000,9.9915545189e-04,2.4785949825e-01
157.450000,9.9917347531e-04,2.5085881495e-01
157.500000,9.9765353203e-04,2.4630094756e-01
157.550000,9.9966941494e-04,2.4981603915e-01
157.600000,9.9896661707e-04,2.4904404622e-01
157.650000,1.0014759502e-03,2.4435388008e-01
157.700000,1.0009043950e-03,2.4773893306e-01
157.750000,9.9907010417e-04,2.4620439518e-01
157.800000,1.0008355419e-03,2.4586827898e-01
157.850000,1.0003447449e-03,2.3618174823e-01
157.900000,9.9893707573e-04,2.4828489680e-01
157.950000,1.0000235963e-03,2.5064385076e-01
158.000000,1.0008126052e-03,2.4531256408e-01
158.050000,1.0011097879e-03,2.3989449143e-01
158.100000,9.9935309482e-04,2.4792987612e-01
158.150000,1.0005172572e-03,2.4695283707e-01
158.200000,1.0008882060e-03,2.4041379914e-01
158.250000,9.9999621594e-04,2.5303631316e-01
158.300000,1.0015803589e-03,2.3811068677e-01
158.350000,1.0014252258e-03,2.4978321212e-01
158.400000,9.9974563334e-04,2.5264351390e-01
158.450000,1.0011814489e-03,2.4460473007e-01
158.500000,9.9792032733e-04,2.4459173044e-01
158.550000,1.0004733004e-03,2.3768914963e-01
158.600000,1.0012696883e-03,2.4005406677e-01
158.650000,9.9953124683e-04,2.3977920241e-01
158.700000,9.9862146416e-04,2.3853523421e-01
158.750000,9.9975113471e-04,2.5477899328e-01
158.800000,1.0010876471e-03,2.4299900192e-01
158.850000,1.0005325789e-03,2.5129569233e-01
158.900000,1.0027321603e-03,2.4437974336e-01
158.950000,9.9895437655e-04,2.4098979301e-01
159.000000,1.0001968797e-03,2.4382574949e-01
159.050000,1.0003852043e-03,2.3713385334e-01
159.100000,9.9826469309e-04,2.4670341282e-01
159.150000,9.9988228545e-04,2.5224186012e-01
159.200000,1.0005113978e-03,2.4130740724e-01
159.250000,9.9957683122e-04,2.5263534587e-01
159.300000,9.9987540718e-04,2.4415814965e-01
159.350000,9.9898692112e-04,2.4375704951e-01
159.400000,9.9867101727e-04,2.4708968525e-01
159.450000,1.0010879480e-03,2.4239486534e-01
159.500000,9.9952710851e-04,2.4057088416e-01
159.550000,9.9908927344e-04,2.4586547308e-01
159.600000,1.0003139713e-03,2.4659037576e-01
159.650000,9.9863592004e-04,2.4314150724e-01
159.700000,9.9941723218e-04,2.5233828231e-01
159.750000,9.9926381093e-04,2.4979796670e-01
159.800000,9.9929757942e-04,2.4700354494e-01
159.850000,9.9934066595e-04,2.4220776397e-01
159.900000,9.9870721603e-04,2.4340872606e-01
159.950000,1.0007808914e-03,2.4825599793e-01
160.000000,9.9926909441e-04,2.4227689590e-01
160.050000,9.9963611009e-04,2.4261023037e-01
160.100000,1.0006467107e-03,2.5128401774e-01
160.150000,9.9925684906e-04,2.4030563669e-01
160.200000,1.0010840424e-03,2.4178968929e-01
160.250000,9.9916654554e-04,2.5036478892e-01
160.300000,9.9923391422e-04,2.4057617892e-01
160.350000,9.9759106020e-04,2.4781152035e-01
160.400000,1.0002186831e-03,2.4040175063e-01
160.450000,1.0004785274e-03,2.4400079770e-01
160.500000,1.0002154194e-03,2.5033081635e-01
160.550000,9.9912830245e-04,2.4330594938e-01
160.600000,1.0013699010e-03,2.4168745633e-01
160.650000,1.0011948704e-03,2.3778833205e-01
160.700000,1.0013120407e-03,2.5511119525e-01
160.750000,9.9972997111e-04,2.4643538439e-01
160.800000,1.0008153269e-03,2.4500589788e-01
160.850000,9.9974703486e-04,2.5181814124e-01
160.900000,9.9994889076e-04,2.5418754492e-01
160.950000,9.9872550106e-04,2.5186747539e-01
161.000000,9.9809476568e-04,2.4620587649e-01
161.050000,9.9853775011e-04,2.4341434226e-01
161.100000,1.0008782362e-03,2.3770695726e-01
161.150000,9.9974420542e-04,2.4687971674e-01
161.200000,1.0003573824e-03,2.4595334063e-01
161.250000,1.0028997384e-03,2.4811059236e-01
161.300000,1.0008778968e-03,2.4553832902e-01
161.350000,1.0001461720e-03,2.4056424766e-01
161.400000,1.0004562469e-03,2.4800727369e-01
161.450000,1.0012390819e-03,2.4597544453e-01
161.500000,1.0001055851e-03,2.4954111025e-01
161.550000,1.0013767991e-03,2.4599117472e-01
161.600000,1.0001941320e-03,2.4330880600e-01
161.650000,9.9980406601e-04,2.3889890005e-01
161.700000,9.9931785130e-04,2.4127417109e-01
161.750000,1.0001042052e-03,2.4635789832e-01
161.800000,9.9898766231e-04,2.4207734565e-01
161.850000,9.9982156742e-04,2.3791048753e-01
161.900000,9.9974694165e-04,2.4363416655e-01
161.950000,1.0001161607e-03,2.4250891360e-01
162.000000,9.9940908754e-04,2.4217056539e-01
162.050000,9.9933892476e-04,2.3750321320e-01
162.100000,1.0013309582e-03,2.4533071327e-01
162.150000,1.0008682371e-03,2.4243813611e-01
162.200000,1.0003992966e-03,2.3828292704e-01
162.250000,1.0005767240e-03,2.4423563372e-01
162.300000,1.0011868293e-03,2.4841592812e-01
162.350000,1.0003233762e-03,2.5378400669e-01
162.400000,9.9967332239e-04,2.4392236047e-01
162.450000,1.0012216741e-03,2.4179281606e-01
162.500000,9.9981073710e-04,2.4089459833e-01
162.550000,9.9817540022e-04,2.4961323407e-01
162.600000,9.9964864281e-04,2.4814552093e-01
162.650000,9.9906907529e-04,2.4402141944e-01
162.700000,9.9907774147e-04,2.4415349821e-01
162.750000,1.0004362146e-03,2.4940876013e-01
162.800000,9.9903905972e-04,2.4862046831e-01
162.850000,9.9792604524e-04,2.4305734019e-01
162.900000,9.9990034336e-04,2.4475278000e-01
162.950000,1.0003722846e-03,2.4338705286e-01
163.000000,9.9915635891e-04,2.5085055194e-01
163.050000,9.9932826479e-04,2.4319224859e-01
163.100000,9.9846541298e-04,2.4640883323e-01
163.150000,1.0006663177e-03,2.5252093957e-01
163.200000,9.9887019080e-04,2.4538429761e-01
163.250000,9.9944264081e-04,2.4528360905e-01
163.300000,9.9880906346e-04,2.5058484962e-01
163.350000,1.0003238008e-03,2.5475427621e-01
163.400000,1.0008407155e-03,2.4595268543e-01
163.450000,9.9909943741e-04,2.5237869672e-01
163.500000,9.9953578657e-04,2.5408182395e-01
163.550000,1.0005643156e-03,2.4438398749e-01
163.600000,1.0009360929e-03,2.4476801006e-01
163.650000,9.9964757163e-04,2.3870332317e-01
163.700000,9.9852508157e-04,2.4630420932e-01
163.750000,1.0018900315e-03,2.5214733172e-01
163.800000,1.0025430654e-03,2.5469302352e-01
163.850000,1.0007519038e-03,2.5591777691e-01
163.900000,1.0012754399e-03,2.4037027862e-01
163.950000,1.0002807177e-03,2.4858173357e-01
164.000000,9.9927100422e-04,2.5525223986e-01
164.050000,1.0006330828e-03,2.4693042117e-01
164.100000,1.0009999385e-03,2.5090705190e-01
164.150000,1.0003070346e-03,2.5047645579e-01
164.200000,9.9881704512e-04,2.5433514276e-01
164.250000,1.0009383110e-03,2.5131174171e-01
164.300000,9.9982848747e-04,2.4583231658e-01
164.350000,1.0004722123e-03,2.4150940787e-01
164.400000,9.9893896319e-04,2.6012217868e-01
164.450000,9.9969105965e-04,2.4410514381e-01
164.500000,1.0014476187e-03,2.5435161523e-01
164.550000,9.9997451355e-04,2.3866832895e-01
164.600000,1.0003628211e-03,2.4634683683e-01
164.650000,9.9943663917e-04,2.4290978570e-01
164.700000,9.9958624483e-04,2.3921890890e-01
164.750000,9.9830151401e-04,2.4794223569e-01
164.800000,1.0007119484e-03,2.5445499791e-01
164.850000,1.0001255185e-03,2.4838591883e-01
164.900000,1.0007962755e-03,2.4461148890e-01
164.950000,9.9747024601e-04,2.4183888947e-01
165.000000,1.0006428908e-03,2.3855154011e-01
165.050000,9.9981159889e-04,2.5309031175e-01
165.100000,9.9857037884e-04,2.3845294444e-01
165.150000,1.0011945845e-03,2.3606544878e-01
165.200000,9.9858609019e-04,2.4546096657e-01
165.250000,1.0007510515e-03,2.4556350749e-01
165.300000,9.9949191020e-04,2.4715553873e-01
165.350000,1.0002477443e-03,2.3584516715e-01
165.400000,9.9995688253e-04,2.3904104736e-01
165.450000,9.9982189557e-04,2.4732293771e-01
165.500000,1.0000892452e-03,2.3999146009e-01
165.550000,1.0007854133e-03,2.4724679301e-01
165.600000,9.9937292121e-04,2.4608555701e-01
165.650000,9.9906789284e-04,2.5444415151e-01
165.700000,1.0024624482e-03,2.4784650768e-01
165.750000,1.0000990543e-03,2.4198043221e-01
165.800000,9.9937370851e-04,2.5230411113e-01
165.850000,1.0000505209e-03,2.4300652394e-01
165.900000,9.9963261671e-04,2.4453508209e-01
165.950000,1.0005560799e-03,2.4824531321e-01
166.000000,9.9934847713e-04,2.5395213274e-01
166.050000,9.9955346289e-04,2.5712809172e-01
166.100000,1.0002553750e-03,2.4652955682e-01
166.150000,1.0009797650e-03,2.4678250500e-01
166.200000,1.0002152789e-03,2.3412697465e-01
166.250000,9.9929778744e-04,2.4815145037e-01
166.300000,9.9909626579e-04,2.4506349953e-01
166.350000,1.0004655981e-03,2.4775035273e-01
166.400000,9.9918232489e-04,2.4842232523e-01
166.450000,9.9868435434e-04,2.3801979752e-01
166.500000,9.9865377563e-04,2.4001715798e-01
166.550000,9.9955133770e-04,2.3521099756e-01
166.600000,9.9848400766e-04,2.4632944316e-01
166.650000,1.0009262129e-03,2.3946253504e-01
166.700000,1.0010785106e-03,2.4227565260e-01
166.750000,1.0016126381e-03,2.3704966305e-01
166.800000,1.0004573604e-03,2.4515616708e-01
166.850000,1.0004512361e-03,2.4186893791e-01
166.900000,9.9975305738e-04,2.3722321002e-01
166.950000,9.9933120423e-04,2.3947241214e-01
167.000000,9.9983511763e-04,2.4901461671e-01
167.050000,1.0006466319e-03,2.3951945761e-01
167.100000,1.0006487638e-03,2.4285146064e-01
167.150000,1.0024668428e-03,2.4313887232e-01
167.200000,9.9977886085e-04,2.4366482054e-01
167.250000,9.9926729833e-04,2.5006656874e-01
167.300000,1.0009330848e-03,2.5511988872e-01
167.350000,1.0012166097e-03,2.4544142210e-01
167.400000,1.0003990073e-03,2.4209396931e-01
167.450000,9.9944944271e-04,2.4703922625e-01
167.500000,1.0012615144e-03,2.4951991421e-01
167.550000,1.0005474445e-03,2.3993051698e-01
167.600000,1.0002159576e-03,2.4413956909e-01
167.650000,1.0000559101e-03,2.4366086178e-01
167.700000,9.9960072476e-04,2.4149136560e-01
167.750000,9.9899938786e-04,2.3588706484e-01
167.800000,1.0003487674e-03,2.4768731344e-01
167.850000,1.0004343007e-03,2.4008532188e-01
167.900000,1.0006096314e-03,2.4529759697e-01
167.950000,9.9966711432e-04,2.4621022101e-01
168.000000,9.9953451369e-04,2.4587703180e-01
168.050000,9.9872231521e-04,2.4166861804e-01
168.100000,1.0003095759e-03,2.3782191622e-01
168.150000,9.9979521842e-04,2.4586959838e-01
168.200000,9.9951436372e-04,2.4622754319e-01
168.250000,1.0012879501e-03,2.4332235447e-01
168.300000,1.0014182152e-03,2.4881301539e-01
168.350000,9.9955032061e-04,2.4119686958e-01
168.400000,1.0014356045e-03,2.4568307877e-01
168.450000,1.0009796377e-03,2.4826122900e-01
168.500000,9.9936145696e-04,2.4929684942e-01
168.550000,9.9833105238e-04,2.5602809818e-01
168.600000,9.9973929027e-04,2.4562584911e-01
168.650000,9.9905420745e-04,2.3862086770e-01
168.700000,9.9997723442e-04,2.4376415144e-01
168.750000,1.0013345769e-03,2.3640352557e-01
168.800000,9.9775509502e-04,2.4807251294e-01
168.850000,9.9861660772e-04,2.3774609638e-01
168.900000,9.9974092164e-04,2.4842554320e-01
168.950000,1.0020579132e-03,2.4632151936e-01
169.000000,9.9950117961e-04,2.4693639553e-01
169.050000,9.9917284283e-04,2.4417496968e-01
169.100000,1.0015880652e-03,2.3940527008e-01
169.150000,1.0005818574e-03,2.4922582183e-01
169.200000,1.0010245038e-03,2.4701820393e-01
169.250000,9.9908541650e-04,2.4526947470e-01
169.300000,1.0002764263e-03,2.4717541416e-01
169.350000,9.9936926408e-04,2.3517828580e-01
169.400000,1.0018202028e-03,2.4285636204e-01
169.450000,9.9867608936e-04,2.5074201454e-01
169.500000,9.9963694847e-04,2.4441913874e-01
169.550000,1.0000303324e-03,2.5046465179e-01
169.600000,1.0009412708e-03,2.4555352959e-01
169.650000,9.9817534773e-04,2.4633259064e-01
169.700000,9.9975385149e-04,2.4817944244e-01
169.750000,9.9972132524e-04,2.4465487158e-01
169.800000,9.9890031638e-04,2.4344205531e-01
169.850000,1.0001156865e-03,2.4457241215e-01
169.900000,9.9933611749e-04,2.4788038003e-01
169.950000,9.9935746676e-04,2.4865552657e-01
170.000000,9.9839366613e-04,2.4083553540e-01
170.050000,1.0016736534e-03,2.4705767941e-01
170.100000,9.9919852591e-04,2.5205660384e-01
170.150000,9.9938819503e-04,2.4901852151e-01
170.200000,9.9979723050e-04,2.4897461800e-01
170.250000,9.9977958974e-04,2.4361310188e-01
170.300000,9.9918830546e-04,2.4624752695e-01
170.350000,1.0017332410e-03,2.4523174742e-01
170.400000,9.9927023933e-04,2.4144046432e-01
170.450000,9.9889128971e-04,2.4713935197e-01
170.500000,1.0005039237e-03,2.5230429282e-01
170.550000,9.9937434613e-04,2.4751924907e-01
170.600000,1.0004413362e-03,2.4093583767e-01
170.650000,1.0000017279e-03,2.4268989088e-01
170.700000,9.9872519806e-04,2.4653930678e-01
170.750000,1.0010398215e-03,2.4360700579e-01
170.800000,1.0010099118e-03,2.4459006192e-01
170.850000,1.0019487664e-03,2.4115329795e-01
170.900000,9.9995242096e-04,2.3502473595e-01
170.950000,1.0003523253e-03,2.4828988194e-01
171.000000,1.0004478600e-03,2.4713155812e-01
171.050000,1.0005381127e-03,2.5197731135e-01
171.100000,1.0017219859e-03,2.4800495303e-01
171.150000,9.9964778047e-04,2.4230033400e-01
171.200000,1.0010521836e-03,2.5048236537e-01
171.250000,1.0003464639e-03,2.4582385064e-01
171.300000,9.9942043623e-04,2.4057342185e-01
171.350000,1.0004658193e-03,2.3925713358e-01
171.400000,1.0005572963e-03,2.4803408993e-01
171.450000,9.9913353145e-04,2.5029212671e-01
171.500000,9.9901634272e-04,2.4216170438e-01
171.550000,1.0013492740e-03,2.4553215043e-01
171.600000,1.0002195732e-03,2.5336323510e-01
171.650000,9.9989418503e-04,2.4750531973e-01
171.700000,1.0006420461e-03,2.4440845201e-01
171.750000,1.0005876922e-03,2.4425892663e-01
171.800000,9.9914598418e-04,2.4754966348e-01
171.850000,1.0000635573e-03,2.4585684688e-01
171.900000,9.9785651109e-04,2.4138921158e-01
171.950000,9.9978377948e-04,2.4616670323e-01
172.000000,9.9918696810e-04,2.4930195619e-01
172.050000,9.9881433688e-04,2.4725684580e-01
172.100000,1.0005519463e-03,2.3716703831e-01
172.150000,9.9997863425e-04,2.3962912477e-01
172.200000,9.9974811936e-04,2.4764342265e-01
172.250000,9.9880731098e-04,2.4768445352e-01
172.300000,9.9915285325e-04,2.4630659236e-01
172.350000,1.0004774188e-03,2.6084257837e-01
172.400000,1.0002141416e-03,2.4215779761e-01
172.450000,1.0011200120e-03,2.4211164387e-01
172.500000,9.9951700109e-04,2.5016431794e-01
172.550000,9.9876554865e-04,2.4676726367e-01
172.600000,9.9790420092e-04,2.4459704143e-01
172.650000,1.0007921554e-03,2.4283573372e-01
172.700000,1.0014761101e-03,2.4221103279e-01
172.750000,1.0008664746e-03,2.4554358506e-01
172.800000,1.0008793352e-03,2.4629860871e-01
172.850000,1.0005215665e-03,2.4123676425e-01
172.900000,1.0001378634e-03,2.4263340610e-01
172.950000,1.0013097186e-03,2.4500207458e-01
173.000000,1.0010097700e-03,2.4472987492e-01
173.050000,9.9846118718e-04,2.4241106674e-01
173.100000,1.0004905538e-03,2.3901835342e-01
173.150000,1.0012532386e-03,2.5045940992e-01
173.200000,1.0012668541e-03,2.5629756740e-01
173.250000,1.0002550629e-03,2.3473284184e-01
173.300000,1.0007053036e-03,2.4145685191e-01
173.350000,1.0003603252e-03,2.3957255735e-01
173.400000,9.9929136824e-04,2.4206123434e-01
173.450000,1.0017074540e-03,2.4798701564e-01
173.500000,1.0007423910e-03,2.3659882888e-01
173.550000,9.9890400644e-04,2.4442986634e-01
173.600000,1.0011634118e-03,2.3885816670e-01
173.650000,9.9999774815e-04,2.4834437520e-01
173.700000,1.0000898987e-03,2.4262264925e-01
173.750000,9.9825964024e-04,2.4457199694e-01
173.800000,9.9968846958e-04,2.3883496472e-01
173.850000,9.9914336609e-04,2.3578892163e-01
173.900000,1.0010143083e-03,2.3876103585e-01
173.950000,1.0015179619e-03,2.4497114448e-01
174.000000,9.9977248227e-04,2.5554513809e-01
174.050000,1.0002896744e-03,2.4135481966e-01
174.100000,9.9970070248e-04,2.4229017926e-01
174.150000,1.0008458605e-03,2.5277041238e-01
174.200000,9.9908825728e-04,2.4486160042e-01
174.250000,1.0005557627e-03,2.4710326129e-01
174.300000,1.0000094974e-03,2.4534598477e-01
174.350000,9.9934862368e-04,2.4386187836e-01
174.400000,1.0016156399e-03,2.5063662434e-01
174.450000,9.9728890870e-04,2.4782741055e-01
174.500000,9.9992967550e-04,2.4994524443e-01
174.550000,9.9970723701e-04,2.4682073734e-01
174.600000,9.9965570444e-04,2.4501171430e-01
174.650000,9.9946744365e-04,2.4642903119e-01
174.700000,1.0023569753e-03,2.4180280191e-01
174.750000,1.0007503563e-03,2.4688661061e-01
174.800000,1.0006730630e-03,2.5286487973e-01
174.850000,1.0012896480e-03,2.4111686405e-01
174.900000,9.9848482190e-04,2.3610521241e-01
174.950000,9.9955930628e-04,2.4969863351e-01
175.000000,9.9704467673e-04,2.5375666606e-01
175.050000,1.0000081776e-03,2.4760080992e-01
175.100000,1.0002983723e-03,2.5319891195e-01
175.150000,1.0001851895e-03,2.4271564436e-01
175.200000,9.9997646474e-04,2.4226205630e-01
175.250000,9.9925789708e-04,2.4650303286e-01
175.300000,1.0011396668e-03,2.4883436941e-01
175.350000,9.9995597241e-04,2.4896383485e-01
175.400000,9.9898096896e-04,2.4046911161e-01
175.450000,9.9989389820e-04,2.4490114152e-01
175.500000,9.9901714180e-04,2.4175664888e-01
175.550000,9.9892934385e-04,2.4245038461e-01
175.600000,1.0002258649e-03,2.4310338990e-01
175.650000,1.0006067171e-03,2.4408006201e-01
175.700000,9.9952361545e-04,2.4562789125e-01
175.750000,9.9901619397e-04,2.4382273842e-01
175.800000,9.9889607886e-04,2.5034032541e-01
175.850000,9.9973297785e-04,2.4930355736e-01
175.900000,1.0013020148e-03,2.3804963666e-01
175.950000,9.9995298093e-04,2.4931837209e-01
176.000000,1.0010601852e-03,2.4807303221e-01
176.050000,9.9929308765e-04,2.3731844128e-01
176.100000,1.0001168937e-03,2.5341432568e-01
176.150000,1.0022934864e-03,2.4214180750e-01
176.200000,9.9797791160e-04,2.4400609000e-01
176.250000,9.9964266516e-04,2.4851273293e-01
176.300000,1.0004967131e-03,2.5071562937e-01
176.350000,1.0017067579e-03,2.4556559952e-01
176.400000,1.0011488872e-03,2.4511320744e-01
176.450000,1.0009326983e-03,2.3614136187e-01
176.500000,1.0001422088e-03,2.5116398378e-01
176.550000,1.0011237254e-03,2.4520295287e-01
176.600000,1.0006214657e-03,2.4804605235e-01
176.650000,9.9920463170e-04,2.4285691178e-01
176.700000,1.0002009471e-03,2.3879175610e-01
176.750000,9.9967621717e-04,2.4043353937e-01
176.800000,9.9888967226e-04,2.4969294611e-01
176.850000,9.9902738541e-04,2.4516308860e-01
176.900000,9.9999326478e-04,2.4624648789e-01
176.950000,1.0002589337e-03,2.4598303863e-01
177.000000,9.9951711568e-04,2.5527047806e-01
177.050000,1.0007919065e-03,2.4672258286e-01
177.100000,1.0004224174e-03,2.4330266281e-01
177.150000,9.9925861838e-04,2.4783175050e-01
177.200000,1.0011607564e-03,2.4489130153e-01
177.250000,1.0014780731e-03,2.4102674446e-01
177.300000,1.0002837361e-03,2.4215747143e-01
177.350000,9.9948766486e-04,2.4305067130e-01
177.400000,1.0000468316e-03,2.4532043320e-01
177.450000,9.9918822490e-04,2.4167289375e-01
177.500000,1.0009624047e-03,2.4561347056e-01
177.550000,9.9968468558e-04,2.3767650200e-01
177.600000,1.0001961735e-03,2.4554849567e-01
177.650000,1.0008727532e-03,2.4371671016e-01
177.700000,9.9994691065e-04,2.5179758465e-01
177.750000,1.0006047109e-03,2.4703076211e-01
177.800000,9.9874270281e-04,2.4330852310e-01
177.850000,1.0014636241e-03,2.4649410342e-01
177.900000,9.9834180379e-04,2.3640767254e-01
177.950000,9.9951009430e-04,2.3943922804e-01
178.000000,1.0017170803e-03,2.5086120386e-01
178.050000,1.0005969178e-03,2.4197406197e-01
178.100000,9.9979605923e-04,2.4128020583e-01
178.150000,1.0013056906e-03,2.4255761534e-01
178.200000,1.0000273556e-03,2.3978710097e-01
178.250000,1.0014734137e-03,2.4526040884e-01
178.300000,1.0008778610e-03,2.4069825735e-01
178.350000,1.0006741244e-03,2.5408966796e-01
178.400000,9.9851116968e-04,2.4078946928e-01
178.450000,1.0002556723e-03,2.4862802604e-01
178.500000,1.0026286507e-03,2.3742453731e-01
178.550000,9.9851269943e-04,2.5584858908e-01
178.600000,1.0017773840e-03,2.3947932926e-01
178.650000,1.0001126506e-03,2.5019475244e-01
178.700000,9.9915240615e-04,2.3236831787e-01
178.750000,9.9883887621e-04,2.4541927828e-01
178.800000,1.0007500256e-03,2.4449739337e-01
178.850000,1.0008956623e-03,2.4232095483e-01
178.900000,9.9914057650e-04,2.4714817048e-01
178.950000,1.0018733288e-03,2.4960088428e-01
179.000000,9.9958865396e-04,2.4740798579e-01
179.050000,1.0012841547e-03,2.4436069999e-01
179.100000,1.0007558932e-03,2.3540345664e-01
179.150000,1.0011664753e-03,2.4195956631e-01
179.200000,1.0001035283e-03,2.4969366407e-01
179.250000,9.9944029601e-04,2.4257892170e-01
179.300000,1.0001690977e-03,2.4327436810e-01
179.350000,9.9882927732e-04,2.4693076473e-01
179.400000,9.9805156022e-04,2.4732981423e-01
179.450000,1.0006870755e-03,2.4377184064e-01
179.500000,1.0003896626e-03,2.4742261985e-01
179.550000,9.9869028864e-04,2.4167775997e-01
179.600000,1.0004151276e-03,2.4726324625e-01
179.650000,1.0005443233e-03,2.4357504741e-01
179.700000,1.0001726657e-03,2.4052586456e-01
179.750000,9.9944935984e-04,2.5361277301e-01
179.800000,9.9784717322e-04,2.4483350743e-01
179.850000,9.9990944892e-04,2.3986098297e-01
179.900000,9.9745036290e-04,2.4660770053e-01
179.950000,1.0001577819e-03,2.4344710138e-01
180.000000,9.9905499411e-04,2.4228857849e-01
180.050000,1.0000004555e-03,2.4253358095e-01
180.100000,1.0005782690e-03,2.3589417066e-01
180.150000,1.0005559617e-03,2.5027531942e-01
180.200000,1.0010178601e-03,2.4495733429e-01
180.250000,9.9970004400e-04,2.5762169470e-01
180.300000,1.0008306199e-03,2.4501556238e-01
180.350000,1.0001962323e-03,2.4398481121e-01
180.400000,1.0011402680e-03,2.5178258929e-01
180.450000,9.9953956918e-04,2.5098372666e-01
180.500000,9.9952781619e-04,2.4218686369e-01
180.550000,1.0012825533e-03,2.5332732058e-01
180.600000,9.9955710722e-04,2.4175798775e-01
180.650000,1.0001464591e-03,2.4940074290e-01
180.700000,9.9794499371e-04,2.4415957143e-01
180.750000,9.9863504245e-04,2.4539660015e-01
180.800000,1.0000541658e-03,2.3558975907e-01
180.850000,9.9925690536e-04,2.5012962939e-01
180.900000,1.0004233877e-03,2.4361870864e-01
180.950000,9.9996098816e-04,2.4159132738e-01
181.000000,1.0002718593e-03,2.5288319423e-01
181.050000,9.9885300862e-04,2.3797558658e-01
181.100000,9.9933682452e-04,2.4031353455e-01
181.150000,9.9939038697e-04,2.4526140867e-01
181.200000,9.9928318751e-04,2.4373529116e-01
181.250000,1.0011889877e-03,2.4167341873e-01
181.300000,9.9835682145e-04,2.4904102922e-01
181.350000,9.9830683548e-04,2.4523020853e-01
181.400000,1.0009139741e-03,2.4730446306e-01
181.450000,1.0003241644e-03,2.4145648366e-01
181.500000,1.0007177893e-03,2.4321762409e-01
181.550000,1.0000011739e-03,2.4182160388e-01
181.600000,9.9962759584e-04,2.4198987168e-01
181.650000,1.0004350362e-03,2.4476637162e-01
181.700000,1.0003333567e-03,2.4204725047e-01
181.750000,9.9966623402e-04,2.4202068464e-01
181.800000,9.9910511338e-04,2.4168372399e-01
181.850000,1.0004537881e-03,2.4345790632e-01
181.900000,9.9885925440e-04,2.4765623361e-01
181.950000,1.0001218062e-03,2.3974276136e-01
182.000000,1.0017220495e-03,2.3922136338e-01
182.050000,1.0006735596e-03,2.4079339080e-01
182.100000,9.9891867584e-04,2.4290818920e-01
182.150000,1.0017394564e-03,2.4584362036e-01
182.200000,9.9871747199e-04,2.4353211922e-01
182.250000,9.9926415893e-04,2.4966456889e-01
182.300000,1.0005907196e-03,2.5014277738e-01
182.350000,1.0021377232e-03,2.4237761168e-01
182.400000,1.0020122242e-03,2.4405872647e-01
182.450000,9.9998127026e-04,2.4660075650e-01
182.500000,1.0005222529e-03,2.4273686806e-01
182.550000,9.9928069010e-04,2.4819157692e-01
182.600000,9.9979424149e-04,2.4329790536e-01
182.650000,1.0002009025e-03,2.4232664215e-01
182.700000,9.9868894561e-04,2.4710564221e-01
182.750000,9.9964697902e-04,2.4536219559e-01
182.800000,9.9983603528e-04,2.4922347881e-01
182.850000,9.9758784873e-04,2.5198112196e-01
182.900000,1.0010622700e-03,2.5066719434e-01
182.950000,9.9982278302e-04,2.5094169056e-01
183.000000,1.0005181653e-03,2.4449051423e-01
183.050000,1.0002685454e-03,2.4687317182e-01
183.100000,9.9859300972e-04,2.4047626549e-01
183.150000,1.0009560502e-03,2.4676985214e-01
183.200000,9.9875360375e-04,2.5342883594e-01
183.250000,9.9937831563e-04,2.4513544082e-01
183.300000,9.9771223740e-04,2.4700048923e-01
183.350000,1.0005609826e-03,2.4676811442e-01
183.400000,1.0015970358e-03,2.5451470456e-01
183.450000,1.0002238583e-03,2.5193323149e-01
183.500000,9.9943242022e-04,2.4288048702e-01
183.550000,1.0002654952e-03,2.3246305735e-01
183.600000,9.9873094449e-04,2.5921430970e-01
183.650000,1.0003460543e-03,2.4601067514e-01
183.700000,9.9891178924e-04,2.4494925742e-01
183.750000,1.0013612987e-03,2.4259259188e-01
183.800000,9.9880085495e-04,2.4653239714e-01
183.850000,9.9885765865e-04,2.5075285715e-01
183.900000,1.0008576448e-03,2.5067149160e-01
183.950000,1.0010247583e-03,2.5151008466e-01
184.000000,9.9956189143e-04,2.5007664191e-01
184.050000,9.9840358606e-04,2.4140187422e-01
184.100000,9.9993801391e-04,2.3674587035e-01
184.150000,1.0001763181e-03,2.5290487031e-01
184.200000,9.9982694745e-04,2.4427769227e-01
184.250000,9.9976745932e-04,2.4782324672e-01
184.300000,9.9958069680e-04,2.4711309778e-01
184.350000,9.9948704483e-04,2.5493562760e-01
184.400000,1.0011177650e-03,2.4754319651e-01
184.450000,1.0005469269e-03,2.3385388201e-01
184.500000,1.0001418871e-03,2.4283121639e-01
184.550000,9.9937696444e-04,2.4615926813e-01
184.600000,1.0003206553e-03,2.4589119138e-01
184.650000,9.9892960069e-04,2.4604490458e-01
184.700000,1.0014983894e-03,2.4749430373e-01
184.750000,9.9926078071e-04,2.5134257987e-01
184.800000,1.0000367462e-03,2.5577627488e-01
184.850000,1.0014238283e-03,2.4656690014e-01
184.900000,1.0005817743e-03,2.4825876697e-01
184.950000,1.0019267605e-03,2.4809420723e-01
185.000000,9.9897933246e-04,2.4062698522e-01
185.050000,1.0021081156e-03,2.5452676244e-01
185.100000,1.0003318007e-03,2.4431015224e-01
185.150000,9.9901705690e-04,2.3401526653e-01
185.200000,9.9924143064e-04,2.4543849674e-01
185.250000,9.9950809810e-04,2.5239802452e-01
185.300000,1.0000221997e-03,2.4495565658e-01
185.350000,9.9881383983e-04,2.4514815673e-01
185.400000,9.9947561439e-04,2.4444273175e-01
185.450000,1.0022856674e-03,2.4400281840e-01
185.500000,1.0006194375e-03,2.4987822009e-01
185.550000,1.0004588290e-03,2.3624089444e-01
185.600000,1.0003519379e-03,2.3585204977e-01
185.650000,9.9893175847e-04,2.3921841307e-01
185.700000,9.9838547914e-04,2.4424328855e-01
185.750000,1.0012248129e-03,2.3921144444e-01
185.800000,9.9951136542e-04,2.4621590689e-01
185.850000,1.0015779455e-03,2.4239636537e-01
185.900000,1.0010613059e-03,2.4452444649e-01
185.950000,9.9934468057e-04,2.5081868830e-01
186.000000,9.9903542712e-04,2.3970950848e-01
186.050000,9.9986473315e-04,2.4861048844e-01
186.100000,1.0002111902e-03,2.3548944251e-01
186.150000,1.0009995578e-03,2.4049515702e-01
186.200000,9.9935801188e-04,2.3733550762e-01
186.250000,1.0013335666e-03,2.5138360307e-01
186.300000,1.0001282521e-03,2.4256495297e-01
186.350000,9.9957179511e-04,2.4356150941e-01
186.400000,9.9871093823e-04,2.4171358387e-01
186.450000,9.9874432500e-04,2.3657996342e-01
186.500000,9.9942709424e-04,2.5135698709e-01
186.550000,9.9956151520e-04,2.4875484191e-01
186.600000,1.0008383895e-03,2.4192627013e-01
186.650000,1.0004331509e-03,2.5117248979e-01
186.700000,9.9998419031e-04,2.3857879702e-01
186.750000,1.0006772869e-03,2.4618841139e-01
186.800000,1.0002351314e-03,2.4521356492e-01
186.850000,9.9942764150e-04,2.4384986930e-01
186.900000,1.0001174522e-03,2.4954290834e-01
186.950000,1.0000237542e-03,2.3911686770e-01
187.000000,1.0002194387e-03,2.4328874753e-01
187.050000,9.9837660955e-04,2.6197846495e-01
187.100000,9.9984461480e-04,2.4768049316e-01
187.150000,1.0009568129e-03,2.4060300762e-01
187.200000,1.0011735744e-03,2.4728764078e-01
187.250000,9.9982886529e-04,2.5010564599e-01
187.300000,9.9963164564e-04,2.4107597484e-01
187.350000,1.0000481632e-03,2.4050054978e-01
187.400000,1.0009923447e-03,2.4009776960e-01
187.450000,1.0012980938e-03,2.4765094928e-01
187.500000,1.0007596036e-03,2.4290467827e-01
187.550000,9.9749912374e-04,2.4600128456e-01
187.600000,1.0018965313e-03,2.4387052419e-01
187.650000,1.0018978090e-03,2.3774471964e-01
187.700000,1.0020228935e-03,2.4917596804e-01
187.750000,1.0008775510e-03,2.4591024476e-01
187.800000,9.9930556070e-04,2.5144491092e-01
187.850000,9.9876848219e-04,2.3849991642e-01
187.900000,9.9989210422e-04,2.4957486740e-01
187.950000,1.0023852766e-03,2.3961850863e-01
188.000000,9.9945357259e-04,2.4503089258e-01
188.050000,1.0002484167e-03,2.5207361092e-01
188.100000,1.0005186162e-03,2.4865957306e-01
188.150000,1.0012839065e-03,2.5182038951e-01
188.200000,1.0002764137e-03,2.4880042147e-01
188.250000,1.0003827607e-03,2.4011651355e-01
188.300000,9.9983807913e-04,2.4170311872e-01
188.350000,1.0003457217e-03,2.3901673069e-01
188.400000,9.9905376407e-04,2.4293087383e-01
188.450000,1.0003518924e-03,2.4332158608e-01
188.500000,1.0001718560e-03,2.4380909896e-01
188.550000,9.9871917566e-04,2.4961091670e-01
188.600000,1.0005153561e-03,2.4730820426e-01
188.650000,9.9910938678e-04,2.4233249571e-01
188.700000,1.0016984569e-03,2.4913051913e-01
188.750000,1.0007134945e-03,2.3639363516e-01
188.800000,1.0003932192e-03,2.4809543460e-01
188.850000,1.0011020936e-03,2.4322277915e-01
188.900000,1.0010833425e-03,2.4961903607e-01
188.950000,1.0009360688e-03,2.3923188923e-01
189.000000,9.9959374186e-04,2.5536188163e-01
189.050000,9.9833447787e-04,2.4526516717e-01
189.100000,1.0029308949e-03,2.4509428193e-01
189.150000,1.0004247534e-03,2.4753063137e-01
189.200000,9.9975584142e-04,2.4666825070e-01
189.250000,9.9843393387e-04,2.4253087487e-01
189.300000,9.9993714751e-04,2.4645083091e-01
189.350000,9.9950747056e-04,2.4697290400e-01
189.400000,9.9938138369e-04,2.5270096033e-01
189.450000,1.0004025468e-03,2.4474611634e-01
189.500000,1.0020978714e-03,2.3607309867e-01
189.550000,9.9925532533e-04,2.4821918107e-01
189.600000,9.9921246585e-04,2.3933727238e-01
189.650000,9.9969591327e-04,2.4443023748e-01
189.700000,1.0002844334e-03,2.4632186353e-01
189.750000,1.0005123138e-03,2.5537332883e-01
189.800000,1.0009294786e-03,2.4866710956e-01
189.850000,1.0008115981e-03,2.4216094500e-01
189.900000,1.0001779023e-03,2.4323666155e-01
189.950000,9.9908340063e-04,2.4342782093e-01
190.000000,9.9901352379e-04,2.4972097741e-01
190.050000,9.9942663608e-04,2.4484638274e-01
190.100000,9.9869421033e-04,2.4260791949e-01
190.150000,1.0004855229e-03,2.5012978351e-01
190.200000,1.0003248898e-03,2.4775181680e-01
190.250000,9.9829797904e-04,2.3400090308e-01
190.300000,1.0005976181e-03,2.3964398333e-01
190.350000,9.9979017954e-04,2.4938148980e-01
190.400000,9.9996701549e-04,2.4221467038e-01
190.450000,9.9946129672e-04,2.3798461647e-01
190.500000,9.9944939176e-04,2.4338059392e-01
190.550000,1.0020288116e-03,2.4618445320e-01
190.600000,9.9935348628e-04,2.4875748425e-01
190.650000,1.0004509236e-03,2.5563461958e-01
190.700000,1.0007482790e-03,2.2859020129e-01
190.750000,1.0009543172e-03,2.5318467206e-01
190.800000,9.9891392456e-04,2.5534925046e-01
190.850000,9.9905925374e-04,2.5169118426e-01
190.900000,9.9970900103e-04,2.4567493953e-01
190.950000,9.9992853066e-04,2.4930189188e-01
191.000000,9.9990106520e-04,2.4400807206e-01
191.050000,9.9956494399e-04,2.4111735692e-01
191.100000,1.0008259387e-03,2.4693012239e-01
191.150000,1.0004273799e-03,2.4101077498e-01
191.200000,9.9938328367e-04,2.5126001390e-01
191.250000,9.9899728489e-04,2.4603045629e-01
191.300000,1.0006119796e-03,2.4539206005e-01
191.350000,9.9892383229e-04,2.4493703237e-01
191.400000,9.9987493552e-04,2.4090803273e-01
191.450000,1.0011374080e-03,2.4390380852e-01
191.500000,9.9971832354e-04,2.4416269176e-01
191.550000,1.0006717903e-03,2.5289790960e-01
191.600000,9.9968675549e-04,2.4998663604e-01
191.650000,1.0000857848e-03,2.3414436475e-01
191.700000,9.9825333793e-04,2.5081526806e-01
191.750000,9.9938700443e-04,2.4839435074e-01
191.800000,1.0022274181e-03,2.4479239272e-01
191.850000,9.9860505826e-04,2.4951642451e-01
191.900000,1.0000800122e-03,2.4955825990e-01
191.950000,1.0004507365e-03,2.3488140814e-01
192.000000,1.0037180430e-03,2.4648185918e-01
192.050000,1.0004506854e-03,2.4879933246e-01
192.100000,9.9964700533e-04,2.5033305328e-01
192.150000,9.9620637039e-04,2.3838380081e-01
192.200000,9.9847541975e-04,2.4455593362e-01
192.250000,1.0004969547e-03,2.4777993684e-01
192.300000,9.9837865245e-04,2.4431264570e-01
192.350000,9.9848924975e-04,2.5044174974e-01
192.400000,9.9850012605e-04,2.3971157042e-01
192.450000,1.0013266653e-03,2.5665030824e-01
192.500000,1.0012658308e-03,2.4266413963e-01
192.550000,1.0007497411e-03,2.4439107812e-01
192.600000,1.0003022525e-03,2.3127387938e-01
192.650000,1.0011117990e-03,2.4097893909e-01
192.700000,9.9938247262e-04,2.5243321603e-01
192.750000,1.0005433023e-03,2.3322204995e-01
192.800000,9.9894672090e-04,2.4295600818e-01
192.850000,1.0001421213e-03,2.4618890752e-01
192.900000,1.0001437411e-03,2.4578762368e-01
192.950000,1.0011152029e-03,2.4349734961e-01
193.000000,1.0018127030e-03,2.4705373677e-01
193.050000,1.0001432468e-03,2.4677356934e-01
193.100000,9.9871986913e-04,2.3897638302e-01
193.150000,9.9959771157e-04,2.4396673885e-01
193.200000,1.0010635714e-03,2.4297271342e-01
193.250000,1.0011189946e-03,2.4077560000e-01
193.300000,9.9990497965e-04,2.4478334009e-01
193.350000,9.9898546034e-04,2.4644777853e-01
193.400000,1.0008321335e-03,2.3949646362e-01
193.450000,1.0001342484e-03,2.4487806550e-01
193.500000,9.9849302061e-04,2.4897563804e-01
193.550000,1.0004757313e-03,2.4424275790e-01
193.600000,1.0007427936e-03,2.4029707878e-01
193.650000,9.9957238831e-04,2.5232589044e-01
193.700000,9.9944888172e-04,2.4656769836e-01
193.750000,1.0002528489e-03,2.4609320987e-01
193.800000,1.0007182292e-03,2.4441763708e-01
193.850000,1.0014324188e-03,2.5318377211e-01
193.900000,1.0013387314e-03,2.4154714913e-01
193.950000,9.9933284171e-04,2.4110949363e-01
194.000000,9.9828235617e-04,2.5363562134e-01
194.050000,9.9973064954e-04,2.5306871015e-01
194.100000,9.9916251948e-04,2.4463429084e-01
194.150000,9.9987955287e-04,2.4082704970e-01
194.200000,1.0000936974e-03,2.3665316155e-01
194.250000,9.9839608203e-04,2.4594626163e-01
194.300000,9.9961655061e-04,2.4517799141e-01
194.350000,9.9862969873e-04,2.4355299138e-01
194.400000,9.9808324845e-04,2.3789908973e-01
194.450000,9.9977125046e-04,2.4629491435e-01
194.500000,1.0013569032e-03,2.3569249692e-01
194.550000,1.0007143340e-03,2.4348800912e-01
194.600000,1.0020582415e-03,2.5207774422e-01
194.650000,1.0010546038e-03,2.4216823451e-01
194.700000,9.9799022413e-04,2.4157101326e-01
194.750000,1.0015468522e-03,2.4239947474e-01
194.800000,1.0021081308e-03,2.4861464848e-01
194.850000,9.9882800572e-04,2.4499253052e-01
194.900000,9.9810563202e-04,2.4577879968e-01
194.950000,9.9979676885e-04,2.4432757027e-01
195.000000,1.0000835345e-03,2.4978496816e-01
195.050000,9.9869892060e-04,2.4717021120e-01
195.100000,9.9886450804e-04,2.4414352965e-01
195.150000,9.9998000429e-04,2.5131370260e-01
195.200000,1.0008703585e-03,2.3842260159e-01
195.250000,9.9939420221e-04,2.5003645052e-01
195.300000,1.0006610643e-03,2.4323031705e-01
195.350000,9.9937078861e-04,2.3600835860e-01
195.400000,1.0005535927e-03,2.4066324676e-01
195.450000,1.0004193233e-03,2.4639068194e-01
195.500000,9.9959916997e-04,2.4353361656e-01
195.550000,9.9977300597e-04,2.4900454108e-01
195.600000,9.9941178577e-04,2.4266938601e-01
195.650000,1.0005594961e-03,2.4621540783e-01
195.700000,1.0003666264e-03,2.5016166104e-01
195.750000,9.9943881109e-04,2.4329670287e-01
195.800000,9.9976198868e-04,2.4836742294e-01
195.850000,9.9954121385e-04,2.4826573496e-01
195.900000,9.9901186549e-04,2.4258962467e-01
195.950000,1.0017841787e-03,2.5833620463e-01
196.000000,1.0011433125e-03,2.4590733975e-01
196.050000,9.9896132453e-04,2.4973310761e-01
196.100000,9.9798003924e-04,2.4196179887e-01
196.150000,9.9937655731e-04,2.4552525215e-01
196.200000,9.9929530281e-04,2.3907320880e-01
196.250000,9.9980324604e-04,2.5212545246e-01
196.300000,1.0011031950e-03,2.4962155471e-01
196.350000,9.9933320074e-04,2.4307873707e-01
196.400000,1.0005075514e-03,2.4706581676e-01
196.450000,9.9971996854e-04,2.3979310840e-01
196.500000,9.9972779050e-04,2.4005647342e-01
196.550000,1.0005040818e-03,2.4851066801e-01
196.600000,9.9937943131e-04,2.4769250429e-01
196.650000,9.9968383049e-04,2.4047614281e-01
196.700000,9.9976003730e-04,2.3880213619e-01
196.750000,9.9900002975e-04,2.4823187083e-01
196.800000,9.9935200898e-04,2.4771285406e-01
196.850000,1.0002993705e-03,2.4683105797e-01
196.900000,1.0016638783e-03,2.5183239509e-01
196.950000,9.9988479811e-04,2.4831549490e-01
197.000000,1.0020186088e-03,2.3638884014e-01
197.050000,9.9898078794e-04,2.3775749558e-01
197.100000,9.9901192345e-04,2.5093740227e-01
197.150000,1.0018976719e-03,2.4718146995e-01
197.200000,1.0009629870e-03,2.4692795513e-01
197.250000,9.9851540588e-04,2.5223514445e-01
197.300000,9.9935608902e-04,2.4891330686e-01
197.350000,9.9928860963e-04,2.4193769668e-01
197.400000,9.9870264946e-04,2.3795888917e-01
197.450000,9.9959826956e-04,2.4855232811e-01
197.500000,9.9878466722e-04,2.3900316920e-01
197.550000,1.0005806537e-03,2.4677816877e-01
197.600000,9.9935826364e-04,2.4007225277e-01
197.650000,1.0000451793e-03,2.3322892499e-01
197.700000,9.9948035791e-04,2.4473757082e-01
197.750000,9.9920158970e-04,2.4089023395e-01
197.800000,1.0005358983e-03,2.4098320727e-01
197.850000,9.9968297116e-04,2.4780816710e-01
197.900000,9.9855657146e-04,2.4897411507e-01
197.950000,1.0015680514e-03,2.4554921403e-01
198.000000,9.9973600500e-04,2.4056141886e-01
198.050000,9.9905000825e-04,2.3977591134e-01
198.100000,9.9882732076e-04,2.4783257898e-01
198.150000,1.0010807780e-03,2.3993878763e-01
198.200000,1.0015444801e-03,2.4737633275e-01
198.250000,1.0003769582e-03,2.4690172930e-01
198.300000,1.0008551190e-03,2.5342903164e-01
198.350000,1.0009915142e-03,2.3782020846e-01
198.400000,9.9844697515e-04,2.4774150384e-01
198.450000,9.9924379713e-04,2.3214252611e-01
198.500000,9.9850421786e-04,2.4945189034e-01
198.550000,9.9981887593e-04,2.3617830911e-01
198.600000,1.0004709086e-03,2.4495135985e-01
198.650000,1.0002055192e-03,2.3521222432e-01
198.700000,1.0009025450e-03,2.5296515950e-01
198.750000,9.9639032727e-04,2.4357107964e-01
198.800000,9.9879479409e-04,2.3860229366e-01
198.850000,1.0019364011e-03,2.4665792900e-01
198.900000,9.9943785603e-04,2.4333886805e-01
198.950000,1.0000578556e-03,2.5260757878e-01
199.000000,9.9951251346e-04,2.4422817919e-01
199.050000,9.9878212344e-04,2.4198138792e-01
199.100000,9.9841527650e-04,2.4596539868e-01
199.150000,9.9955466136e-04,2.4636619996e-01
199.200000,1.0011106393e-03,2.4254604604e-01
199.250000,9.9982386941e-04,2.4656866145e-01
199.300000,1.0006686083e-03,2.4696509125e-01
199.350000,1.0002752784e-03,2.4893288457e-01
199.400000,1.0011570511e-03,2.4849725456e-01
199.450000,1.0006616764e-03,2.3520573273e-01
199.500000,1.0001120239e-03,2.5120478960e-01
199.550000,1.0005438349e-03,2.3967329850e-01
199.600000,1.0000242122e-03,2.5191439532e-01
199.650000,1.0010391926e-03,2.3873456701e-01
199.700000,1.0009554617e-03,2.5415289945e-01
199.750000,9.9962124789e-04,2.4391973925e-01
199.800000,1.0001643153e-03,2.4284343005e-01
199.850000,1.0000954357e-03,2.5120920853e-01
199.900000,9.9979264017e-04,2.4838241337e-01
199.950000,1.0013061496e-03,2.3935109072e-01
200.000000,9.9956219571e-04,2.3824326871e-01
200.050000,9.9726164361e-04,2.4635052450e-01
200.100000,9.9945390755e-04,2.4979749054e-01
200.150000,1.0006758110e-03,2.4059608719e-01
200.200000,1.0005478986e-03,2.5090067088e-01
200.250000,9.9850626203e-04,2.4315194127e-01
200.300000,1.0006678776e-03,2.4571992452e-01
200.350000,1.0001667785e-03,2.3573421154e-01
200.400000,9.9948574713e-04,2.4614840937e-01
200.450000,1.0001908261e-03,2.4544202155e-01
200.500000,9.9991972626e-04,2.4546791241e-01
200.550000,9.9939298526e-04,2.4627166561e-01
200.600000,9.9945053616e-04,2.5075693596e-01
200.650000,1.0008986479e-03,2.4860695256e-01
200.700000,1.0011037228e-03,2.3812572444e-01
200.750000,1.0005397957e-03,2.3878780234e-01
200.800000,9.9863267617e-04,2.4539068818e-01
200.850000,9.9866003838e-04,2.4702815853e-01
200.900000,1.0004061404e-03,2.4817165073e-01
200.950000,1.0012072987e-03,2.4002687917e-01
201.000000,1.0011461517e-03,2.4711682582e-01
201.050000,9.9986455417e-04,2.3695509229e-01
201.100000,9.9927039388e-04,2.5230073408e-01
201.150000,9.9843464541e-04,2.4607276299e-01
201.200000,9.9949914455e-04,2.4945882015e-01
201.250000,9.9966857169e-04,2.4644236515e-01
201.300000,9.9900873365e-04,2.4122273859e-01
201.350000,1.0005894791e-03,2.4834769957e-01
201.400000,1.0008784125e-03,2.4406009641e-01
201.450000,9.9928902253e-04,2.4140005405e-01
201.500000,1.0016525760e-03,2.4715654833e-01
201.550000,1.0028106581e-03,2.4229561136e-01
201.600000,1.0015338043e-03,2.4481660527e-01
201.650000,1.0000254507e-03,2.4678929283e-01
201.700000,1.0009607941e-03,2.4418221269e-01
201.750000,9.9966334931e-04,2.5104151409e-01
201.800000,9.9942728106e-04,2.3935879960e-01
201.850000,1.0003145640e-03,2.3508602750e-01
201.900000,1.0002993048e-03,2.4350560937e-01
201.950000,9.9951865074e-04,2.4060564315e-01
202.000000,9.9954299416e-04,2.4318294019e-01
202.050000,9.9859729834e-04,2.4913397581e-01
202.100000,1.0001369493e-03,2.5422760086e-01
202.150000,9.9830989549e-04,2.4889550741e-01
202.200000,1.0018792818e-03,2.4335710842e-01
202.250000,9.9813229152e-04,2.4655951904e-01
202.300000,9.9908101979e-04,2.5513577438e-01
202.350000,9.9904965426e-04,2.5088192952e-01
202.400000,9.9935309673e-04,2.4207348088e-01
202.450000,1.0000910863e-03,2.4947894921e-01
202.500000,9.9921474042e-04,2.4720519818e-01
202.550000,9.9846353412e-04,2.5131975200e-01
202.600000,9.9916367193e-04,2.4324056633e-01
202.650000,1.0008821773e-03,2.4372089615e-01
202.700000,1.0003011344e-03,2.4716344428e-01
202.750000,1.0023809327e-03,2.5030231390e-01
202.800000,1.0006810935e-03,2.4278944219e-01
202.850000,1.0021720572e-03,2.4174853718e-01
202.900000,1.0006530753e-03,2.4462487802e-01
202.950000,1.0002033157e-03,2.4899059757e-01
203.000000,9.9891722353e-04,2.4912196712e-01
203.050000,1.0002655821e-03,2.4793403060e-01
203.100000,1.0011838622e-03,2.4941512677e-01
203.150000,1.0024702551e-03,2.4786372515e-01
203.200000,1.0004918427e-03,2.4162503885e-01
203.250000,1.0004113376e-03,2.4794206754e-01
203.300000,1.0006943376e-03,2.5442724464e-01
203.350000,9.9919066246e-04,2.4140512427e-01
203.400000,9.9950530725e-04,2.4965426287e-01
203.450000,9.9899154881e-04,2.5110191998e-01
203.500000,9.9935098218e-04,2.3708957686e-01
203.550000,1.0006139841e-03,2.4340890535e-01
203.600000,1.0009509129e-03,2.5009793237e-01
203.650000,9.9985900315e-04,2.4785956197e-01
203.700000,9.9960535644e-04,2.5095622263e-01
203.750000,9.9960184109e-04,2.4885738479e-01
203.800000,1.0016525393e-03,2.4445563932e-01
203.850000,9.9960612136e-04,2.4354488330e-01
203.900000,9.9982729984e-04,2.4003133747e-01
203.950000,1.0016342525e-03,2.4597131396e-01
204.000000,9.9969584699e-04,2.3940351168e-01
204.050000,9.9942947180e-04,2.5570851371e-01
204.100000,9.9979512923e-04,2.3749257796e-01
204.150000,9.9983163952e-04,2.4719694390e-01
204.200000,9.9990037255e-04,2.4685813081e-01
204.250000,1.0000152058e-03,2.3922652051e-01
204.300000,1.0019570773e-03,2.5123125038e-01
204.350000,1.0002012353e-03,2.3633553442e-01
204.400000,9.9957509327e-04,2.4674156906e-01
204.450000,9.9916540831e-04,2.4675144555e-01
204.500000,1.0014613949e-03,2.4919665521e-01
204.550000,1.0007951649e-03,2.4865321025e-01
204.600000,1.0020835752e-03,2.3884669628e-01
204.650000,1.0012300334e-03,2.5054553100e-01
204.700000,9.9912311172e-04,2.4471004527e-01
204.750000,1.0006634132e-03,2.5059875152e-01
204.800000,9.9714552964e-04,2.4815104390e-01
204.850000,1.0008239143e-03,2.4796755509e-01
204.900000,1.0006410399e-03,2.5309629169e-01
204.950000,1.0011785796e-03,2.5832258236e-01
205.000000,1.0015817407e-03,2.4297608426e-01
205.050000,9.9785400627e-04,2.4758933930e-01
205.100000,9.9976364611e-04,2.5634391665e-01
205.150000,1.0000451739e-03,2.4590483830e-01
205.200000,1.0007598292e-03,2.4445553023e-01
205.250000,9.9976522399e-04,2.5105346210e-01
205.300000,1.0002383632e-03,2.4964612723e-01
205.350000,9.9871672022e-04,2.4650023480e-01
205.400000,9.9947403598e-04,2.4325247399e-01
205.450000,1.0003371099e-03,2.4745144304e-01
205.500000,9.9974334671e-04,2.4959916389e-01
205.550000,1.0018252602e-03,2.4526253441e-01
205.600000,9.9929704753e-04,2.4937112319e-01
205.650000,1.0008828306e-03,2.4955387869e-01
205.700000,1.0014528050e-03,2.5282180227e-01
205.750000,1.0008077916e-03,2.4665261362e-01
205.800000,9.9975390606e-04,2.3818172079e-01
205.850000,1.0011926247e-03,2.4403589913e-01
205.900000,1.0016998906e-03,2.5342765990e-01
205.950000,1.0003504180e-03,2.4595908957e-01
206.000000,9.9924739921e-04,2.4853778031e-01
206.050000,9.9990123004e-04,2.4433884628e-01
206.100000,9.9973622857e-04,2.4616987718e-01
206.150000,1.0002569911e-03,2.3953849256e-01
206.200000,9.9924691657e-04,2.4221027571e-01
206.250000,9.9841781051e-04,2.4611305047e-01
206.300000,1.0002279707e-03,2.4679067075e-01
206.350000,1.0007782547e-03,2.4142703666e-01
206.400000,1.0005549565e-03,2.3716468779e-01
206.450000,9.9961901949e-04,2.4601155097e-01
206.500000,1.0010652613e-03,2.5139129387e-01
206.550000,1.0011413773e-03,2.4743561692e-01
206.600000,1.0009481462e-03,2.5177597828e-01
206.650000,9.9978450783e-04,2.4435053709e-01
206.700000,9.9911651122e-04,2.4164813165e-01
206.750000,1.0007400115e-03,2.4507530023e-01
206.800000,9.9854246262e-04,2.4523807876e-01
206.850000,1.0014107894e-03,2.5300961918e-01
206.900000,9.9915377847e-04,2.4614156500e-01
206.950000,1.0012782549e-03,2.4209190686e-01
207.000000,1.0005735504e-03,2.4506241115e-01
207.050000,9.9958595528e-04,2.5156583298e-01
207.100000,9.9976942253e-04,2.4982012479e-01
207.150000,9.9997168169e-04,2.4084400689e-01
207.200000,1.0023964197e-03,2.4666946142e-01
207.250000,1.0000485547e-03,2.4743774760e-01
207.300000,1.0004532709e-03,2.4596837720e-01
207.350000,1.0007296437e-03,2.5100801090e-01
207.400000,1.0003071694e-03,2.3775971021e-01
207.450000,9.9910114663e-04,2.3555342446e-01
207.500000,9.9933047792e-04,2.5073495818e-01
207.550000,1.0006347548e-03,2.4799362519e-01
207.600000,9.9963198189e-04,2.4778437192e-01
207.650000,1.0012771908e-03,2.4517106143e-01
207.700000,9.9941873602e-04,2.4468296136e-01
207.750000,9.9861050533e-04,2.5305599329e-01
207.800000,9.9832752917e-04,2.4267277446e-01
207.850000,9.9990814135e-04,2.5123126535e-01
207.900000,9.9962836427e-04,2.5321847949e-01
207.950000,9.9966660894e-04,2.4384903179e-01
208.000000,1.0009459183e-03,2.4612658932e-01
208.050000,1.0008093105e-03,2.5408850419e-01
208.100000,1.0007376740e-03,2.4545855395e-01
208.150000,1.0003069010e-03,2.4891999871e-01
208.200000,9.9949835706e-04,2.5017206744e-01
208.250000,9.9964030618e-04,2.5038746553e-01
208.300000,1.0009226580e-03,2.4967904914e-01
208.350000,1.0001321587e-03,2.4429273250e-01
208.400000,1.0010136269e-03,2.4902337457e-01
208.450000,9.9893687901e-04,2.4126544125e-01
208.500000,9.9979742680e-04,2.4322117406e-01
208.550000,1.0000988459e-03,2.5621265410e-01
208.600000,1.0012339743e-03,2.3789978719e-01
208.650000,1.0011575142e-03,2.4318364440e-01
208.700000,1.0014224391e-03,2.4569005077e-01
208.750000,9.9809507558e-04,2.4918261585e-01
208.800000,1.0005761834e-03,2.4886076148e-01
208.850000,1.0024116846e-03,2.4371694914e-01
208.900000,9.9856577426e-04,2.4935936625e-01
208.950000,1.0022543512e-03,2.3791978784e-01
209.000000,1.0004502602e-03,2.4852485401e-01
209.050000,1.0009648615e-03,2.4330193558e-01
209.100000,1.0002847052e-03,2.5059149682e-01
209.150000,1.0010057559e-03,2.4425281345e-01
209.200000,9.9845123202e-04,2.5844141094e-01
209.250000,1.0001072497e-03,2.3581476556e-01
209.300000,1.0032439804e-03,2.4214574601e-01
209.350000,1.0010306910e-03,2.4458312525e-01
209.400000,1.0001938850e-03,2.4642264424e-01
209.450000,9.9986729699e-04,2.4361111584e-01
209.500000,9.9945603524e-04,2.4564471810e-01
209.550000,1.0002465123e-03,2.4486653803e-01
209.600000,1.0014750729e-03,2.4109250438e-01
209.650000,1.0022940501e-03,2.4463095289e-01
209.700000,9.9831304437e-04,2.4920332619e-01
209.750000,9.9961745751e-04,2.5081042366e-01
209.800000,9.9888358681e-04,2.4530641639e-01
209.850000,1.0004171448e-03,2.4751060337e-01
209.900000,1.0003102772e-03,2.5017512362e-01
209.950000,1.0002848528e-03,2.4039357794e-01
210.000000,1.0011889466e-03,2.4381000559e-01
210.050000,9.9946274555e-04,2.4114872386e-01
210.100000,9.9891094541e-04,2.4099684824e-01
210.150000,9.9934703440e-04,2.4239678154e-01
210.200000,9.9943438018e-04,2.4851264615e-01
210.250000,9.9941533430e-04,2.4559871100e-01
210.300000,1.0004642002e-03,2.4331577114e-01
210.350000,1.0002018397e-03,2.4679207324e-01
210.400000,1.0006775961e-03,2.3826070663e-01
210.450000,1.0015984974e-03,2.4694111938e-01
210.500000,9.9884593002e-04,2.4545208843e-01
210.550000,1.0004294693e-03,2.3790124485e-01
210.600000,1.0000163538e-03,2.3629093026e-01
210.650000,1.0002727061e-03,2.4259118571e-01
210.700000,1.0019121040e-03,2.4385987908e-01
210.750000,9.9996320879e-04,2.4047929674e-01
210.800000,1.0005363810e-03,2.4694585908e-01
210.850000,1.0006253668e-03,2.4192023574e-01
210.900000,1.0004217249e-03,2.3681476635e-01
210.950000,9.9975993820e-04,2.5022744141e-01
211.000000,9.9956047088e-04,2.3641918482e-01
211.050000,9.9998129579e-04,2.5165132731e-01
211.100000,9.9908388749e-04,2.5128778572e-01
211.150000,1.0005561412e-03,2.4993793091e-01
211.200000,1.0008248404e-03,2.4538916716e-01
211.250000,9.9867580450e-04,2.5017759423e-01
211.300000,9.9999072797e-04,2.4104093279e-01
211.350000,1.0014015611e-03,2.4955486130e-01
211.400000,9.9951084358e-04,2.4110317366e-01
211.450000,1.0004054446e-03,2.3981035104e-01
211.500000,9.9931434713e-04,2.4825272716e-01
211.550000,9.9998773734e-04,2.3742401873e-01
211.600000,9.9936498514e-04,2.4522397842e-01
211.650000,1.0005873398e-03,2.4539367020e-01
211.700000,9.9960645822e-04,2.3431816657e-01
211.750000,1.0017981215e-03,2.4069573761e-01
211.800000,9.9866550750e-04,2.5119303859e-01
211.850000,1.0001631335e-03,2.4913811545e-01
211.900000,1.0010444116e-03,2.4740994042e-01
211.950000,9.9958762238e-04,2.3878453372e-01
212.000000,1.0007921624e-03,2.5227812995e-01
212.050000,1.0036070895e-03,2.4173755796e-01
212.100000,1.0008537791e-03,2.4882824339e-01
212.150000,1.0005876232e-03,2.4929363219e-01
212.200000,1.0010215088e-03,2.4532597801e-01
212.250000,1.0001020567e-03,2.3919635618e-01
212.300000,9.9893527423e-04,2.4673090234e-01
212.350000,9.9943601402e-04,2.3935294712e-01
212.400000,9.9833383219e-04,2.4489327168e-01
212.450000,9.9956137931e-04,2.5169645212e-01
212.500000,1.0010249641e-03,2.5181316853e-01
212.550000,9.9986300680e-04,2.3972637095e-01
212.600000,1.0006672167e-03,2.5676465394e-01
212.650000,9.9920838527e-04,2.4850308350e-01
212.700000,1.0005127527e-03,2.4987288894e-01
212.750000,9.9764014983e-04,2.4369933124e-01
212.800000,1.0005904850e-03,2.4324690060e-01
212.850000,9.9980019892e-04,2.5026364033e-01
212.900000,9.9915447982e-04,2.5202269219e-01
212.950000,9.9963574332e-04,2.4216838352e-01
213.000000,1.0016115086e-03,2.4371527857e-01
213.050000,9.9822353338e-04,2.3879504025e-01
213.100000,1.0009651374e-03,2.4378104962e-01
213.150000,1.0003042959e-03,2.5121096218e-01
213.200000,9.9950242455e-04,2.4730389138e-01
213.250000,9.9944866268e-04,2.4646556824e-01
213.300000,1.0009368368e-03,2.4652295024e-01
213.350000,1.0004241925e-03,2.3563276958e-01
213.400000,1.0017372781e-03,2.4991406058e-01
213.450000,9.9903744190e-04,2.4573028008e-01
213.500000,9.9881468740e-04,2.4902509973e-01
213.550000,9.9964385722e-04,2.4060228264e-01
213.600000,9.9941792601e-04,2.4846044861e-01
213.650000,1.0000343082e-03,2.4651959934e-01
213.700000,9.9965406751e-04,2.4750109981e-01
213.750000,9.9963921659e-04,2.4711038964e-01
213.800000,1.0003081546e-03,2.4941884703e-01
213.850000,9.9989707100e-04,2.4899095542e-01
213.900000,9.9839855092e-04,2.3813929076e-01
213.950000,1.0009874052e-03,2.5132689291e-01
214.000000,9.9865408478e-04,2.4905482580e-01
214.050000,1.0012351148e-03,2.5282449781e-01
214.100000,1.0002319591e-03,2.4325368183e-01
214.150000,9.9752219449e-04,2.5236178035e-01
214.200000,1.0004701859e-03,2.4808153033e-01
214.250000,9.9979047540e-04,2.4305612878e-01
214.300000,1.0015172374e-03,2.4684151730e-01
214.350000,9.9804561325e-04,2.4483769415e-01
214.400000,9.9985001180e-04,2.4516893296e-01
214.450000,9.9821294903e-04,2.4059925691e-01
214.500000,9.9781613479e-04,2.5076346084e-01
214.550000,1.0013060220e-03,2.4751212021e-01
214.600000,1.0004735331e-03,2.4326808623e-01
214.650000,9.9819360656e-04,2.4557202625e-01
214.700000,1.0004364522e-03,2.4402897016e-01
214.750000,9.9936776348e-04,2.4371969431e-01
214.800000,1.0002322948e-03,2.4191897787e-01
214.850000,9.9997984094e-04,2.3920482868e-01
214.900000,9.9992652464e-04,2.4221720452e-01
214.950000,9.9897660031e-04,2.4537841278e-01
215.000000,9.9915748909e-04,2.4582323863e-01
215.050000,1.0007505933e-03,2.4555554991e-01
215.100000,1.0022728278e-03,2.4503553773e-01
215.150000,1.0004761637e-03,2.4523383011e-01
215.200000,1.0003975300e-03,2.5361221163e-01
215.250000,9.9865160907e-04,2.4316024512e-01
215.300000,9.9809602911e-04,2.4454155818e-01
215.350000,9.9932239302e-04,2.3841535842e-01
215.400000,1.0009471823e-03,2.4204797540e-01
215.450000,9.9902489931e-04,2.4068613904e-01
215.500000,9.9985905575e-04,2.4262821479e-01
215.550000,9.9805993207e-04,2.5082401260e-01
215.600000,1.0011096340e-03,2.5538345436e-01
215.650000,1.0021279352e-03,2.4695100093e-01
215.700000,1.0012264594e-03,2.5606577309e-01
215.750000,1.0003055851e-03,2.4280676678e-01
215.800000,1.0015792058e-03,2.4445933296e-01
215.850000,1.0007549153e-03,2.4264555078e-01
215.900000,1.0000475270e-03,2.4199982713e-01
215.950000,1.0000110885e-03,2.4341099881e-01
216.000000,9.9966152550e-04,2.3777938956e-01
216.050000,9.9940963616e-04,2.3803033486e-01
216.100000,9.9964613403e-04,2.4440313693e-01
216.150000,1.0001481367e-03,2.5162356091e-01
216.200000,1.0004805930e-03,2.4963197912e-01
216.250000,9.9875759484e-04,2.3988893257e-01
216.300000,1.0010562922e-03,2.3839399244e-01
216.350000,9.9975018132e-04,2.4740760926e-01
216.400000,1.0013354906e-03,2.4370393262e-01
216.450000,1.0004060371e-03,2.3691234216e-01
216.500000,1.0016546941e-03,2.3590385149e-01
216.550000,1.0008498508e-03,2.5030952449e-01
216.600000,1.0007289405e-03,2.5119761402e-01
216.650000,9.9896912221e-04,2.4827873929e-01
216.700000,1.0007500988e-03,2.3848949629e-01
216.750000,1.0001951579e-03,2.4080813008e-01
216.800000,1.0008255506e-03,2.3935660496e-01
216.850000,1.0006558057e-03,2.4905460601e-01
216.900000,1.0001484970e-03,2.4486556711e-01
216.950000,9.9990291389e-04,2.4922380571e-01
217.000000,1.0001519297e-03,2.4602682768e-01
217.050000,1.0001118442e-03,2.4714416885e-01
217.100000,9.9904991432e-04,2.4688916131e-01
217.150000,9.9978377770e-04,2.4823809407e-01
217.200000,9.9986043393e-04,2.5100655933e-01
217.250000,1.0006168852e-03,2.4006848896e-01
217.300000,9.9884473091e-04,2.4845900678e-01
217.350000,1.0000465118e-03,2.4345042701e-01
217.400000,1.0007104688e-03,2.4049126709e-01
217.450000,1.0010128761e-03,2.4930265455e-01
217.500000,1.0007334470e-03,2.4925549368e-01
217.550000,1.0000677136e-03,2.5189114026e-01
217.600000,1.0003777139e-03,2.4658278542e-01
217.650000,9.9954041293e-04,2.3874742143e-01
217.700000,1.0009264674e-03,2.5410466355e-01
217.750000,9.9944283194e-04,2.4482920336e-01
217.800000,1.0008792655e-03,2.4779881018e-01
217.850000,1.0005616556e-03,2.4343373384e-01
217.900000,9.9931946074e-04,2.4242750823e-01
217.950000,1.0005424257e-03,2.5379251758e-01
218.000000,1.0003513957e-03,2.4513274502e-01
218.050000,1.0002432208e-03,2.4036254911e-01
218.100000,9.9905122162e-04,2.5147147832e-01
218.150000,9.9866935260e-04,2.5120179382e-01
218.200000,9.9997458147e-04,2.4415161479e-01
218.250000,1.0005212494e-03,2.4774859055e-01
218.300000,1.0018627951e-03,2.4384427148e-01
218.350000,1.0006184862e-03,2.4896841843e-01
218.400000,1.0003589532e-03,2.4353072102e-01
218.450000,1.0006827288e-03,2.3993760077e-01
218.500000,9.9980013199e-04,2.4837072939e-01
218.550000,9.9767297167e-04,2.4739218780e-01
218.600000,9.9890951094e-04,2.3867616081e-01
218.650000,1.0001893602e-03,2.4820387043e-01
218.700000,9.9847916161e-04,2.4574411442e-01
218.750000,1.0004095817e-03,2.5241023193e-01
218.800000,1.0017586071e-03,2.4121702896e-01
218.850000,1.0001982554e-03,2.4154233324e-01
218.900000,9.9886699227e-04,2.4203377555e-01
218.950000,9.9847527638e-04,2.4069998933e-01
219.000000,9.9962124979e-04,2.4135547234e-01
219.050000,1.0010079600e-03,2.4744669157e-01
219.100000,9.9835762949e-04,2.4744967109e-01
219.150000,1.0008299606e-03,2.4738068888e-01
219.200000,1.0001584768e-03,2.5133256207e-01
219.250000,1.0005581071e-03,2.4430308371e-01
219.300000,1.0004106007e-03,2.4252352894e-01
219.350000,1.0003020048e-03,2.4707321732e-01
219.400000,9.9969702707e-04,2.3747723692e-01
219.450000,9.9977661606e-04,2.4261910113e-01
219.500000,1.0019829455e-03,2.5396091864e-01
219.550000,1.0001778318e-03,2.4098417096e-01
219.600000,9.9872109336e-04,2.4771320038e-01
219.650000,9.9939724802e-04,2.5079586089e-01
219.700000,1.0003538457e-03,2.4534486201e-01
219.750000,9.9969222084e-04,2.4982947103e-01
219.800000,1.0001127978e-03,2.3973192172e-01
219.850000,9.9868646096e-04,2.5168727819e-01
219.900000,9.9807372457e-04,2.4702547973e-01
219.950000,1.0004408443e-03,2.4436337397e-01
220.000000,9.9999715752e-04,2.4592235906e-01
220.050000,1.0011934292e-03,2.4877437236e-01
220.100000,9.9816082501e-04,2.4979184597e-01
220.150000,1.0016690408e-03,2.4070322760e-01
220.200000,9.9985982443e-04,2.4935747455e-01
220.250000,9.9965531700e-04,2.4940110103e-01
220.300000,9.9969433691e-04,2.3947454121e-01
220.350000,9.9812358043e-04,2.4113438952e-01
220.400000,1.0017214379e-03,2.4485258721e-01
220.450000,1.0008227839e-03,2.5014919180e-01
220.500000,9.9890061121e-04,2.4209333839e-01
220.550000,1.0009849549e-03,2.4723826518e-01
220.600000,9.9763253840e-04,2.5192851123e-01
220.650000,1.0000655635e-03,2.4969246172e-01
220.700000,9.9950130605e-04,2.3643843491e-01
220.750000,9.9868167844e-04,2.4719716433e-01
220.800000,1.0005186842e-03,2.4603877543e-01
220.850000,9.9942475152e-04,2.4535186931e-01
220.900000,1.0008641703e-03,2.4180874694e-01
220.950000,1.0000228373e-03,2.4357703117e-01
221.000000,1.0008262663e-03,2.3731158858e-01
221.050000,9.9886928111e-04,2.5189469975e-01
221.100000,1.0015377900e-03,2.4012516715e-01
221.150000,9.9948549516e-04,2.4544931839e-01
221.200000,1.0001608529e-03,2.3894721787e-01
221.250000,1.0002686278e-03,2.4202238155e-01
221.300000,9.9883931222e-04,2.5247085039e-01
221.350000,9.9883900832e-04,2.5276945811e-01
221.400000,9.9907973714e-04,2.4581300395e-01
221.450000,9.9978702984e-04,2.4194058591e-01
221.500000,1.0005955513e-03,2.4304629411e-01
221.550000,9.9917367137e-04,2.3963732386e-01
221.600000,9.9976272279e-04,2.3941905559e-01
221.650000,9.9964781318e-04,2.4599988089e-01
221.700000,1.0009735973e-03,2.4254384661e-01
221.750000,9.9950986358e-04,2.4210379347e-01
221.800000,9.9966165271e-04,2.4857348147e-01
221.850000,9.9869050975e-04,2.4706042828e-01
221.900000,1.0003196168e-03,2.3843203115e-01
221.950000,9.9922080136e-04,2.4823240612e-01
222.000000,9.9937638232e-04,2.5598533454e-01
222.050000,9.9966426238e-04,2.4527092063e-01
222.100000,9.9968930432e-04,2.4676417702e-01
222.150000,1.0003971967e-03,2.5077638160e-01
222.200000,9.9953887761e-04,2.4459849499e-01
222.250000,1.0003957511e-03,2.4366992416e-01
222.300000,9.9816060710e-04,2.3859547835e-01
222.350000,9.9991037957e-04,2.4466757261e-01
222.400000,1.0003701053e-03,2.3735032091e-01
222.450000,1.0013980576e-03,2.3579504585e-01
222.500000,1.0012529822e-03,2.4902838758e-01
222.550000,9.9776365642e-04,2.4071976954e-01
222.600000,9.9876743092e-04,2.4135090090e-01
222.650000,9.9973473846e-04,2.4610292831e-01
222.700000,9.9995975380e-04,2.5285189066e-01
222.750000,9.9938658646e-04,2.4974298670e-01
222.800000,1.0012277052e-03,2.5046149195e-01
222.850000,9.9976614640e-04,2.4152834935e-01
222.900000,1.0006951951e-03,2.4383616066e-01
222.950000,9.9891267612e-04,2.4277409696e-01
223.000000,9.9972647691e-04,2.4680001932e-01
223.050000,9.9937640050e-04,2.4489736703e-01
223.100000,1.0004005634e-03,2.4191925657e-01
223.150000,9.9966997161e-04,2.4325708173e-01
223.200000,1.0003247128e-03,2.3752733871e-01
223.250000,9.9880511980e-04,2.5006329571e-01
223.300000,9.9876002009e-04,2.4970461887e-01
223.350000,9.9918361819e-04,2.5106416274e-01
223.400000,1.0009938379e-03,2.4829808696e-01
223.450000,9.9961432856e-04,2.4942065348e-01
223.500000,1.0002779262e-03,2.4756264134e-01
223.550000,1.0004853552e-03,2.4834361506e-01
223.600000,1.0006637120e-03,2.3981679384e-01
223.650000,1.0010305402e-03,2.4587321670e-01
223.700000,9.9994117231e-04,2.4008256344e-01
223.750000,1.0002957450e-03,2.4097964540e-01
223.800000,9.9879264684e-04,2.3389865877e-01
223.850000,1.0001301385e-03,2.4999864846e-01
223.900000,1.0001636119e-03,2.5143065729e-01
223.950000,9.9887786203e-04,2.4717995529e-01
224.000000,1.0019270692e-03,2.4259920036e-01
224.050000,9.9885724045e-04,2.3743831223e-01
224.100000,9.9989229427e-04,2.3745893608e-01
224.150000,9.9993709372e-04,2.4567936576e-01
224.200000,1.0010963512e-03,2.4702406420e-01
224.250000,1.0002971417e-03,2.4571522337e-01
224.300000,9.9853911705e-04,2.4402880683e-01
224.350000,9.9968016093e-04,2.3721892428e-01
224.400000,9.9823931450e-04,2.5581162235e-01
224.450000,1.0000756344e-03,2.5233419029e-01
224.500000,1.0007833623e-03,2.4313378450e-01
224.550000,1.0006897631e-03,2.3757536113e-01
224.600000,1.0020988954e-03,2.4790156223e-01
224.650000,1.0021950965e-03,2.4748336145e-01
224.700000,9.9903517691e-04,2.4880006757e-01
224.750000,1.0003117083e-03,2.3972142553e-01
224.800000,1.0014698116e-03,2.3984422123e-01
224.850000,9.9963154524e-04,2.4088167306e-01
224.900000,9.9989765309e-04,2.3873849555e-01
224.950000,9.9926731304e-04,2.4523294349e-01
225.000000,1.0012293195e-03,2.3939936300e-01
225.050000,9.9974206742e-04,2.4880460092e-01
225.100000,1.0014175468e-03,2.3431635561e-01
225.150000,9.9913748410e-04,2.4624175305e-01
225.200000,9.9936752839e-04,2.5181035638e-01
225.250000,1.0002443430e-03,2.5182205528e-01
225.300000,9.9910136507e-04,2.4980886690e-01
225.350000,9.9878502484e-04,2.4526929832e-01
225.400000,9.9719679155e-04,2.5329647821e-01
225.450000,1.0002913131e-03,2.4634118129e-01
225.500000,1.0004110259e-03,2.4281411795e-01
225.550000,1.0019847967e-03,2.3699426848e-01
225.600000,9.9941361010e-04,2.4810712735e-01
225.650000,9.9973667470e-04,2.3939631127e-01
225.700000,9.9987067307e-04,2.3859834562e-01
225.750000,9.9939659938e-04,2.4791996618e-01
225.800000,1.0000063283e-03,2.4936428449e-01
225.850000,9.9897336530e-04,2.3726882359e-01
225.900000,1.0014733056e-03,2.4497582891e-01
225.950000,1.0016151565e-03,2.4360153486e-01
226.000000,1.0024839915e-03,2.4468570274e-01
226.050000,9.9989140781e-04,2.4600722949e-01
226.100000,1.0011360030e-03,2.4566321418e-01
226.150000,1.0001171810e-03,2.4427878330e-01
226.200000,9.9747278013e-04,2.4789622688e-01
226.250000,9.9985586687e-04,2.4235192820e-01
226.300000,9.9771646733e-04,2.4124591828e-01
226.350000,1.0012425376e-03,2.4187698123e-01
226.400000,9.9942964866e-04,2.4333049470e-01
226.450000,9.9892178766e-04,2.5059645804e-01
226.500000,9.9913587629e-04,2.3740341120e-01
226.550000,1.0017714037e-03,2.4857289826e-01
226.600000,1.0006717680e-03,2.5042423877e-01
226.650000,1.0012590019e-03,2.5116315839e-01
226.700000,9.9933965371e-04,2.4217076199e-01
226.750000,9.9944222667e-04,2.4830237365e-01
226.800000,9.9922310009e-04,2.4709188394e-01
226.850000,9.9864543572e-04,2.4088157706e-01
226.900000,1.0001085807e-03,2.3681440718e-01
226.950000,9.9925582679e-04,2.4572150949e-01
227.000000,1.0005768369e-03,2.4220762704e-01
227.050000,1.0008314945e-03,2.4241662823e-01
227.100000,9.9968618185e-04,2.4257676454e-01
227.150000,1.0008695085e-03,2.4659639069e-01
227.200000,9.9882994213e-04,2.4049458614e-01
227.250000,9.9891869222e-04,2.4584603197e-01
227.300000,1.0018044696e-03,2.4197172074e-01
227.350000,9.9925075721e-04,2.4607409822e-01
227.400000,1.0005300827e-03,2.4557026277e-01
227.450000,1.0011144497e-03,2.3695819445e-01
227.500000,9.9883978583e-04,2.4103676719e-01
227.550000,9.9956662590e-04,2.3943839241e-01
227.600000,1.0006117368e-03,2.5001004177e-01
227.650000,1.0009803903e-03,2.4450639441e-01
227.700000,9.9936924941e-04,2.4656178977e-01
227.750000,9.9891748630e-04,2.4052448021e-01
227.800000,9.9877568469e-04,2.4891935859e-01
227.850000,9.9948209477e-04,2.4564777614e-01
227.900000,9.9988407339e-04,2.5677320887e-01
227.950000,9.9969614082e-04,2.5032967433e-01
228.000000,1.0004756823e-03,2.4131864820e-01
228.050000,9.9864592530e-04,2.4129131801e-01
228.100000,1.0000373017e-03,2.3783304292e-01
228.150000,1.0007141737e-03,2.5255223847e-01
228.200000,1.0014970988e-03,2.4975433555e-01
228.250000,1.0006095708e-03,2.4507814875e-01
228.300000,9.9985759021e-04,2.3341690624e-01
228.350000,1.0000966515e-03,2.4939690103e-01
228.400000,1.0004642761e-03,2.4332401529e-01
228.450000,9.9915526338e-04,2.3894708592e-01
228.500000,1.0020626994e-03,2.4453700261e-01
228.550000,1.0001039829e-03,2.4347889814e-01
228.600000,9.9922435753e-04,2.3711807238e-01
228.650000,9.9826041311e-04,2.4718417073e-01
228.700000,1.0005885050e-03,2.5822944327e-01
228.750000,1.0005936861e-03,2.4626316800e-01
228.800000,9.9965863480e-04,2.4033031367e-01
228.850000,9.9682754617e-04,2.4846879507e-01
228.900000,9.9944944120e-04,2.4758372420e-01
228.950000,1.0005808869e-03,2.4484148234e-01
229.000000,1.0000276946e-03,2.4925900250e-01
229.050000,9.9946651045e-04,2.4478617728e-01
229.100000,1.0004164376e-03,2.4707343241e-01
229.150000,9.9984795682e-04,2.5640621445e-01
229.200000,9.9970782632e-04,2.4751896327e-01
229.250000,9.9930032021e-04,2.4042092643e-01
229.300000,9.9875580927e-04,2.4737693672e-01
229.350000,1.0001115675e-03,2.4064715356e-01
229.400000,1.0003941543e-03,2.3994589551e-01
229.450000,9.9810753174e-04,2.5245001662e-01
229.500000,1.0011410930e-03,2.4836499480e-01
229.550000,1.0007022726e-03,2.4378800618e-01
229.600000,9.9891218563e-04,2.4499001472e-01
229.650000,9.9832493901e-04,2.4302108148e-01
229.700000,1.0006442448e-03,2.4869562429e-01
229.750000,1.0000340761e-03,2.5006934246e-01
229.800000,9.9944341365e-04,2.5161651724e-01
229.850000,1.0013002935e-03,2.4742428592e-01
229.900000,9.9880818211e-04,2.4381435306e-01
229.950000,9.9860462466e-04,2.4760148717e-01
230.000000,9.9899071090e-04,2.4057364044e-01
230.050000,9.9966557186e-04,2.4783211013e-01
230.100000,9.9903093142e-04,2.4294142315e-01
230.150000,1.0000292490e-03,2.4850796917e-01
230.200000,1.0003840083e-03,2.4460548658e-01
230.250000,9.9999737656e-04,2.4877756736e-01
230.300000,1.0003141905e-03,2.3395711676e-01
230.350000,9.9886804553e-04,2.4576282613e-01
230.400000,9.9847948396e-04,2.4372992715e-01
230.450000,1.0005516798e-03,2.4569526586e-01
230.500000,1.0005970222e-03,2.5201151623e-01
230.550000,9.9920679017e-04,2.4465462538e-01
230.600000,1.0012385392e-03,2.4209570810e-01
230.650000,9.9928202661e-04,2.3972338491e-01
230.700000,1.0009557340e-03,2.5522712994e-01
230.750000,9.9973010895e-04,2.4877659769e-01
230.800000,1.0001727098e-03,2.4559333791e-01
230.850000,1.0004640536e-03,2.5044763806e-01
230.900000,9.9989415573e-04,2.4264343013e-01
230.950000,1.0008251127e-03,2.3975043022e-01
231.000000,9.9878987726e-04,2.3850931163e-01
231.050000,1.0008845858e-03,2.4408412479e-01
231.100000,1.0005012127e-03,2.4666985700e-01
231.150000,1.0018385832e-03,2.4745797955e-01
231.200000,9.9883217067e-04,2.5240358156e-01
231.250000,1.0009603461e-03,2.3530915809e-01
231.300000,9.9988529028e-04,2.3518844248e-01
231.350000,9.9987221755e-04,2.5173591860e-01
231.400000,9.9967745639e-04,2.4066836390e-01
231.450000,1.0008044189e-03,2.5115797209e-01
231.500000,1.0012230241e-03,2.4172680568e-01
231.550000,9.9995619474e-04,2.4347292614e-01
231.600000,1.0000593369e-03,2.4165584935e-01
231.650000,1.0010590366e-03,2.3696318513e-01
231.700000,9.9981624835e-04,2.3906411493e-01
231.750000,1.0006836177e-03,2.4981897600e-01
231.800000,9.9937962336e-04,2.4885084603e-01
231.850000,1.0014231722e-03,2.4328455688e-01
231.900000,1.0011368963e-03,2.5404195061e-01
231.950000,1.0008467478e-03,2.3889360618e-01
232.000000,1.0003505109e-03,2.5003880026e-01
232.050000,1.0013235829e-03,2.4299797865e-01
232.100000,9.9985529900e-04,2.4285841312e-01
232.150000,9.9979835849e-04,2.4036627822e-01
232.200000,9.9901137198e-04,2.4418491680e-01
232.250000,1.0001628148e-03,2.4686241267e-01
232.300000,9.9934216443e-04,2.5227074862e-01
232.350000,9.9996675931e-04,2.4170123898e-01
232.400000,1.0009589362e-03,2.4638609796e-01
232.450000,9.9947672890e-04,2.4173026787e-01
232.500000,1.0009870230e-03,2.3936817438e-01
232.550000,1.0005699277e-03,2.4512590711e-01
232.600000,1.0013249884e-03,2.4727330988e-01
232.650000,1.0002048877e-03,2.4694682321e-01
232.700000,1.0013682641e-03,2.4279822322e-01
232.750000,1.0001887390e-03,2.4159222479e-01
232.800000,1.0004011089e-03,2.4017661966e-01
232.850000,1.0009234053e-03,2.3687683596e-01
232.900000,1.0000919788e-03,2.4347697428e-01
232.950000,1.0007506076e-03,2.4903986637e-01
233.000000,9.9947681427e-04,2.4663658541e-01
233.050000,1.0000997603e-03,2.4862651060e-01
233.100000,9.9998871799e-04,2.4414813741e-01
233.150000,1.0004183820e-03,2.4875774253e-01
233.200000,1.0010325394e-03,2.4058422553e-01
233.250000,9.9968903723e-04,2.4789749387e-01
233.300000,1.0000673607e-03,2.3237212675e-01
233.350000,1.0003353690e-03,2.4814800480e-01
233.400000,9.9998647645e-04,2.4717839740e-01
233.450000,9.9878814772e-04,2.4156884021e-01
233.500000,1.0003706357e-03,2.4265068734e-01
233.550000,1.0000665200e-03,2.4086720539e-01
233.600000,9.9978492382e-04,2.5272942543e-01
233.650000,9.9987093884e-04,2.4752451043e-01
233.700000,9.9966621901e-04,2.5008107598e-01
233.750000,9.9903179118e-04,2.4332460345e-01
233.800000,9.9958877845e-04,2.4297867047e-01
233.850000,1.0006906975e-03,2.3587916790e-01
233.900000,1.0008459791e-03,2.4213476149e-01
233.950000,9.9869587412e-04,2.5037833124e-01
234.000000,1.0002271871e-03,2.4792587043e-01
234.050000,1.0016796017e-03,2.4769371642e-01
234.100000,1.0007506200e-03,2.5078761818e-01
234.150000,9.9987674670e-04,2.4339018007e-01
234.200000,9.9993380182e-04,2.4023621069e-01
234.250000,9.9874981283e-04,2.4668296602e-01
234.300000,1.0004691386e-03,2.4870999883e-01
234.350000,1.0005146196e-03,2.4049382662e-01
234.400000,9.9975976892e-04,2.5642729572e-01
234.450000,9.9931622439e-04,2.5026852984e-01
234.500000,9.9833090132e-04,2.3254708677e-01
234.550000,9.9966093285e-04,2.3900067951e-01
234.600000,1.0008460475e-03,2.4639543557e-01
234.650000,1.0007525914e-03,2.5512140976e-01
234.700000,9.9942702810e-04,2.4888509239e-01
234.750000,9.9999027249e-04,2.4043158650e-01
234.800000,1.0002838333e-03,2.4507056644e-01
234.850000,9.9971655022e-04,2.4515864613e-01
234.900000,1.0008823512e-03,2.4634049834e-01
234.950000,9.9955429728e-04,2.4325900135e-01
235.000000,9.9907144654e-04,2.4768819236e-01
235.050000,9.9913149766e-04,2.5246332761e-01
235.100000,9.9927596354e-04,2.4535230444e-01
235.150000,9.9949098897e-04,2.4835207805e-01
235.200000,1.0001024460e-03,2.4503551447e-01
235.250000,1.0001271533e-03,2.4814082789e-01
235.300000,1.0001667945e-03,2.5591614898e-01
235.350000,9.9917967947e-04,2.4337402015e-01
235.400000,9.9870135967e-04,2.4049758311e-01
235.450000,9.9997520546e-04,2.5025602375e-01
235.500000,9.9946376194e-04,2.4663500649e-01
235.550000,1.0004869696e-03,2.4340286352e-01
235.600000,1.0014750022e-03,2.5242158572e-01
235.650000,1.0000732974e-03,2.5093990916e-01
235.700000,9.9939214612e-04,2.4300229130e-01
235.750000,1.0009023470e-03,2.4630278298e-01
235.800000,9.9785580553e-04,2.4523928664e-01
235.850000,9.9984515008e-04,2.4249860799e-01
235.900000,1.0005973421e-03,2.4361513299e-01
235.950000,1.0006887949e-03,2.5026857246e-01
236.000000,1.0000284626e-03,2.3420325304e-01
236.050000,1.0017796506e-03,2.4116556657e-01
236.100000,9.9954332347e-04,2.4805462886e-01
236.150000,9.9796386596e-04,2.4177811178e-01
236.200000,1.0007475536e-03,2.3404959583e-01
236.250000,9.9980143491e-04,2.4790161846e-01
236.300000,1.0003354222e-03,2.4831028986e-01
236.350000,9.9866672924e-04,2.3650599749e-01
236.400000,9.9944677842e-04,2.4690928854e-01
236.450000,1.0003982668e-03,2.3421502906e-01
236.500000,9.9989709708e-04,2.4839680846e-01
236.550000,1.0003476990e-03,2.4820700976e-01
236.600000,1.0010196812e-03,2.4840061972e-01
236.650000,1.0006675711e-03,2.3944802793e-01
236.700000,9.9872104459e-04,2.4487105709e-01
236.750000,9.9862114212e-04,2.5735411312e-01
236.800000,9.9999404180e-04,2.4482313121e-01
236.850000,1.0013462840e-03,2.4598443874e-01
236.900000,1.0000724961e-03,2.4987201478e-01
236.950000,1.0007097125e-03,2.4664347886e-01
237.000000,1.0002775431e-03,2.4416663085e-01
237.050000,9.9917771634e-04,2.4760827333e-01
237.100000,1.0004911868e-03,2.5250170250e-01
237.150000,9.9948320009e-04,2.4021789742e-01
237.200000,9.9903824426e-04,2.5114025463e-01
237.250000,1.0005040850e-03,2.4651725116e-01
237.300000,1.0009271034e-03,2.4250268552e-01
237.350000,9.9836841116e-04,2.4279940767e-01
237.400000,9.9912938914e-04,2.5038766225e-01
237.450000,9.9943147211e-04,2.4032759644e-01
237.500000,9.9946219945e-04,2.4956526906e-01
237.550000,9.9947268303e-04,2.4505433536e-01
237.600000,1.0001195563e-03,2.4541416891e-01
237.650000,1.0001315216e-03,2.3860976758e-01
237.700000,9.9968600474e-04,2.5578217887e-01
237.750000,1.0003274722e-03,2.4487733806e-01
237.800000,1.0009836461e-03,2.5016566956e-01
237.850000,9.9858806851e-04,2.4080881168e-01
237.900000,1.0003731524e-03,2.5540049111e-01
237.950000,1.0004554226e-03,2.4350169206e-01
238.000000,9.9903328330e-04,2.5891685642e-01
238.050000,1.0022138548e-03,2.5145819690e-01
238.100000,1.0018933815e-03,2.4277423420e-01
238.150000,9.9834174397e-04,2.4639967868e-01
238.200000,9.9861101098e-04,2.4280525981e-01
238.250000,1.0008720475e-03,2.4392574649e-01
238.300000,1.0000934289e-03,2.4910112191e-01
238.350000,1.0003526525e-03,2.3528582090e-01
238.400000,1.0006153116e-03,2.4869213147e-01
238.450000,9.9729952958e-04,2.5077620771e-01
238.500000,9.9831558089e-04,2.4392030308e-01
238.550000,9.9896508604e-04,2.4776337953e-01
238.600000,1.0002964683e-03,2.4707254127e-01
238.650000,1.0015835978e-03,2.5385852014e-01
238.700000,9.9940398424e-04,2.4697414658e-01
238.750000,9.9962579442e-04,2.4859313050e-01
238.800000,1.0016586262e-03,2.4657224674e-01
238.850000,1.0015857141e-03,2.4062475836e-01
238.900000,9.9889436551e-04,2.4700486196e-01
238.950000,9.9844948988e-04,2.4403808952e-01
239.000000,9.9885045975e-04,2.4218479624e-01
239.050000,1.0004823643e-03,2.4281845954e-01
239.100000,9.9873546974e-04,2.5211801029e-01
239.150000,1.0002853677e-03,2.4003286945e-01
239.200000,1.0000644252e-03,2.4545446203e-01
239.250000,1.0002511386e-03,2.4745241249e-01
239.300000,1.0005835870e-03,2.5259700872e-01
239.350000,1.0004500060e-03,2.4960765419e-01
239.400000,1.0025874853e-03,2.3567751793e-01
239.450000,1.0024387835e-03,2.4814934880e-01
239.500000,1.0007665480e-03,2.4163037387e-01
239.550000,1.0012942143e-03,2.4505498056e-01
239.600000,1.0009686891e-03,2.4594966219e-01
239.650000,1.0006364535e-03,2.4021304042e-01
239.700000,9.9967010258e-04,2.4387439849e-01
239.750000,1.0002404477e-03,2.4627376803e-01
239.800000,1.0004634751e-03,2.4306214816e-01
239.850000,1.0007774786e-03,2.4786708721e-01
239.900000,9.9905889830e-04,2.5177050025e-01
239.950000,1.0008975750e-03,2.4293166256e-01
240.000000,9.9914758977e-04,2.4245114517e-01
240.050000,1.0003627962e-03,2.4538953977e-01
240.100000,9.9800861531e-04,2.4545854446e-01
240.150000,9.9972532240e-04,2.4356392661e-01
240.200000,9.9940781434e-04,2.4032687105e-01
240.250000,9.9923405350e-04,2.4397152669e-01
240.300000,9.9827195498e-04,2.4698783729e-01
240.350000,9.9896183608e-04,2.3556102751e-01
240.400000,1.0006337069e-03,2.4243423219e-01
240.450000,9.9875105451e-04,2.4550213943e-01
240.500000,1.0004148280e-03,2.4694834275e-01
240.550000,9.9870517921e-04,2.4683897921e-01
240.600000,1.0001989258e-03,2.4191657564e-01
240.650000,9.9848388408e-04,2.5442692695e-01
240.700000,9.9941924380e-04,2.4980312036e-01
240.750000,1.0003520659e-03,2.3351102778e-01
240.800000,9.9920702747e-04,2.4407348792e-01
240.850000,9.9936609626e-04,2.4840648132e-01
240.900000,9.9942656127e-04,2.4976876486e-01
240.950000,1.0007081239e-03,2.4416992506e-01
241.000000,1.0008780819e-03,2.4801261786e-01
241.050000,9.9875499953e-04,2.4895864676e-01
241.100000,9.9998174230e-04,2.4232029634e-01
241.150000,9.9975080318e-04,2.4969934832e-01
241.200000,9.9913049105e-04,2.4680616847e-01
241.250000,9.9983009109e-04,2.5147378603e-01
241.300000,9.9834252093e-04,2.5126279418e-01
241.350000,9.9927650309e-04,2.4620272234e-01
241.400000,9.9892234729e-04,2.5115244513e-01
241.450000,9.9909566676e-04,2.4263377571e-01
241.500000,1.0004021906e-03,2.4684061594e-01
241.550000,1.0005371719e-03,2.4121115863e-01
241.600000,9.9866492389e-04,2.3883608987e-01
241.650000,1.0023841976e-03,2.4852548234e-01
241.700000,1.0012467409e-03,2.4638321290e-01
241.750000,1.0003458266e-03,2.4221011432e-01
241.800000,9.9850263826e-04,2.5372998203e-01
241.850000,1.0013293179e-03,2.4262449718e-01
241.900000,1.0007140224e-03,2.4660705417e-01
241.950000,9.9944679386e-04,2.4084917653e-01
242.000000,9.9974289146e-04,2.5054958261e-01
242.050000,9.9982890387e-04,2.3983896311e-01
242.100000,9.9972008115e-04,2.4567510901e-01
242.150000,9.9999107676e-04,2.4144822490e-01
242.200000,1.0005580991e-03,2.4589324354e-01
242.250000,9.9955235229e-04,2.5113625378e-01
242.300000,1.0001325759e-03,2.4651384834e-01
242.350000,1.0008825024e-03,2.4292407299e-01
242.400000,9.9693754570e-04,2.2523015302e-01
242.450000,1.0006534407e-03,2.4647442807e-01
242.500000,1.0001121436e-03,2.4700674114e-01
242.550000,9.9951445081e-04,2.3929937072e-01
242.600000,9.9972666903e-04,2.4057151901e-01
242.650000,9.9919867659e-04,2.4953819796e-01
242.700000,9.9924777483e-04,2.4540747723e-01
242.750000,9.9960176591e-04,2.4130689370e-01
242.800000,1.0022599479e-03,2.4235048625e-01
242.850000,1.0019539317e-03,2.4704523618e-01
242.900000,9.9988155642e-04,2.4375235354e-01
242.950000,1.0001451387e-03,2.4738848719e-01
243.000000,1.0016483137e-03,2.4298130831e-01
243.050000,9.9867976365e-04,2.3904593510e-01
243.100000,1.0004522429e-03,2.4069918023e-01
243.150000,9.9945305350e-04,2.3656676143e-01
243.200000,1.0018038532e-03,2.3744167015e-01
243.250000,9.9931636809e-04,2.4156599019e-01
243.300000,1.0007365230e-03,2.5066427472e-01
243.350000,1.0026999030e-03,2.4240338564e-01
243.400000,1.0006105358e-03,2.5074390313e-01
243.450000,1.0008429483e-03,2.4355995866e-01
243.500000,9.9925625034e-04,2.2823719856e-01
243.550000,9.9899980417e-04,2.4241893859e-01
243.600000,1.0015132185e-03,2.4694844423e-01
243.650000,1.0006069317e-03,2.4923605982e-01
243.700000,9.9985604430e-04,2.3990325823e-01
243.750000,1.0003985459e-03,2.4641838452e-01
243.800000,1.0011687705e-03,2.3709857184e-01
243.850000,9.9949424711e-04,2.4563843761e-01
243.900000,9.9886795279e-04,2.4685387930e-01
243.950000,9.9924998508e-04,2.4504635655e-01
244.000000,1.0009041256e-03,2.3259883332e-01
244.050000,1.0005537820e-03,2.4636211042e-01
244.100000,9.9847949833e-04,2.5690444280e-01
244.150000,9.9982189153e-04,2.4723536711e-01
244.200000,9.9858017955e-04,2.5313481846e-01
244.250000,9.9975967989e-04,2.5225701888e-01
244.300000,1.0007860650e-03,2.5244985367e-01
244.350000,9.9922776120e-04,2.5254566595e-01
244.400000,1.0006959403e-03,2.4416530494e-01
244.450000,1.0004926299e-03,2.4548934409e-01
244.500000,1.0002283169e-03,2.5365379120e-01
244.550000,1.0011578578e-03,2.5068398654e-01
244.600000,1.0004784437e-03,2.4618310085e-01
244.650000,1.0014393395e-03,2.5346542764e-01
244.700000,9.9981458647e-04,2.3876899892e-01
244.750000,1.0013385413e-03,2.4793820939e-01
244.800000,1.0005402089e-03,2.4327092191e-01
244.850000,1.0007373697e-03,2.5033836091e-01
244.900000,1.0007316623e-03,2.4493627776e-01
244.950000,1.0011155129e-03,2.5251740172e-01
245.000000,9.9725149591e-04,2.4040659076e-01
245.050000,9.9896854427e-04,2.3840962215e-01
245.100000,1.0005517257e-03,2.3731976484e-01
245.150000,1.0004716903e-03,2.3372423734e-01
245.200000,1.0020278663e-03,2.3973270658e-01
245.250000,9.9903916205e-04,2.4239209901e-01
245.300000,1.0007001196e-03,2.4483774779e-01
245.350000,9.9930034819e-04,2.4829537668e-01
245.400000,1.0006244043e-03,2.4714992342e-01
245.450000,1.0005144354e-03,2.4213867045e-01
245.500000,9.9990253698e-04,2.3978898805e-01
245.550000,9.9996576023e-04,2.4873341654e-01
245.600000,1.0011007568e-03,2.4646714486e-01
245.650000,9.9857854860e-04,2.4185733167e-01
245.700000,9.9908415005e-04,2.4510138499e-01
245.750000,9.9893465075e-04,2.5000081558e-01
245.800000,9.9953816791e-04,2.5002478163e-01
245.850000,1.0005618815e-03,2.4150515801e-01
245.900000,9.9943599389e-04,2.4720401208e-01
245.950000,9.9867189821e-04,2.4886322715e-01
246.000000,1.0019939178e-03,2.3981187002e-01
246.050000,9.9979536612e-04,2.3708772318e-01
246.100000,9.9972969162e-04,2.4370374214e-01
246.150000,1.0008862403e-03,2.4849557549e-01
246.200000,1.0007100685e-03,2.3920665946e-01
246.250000,9.9969808926e-04,2.4622587466e-01
246.300000,9.9873011424e-04,2.4557727240e-01
246.350000,1.0015511818e-03,2.3636843899e-01
246.400000,9.9919230507e-04,2.3854495880e-01
246.450000,9.9967967783e-04,2.4655111906e-01
246.500000,9.9948452582e-04,2.5636569160e-01
246.550000,1.0011815309e-03,2.4820147421e-01
246.600000,9.9976964120e-04,2.4841817110e-01
246.650000,1.0002125381e-03,2.5027347115e-01
246.700000,9.9972752881e-04,2.4989120008e-01
246.750000,9.9949645726e-04,2.4097599696e-01
246.800000,1.0009631551e-03,2.4028619666e-01
246.850000,1.0005015377e-03,2.3888650091e-01
246.900000,9.9943809702e-04,2.5036605897e-01
246.950000,1.0005422430e-03,2.4264405465e-01
247.000000,1.0010628984e-03,2.3624245104e-01
247.050000,1.0008961825e-03,2.5068904188e-01
247.100000,9.9875229174e-04,2.4021884514e-01
247.150000,9.9915752069e-04,2.4059510447e-01
247.200000,1.0000182539e-03,2.3498658918e-01
247.250000,1.0005433396e-03,2.3880540432e-01
247.300000,9.9959028373e-04,2.4269274675e-01
247.350000,9.9941248268e-04,2.4107399617e-01
247.400000,9.9964817540e-04,2.5330050702e-01
247.450000,1.0015897329e-03,2.5641423807e-01
247.500000,1.0003073991e-03,2.4561759094e-01
247.550000,9.9963883728e-04,2.4298361765e-01
247.600000,9.9933124901e-04,2.4027616402e-01
247.650000,9.9909038124e-04,2.4268536749e-01
247.700000,1.0006535021e-03,2.5559271425e-01
247.750000,9.9902766337e-04,2.4504553135e-01
247.800000,9.9994405528e-04,2.4581079060e-01
247.850000,1.0012606787e-03,2.5193676172e-01
247.900000,9.9834374327e-04,2.4581584544e-01
247.950000,1.0024914057e-03,2.4785891089e-01
248.000000,9.9852158568e-04,2.5197866150e-01
248.050000,1.0001677500e-03,2.3847155116e-01
248.100000,9.9891738292e-04,2.3509856752e-01
248.150000,1.0002933115e-03,2.4189482930e-01
248.200000,9.9863756562e-04,2.4544584717e-01
248.250000,1.0001422154e-03,2.4936439700e-01
248.300000,9.9942055445e-04,2.4169073040e-01
248.350000,9.9880333171e-04,2.4828914215e-01
248.400000,1.0001116031e-03,2.4688338336e-01
248.450000,9.9890369133e-04,2.3976041585e-01
248.500000,9.9801883010e-04,2.5392887167e-01
248.550000,9.9989897236e-04,2.4636701108e-01
248.600000,1.0016946328e-03,2.4850495920e-01
248.650000,1.0020676437e-03,2.3838015225e-01
248.700000,1.0010993314e-03,2.4817525183e-01
248.750000,9.9991883451e-04,2.5138133070e-01
248.800000,1.0003027510e-03,2.4656667957e-01
248.850000,9.9912902048e-04,2.5311652313e-01
248.900000,1.0010708995e-03,2.4575619101e-01
248.950000,9.9927567718e-04,2.4644462166e-01
249.000000,1.0010693864e-03,2.5245809570e-01
249.050000,9.9869562447e-04,2.4674006715e-01
249.100000,1.0007872249e-03,2.4404059706e-01
249.150000,9.9994883104e-04,2.4722487849e-01
249.200000,1.0002937143e-03,2.4731289367e-01
249.250000,1.0004097450e-03,2.4984672373e-01
249.300000,9.9869234726e-04,2.5309776186e-01
249.350000,1.0005198065e-03,2.4716870527e-01
249.400000,9.9941712729e-04,2.4808600749e-01
249.450000,9.9866736820e-04,2.5251832110e-01
249.500000,1.0000678832e-03,2.3901398409e-01
249.550000,1.0021292900e-03,2.4009471657e-01
249.600000,1.0001523657e-03,2.4694010495e-01
249.650000,9.9988418396e-04,2.4765470374e-01
249.700000,1.0021897982e-03,2.4601596226e-01
249.750000,9.9946887561e-04,2.4498115117e-01
249.800000,9.9950471171e-04,2.4403430557e-01
249.850000,1.0004387515e-03,2.4573552117e-01
249.900000,1.0007106394e-03,2.4325685397e-01
249.950000,1.0003233152e-03,2.4655363416e-01
250.000000,1.0016980380e-03,2.4969419544e-01
250.050000,1.0007123786e-03,2.5005117006e-01
250.100000,1.0007396719e-03,2.4778829755e-01
250.150000,9.9837209216e-04,2.4648992961e-01
250.200000,9.9815671972e-04,2.4686299610e-01
250.250000,1.0004877657e-03,2.5089552830e-01
250.300000,1.0010874876e-03,2.4925289266e-01
250.350000,1.0007246189e-03,2.5266163105e-01
250.400000,9.9960806764e-04,2.4313084247e-01
250.450000,1.0007943101e-03,2.4155021745e-01
250.500000,1.0004842348e-03,2.5100840211e-01
250.550000,1.0015152550e-03,2.4741545024e-01
250.600000,1.0024293731e-03,2.3899740539e-01
250.650000,9.9942158065e-04,2.3932103307e-01
250.700000,1.0006105321e-03,2.5100607994e-01
250.750000,9.9965446536e-04,2.4061950905e-01
250.800000,1.0002765037e-03,2.4758532216e-01
250.850000,9.9869580584e-04,2.3920775998e-01
250.900000,1.0000452116e-03,2.4359752486e-01
250.950000,9.9952893137e-04,2.4191680140e-01
251.000000,9.9966655881e-04,2.4720065741e-01
251.050000,1.0010131371e-03,2.4499357190e-01
251.100000,9.9902637611e-04,2.4002695745e-01
251.150000,9.9867879425e-04,2.4246253217e-01
251.200000,9.9830717895e-04,2.5183337446e-01
251.250000,9.9977650792e-04,2.3933708732e-01
251.300000,9.9882123224e-04,2.4337340375e-01
251.350000,1.0003858728e-03,2.4722391085e-01
251.400000,9.9989909990e-04,2.4227532156e-01
251.450000,9.9968398208e-04,2.4822512634e-01
251.500000,9.9948559863e-04,2.4244992870e-01
251.550000,1.0006436997e-03,2.4252230917e-01
251.600000,1.0009698422e-03,2.6256480996e-01
251.650000,1.0012226013e-03,2.4316691781e-01
251.700000,9.9920827953e-04,2.4041774580e-01
251.750000,9.9986423475e-04,2.4198140018e-01
251.800000,9.9983206235e-04,2.3903613900e-01
251.850000,9.9803237030e-04,2.5103009783e-01
251.900000,1.0003064957e-03,2.4931191634e-01
251.950000,9.9785120632e-04,2.3355740377e-01
252.000000,9.9925231558e-04,2.4006441207e-01
252.050000,9.9969114299e-04,2.4458072011e-01
252.100000,9.9937557030e-04,2.4019712356e-01
252.150000,9.9931396754e-04,2.4898245654e-01
252.200000,1.0001807852e-03,2.4441949616e-01
252.250000,9.9959905573e-04,2.4228956366e-01
252.300000,1.0004748492e-03,2.3369795561e-01
252.350000,9.9818484157e-04,2.4660444677e-01
252.400000,9.9989395865e-04,2.3985353835e-01
252.450000,9.9792682348e-04,2.4861333546e-01
252.500000,9.9895518242e-04,2.3793704712e-01
252.550000,9.9966591022e-04,2.4675763483e-01
252.600000,1.0004098486e-03,2.4011238378e-01
252.650000,9.9984431362e-04,2.4529710320e-01
252.700000,1.0016320508e-03,2.4110808506e-01
252.750000,9.9988045871e-04,2.5011043166e-01
252.800000,9.9974893265e-04,2.4390288029e-01
252.850000,1.0000543691e-03,2.4632386083e-01
252.900000,1.0014416669e-03,2.5032713911e-01
252.950000,1.0001227640e-03,2.4449321797e-01
253.000000,9.9980392034e-04,2.5629329054e-01
253.050000,9.9912651250e-04,2.4230573439e-01
253.100000,9.9974713390e-04,2.4442507893e-01
253.150000,1.0016630073e-03,2.5112591805e-01
253.200000,1.0010332574e-03,2.4568444081e-01
253.250000,9.9949775339e-04,2.4668324886e-01
253.300000,9.9805320227e-04,2.4463115023e-01
253.350000,9.9987930822e-04,2.4386679046e-01
253.400000,9.9981125309e-04,2.4942438632e-01
253.450000,9.9963179479e-04,2.4252865890e-01
253.500000,1.0007331898e-03,2.4455558320e-01
253.550000,9.9984347033e-04,2.5201403933e-01
253.600000,9.9994969582e-04,2.5060179696e-01
253.650000,1.0012940364e-03,2.4387780975e-01
253.700000,9.9829155359e-04,2.4920300532e-01
253.750000,9.9917128872e-04,2.3912227885e-01
253.800000,1.0008804828e-03,2.4347252335e-01
253.850000,1.0018733342e-03,2.5251438906e-01
253.900000,1.0015388806e-03,2.4655221877e-01
253.950000,1.0018423850e-03,2.4166673743e-01
254.000000,9.9967087576e-04,2.4299995050e-01
254.050000,9.9923208121e-04,2.4352400808e-01
254.100000,1.0007998614e-03,2.4086924339e-01
254.150000,1.0007012544e-03,2.4078560241e-01
254.200000,9.9919216949e-04,2.4288168188e-01
254.250000,9.9989599240e-04,2.4597045102e-01
254.300000,9.9947745070e-04,2.5216652801e-01
254.350000,1.0004810978e-03,2.4871968801e-01
254.400000,1.0007699070e-03,2.4924284660e-01
254.450000,9.9859853507e-04,2.3570923182e-01
254.500000,1.0011129734e-03,2.5227300124e-01
254.550000,1.0025815059e-03,2.4200301562e-01
254.600000,1.0011358267e-03,2.4143561599e-01
254.650000,1.0005675146e-03,2.4752735789e-01
254.700000,1.0005033850e-03,2.4439394576e-01
254.750000,9.9979409967e-04,2.4945429224e-01
254.800000,1.0008082260e-03,2.5296173392e-01
254.850000,9.9915000389e-04,2.4607634084e-01
254.900000,1.0006800252e-03,2.5635232070e-01
254.950000,1.0000885122e-03,2.5210089620e-01
255.000000,9.9887496424e-04,2.4291191416e-01
255.050000,9.9848333473e-04,2.4302947282e-01
255.100000,9.9985042813e-04,2.4297648326e-01
255.150000,1.0015103547e-03,2.4281933075e-01
255.200000,1.0005869278e-03,2.4519367100e-01
255.250000,9.9947298944e-04,2.3621153210e-01
255.300000,1.0009951374e-03,2.4331781863e-01
255.350000,9.9916437790e-04,2.4461640578e-01
255.400000,9.9992588848e-04,2.4924324413e-01
255.450000,1.0003360773e-03,2.4533884384e-01
255.500000,9.9917930299e-04,2.3745280611e-01
255.550000,1.0022515495e-03,2.3805296150e-01
255.600000,9.9976945220e-04,2.4240341907e-01
255.650000,1.0011314257e-03,2.3643243856e-01
255.700000,9.9936159842e-04,2.4168624664e-01
255.750000,9.9953648902e-04,2.3726953210e-01
255.800000,9.9918647105e-04,2.4400512290e-01
255.850000,9.9950286340e-04,2.4749087871e-01
255.900000,9.9805952923e-04,2.4540555810e-01
255.950000,1.0002429918e-03,2.4720398695e-01
256.000000,1.0013204591e-03,2.4945238079e-01
256.050000,9.9966166990e-04,2.4532481358e-01
256.100000,1.0016821342e-03,2.3191945695e-01
256.150000,9.9995923093e-04,2.4671515258e-01
256.200000,9.9831362030e-04,2.4053122586e-01
256.250000,1.0015806788e-03,2.4092060220e-01
256.300000,9.9969141055e-04,2.4661420567e-01
256.350000,9.9963673787e-04,2.5117866743e-01
256.400000,1.0007459392e-03,2.4547359095e-01
256.450000,1.0011238872e-03,2.3971009678e-01
256.500000,1.0003035622e-03,2.4074827856e-01
256.550000,1.0006334713e-03,2.4517580911e-01
256.600000,1.0000201813e-03,2.4900620169e-01
256.650000,1.0011117516e-03,2.4643389950e-01
256.700000,9.9955724184e-04,2.4347047843e-01
256.750000,1.0004990338e-03,2.3715859806e-01
256.800000,1.0003503434e-03,2.3420240876e-01
256.850000,1.0008799752e-03,2.4231969206e-01
256.900000,1.0003103137e-03,2.3829178353e-01
256.950000,9.9967937612e-04,2.4078470261e-01
257.000000,9.9932000062e-04,2.4148304878e-01
257.050000,9.9906932674e-04,2.3740259975e-01
257.100000,1.0017676792e-03,2.4673845139e-01
257.150000,9.9850515474e-04,2.4998293176e-01
257.200000,1.0007181226e-03,2.3492571305e-01
257.250000,9.9997716983e-04,2.4711483818e-01
257.300000,1.0008831013e-03,2.4058332849e-01
257.350000,1.0011709489e-03,2.5161436175e-01
257.400000,1.0009987419e-03,2.4052067942e-01
257.450000,9.9951525955e-04,2.5245052720e-01
257.500000,1.0010631741e-03,2.4943247695e-01
257.550000,1.0009972663e-03,2.4416605149e-01
257.600000,1.0000155830e-03,2.5987687392e-01
257.650000,1.0000558744e-03,2.4751455753e-01
257.700000,9.9947869422e-04,2.4664333278e-01
257.750000,9.9985606478e-04,2.4379477124e-01
257.800000,9.9746248929e-04,2.4405124879e-01
257.850000,1.0002847042e-03,2.5065043255e-01
257.900000,1.0016121181e-03,2.4652668761e-01
257.950000,9.9763986716e-04,2.4868613509e-01
258.000000,9.9846760150e-04,2.4233497520e-01
258.050000,1.0000958444e-03,2.5275879420e-01
258.100000,9.9848492205e-04,2.4961629920e-01
258.150000,1.0015297667e-03,2.4805609441e-01
258.200000,9.9947972616e-04,2.5080437466e-01
258.250000,1.0007415661e-03,2.4567847119e-01
258.300000,1.0012774632e-03,2.3690471154e-01
258.350000,9.9892200974e-04,2.3747057394e-01
258.400000,1.0006974178e-03,2.5553730113e-01
258.450000,9.9862591719e-04,2.5061504825e-01
258.500000,1.0000578149e-03,2.4552870881e-01
258.550000,9.9976029581e-04,2.4364707839e-01
258.600000,1.0008710669e-03,2.4449215085e-01
258.650000,1.0009866123e-03,2.4580512728e-01
258.700000,9.9959142979e-04,2.4399270938e-01
258.750000,1.0002255428e-03,2.4420448663e-01
258.800000,9.9926345456e-04,2.3870852146e-01
258.850000,1.0023222960e-03,2.5038689022e-01
258.900000,1.0004688561e-03,2.4919124564e-01
258.950000,1.0004514275e-03,2.4216773235e-01
259.000000,9.9982288100e-04,2.3884717226e-01
259.050000,9.9894647891e-04,2.4415467116e-01
259.100000,1.0012813951e-03,2.4659364114e-01
259.150000,9.9875729071e-04,2.4525644301e-01
259.200000,9.9777810736e-04,2.4985638830e-01
259.250000,9.9886770408e-04,2.4063617530e-01
259.300000,1.0000964280e-03,2.4739342684e-01
259.350000,1.0003909136e-03,2.4049633792e-01
259.400000,9.9886615808e-04,2.3841973480e-01
259.450000,1.0019676934e-03,2.5593311957e-01
259.500000,9.9997365842e-04,2.4597010537e-01
259.550000,1.0005896743e-03,2.4762414729e-01
259.600000,9.9941061626e-04,2.5040734056e-01
259.650000,9.9842773380e-04,2.4211951712e-01
259.700000,9.9991301733e-04,2.4304535116e-01
259.750000,9.9936917764e-04,2.4310298146e-01
259.800000,9.9746281352e-04,2.3827544777e-01
259.850000,9.9971905048e-04,2.4277368389e-01
259.900000,9.9933359847e-04,2.4829146219e-01
259.950000,1.0007365655e-03,2.4753204199e-01
260.000000,1.0001586654e-03,2.4931254629e-01
260.050000,1.0003907989e-03,2.4926560354e-01
260.100000,1.0001374898e-03,2.4407654114e-01
260.150000,1.0001334650e-03,2.4411057624e-01
260.200000,9.9985179264e-04,2.3937946995e-01
260.250000,1.0002263495e-03,2.5253243011e-01
260.300000,1.0007341419e-03,2.4585004054e-01
260.350000,9.9927192211e-04,2.4825623222e-01
260.400000,9.9967150277e-04,2.4486224604e-01
260.450000,9.9899834117e-04,2.4592584001e-01
260.500000,1.0015790952e-03,2.4291605810e-01
260.550000,9.9985367831e-04,2.4210539529e-01
260.600000,9.9869656643e-04,2.4683775578e-01
260.650000,9.9954113409e-04,2.4188613207e-01
260.700000,9.9774969823e-04,2.4999160422e-01
260.750000,1.0005486013e-03,2.4777608246e-01
260.800000,9.9816640113e-04,2.5510961457e-01
260.850000,9.9990742423e-04,2.3741184117e-01
260.900000,1.0005919334e-03,2.3649138643e-01
260.950000,9.9931215696e-04,2.4924020908e-01
261.000000,1.0010563860e-03,2.3730762568e-01
261.050000,1.0004504790e-03,2.3553276522e-01
261.100000,1.0008618035e-03,2.5156985467e-01
261.150000,9.9947793213e-04,2.4337770921e-01
261.200000,1.0008384313e-03,2.4953842595e-01
261.250000,9.9880646661e-04,2.4523891531e-01
261.300000,9.9973654555e-04,2.5312788970e-01
261.350000,9.9908098906e-04,2.4419615898e-01
261.400000,1.0010413454e-03,2.4712073005e-01
261.450000,1.0015419178e-03,2.4788714458e-01
261.500000,9.9923956183e-04,2.3701028745e-01
261.550000,1.0007072502e-03,2.4217600731e-01
261.600000,9.9982316072e-04,2.5686844744e-01
261.650000,9.9759982087e-04,2.4565519991e-01
261.700000,1.0001693285e-03,2.3929113475e-01
261.750000,9.9996005139e-04,2.4371914771e-01
261.800000,9.9997601491e-04,2.4196201008e-01
261.850000,1.0007594261e-03,2.4007338193e-01
261.900000,9.9860002776e-04,2.4217435293e-01
261.950000,9.9994552688e-04,2.3860847580e-01
262.000000,1.0008260535e-03,2.5364077944e-01
262.050000,9.9875129345e-04,2.4319228161e-01
262.100000,9.9861012433e-04,2.4174671021e-01
262.150000,1.0001736463e-03,2.4270733080e-01
262.200000,1.0007010442e-03,2.4457445815e-01
262.250000,1.0014443529e-03,2.4419891890e-01
262.300000,9.9908633409e-04,2.4703414281e-01
262.350000,9.9971703980e-04,2.4928262647e-01
262.400000,9.9953470703e-04,2.4857953619e-01
262.450000,1.0014404603e-03,2.4682829816e-01
262.500000,1.0022087713e-03,2.4653250353e-01
262.550000,9.9922661078e-04,2.4093277865e-01
262.600000,1.0002149144e-03,2.3728710286e-01
262.650000,9.9963457121e-04,2.3596003289e-01
262.700000,1.0010985936e-03,2.4484770781e-01
262.750000,9.9973237883e-04,2.4368111274e-01
262.800000,1.0002533876e-03,2.4528895541e-01
262.850000,9.9955004520e-04,2.4274376455e-01
262.900000,1.0012566439e-03,2.4113413441e-01
262.950000,1.0019820066e-03,2.4188920979e-01
263.000000,1.0004263011e-03,2.4230386451e-01
263.050000,1.0018166914e-03,2.5147339533e-01
263.100000,9.9941648206e-04,2.4208343564e-01
263.150000,1.0005776421e-03,2.4560138651e-01
263.200000,9.9902560874e-04,2.5007506736e-01
263.250000,9.9954751717e-04,2.4455448972e-01
263.300000,9.9878422228e-04,2.4234398135e-01
263.350000,1.0018221275e-03,2.5022054341e-01
263.400000,9.9928994237e-04,2.4826940673e-01
263.450000,1.0001374156e-03,2.4993967277e-01
263.500000,1.0017568758e-03,2.3911231214e-01
263.550000,9.9877432980e-04,2.4080970075e-01
263.600000,1.0004687097e-03,2.4449630526e-01
263.650000,9.9818938225e-04,2.4254935355e-01
263.700000,1.0000649026e-03,2.5390457496e-01
263.750000,9.9977371329e-04,2.4178968062e-01
263.800000,1.0004191494e-03,2.4646270580e-01
263.850000,1.0003575021e-03,2.4027449220e-01
263.900000,9.9835994966e-04,2.4303169867e-01
263.950000,9.9856776797e-04,2.4885133644e-01
264.000000,9.9873820007e-04,2.5313232819e-01
264.050000,9.9823153504e-04,2.5191313557e-01
264.100000,9.9993837354e-04,2.4719569528e-01
264.150000,9.9838117906e-04,2.3840767348e-01
264.200000,9.9981704845e-04,2.4140090028e-01
264.250000,1.0005802810e-03,2.4271277252e-01
264.300000,9.9857792653e-04,2.3951570247e-01
264.350000,9.9965302158e-04,2.4470763780e-01
264.400000,1.0011018633e-03,2.5102207205e-01
264.450000,1.0002266153e-03,2.4362427940e-01
264.500000,1.0002500952e-03,2.4542273111e-01
264.550000,9.9910391747e-04,2.5455545845e-01
264.600000,9.9955386249e-04,2.3866360723e-01
264.650000,1.0001375235e-03,2.5974520084e-01
264.700000,9.9991039740e-04,2.4691211053e-01
264.750000,9.9956601535e-04,2.5019811475e-01
264.800000,9.9895323238e-04,2.4027303257e-01
264.850000,1.0001294580e-03,2.4341977953e-01
264.900000,1.0014935327e-03,2.4011471505e-01
264.950000,9.9960246846e-04,2.4694471471e-01
265.000000,9.9966508822e-04,2.4375487442e-01
265.050000,1.0007552920e-03,2.4247714629e-01
265.100000,1.0004866828e-03,2.4506163206e-01
265.150000,9.9920119850e-04,2.4179478938e-01
265.200000,1.0000144591e-03,2.4257200493e-01
265.250000,1.0002312925e-03,2.4937894196e-01
265.300000,9.9964372688e-04,2.3666497901e-01
265.350000,9.9972230670e-04,2.4467994401e-01
265.400000,9.9973446136e-04,2.4857788583e-01
265.450000,9.9952739421e-04,2.4207160595e-01
265.500000,1.0019693660e-03,2.4950524123e-01
265.550000,9.9956185476e-04,2.4676554588e-01
265.600000,9.9951868319e-04,2.3878755137e-01
265.650000,9.9939345155e-04,2.5296943537e-01
265.700000,1.0005545687e-03,2.4408653256e-01
265.750000,1.0011007088e-03,2.4465575224e-01
265.800000,9.9880975883e-04,2.4277765898e-01
265.850000,1.0008575551e-03,2.4442500489e-01
265.900000,1.0014560380e-03,2.3703050463e-01
265.950000,1.0014225135e-03,2.4189427917e-01
266.000000,1.0016400617e-03,2.3647581459e-01
266.050000,9.9836531510e-04,2.4846810731e-01
266.100000,9.9930618970e-04,2.4631988001e-01
266.150000,9.9958958271e-04,2.4511960512e-01
266.200000,1.0012575919e-03,2.5382492271e-01
266.250000,1.0006600151e-03,2.4417843320e-01
266.300000,1.0003442738e-03,2.4195005172e-01
266.350000,9.9927788153e-04,2.5009016396e-01
266.400000,9.9978091865e-04,2.4559877634e-01
266.450000,9.9986494678e-04,2.4762944236e-01
266.500000,1.0006804818e-03,2.4368151892e-01
266.550000,1.0010322144e-03,2.5159030913e-01
266.600000,9.9833233352e-04,2.4557647587e-01
266.650000,9.9916000306e-04,2.4954409273e-01
266.700000,1.0017578415e-03,2.4922580370e-01
266.750000,1.0011162327e-03,2.4510485054e-01
266.800000,9.9973834531e-04,2.4772410340e-01
266.850000,9.9999102540e-04,2.4683707655e-01
266.900000,9.9979611491e-04,2.3967501620e-01
266.950000,9.9878814065e-04,2.4220344297e-01
267.000000,1.0011595144e-03,2.4966772205e-01
267.050000,9.9993909732e-04,2.4348896110e-01
267.100000,9.9933560816e-04,2.4227107546e-01
267.150000,9.9897482468e-04,2.4078566372e-01
267.200000,1.0011839417e-03,2.4224242591e-01
267.250000,1.0003489606e-03,2.5131131107e-01
267.300000,9.9867870965e-04,2.4773726787e-01
267.350000,9.9938669252e-04,2.3878913461e-01
267.400000,1.0015368181e-03,2.4737659094e-01
267.450000,9.9882932292e-04,2.4343672226e-01
267.500000,1.0002087096e-03,2.4144066066e-01
267.550000,9.9917908225e-04,2.5009579920e-01
267.600000,1.0012145848e-03,2.4764849511e-01
267.650000,1.0014474225e-03,2.4523205918e-01
267.700000,9.9971601578e-04,2.4554011455e-01
267.750000,9.9960567358e-04,2.3612426635e-01
267.800000,9.9892716266e-04,2.4807560910e-01
267.850000,9.9980387399e-04,2.4954927555e-01
267.900000,9.9914681767e-04,2.4876897492e-01
267.950000,9.9864792454e-04,2.4134878164e-01
268.000000,9.9923544757e-04,2.4442101420e-01
268.050000,1.0005983975e-03,2.5112138602e-01
268.100000,1.0003875429e-03,2.3396377113e-01
268.150000,1.0012979622e-03,2.4965818083e-01
268.200000,9.9900163206e-04,2.4670085313e-01
268.250000,1.0016087484e-03,2.4448189902e-01
268.300000,9.9934705277e-04,2.4004742427e-01
268.350000,1.0004515220e-03,2.4857720661e-01
268.400000,9.9972298582e-04,2.4295481569e-01
268.450000,9.9976488272e-04,2.5612120452e-01
268.500000,1.0006976454e-03,2.4418158533e-01
268.550000,1.0004515176e-03,2.4242708002e-01
268.600000,1.0000983186e-03,2.4361535513e-01
268.650000,1.0026994067e-03,2.5465711199e-01
268.700000,1.0000650039e-03,2.4351599926e-01
268.750000,9.9979016890e-04,2.3825669564e-01
268.800000,1.0001129894e-03,2.4715251252e-01
268.850000,1.0006594022e-03,2.3795263433e-01
268.900000,1.0002720762e-03,2.4977326124e-01
268.950000,9.9982846715e-04,2.4557860406e-01
269.000000,1.0004765164e-03,2.4578353599e-01
269.050000,9.9986770152e-04,2.5585186590e-01
269.100000,9.9771347758e-04,2.4486245759e-01
269.150000,1.0012113007e-03,2.4861065552e-01
269.200000,1.0002564287e-03,2.3665869400e-01
269.250000,9.9969969622e-04,2.4444686698e-01
269.300000,1.0007043435e-03,2.4454329402e-01
269.350000,1.0001491427e-03,2.4050857003e-01
269.400000,1.0002813968e-03,2.4361364001e-01
269.450000,1.0000837872e-03,2.4861321440e-01
269.500000,1.0013603910e-03,2.4192891795e-01
269.550000,1.0007689249e-03,2.4840679431e-01
269.600000,9.9927083209e-04,2.4796624963e-01
269.650000,9.9984407586e-04,2.4325782087e-01
269.700000,9.9978687755e-04,2.4610012192e-01
269.750000,1.0008326406e-03,2.5057511047e-01
269.800000,9.9916287476e-04,2.5022323856e-01
269.850000,9.9894607672e-04,2.4974535523e-01
269.900000,1.0002012047e-03,2.4312134895e-01
269.950000,1.0008714625e-03,2.3552970627e-01
270.000000,1.0004205815e-03,2.3820079021e-01
270.050000,9.9959120167e-04,2.4493918966e-01
270.100000,1.0012494450e-03,2.4883480365e-01
270.150000,9.9983331908e-04,2.5187395005e-01
270.200000,9.9943558855e-04,2.4191721764e-01
270.250000,1.0007168446e-03,2.4175154356e-01
270.300000,9.9915619233e-04,2.4479506715e-01
270.350000,9.9974582149e-04,2.5229796445e-01
270.400000,1.0006555290e-03,2.4100746452e-01
270.450000,9.9938110587e-04,2.4591924563e-01
270.500000,9.9915800290e-04,2.4985557275e-01
270.550000,9.9995270486e-04,2.5248715747e-01
270.600000,9.9990126737e-04,2.3813476124e-01
270.650000,9.9962625694e-04,2.4936050786e-01
270.700000,9.9908448345e-04,2.3883537559e-01
270.750000,1.0000343057e-03,2.4510586437e-01
270.800000,1.0006048012e-03,2.4747846048e-01
270.850000,1.0014558860e-03,2.4486225022e-01
270.900000,9.9827464342e-04,2.5108997317e-01
270.950000,9.9951053305e-04,2.4517866986e-01
271.000000,9.9935410862e-04,2.4756641907e-01
271.050000,9.9956527215e-04,2.5175806799e-01
271.100000,9.9907121109e-04,2.3803135062e-01
271.150000,1.0022220316e-03,2.4090703956e-01
271.200000,1.0000065933e-03,2.4471791392e-01
271.250000,1.0012176312e-03,2.4918706772e-01
271.300000,9.9913555493e-04,2.5133309910e-01
271.350000,1.0005887754e-03,2.3724092282e-01
271.400000,1.0003726399e-03,2.4314787242e-01
271.450000,1.0012053103e-03,2.5027449096e-01
271.500000,1.0014490391e-03,2.3727121744e-01
271.550000,9.9946160096e-04,2.5117296130e-01
271.600000,1.0005517631e-03,2.4012729469e-01
271.650000,9.9915781002e-04,2.3793213675e-01
271.700000,9.9926392398e-04,2.5030341039e-01
271.750000,1.0015818573e-03,2.4871613051e-01
271.800000,9.9983270740e-04,2.5513698810e-01
271.850000,1.0032644107e-03,2.5304809702e-01
271.900000,9.9971823715e-04,2.5329023464e-01
271.950000,1.0009525681e-03,2.4659232370e-01
272.000000,1.0005813804e-03,2.4881394710e-01
272.050000,9.9958259448e-04,2.5559456796e-01
272.100000,9.9945836299e-04,2.5529803079e-01
272.150000,9.9916781329e-04,2.4909618472e-01
272.200000,9.9936777454e-04,2.4714028720e-01
272.250000,9.9941380524e-04,2.5070331671e-01
272.300000,1.0015203592e-03,2.4505642080e-01
272.350000,1.0010999248e-03,2.4537886581e-01
272.400000,1.0006280245e-03,2.4975671790e-01
272.450000,1.0006008035e-03,2.4728151050e-01
272.500000,1.0012106297e-03,2.4745282838e-01
272.550000,9.9922214238e-04,2.5099803818e-01
272.600000,9.9888696976e-04,2.4775885807e-01
272.650000,1.0012734132e-03,2.4120278036e-01
272.700000,9.9936529703e-04,2.4114197694e-01
272.750000,1.0009714538e-03,2.4301678379e-01
272.800000,1.0007335801e-03,2.4722465708e-01
272.850000,1.0004860011e-03,2.4591029261e-01
272.900000,9.9829467115e-04,2.4211490205e-01
272.950000,9.9799753646e-04,2.5247971239e-01
273.000000,9.9789498577e-04,2.3793860631e-01
273.050000,1.0007624988e-03,2.4051439831e-01
273.100000,1.0021528843e-03,2.4521177425e-01
273.150000,9.9954657628e-04,2.4516345526e-01
273.200000,9.9799269523e-04,2.4325759121e-01
273.250000,1.0007788140e-03,2.4988714238e-01
273.300000,9.9849517212e-04,2.4552208143e-01
273.350000,9.9853856547e-04,2.5439257429e-01
273.400000,1.0002954435e-03,2.4501125076e-01
273.450000,9.9979162155e-04,2.4603917162e-01
273.500000,9.9966836431e-04,2.5008561588e-01
273.550000,9.9990547750e-04,2.5869709817e-01
273.600000,9.9967079485e-04,2.4177253011e-01
273.650000,1.0006645554e-03,2.4849241901e-01
273.700000,1.0000001623e-03,2.3407139837e-01
273.750000,9.9985289097e-04,2.4350361295e-01
273.800000,9.9989367888e-04,2.4548946585e-01
273.850000,9.9991636613e-04,2.4951178597e-01
273.900000,1.0008791282e-03,2.4598163260e-01
273.950000,1.0018589287e-03,2.4456558167e-01
274.000000,1.0002771424e-03,2.4332693073e-01
274.050000,1.0004547392e-03,2.4087699520e-01
274.100000,9.9926791299e-04,2.4499405775e-01
274.150000,9.9907733479e-04,2.4381985156e-01
274.200000,1.0005075688e-03,2.5366248201e-01
274.250000,1.0000138847e-03,2.4304300808e-01
274.300000,1.0004799465e-03,2.4175676547e-01
274.350000,9.9907707572e-04,2.3864221815e-01
274.400000,1.0003385832e-03,2.4554970147e-01
274.450000,1.0002073606e-03,2.4873465439e-01
274.500000,9.9936337366e-04,2.4099684772e-01
274.550000,1.0007482064e-03,2.4241601662e-01
274.600000,9.9999816004e-04,2.5633672369e-01
274.650000,1.0011335172e-03,2.4339459190e-01
274.700000,1.0005722716e-03,2.4984709857e-01
274.750000,1.0009629101e-03,2.4454556932e-01
274.800000,1.0001413824e-03,2.5221225817e-01
274.850000,9.9889120784e-04,2.4058721331e-01
274.900000,9.9963231315e-04,2.4590353269e-01
274.950000,1.0007936658e-03,2.4698114666e-01
275.000000,1.0008735939e-03,2.4552258533e-01
275.050000,9.9957049719e-04,2.5005277501e-01
275.100000,9.9935459625e-04,2.3892146501e-01
275.150000,9.9851937322e-04,2.3874035624e-01
275.200000,1.0005240275e-03,2.3660452331e-01
275.250000,9.9791106043e-04,2.5135139696e-01
275.300000,9.9984984523e-04,2.4600725127e-01
275.350000,9.9774125263e-04,2.3441601531e-01
275.400000,9.9935267965e-04,2.4263945605e-01
275.450000,1.0019554025e-03,2.4389848512e-01
275.500000,1.0001278653e-03,2.5066224618e-01
275.550000,1.0002637054e-03,2.4990381151e-01
275.600000,9.9945412769e-04,2.4578405452e-01
275.650000,9.9943455359e-04,2.4569534113e-01
275.700000,9.9899659969e-04,2.4584197502e-01
275.750000,1.0013037924e-03,2.5197428826e-01
275.800000,1.0010070282e-03,2.5497866876e-01
275.850000,1.0008831648e-03,2.4292102879e-01
275.900000,9.9936635330e-04,2.4563964386e-01
275.950000,9.9952830841e-04,2.4547159824e-01
276.000000,9.9961048990e-04,2.4688686587e-01
276.050000,1.0004599457e-03,2.4347740471e-01
276.100000,9.9995286197e-04,2.4525286094e-01
276.150000,9.9991505867e-04,2.4595649484e-01
276.200000,9.9945305243e-04,2.5088395480e-01
276.250000,1.0003999824e-03,2.4299846156e-01
276.300000,9.9929485731e-04,2.4245957084e-01
276.350000,1.0007679943e-03,2.4492329156e-01
276.400000,9.9850297126e-04,2.4700687803e-01
276.450000,1.0011832200e-03,2.5215490413e-01
276.500000,1.0003250155e-03,2.4693029614e-01
276.550000,1.0010294916e-03,2.4553609033e-01
276.600000,1.0000967214e-03,2.4113523102e-01
276.650000,1.0003260357e-03,2.4185852716e-01
276.700000,1.0007257023e-03,2.4612369783e-01
276.750000,9.9985533967e-04,2.3873986556e-01
276.800000,1.0007308998e-03,2.3769259657e-01
276.850000,9.9955318135e-04,2.4509492228e-01
276.900000,9.9888948396e-04,2.5014489852e-01
276.950000,9.9986985419e-04,2.3875918434e-01
277.000000,1.0012503762e-03,2.4056265782e-01
277.050000,9.9952656715e-04,2.5114768217e-01
277.100000,9.9974140128e-04,2.4708589453e-01
277.150000,9.9947576676e-04,2.4403185906e-01
277.200000,1.0009794251e-03,2.4767658519e-01
277.250000,1.0006655665e-03,2.4007917503e-01
277.300000,9.9996641536e-04,2.4870870535e-01
277.350000,9.9755177760e-04,2.4647188606e-01
277.400000,9.9830187348e-04,2.3804261267e-01
277.450000,9.9891112911e-04,2.4628805463e-01
277.500000,1.0011413141e-03,2.4810038790e-01
277.550000,9.9965697007e-04,2.4229869826e-01
277.600000,9.9987845322e-04,2.3744530238e-01
277.650000,9.9871231738e-04,2.3513728387e-01
277.700000,1.0016931410e-03,2.4755809569e-01
277.750000,9.9965531246e-04,2.4267065380e-01
277.800000,9.9916719202e-04,2.5125659738e-01
277.850000,1.0001062619e-03,2.4060479842e-01
277.900000,9.9823462013e-04,2.4622033765e-01
277.950000,9.9882823919e-04,2.5878132284e-01
278.000000,1.0006443968e-03,2.3824669839e-01
278.050000,1.0019100284e-03,2.5090606636e-01
278.100000,1.0003680047e-03,2.4839564565e-01
278.150000,9.9916965182e-04,2.4187344639e-01
278.200000,9.9896239142e-04,2.4060502089e-01
278.250000,1.0003704584e-03,2.4144446038e-01
278.300000,1.0005035150e-03,2.5379740348e-01
278.350000,9.9936096926e-04,2.4692809823e-01
278.400000,9.9977014735e-04,2.4840056736e-01
278.450000,1.0002519222e-03,2.4306972806e-01
278.500000,9.9972673495e-04,2.5042675937e-01
278.550000,1.0012965121e-03,2.3753776791e-01
278.600000,1.0004451238e-03,2.4754050679e-01
278.650000,1.0010475452e-03,2.4956449519e-01
278.700000,1.0012167080e-03,2.4736244130e-01
278.750000,1.0008640635e-03,2.4318618733e-01
278.800000,1.0003113991e-03,2.3394077047e-01
278.850000,1.0009737355e-03,2.3973482650e-01
278.900000,9.9872393774e-04,2.2991329904e-01
278.950000,1.0003688653e-03,2.3656872717e-01
279.000000,1.0008487595e-03,2.4922727641e-01
279.050000,9.9851462182e-04,2.5377918258e-01
279.100000,9.9788356614e-04,2.4310712882e-01
279.150000,1.0004897234e-03,2.3902288686e-01
279.200000,9.9924342608e-04,2.3382212146e-01
279.250000,1.0009540843e-03,2.4880539968e-01
279.300000,9.9826214227e-04,2.4594878185e-01
279.350000,9.9982391731e-04,2.4393934684e-01
279.400000,9.9985490148e-04,2.5119772467e-01
279.450000,1.0004619446e-03,2.4239757798e-01
279.500000,1.0010034408e-03,2.4695341868e-01
279.550000,1.0011920676e-03,2.4523135849e-01
279.600000,1.0001896594e-03,2.5385827696e-01
279.650000,9.9967210964e-04,2.4609519912e-01
279.700000,1.0004921772e-03,2.3927052360e-01
279.750000,1.0003646525e-03,2.4355315384e-01
279.800000,9.9905902942e-04,2.4097127219e-01
279.850000,9.9945002377e-04,2.4069278630e-01
279.900000,9.9896473991e-04,2.5115347553e-01
279.950000,1.0008465604e-03,2.4884043681e-01
280.000000,9.9910296233e-04,2.5115707862e-01
280.050000,9.9870006322e-04,2.4167559630e-01
280.100000,1.0002572015e-03,2.4868863218e-01
280.150000,1.0002787307e-03,2.4348602162e-01
280.200000,1.0013463610e-03,2.5596428578e-01
280.250000,9.9905252646e-04,2.4336926113e-01
280.300000,9.9942326137e-04,2.4791837306e-01
280.350000,9.9990036803e-04,2.5104073659e-01
280.400000,9.9955285916e-04,2.4221111530e-01
280.450000,9.9956642704e-04,2.4161192259e-01
280.500000,1.0000081721e-03,2.4451213792e-01
280.550000,9.9924779837e-04,2.5496047261e-01
280.600000,1.0013212345e-03,2.4567734202e-01
280.650000,9.9879809625e-04,2.5050142130e-01
280.700000,9.9991978315e-04,2.3982255366e-01
280.750000,9.9962751034e-04,2.4802659594e-01
280.800000,9.9999708396e-04,2.5152714904e-01
280.850000,9.9961720895e-04,2.4432377585e-01
280.900000,9.9828811273e-04,2.5039127166e-01
280.950000,9.9956873565e-04,2.4900344178e-01
281.000000,1.0000306470e-03,2.4678580489e-01
281.050000,1.0008476586e-03,2.4327365180e-01
281.100000,1.0004707856e-03,2.4105225757e-01
281.150000,9.9991051102e-04,2.5542615760e-01
281.200000,9.9882448546e-04,2.4037242111e-01
281.250000,9.9994379626e-04,2.4659215817e-01
281.300000,1.0004127693e-03,2.5058003145e-01
281.350000,1.0005954520e-03,2.3771850939e-01
281.400000,1.0005859347e-03,2.5318159745e-01
281.450000,1.0013353259e-03,2.5026131852e-01
281.500000,9.9918890176e-04,2.4423226010e-01
281.550000,1.0015192400e-03,2.3112900738e-01
281.600000,9.9991288190e-04,2.4063237392e-01
281.650000,1.0006276512e-03,2.4928049695e-01
281.700000,1.0009593136e-03,2.5024308997e-01
281.750000,1.0001059574e-03,2.4987034605e-01
281.800000,1.0005747879e-03,2.4457226011e-01
281.850000,1.0002258375e-03,2.4091433416e-01
281.900000,9.9983646672e-04,2.4945528608e-01
281.950000,1.0013340348e-03,2.3854526625e-01
282.000000,9.9852175804e-04,2.4720894692e-01
282.050000,9.9969827152e-04,2.5005780038e-01
282.100000,9.9966104256e-04,2.4599342448e-01
282.150000,9.9944317784e-04,2.4005051909e-01
282.200000,9.9891455839e-04,2.4636154265e-01
282.250000,9.9971210159e-04,2.5672225797e-01
282.300000,9.9919842136e-04,2.4759404521e-01
282.350000,9.9962879025e-04,2.5347526121e-01
282.400000,1.0014415970e-03,2.4291983319e-01
282.450000,1.0008350129e-03,2.4043498148e-01
282.500000,9.9999487379e-04,2.4586880541e-01
282.550000,1.0028582091e-03,2.4195412858e-01
282.600000,9.9761477165e-04,2.4879773339e-01
282.650000,1.0003663454e-03,2.4278252345e-01
282.700000,1.0001018820e-03,2.4952369268e-01
282.750000,9.9926961430e-04,2.5204683773e-01
282.800000,1.0000097677e-03,2.4317603374e-01
282.850000,1.0000589102e-03,2.4577016243e-01
282.900000,9.9942815488e-04,2.3404453000e-01
282.950000,9.9982597869e-04,2.4261491262e-01
283.000000,1.0002742270e-03,2.4247787647e-01
283.050000,9.9799924126e-04,2.4494619447e-01
283.100000,1.0010401246e-03,2.5255250360e-01
283.150000,1.0005640952e-03,2.4765898251e-01
283.200000,9.9950310305e-04,2.4745524353e-01
283.250000,9.9999262771e-04,2.4041645716e-01
283.300000,9.9860561703e-04,2.4401106435e-01
283.350000,9.9909468523e-04,2.4484351596e-01
283.400000,9.9995512316e-04,2.4506068298e-01
283.450000,1.0002789168e-03,2.4795506460e-01
283.500000,9.9852429706e-04,2.4826105294e-01
283.550000,1.0009765697e-03,2.4406187743e-01
283.600000,1.0003402303e-03,2.4493118052e-01
283.650000,1.0015874951e-03,2.4502974219e-01
283.700000,1.0011576608e-03,2.4905745895e-01
283.750000,1.0005877205e-03,2.3752128976e-01
283.800000,9.9891003554e-04,2.5040288094e-01
283.850000,1.0012443278e-03,2.3649210463e-01
283.900000,9.9812353164e-04,2.4417307718e-01
283.950000,1.0002804850e-03,2.4595470117e-01
284.000000,1.0020389599e-03,2.3947520825e-01
284.050000,9.9989258469e-04,2.4431629349e-01
284.100000,9.9877636160e-04,2.3817742179e-01
284.150000,1.0014986764e-03,2.3974141465e-01
284.200000,1.0004222911e-03,2.4248067767e-01
284.250000,1.0016217155e-03,2.5118521129e-01
284.300000,1.0013016914e-03,2.3739540719e-01
284.350000,9.9968606094e-04,2.4500379649e-01
284.400000,9.9855274674e-04,2.4491975322e-01
284.450000,9.9966190300e-04,2.4914671309e-01
284.500000,1.0006699148e-03,2.4291690269e-01
284.550000,9.9925711379e-04,2.3814950747e-01
284.600000,1.0018072592e-03,2.4579627532e-01
284.650000,1.0005473601e-03,2.4240533377e-01
284.700000,9.9886587704e-04,2.5325417285e-01
284.750000,9.9987977967e-04,2.4967634734e-01
284.800000,1.0019987930e-03,2.4278642204e-01
284.850000,9.9820369204e-04,2.4291082245e-01
284.900000,1.0008874427e-03,2.4515452635e-01
284.950000,1.0006129324e-03,2.5064029350e-01
285.000000,1.0002963812e-03,2.4976431166e-01
285.050000,9.9900752595e-04,2.3610740346e-01
285.100000,9.9923169325e-04,2.4353441106e-01
285.150000,1.0021652366e-03,2.5005802660e-01
285.200000,9.9909299049e-04,2.4697728727e-01
285.250000,9.9973830343e-04,2.5232830008e-01
285.300000,1.0000892250e-03,2.4509348198e-01
285.350000,1.0015421603e-03,2.4292998302e-01
285.400000,1.0007491673e-03,2.4579609577e-01
285.450000,9.9905213938e-04,2.3317631050e-01
285.500000,9.9916115514e-04,2.4204278496e-01
285.550000,1.0016567172e-03,2.4406709202e-01
285.600000,9.9920012203e-04,2.5105901257e-01
285.650000,1.0006601731e-03,2.4521325660e-01
285.700000,9.9879235386e-04,2.4141260243e-01
285.750000,1.0001397074e-03,2.5317720147e-01
285.800000,9.9837659903e-04,2.4347296568e-01
285.850000,9.9984702735e-04,2.4046920104e-01
285.900000,9.9970655923e-04,2.4376022216e-01
285.950000,1.0009784550e-03,2.3729706572e-01
286.000000,9.9921250753e-04,2.4849642930e-01
286.050000,9.9929697237e-04,2.3776946997e-01
286.100000,9.9971059131e-04,2.4850710920e-01
286.150000,1.0013305150e-03,2.4823072179e-01
286.200000,9.9998352307e-04,2.5341275062e-01
286.250000,9.9968680094e-04,2.4909631073e-01
286.300000,1.0009669903e-03,2.5411860088e-01
286.350000,9.9949033800e-04,2.4335116615e-01
286.400000,1.0009794303e-03,2.5519763541e-01
286.450000,9.9938408226e-04,2.4698077553e-01
286.500000,9.9994243864e-04,2.4816149775e-01
286.550000,9.9904444603e-04,2.4893030110e-01
286.600000,1.0002927861e-03,2.4898118761e-01
286.650000,9.9920615349e-04,2.4404270837e-01
286.700000,1.0017640453e-03,2.4590277540e-01
286.750000,9.9920466991e-04,2.4030400937e-01
286.800000,9.9881485246e-04,2.4384058886e-01
286.850000,1.0001654334e-03,2.4223893742e-01
286.900000,1.0003256362e-03,2.3754250803e-01
286.950000,9.9909057036e-04,2.4602465847e-01
287.000000,1.0001964428e-03,2.4166680400e-01
287.050000,9.9872144911e-04,2.3867186990e-01
287.100000,9.9987743284e-04,2.4725772118e-01
287.150000,9.9871444906e-04,2.4957397440e-01
287.200000,9.9936681056e-04,2.4341786683e-01
287.250000,9.9985573727e-04,2.4010089832e-01
287.300000,1.0014215948e-03,2.5288810682e-01
287.350000,1.0000276725e-03,2.5035362783e-01
287.400000,9.9965382077e-04,2.4727439461e-01
287.450000,1.0005700160e-03,2.4607304981e-01
287.500000,1.0001645150e-03,2.4735188793e-01
287.550000,1.0005626766e-03,2.5310008542e-01
287.600000,1.0003764583e-03,2.3613076257e-01
287.650000,1.0014577785e-03,2.4409453272e-01
287.700000,1.0022172721e-03,2.4787460457e-01
287.750000,9.9974682626e-04,2.4737180922e-01
287.800000,9.9917002398e-04,2.4662255491e-01
287.850000,1.0017449422e-03,2.5223792806e-01
287.900000,9.9914005180e-04,2.4077070827e-01
287.950000,9.9936862123e-04,2.5566444007e-01
288.000000,1.0009935535e-03,2.5034744548e-01
288.050000,9.9838915627e-04,2.4452688203e-01
288.100000,1.0002198156e-03,2.3903711782e-01
288.150000,1.0005303946e-03,2.4249674160e-01
288.200000,9.9926680831e-04,2.5991192101e-01
288.250000,1.0004523004e-03,2.4514200340e-01
288.300000,9.9961849611e-04,2.5141840094e-01
288.350000,9.9804033943e-04,2.4847649748e-01
288.400000,1.0000816537e-03,2.4618314202e-01
288.450000,9.9987018309e-04,2.4295161091e-01
288.500000,1.0001127751e-03,2.4904824827e-01
288.550000,1.0009746242e-03,2.4256682497e-01
288.600000,9.9964947069e-04,2.5216881702e-01
288.650000,1.0031614435e-03,2.4140393051e-01
288.700000,9.9864737877e-04,2.4255292454e-01
288.750000,9.9963266974e-04,2.4460123317e-01
288.800000,9.9992116341e-04,2.4158785953e-01
288.850000,9.9914002498e-04,2.4994789584e-01
288.900000,9.9875324440e-04,2.4732167931e-01
288.950000,1.0013118823e-03,2.4280722775e-01
289.000000,9.9877458915e-04,2.4558402187e-01
289.050000,1.0002897996e-03,2.3986669605e-01
289.100000,9.9850022687e-04,2.4771690387e-01
289.150000,9.9931655119e-04,2.4875020503e-01
289.200000,1.0014839262e-03,2.4450970727e-01
289.250000,1.0000870935e-03,2.4295211790e-01
289.300000,9.9977799783e-04,2.4928665789e-01
289.350000,9.9998250932e-04,2.4567294017e-01
289.400000,1.0018270595e-03,2.5008018773e-01
289.450000,9.9910628694e-04,2.3122053010e-01
289.500000,1.0007379194e-03,2.4046632306e-01
289.550000,9.9854035281e-04,2.4238726849e-01
289.600000,1.0008432104e-03,2.4979012934e-01
289.650000,1.0003783063e-03,2.3755888272e-01
289.700000,1.0002707244e-03,2.4682745807e-01
289.750000,1.0001013918e-03,2.4200010384e-01
289.800000,1.0004717837e-03,2.4197963823e-01
289.850000,1.0001144453e-03,2.5417136582e-01
289.900000,9.9928504744e-04,2.5862814766e-01
289.950000,9.9896792484e-04,2.4499996917e-01
290.000000,1.0008911343e-03,2.3397756015e-01
290.050000,1.0014393983e-03,2.4654907463e-01
290.100000,1.0002442628e-03,2.4649237624e-01
290.150000,9.9978684232e-04,2.4339698793e-01
290.200000,9.9993062156e-04,2.4672585511e-01
290.250000,9.9963841798e-04,2.4226274263e-01
290.300000,9.9930623616e-04,2.3650139982e-01
290.350000,9.9981138731e-04,2.4470226937e-01
290.400000,9.9938311764e-04,2.4616098958e-01
290.450000,9.9988371855e-04,2.4182764033e-01
290.500000,1.0006866712e-03,2.4465338150e-01
290.550000,1.0001697945e-03,2.4840770632e-01
290.600000,1.0005511191e-03,2.4656505152e-01
290.650000,9.9954982208e-04,2.5494230131e-01
290.700000,1.0007923479e-03,2.4034886205e-01
290.750000,1.0003904288e-03,2.4782481634e-01
290.800000,9.9845852918e-04,2.4542493629e-01
290.850000,9.9867936104e-04,2.5180898535e-01
290.900000,1.0025771509e-03,2.4485757517e-01
290.950000,9.9953130105e-04,2.3536287294e-01
291.000000,9.9861928064e-04,2.4491340009e-01
291.050000,9.9920932747e-04,2.4454294628e-01
291.100000,9.9916857236e-04,2.4595663196e-01
291.150000,1.0006199923e-03,2.4921446170e-01
291.200000,9.9985869152e-04,2.4995004102e-01
291.250000,9.9978982986e-04,2.4090163129e-01
291.300000,9.9890074255e-04,2.5153139866e-01
291.350000,1.0003157730e-03,2.4088595434e-01
291.400000,1.0013850001e-03,2.4854376870e-01
291.450000,1.0008485429e-03,2.4516464298e-01
291.500000,9.9988431250e-04,2.3842343378e-01
291.550000,9.9987333240e-04,2.4234578350e-01
291.600000,1.0001037496e-03,2.4118431710e-01
291.650000,9.9941033004e-04,2.5147721530e-01
291.700000,9.9995635811e-04,2.4804956870e-01
291.750000,9.9917198258e-04,2.4436947748e-01
291.800000,9.9894439287e-04,2.4759136124e-01
291.850000,9.9825966831e-04,2.4432389663e-01
291.900000,9.9940843964e-04,2.3891662151e-01
291.950000,9.9955439102e-04,2.4317006763e-01
292.000000,9.9917304550e-04,2.4412842611e-01
292.050000,1.0002372876e-03,2.4086162967e-01
292.100000,1.0001023656e-03,2.3892239471e-01
292.150000,1.0000969465e-03,2.5017933134e-01
292.200000,1.0014171315e-03,2.5454159013e-01
292.250000,9.9991896679e-04,2.3761511448e-01
292.300000,9.9942617448e-04,2.3961538236e-01
292.350000,9.9835429855e-04,2.4334959852e-01
292.400000,9.9900743957e-04,2.4193241380e-01
292.450000,1.0000060655e-03,2.3788622336e-01
292.500000,9.9978430071e-04,2.5571591679e-01
292.550000,9.9721958946e-04,2.4478171297e-01
292.600000,9.9869555202e-04,2.3853799366e-01
292.650000,9.9970118819e-04,2.3429410062e-01
292.700000,9.9968072462e-04,2.3638030614e-01
292.750000,9.9904544685e-04,2.4307915561e-01
292.800000,1.0006959240e-03,2.4872455827e-01
292.850000,9.9999054744e-04,2.3564583441e-01
292.900000,9.9816751466e-04,2.4286708756e-01
292.950000,1.0003539321e-03,2.4457354975e-01
293.000000,1.0002387800e-03,2.4009148016e-01
293.050000,1.0006030192e-03,2.3813074697e-01
293.100000,1.0016634827e-03,2.3911602675e-01
293.150000,9.9929873381e-04,2.4936509043e-01
293.200000,1.0013048058e-03,2.4971589701e-01
293.250000,1.0001979626e-03,2.3889432738e-01
293.300000,9.9894098359e-04,2.4805371994e-01
293.350000,9.9965622920e-04,2.4773874288e-01
293.400000,9.9862823204e-04,2.4331974264e-01
293.450000,9.9920182876e-04,2.5006732990e-01
293.500000,1.0014819619e-03,2.4399650347e-01
293.550000,9.9954891120e-04,2.4281910612e-01
293.600000,9.9982071829e-04,2.4937745418e-01
293.650000,9.9814446251e-04,2.4430565618e-01
293.700000,1.0018182370e-03,2.4383947493e-01
293.750000,9.9937954132e-04,2.4059138739e-01
293.800000,1.0002468137e-03,2.4508310151e-01
293.850000,1.0000648728e-03,2.4410338338e-01
293.900000,1.0005334510e-03,2.4634659606e-01
293.950000,1.0009713779e-03,2.4779956590e-01
294.000000,9.9888256155e-04,2.4317613399e-01
294.050000,1.0000361980e-03,2.4395613378e-01
294.100000,1.0002352516e-03,2.4155436059e-01
294.150000,1.0005553661e-03,2.4953120675e-01
294.200000,9.9871967172e-04,2.4249829902e-01
294.250000,1.0003445827e-03,2.5538552341e-01
294.300000,1.0002384119e-03,2.4867990988e-01
294.350000,1.0010948853e-03,2.4544654855e-01
294.400000,1.0005810123e-03,2.4882087852e-01
294.450000,9.9966962833e-04,2.4499023140e-01
294.500000,9.9946158526e-04,2.4730151690e-01
294.550000,1.0013346151e-03,2.4385318245e-01
294.600000,1.0014336245e-03,2.4263754522e-01
294.650000,1.0003890292e-03,2.4820513123e-01
294.700000,9.9863395841e-04,2.4726989306e-01
294.750000,1.0005030373e-03,2.5124015144e-01
294.800000,1.0018881140e-03,2.5928788189e-01
294.850000,1.0010633065e-03,2.4325703391e-01
294.900000,9.9941743256e-04,2.4554577088e-01
294.950000,1.0000781534e-03,2.5092528304e-01
295.000000,9.9992869568e-04,2.4604800365e-01
295.050000,9.9931978458e-04,2.4513695947e-01
295.100000,9.9960870486e-04,2.4374111003e-01
295.150000,9.9960396739e-04,2.4044702963e-01
295.200000,9.9901695605e-04,2.4618466940e-01
295.250000,9.9997468143e-04,2.4450933646e-01
295.300000,1.0017536381e-03,2.4552162811e-01
295.350000,9.9929053737e-04,2.4713441516e-01
295.400000,9.9977004626e-04,2.4291331060e-01
295.450000,9.9938867638e-04,2.5244566994e-01
295.500000,1.0009454931e-03,2.4008277402e-01
295.550000,9.9860490705e-04,2.4900668221e-01
295.600000,1.0009495771e-03,2.4540759602e-01
295.650000,9.9922576767e-04,2.4812918613e-01
295.700000,9.9905337906e-04,2.4444965758e-01
295.750000,9.9982036869e-04,2.5059755197e-01
295.800000,9.9907824554e-04,2.5051928348e-01
295.850000,9.9984664989e-04,2.5408533414e-01
295.900000,1.0001946144e-03,2.4287542938e-01
295.950000,9.9952155000e-04,2.4568436151e-01
296.000000,9.9882953577e-04,2.4539294299e-01
296.050000,9.9918011591e-04,2.4286805376e-01
296.100000,9.9916384899e-04,2.3943917826e-01
296.150000,9.9797554930e-04,2.4459679842e-01
296.200000,9.9858172177e-04,2.3662673300e-01
296.250000,1.0015566402e-03,2.4715251035e-01
296.300000,1.0013057750e-03,2.3370429979e-01
296.350000,9.9982904390e-04,2.4392216433e-01
296.400000,1.0007384470e-03,2.5360874024e-01
296.450000,1.0012728548e-03,2.5673617558e-01
296.500000,9.9979880036e-04,2.4494441528e-01
296.550000,1.0008800586e-03,2.4058949704e-01
296.600000,9.9940134014e-04,2.4284449862e-01
296.650000,1.0025109097e-03,2.4281052625e-01
296.700000,1.0011866217e-03,2.5300838579e-01
296.750000,1.0001292450e-03,2.4911836484e-01
296.800000,9.9928294247e-04,2.5323294148e-01
296.850000,9.9762854270e-04,2.3317595042e-01
296.900000,1.0024350526e-03,2.3733640538e-01
296.950000,1.0010005334e-03,2.3986005888e-01
297.000000,9.9997276144e-04,2.4171732246e-01
297.050000,1.0000685480e-03,2.4882254176e-01
297.100000,9.9892260290e-04,2.4427412273e-01
297.150000,1.0007880988e-03,2.4621925446e-01
297.200000,9.9899733164e-04,2.3681651353e-01
297.250000,9.9846009103e-04,2.5449577609e-01
297.300000,1.0012340392e-03,2.5302221678e-01
297.350000,9.9960544868e-04,2.4423936857e-01
297.400000,1.0007265829e-03,2.4191768263e-01
297.450000,9.9872234213e-04,2.4875564620e-01
297.500000,1.0005332022e-03,2.5190130616e-01
297.550000,1.0007445770e-03,2.4257574286e-01
297.600000,1.0013142796e-03,2.4368839186e-01
297.650000,9.9997813214e-04,2.5078495123e-01
297.700000,9.9891472846e-04,2.5562935252e-01
297.750000,9.9971449904e-04,2.4115038066e-01
297.800000,9.9789240861e-04,2.4984678126e-01
297.850000,9.9888559939e-04,2.4697440633e-01
297.900000,9.9910077316e-04,2.4661644673e-01
297.950000,1.0000594843e-03,2.4098886417e-01
298.000000,9.9904050785e-04,2.5290419837e-01
298.050000,1.0013478589e-03,2.4417206066e-01
298.100000,1.0021984260e-03,2.3100579250e-01
298.150000,1.0021550951e-03,2.4830375898e-01
298.200000,9.9819703244e-04,2.4408763813e-01
298.250000,9.9847316306e-04,2.4470784891e-01
298.300000,1.0011592179e-03,2.4188932067e-01
298.350000,1.0004552139e-03,2.5019453301e-01
298.400000,1.0005495859e-03,2.4553580339e-01
298.450000,9.9989321062e-04,2.4366950274e-01
298.500000,9.9931181574e-04,2.4820874161e-01
298.550000,1.0007097323e-03,2.4794043574e-01
298.600000,1.0003713071e-03,2.4791387144e-01
298.650000,1.0003503890e-03,2.5056619755e-01
298.700000,9.9857127602e-04,2.5244345313e-01
298.750000,1.0003440999e-03,2.5370674813e-01
298.800000,1.0004700851e-03,2.4859304199e-01
298.850000,1.0006960055e-03,2.4965168251e-01
298.900000,1.0002448799e-03,2.4367212169e-01
298.950000,1.0028365913e-03,2.3752196317e-01
299.000000,9.9880548687e-04,2.4954785058e-01
299.050000,1.0014364641e-03,2.4470600261e-01
299.100000,9.9930552915e-04,2.4446750185e-01
299.150000,1.0017480277e-03,2.4397722490e-01
299.200000,9.9953786099e-04,2.4361371019e-01
299.250000,1.0002915595e-03,2.4696267572e-01
299.300000,1.0003767756e-03,2.5672919490e-01
299.350000,9.9822289546e-04,2.4131118392e-01
299.400000,9.9883600841e-04,2.4524403599e-01
299.450000,1.0008205207e-03,2.3517195068e-01
299.500000,9.9949534275e-04,2.4434734418e-01
299.550000,1.0009512401e-03,2.4660491928e-01
299.600000,1.0005533234e-03,2.5161553092e-01
299.650000,9.9972904148e-04,2.4340579956e-01
299.700000,9.9997034413e-04,2.5336390306e-01
299.750000,1.0002230818e-03,2.3941808576e-01
299.800000,9.9944353918e-04,2.4392161107e-01
299.850000,9.9748358001e-04,2.4148185900e-01
299.900000,9.9979977291e-04,2.5140632055e-01
299.950000,1.0000663296e-03,2.4749925373e-01
300.000000,1.0002802666e-03,2.3738337431e-01
300.050000,1.0003206961e-03,2.4318707026e-01
300.100000,1.0009653966e-03,2.3840723068e-01
300.150000,1.0006188410e-03,2.3650270552e-01
300.200000,9.9901576936e-04,2.4837315427e-01
300.250000,1.0010625947e-03,2.3986530204e-01
300.300000,9.9992613340e-04,2.5199590631e-01
300.350000,9.9874027540e-04,2.3965850745e-01
300.400000,1.0007559990e-03,2.4522865169e-01
300.450000,9.9993544158e-04,2.4510068421e-01
300.500000,9.9929981389e-04,2.3513239028e-01
300.550000,1.0001711343e-03,2.6191228405e-01
300.600000,9.9909759021e-04,2.4939153004e-01
300.650000,9.9991771594e-04,2.4958085936e-01
300.700000,1.0005296660e-03,2.4962449946e-01
300.750000,1.0008536037e-03,2.4795087091e-01
300.800000,9.9944336219e-04,2.4557380720e-01
300.850000,9.9817066763e-04,2.4999676708e-01
300.900000,1.0007399705e-03,2.4612200935e-01
300.950000,1.0000723383e-03,2.3526264721e-01
301.000000,9.9968128498e-04,2.4369663398e-01
301.050000,1.0002798349e-03,2.4693827037e-01
301.100000,9.9797618693e-04,2.4439899269e-01
301.150000,1.0016029616e-03,2.4719148819e-01
301.200000,9.9943038538e-04,2.5628710284e-01
301.250000,9.9938107778e-04,2.4802951259e-01
301.300000,1.0008732223e-03,2.4767765865e-01
301.350000,1.0006567426e-03,2.5015339590e-01
301.400000,1.0000214941e-03,2.5046382071e-01
301.450000,9.9935734718e-04,2.4785028886e-01
301.500000,1.0014790417e-03,2.4549760385e-01
301.550000,1.0002788844e-03,2.3786366318e-01
301.600000,1.0002596735e-03,2.5267723114e-01
301.650000,1.0004543686e-03,2.4342620772e-01
301.700000,1.0002256490e-03,2.4868933893e-01
301.750000,1.0004496167e-03,2.5473779538e-01
301.800000,9.9920843804e-04,2.4544511265e-01
301.850000,1.0025934581e-03,2.4848944884e-01
301.900000,9.9951811733e-04,2.4605664792e-01
301.950000,9.9947590704e-04,2.4789093160e-01
302.000000,9.9932050779e-04,2.3545384665e-01
302.050000,9.9972582292e-04,2.2995973891e-01
302.100000,1.0010128589e-03,2.5622316438e-01
302.150000,9.9978492445e-04,2.4837500459e-01
302.200000,9.9967581438e-04,2.4363001526e-01
302.250000,1.0003659120e-03,2.5039866492e-01
302.300000,9.9873105415e-04,2.4443232856e-01
302.350000,9.9991223442e-04,2.5064883055e-01
302.400000,9.9902324778e-04,2.3806311070e-01
302.450000,1.0007481020e-03,2.3573304766e-01
302.500000,1.0021287792e-03,2.4578420071e-01
302.550000,1.0010343694e-03,2.4670448027e-01
302.600000,9.9999949950e-04,2.4990390713e-01
302.650000,1.0003664481e-03,2.5606571662e-01
302.700000,1.0018101100e-03,2.4023602629e-01
302.750000,1.0016971879e-03,2.3146640729e-01
302.800000,9.9835894920e-04,2.3866513406e-01
302.850000,9.9930618351e-04,2.4124511044e-01
302.900000,9.9840836473e-04,2.5338446396e-01
302.950000,1.0003168884e-03,2.4906731940e-01
303.000000,1.0005737716e-03,2.5018783232e-01
303.050000,1.0014653656e-03,2.3702551811e-01
303.100000,9.9821686070e-04,2.4539262403e-01
303.150000,1.0009536782e-03,2.5344162133e-01
303.200000,9.9855460611e-04,2.4783853233e-01
303.250000,9.9815807871e-04,2.4260152136e-01
303.300000,9.9927785115e-04,2.4181356311e-01
303.350000,9.9890599761e-04,2.5132570607e-01
303.400000,1.0003906646e-03,2.5539801105e-01
303.450000,9.9783139508e-04,2.4241315613e-01
303.500000,1.0000002110e-03,2.5486416020e-01
303.550000,9.9911613088e-04,2.4486219050e-01
303.600000,1.0007088672e-03,2.3765985889e-01
303.650000,1.0002052535e-03,2.4523304253e-01
303.700000,1.0000133622e-03,2.5732354745e-01
303.750000,9.9814576627e-04,2.4298775850e-01
303.800000,9.9958252746e-04,2.4426502336e-01
303.850000,9.9901982953e-04,2.4325712399e-01
303.900000,1.0002769800e-03,2.4668639645e-01
303.950000,1.0002909026e-03,2.4621965433e-01
304.000000,9.9998147737e-04,2.4410826572e-01
304.050000,1.0004238125e-03,2.4744720010e-01
304.100000,9.9988670516e-04,2.3559537467e-01
304.150000,1.0011367226e-03,2.4812097322e-01
304.200000,9.9859912704e-04,2.4450848725e-01
304.250000,1.0008216794e-03,2.4611516576e-01
304.300000,1.0015167016e-03,2.5338622191e-01
304.350000,9.9734006095e-04,2.4238881747e-01
304.400000,1.0005525069e-03,2.4961554726e-01
304.450000,1.0004933298e-03,2.4510658235e-01
304.500000,1.0011713645e-03,2.4484458336e-01
304.550000,1.0008788727e-03,2.4372206986e-01
304.600000,1.0003181847e-03,2.4398874005e-01
304.650000,9.9984415026e-04,2.4594349729e-01
304.700000,9.9871847488e-04,2.3995023243e-01
304.750000,1.0001602058e-03,2.4673955170e-01
304.800000,9.9866363448e-04,2.4594541698e-01
304.850000,9.9967370009e-04,2.3642010307e-01
304.900000,9.9926670019e-04,2.3406395490e-01
304.950000,9.9890572208e-04,2.4680813016e-01
305.000000,1.0001126105e-03,2.5267491749e-01
305.050000,1.0006338143e-03,2.4540465636e-01
305.100000,1.0003525185e-03,2.4757929387e-01
305.150000,9.9762857043e-04,2.4902302655e-01
305.200000,9.9960756343e-04,2.4297769180e-01
305.250000,1.0005472305e-03,2.4427052802e-01
305.300000,9.9838102720e-04,2.4995798236e-01
305.350000,9.9900374566e-04,2.4917022637e-01
305.400000,1.0001918566e-03,2.4259893655e-01
305.450000,9.9909572068e-04,2.4126140621e-01
305.500000,9.9875632952e-04,2.4250618757e-01
305.550000,1.0008619037e-03,2.4808868183e-01
305.600000,1.0012879167e-03,2.4592191600e-01
305.650000,1.0001812043e-03,2.5100399152e-01
305.700000,9.9973571652e-04,2.4752108285e-01
305.750000,1.0016158688e-03,2.4355013844e-01
305.800000,9.9932911393e-04,2.4273775232e-01
305.850000,9.9988871185e-04,2.4923423634e-01
305.900000,1.0010905071e-03,2.4228112498e-01
305.950000,9.9997311579e-04,2.5465799298e-01
306.000000,9.9973083472e-04,2.4907987677e-01
306.050000,1.0007371191e-03,2.4516527575e-01
306.100000,1.0006840341e-03,2.4553610334e-01
306.150000,1.0007032937e-03,2.4046663603e-01
306.200000,1.0010891710e-03,2.4411337494e-01
306.250000,1.0000471509e-03,2.4745164764e-01
306.300000,9.9928377796e-04,2.5730434284e-01
306.350000,1.0001263929e-03,2.5618250426e-01
306.400000,1.0004362338e-03,2.5944336176e-01
306.450000,9.9880001714e-04,2.4038485999e-01
306.500000,9.9910248455e-04,2.5559653189e-01
306.550000,9.9924410032e-04,2.4655965524e-01
306.600000,9.9913428547e-04,2.4024005301e-01
306.650000,9.9931014059e-04,2.3921171610e-01
306.700000,1.0021253772e-03,2.4601207764e-01
306.750000,1.0012254348e-03,2.4134930414e-01
306.800000,1.0016547354e-03,2.4784303582e-01
306.850000,9.9968885241e-04,2.4573939747e-01
306.900000,9.9812714239e-04,2.4652460300e-01
306.950000,9.9927446627e-04,2.5046867841e-01
307.000000,9.9986451634e-04,2.4694917146e-01
307.050000,1.0010282583e-03,2.4376349547e-01
307.100000,9.9851336711e-04,2.4181955243e-01
307.150000,1.0008114408e-03,2.5377614150e-01
307.200000,1.0015622210e-03,2.5303643124e-01
307.250000,1.0004211176e-03,2.5217677067e-01
307.300000,9.9943220478e-04,2.4805080712e-01
307.350000,1.0002950210e-03,2.3925552049e-01
307.400000,9.9946576198e-04,2.4616092768e-01
307.450000,1.0005998313e-03,2.4187287191e-01
307.500000,1.0004021210e-03,2.4194846589e-01
307.550000,9.9968167064e-04,2.4317898968e-01
307.600000,1.0002826317e-03,2.5158920936e-01
307.650000,1.0009126336e-03,2.4458188998e-01
307.700000,9.9881139588e-04,2.4430880537e-01
307.750000,9.9929391751e-04,2.4439392952e-01
307.800000,1.0007472088e-03,2.4827859121e-01
307.850000,1.0006666304e-03,2.4693183152e-01
307.900000,1.0000622283e-03,2.3805185131e-01
307.950000,1.0013464818e-03,2.5301417683e-01
308.000000,1.0007369287e-03,2.5612032696e-01
308.050000,1.0000369329e-03,2.4549792651e-01
308.100000,9.9960301184e-04,2.4258714002e-01
308.150000,9.9842793259e-04,2.4232951074e-01
308.200000,1.0016026799e-03,2.4859135713e-01
308.250000,9.9992715412e-04,2.3875446395e-01
308.300000,1.0008614650e-03,2.3511542210e-01
308.350000,1.0000632176e-03,2.4955164103e-01
308.400000,9.9894922842e-04,2.5301993879e-01
308.450000,1.0010183232e-03,2.4871651019e-01
308.500000,9.9944724055e-04,2.4513394605e-01
308.550000,9.9966647116e-04,2.4208034208e-01
308.600000,9.9904724014e-04,2.4249734168e-01
308.650000,9.9992390987e-04,2.4442746520e-01
308.700000,9.9773875421e-04,2.4276149309e-01
308.750000,9.9970529135e-04,2.3048854970e-01
308.800000,1.0013423510e-03,2.3630193546e-01
308.850000,9.9889314640e-04,2.4958084165e-01
308.900000,1.0018476987e-03,2.4473198376e-01
308.950000,1.0014257915e-03,2.3659278291e-01
309.000000,1.0002242995e-03,2.3807127662e-01
309.050000,9.9884733549e-04,2.4045017053e-01
309.100000,1.0004150102e-03,2.3645529763e-01
309.150000,1.0013244883e-03,2.4533994583e-01
309.200000,9.9990712064e-04,2.4472710789e-01
309.250000,1.0004442597e-03,2.4867232769e-01
309.300000,1.0007498026e-03,2.5133156785e-01
309.350000,1.0008616605e-03,2.4242755208e-01
309.400000,1.0007335944e-03,2.4499822194e-01
309.450000,9.9936755669e-04,2.3777577550e-01
309.500000,9.9928265460e-04,2.4879224770e-01
309.550000,1.0013023327e-03,2.4265002994e-01
309.600000,1.0017355215e-03,2.4280190871e-01
309.650000,1.0008261079e-03,2.4439753717e-01
309.700000,1.0007734253e-03,2.5118716746e-01
309.750000,1.0004191448e-03,2.5069632654e-01
309.800000,9.9879644988e-04,2.3748434182e-01
309.850000,1.0005387999e-03,2.4045929634e-01
309.900000,1.0003638683e-03,2.4849436292e-01
309.950000,1.0009238065e-03,2.4640693859e-01
310.000000,9.9847462929e-04,2.4279609785e-01
310.050000,9.9992416861e-04,2.4069163188e-01
310.100000,1.0007011003e-03,2.4482161061e-01
310.150000,9.9924315174e-04,2.4527506090e-01
310.200000,1.0001618203e-03,2.3951284017e-01
310.250000,9.9942702900e-04,2.5030372908e-01
310.300000,9.9948758235e-04,2.3755659135e-01
310.350000,1.0009711585e-03,2.4208955624e-01
310.400000,9.9938476492e-04,2.4053969706e-01
310.450000,1.0009013333e-03,2.4389591342e-01
310.500000,1.0001327167e-03,2.4427520874e-01
310.550000,1.0026811614e-03,2.4606576607e-01
310.600000,1.0017447014e-03,2.4203029532e-01
310.650000,9.9927775625e-04,2.4609927431e-01
310.700000,1.0020604143e-03,2.4927043180e-01
310.750000,1.0000468126e-03,2.4317908184e-01
310.800000,9.9956042602e-04,2.5438942956e-01
310.850000,1.0017539331e-03,2.5247322938e-01
310.900000,1.0004632825e-03,2.4715019037e-01
310.950000,1.0001206175e-03,2.5548036867e-01
311.000000,9.9947890547e-04,2.4127167139e-01
311.050000,1.0001454892e-03,2.4815523056e-01
311.100000,9.9956381908e-04,2.4940781696e-01
311.150000,1.0011326954e-03,2.4813464432e-01
311.200000,9.9848290071e-04,2.4422442901e-01
311.250000,9.9845196956e-04,2.4470332182e-01
311.300000,9.9885604282e-04,2.4096407229e-01
311.350000,9.9880312942e-04,2.4209124553e-01
311.400000,9.9912232770e-04,2.4855672790e-01
311.450000,9.9900957223e-04,2.4206251020e-01
311.500000,9.9890447332e-04,2.4567843597e-01
311.550000,1.0003692444e-03,2.4861935058e-01
311.600000,9.9978283844e-04,2.3703572991e-01
311.650000,1.0000642171e-03,2.4272874954e-01
311.700000,1.0004806288e-03,2.3584709133e-01
311.750000,9.9988062895e-04,2.5821275767e-01
311.800000,1.0016029663e-03,2.4152522780e-01
311.850000,1.0009409620e-03,2.4714500314e-01
311.900000,9.9938824153e-04,2.4367478484e-01
311.950000,1.0001652758e-03,2.4603868720e-01
312.000000,9.9999684759e-04,2.4262582734e-01
312.050000,9.9988870173e-04,2.5106703815e-01
312.100000,1.0010481771e-03,2.4101960775e-01
312.150000,1.0009471265e-03,2.3675839095e-01
312.200000,9.9862123955e-04,2.4207551372e-01
312.250000,1.0005082751e-03,2.4670725318e-01
312.300000,1.0017875471e-03,2.4001834954e-01
312.350000,1.0004277070e-03,2.4183883065e-01
312.400000,1.0006923188e-03,2.4856129890e-01
312.450000,1.0016419288e-03,2.4922727839e-01
312.500000,9.9985274699e-04,2.4332185099e-01
312.550000,1.0012348294e-03,2.3593374242e-01
312.600000,1.0004707985e-03,2.4309541040e-01
312.650000,1.0018715600e-03,2.3540912585e-01
312.700000,1.0000735164e-03,2.4544661590e-01
312.750000,9.9910908470e-04,2.4725411712e-01
312.800000,9.9938533981e-04,2.4699960421e-01
312.850000,9.9945797317e-04,2.3611051168e-01
312.900000,9.9906856138e-04,2.4172959552e-01
312.950000,9.9909222541e-04,2.4603369939e-01
313.000000,9.9999619246e-04,2.4003232609e-01
313.050000,1.0004898204e-03,2.4794715053e-01
313.100000,1.0002722874e-03,2.4817656955e-01
313.150000,1.0007832635e-03,2.4642242315e-01
313.200000,9.9823943590e-04,2.4836217964e-01
313.250000,9.9949376445e-04,2.3248523522e-01
313.300000,9.9921035529e-04,2.5303165345e-01
313.350000,9.9959790692e-04,2.4819370003e-01
313.400000,9.9998278788e-04,2.4645619203e-01
313.450000,1.0001237304e-03,2.4373671133e-01
313.500000,9.9978864080e-04,2.5602029642e-01
313.550000,9.9802072461e-04,2.5195163362e-01
313.600000,1.0001320306e-03,2.5304422482e-01
313.650000,1.0012276214e-03,2.4091062152e-01
313.700000,1.0001834906e-03,2.4430353307e-01
313.750000,9.9834394241e-04,2.4044961599e-01
313.800000,1.0007168859e-03,2.5408912574e-01
313.850000,9.9847422035e-04,2.3944188922e-01
313.900000,9.9952705398e-04,2.4715366924e-01
313.950000,1.0004439936e-03,2.5309863885e-01
314.000000,9.9956867894e-04,2.3888954606e-01
314.050000,1.0015619073e-03,2.4073539916e-01
314.100000,9.9999050448e-04,2.3481683824e-01
314.150000,9.9911338902e-04,2.3869903674e-01
314.200000,9.9764726770e-04,2.3993542778e-01
314.250000,1.0005903059e-03,2.5278925897e-01
314.300000,9.9944819989e-04,2.4669999958e-01
314.350000,9.9913258613e-04,2.4544852807e-01
314.400000,9.9838524434e-04,2.4133327180e-01
314.450000,1.0009698587e-03,2.4117767780e-01
314.500000,9.9944732968e-04,2.5312959707e-01
314.550000,1.0029953030e-03,2.3736499588e-01
314.600000,1.0019761843e-03,2.4435797228e-01
314.650000,9.9900092979e-04,2.4578076722e-01
314.700000,1.0005783301e-03,2.4734936886e-01
314.750000,9.9871055336e-04,2.3920328160e-01
314.800000,9.9887802727e-04,2.4154573434e-01
314.850000,1.0003324209e-03,2.5036183929e-01
314.900000,9.9873171588e-04,2.4360848137e-01
314.950000,9.9907922678e-04,2.4289438137e-01
315.000000,9.9873171994e-04,2.4818995646e-01
315.050000,1.0008010331e-03,2.5102002368e-01
315.100000,9.9923827029e-04,2.5070439412e-01
315.150000,9.9862467258e-04,2.3871492925e-01
315.200000,9.9855338800e-04,2.4561161104e-01
315.250000,9.9935906679e-04,2.3657863469e-01
315.300000,1.0018413297e-03,2.4451643025e-01
315.350000,9.9991164266e-04,2.4484508436e-01
315.400000,1.0020282952e-03,2.4420943769e-01
315.450000,9.9953753704e-04,2.5269600364e-01
315.500000,1.0012160451e-03,2.4374357425e-01
315.550000,9.9969009328e-04,2.5558380136e-01
315.600000,9.9988556877e-04,2.4316473193e-01
315.650000,1.0010224213e-03,2.4810606640e-01
315.700000,9.9912546633e-04,2.4633734988e-01
315.750000,9.9956031455e-04,2.5018168735e-01
315.800000,9.9940534384e-04,2.4548815624e-01
315.850000,9.9873816665e-04,2.4978231555e-01
315.900000,9.9977008504e-04,2.5191570406e-01
315.950000,1.0009447578e-03,2.4149047046e-01
316.000000,1.0000780195e-03,2.5204669187e-01
316.050000,9.9805674857e-04,2.4742499671e-01
316.100000,9.9974696835e-04,2.5062546309e-01
316.150000,9.9905620830e-04,2.5329240332e-01
316.200000,1.0005247410e-03,2.5135192293e-01
316.250000,9.9933001922e-04,2.4416667169e-01
316.300000,1.0000102659e-03,2.4119244526e-01
316.350000,9.9992507097e-04,2.4750083173e-01
316.400000,1.0006614575e-03,2.5068122031e-01
316.450000,9.9905200500e-04,2.4266010642e-01
316.500000,1.0007502387e-03,2.4262832567e-01
316.550000,1.0009030072e-03,2.4954795908e-01
316.600000,9.9894366927e-04,2.4564349794e-01
316.650000,1.0004575275e-03,2.4017107487e-01
316.700000,9.9873613941e-04,2.4174270710e-01
316.750000,1.0009585956e-03,2.4417308558e-01
316.800000,9.9966321372e-04,2.4204277885e-01
316.850000,9.9844584836e-04,2.4404008241e-01
316.900000,1.0005849290e-03,2.4051952178e-01
316.950000,9.9842667611e-04,2.5334882580e-01
317.000000,9.9987345077e-04,2.4931862201e-01
317.050000,1.0010801110e-03,2.4266868293e-01
317.100000,9.9886463844e-04,2.4578023152e-01
317.150000,1.0030290974e-03,2.5094955168e-01
317.200000,1.0004181268e-03,2.4911776029e-01
317.250000,9.9902046811e-04,2.4418862345e-01
317.300000,1.0002372368e-03,2.4483034687e-01
317.350000,9.9956850287e-04,2.3552592008e-01
317.400000,1.0001999717e-03,2.4912477199e-01
317.450000,1.0011713115e-03,2.4595163886e-01
317.500000,9.9895706972e-04,2.4550971083e-01
317.550000,1.0009230252e-03,2.4216389155e-01
317.600000,1.0005232841e-03,2.4250802232e-01
317.650000,9.9934341561e-04,2.4210734983e-01
317.700000,1.0019111191e-03,2.4395248433e-01
317.750000,1.0008959446e-03,2.4485358104e-01
317.800000,1.0001454518e-03,2.3756348086e-01
317.850000,1.0001225720e-03,2.5256456740e-01
317.900000,9.9959586980e-04,2.4739436652e-01
317.950000,1.0007834743e-03,2.5327171023e-01
318.000000,1.0009701915e-03,2.4618039512e-01
318.050000,1.0000985462e-03,2.4184079260e-01
318.100000,1.0008782317e-03,2.4737045688e-01
318.150000,1.0009078021e-03,2.5112410907e-01
318.200000,1.0006167269e-03,2.4756741751e-01
318.250000,9.9876349432e-04,2.4283014544e-01
318.300000,1.0010331448e-03,2.4510826736e-01
318.350000,9.9959208365e-04,2.4333650544e-01
318.400000,1.0004692789e-03,2.4257763477e-01
318.450000,9.9990083063e-04,2.4393786208e-01
318.500000,9.9938024353e-04,2.4762531217e-01
318.550000,9.9939664892e-04,2.4399912013e-01
318.600000,1.0014428666e-03,2.4724479844e-01
318.650000,1.0010243329e-03,2.4400009549e-01
318.700000,1.0013686120e-03,2.4638156132e-01
318.750000,1.0008579892e-03,2.4419405125e-01
318.800000,9.9904959412e-04,2.4516088936e-01
318.850000,9.9932480289e-04,2.4500243302e-01
318.900000,1.0000768909e-03,2.3925389708e-01
318.950000,9.9931743074e-04,2.4398497805e-01
319.000000,1.0002992688e-03,2.4831401926e-01
319.050000,9.9975623311e-04,2.3890898093e-01
319.100000,9.9973560891e-04,2.4015650955e-01
319.150000,9.9967910817e-04,2.4537896986e-01
319.200000,1.0008020263e-03,2.5506537280e-01
319.250000,9.9967410397e-04,2.5023496621e-01
319.300000,1.0014011823e-03,2.3700751769e-01
319.350000,9.9953084643e-04,2.4748338868e-01
319.400000,1.0004987256e-03,2.4862718477e-01
319.450000,9.9987949775e-04,2.4597511805e-01
319.500000,9.9981335789e-04,2.3923674343e-01
319.550000,1.0016806994e-03,2.4727805388e-01
319.600000,1.0005093986e-03,2.5421277059e-01
319.650000,9.9991005984e-04,2.4098060991e-01
319.700000,9.9947460109e-04,2.4906388907e-01
319.750000,9.9948881447e-04,2.5140775869e-01
319.800000,9.9932515234e-04,2.5080495773e-01
319.850000,9.9980595910e-04,2.5362992389e-01
319.900000,9.9959431790e-04,2.5309594986e-01
319.950000,1.0003256493e-03,2.5063545807e-01
320.000000,1.0008663238e-03,2.4469653042e-01
320.050000,9.9807127358e-04,2.5034378768e-01
320.100000,1.0015088080e-03,2.4856417489e-01
320.150000,1.0003092246e-03,2.4470231675e-01
320.200000,1.0001791298e-03,2.5452153046e-01
320.250000,9.9756343295e-04,2.5268334469e-01
320.300000,1.0007927511e-03,2.4592863915e-01
320.350000,9.9995012539e-04,2.4637831759e-01
320.400000,9.9925844749e-04,2.5132189321e-01
320.450000,9.9961173830e-04,2.5207057748e-01
320.500000,9.9985460226e-04,2.5305357020e-01
320.550000,1.0001672887e-03,2.4582375082e-01
320.600000,9.9948751493e-04,2.3809303320e-01
320.650000,1.0007478125e-03,2.4625040459e-01
320.700000,9.9835364929e-04,2.5129627800e-01
320.750000,1.0005935530e-03,2.4063068099e-01
320.800000,9.9952496877e-04,2.3821542541e-01
320.850000,9.9960329162e-04,2.3888176252e-01
320.900000,1.0004230866e-03,2.5018049429e-01
320.950000,9.9981774097e-04,2.4053952183e-01
321.000000,9.9737237378e-04,2.4096190171e-01
321.050000,9.9981189145e-04,2.4688629819e-01
321.100000,1.0011831380e-03,2.4691865191e-01
321.150000,9.9955820377e-04,2.4784383730e-01
321.200000,1.0000511406e-03,2.5111653620e-01
321.250000,9.9936331505e-04,2.5004140525e-01
321.300000,9.9988159114e-04,2.4045132853e-01
321.350000,1.0001279311e-03,2.4546365461e-01
321.400000,9.9872639345e-04,2.3617680149e-01
321.450000,1.0003473074e-03,2.3450444469e-01
321.500000,9.9825176001e-04,2.4848266917e-01
321.550000,1.0016458513e-03,2.4421127816e-01
321.600000,9.9975735802e-04,2.4490557388e-01
321.650000,1.0006970168e-03,2.4269408897e-01
321.700000,9.9888336660e-04,2.4167896813e-01
321.750000,9.9939170066e-04,2.4537950544e-01
321.800000,1.0009383457e-03,2.3959833797e-01
321.850000,9.9900501856e-04,2.3625134280e-01
321.900000,1.0018326421e-03,2.5567606609e-01
321.950000,1.0010050997e-03,2.4837343540e-01
322.000000,9.9789978272e-04,2.3987977201e-01
322.050000,1.0007242911e-03,2.4386506538e-01
322.100000,1.0009950058e-03,2.4721309242e-01
322.150000,9.9965703103e-04,2.4408851414e-01
322.200000,1.0004278451e-03,2.4982577755e-01
322.250000,9.9868055202e-04,2.4676787279e-01
322.300000,9.9924541423e-04,2.3941200096e-01
322.350000,9.9975275594e-04,2.4936023642e-01
322.400000,1.0000525475e-03,2.4009737174e-01
322.450000,1.0009518748e-03,2.4907986485e-01
322.500000,1.0008412975e-03,2.4732101692e-01
322.550000,9.9978388771e-04,2.4563751198e-01
322.600000,1.0008255147e-03,2.4720854653e-01
322.650000,9.9861583874e-04,2.4434902170e-01
322.700000,1.0007205619e-03,2.3874359059e-01
322.750000,1.0018382667e-03,2.5312996275e-01
322.800000,1.0002209443e-03,2.4821828275e-01
322.850000,1.0007134819e-03,2.4628276541e-01
322.900000,9.9920164447e-04,2.4265564909e-01
322.950000,1.0026445638e-03,2.4336139931e-01
323.000000,1.0005847761e-03,2.4765877617e-01
323.050000,9.9733871826e-04,2.4474669272e-01
323.100000,1.0002005619e-03,2.4734002237e-01
323.150000,1.0014433627e-03,2.4871863669e-01
323.200000,9.9916793343e-04,2.5232792499e-01
323.250000,9.9954558833e-04,2.4649109424e-01
323.300000,9.9880153938e-04,2.4866205972e-01
323.350000,1.0006977134e-03,2.4240814023e-01
323.400000,1.0000941172e-03,2.3822397591e-01
323.450000,1.0003387412e-03,2.3633577702e-01
323.500000,9.9923178371e-04,2.4679219380e-01
323.550000,9.9891984820e-04,2.4426995133e-01
323.600000,1.0007879908e-03,2.4112338179e-01
323.650000,1.0004103764e-03,2.3622411275e-01
323.700000,1.0015422516e-03,2.5476643152e-01
323.750000,1.0000908572e-03,2.5039834262e-01
323.800000,9.9879534750e-04,2.4539917024e-01
323.850000,1.0001247017e-03,2.3863557350e-01
323.900000,9.9957802852e-04,2.4283720950e-01
323.950000,1.0004137925e-03,2.4679805218e-01
324.000000,1.0009013998e-03,2.4894661036e-01
324.050000,9.9893829132e-04,2.5257511822e-01
324.100000,1.0000519177e-03,2.4253174504e-01
324.150000,1.0018010220e-03,2.4533063953e-01
324.200000,9.9788422169e-04,2.4091409940e-01
324.250000,9.9977122413e-04,2.4560451281e-01
324.300000,1.0010630040e-03,2.5012552160e-01
324.350000,1.0003251884e-03,2.4352712816e-01
324.400000,9.9951794245e-04,2.4259413527e-01
324.450000,1.0013300955e-03,2.4641443781e-01
324.500000,1.0009587495e-03,2.3699744672e-01
324.550000,9.9807993351e-04,2.5094646092e-01
324.600000,9.9975032530e-04,2.4189405960e-01
324.650000,1.0002345788e-03,2.4815022904e-01
324.700000,1.0010456712e-03,2.4816707458e-01
324.750000,1.0007482307e-03,2.5006010730e-01
324.800000,1.0001260874e-03,2.4113709690e-01
324.850000,9.9956611493e-04,2.5115938873e-01
324.900000,9.9905320182e-04,2.4544960290e-01
324.950000,1.0016323168e-03,2.4679604185e-01
325.000000,1.0011959025e-03,2.4618485828e-01
325.050000,1.0001307069e-03,2.4375882129e-01
325.100000,1.0003037897e-03,2.4950146787e-01
325.150000,1.0010291296e-03,2.5153557301e-01
325.200000,9.9883261205e-04,2.4633807085e-01
325.250000,9.9964324551e-04,2.3701409797e-01
325.300000,9.9795681773e-04,2.4866866577e-01
325.350000,1.0012397904e-03,2.5313973305e-01
325.400000,1.0006930398e-03,2.4114638047e-01
325.450000,9.9966721040e-04,2.4984083155e-01
325.500000,1.0011016889e-03,2.5097682277e-01
325.550000,9.9971146499e-04,2.4884201678e-01
325.600000,9.9979058744e-04,2.4849396260e-01
325.650000,1.0019844416e-03,2.4608862057e-01
325.700000,9.9950789165e-04,2.5063275834e-01
325.750000,9.9937494144e-04,2.3471885316e-01
325.800000,1.0010240061e-03,2.4279329538e-01
325.850000,9.9932619673e-04,2.4252189848e-01
325.900000,1.0000139279e-03,2.3795198504e-01
325.950000,9.9826426220e-04,2.4216555430e-01
326.000000,1.0003674089e-03,2.3804394946e-01
326.050000,9.9940903855e-04,2.5606832677e-01
326.100000,9.9897609130e-04,2.4823472832e-01
326.150000,1.0000640055e-03,2.4185401459e-01
326.200000,9.9941639228e-04,2.5175464873e-01
326.250000,1.0009172348e-03,2.4613231781e-01
326.300000,9.9996091678e-04,2.4908653128e-01
326.350000,9.9945454573e-04,2.4641681320e-01
326.400000,1.0000088522e-03,2.3860928661e-01
326.450000,1.0004570091e-03,2.4739769901e-01
326.500000,1.0017303259e-03,2.3991502158e-01
326.550000,9.9943693012e-04,2.4132345545e-01
326.600000,1.0008855004e-03,2.5237965051e-01
326.650000,9.9957928319e-04,2.3896565081e-01
326.700000,9.9836922493e-04,2.4578492035e-01
326.750000,1.0004004490e-03,2.4503675917e-01
326.800000,1.0008294930e-03,2.3742184455e-01
326.850000,1.0018360339e-03,2.4889382337e-01
326.900000,1.0002269028e-03,2.4756550623e-01
326.950000,9.9884350338e-04,2.4853294727e-01
327.000000,9.9878047338e-04,2.5002457784e-01
327.050000,9.9856113662e-04,2.4183373849e-01
327.100000,1.0012940596e-03,2.5104439278e-01
327.150000,9.9893092587e-04,2.5339312288e-01
327.200000,1.0011891267e-03,2.4372755474e-01
327.250000,9.9893748366e-04,2.5539717845e-01
327.300000,1.0001535480e-03,2.3832545654e-01
327.350000,1.0004041382e-03,2.4725101491e-01
327.400000,9.9993664825e-04,2.4311540629e-01
327.450000,9.9899008619e-04,2.4448615359e-01
327.500000,9.9926041129e-04,2.3809502060e-01
327.550000,9.9982148071e-04,2.4772661575e-01
327.600000,1.0014576676e-03,2.5482640035e-01
327.650000,9.9879300683e-04,2.4750522951e-01
327.700000,1.0000680205e-03,2.3986832910e-01
327.750000,1.0001119759e-03,2.5380021327e-01
327.800000,9.9909204070e-04,2.4766473552e-01
327.850000,1.0007693205e-03,2.4583822926e-01
327.900000,9.9950941957e-04,2.4177439574e-01
327.950000,1.0010846930e-03,2.4410131463e-01
328.000000,9.9984814241e-04,2.3932522984e-01
328.050000,9.9886511524e-04,2.3699766295e-01
328.100000,9.9967569272e-04,2.4182858224e-01
328.150000,1.0010211885e-03,2.4443430414e-01
328.200000,9.9898637371e-04,2.4560809222e-01
328.250000,9.9952365065e-04,2.4032789714e-01
328.300000,9.9888373609e-04,2.4809977583e-01
328.350000,9.9986662244e-04,2.4496887982e-01
328.400000,9.9763093014e-04,2.4386463788e-01
328.450000,9.9954294725e-04,2.5487903051e-01
328.500000,1.0017406453e-03,2.5264193462e-01
328.550000,9.9857731293e-04,2.4760767657e-01
328.600000,1.0003924754e-03,2.3844024359e-01
328.650000,9.9991294789e-04,2.4876276676e-01
328.700000,9.9855704817e-04,2.4808958365e-01
328.750000,1.0017401775e-03,2.3148689140e-01
328.800000,9.9910974878e-04,2.4868433890e-01
328.850000,9.9981592353e-04,2.5301472661e-01
328.900000,9.9984192247e-04,2.4648927727e-01
328.950000,1.0009862422e-03,2.4671280318e-01
329.000000,1.0001546792e-03,2.4265098516e-01
329.050000,1.0003128428e-03,2.4628041608e-01
329.100000,9.9940753925e-04,2.3436493475e-01
329.150000,1.0006872848e-03,2.4473515745e-01
329.200000,1.0006673360e-03,2.3436436105e-01
329.250000,9.9841589754e-04,2.3788865769e-01
329.300000,1.0001750735e-03,2.4125387491e-01
329.350000,1.0001252142e-03,2.5372174927e-01
329.400000,1.0003924287e-03,2.4501950182e-01
329.450000,1.0000915317e-03,2.4878878809e-01
329.500000,9.9865731772e-04,2.5396855982e-01
329.550000,9.9946809850e-04,2.3940249753e-01
329.600000,9.9798845987e-04,2.4535721189e-01
329.650000,1.0002014567e-03,2.4318849264e-01
329.700000,9.9873449045e-04,2.5188826739e-01
329.750000,9.9800882331e-04,2.4640322303e-01
329.800000,1.0020415880e-03,2.4930294936e-01
329.850000,9.9989225338e-04,2.4827475991e-01
329.900000,9.9973913654e-04,2.3899506627e-01
329.950000,9.9962269570e-04,2.4870282949e-01
330.000000,9.9969367663e-04,2.5068347206e-01
330.050000,1.0010869680e-03,2.5182017821e-01
330.100000,9.9995344125e-04,2.4330984168e-01
330.150000,1.0004915810e-03,2.4322760660e-01
330.200000,9.9994844614e-04,2.5689590881e-01
330.250000,9.9838542861e-04,2.4205447351e-01
330.300000,1.0008922042e-03,2.4922151938e-01
330.350000,9.9932626988e-04,2.3685080668e-01
330.400000,1.0005641022e-03,2.3911814059e-01
330.450000,9.9859041172e-04,2.4028625718e-01
330.500000,9.9814291765e-04,2.4642403117e-01
330.550000,9.9962217716e-04,2.5343604252e-01
330.600000,9.9949554996e-04,2.5628130989e-01
330.650000,9.9997083320e-04,2.5513056304e-01
330.700000,1.0005324350e-03,2.4536588871e-01
330.750000,9.9963835175e-04,2.5021725787e-01
330.800000,9.9917162623e-04,2.4012478349e-01
330.850000,1.0010181043e-03,2.4628115279e-01
330.900000,1.0005163261e-03,2.4196835175e-01
330.950000,9.9877211368e-04,2.5232872331e-01
331.000000,9.9927493306e-04,2.4317294928e-01
331.050000,9.9946338536e-04,2.4690508552e-01
331.100000,1.0013074862e-03,2.5122341950e-01
331.150000,1.0014794881e-03,2.4516130926e-01
331.200000,1.0000050384e-03,2.5363896190e-01
331.250000,9.9911404132e-04,2.4722453815e-01
331.300000,1.0001309226e-03,2.4655193197e-01
331.350000,9.9965736447e-04,2.4897225009e-01
331.400000,9.9845879991e-04,2.3965256021e-01
331.450000,1.0002600992e-03,2.3882399687e-01
331.500000,9.9884012022e-04,2.3724384665e-01
331.550000,1.0009887486e-03,2.4290341038e-01
331.600000,9.9889814133e-04,2.4477258082e-01
331.650000,9.9788364783e-04,2.4769692238e-01
331.700000,1.0003005570e-03,2.4303574131e-01
331.750000,9.9949656569e-04,2.4338502157e-01
331.800000,1.0003882624e-03,2.4270210902e-01
331.850000,1.0011849429e-03,2.4585141205e-01
331.900000,9.9999005633e-04,2.4559932810e-01
331.950000,9.9999080703e-04,2.4398182451e-01
332.000000,9.9971462295e-04,2.3882626173e-01
332.050000,9.9796053631e-04,2.4527753548e-01
332.100000,1.0008030926e-03,2.3814436567e-01
332.150000,1.0001028421e-03,2.4345403993e-01
332.200000,1.0004172186e-03,2.4659539044e-01
332.250000,1.0004204330e-03,2.4669915010e-01
332.300000,9.9966462267e-04,2.4536617632e-01
332.350000,1.0009942927e-03,2.5101215068e-01
332.400000,1.0005400916e-03,2.3758366057e-01
332.450000,9.9953673369e-04,2.4278856456e-01
332.500000,9.9898442130e-04,2.4021761700e-01
332.550000,9.9934392167e-04,2.4625115634e-01
332.600000,1.0012490998e-03,2.5179588374e-01
332.650000,1.0009292542e-03,2.4034088364e-01
332.700000,1.0000468639e-03,2.4825326453e-01
332.750000,9.9950406868e-04,2.4354391245e-01
332.800000,1.0003392012e-03,2.4351250778e-01
332.850000,9.9884376645e-04,2.4643945778e-01
332.900000,1.0019710954e-03,2.4713936417e-01
332.950000,1.0001070432e-03,2.4234788214e-01
333.000000,1.0009366297e-03,2.4012422637e-01
333.050000,9.9985543759e-04,2.4024124531e-01
333.100000,1.0006902783e-03,2.5588809446e-01
333.150000,1.0000275534e-03,2.4528438078e-01
333.200000,1.0006139439e-03,2.4360668169e-01
333.250000,9.9883526561e-04,2.4713108844e-01
333.300000,1.0012013131e-03,2.5394688763e-01
333.350000,1.0004053345e-03,2.4393667118e-01
333.400000,9.9942284788e-04,2.4796545256e-01
333.450000,9.9919471933e-04,2.4055119995e-01
333.500000,1.0004944507e-03,2.4504059619e-01
333.550000,1.0009356324e-03,2.4159113997e-01
333.600000,1.0015002721e-03,2.3323787200e-01
333.650000,9.9844915434e-04,2.4087427723e-01
333.700000,9.9866560650e-04,2.5857476903e-01
333.750000,1.0000735086e-03,2.4332307194e-01
333.800000,9.9959501003e-04,2.4991777775e-01
333.850000,9.9881568126e-04,2.4861724010e-01
333.900000,1.0004332491e-03,2.4754304405e-01
333.950000,9.9984971055e-04,2.4321166011e-01
334.000000,9.9840181501e-04,2.3992778538e-01
334.050000,1.0006042470e-03,2.3927330599e-01
334.100000,9.9899828937e-04,2.4094972288e-01
334.150000,9.9914145790e-04,2.4543801747e-01
334.200000,9.9910735556e-04,2.4444329573e-01
334.250000,9.9955609075e-04,2.4834714500e-01
334.300000,9.9976674774e-04,2.4586529525e-01
334.350000,1.0009434358e-03,2.3874826040e-01
334.400000,9.9942324856e-04,2.3290017210e-01
334.450000,9.9974812779e-04,2.4031610457e-01
334.500000,9.9887460676e-04,2.4715406957e-01
334.550000,9.9921841977e-04,2.5225080902e-01
334.600000,9.9917885503e-04,2.4820267710e-01
334.650000,9.9967928457e-04,2.5098772221e-01
334.700000,1.0016674711e-03,2.4790470573e-01
334.750000,1.0012759493e-03,2.3537637730e-01
334.800000,9.9896400679e-04,2.3918603759e-01
334.850000,1.0004408003e-03,2.4309054763e-01
334.900000,9.9955207395e-04,2.4411152246e-01
334.950000,1.0004617145e-03,2.4830174490e-01
335.000000,9.9982072504e-04,2.4609794452e-01
335.050000,1.0020658119e-03,2.4309501857e-01
335.100000,9.9948136234e-04,2.4914888381e-01
335.150000,1.0012112050e-03,2.5439157615e-01
335.200000,9.9989358516e-04,2.5120397396e-01
335.250000,9.9996574501e-04,2.3575033121e-01
335.300000,9.9815820167e-04,2.4358653252e-01
335.350000,1.0009006012e-03,2.4384311667e-01
335.400000,1.0002609839e-03,2.4575051383e-01
335.450000,1.0000557124e-03,2.4532107754e-01
335.500000,9.9957650400e-04,2.4872142087e-01
335.550000,1.0000795075e-03,2.4612652730e-01
335.600000,1.0002468743e-03,2.4557282299e-01
335.650000,1.0010609404e-03,2.4682496143e-01
335.700000,9.9987225439e-04,2.3738741291e-01
335.750000,9.9974669147e-04,2.4268946730e-01
335.800000,9.9936044525e-04,2.4700051443e-01
335.850000,1.0009173798e-03,2.3830577585e-01
335.900000,9.9991131194e-04,2.4837434349e-01
335.950000,9.9993319550e-04,2.3981817792e-01
336.000000,9.9781332239e-04,2.4308679712e-01
336.050000,9.9903134327e-04,2.4900420277e-01
336.100000,9.9997912807e-04,2.4757481717e-01
336.150000,9.9964556147e-04,2.4639786107e-01
336.200000,9.9945362824e-04,2.4146441203e-01
336.250000,9.9888884456e-04,2.4589865591e-01
336.300000,1.0002527120e-03,2.4340871821e-01
336.350000,1.0004031548e-03,2.4645036983e-01
336.400000,9.9935590937e-04,2.4098711290e-01
336.450000,9.9926500668e-04,2.4548107955e-01
336.500000,1.0010904585e-03,2.4282634607e-01
336.550000,9.9835593865e-04,2.4499917460e-01
336.600000,1.0017428769e-03,2.5544316109e-01
336.650000,9.9989832150e-04,2.4121870438e-01
336.700000,9.9842750964e-04,2.4882698422e-01
336.750000,1.0004642142e-03,2.4744980693e-01
336.800000,1.0004882591e-03,2.4294133860e-01
336.850000,9.9960705268e-04,2.4494795581e-01
336.900000,1.0000840773e-03,2.4358045950e-01
336.950000,9.9930500517e-04,2.4316115960e-01
337.000000,1.0012785923e-03,2.4973572682e-01
337.050000,1.0002932846e-03,2.5038318217e-01
337.100000,9.9758754452e-04,2.4832041834e-01
337.150000,9.9968416941e-04,2.5335566926e-01
337.200000,1.0010443860e-03,2.4751529206e-01
337.250000,9.9881834376e-04,2.3973694747e-01
337.300000,1.0002796732e-03,2.4423804363e-01
337.350000,9.9861603207e-04,2.4163599094e-01
337.400000,9.9920546544e-04,2.4225129857e-01
337.450000,1.0009867606e-03,2.4100427377e-01
337.500000,9.9937685175e-04,2.4651414477e-01
337.550000,1.0003176240e-03,2.4499333432e-01
337.600000,9.9875531635e-04,2.4313656965e-01
337.650000,1.0017257560e-03,2.4594201382e-01
337.700000,1.0032817675e-03,2.4452076823e-01
337.750000,1.0008651549e-03,2.5193588649e-01
337.800000,9.9962600820e-04,2.3792773207e-01
337.850000,9.9848802706e-04,2.4833664547e-01
337.900000,9.9867681133e-04,2.4347279985e-01
337.950000,9.9882659627e-04,2.5142442702e-01
338.000000,1.0000106249e-03,2.4139586967e-01
338.050000,1.0008540226e-03,2.5013962277e-01
338.100000,1.0001879456e-03,2.4555875330e-01
338.150000,1.0000279773e-03,2.4450888256e-01
338.200000,1.0000641076e-03,2.4499423796e-01
338.250000,9.9936067650e-04,2.4441016722e-01
338.300000,1.0001084906e-03,2.4348135517e-01
338.350000,1.0017547661e-03,2.4619217898e-01
338.400000,1.0011398521e-03,2.4307387038e-01
338.450000,9.9999397992e-04,2.5219734789e-01
338.500000,9.9984641083e-04,2.4568537193e-01
338.550000,9.9880138903e-04,2.3711087096e-01
338.600000,9.9912620786e-04,2.4052915317e-01
338.650000,1.0009848119e-03,2.4030794616e-01
338.700000,9.9882718146e-04,2.4740868629e-01
338.750000,9.9753611481e-04,2.4568261689e-01
338.800000,9.9943932876e-04,2.3976080053e-01
338.850000,9.9982175521e-04,2.3997264811e-01
338.900000,9.9932527460e-04,2.4473258386e-01
338.950000,1.0018509486e-03,2.4186206013e-01
339.000000,1.0000610771e-03,2.5098113552e-01
339.050000,1.0002531439e-03,2.4441919939e-01
339.100000,1.0006387530e-03,2.4466289031e-01
339.150000,9.9946646341e-04,2.3812498242e-01
339.200000,9.9998437627e-04,2.4136285589e-01
339.250000,1.0013354610e-03,2.4784302707e-01
339.300000,9.9825195817e-04,2.4596621985e-01
339.350000,9.9930698185e-04,2.4086597493e-01
339.400000,1.0002992655e-03,2.4552255618e-01
339.450000,9.9833523432e-04,2.4479029283e-01
339.500000,9.9984611495e-04,2.4565652136e-01
339.550000,9.9831471840e-04,2.5109274575e-01
339.600000,1.0000772115e-03,2.5772569035e-01
339.650000,1.0006056990e-03,2.4114200331e-01
339.700000,1.0017408691e-03,2.4298679747e-01
339.750000,1.0012451479e-03,2.4844391330e-01
339.800000,9.9895133800e-04,2.4672993444e-01
339.850000,1.0005884568e-03,2.3844660995e-01
339.900000,9.9855773561e-04,2.4027773879e-01
339.950000,1.0008817579e-03,2.4251333022e-01
340.000000,1.0001240910e-03,2.5646366663e-01
340.050000,1.0014716829e-03,2.4419444420e-01
340.100000,9.9888564917e-04,2.4600762360e-01
340.150000,1.0009366341e-03,2.4024277344e-01
340.200000,9.9906505084e-04,2.4765223276e-01
340.250000,1.0013108121e-03,2.4328182351e-01
340.300000,1.0011477831e-03,2.4801150839e-01
340.350000,1.0016744796e-03,2.4593144185e-01
340.400000,9.9985244093e-04,2.4087184811e-01
340.450000,9.9802778390e-04,2.4335202742e-01
340.500000,9.9828279814e-04,2.4669526708e-01
340.550000,1.0007066306e-03,2.5259227880e-01
340.600000,1.0011134563e-03,2.5041869813e-01
340.650000,9.9984029336e-04,2.4023004869e-01
340.700000,1.0011305627e-03,2.4300697661e-01
340.750000,1.0003387327e-03,2.4221208925e-01
340.800000,9.9955147291e-04,2.4503241199e-01
340.850000,1.0007560793e-03,2.4997509643e-01
340.900000,9.9877769456e-04,2.4435235568e-01
340.950000,1.0007969900e-03,2.4756655939e-01
341.000000,9.9850507940e-04,2.4194856804e-01
341.050000,9.9885762431e-04,2.4593655870e-01
341.100000,9.9874055001e-04,2.4973866123e-01
341.150000,1.0015568445e-03,2.4497530417e-01
341.200000,1.0016853374e-03,2.5212506706e-01
341.250000,1.0007773063e-03,2.3847608562e-01
341.300000,9.9732254599e-04,2.4601045885e-01
341.350000,9.9892927982e-04,2.5426094000e-01
341.400000,9.9901625220e-04,2.4661483724e-01
341.450000,1.0004424743e-03,2.3864804222e-01
341.500000,1.0004585938e-03,2.5162204212e-01
341.550000,9.9992980337e-04,2.4833893869e-01
341.600000,1.0005131276e-03,2.4700478165e-01
341.650000,9.9946482531e-04,2.3811843388e-01
341.700000,1.0003444207e-03,2.4101070225e-01
341.750000,1.0004633721e-03,2.4115946995e-01
341.800000,9.9902477299e-04,2.5094413830e-01
341.850000,9.9810989295e-04,2.4560872997e-01
341.900000,9.9949062063e-04,2.4297996346e-01
341.950000,1.0015283233e-03,2.4330581033e-01
342.000000,9.9947981005e-04,2.4712440023e-01
342.050000,1.0003986929e-03,2.4152655772e-01
342.100000,1.0001548866e-03,2.4125185115e-01
342.150000,1.0008423853e-03,2.5148088157e-01
342.200000,9.9930269509e-04,2.6193311521e-01
342.250000,1.0015798016e-03,2.4601071046e-01
342.300000,1.0001476018e-03,2.4861132243e-01
342.350000,9.9890965377e-04,2.4382757979e-01
342.400000,9.9985774341e-04,2.5016799379e-01
342.450000,1.0001709119e-03,2.4261645536e-01
342.500000,9.9982574524e-04,2.4593458481e-01
342.550000,9.9780224159e-04,2.4669813123e-01
342.600000,9.9970407324e-04,2.3903584044e-01
342.650000,1.0000434042e-03,2.4427320081e-01
342.700000,1.0010327724e-03,2.4682912431e-01
342.750000,9.9921763341e-04,2.4252859477e-01
342.800000,1.0013723600e-03,2.4035136776e-01
342.850000,9.9901193417e-04,2.4782827838e-01
342.900000,9.9937778724e-04,2.5701080650e-01
342.950000,1.0019847334e-03,2.4107045795e-01
343.000000,9.9949085219e-04,2.5010857084e-01
343.050000,9.9989655195e-04,2.4613738909e-01
343.100000,9.9925073325e-04,2.3869658524e-01
343.150000,9.9959143070e-04,2.5291090373e-01
343.200000,1.0007320630e-03,2.4628530213e-01
343.250000,9.9786169240e-04,2.3959628709e-01
343.300000,9.9991415276e-04,2.4381427483e-01
343.350000,1.0002163269e-03,2.4919140360e-01
343.400000,9.9976152541e-04,2.4319560086e-01
343.450000,1.0010846661e-03,2.4388457837e-01
343.500000,1.0006890267e-03,2.4337812938e-01
343.550000,9.9960247670e-04,2.4328376349e-01
343.600000,9.9995280865e-04,2.4316407372e-01
343.650000,1.0004434274e-03,2.4328787657e-01
343.700000,1.0017283830e-03,2.4510067840e-01
343.750000,9.9880317951e-04,2.4863552010e-01
343.800000,1.0017581897e-03,2.4004117971e-01
343.850000,9.9928373414e-04,2.3637647831e-01
343.900000,1.0012450580e-03,2.4319371966e-01
343.950000,9.9957752928e-04,2.5297707074e-01
344.000000,1.0002643374e-03,2.5025937329e-01
344.050000,1.0004743800e-03,2.4191994108e-01
344.100000,1.0000175083e-03,2.4268673669e-01
344.150000,1.0010765554e-03,2.4988193242e-01
344.200000,1.0007087502e-03,2.4246743049e-01
344.250000,1.0012658143e-03,2.4891655513e-01
344.300000,1.0001763986e-03,2.5039757633e-01
344.350000,9.9986161859e-04,2.4879163687e-01
344.400000,1.0000007919e-03,2.4881901289e-01
344.450000,1.0006616469e-03,2.4836441378e-01
344.500000,1.0013117657e-03,2.5080626535e-01
344.550000,9.9992953717e-04,2.4309824837e-01
344.600000,1.0012376188e-03,2.4385056443e-01
344.650000,1.0010285798e-03,2.4681303009e-01
344.700000,9.9779554059e-04,2.5315517385e-01
344.750000,9.9912355964e-04,2.3724453207e-01
344.800000,9.9929290609e-04,2.4605119617e-01
344.850000,1.0012688878e-03,2.4847040919e-01
344.900000,1.0002715496e-03,2.5145856361e-01
344.950000,1.0000830776e-03,2.5449994688e-01
345.000000,9.9836081247e-04,2.4924073008e-01
345.050000,9.9835235027e-04,2.4813162322e-01
345.100000,9.9918899138e-04,2.4677958068e-01
345.150000,1.0024331246e-03,2.5934255143e-01
345.200000,9.9877749198e-04,2.4718438305e-01
345.250000,9.9909723251e-04,2.4513147228e-01
345.300000,1.0007259012e-03,2.4304685602e-01
345.350000,1.0016022426e-03,2.3774766590e-01
345.400000,9.9772858161e-04,2.4651519900e-01
345.450000,9.9968196378e-04,2.4754213228e-01
345.500000,9.9963474006e-04,2.3304529270e-01
345.550000,1.0014992419e-03,2.4455116317e-01
345.600000,1.0015040424e-03,2.4715353059e-01
345.650000,9.9892145134e-04,2.4595026902e-01
345.700000,9.9904438119e-04,2.4666480802e-01
345.750000,9.9876417616e-04,2.4158897535e-01
345.800000,9.9978825533e-04,2.4954488965e-01
345.850000,1.0002686163e-03,2.4674493733e-01
345.900000,9.9915303276e-04,2.5347629357e-01
345.950000,1.0004471849e-03,2.4363905136e-01
346.000000,1.0001540509e-03,2.5148303709e-01
346.050000,9.9907316607e-04,2.4226312951e-01
346.100000,9.9958624204e-04,2.3973160220e-01
346.150000,1.0000172899e-03,2.4377546363e-01
346.200000,1.0003666562e-03,2.4240430479e-01
346.250000,9.9942720254e-04,2.4319357073e-01
346.300000,9.9995931123e-04,2.3809896942e-01
346.350000,1.0001411144e-03,2.4715691982e-01
346.400000,9.9834465453e-04,2.4681438407e-01
346.450000,1.0007955332e-03,2.4656087212e-01
346.500000,9.9879182331e-04,2.4189617208e-01
346.550000,1.0001594544e-03,2.4675427791e-01
346.600000,9.9996747659e-04,2.4759537319e-01
346.650000,9.9964972874e-04,2.4324005438e-01
346.700000,9.9948370680e-04,2.4575288728e-01
346.750000,9.9869089366e-04,2.3898526233e-01
346.800000,1.0006843821e-03,2.4449387504e-01
346.850000,9.9977733048e-04,2.3393946186e-01
346.900000,1.0000867195e-03,2.3632826953e-01
346.950000,1.0003732229e-03,2.4235870514e-01
347.000000,9.9954282681e-04,2.4882893969e-01
347.050000,1.0004196573e-03,2.4238891089e-01
347.100000,1.0002357585e-03,2.4429393321e-01
347.150000,1.0014699928e-03,2.5235414385e-01
347.200000,1.0024292867e-03,2.3743619747e-01
347.250000,1.0010315610e-03,2.4947959779e-01
347.300000,1.0019595377e-03,2.4371880958e-01
347.350000,1.0008427813e-03,2.4361532992e-01
347.400000,1.0007084228e-03,2.4478198899e-01
347.450000,1.0009297076e-03,2.4027177525e-01
347.500000,9.9701012497e-04,2.3940963132e-01
347.550000,9.9893455669e-04,2.5323994645e-01
347.600000,9.9855143302e-04,2.4046363515e-01
347.650000,9.9860705837e-04,2.3914862747e-01
347.700000,9.9904992095e-04,2.5037852536e-01
347.750000,9.9871386155e-04,2.4725415314e-01
347.800000,9.9916880212e-04,2.4431095687e-01
347.850000,1.0012560680e-03,2.4466987903e-01
347.900000,9.9944494251e-04,2.4229527116e-01
347.950000,9.9824030096e-04,2.4970979989e-01
348.000000,9.9947021137e-04,2.4566822948e-01
348.050000,1.0005035725e-03,2.4810733674e-01
348.100000,1.0001910490e-03,2.4330417150e-01
348.150000,1.0013636407e-03,2.4604741065e-01
348.200000,9.9954472875e-04,2.5462090253e-01
348.250000,1.0004664392e-03,2.3874069129e-01
348.300000,1.0004598384e-03,2.4525946141e-01
348.350000,1.0018843582e-03,2.4514709532e-01
348.400000,1.0009394832e-03,2.3996166390e-01
348.450000,1.0004951736e-03,2.3979985318e-01
348.500000,9.9990945460e-04,2.4198563741e-01
348.550000,9.9981170173e-04,2.4645682394e-01
348.600000,1.0002697786e-03,2.4571900510e-01
348.650000,9.9874408540e-04,2.4292577691e-01
348.700000,1.0006072306e-03,2.4178826860e-01
348.750000,9.9976571609e-04,2.4714136049e-01
348.800000,9.9960438170e-04,2.4216692374e-01
348.850000,1.0001641654e-03,2.4909662120e-01
348.900000,1.0012308601e-03,2.3614947375e-01
348.950000,1.0004887083e-03,2.4429029759e-01
349.000000,1.0012959364e-03,2.3774301537e-01
349.050000,1.0002938225e-03,2.4712016920e-01
349.100000,1.0021211864e-03,2.4604598442e-01
349.150000,9.9973058787e-04,2.5199777843e-01
349.200000,1.0013850524e-03,2.4086457125e-01
349.250000,1.0007351425e-03,2.5505404720e-01
349.300000,9.9971807215e-04,2.4310102025e-01
349.350000,1.0000849187e-03,2.4284481409e-01
349.400000,9.9862210645e-04,2.4202255209e-01
349.450000,9.9938856935e-04,2.4268925429e-01
349.500000,1.0004681330e-03,2.5360828893e-01
349.550000,1.0005595317e-03,2.4672624183e-01
349.600000,1.0011169036e-03,2.5160509957e-01
349.650000,9.9906629598e-04,2.4725758243e-01
349.700000,9.9969397150e-04,2.4579749510e-01
349.750000,9.9944125676e-04,2.4649692718e-01
349.800000,1.0004344074e-03,2.4414970069e-01
349.850000,1.0017902345e-03,2.5393322127e-01
349.900000,1.0010996600e-03,2.4287786815e-01
349.950000,9.9941717449e-04,2.4728042628e-01
350.000000,9.9749610795e-04,2.4808566298e-01
350.050000,9.9928376937e-04,2.4913903252e-01
350.100000,9.9992606709e-04,2.5072341921e-01
350.150000,9.9869697982e-04,2.5002186499e-01
350.200000,9.9800998025e-04,2.4750195126e-01
350.250000,9.9947567849e-04,2.4320182881e-01
350.300000,1.0002673207e-03,2.4964707231e-01
350.350000,1.0008773606e-03,2.4962527211e-01
350.400000,1.0003017469e-03,2.4705781705e-01
350.450000,1.0009278743e-03,2.5019784026e-01
350.500000,9.9970886566e-04,2.5140335355e-01
350.550000,9.9923231791e-04,2.3623757830e-01
350.600000,9.9834515968e-04,2.5174393730e-01
350.650000,9.9915046402e-04,2.5330522495e-01
350.700000,1.0006124060e-03,2.4504532604e-01
350.750000,1.0008291637e-03,2.4261360375e-01
350.800000,9.9803019329e-04,2.4745927153e-01
350.850000,9.9900971421e-04,2.4497975871e-01
350.900000,1.0005099104e-03,2.3362293212e-01
350.950000,1.0007036609e-03,2.3894910564e-01
351.000000,9.9962076394e-04,2.4381691834e-01
351.050000,9.9948568986e-04,2.4092569206e-01
351.100000,1.0003709548e-03,2.5130304251e-01
351.150000,9.9936108004e-04,2.3838545019e-01
351.200000,1.0016157020e-03,2.4162669868e-01
351.250000,1.0000331146e-03,2.4988231564e-01
351.300000,1.0006262328e-03,2.5293692343e-01
351.350000,1.0010334745e-03,2.4463367569e-01
351.400000,1.0002060203e-03,2.4271906684e-01
351.450000,1.0008039005e-03,2.5028378009e-01
351.500000,9.9839897895e-04,2.4294984493e-01
351.550000,1.0001019506e-03,2.4283885189e-01
351.600000,9.9883461753e-04,2.4163886851e-01
351.650000,9.9912773477e-04,2.4065471370e-01
351.700000,1.0003288534e-03,2.4808580911e-01
351.750000,9.9965940638e-04,2.4922774661e-01
351.800000,1.0007012478e-03,2.4066780123e-01
351.850000,9.9941047025e-04,2.4248663133e-01
351.900000,1.0022410392e-03,2.5578836928e-01
351.950000,9.9782597437e-04,2.4998959511e-01
352.000000,1.0016985985e-03,2.3841680721e-01
352.050000,1.0002054460e-03,2.5410639605e-01
352.100000,9.9914138840e-04,2.4889846948e-01
352.150000,9.9805126526e-04,2.4648759442e-01
352.200000,9.9902623924e-04,2.4227168631e-01
352.250000,9.9865765281e-04,2.3617748557e-01
352.300000,9.9896528489e-04,2.4815001789e-01
352.350000,1.0005844755e-03,2.3806782566e-01
352.400000,9.9981516140e-04,2.4240350450e-01
352.450000,9.9954960733e-04,2.5569686917e-01
352.500000,9.9928313839e-04,2.4586906990e-01
352.550000,9.9904233390e-04,2.5011913809e-01
352.600000,1.0001552235e-03,2.4734990818e-01
352.650000,1.0006083110e-03,2.4031539662e-01
352.700000,9.9975815970e-04,2.4267787546e-01
352.750000,1.0004313584e-03,2.4527864747e-01
352.800000,9.9939644473e-04,2.4751367596e-01
352.850000,9.9981824167e-04,2.4442384882e-01
352.900000,1.0007732901e-03,2.4302267451e-01
352.950000,9.9956358678e-04,2.4033482004e-01
353.000000,9.9968422673e-04,2.3991969073e-01
353.050000,9.9952924917e-04,2.4587658380e-01
353.100000,1.0010220888e-03,2.4530761045e-01
353.150000,9.9968524158e-04,2.4040599096e-01
353.200000,9.9980121363e-04,2.4889673253e-01
353.250000,9.9989976342e-04,2.4131561031e-01
353.300000,1.0006506937e-03,2.4508254758e-01
353.350000,1.0002114334e-03,2.4458041817e-01
353.400000,9.9976406371e-04,2.4410125415e-01
353.450000,1.0008532607e-03,2.4850930290e-01
353.500000,1.0000307012e-03,2.4728144535e-01
353.550000,9.9907953577e-04,2.3856390791e-01
353.600000,1.0003078516e-03,2.5339720972e-01
353.650000,1.0003185702e-03,2.4406483423e-01
353.700000,1.0008085025e-03,2.4500629861e-01
353.750000,9.9980920054e-04,2.4404495220e-01
353.800000,1.0005356896e-03,2.4463589854e-01
353.850000,1.0007503575e-03,2.4105351079e-01
353.900000,1.0002953742e-03,2.4591288950e-01
353.950000,1.0014005721e-03,2.4373656477e-01
354.000000,9.9920761457e-04,2.4694444771e-01
354.050000,9.9931542116e-04,2.4544671212e-01
354.100000,9.9788703825e-04,2.4113326176e-01
354.150000,9.9784797294e-04,2.5173986667e-01
354.200000,1.0006161562e-03,2.4051723526e-01
354.250000,1.0007333708e-03,2.3539737183e-01
354.300000,1.0007984602e-03,2.5472081931e-01
354.350000,9.9781971903e-04,2.5080037350e-01
354.400000,1.0006575900e-03,2.4411098113e-01
354.450000,1.0004263637e-03,2.4500279528e-01
354.500000,1.0007424736e-03,2.3616689930e-01
354.550000,9.9931415025e-04,2.3629555703e-01
354.600000,9.9998587421e-04,2.4500879884e-01
354.650000,1.0010216371e-03,2.4484209221e-01
354.700000,1.0003792297e-03,2.4787532471e-01
354.750000,9.9889839467e-04,2.4478003207e-01
354.800000,9.9852590345e-04,2.4486191586e-01
354.850000,1.0005121976e-03,2.3403807124e-01
354.900000,1.0016900501e-03,2.4296192690e-01
354.950000,1.0016809409e-03,2.4796415326e-01
355.000000,9.9909753942e-04,2.3927230175e-01
355.050000,1.0015040460e-03,2.5009254045e-01
355.100000,9.9979922180e-04,2.4809980169e-01
355.150000,1.0004139659e-03,2.4476758880e-01
355.200000,1.0002669052e-03,2.4890024114e-01
355.250000,9.9917979679e-04,2.5611085583e-01
355.300000,9.9976550663e-04,2.4109384697e-01
355.350000,9.9942010976e-04,2.4346373855e-01
355.400000,1.0000551034e-03,2.5249924792e-01
355.450000,9.9933751900e-04,2.5218708764e-01
355.500000,1.0003453343e-03,2.4734508479e-01
355.550000,1.0007789966e-03,2.4201778596e-01
355.600000,9.9728165326e-04,2.4566757673e-01
355.650000,9.9950207419e-04,2.4841522029e-01
355.700000,1.0014708187e-03,2.4881391632e-01
355.750000,1.0004784179e-03,2.4149960644e-01
355.800000,1.0009013915e-03,2.4778931362e-01
355.850000,9.9996548939e-04,2.4901810250e-01
355.900000,9.9972276493e-04,2.4229616477e-01
355.950000,9.9907462641e-04,2.5191397635e-01
356.000000,1.0006648355e-03,2.4111166716e-01
356.050000,9.9950142124e-04,2.4574736198e-01
356.100000,9.9908548010e-04,2.4031572125e-01
356.150000,1.0013402322e-03,2.3585628596e-01
356.200000,1.0019283361e-03,2.3619667538e-01
356.250000,1.0007254323e-03,2.4281115351e-01
356.300000,9.9982932418e-04,2.4022646567e-01
356.350000,9.9975674397e-04,2.5379454406e-01
356.400000,1.0007765720e-03,2.4380768165e-01
356.450000,1.0013497483e-03,2.3910652083e-01
356.500000,9.9938377548e-04,2.4087340838e-01
356.550000,9.9918765932e-04,2.4211855761e-01
356.600000,1.0010719938e-03,2.5173028447e-01
356.650000,9.9968666661e-04,2.3883564475e-01
356.700000,9.9987589817e-04,2.3982310992e-01
356.750000,9.9954620582e-04,2.5396855273e-01
356.800000,1.0002081158e-03,2.4380091772e-01
356.850000,9.9979880438e-04,2.4795951986e-01
356.900000,9.9987245063e-04,2.4223304729e-01
356.950000,9.9822304248e-04,2.4159585243e-01
357.000000,1.0023174075e-03,2.4525556788e-01
357.050000,9.9961295483e-04,2.3831924016e-01
357.100000,1.0000834999e-03,2.4797396783e-01
357.150000,9.9994306776e-04,2.4928099047e-01
357.200000,1.0003523865e-03,2.5093484398e-01
357.250000,9.9885679254e-04,2.4670300665e-01
357.300000,1.0012973463e-03,2.5444594015e-01
357.350000,9.9972631192e-04,2.4300868027e-01
357.400000,9.9888364431e-04,2.4099302427e-01
357.450000,9.9994756149e-04,2.4828498488e-01
357.500000,1.0001315718e-03,2.5169861964e-01
357.550000,9.9732616735e-04,2.5151595970e-01
357.600000,1.0003956576e-03,2.4178701355e-01
357.650000,9.9826262677e-04,2.3634054891e-01
357.700000,9.9910376032e-04,2.4912753525e-01
357.750000,1.0006695472e-03,2.4616108294e-01
357.800000,1.0015168646e-03,2.3797763756e-01
357.850000,1.0010567910e-03,2.5153558339e-01
357.900000,1.0003428981e-03,2.3863644975e-01
357.950000,9.9954209537e-04,2.5103473056e-01
358.000000,1.0008352170e-03,2.4981638048e-01
358.050000,9.9972967360e-04,2.4870704278e-01
358.100000,9.9931373316e-04,2.4001670162e-01
358.150000,9.9950037000e-04,2.4287086269e-01
358.200000,9.9831481999e-04,2.4995080298e-01
358.250000,9.9924504682e-04,2.4126924302e-01
358.300000,1.0002988670e-03,2.4431493147e-01
358.350000,9.9981684194e-04,2.4384486904e-01
358.400000,9.9758428483e-04,2.3390698354e-01
358.450000,9.9876989415e-04,2.5063303791e-01
358.500000,9.9856588319e-04,2.5029565356e-01
358.550000,1.0002995303e-03,2.4142631951e-01
358.600000,9.9961431286e-04,2.4448949314e-01
358.650000,9.9991891602e-04,2.4468451764e-01
358.700000,9.9929938121e-04,2.4552374115e-01
358.750000,1.0000892186e-03,2.4623339262e-01
358.800000,9.9975039750e-04,2.4078895427e-01
358.850000,9.9826494596e-04,2.4666624081e-01
358.900000,9.9998112675e-04,2.4314220443e-01
358.950000,1.0003928142e-03,2.3969940236e-01
359.000000,9.9970394366e-04,2.3765816418e-01
359.050000,1.0004788393e-03,2.4529208249e-01
359.100000,9.9999660846e-04,2.4272752393e-01
359.150000,9.9981529373e-04,2.4814194136e-01
359.200000,9.9957588258e-04,2.5087732761e-01
359.250000,1.0010151597e-03,2.3960134322e-01
359.300000,9.9938942403e-04,2.3474851489e-01
359.350000,9.9986099146e-04,2.4012924029e-01
359.400000,1.0007849121e-03,2.4315117680e-01
359.450000,9.9973472605e-04,2.4636516242e-01
359.500000,1.0000388208e-03,2.4216119314e-01
359.550000,9.9942518337e-04,2.4732907304e-01
359.600000,1.0000954817e-03,2.4436315301e-01
359.650000,1.0003207986e-03,2.4906576162e-01
359.700000,9.9924962832e-04,2.4087904810e-01
359.750000,1.0002383941e-03,2.4681934038e-01
359.800000,9.9920259206e-04,2.4507227132e-01
359.850000,1.0009736485e-03,2.5391870012e-01
359.900000,1.0008254695e-03,2.4973246237e-01
359.950000,1.0004017032e-03,2.4873475535e-01
360.000000,9.9999785279e-04,2.4227354776e-01
360.050000,1.0005345060e-03,2.4619388373e-01
360.100000,9.9932023433e-04,2.5133384849e-01
360.150000,1.0002498779e-03,2.4634474087e-01
360.200000,1.0003962282e-03,2.4187051447e-01
360.250000,1.0006003270e-03,2.4014574998e-01
360.300000,1.0010386080e-03,2.5230828065e-01
360.350000,1.0001771768e-03,2.3972535565e-01
360.400000,1.0007437162e-03,2.4769878421e-01
360.450000,1.0001931213e-03,2.4881777884e-01
360.500000,9.9986154309e-04,2.4952196342e-01
360.550000,1.0007015731e-03,2.5151645837e-01
360.600000,1.0000372567e-03,2.4463116106e-01
360.650000,1.0015364584e-03,2.4694587589e-01
360.700000,9.9943321682e-04,2.4705727648e-01
360.750000,1.0008139248e-03,2.5091847410e-01
360.800000,9.9949942012e-04,2.5116931724e-01
360.850000,1.0010091154e-03,2.4245659891e-01
360.900000,9.9960473512e-04,2.4528718538e-01
360.950000,9.9940866917e-04,2.3837904021e-01
361.000000,1.0012600302e-03,2.4235313542e-01
361.050000,9.9947022711e-04,2.4479687542e-01
361.100000,9.9911275312e-04,2.3894603676e-01
361.150000,9.9885971156e-04,2.3993284880e-01
361.200000,9.9988170461e-04,2.4970302145e-01
361.250000,1.0001707290e-03,2.4071712250e-01
361.300000,9.9845919097e-04,2.4831035821e-01
361.350000,1.0012934574e-03,2.4561004117e-01
361.400000,1.0003759943e-03,2.4850875911e-01
361.450000,9.9891860197e-04,2.4006291655e-01
361.500000,1.0012857402e-03,2.3918551895e-01
361.550000,1.0008955321e-03,2.4227378563e-01
361.600000,1.0009757018e-03,2.4765612257e-01
361.650000,1.0005254820e-03,2.4070429936e-01
361.700000,9.9880389992e-04,2.4941279368e-01
361.750000,9.9929618544e-04,2.3830448982e-01
361.800000,9.9989065490e-04,2.4175521620e-01
361.850000,1.0009627421e-03,2.3864054348e-01
361.900000,9.9822331716e-04,2.4142114946e-01
361.950000,1.0001375287e-03,2.4888113340e-01
362.000000,9.9867752019e-04,2.5161026748e-01
362.050000,1.0012414727e-03,2.4880194942e-01
362.100000,1.0004572627e-03,2.4624531275e-01
362.150000,1.0009485400e-03,2.3665513824e-01
362.200000,1.0006573844e-03,2.4222980487e-01
362.250000,1.0002761522e-03,2.4377597259e-01
362.300000,1.0010451029e-03,2.4746494354e-01
362.350000,9.9973205685e-04,2.5279590223e-01
362.400000,9.9929477424e-04,2.4889182957e-01
362.450000,1.0003804801e-03,2.5092473072e-01
362.500000,9.9962259033e-04,2.4776858500e-01
362.550000,1.0001600602e-03,2.4886514881e-01
362.600000,1.0010438473e-03,2.4242918600e-01
362.650000,9.9828601040e-04,2.3750279675e-01
362.700000,1.0003776516e-03,2.4216286745e-01
362.750000,1.0000023141e-03,2.3700124428e-01
362.800000,9.9890709546e-04,2.4753029860e-01
362.850000,1.0002954250e-03,2.4965593120e-01
362.900000,9.9793536666e-04,2.4300787334e-01
362.950000,9.9936042961e-04,2.4650222904e-01
363.000000,1.0008787186e-03,2.4419939404e-01
363.050000,1.0003449280e-03,2.4569316648e-01
363.100000,1.0017193198e-03,2.4409285022e-01
363.150000,9.9928933890e-04,2.4991669562e-01
363.200000,1.0008778031e-03,2.3911563573e-01
363.250000,1.0013801494e-03,2.3552469205e-01
363.300000,9.9866474701e-04,2.4226641579e-01
363.350000,9.9963621850e-04,2.3910075468e-01
363.400000,9.9995788933e-04,2.3224104264e-01
363.450000,1.0007220325e-03,2.4637016577e-01
363.500000,9.9999032184e-04,2.5623255982e-01
363.550000,1.0017173733e-03,2.4232453362e-01
363.600000,9.9817465629e-04,2.5602929235e-01
363.650000,9.9958782839e-04,2.4327370241e-01
363.700000,9.9906374405e-04,2.4297829727e-01
363.750000,1.0003345125e-03,2.4593412352e-01
363.800000,9.9876165988e-04,2.3762295341e-01
363.850000,9.9948443258e-04,2.4391325721e-01
363.900000,1.0007231786e-03,2.4383460563e-01
363.950000,9.9852641038e-04,2.4013686908e-01
364.000000,9.9975761634e-04,2.4680508606e-01
364.050000,1.0001878052e-03,2.3759190239e-01
364.100000,9.9969387430e-04,2.4523055352e-01
364.150000,1.0011728744e-03,2.4207853626e-01
364.200000,1.0019422643e-03,2.5126357218e-01
364.250000,1.0002641766e-03,2.4385394662e-01
364.300000,9.9855523989e-04,2.4218150540e-01
364.350000,1.0007556082e-03,2.4095141602e-01
364.400000,1.0000321898e-03,2.4713901429e-01
364.450000,9.9887885113e-04,2.5227657290e-01
364.500000,9.9952817505e-04,2.3651728523e-01
364.550000,9.9894526131e-04,2.4065504813e-01
364.600000,9.9996080384e-04,2.4273863591e-01
364.650000,1.0010503199e-03,2.4294420336e-01
364.700000,1.0008774350e-03,2.3944118519e-01
364.750000,9.9965157434e-04,2.4437542005e-01
364.800000,9.9999212774e-04,2.4241400983e-01
364.850000,9.9887120225e-04,2.4371782788e-01
364.900000,9.9997181313e-04,2.4692095589e-01
364.950000,9.9902225707e-04,2.5180715828e-01
365.000000,1.0020706827e-03,2.5343290423e-01
365.050000,9.9837814752e-04,2.4145938704e-01
365.100000,1.0005190787e-03,2.4236077886e-01
365.150000,9.9962258066e-04,2.3972053620e-01
365.200000,1.0005103377e-03,2.4926916490e-01
365.250000,9.9958347229e-04,2.3495096011e-01
365.300000,1.0009850005e-03,2.4167693489e-01
365.350000,1.0005173462e-03,2.4773748972e-01
365.400000,1.0005015899e-03,2.4099516424e-01
365.450000,9.9915298269e-04,2.4373887942e-01
365.500000,1.0001773941e-03,2.3257109102e-01
365.550000,1.0002161284e-03,2.4697370062e-01
365.600000,1.0014157242e-03,2.4359744266e-01
365.650000,9.9869239128e-04,2.3959558651e-01
365.700000,1.0001894203e-03,2.5379841545e-01
365.750000,9.9908157170e-04,2.4116977298e-01
365.800000,9.9848452386e-04,2.4103138565e-01
365.850000,1.0007427557e-03,2.4079813154e-01
365.900000,9.9868349052e-04,2.4309677559e-01
365.950000,9.9977759287e-04,2.4606923878e-01
366.000000,1.0010090787e-03,2.4907789086e-01
366.050000,9.9922329447e-04,2.4707893871e-01
366.100000,1.0007114403e-03,2.4625517564e-01
366.150000,9.9939277706e-04,2.4836409219e-01
366.200000,9.9867242177e-04,2.4152011945e-01
366.250000,9.9935662470e-04,2.4626065672e-01
366.300000,1.0001773160e-03,2.4047475448e-01
366.350000,9.9998213630e-04,2.4733947202e-01
366.400000,1.0011288443e-03,2.5059517028e-01
366.450000,1.0014903711e-03,2.4581008226e-01
366.500000,9.9996600279e-04,2.4728640001e-01
366.550000,9.9976328794e-04,2.5201897873e-01
366.600000,9.9890337430e-04,2.4735831455e-01
366.650000,9.9955413915e-04,2.5574328681e-01
366.700000,1.0009561874e-03,2.3810672591e-01
366.750000,9.9825299785e-04,2.4969707536e-01
366.800000,1.0003430952e-03,2.4208031421e-01
366.850000,1.0007332972e-03,2.4162976669e-01
366.900000,9.9918994464e-04,2.5032343662e-01
366.950000,9.9917157922e-04,2.4264921395e-01
367.000000,1.0015158650e-03,2.5230978903e-01
367.050000,9.9895364158e-04,2.4376249609e-01
367.100000,1.0001025789e-03,2.4541342049e-01
367.150000,9.9956658251e-04,2.4267111002e-01
367.200000,1.0010053098e-03,2.4474299167e-01
367.250000,9.9862676255e-04,2.3717376681e-01
367.300000,9.9925271490e-04,2.4771847647e-01
367.350000,9.9998832502e-04,2.4001233942e-01
367.400000,9.9967735729e-04,2.5081621307e-01
367.450000,9.9918977790e-04,2.4252128198e-01
367.500000,1.0004463528e-03,2.4653265235e-01
367.550000,1.0009135281e-03,2.4813087422e-01
367.600000,1.0017521089e-03,2.4354043273e-01
367.650000,9.9986450601e-04,2.4585420099e-01
367.700000,9.9896431154e-04,2.5262717142e-01
367.750000,9.9840258517e-04,2.5051391093e-01
367.800000,9.9955475083e-04,2.5312565524e-01
367.850000,1.0003115150e-03,2.5024200195e-01
367.900000,1.0012671448e-03,2.5004924894e-01
367.950000,1.0003829263e-03,2.5173678639e-01
368.000000,1.0010249030e-03,2.5236943459e-01
368.050000,1.0001942845e-03,2.4591081609e-01
368.100000,9.9900274220e-04,2.4655498072e-01
368.150000,9.9931111885e-04,2.4343328945e-01
368.200000,1.0007777922e-03,2.4608755330e-01
368.250000,1.0006315027e-03,2.4946055060e-01
368.300000,9.9895246482e-04,2.4352140969e-01
368.350000,9.9876019571e-04,2.4252014577e-01
368.400000,1.0020696859e-03,2.5104632552e-01
368.450000,9.9904897476e-04,2.4725861327e-01
368.500000,9.9890609543e-04,2.3456531460e-01
368.550000,1.0003126326e-03,2.3662571779e-01
368.600000,1.0009107485e-03,2.4243265151e-01
368.650000,9.9902373922e-04,2.4572917190e-01
368.700000,9.9907215746e-04,2.4893461973e-01
368.750000,9.9964400344e-04,2.4590186757e-01
368.800000,9.9882858211e-04,2.4415517572e-01
368.850000,9.9927567267e-04,2.3820074709e-01
368.900000,9.9973628211e-04,2.4106870590e-01
368.950000,9.9839560899e-04,2.4482650746e-01
369.000000,9.9996443619e-04,2.4556552068e-01
369.050000,1.0005081020e-03,2.4677038445e-01
369.100000,1.0023473869e-03,2.4180186703e-01
369.150000,1.0016635660e-03,2.4309102177e-01
369.200000,1.0006376110e-03,2.5272806696e-01
369.250000,1.0005886281e-03,2.4685502301e-01
369.300000,9.9985041943e-04,2.4971492233e-01
369.350000,1.0003431822e-03,2.5174839674e-01
369.400000,9.9967668164e-04,2.4236960846e-01
369.450000,1.0008041739e-03,2.5051502371e-01
369.500000,9.9932048504e-04,2.4027355428e-01
369.550000,1.0012658675e-03,2.3792752619e-01
369.600000,9.9947998610e-04,2.4157027285e-01
369.650000,1.0003883463e-03,2.5522942149e-01
369.700000,1.0021944197e-03,2.5405362799e-01
369.750000,1.0011586821e-03,2.4819089193e-01
369.800000,1.0000529841e-03,2.3804068235e-01
369.850000,9.9930919838e-04,2.3924562083e-01
369.900000,1.0001885428e-03,2.4418968438e-01
369.950000,1.0018247943e-03,2.4413653987e-01
370.000000,9.9876988782e-04,2.4146084924e-01
370.050000,1.0002066716e-03,2.4689178689e-01
370.100000,1.0005855101e-03,2.4160226735e-01
370.150000,9.9968415415e-04,2.5327539340e-01
370.200000,9.9824494039e-04,2.3861944829e-01
370.250000,9.9884251049e-04,2.5285349204e-01
370.300000,9.9979833453e-04,2.4670459573e-01
370.350000,1.0006048453e-03,2.4551397590e-01
370.400000,1.0000491191e-03,2.4174483042e-01
370.450000,1.0005733045e-03,2.4253872533e-01
370.500000,9.9865174099e-04,2.4664430645e-01
370.550000,1.0012155753e-03,2.4320783849e-01
370.600000,9.9876963544e-04,2.3972641347e-01
370.650000,1.0002692783e-03,2.5495559049e-01
370.700000,1.0008640204e-03,2.4617836654e-01
370.750000,9.9868774582e-04,2.4267043218e-01
370.800000,9.9952181595e-04,2.4600559791e-01
370.850000,1.0006600387e-03,2.4494004220e-01
370.900000,9.9922123784e-04,2.4141450625e-01
370.950000,9.9947340316e-04,2.5087488052e-01
371.000000,9.9911294645e-04,2.4248580116e-01
371.050000,1.0008774555e-03,2.5424967258e-01
371.100000,1.0000798079e-03,2.4537662121e-01
371.150000,1.0001432462e-03,2.4087079861e-01
371.200000,9.9971167548e-04,2.4908908696e-01
371.250000,1.0016800289e-03,2.4944861875e-01
371.300000,9.9963307880e-04,2.5339743349e-01
371.350000,9.9965684593e-04,2.4716521905e-01
371.400000,1.0002476574e-03,2.4916848234e-01
371.450000,9.9971836191e-04,2.4815755817e-01
371.500000,1.0002828806e-03,2.5084432711e-01
371.550000,9.9979136424e-04,2.4297068176e-01
371.600000,9.9991168135e-04,2.4883355369e-01
371.650000,1.0024922288e-03,2.4949839894e-01
371.700000,9.9950438883e-04,2.4711259590e-01
371.750000,1.0000067764e-03,2.4926935333e-01
371.800000,1.0016479217e-03,2.3932697336e-01
371.850000,1.0004909927e-03,2.4594013769e-01
371.900000,9.9990775754e-04,2.4232095525e-01
371.950000,1.0023150568e-03,2.4771677548e-01
372.000000,9.9979967294e-04,2.4347852160e-01
372.050000,1.0001075336e-03,2.4527761783e-01
372.100000,1.0002324579e-03,2.4886442576e-01
372.150000,9.9930327589e-04,2.4468845481e-01
372.200000,9.9998648491e-04,2.4366070972e-01
372.250000,1.0007352013e-03,2.4583981133e-01
372.300000,1.0007171698e-03,2.4585896487e-01
372.350000,9.9963770777e-04,2.5186999982e-01
372.400000,1.0004772044e-03,2.4139053490e-01
372.450000,9.9946436415e-04,2.4522349480e-01
372.500000,9.9955548505e-04,2.4198633704e-01
372.550000,1.0004793077e-03,2.4765723426e-01
372.600000,1.0002384907e-03,2.5379064225e-01
372.650000,1.0005773707e-03,2.5130628916e-01
372.700000,1.0002464394e-03,2.5195880002e-01
372.750000,9.9951027320e-04,2.4210872016e-01
372.800000,9.9959088045e-04,2.3825339530e-01
372.850000,1.0001168764e-03,2.4080749524e-01
372.900000,9.9950107618e-04,2.4628103519e-01
372.950000,1.0008412309e-03,2.4271842754e-01
373.000000,1.0003920087e-03,2.4117527817e-01
373.050000,1.0004336620e-03,2.4194993551e-01
373.100000,1.0005781322e-03,2.4722915484e-01
373.150000,1.0024441545e-03,2.4334371339e-01
373.200000,9.9889703735e-04,2.4302365274e-01
373.250000,9.9895080646e-04,2.4135327772e-01
373.300000,1.0009021679e-03,2.4928002873e-01
373.350000,9.9804698524e-04,2.4434314686e-01
373.400000,9.9888457780e-04,2.4184276910e-01
373.450000,1.0008626612e-03,2.4641362299e-01
373.500000,1.0009185091e-03,2.5169883101e-01
373.550000,9.9857512660e-04,2.4394256920e-01
373.600000,9.9970303241e-04,2.4932195703e-01
373.650000,9.9964633296e-04,2.4221009121e-01
373.700000,9.9941534898e-04,2.4294721772e-01
373.750000,1.0003148881e-03,2.4365135484e-01
373.800000,9.9914073860e-04,2.4687884026e-01
373.850000,9.9988515089e-04,2.3772229545e-01
373.900000,9.9890609437e-04,2.4258743146e-01
373.950000,9.9978297657e-04,2.4683509695e-01
374.000000,1.0001795605e-03,2.4913884991e-01
374.050000,9.9943644184e-04,2.3686832920e-01
374.100000,9.9935705181e-04,2.3922785180e-01
374.150000,9.9919768104e-04,2.4146150142e-01
374.200000,9.9983484628e-04,2.3558965275e-01
374.250000,9.9953670858e-04,2.5379412021e-01
374.300000,9.9948913068e-04,2.4116891890e-01
374.350000,1.0001806572e-03,2.3559101908e-01
374.400000,9.9796501387e-04,2.3906783700e-01
374.450000,9.9876618019e-04,2.5461571268e-01
374.500000,9.9888037505e-04,2.4860522405e-01
374.550000,1.0002500821e-03,2.4561693924e-01
374.600000,9.9926893156e-04,2.3672662868e-01
374.650000,9.9984077230e-04,2.4473343115e-01
374.700000,9.9993653575e-04,2.4819630622e-01
374.750000,9.9951793022e-04,2.5334254281e-01
374.800000,9.9981932658e-04,2.3925560683e-01
374.850000,9.9969642401e-04,2.5027052411e-01
374.900000,9.9879382218e-04,2.3870586117e-01
374.950000,9.9946918494e-04,2.4715640619e-01
375.000000,1.0000818918e-03,2.5446875504e-01
375.050000,1.0005177963e-03,2.5123567105e-01
375.100000,9.9789928407e-04,2.4946029076e-01
375.150000,1.0019770884e-03,2.4619102084e-01
375.200000,9.9980094898e-04,2.4808952212e-01
375.250000,1.0005587562e-03,2.4367299911e-01
375.300000,9.9944056655e-04,2.4131166737e-01
375.350000,1.0005544408e-03,2.4663964101e-01
375.400000,1.0006731741e-03,2.4748544098e-01
375.450000,1.0006885969e-03,2.4816905718e-01
375.500000,9.9942619635e-04,2.4693032255e-01
375.550000,1.0003304393e-03,2.4235151347e-01
375.600000,1.0015390553e-03,2.4409495292e-01
375.650000,1.0017802647e-03,2.4581398108e-01
375.700000,1.0012522497e-03,2.4352457198e-01
375.750000,1.0012220800e-03,2.4508318029e-01
375.800000,1.0002255531e-03,2.5108293071e-01
375.850000,9.9948239776e-04,2.5153303340e-01
375.900000,9.9970469429e-04,2.4442802141e-01
375.950000,1.0004852400e-03,2.4735855455e-01
376.000000,9.9949119135e-04,2.5252939032e-01
376.050000,9.9999960089e-04,2.4836466024e-01
376.100000,1.0007908473e-03,2.4734555824e-01
376.150000,1.0004318391e-03,2.4065496884e-01
376.200000,1.0012941175e-03,2.4088582427e-01
376.250000,9.9988104627e-04,2.5206589866e-01
376.300000,9.9961466521e-04,2.5035922598e-01
376.350000,1.0016288863e-03,2.4198599571e-01
376.400000,9.9978600469e-04,2.4594207663e-01
376.450000,9.9948586280e-04,2.4654793961e-01
376.500000,1.0007147437e-03,2.4485761776e-01
376.550000,9.9940920830e-04,2.4719799199e-01
376.600000,1.0000656760e-03,2.5056887358e-01
376.650000,1.0011651077e-03,2.4585770944e-01
376.700000,9.9909704772e-04,2.3574352530e-01
376.750000,9.9852688616e-04,2.5434949554e-01
376.800000,1.0010997082e-03,2.4174164830e-01
376.850000,9.9939125561e-04,2.5306924983e-01
376.900000,1.0005060881e-03,2.4467610573e-01
376.950000,1.0000060953e-03,2.4324866435e-01
377.000000,9.9861471268e-04,2.3737162102e-01
377.050000,1.0005555686e-03,2.3928545532e-01
377.100000,9.9847078351e-04,2.4419075875e-01
377.150000,1.0010548920e-03,2.5383172032e-01
377.200000,9.9962486344e-04,2.3794384104e-01
377.250000,1.0005859985e-03,2.4268085996e-01
377.300000,9.9887108685e-04,2.5354598140e-01
377.350000,1.0001512816e-03,2.4271074594e-01
377.400000,1.0012468216e-03,2.4125236593e-01
377.450000,9.9954120617e-04,2.3792458760e-01
377.500000,1.0003954955e-03,2.4401593773e-01
377.550000,1.0007973292e-03,2.4112728805e-01
377.600000,1.0004718155e-03,2.4688036330e-01
377.650000,9.9986427483e-04,2.3807452042e-01
377.700000,9.9976517009e-04,2.4843817046e-01
377.750000,9.9963364394e-04,2.4919787353e-01
377.800000,9.9766240363e-04,2.5863222512e-01
377.850000,9.9947402641e-04,2.4815876098e-01
377.900000,9.9959149087e-04,2.4746106254e-01
377.950000,1.0007088003e-03,2.4405700893e-01
378.000000,9.9941958455e-04,2.3859934626e-01
378.050000,9.9942837599e-04,2.3918043755e-01
378.100000,9.9949702697e-04,2.3629861822e-01
378.150000,9.9928070114e-04,2.5173875865e-01
378.200000,1.0018270519e-03,2.4930794171e-01
378.250000,1.0008433111e-03,2.3969015179e-01
378.300000,9.9954482522e-04,2.4671546492e-01
378.350000,1.0006092444e-03,2.4586958620e-01
378.400000,9.9982472989e-04,2.4267661463e-01
378.450000,9.9925238245e-04,2.4238113470e-01
378.500000,9.9957078653e-04,2.4042173990e-01
378.550000,1.0013254829e-03,2.5192691274e-01
378.600000,1.0008041927e-03,2.5061608756e-01
378.650000,9.9921653086e-04,2.4410033348e-01
378.700000,9.9793388720e-04,2.4642627402e-01
378.750000,1.0023128855e-03,2.3172157752e-01
378.800000,9.9923606125e-04,2.4720776933e-01
378.850000,9.9865631713e-04,2.4756592597e-01
378.900000,1.0000148965e-03,2.4806899125e-01
378.950000,9.9832261716e-04,2.4582709521e-01
379.000000,1.0015876729e-03,2.4244479487e-01
379.050000,9.9986667794e-04,2.4667998616e-01
379.100000,9.9994084529e-04,2.4320775222e-01
379.150000,1.0008121086e-03,2.3849106789e-01
379.200000,9.9922723305e-04,2.4810795656e-01
379.250000,9.9867077046e-04,2.5170766619e-01
379.300000,1.0004431879e-03,2.4392713808e-01
379.350000,1.0012209445e-03,2.4502591137e-01
379.400000,1.0008651135e-03,2.4818670389e-01
379.450000,9.9941828697e-04,2.5012290913e-01
379.500000,9.9908901040e-04,2.5322974772e-01
379.550000,1.0012108670e-03,2.4770207445e-01
379.600000,1.0001858378e-03,2.5078824070e-01
379.650000,9.9860004012e-04,2.4303108669e-01
379.700000,1.0031964274e-03,2.4748412463e-01
379.750000,9.9949854100e-04,2.5136947421e-01
379.800000,9.9934268576e-04,2.4328761622e-01
379.850000,9.9892788364e-04,2.5441195628e-01
379.900000,1.0005416262e-03,2.4078605598e-01
379.950000,1.0000813643e-03,2.4586972636e-01
380.000000,9.9953516006e-04,2.4551112307e-01
380.050000,1.0019380451e-03,2.4815343870e-01
380.100000,1.0010285345e-03,2.4725938342e-01
380.150000,9.9833069725e-04,2.3779588790e-01
380.200000,9.9998755146e-04,2.4339587299e-01
380.250000,9.9989639453e-04,2.4467888922e-01
380.300000,9.9951185354e-04,2.4746654786e-01
380.350000,9.9851472686e-04,2.3927148913e-01
380.400000,1.0005126215e-03,2.4164475269e-01
380.450000,1.0001719513e-03,2.4219687818e-01
380.500000,9.9907055079e-04,2.4470798603e-01
380.550000,1.0010019208e-03,2.4667585278e-01
380.600000,1.0004872854e-03,2.4434776454e-01
380.650000,9.9938026583e-04,2.3642786917e-01
380.700000,1.0001473473e-03,2.4923882847e-01
380.750000,1.0002669043e-03,2.4592645762e-01
380.800000,9.9936837574e-04,2.4467562211e-01
380.850000,1.0011529941e-03,2.4201058788e-01
380.900000,1.0009613565e-03,2.4631288084e-01
380.950000,1.0013519234e-03,2.4558751939e-01
381.000000,1.0005499560e-03,2.4502027903e-01
381.050000,9.9880792466e-04,2.5234055759e-01
381.100000,9.9989928943e-04,2.4378257912e-01
381.150000,1.0014743317e-03,2.4817227539e-01
381.200000,1.0002373308e-03,2.4467147664e-01
381.250000,9.9898387953e-04,2.4317533182e-01
381.300000,9.9972393080e-04,2.4095498541e-01
381.350000,9.9957680351e-04,2.4818112677e-01
381.400000,1.0002547664e-03,2.4736705838e-01
381.450000,1.0009646935e-03,2.5552596781e-01
381.500000,1.0031995226e-03,2.4647735901e-01
381.550000,9.9878600628e-04,2.5390683743e-01
381.600000,9.9845558953e-04,2.3830548147e-01
381.650000,1.0007643601e-03,2.5263766866e-01
381.700000,9.9956762593e-04,2.3949601432e-01
381.750000,9.9864517507e-04,2.3684261469e-01
381.800000,1.0005381245e-03,2.4750237547e-01
381.850000,9.9930028359e-04,2.5152550798e-01
381.900000,9.9856008840e-04,2.4941136686e-01
381.950000,1.0002258041e-03,2.4227203900e-01
382.000000,1.0010431388e-03,2.4985851424e-01
382.050000,1.0016698693e-03,2.4634629652e-01
382.100000,9.9966383640e-04,2.3982221591e-01
382.150000,9.9928994615e-04,2.4114621994e-01
382.200000,1.0001226826e-03,2.4883865441e-01
382.250000,1.0001504138e-03,2.3910299781e-01
382.300000,1.0005271273e-03,2.4433317619e-01
382.350000,9.9985585474e-04,2.4821341842e-01
382.400000,9.9940243188e-04,2.4362875155e-01
382.450000,1.0009240860e-03,2.4356958568e-01
382.500000,1.0002867822e-03,2.4416890826e-01
382.550000,1.0000740600e-03,2.5006900942e-01
382.600000,1.0000325556e-03,2.3859076132e-01
382.650000,1.0004636357e-03,2.4409098785e-01
382.700000,9.9934764128e-04,2.4106136153e-01
382.750000,9.9978129930e-04,2.4308367491e-01
382.800000,9.9902631642e-04,2.4082667627e-01
382.850000,9.9864413215e-04,2.5444917467e-01
382.900000,9.9872707786e-04,2.4226432968e-01
382.950000,9.9974621147e-04,2.3851099136e-01
383.000000,9.9941192878e-04,2.4615655286e-01
383.050000,9.9973402133e-04,2.4611803907e-01
383.100000,1.0025566057e-03,2.4471629533e-01
383.150000,1.0014637204e-03,2.4871734328e-01
383.200000,1.0002663061e-03,2.4397628440e-01
383.250000,9.9862942754e-04,2.5199360742e-01
383.300000,9.9907855485e-04,2.4908561018e-01
383.350000,9.9966781119e-04,2.4152846225e-01
383.400000,1.0001853703e-03,2.4509486176e-01
383.450000,1.0002987265e-03,2.5408150055e-01
383.500000,9.9876385734e-04,2.4104383200e-01
383.550000,9.9946287206e-04,2.4261125545e-01
383.600000,1.0007840238e-03,2.4789269381e-01
383.650000,9.9966961471e-04,2.4591729395e-01
383.700000,1.0001793152e-03,2.4455537374e-01
383.750000,1.0008854204e-03,2.4781592681e-01
383.800000,1.0002016369e-03,2.4673485581e-01
383.850000,1.0003399334e-03,2.3953449407e-01
383.900000,9.9881696019e-04,2.4356539925e-01
383.950000,9.9814796160e-04,2.4778236232e-01
384.000000,9.9913901691e-04,2.4239785897e-01
384.050000,9.9973358634e-04,2.3366787349e-01
384.100000,1.0009558000e-03,2.5100527693e-01
384.150000,9.9871321628e-04,2.4073572671e-01
384.200000,1.0002973885e-03,2.4174024749e-01
384.250000,9.9981447879e-04,2.4509035784e-01
384.300000,1.0000916501e-03,2.4198738341e-01
384.350000,1.0004117672e-03,2.4900593907e-01
384.400000,9.9954375139e-04,2.4854166692e-01
384.450000,1.0000595636e-03,2.4166416589e-01
384.500000,9.9978068545e-04,2.4191588426e-01
384.550000,1.0011940751e-03,2.5136522980e-01
384.600000,9.9983424635e-04,2.4018073636e-01
384.650000,1.0003093037e-03,2.4193637453e-01
384.700000,9.9893758753e-04,2.4777310375e-01
384.750000,1.0001231452e-03,2.4396865221e-01
384.800000,1.0007053244e-03,2.4894560879e-01
384.850000,1.0000889312e-03,2.4849387452e-01
384.900000,9.9874263139e-04,2.5141644722e-01
384.950000,1.0000259914e-03,2.4258907239e-01
385.000000,9.9954477836e-04,2.4644691757e-01
385.050000,1.0014324832e-03,2.3867624486e-01
385.100000,1.0006797892e-03,2.4873586383e-01
385.150000,9.9964178368e-04,2.4450458601e-01
385.200000,9.9931787712e-04,2.4620099007e-01
385.250000,9.9997028918e-04,2.4459592754e-01
385.300000,9.9905169074e-04,2.5114428651e-01
385.350000,1.0000678377e-03,2.4049246086e-01
385.400000,1.0012547510e-03,2.5431097488e-01
385.450000,1.0006997868e-03,2.5334054194e-01
385.500000,1.0008885148e-03,2.4845759431e-01
385.550000,1.0004465091e-03,2.5167789666e-01
385.600000,1.0009841158e-03,2.4028469918e-01
385.650000,9.9935275734e-04,2.4304946975e-01
385.700000,1.0001775637e-03,2.4120894396e-01
385.750000,9.9906713006e-04,2.4470437844e-01
385.800000,9.9836671010e-04,2.4704802600e-01
385.850000,1.0018442851e-03,2.4285261007e-01
385.900000,1.0009687215e-03,2.4255265395e-01
385.950000,1.0008540862e-03,2.3878934692e-01
386.000000,1.0008748968e-03,2.5305365687e-01
386.050000,1.0006911379e-03,2.4519864034e-01
386.100000,9.9729884128e-04,2.5098222657e-01
386.150000,9.9918412779e-04,2.4907989208e-01
386.200000,1.0010522888e-03,2.5200260692e-01
386.250000,9.9916658672e-04,2.3540159596e-01
386.300000,9.9823211256e-04,2.5004940151e-01
386.350000,1.0004720469e-03,2.5210168621e-01
386.400000,9.9967347839e-04,2.3969791579e-01
386.450000,1.0023778836e-03,2.4890705690e-01
386.500000,9.9908309138e-04,2.4914182932e-01
386.550000,9.9901470974e-04,2.4702106620e-01
386.600000,9.9926361931e-04,2.4676249188e-01
386.650000,1.0002665330e-03,2.4500326309e-01
386.700000,9.9842085777e-04,2.4015818383e-01
386.750000,1.0014574966e-03,2.5772166682e-01
386.800000,9.9900817155e-04,2.4766497046e-01
386.850000,1.0007680196e-03,2.3417303318e-01
386.900000,9.9968553268e-04,2.4185958464e-01
386.950000,9.9913693563e-04,2.4038417748e-01
387.000000,1.0005743234e-03,2.4852425287e-01
387.050000,9.9896477519e-04,2.4274838596e-01
387.100000,9.9894632693e-04,2.4533929489e-01
387.150000,1.0010197557e-03,2.3749668719e-01
387.200000,9.9988100576e-04,2.4684788200e-01
387.250000,9.9980210301e-04,2.4094399417e-01
387.300000,9.9886661091e-04,2.5300981002e-01
387.350000,1.0013223973e-03,2.4663394546e-01
387.400000,1.0011677989e-03,2.5039509155e-01
387.450000,9.9977013396e-04,2.4780063292e-01
387.500000,1.0002941622e-03,2.4902051262e-01
387.550000,1.0006360556e-03,2.4966547535e-01
387.600000,1.0001367751e-03,2.4958088363e-01
387.650000,1.0008362139e-03,2.4455487000e-01
387.700000,9.9942698141e-04,2.5184762366e-01
387.750000,9.9928901986e-04,2.4648445563e-01
387.800000,1.0008604379e-03,2.3857564398e-01
387.850000,1.0006753194e-03,2.4358382876e-01
387.900000,1.0002622681e-03,2.4917891125e-01
387.950000,9.9896003700e-04,2.4552332791e-01
388.000000,1.0007970083e-03,2.4539887767e-01
388.050000,9.9970009379e-04,2.3967468449e-01
388.100000,9.9977544843e-04,2.4195702576e-01
388.150000,1.0002297124e-03,2.4981168598e-01
388.200000,9.9895526991e-04,2.4427455433e-01
388.250000,1.0006532224e-03,2.3985613107e-01
388.300000,1.0012225460e-03,2.4589744102e-01
388.350000,1.0000729899e-03,2.3717938224e-01
388.400000,1.0001476432e-03,2.4574164147e-01
388.450000,9.9913232416e-04,2.4795227584e-01
388.500000,1.0011391646e-03,2.4941036487e-01
388.550000,1.0012789031e-03,2.4875902027e-01
388.600000,9.9836205779e-04,2.4237504395e-01
388.650000,1.0001216647e-03,2.4023277426e-01
388.700000,9.9929830874e-04,2.4972628288e-01
388.750000,9.9948668389e-04,2.4690534328e-01
388.800000,1.0003373507e-03,2.3970779958e-01
388.850000,1.0003697752e-03,2.4951034312e-01
388.900000,1.0004192104e-03,2.4779217692e-01
388.950000,1.0006717340e-03,2.3613653267e-01
389.000000,1.0007968233e-03,2.4205636018e-01
389.050000,9.9995806211e-04,2.3950216183e-01
389.100000,9.9974381147e-04,2.4961377971e-01
389.150000,9.9911973370e-04,2.3640815670e-01
389.200000,9.9908679638e-04,2.4082613241e-01
389.250000,9.9857829691e-04,2.4217790743e-01
389.300000,9.9831566373e-04,2.4903160764e-01
389.350000,9.9822217224e-04,2.4962554155e-01
389.400000,1.0002886356e-03,2.4911195813e-01
389.450000,9.9893662461e-04,2.4217300432e-01
389.500000,9.9938927252e-04,2.4316354361e-01
389.550000,1.0009983291e-03,2.5266641778e-01
389.600000,9.9934100932e-04,2.4019061765e-01
389.650000,1.0001091368e-03,2.4784010991e-01
389.700000,9.9946384228e-04,2.4735097096e-01
389.750000,1.0013280169e-03,2.5148201881e-01
389.800000,9.9835732388e-04,2.3489511454e-01
389.850000,9.9869496663e-04,2.4525352243e-01
389.900000,9.9792507896e-04,2.4767227970e-01
389.950000,1.0004537915e-03,2.4423312518e-01
390.000000,1.0008531389e-03,2.4823847415e-01
390.050000,1.0008610856e-03,2.4578227849e-01
390.100000,9.9892714250e-04,2.4397319628e-01
390.150000,9.9917360444e-04,2.4591637683e-01
390.200000,1.0008833210e-03,2.4861548120e-01
390.250000,9.9897920985e-04,2.4478772025e-01
390.300000,9.9994681291e-04,2.4509359287e-01
390.350000,1.0012286435e-03,2.4050531811e-01
390.400000,9.9884505051e-04,2.4753128231e-01
390.450000,1.0011577542e-03,2.4351262182e-01
390.500000,1.0016005288e-03,2.3899586483e-01
390.550000,1.0008738900e-03,2.5126382321e-01
390.600000,9.9767628423e-04,2.4408264356e-01
390.650000,9.9959763117e-04,2.4042302624e-01
390.700000,1.0009280752e-03,2.4291932826e-01
390.750000,1.0015771831e-03,2.3744780495e-01
390.800000,1.0013287593e-03,2.4072868952e-01
390.850000,9.9946145749e-04,2.4314735619e-01
390.900000,1.0004219882e-03,2.4619047158e-01
390.950000,1.0016593047e-03,2.4542350269e-01
391.000000,1.0005233753e-03,2.4679156437e-01
391.050000,1.0000676447e-03,2.3800059052e-01
391.100000,1.0014710965e-03,2.4792329847e-01
391.150000,1.0000282642e-03,2.4629613944e-01
391.200000,9.9950752088e-04,2.4475833729e-01
391.250000,1.0012389949e-03,2.4433935011e-01
391.300000,1.0020598652e-03,2.4382364439e-01
391.350000,9.9991908193e-04,2.4194227508e-01
391.400000,9.9835973589e-04,2.4173423448e-01
391.450000,1.0005095588e-03,2.4060706068e-01
391.500000,9.9999496786e-04,2.5146047387e-01
391.550000,1.0001322024e-03,2.4382285293e-01
391.600000,1.0008405650e-03,2.4634660265e-01
391.650000,9.9990131048e-04,2.3691760885e-01
391.700000,9.9985780424e-04,2.4049158546e-01
391.750000,9.9968593628e-04,2.5105421798e-01
391.800000,1.0013762299e-03,2.4925335117e-01
391.850000,1.0012671869e-03,2.4573528186e-01
391.900000,9.9883016728e-04,2.4593190488e-01
391.950000,9.9795288802e-04,2.4324151953e-01
392.000000,1.0018719784e-03,2.4040465916e-01
392.050000,9.9877630137e-04,2.5296914181e-01
392.100000,1.0002898550e-03,2.4406186776e-01
392.150000,1.0012241383e-03,2.4576686509e-01
392.200000,1.0005731272e-03,2.4614576442e-01
392.250000,9.9879255772e-04,2.4325394253e-01
392.300000,1.0013001245e-03,2.5447001929e-01
392.350000,9.9855335568e-04,2.4447782380e-01
392.400000,1.0014848155e-03,2.4452621389e-01
392.450000,9.9880675596e-04,2.4639768306e-01
392.500000,1.0009600250e-03,2.4383000945e-01
392.550000,9.9874149626e-04,2.4076897600e-01
392.600000,9.9911928346e-04,2.3888207830e-01
392.650000,9.9979950053e-04,2.4055523427e-01
392.700000,1.0017658097e-03,2.4412474876e-01
392.750000,9.9917404729e-04,2.4786948237e-01
392.800000,1.0008495348e-03,2.5188083329e-01
392.850000,1.0014391501e-03,2.4353871516e-01
392.900000,9.9817314060e-04,2.3741642674e-01
392.950000,1.0009078777e-03,2.4482491090e-01
393.000000,9.9691829543e-04,2.3850781769e-01
393.050000,9.9839608050e-04,2.4803307924e-01
393.100000,1.0016457078e-03,2.5157279760e-01
393.150000,1.0001567621e-03,2.4529088836e-01
393.200000,1.0017773562e-03,2.4623271592e-01
393.250000,1.0012624009e-03,2.4291754852e-01
393.300000,1.0008741144e-03,2.3784027615e-01
393.350000,1.0011344526e-03,2.4593501040e-01
393.400000,9.9878996946e-04,2.3926102072e-01
393.450000,1.0003981576e-03,2.4961316256e-01
393.500000,1.0007801966e-03,2.5072243869e-01
393.550000,1.0016527022e-03,2.4051136184e-01
393.600000,1.0015768772e-03,2.4717205574e-01
393.650000,9.9985366308e-04,2.4280484191e-01
393.700000,9.9909386731e-04,2.5017449237e-01
393.750000,1.0005192135e-03,2.4531696297e-01
393.800000,9.9789850451e-04,2.4931817428e-01
393.850000,9.9980971251e-04,2.4442932385e-01
393.900000,1.0002283376e-03,2.4027443222e-01
393.950000,9.9999825499e-04,2.4940775091e-01
394.000000,1.0020154193e-03,2.3678591442e-01
394.050000,9.9997973774e-04,2.4276064482e-01
394.100000,1.0009592535e-03,2.4650341877e-01
394.150000,1.0007838582e-03,2.4684638680e-01
394.200000,9.9920230549e-04,2.4482372432e-01
394.250000,9.9941380537e-04,2.4231723738e-01
394.300000,1.0002996417e-03,2.4743849437e-01
394.350000,1.0009496296e-03,2.5035859130e-01
394.400000,1.0002623362e-03,2.4219593348e-01
394.450000,9.9816061089e-04,2.3852638319e-01
394.500000,9.9994636770e-04,2.3995437822e-01
394.550000,1.0001192364e-03,2.4379657433e-01
394.600000,1.0001182785e-03,2.4258731841e-01
394.650000,1.0000236156e-03,2.5467680015e-01
394.700000,1.0007848680e-03,2.4089444866e-01
394.750000,1.0010083424e-03,2.3800446640e-01
394.800000,1.0000947078e-03,2.5224006509e-01
394.850000,9.9961489863e-04,2.3726601371e-01
394.900000,9.9931522631e-04,2.3665351505e-01
394.950000,1.0004304817e-03,2.5086273364e-01
395.000000,9.9958383331e-04,2.4939970076e-01
395.050000,9.9913733590e-04,2.4281655976e-01
395.100000,1.0006064867e-03,2.4984314170e-01
395.150000,9.9974686578e-04,2.4628207951e-01
395.200000,9.9998403883e-04,2.5194973463e-01
395.250000,9.9883138354e-04,2.4253732870e-01
395.300000,9.9901606786e-04,2.4416497033e-01
395.350000,9.9832207223e-04,2.3632361740e-01
395.400000,9.9918017241e-04,2.4870529789e-01
395.450000,9.9958672941e-04,2.4425749175e-01
395.500000,1.0001021716e-03,2.3977805424e-01
395.550000,9.9970124635e-04,2.4300977332e-01
395.600000,9.9908629037e-04,2.5098030514e-01
395.650000,9.9986178895e-04,2.4889698148e-01
395.700000,9.9891942703e-04,2.5018897629e-01
395.750000,1.0002332524e-03,2.4996957928e-01
395.800000,1.0003435881e-03,2.4442185648e-01
395.850000,1.0003006041e-03,2.3484431470e-01
395.900000,9.9971186357e-04,2.5423401392e-01
395.950000,1.0001131672e-03,2.4740896952e-01
396.000000,1.0000432955e-03,2.5037100873e-01
396.050000,9.9932948383e-04,2.5151338088e-01
396.100000,9.9930871595e-04,2.4281393938e-01
396.150000,9.9833356444e-04,2.4998313374e-01
396.200000,9.9913107473e-04,2.3973368073e-01
396.250000,9.9818455102e-04,2.3821987176e-01
396.300000,9.9970594715e-04,2.5072980549e-01
396.350000,9.9937724353e-04,2.5387367606e-01
396.400000,9.9939641215e-04,2.4073604431e-01
396.450000,9.9994239308e-04,2.4240331914e-01
396.500000,9.9772582517e-04,2.5105426318e-01
396.550000,9.9948807355e-04,2.3948809974e-01
396.600000,1.0002182497e-03,2.4841181771e-01
396.650000,9.9960492819e-04,2.4890691889e-01
396.700000,9.9931552230e-04,2.4498117588e-01
396.750000,9.9609571810e-04,2.4494566616e-01
396.800000,1.0014005500e-03,2.3937876732e-01
396.850000,1.0005624078e-03,2.3794087176e-01
396.900000,9.9934232694e-04,2.4998813874e-01
396.950000,9.9996663030e-04,2.4438848542e-01
397.000000,1.0006393298e-03,2.4555546390e-01
397.050000,1.0005907758e-03,2.4519932584e-01
397.100000,9.9942325643e-04,2.4120586752e-01
397.150000,9.9846722562e-04,2.4961399335e-01
397.200000,9.9979842324e-04,2.4039143377e-01
397.250000,1.0004355608e-03,2.4759984656e-01
397.300000,1.0016116740e-03,2.3613077914e-01
397.350000,9.9810381539e-04,2.4335134974e-01
397.400000,9.9899483172e-04,2.4382824036e-01
397.450000,9.9965972966e-04,2.5129458481e-01
397.500000,1.0003698018e-03,2.5153140478e-01
397.550000,1.0005300829e-03,2.4542595940e-01
397.600000,9.9768968230e-04,2.4108373801e-01
397.650000,1.0016892469e-03,2.4484854057e-01
397.700000,9.9977835369e-04,2.4908897667e-01
397.750000,9.9810663320e-04,2.3971834340e-01
397.800000,9.9935859999e-04,2.4766866626e-01
397.850000,1.0010487667e-03,2.4598216078e-01
397.900000,1.0003806878e-03,2.4105869040e-01
397.950000,9.9922558083e-04,2.4762727338e-01
398.000000,1.0005544382e-03,2.4844811356e-01
398.050000,9.9982578981e-04,2.4425229322e-01
398.100000,1.0003353632e-03,2.4598055738e-01
398.150000,1.0000359549e-03,2.4836634651e-01
398.200000,9.9982623775e-04,2.4602071216e-01
398.250000,1.0006526209e-03,2.4784618353e-01
398.300000,1.0000160350e-03,2.4690445084e-01
398.350000,1.0010835274e-03,2.4734899518e-01
398.400000,1.0008716816e-03,2.4283541342e-01
398.450000,1.0019984827e-03,2.4514563403e-01
398.500000,1.0001687110e-03,2.4979103096e-01
398.550000,1.0014142200e-03,2.4161952466e-01
398.600000,1.0000952997e-03,2.4019357056e-01
398.650000,1.0017068644e-03,2.3993500070e-01
398.700000,1.0012729414e-03,2.4925484526e-01
398.750000,9.9977015994e-04,2.4911285263e-01
398.800000,9.9862301210e-04,2.4145378356e-01
398.850000,9.9932718041e-04,2.3886826699e-01
398.900000,1.0005149893e-03,2.5005418200e-01
398.950000,1.0007013304e-03,2.4013007205e-01
399.000000,1.0004805183e-03,2.4414569357e-01
399.050000,1.0009143736e-03,2.4403296635e-01
399.100000,1.0010431130e-03,2.3925714295e-01
399.150000,1.0004434796e-03,2.4635411374e-01
399.200000,1.0009327259e-03,2.4622026150e-01
399.250000,1.0002621056e-03,2.3335428739e-01
399.300000,9.9921752113e-04,2.4772200900e-01
399.350000,1.0024814940e-03,2.4646814105e-01
399.400000,9.9929534266e-04,2.4764006002e-01
399.450000,9.9963404511e-04,2.4111159739e-01
399.500000,9.9870439334e-04,2.3008598100e-01
399.550000,9.9896688374e-04,2.3661279881e-01
399.600000,9.9884366476e-04,2.4987882560e-01
399.650000,9.9914566149e-04,2.4345783457e-01
399.700000,1.0013597252e-03,2.4596884728e-01
399.750000,1.0005555104e-03,2.4211628823e-01
399.800000,9.9904685605e-04,2.4756022534e-01
399.850000,9.9902173261e-04,2.5694394630e-01
399.900000,1.0005143830e-03,2.3711720420e-01
399.950000,1.0000802802e-03,2.4904531077e-01
400.000000,1.0001822255e-03,2.4534672846e-01
400.050000,9.9841986086e-04,2.4099269062e-01
400.100000,9.9897101021e-04,2.4838974861e-01
400.150000,1.0009226022e-03,2.4956745729e-01
400.200000,9.9831115138e-04,2.4892604679e-01
400.250000,1.0003578038e-03,2.4899511394e-01
400.300000,1.0005910734e-03,2.4025653431e-01
400.350000,9.9792900242e-04,2.4668253057e-01
400.400000,1.0008607845e-03,2.5341444479e-01
400.450000,1.0006283037e-03,2.4876594331e-01
400.500000,1.0006588093e-03,2.4876814351e-01
400.550000,1.0001375565e-03,2.4336062231e-01
400.600000,1.0001188433e-03,2.4220861244e-01
400.650000,1.0007617262e-03,2.4429588036e-01
400.700000,9.9980720259e-04,2.4946232404e-01
400.750000,1.0011123255e-03,2.4604916489e-01
400.800000,9.9920992176e-04,2.4535088990e-01
400.850000,9.9922448665e-04,2.4482808218e-01
400.900000,1.0005830940e-03,2.4709564593e-01
400.950000,1.0013439336e-03,2.4128435050e-01
401.000000,9.9949253562e-04,2.4912010910e-01
401.050000,9.9883503864e-04,2.4707996252e-01
401.100000,1.0005880742e-03,2.4404051740e-01
401.150000,1.0009727162e-03,2.4181136262e-01
401.200000,9.9848287869e-04,2.5333418485e-01
401.250000,1.0012103837e-03,2.3674333878e-01
401.300000,1.0002349121e-03,2.5475746077e-01
401.350000,1.0011111894e-03,2.5172876662e-01
401.400000,9.9891516974e-04,2.4694295114e-01
401.450000,1.0012295121e-03,2.4581931789e-01
401.500000,1.0012143570e-03,2.4696196944e-01
401.550000,1.0010207195e-03,2.4035539502e-01
401.600000,1.0018921960e-03,2.4939682301e-01
401.650000,9.9928165747e-04,2.4808563174e-01
401.700000,1.0001127271e-03,2.4253149311e-01
401.750000,1.0006110519e-03,2.4459533910e-01
401.800000,9.9869993850e-04,2.4009529185e-01
401.850000,1.0002347530e-03,2.4540386027e-01
401.900000,1.0009927125e-03,2.4384235873e-01
401.950000,9.9984718021e-04,2.4331870104e-01
402.000000,9.9935233569e-04,2.3800674391e-01
402.050000,1.0009368719e-03,2.5008360873e-01
402.100000,9.9971364309e-04,2.4674000314e-01
402.150000,1.0006435718e-03,2.5020153216e-01
402.200000,9.9987375070e-04,2.4514336826e-01
402.250000,9.9963177886e-04,2.4920242751e-01
402.300000,9.9845105600e-04,2.5029881161e-01
402.350000,1.0002626010e-03,2.5780666904e-01
402.400000,9.9904788477e-04,2.4332725312e-01
402.450000,9.9893284252e-04,2.4309765679e-01
402.500000,9.9818207783e-04,2.4204002155e-01
402.550000,1.0003997679e-03,2.4459711911e-01
402.600000,1.0008084887e-03,2.4877528479e-01
402.650000,9.9961010854e-04,2.4655368146e-01
402.700000,9.9901667665e-04,2.3925349350e-01
402.750000,1.0012239102e-03,2.3818128721e-01
402.800000,1.0008381748e-03,2.4482664050e-01
402.850000,9.9932486827e-04,2.5079970350e-01
402.900000,9.9957220815e-04,2.5186393630e-01
402.950000,1.0007083847e-03,2.5012950396e-01
403.000000,9.9833073330e-04,2.5073264042e-01
403.050000,9.9890952297e-04,2.3847564409e-01
403.100000,1.0006807739e-03,2.4912135188e-01
403.150000,1.0006310338e-03,2.4453804635e-01
403.200000,9.9940370779e-04,2.4978151918e-01
403.250000,1.0009956335e-03,2.4851198557e-01
403.300000,9.9964189638e-04,2.4737890009e-01
403.350000,9.9985107201e-04,2.5050899204e-01
403.400000,9.9924890090e-04,2.4732036667e-01
403.450000,1.0005326019e-03,2.5693490503e-01
403.500000,1.0011496860e-03,2.4581066663e-01
403.550000,9.9920744508e-04,2.5078656025e-01
403.600000,9.9944397136e-04,2.4879410423e-01
403.650000,1.0015158797e-03,2.5650561538e-01
403.700000,1.0000088767e-03,2.4319961910e-01
403.750000,1.0003882746e-03,2.4397062315e-01
403.800000,9.9905402242e-04,2.4949729994e-01
403.850000,1.0005437791e-03,2.4646094115e-01
403.900000,1.0020611615e-03,2.4267018966e-01
403.950000,9.9941729933e-04,2.5144507477e-01
404.000000,9.9980721701e-04,2.4635970379e-01
404.050000,1.0000904208e-03,2.4512916574e-01
404.100000,1.0006719684e-03,2.3991927405e-01
404.150000,9.9879065129e-04,2.4996162398e-01
404.200000,1.0005716144e-03,2.5099112364e-01
404.250000,1.0002088911e-03,2.5551864114e-01
404.300000,1.0019436790e-03,2.4266867021e-01
404.350000,1.0002428435e-03,2.3658363672e-01
404.400000,9.9898124107e-04,2.4143949677e-01
404.450000,1.0006695483e-03,2.5101949329e-01
404.500000,1.0007095805e-03,2.3892906283e-01
404.550000,1.0006544317e-03,2.4656404949e-01
404.600000,1.0013455944e-03,2.4308254790e-01
404.650000,9.9782365430e-04,2.5012993185e-01
404.700000,9.9849622345e-04,2.3539352563e-01
404.750000,1.0003519155e-03,2.4577212795e-01
404.800000,1.0005282276e-03,2.4376969878e-01
404.850000,1.0001774094e-03,2.4398711214e-01
404.900000,1.0002757079e-03,2.4887089520e-01
404.950000,1.0006462161e-03,2.4613559479e-01
405.000000,9.9966195740e-04,2.5890819726e-01
405.050000,1.0008888928e-03,2.4548994970e-01
405.100000,9.9964340368e-04,2.4990133600e-01
405.150000,1.0008501614e-03,2.4746878248e-01
405.200000,1.0017606534e-03,2.5110265504e-01
405.250000,1.0012327921e-03,2.5223557704e-01
405.300000,1.0010584823e-03,2.4854749584e-01
405.350000,9.9960986422e-04,2.5274567171e-01
405.400000,9.9993646396e-04,2.3346031996e-01
405.450000,1.0007099566e-03,2.4687867901e-01
405.500000,9.9945414926e-04,2.4767641240e-01
405.550000,9.9856563374e-04,2.4574126964e-01
405.600000,9.9987132730e-04,2.3777347738e-01
405.650000,9.9924592906e-04,2.4765224447e-01
405.700000,1.0010852034e-03,2.4663770571e-01
405.750000,9.9874534534e-04,2.5505091934e-01
405.800000,1.0002352662e-03,2.3915987487e-01
405.850000,1.0012076667e-03,2.4921807519e-01
405.900000,1.0001380467e-03,2.5031989789e-01
405.950000,9.9847380489e-04,2.3884214645e-01
406.000000,1.0007101608e-03,2.4473508375e-01
406.050000,9.9994443403e-04,2.4288231046e-01
406.100000,9.9995035328e-04,2.4435683118e-01
406.150000,1.0004393721e-03,2.4690474251e-01
406.200000,1.0017144777e-03,2.4486158594e-01
406.250000,9.9821461412e-04,2.4614023108e-01
406.300000,9.9977903114e-04,2.4771072394e-01
406.350000,1.0008617160e-03,2.4211331920e-01
406.400000,9.9958007638e-04,2.4766728085e-01
406.450000,1.0005428162e-03,2.4281649104e-01
406.500000,9.9915936450e-04,2.5108890550e-01
406.550000,1.0008779554e-03,2.4104667427e-01
406.600000,9.9933828095e-04,2.4456403719e-01
406.650000,9.9944763868e-04,2.3739312411e-01
406.700000,1.0005813724e-03,2.4155255205e-01
406.750000,9.9958245983e-04,2.4867040081e-01
406.800000,9.9988983177e-04,2.4868847844e-01
406.850000,9.9984358966e-04,2.3767693590e-01
406.900000,9.9932836664e-04,2.3154084902e-01
406.950000,9.9892472164e-04,2.4267181254e-01
407.000000,9.9949910305e-04,2.4644208553e-01
407.050000,9.9942350540e-04,2.3616113045e-01
407.100000,1.0009631143e-03,2.4261355380e-01
407.150000,1.0007652423e-03,2.4685231670e-01
407.200000,9.9860590672e-04,2.4368388926e-01
407.250000,9.9833962406e-04,2.4897296396e-01
407.300000,1.0003253742e-03,2.4545520331e-01
407.350000,1.0020947516e-03,2.4273428694e-01
407.400000,9.9917503047e-04,2.5617718082e-01
407.450000,1.0014479494e-03,2.5284289938e-01
407.500000,1.0006034613e-03,2.5045096280e-01
407.550000,1.0024970092e-03,2.4834544358e-01
407.600000,1.0008206172e-03,2.3913223710e-01
407.650000,1.0000554249e-03,2.4588848912e-01
407.700000,1.0025389654e-03,2.4773757602e-01
407.750000,9.9883519545e-04,2.4976063668e-01
407.800000,1.0003935116e-03,2.4653697371e-01
407.850000,1.0017848948e-03,2.4903592319e-01
407.900000,1.0001775566e-03,2.5056080072e-01
407.950000,9.9870341451e-04,2.4447639838e-01
408.000000,9.9867169922e-04,2.4775691686e-01
408.050000,1.0003148717e-03,2.5266387078e-01
408.100000,1.0007521427e-03,2.4180168500e-01
408.150000,1.0022594091e-03,2.4161829358e-01
408.200000,9.9996119988e-04,2.4207415385e-01
408.250000,9.9949252126e-04,2.5279483458e-01
408.300000,1.0002531435e-03,2.3933086662e-01
408.350000,1.0011656959e-03,2.4439390828e-01
408.400000,9.9977754942e-04,2.2978486500e-01
408.450000,9.9996486830e-04,2.4439758655e-01
408.500000,9.9957115849e-04,2.5276797268e-01
408.550000,1.0013270609e-03,2.4444863153e-01
408.600000,1.0012803486e-03,2.3594084634e-01
408.650000,1.0013816211e-03,2.4876656357e-01
408.700000,9.9871731603e-04,2.4229889125e-01
408.750000,9.9921989116e-04,2.3580164666e-01
408.800000,9.9935320741e-04,2.5218608021e-01
408.850000,1.0004861174e-03,2.3811809875e-01
408.900000,9.9960860742e-04,2.3592355765e-01
408.950000,1.0011285272e-03,2.4973849132e-01
409.000000,1.0002045623e-03,2.5539831655e-01
409.050000,9.9944617004e-04,2.5244925948e-01
409.100000,1.0000045497e-03,2.5078158360e-01
409.150000,1.0011121265e-03,2.3717550176e-01
409.200000,1.0019143169e-03,2.4667579943e-01
409.250000,9.9962304271e-04,2.5060868692e-01
409.300000,1.0013056829e-03,2.4770996195e-01
409.350000,9.9765749739e-04,2.4238266437e-01
409.400000,9.9938214643e-04,2.4840430045e-01
409.450000,9.9815073297e-04,2.3794423547e-01
409.500000,1.0003426946e-03,2.4609005982e-01
409.550000,9.9901226197e-04,2.4444033330e-01
409.600000,9.9954561789e-04,2.4581795633e-01
409.650000,9.9724173080e-04,2.4567679683e-01
409.700000,9.9908546679e-04,2.4697515170e-01
409.750000,1.0003519548e-03,2.4347037207e-01
409.800000,1.0003519214e-03,2.4303983482e-01
409.850000,9.9906924831e-04,2.4031287572e-01
409.900000,1.0012095381e-03,2.4569732143e-01
409.950000,9.9835713799e-04,2.5182466561e-01
410.000000,1.0007428908e-03,2.4897725238e-01
410.050000,9.9933617402e-04,2.5054955897e-01
410.100000,9.9886057329e-04,2.4386516048e-01
410.150000,9.9874047483e-04,2.4752460872e-01
410.200000,1.0007566125e-03,2.4327233835e-01
410.250000,1.0008070680e-03,2.4065455283e-01
410.300000,1.0020264862e-03,2.4254244649e-01
410.350000,1.0014780094e-03,2.4023160091e-01
410.400000,9.9998554831e-04,2.4621216440e-01
410.450000,1.0011390797e-03,2.4118248285e-01
410.500000,9.9944846442e-04,2.4564955462e-01
410.550000,1.0011768998e-03,2.3853095244e-01
410.600000,9.9857767267e-04,2.4229566177e-01
410.650000,9.9949478392e-04,2.4971321757e-01
410.700000,9.9972470642e-04,2.4946119425e-01
410.750000,9.9932975283e-04,2.4340021939e-01
410.800000,9.9908622966e-04,2.5197191098e-01
410.850000,9.9958833667e-04,2.4484195448e-01
410.900000,1.0000777741e-03,2.4109037178e-01
410.950000,9.9871756568e-04,2.4469447229e-01
411.000000,1.0005308686e-03,2.4175604385e-01
411.050000,9.9864131309e-04,2.4682023719e-01
411.100000,9.9903862699e-04,2.4172475460e-01
411.150000,9.9948584356e-04,2.4934758412e-01
411.200000,9.9939943269e-04,2.5196226513e-01
411.250000,1.0010344229e-03,2.4555517073e-01
411.300000,1.0014136158e-03,2.4671085740e-01
411.350000,9.9844837835e-04,2.4331490774e-01
411.400000,1.0015948719e-03,2.4854864464e-01
411.450000,9.9940408688e-04,2.3373558734e-01
411.500000,9.9922381734e-04,2.3774496925e-01
411.550000,9.9973682292e-04,2.4267212083e-01
411.600000,9.9957210267e-04,2.4466287308e-01
411.650000,1.0013367613e-03,2.4331239217e-01
411.700000,9.9987630221e-04,2.4208114048e-01
411.750000,9.9992161423e-04,2.3994413617e-01
411.800000,9.9871419498e-04,2.4843944147e-01
411.850000,1.0000015578e-03,2.4580869305e-01
411.900000,1.0000394743e-03,2.3736828434e-01
411.950000,9.9948168357e-04,2.3673833934e-01
412.000000,1.0001715626e-03,2.4726406143e-01
412.050000,1.0006858814e-03,2.4907956839e-01
412.100000,1.0010351978e-03,2.4547730793e-01
412.150000,1.0008652653e-03,2.5030852878e-01
412.200000,9.9817665374e-04,2.4640172725e-01
412.250000,1.0005386760e-03,2.4538605485e-01
412.300000,9.9929080666e-04,2.5010942230e-01
412.350000,1.0006188510e-03,2.4637791188e-01
412.400000,1.0017267483e-03,2.5227979006e-01
412.450000,9.9902244106e-04,2.4175085528e-01
412.500000,9.9937853537e-04,2.5800584681e-01
412.550000,1.0008021068e-03,2.5422841073e-01
412.600000,9.9991423730e-04,2.5001577409e-01
412.650000,1.0010368206e-03,2.5132300435e-01
412.700000,9.9835711319e-04,2.4084182827e-01
412.750000,9.9967403720e-04,2.4436513152e-01
412.800000,9.9995778636e-04,2.5062950104e-01
412.850000,1.0011829611e-03,2.5589577215e-01
412.900000,1.0000268115e-03,2.4885860023e-01
412.950000,1.0010607459e-03,2.4630798918e-01
413.000000,9.9967348712e-04,2.5010149350e-01
413.050000,9.9919741964e-04,2.5123744725e-01
413.100000,1.0012924519e-03,2.4334116472e-01
413.150000,9.9927569699e-04,2.3707318518e-01
413.200000,9.9883553137e-04,2.4270398208e-01
413.250000,9.9918706934e-04,2.4195343210e-01
413.300000,9.9986286048e-04,2.4893151013e-01
413.350000,9.9921111920e-04,2.4312213575e-01
413.400000,1.0002014827e-03,2.4538042496e-01
413.450000,9.9892274006e-04,2.4511834494e-01
413.500000,1.0008438918e-03,2.4410830538e-01
413.550000,1.0005965325e-03,2.4696185704e-01
413.600000,1.0002030502e-03,2.4349652601e-01
413.650000,1.0010442661e-03,2.4537126520e-01
413.700000,1.0002794959e-03,2.4931329290e-01
413.750000,1.0002072169e-03,2.4230510359e-01
413.800000,1.0012714823e-03,2.4064143669e-01
413.850000,9.9872000836e-04,2.4076960458e-01
413.900000,1.0003478971e-03,2.3556000065e-01
413.950000,9.9965614503e-04,2.5268375221e-01
414.000000,1.0005681389e-03,2.5076707648e-01
414.050000,1.0003963474e-03,2.4690450972e-01
414.100000,9.9925090055e-04,2.5044871423e-01
414.150000,9.9817598673e-04,2.3761962536e-01
414.200000,1.0009224092e-03,2.3942377511e-01
414.250000,1.0013758874e-03,2.4690543261e-01
414.300000,9.9875456834e-04,2.3751660664e-01
414.350000,1.0009946996e-03,2.4383819172e-01
414.400000,1.0000223472e-03,2.4917745801e-01
414.450000,9.9892879783e-04,2.4264226274e-01
414.500000,1.0004461871e-03,2.5036932564e-01
414.550000,9.9874654868e-04,2.3984695302e-01
414.600000,9.9993600740e-04,2.4411874046e-01
414.650000,1.0001138964e-03,2.5017182482e-01
414.700000,9.9935407986e-04,2.4177656954e-01
414.750000,1.0013846620e-03,2.4121706795e-01
414.800000,9.9969908029e-04,2.4468504907e-01
414.850000,1.0004438243e-03,2.4688219179e-01
414.900000,1.0016105382e-03,2.3763629064e-01
414.950000,9.9914164027e-04,2.5351697035e-01
415.000000,9.9865620615e-04,2.4236755215e-01
415.050000,1.0003698993e-03,2.4208095932e-01
415.100000,1.0008137944e-03,2.5059303210e-01
415.150000,1.0003058626e-03,2.4222862176e-01
415.200000,9.9992001185e-04,2.4501169494e-01
415.250000,9.9993732883e-04,2.4595927136e-01
415.300000,1.0008524177e-03,2.4953186585e-01
415.350000,9.9937554310e-04,2.4401658457e-01
415.400000,9.9899893054e-04,2.4737501916e-01
415.450000,1.0006026025e-03,2.4770681092e-01
415.500000,1.0007848284e-03,2.4593424404e-01
415.550000,1.0004961058e-03,2.4335122989e-01
415.600000,9.9814882136e-04,2.4285110699e-01
415.650000,9.9998934235e-04,2.4594513970e-01
415.700000,1.0005439869e-03,2.4108546346e-01
415.750000,1.0017657790e-03,2.5733965393e-01
415.800000,1.0000509508e-03,2.5034892010e-01
415.850000,1.0001801643e-03,2.4623851960e-01
415.900000,1.0007394469e-03,2.4265582259e-01
415.950000,1.0008965396e-03,2.3612095954e-01
416.000000,9.9959314742e-04,2.3991716332e-01
416.050000,1.0017588315e-03,2.4867501167e-01
416.100000,1.0009781770e-03,2.4365728713e-01
416.150000,1.0009067028e-03,2.4478120753e-01
416.200000,1.0013477553e-03,2.4029098189e-01
416.250000,1.0002027877e-03,2.4919634508e-01
416.300000,1.0009250878e-03,2.4317316430e-01
416.350000,9.9989509832e-04,2.4244385092e-01
416.400000,1.0005786759e-03,2.4851408123e-01
416.450000,1.0001833384e-03,2.4946980975e-01
416.500000,9.9916207928e-04,2.3656720061e-01
416.550000,9.9989410203e-04,2.3758413164e-01
416.600000,9.9907180079e-04,2.5081248016e-01
416.650000,1.0002218105e-03,2.4737611624e-01
416.700000,1.0008054929e-03,2.4978286702e-01
416.750000,1.0001572223e-03,2.5209098666e-01
416.800000,1.0006557141e-03,2.5497535960e-01
416.850000,9.9992406267e-04,2.4099218348e-01
416.900000,9.9928873493e-04,2.5388830088e-01
416.950000,9.9928694925e-04,2.4085355664e-01
417.000000,1.0004214019e-03,2.4860414033e-01
417.050000,1.0013141996e-03,2.4608418635e-01
417.100000,1.0015647083e-03,2.4251796444e-01
417.150000,1.0012412885e-03,2.4847905430e-01
417.200000,1.0001072795e-03,2.5551020387e-01
417.250000,9.9958852055e-04,2.4166945294e-01
417.300000,9.9853075729e-04,2.4605363359e-01
417.350000,9.9856046275e-04,2.4030966240e-01
417.400000,1.0000175458e-03,2.3811930860e-01
417.450000,1.0011026415e-03,2.4220526791e-01
417.500000,9.9955468310e-04,2.4029831834e-01
417.550000,9.9938334503e-04,2.5051194345e-01
417.600000,9.9975564436e-04,2.4877405900e-01
417.650000,1.0009873505e-03,2.4030341867e-01
417.700000,1.0019007092e-03,2.5132518492e-01
417.750000,1.0016605531e-03,2.4856985169e-01
417.800000,9.9960513111e-04,2.4975409551e-01
417.850000,9.9936532010e-04,2.4060984950e-01
417.900000,1.0003262773e-03,2.4639757730e-01
417.950000,9.9903712650e-04,2.4944397723e-01
418.000000,9.9889027912e-04,2.5624716194e-01
418.050000,1.0017428646e-03,2.3891457908e-01
418.100000,9.9926247091e-04,2.5439326830e-01
418.150000,9.9801268947e-04,2.4125807384e-01
418.200000,1.0002776688e-03,2.4543185595e-01
418.250000,9.9849866194e-04,2.4816859332e-01
418.300000,9.9896826018e-04,2.4415138802e-01
418.350000,9.9807721801e-04,2.4470033701e-01
418.400000,1.0007091470e-03,2.3927613390e-01
418.450000,1.0007249696e-03,2.4690450468e-01
418.500000,1.0000006880e-03,2.4656931624e-01
418.550000,1.0000729078e-03,2.4404910126e-01
418.600000,9.9847310670e-04,2.4877135265e-01
418.650000,9.9974662594e-04,2.4807460364e-01
418.700000,1.0001751775e-03,2.4409492264e-01
418.750000,1.0004153987e-03,2.4153427602e-01
418.800000,1.0020688924e-03,2.4262849753e-01
418.850000,1.0006308100e-03,2.5373835299e-01
418.900000,9.9937162582e-04,2.4097796587e-01
418.950000,1.0015519798e-03,2.5361679422e-01
419.000000,1.0003750272e-03,2.4150478921e-01
419.050000,9.9909058164e-04,2.5277620038e-01
419.100000,1.0002454538e-03,2.4059801944e-01
419.150000,9.9888782137e-04,2.5564406619e-01
419.200000,1.0012196831e-03,2.5387623708e-01
419.250000,1.0000155584e-03,2.4877150127e-01
419.300000,1.0001715120e-03,2.4525414152e-01
419.350000,1.0011180154e-03,2.3646654277e-01
419.400000,9.9780102061e-04,2.3796939401e-01
419.450000,9.9975775798e-04,2.5361021513e-01
419.500000,9.9970941994e-04,2.4230118196e-01
419.550000,9.9885095846e-04,2.4599797068e-01
419.600000,1.0004316481e-03,2.4377363308e-01
419.650000,9.9891269804e-04,2.3583963615e-01
419.700000,1.0001186476e-03,2.4233312222e-01
419.750000,9.9998477104e-04,2.4275259659e-01
419.800000,9.9839922792e-04,2.4192067312e-01
419.850000,9.9996815920e-04,2.4427952806e-01
419.900000,9.9998595857e-04,2.3235173827e-01
419.950000,1.0007018077e-03,2.3833396927e-01
420.000000,9.9964318679e-04,2.4734544565e-01
420.050000,1.0004572504e-03,2.4140357781e-01
420.100000,1.0011788385e-03,2.4264710520e-01
420.150000,9.9934083949e-04,2.4564913423e-01
420.200000,1.0002263430e-03,2.3616116430e-01
420.250000,9.9852453402e-04,2.4658022945e-01
420.300000,1.0001484705e-03,2.4257784910e-01
420.350000,9.9930400982e-04,2.3413108674e-01
420.400000,9.9991032029e-04,2.4579921766e-01
420.450000,9.9779625503e-04,2.5040884443e-01
420.500000,1.0010581715e-03,2.5135605918e-01
420.550000,9.9919773388e-04,2.4405292884e-01
420.600000,1.0008727014e-03,2.4590532242e-01
420.650000,9.9826515308e-04,2.3571000206e-01
420.700000,9.9931794539e-04,2.4997470716e-01
420.750000,1.0007099831e-03,2.4765242489e-01
420.800000,1.0020430221e-03,2.4858868271e-01
420.850000,9.9929929226e-04,2.4043595956e-01
420.900000,9.9986538664e-04,2.4405981570e-01
420.950000,1.0012465920e-03,2.4251079530e-01
421.000000,1.0003576016e-03,2.3689761025e-01
421.050000,9.9937440912e-04,2.4829238890e-01
421.100000,1.0003359491e-03,2.4495303496e-01
421.150000,1.0006353203e-03,2.4383932148e-01
421.200000,9.9949147901e-04,2.4687601882e-01
421.250000,9.9923063940e-04,2.3659120284e-01
421.300000,9.9912704610e-04,2.4616119677e-01
421.350000,1.0009935306e-03,2.4843208365e-01
421.400000,9.9903368397e-04,2.4182056523e-01
421.450000,9.9995584882e-04,2.5282318751e-01
421.500000,1.0015277815e-03,2.4700736309e-01
421.550000,1.0010360203e-03,2.4987907807e-01
421.600000,1.0001339691e-03,2.4208532528e-01
421.650000,9.9999716990e-04,2.4243085931e-01
421.700000,1.0010383836e-03,2.5014350227e-01
421.750000,9.9748993261e-04,2.5654786022e-01
421.800000,1.0003778028e-03,2.4587031200e-01
421.850000,9.9991406623e-04,2.4712837183e-01
421.900000,9.9866178705e-04,2.3858260235e-01
421.950000,1.0007134265e-03,2.5487798860e-01
422.000000,1.0001131810e-03,2.4523874043e-01
422.050000,9.9879281332e-04,2.4405445602e-01
422.100000,1.0001440160e-03,2.3839240710e-01
422.150000,9.9971628504e-04,2.3992309672e-01
422.200000,1.0011970937e-03,2.5256841405e-01
422.250000,1.0001597708e-03,2.4886414693e-01
422.300000,1.0003853006e-03,2.4600668161e-01
422.350000,9.9968911493e-04,2.5227779013e-01
422.400000,9.9983371878e-04,2.3537651930e-01
422.450000,9.9999818592e-04,2.5440482031e-01
422.500000,1.0009235281e-03,2.4280029040e-01
422.550000,9.9818029737e-04,2.4117633066e-01
422.600000,9.9996120487e-04,2.3582012853e-01
422.650000,1.0000747146e-03,2.3915103040e-01
422.700000,9.9872160093e-04,2.4506919150e-01
422.750000,9.9878855348e-04,2.4804625544e-01
422.800000,9.9983211066e-04,2.4463709523e-01
422.850000,9.9992435250e-04,2.4356051403e-01
422.900000,9.9970340253e-04,2.4618469990e-01
422.950000,9.9881187085e-04,2.5294049943e-01
423.000000,9.9923522654e-04,2.4652907390e-01
423.050000,9.9920923047e-04,2.3995730759e-01
423.100000,9.9998811607e-04,2.4220000559e-01
423.150000,9.9878845734e-04,2.4017318630e-01
423.200000,1.0001960806e-03,2.5286021362e-01
423.250000,1.0007413778e-03,2.4250702886e-01
423.300000,1.0005642602e-03,2.5397102151e-01
423.350000,9.9932796320e-04,2.4991157809e-01
423.400000,9.9775399656e-04,2.5213251476e-01
423.450000,9.9959777474e-04,2.5563904722e-01
423.500000,9.9879003025e-04,2.4419291437e-01
423.550000,9.9956917728e-04,2.3617888684e-01
423.600000,1.0002370127e-03,2.5504351816e-01
423.650000,9.9827548139e-04,2.4918929067e-01
423.700000,1.0011634660e-03,2.4628136509e-01
423.750000,1.0001466250e-03,2.3581027211e-01
423.800000,1.0006950616e-03,2.4603002824e-01
423.850000,9.9841831526e-04,2.3600249809e-01
423.900000,1.0018055532e-03,2.3602673834e-01
423.950000,9.9856630203e-04,2.4300362597e-01
424.000000,1.0008568618e-03,2.4426475011e-01
424.050000,9.9964763858e-04,2.4107228306e-01
424.100000,1.0001273088e-03,2.4740427724e-01
424.150000,9.9920953120e-04,2.4038486144e-01
424.200000,1.0015891386e-03,2.4852950720e-01
424.250000,9.9869289153e-04,2.4388226477e-01
424.300000,1.0002145476e-03,2.4857185412e-01
424.350000,9.9764046800e-04,2.4213148792e-01
424.400000,1.0012409962e-03,2.3799992473e-01
424.450000,1.0012397986e-03,2.3502903076e-01
424.500000,9.9929345947e-04,2.3587436598e-01
424.550000,1.0002242601e-03,2.3600525761e-01
424.600000,1.0009071226e-03,2.3909636308e-01
424.650000,1.0001895681e-03,2.4562115540e-01
424.700000,9.9918440071e-04,2.4610016350e-01
424.750000,9.9970917560e-04,2.4122540673e-01
424.800000,9.9887952591e-04,2.4688092959e-01
424.850000,9.9947565307e-04,2.4090697369e-01
424.900000,1.0010728796e-03,2.4820876554e-01
424.950000,9.9960851849e-04,2.4669889964e-01
425.000000,9.9967957121e-04,2.4275202834e-01
425.050000,1.0024368109e-03,2.3419856094e-01
425.100000,1.0004573193e-03,2.4778100947e-01
425.150000,1.0009670398e-03,2.4729233787e-01
425.200000,9.9973079124e-04,2.4010450006e-01
425.250000,9.9765616417e-04,2.4300854950e-01
425.300000,9.9793835454e-04,2.3926281957e-01
425.350000,1.0004132398e-03,2.4968336840e-01
425.400000,1.0012866491e-03,2.4356024967e-01
425.450000,9.9867122018e-04,2.5341872635e-01
425.500000,9.9909729278e-04,2.4425138564e-01
425.550000,1.0006771116e-03,2.4213771318e-01
425.600000,9.9878211312e-04,2.4503721837e-01
425.650000,1.0012217998e-03,2.4913449663e-01
425.700000,9.9916642397e-04,2.4867216021e-01
425.750000,1.0000807744e-03,2.4291151764e-01
425.800000,9.9911953176e-04,2.4644555313e-01
425.850000,1.0001379847e-03,2.4808319789e-01
425.900000,9.9820748760e-04,2.4766403245e-01
425.950000,1.0004667677e-03,2.5152375587e-01
426.000000,9.9964634301e-04,2.5206060626e-01
426.050000,1.0002830604e-03,2.4025577636e-01
426.100000,9.9971819741e-04,2.4077439914e-01
426.150000,9.9941898531e-04,2.4502383741e-01
426.200000,1.0001162935e-03,2.4488052342e-01
426.250000,9.9880988591e-04,2.4955059296e-01
426.300000,9.9918487660e-04,2.4148883977e-01
426.350000,1.0007487223e-03,2.4192668415e-01
426.400000,9.9913700512e-04,2.4348330052e-01
426.450000,9.9895417400e-04,2.4233211307e-01
426.500000,1.0002566299e-03,2.4701587735e-01
426.550000,1.0006239700e-03,2.3867333061e-01
426.600000,1.0007541710e-03,2.4103118284e-01
426.650000,1.0002094773e-03,2.3683390830e-01
426.700000,9.9906277475e-04,2.3743708464e-01
426.750000,1.0005433834e-03,2.4394401934e-01
426.800000,9.9928278568e-04,2.4559941392e-01
426.850000,1.0011828379e-03,2.4603241890e-01
426.900000,1.0005658339e-03,2.4286154523e-01
426.950000,9.9986655050e-04,2.4606947741e-01
427.000000,9.9989717846e-04,2.4656015309e-01
427.050000,9.9908132488e-04,2.4150275030e-01
427.100000,1.0008174870e-03,2.4942822083e-01
427.150000,9.9844345903e-04,2.4656133077e-01
427.200000,1.0007111549e-03,2.4361573568e-01
427.250000,1.0002995471e-03,2.4517088750e-01
427.300000,1.0008714773e-03,2.4293829937e-01
427.350000,1.0009996100e-03,2.3661789779e-01
427.400000,9.9937813326e-04,2.5192690134e-01
427.450000,1.0000082689e-03,2.4769641804e-01
427.500000,9.9842065709e-04,2.4778046701e-01
427.550000,9.9892722788e-04,2.4732592222e-01
427.600000,9.9918431703e-04,2.3652190536e-01
427.650000,1.0002671282e-03,2.5087783746e-01
427.700000,9.9884690589e-04,2.5219528336e-01
427.750000,1.0014739753e-03,2.4737902370e-01
427.800000,9.9957809615e-04,2.4364658048e-01
427.850000,9.9967570568e-04,2.4325161027e-01
427.900000,1.0008284894e-03,2.4441079584e-01
427.950000,1.0018148785e-03,2.4171643363e-01
428.000000,1.0005575883e-03,2.4333661573e-01
428.050000,9.9881807801e-04,2.4521773097e-01
428.100000,1.0015639309e-03,2.4531102877e-01
428.150000,9.9920270957e-04,2.4448171954e-01
428.200000,9.9968514781e-04,2.4977463736e-01
428.250000,1.0014484280e-03,2.4128496634e-01
428.300000,9.9846593469e-04,2.4880590223e-01
428.350000,1.0021814460e-03,2.4740630614e-01
428.400000,1.0002352082e-03,2.4120391049e-01
428.450000,9.9891403790e-04,2.4450473614e-01
428.500000,9.9840671353e-04,2.3594136739e-01
428.550000,1.0007349514e-03,2.4510528072e-01
428.600000,9.9904261863e-04,2.4120002197e-01
428.650000,1.0013550936e-03,2.4945079817e-01
428.700000,1.0000113020e-03,2.3957706192e-01
428.750000,1.0002910392e-03,2.4947846395e-01
428.800000,1.0006835584e-03,2.3994874929e-01
428.850000,9.9710325758e-04,2.4409634044e-01
428.900000,1.0011697424e-03,2.5143663301e-01
428.950000,9.9847588930e-04,2.4029103626e-01
429.000000,1.0002053587e-03,2.5005080533e-01
429.050000,1.0001603047e-03,2.3807457144e-01
429.100000,9.9995474852e-04,2.4638938727e-01
429.150000,1.0005927718e-03,2.4204364287e-01
429.200000,9.9806916008e-04,2.5061581984e-01
429.250000,9.9793267457e-04,2.4744939842e-01
429.300000,1.0001294845e-03,2.5252743418e-01
429.350000,9.9980431282e-04,2.3830436569e-01
429.400000,1.0014067764e-03,2.5097311397e-01
429.450000,1.0004021710e-03,2.4995787034e-01
429.500000,1.0016765553e-03,2.3788435632e-01
429.550000,1.0002680204e-03,2.4357859571e-01
429.600000,9.9908008736e-04,2.4807188471e-01
429.650000,9.9800590174e-04,2.5676307426e-01
429.700000,1.0016762353e-03,2.4236377771e-01
429.750000,1.0007008800e-03,2.3576233096e-01
429.800000,1.0009911243e-03,2.4003918586e-01
429.850000,9.9935346265e-04,2.5349327520e-01
429.900000,1.0004688776e-03,2.4309164423e-01
429.950000,1.0003220075e-03,2.4681636288e-01
430.000000,9.9946656474e-04,2.4080711408e-01
430.050000,1.0001305662e-03,2.4220748006e-01
430.100000,1.0005294438e-03,2.5148056774e-01
430.150000,1.0006731992e-03,2.5481291100e-01
430.200000,9.9966195613e-04,2.5253572988e-01
430.250000,1.0000490040e-03,2.4133282526e-01
430.300000,9.9907188958e-04,2.5303838032e-01
430.350000,9.9918948271e-04,2.4394636544e-01
430.400000,9.9986999052e-04,2.4909989681e-01
430.450000,9.9930947988e-04,2.4500161552e-01
430.500000,1.0000780262e-03,2.4797019393e-01
430.550000,9.9978868620e-04,2.4642499759e-01
430.600000,9.9918011195e-04,2.4601375231e-01
430.650000,1.0002261458e-03,2.5504264020e-01
430.700000,1.0000141753e-03,2.3296274932e-01
430.750000,1.0012117672e-03,2.4298995634e-01
430.800000,1.0002127398e-03,2.4509922243e-01
430.850000,1.0002436122e-03,2.4236673773e-01
430.900000,1.0003244436e-03,2.4993283980e-01
430.950000,1.0005112167e-03,2.3799626750e-01
431.000000,1.0000896326e-03,2.4921294014e-01
431.050000,9.9811243098e-04,2.4716641666e-01
431.100000,1.0015102749e-03,2.4676080976e-01
431.150000,9.9990321417e-04,2.4686051029e-01
431.200000,9.9972134469e-04,2.4878308002e-01
431.250000,9.9962646079e-04,2.4688715932e-01
431.300000,9.9969046772e-04,2.4642257004e-01
431.350000,9.9830062452e-04,2.4397296133e-01
431.400000,1.0012701501e-03,2.4822943964e-01
431.450000,1.0009970192e-03,2.4619595616e-01
431.500000,1.0018546182e-03,2.4068565862e-01
431.550000,9.9997222313e-04,2.4790158009e-01
431.600000,1.0010385021e-03,2.5291219576e-01
431.650000,1.0017035263e-03,2.4506301309e-01
431.700000,9.9931928297e-04,2.4203156375e-01
431.750000,1.0000085675e-03,2.4489318001e-01
431.800000,9.9851297561e-04,2.3944884668e-01
431.850000,9.9950713802e-04,2.4617119088e-01
431.900000,1.0013506625e-03,2.4579475321e-01
431.950000,9.9765959671e-04,2.4198395396e-01
432.000000,9.9886955009e-04,2.4046489405e-01
432.050000,9.9916919771e-04,2.4151740900e-01
432.100000,9.9802825434e-04,2.4195174002e-01
432.150000,9.9908737989e-04,2.4359204120e-01
432.200000,1.0008022319e-03,2.4218340232e-01
432.250000,9.9972248648e-04,2.3699361520e-01
432.300000,1.0000380966e-03,2.5014548104e-01
432.350000,1.0012134556e-03,2.3876111368e-01
432.400000,9.9949400000e-04,2.4375018393e-01
432.450000,1.0005311393e-03,2.4446259059e-01
432.500000,9.9988716526e-04,2.4416436258e-01
432.550000,1.0010037659e-03,2.3493456315e-01
432.600000,9.9964212945e-04,2.4204766701e-01
432.650000,1.0010818773e-03,2.4977044592e-01
432.700000,9.9823342550e-04,2.4230062563e-01
432.750000,9.9926864341e-04,2.4201637200e-01
432.800000,9.9868185147e-04,2.5304356314e-01
432.850000,1.0007481475e-03,2.4444019287e-01
432.900000,9.9941367710e-04,2.4792906860e-01
432.950000,9.9922363198e-04,2.4695601189e-01
433.000000,1.0010174518e-03,2.4242149347e-01
433.050000,1.0015572785e-03,2.4731767326e-01
433.100000,1.0022370207e-03,2.4074602613e-01
433.150000,1.0010024132e-03,2.4122705692e-01
433.200000,1.0011791834e-03,2.4032155114e-01
433.250000,1.0002527093e-03,2.4255721175e-01
433.300000,1.0008258149e-03,2.4971526210e-01
433.350000,1.0009534452e-03,2.4855236820e-01
433.400000,1.0003466976e-03,2.4283633472e-01
433.450000,1.0001009842e-03,2.4690845327e-01
433.500000,1.0000193731e-03,2.4703012307e-01
433.550000,1.0012993669e-03,2.4029803679e-01
433.600000,1.0008237827e-03,2.4157448397e-01
433.650000,9.9961644889e-04,2.4806189770e-01
433.700000,1.0008912284e-03,2.5087564431e-01
433.750000,9.9858672400e-04,2.4193868344e-01
433.800000,1.0001818134e-03,2.4221842149e-01
433.850000,1.0013083139e-03,2.4150038569e-01
433.900000,9.9939229985e-04,2.3935916585e-01
433.950000,1.0006756846e-03,2.5578755506e-01
434.000000,9.9985272868e-04,2.5173612401e-01
434.050000,1.0016249688e-03,2.4212619687e-01
434.100000,1.0001598272e-03,2.4962678951e-01
434.150000,9.9840377999e-04,2.4557799636e-01
434.200000,1.0001935060e-03,2.4733019945e-01
434.250000,1.0005804241e-03,2.4401067113e-01
434.300000,9.9969650460e-04,2.5044030567e-01
434.350000,9.9948279467e-04,2.4593571395e-01
434.400000,1.0003634599e-03,2.3602352071e-01
434.450000,9.9864261425e-04,2.4389398545e-01
434.500000,1.0006834752e-03,2.4931953229e-01
434.550000,9.9876662413e-04,2.4819946334e-01
434.600000,1.0005459057e-03,2.5024875329e-01
434.650000,9.9901772523e-04,2.3832459743e-01
434.700000,1.0001844093e-03,2.3885066302e-01
434.750000,1.0006656806e-03,2.4824737026e-01
434.800000,1.0000681861e-03,2.4738585692e-01
434.850000,9.9963678736e-04,2.4960865177e-01
434.900000,1.0003142423e-03,2.3999551710e-01
434.950000,1.0002393444e-03,2.4754630156e-01
435.000000,9.9920295222e-04,2.4566926494e-01
435.050000,9.9842878605e-04,2.4290556837e-01
435.100000,1.0001458486e-03,2.4918936123e-01
435.150000,9.9856933837e-04,2.4055036578e-01
435.200000,1.0009531018e-03,2.4260098936e-01
435.250000,9.9990537402e-04,2.4510112217e-01
435.300000,9.9997415481e-04,2.4316712111e-01
435.350000,9.9716994944e-04,2.5022475907e-01
435.400000,9.9948109877e-04,2.4569812321e-01
435.450000,9.9873129570e-04,2.5021715232e-01
435.500000,1.0012931305e-03,2.4723759397e-01
435.550000,1.0009161806e-03,2.3961965215e-01
435.600000,1.0002628734e-03,2.3919498579e-01
435.650000,9.9888828749e-04,2.4059078798e-01
435.700000,1.0011186713e-03,2.4796569406e-01
435.750000,1.0005834403e-03,2.4229966812e-01
435.800000,1.0008817804e-03,2.3906085433e-01
435.850000,1.0018352623e-03,2.3993916022e-01
435.900000,9.9954950268e-04,2.4744367793e-01
435.950000,1.0016898534e-03,2.4500580313e-01
436.000000,1.0003035814e-03,2.5148005008e-01
436.050000,9.9988500793e-04,2.4188524953e-01
436.100000,9.9876494584e-04,2.4415382010e-01
436.150000,1.0003785594e-03,2.4042067833e-01
436.200000,9.9889881541e-04,2.5151838770e-01
436.250000,1.0019273382e-03,2.3970551571e-01
436.300000,9.9933375909e-04,2.3926300995e-01
436.350000,1.0013712083e-03,2.4475842364e-01
436.400000,9.9957423604e-04,2.5130915919e-01
436.450000,1.0001380366e-03,2.4354078734e-01
436.500000,9.9947741806e-04,2.4756877037e-01
436.550000,1.0006716247e-03,2.3948027161e-01
436.600000,1.0006112877e-03,2.5071471253e-01
436.650000,9.9776048602e-04,2.4302431020e-01
436.700000,9.9790298381e-04,2.4778890573e-01
436.750000,9.9903306199e-04,2.5124327733e-01
436.800000,1.0001850350e-03,2.3812841944e-01
436.850000,9.9993423067e-04,2.4307005591e-01
436.900000,1.0001416786e-03,2.3813186973e-01
436.950000,9.9894293859e-04,2.4212758819e-01
437.000000,9.9922429243e-04,2.3969157246e-01
437.050000,1.0007722079e-03,2.3925646730e-01
437.100000,9.9988756014e-04,2.4773075237e-01
437.150000,1.0010989633e-03,2.4362237123e-01
437.200000,9.9874417101e-04,2.4067985138e-01
437.250000,1.0002736430e-03,2.5192456932e-01
437.300000,1.0014151578e-03,2.4792494887e-01
437.350000,1.0010428522e-03,2.3315786207e-01
437.400000,9.9938074156e-04,2.4757915240e-01
437.450000,1.0006990215e-03,2.5416240464e-01
437.500000,9.9972621384e-04,2.4350964579e-01
437.550000,1.0002025606e-03,2.4166040010e-01
437.600000,1.0008973639e-03,2.5126947004e-01
437.650000,1.0008999434e-03,2.3820684961e-01
437.700000,9.9960666759e-04,2.4645884127e-01
437.750000,1.0012271990e-03,2.4341039841e-01
437.800000,9.9857414425e-04,2.3861417320e-01
437.850000,9.9950185870e-04,2.5614383609e-01
437.900000,1.0004057238e-03,2.3896959179e-01
437.950000,1.0000914954e-03,2.5177703727e-01
438.000000,9.9974092664e-04,2.4250940825e-01
438.050000,9.9969811608e-04,2.3743217702e-01
438.100000,1.0010242535e-03,2.4063208275e-01
438.150000,9.9861489971e-04,2.4452283204e-01
438.200000,9.9968413907e-04,2.4574901664e-01
438.250000,1.0010939706e-03,2.4229569381e-01
438.300000,9.9940434256e-04,2.5332677406e-01
438.350000,1.0016078510e-03,2.5205170324e-01
438.400000,1.0020133081e-03,2.5195831686e-01
438.450000,1.0004956195e-03,2.5085248254e-01
438.500000,9.9991148206e-04,2.4470371598e-01
438.550000,9.9959201818e-04,2.4287450011e-01
438.600000,9.9903356213e-04,2.4607086850e-01
438.650000,1.0006458437e-03,2.4391774408e-01
438.700000,1.0011079591e-03,2.3697146596e-01
438.750000,9.9979006010e-04,2.4373880205e-01
438.800000,9.9967284456e-04,2.4897871405e-01
438.850000,1.0001734881e-03,2.4653768905e-01
438.900000,9.9953714065e-04,2.4653952945e-01
438.950000,9.9980765377e-04,2.4277839386e-01
439.000000,1.0007217895e-03,2.3942316361e-01
439.050000,1.0001357502e-03,2.3387866899e-01
439.100000,1.0015534604e-03,2.4493884860e-01
439.150000,1.0002327064e-03,2.4304601765e-01
439.200000,9.9796894769e-04,2.4335838135e-01
439.250000,9.9952432993e-04,2.4760226585e-01
439.300000,9.9958394035e-04,2.5257165580e-01
439.350000,1.0009182307e-03,2.4691286199e-01
439.400000,1.0012524663e-03,2.4342752722e-01
439.450000,1.0008987939e-03,2.4291671122e-01
439.500000,1.0005756548e-03,2.3809109270e-01
439.550000,1.0003844903e-03,2.4476190240e-01
439.600000,1.0010818546e-03,2.4978555939e-01
439.650000,9.9779654096e-04,2.4746535636e-01
439.700000,9.9963200229e-04,2.4558759168e-01
439.750000,9.9990382944e-04,2.4462832659e-01
439.800000,1.0011643445e-03,2.4395728404e-01
439.850000,1.0007541012e-03,2.4878827215e-01
439.900000,9.9901796222e-04,2.4408218834e-01
439.950000,1.0006224338e-03,2.4242148335e-01
440.000000,9.9890152905e-04,2.4313514480e-01
440.050000,1.0003387950e-03,2.4205201108e-01
440.100000,1.0010931190e-03,2.4708808064e-01
440.150000,1.0011345798e-03,2.3891791974e-01
440.200000,1.0010535961e-03,2.4057681064e-01
440.250000,1.0003017822e-03,2.3645997179e-01
440.300000,1.0008887992e-03,2.4621780898e-01
440.350000,9.9727077563e-04,2.3436717881e-01
440.400000,9.9867404830e-04,2.4792800516e-01
440.450000,1.0003891657e-03,2.5064835969e-01
440.500000,9.9957962702e-04,2.4493506850e-01
440.550000,9.9868153625e-04,2.5375228088e-01
440.600000,1.0005034372e-03,2.4323332578e-01
440.650000,1.0000576573e-03,2.4288916482e-01
440.700000,9.9895430477e-04,2.4593201031e-01
440.750000,1.0006574263e-03,2.4682692207e-01
440.800000,9.9982610280e-04,2.4186139819e-01
440.850000,9.9830923286e-04,2.4706195574e-01
440.900000,9.9920296499e-04,2.4700840818e-01
440.950000,9.9890709611e-04,2.4802700720e-01
441.000000,9.9811974720e-04,2.3935888908e-01
441.050000,1.0014845922e-03,2.4611481259e-01
441.100000,9.9994736290e-04,2.3964179270e-01
441.150000,9.9953491541e-04,2.4933082714e-01
441.200000,9.9952466254e-04,2.5196530317e-01
441.250000,1.0007228345e-03,2.4438194401e-01
441.300000,1.0003595654e-03,2.4919164812e-01
441.350000,1.0005641980e-03,2.4191293367e-01
441.400000,9.9970062993e-04,2.4210206891e-01
441.450000,1.0002019692e-03,2.5171711146e-01
441.500000,1.0017682468e-03,2.3866131903e-01
441.550000,9.9900797758e-04,2.4611154241e-01
441.600000,1.0004130937e-03,2.4829291026e-01
441.650000,9.9953690299e-04,2.5586293468e-01
441.700000,9.9995265059e-04,2.4345483676e-01
441.750000,9.9897239354e-04,2.4284507467e-01
441.800000,1.0000852593e-03,2.4984297362e-01
441.850000,1.0003661529e-03,2.4885773084e-01
441.900000,1.0002657361e-03,2.5489540731e-01
441.950000,9.9958661471e-04,2.4678892691e-01
442.000000,9.9961665294e-04,2.4173845951e-01
442.050000,9.9900961588e-04,2.4279910174e-01
442.100000,9.9933843046e-04,2.3550859496e-01
442.150000,9.9821974576e-04,2.4513116475e-01
442.200000,1.0008479284e-03,2.4529321448e-01
442.250000,9.9904539591e-04,2.3747351992e-01
442.300000,9.9972858403e-04,2.4846720514e-01
442.350000,1.0001353358e-03,2.3591361792e-01
442.400000,9.9967960013e-04,2.4052423609e-01
442.450000,9.9879780355e-04,2.4070158684e-01
442.500000,1.0011332667e-03,2.4298991783e-01
442.550000,9.9855575708e-04,2.5173695924e-01
442.600000,9.9996652908e-04,2.4847267630e-01
442.650000,1.0010031551e-03,2.4403263979e-01
442.700000,1.0018343169e-03,2.4722082891e-01
442.750000,9.9896737939e-04,2.5043865889e-01
442.800000,9.9833776146e-04,2.4344583455e-01
442.850000,1.0005827846e-03,2.4448835591e-01
442.900000,9.9958268855e-04,2.4649008600e-01
442.950000,1.0008731314e-03,2.4675563759e-01
443.000000,1.0004534665e-03,2.3933831225e-01
443.050000,9.9961028618e-04,2.4545927282e-01
443.100000,1.0004973433e-03,2.4824892281e-01
443.150000,1.0011130466e-03,2.3820240497e-01
443.200000,9.9938332643e-04,2.4012775300e-01
443.250000,1.0004932629e-03,2.4053048577e-01
443.300000,1.0019051531e-03,2.4620454567e-01
443.350000,9.9979744913e-04,2.4965860741e-01
443.400000,1.0004045211e-03,2.4363614591e-01
443.450000,9.9991118279e-04,2.5015413129e-01
443.500000,9.9993774227e-04,2.4451811016e-01
443.550000,9.9858507623e-04,2.3834500158e-01
443.600000,1.0006881189e-03,2.4960494441e-01
443.650000,9.9996282606e-04,2.4308359110e-01
443.700000,1.0010021518e-03,2.4807652303e-01
443.750000,1.0005652829e-03,2.4678883623e-01
443.800000,9.9955658604e-04,2.3780521422e-01
443.850000,9.9905055320e-04,2.5051076057e-01
443.900000,1.0005325366e-03,2.4048649268e-01
443.950000,1.0006646260e-03,2.4897948035e-01
444.000000,9.9961619488e-04,2.4193895895e-01
444.050000,1.0006740098e-03,2.4665039202e-01
444.100000,1.0007143827e-03,2.4947032698e-01
444.150000,1.0004300917e-03,2.4562379762e-01
444.200000,1.0000011036e-03,2.4578970112e-01
444.250000,9.9886229265e-04,2.4512386143e-01
444.300000,9.9999806915e-04,2.4625011338e-01
444.350000,9.9855031115e-04,2.4596715125e-01
444.400000,9.9908985118e-04,2.3761180860e-01
444.450000,1.0002779071e-03,2.4726444953e-01
444.500000,9.9935675450e-04,2.4443800130e-01
444.550000,1.0003464421e-03,2.3887216233e-01
444.600000,1.0009352249e-03,2.4671325104e-01
444.650000,9.9958954334e-04,2.4364528662e-01
444.700000,9.9986812349e-04,2.4697566064e-01
444.750000,9.9995230348e-04,2.4873224868e-01
444.800000,9.9855999369e-04,2.4816872319e-01
444.850000,1.0006837651e-03,2.3797921086e-01
444.900000,9.9972947905e-04,2.4621530347e-01
444.950000,9.9847593597e-04,2.4298141650e-01
445.000000,1.0010476501e-03,2.4780292038e-01
445.050000,1.0004058301e-03,2.3632709991e-01
445.100000,1.0013418930e-03,2.4563449864e-01
445.150000,9.9957888249e-04,2.4626317228e-01
445.200000,1.0011446487e-03,2.4981085571e-01
445.250000,9.9940418377e-04,2.4060087147e-01
445.300000,1.0003933116e-03,2.5096958435e-01
445.350000,9.9896817021e-04,2.4208739549e-01
445.400000,9.9856187909e-04,2.3893693650e-01
445.450000,1.0008594091e-03,2.4155826872e-01
445.500000,9.9975413262e-04,2.4459567791e-01
445.550000,1.0005704791e-03,2.6072501765e-01
445.600000,9.9917215084e-04,2.4130543349e-01
445.650000,9.9955152383e-04,2.3783942751e-01
445.700000,1.0003915277e-03,2.3787345029e-01
445.750000,1.0009704272e-03,2.5741606047e-01
445.800000,9.9870324316e-04,2.4218510180e-01
445.850000,1.0002580988e-03,2.4846508716e-01
445.900000,1.0005601551e-03,2.4035083216e-01
445.950000,1.0019724529e-03,2.4880836302e-01
446.000000,9.9982661835e-04,2.4887786917e-01
446.050000,9.9966461269e-04,2.3943684674e-01
446.100000,9.9935000013e-04,2.3811999365e-01
446.150000,1.0007346689e-03,2.3835321301e-01
446.200000,9.9965581554e-04,2.4293537362e-01
446.250000,1.0014626757e-03,2.4697960398e-01
446.300000,1.0018555030e-03,2.3988438524e-01
446.350000,9.9912146319e-04,2.4867024569e-01
446.400000,9.9916119778e-04,2.5309372240e-01
446.450000,1.0009991691e-03,2.5250370071e-01
446.500000,9.9981056146e-04,2.4008190781e-01
446.550000,1.0002116742e-03,2.4316724273e-01
446.600000,9.9966039005e-04,2.4988033070e-01
446.650000,9.9868324780e-04,2.4951615290e-01
446.700000,9.9853730795e-04,2.5298390798e-01
446.750000,1.0000004886e-03,2.4986584069e-01
446.800000,9.9976012375e-04,2.5118720795e-01
446.850000,9.9982730752e-04,2.4492860308e-01
446.900000,9.9957046362e-04,2.4327499238e-01
446.950000,9.9970687814e-04,2.3988106696e-01
447.000000,9.9855007460e-04,2.4223526731e-01
447.050000,1.0000718103e-03,2.4506392744e-01
447.100000,1.0017382771e-03,2.5019753262e-01
447.150000,9.9773500178e-04,2.4804345726e-01
447.200000,1.0008961056e-03,2.3610531097e-01
447.250000,1.0010196847e-03,2.3574766959e-01
447.300000,1.0000343803e-03,2.5259261921e-01
447.350000,9.9940904747e-04,2.4389216036e-01
447.400000,1.0018654446e-03,2.4229910321e-01
447.450000,9.9981757050e-04,2.5148672358e-01
447.500000,9.9858771104e-04,2.4215817513e-01
447.550000,9.9799590647e-04,2.4346830304e-01
447.600000,1.0005428961e-03,2.4033244623e-01
447.650000,1.0003564609e-03,2.4846031199e-01
447.700000,1.0009471259e-03,2.4545539370e-01
447.750000,9.9795512856e-04,2.5532169023e-01
447.800000,1.0001920416e-03,2.4165005024e-01
447.850000,9.9967264148e-04,2.4704972021e-01
447.900000,1.0012148851e-03,2.4609022998e-01
447.950000,9.9779005009e-04,2.5173000037e-01
448.000000,1.0018975679e-03,2.4749994922e-01
448.050000,9.9908772192e-04,2.4231066013e-01
448.100000,1.0014560802e-03,2.4781020265e-01
448.150000,1.0008126751e-03,2.4250913352e-01
448.200000,9.9983338021e-04,2.3016256737e-01
448.250000,9.9917638832e-04,2.4741397796e-01
448.300000,1.0019954655e-03,2.4249355657e-01
448.350000,1.0001478967e-03,2.4201977707e-01
448.400000,9.9904124059e-04,2.4610483813e-01
448.450000,1.0020467007e-03,2.4372770445e-01
448.500000,1.0016283856e-03,2.4516146765e-01
448.550000,1.0010831989e-03,2.5016810444e-01
448.600000,1.0003246026e-03,2.4914558934e-01
448.650000,1.0003485806e-03,2.4434691897e-01
448.700000,9.9987921779e-04,2.4233974085e-01
448.750000,1.0014387236e-03,2.5024442464e-01
448.800000,9.9920622805e-04,2.5115899134e-01
448.850000,1.0007335086e-03,2.4230030821e-01
448.900000,9.9972682815e-04,2.4343464509e-01
448.950000,1.0001507872e-03,2.4942125648e-01
449.000000,1.0012945738e-03,2.4121957252e-01
449.050000,9.9981112037e-04,2.4865964562e-01
449.100000,9.9883429053e-04,2.4448964634e-01
449.150000,1.0000135681e-03,2.4768724236e-01
449.200000,1.0000375539e-03,2.4439856042e-01
449.250000,1.0004858964e-03,2.4915879908e-01
449.300000,9.9981174998e-04,2.4682038566e-01
449.350000,9.9849669280e-04,2.4737320621e-01
449.400000,9.9990811325e-04,2.4535334518e-01
449.450000,9.9832658558e-04,2.3763371848e-01
449.500000,1.0003677129e-03,2.4616857676e-01
449.550000,1.0009996665e-03,2.3835983313e-01
449.600000,1.0013372230e-03,2.3032165687e-01
449.650000,9.9941302543e-04,2.4987970723e-01
449.700000,9.9985582921e-04,2.5255704747e-01
449.750000,1.0002216880e-03,2.5468613638e-01
449.800000,9.9949293508e-04,2.5662426684e-01
449.850000,1.0006863362e-03,2.4688808633e-01
449.900000,9.9914043169e-04,2.4416321777e-01
449.950000,1.0001356553e-03,2.5260773701e-01
450.000000,1.0006861235e-03,2.5400399515e-01
450.050000,1.0005213166e-03,2.4534372005e-01
450.100000,1.0013313859e-03,2.4454266946e-01
450.150000,9.9924055519e-04,2.4826528450e-01
450.200000,9.9958492825e-04,2.5128439328e-01
450.250000,1.0015163185e-03,2.4162904446e-01
450.300000,1.0003536782e-03,2.4028449359e-01
450.350000,9.9824119649e-04,2.4598614212e-01
450.400000,1.0010182278e-03,2.4310548958e-01
450.450000,9.9958013237e-04,2.4941384586e-01
450.500000,9.9941887484e-04,2.5054402509e-01
450.550000,1.0005619790e-03,2.4959009747e-01
450.600000,1.0010236935e-03,2.4191599519e-01
450.650000,1.0000332232e-03,2.4100153024e-01
450.700000,1.0002530474e-03,2.3677816583e-01
450.750000,1.0002401012e-03,2.3959848876e-01
450.800000,1.0007414405e-03,2.5054598009e-01
450.850000,1.0002281457e-03,2.3873867544e-01
450.900000,1.0005267154e-03,2.4471999052e-01
450.950000,9.9936860913e-04,2.5009451413e-01
451.000000,9.9908140142e-04,2.4086814864e-01
451.050000,9.9938872663e-04,2.5074869264e-01
451.100000,9.9936832125e-04,2.4822014384e-01
451.150000,9.9995227655e-04,2.4799500337e-01
451.200000,9.9865364881e-04,2.3962153631e-01
451.250000,1.0000415142e-03,2.3987292369e-01
451.300000,9.9989765717e-04,2.4420832646e-01
451.350000,1.0014497864e-03,2.4845071966e-01
451.400000,9.9880698844e-04,2.4635673966e-01
451.450000,1.0011666647e-03,2.4208715981e-01
451.500000,1.0012468100e-03,2.4572032754e-01
451.550000,1.0017414440e-03,2.3417286187e-01
451.600000,9.9982988499e-04,2.3895597645e-01
451.650000,1.0005399595e-03,2.5348590022e-01
451.700000,9.9837722639e-04,2.4065814807e-01
451.750000,1.0003041358e-03,2.4833670611e-01
451.800000,9.9927537557e-04,2.4590613355e-01
451.850000,9.9913477334e-04,2.5044038147e-01
451.900000,9.9982670864e-04,2.4620504994e-01
451.950000,1.0002646953e-03,2.4437423625e-01
452.000000,1.0006915314e-03,2.4362035854e-01
452.050000,1.0005902368e-03,2.4027024400e-01
452.100000,1.0017728640e-03,2.4296619474e-01
452.150000,1.0000371243e-03,2.4192699839e-01
452.200000,1.0025505196e-03,2.4321853510e-01
452.250000,9.9954510818e-04,2.4812014664e-01
452.300000,9.9816420511e-04,2.4773162881e-01
452.350000,1.0007279185e-03,2.4829990939e-01
452.400000,9.9969294956e-04,2.4076808246e-01
452.450000,9.9940923419e-04,2.4487326944e-01
452.500000,9.9966097283e-04,2.4197709274e-01
452.550000,1.0021333850e-03,2.4042008472e-01
452.600000,1.0003404170e-03,2.5141846913e-01
452.650000,1.0010168297e-03,2.4852946258e-01
452.700000,1.0015902155e-03,2.3984199784e-01
452.750000,9.9887741290e-04,2.3934023038e-01
452.800000,1.0001217402e-03,2.5717297695e-01
452.850000,9.9899745742e-04,2.5279857845e-01
452.900000,9.9987354536e-04,2.4812000344e-01
452.950000,1.0021853608e-03,2.4558140826e-01
453.000000,1.0005301290e-03,2.3708237635e-01
453.050000,1.0007337290e-03,2.4874719647e-01
453.100000,9.9971020913e-04,2.3782210452e-01
453.150000,1.0022974588e-03,2.4301885404e-01
453.200000,9.9872607320e-04,2.5379042400e-01
453.250000,1.0004522826e-03,2.5215558248e-01
453.300000,1.0004597603e-03,2.5120373688e-01
453.350000,9.9878243600e-04,2.5029054064e-01
453.400000,9.9912562365e-04,2.4186259222e-01
453.450000,1.0004635652e-03,2.4472343253e-01
453.500000,9.9934967824e-04,2.4593056460e-01
453.550000,1.0009822268e-03,2.4871075003e-01
453.600000,9.9917896157e-04,2.4591305499e-01
453.650000,9.9995677634e-04,2.4195862956e-01
453.700000,1.0006852786e-03,2.3755239680e-01
453.750000,9.9894530338e-04,2.4846665696e-01
453.800000,9.9963649704e-04,2.4818614678e-01
453.850000,9.9913277135e-04,2.4241975987e-01
453.900000,1.0006406689e-03,2.4534928423e-01
453.950000,9.9898790644e-04,2.4974535765e-01
454.000000,9.9945031267e-04,2.4283804237e-01
454.050000,9.9830169177e-04,2.4784194418e-01
454.100000,9.9836774966e-04,2.4868927793e-01
454.150000,1.0006321861e-03,2.3885912748e-01
454.200000,1.0007279099e-03,2.4037233045e-01
454.250000,1.0003032908e-03,2.4167990689e-01
454.300000,9.9795750328e-04,2.4595702049e-01
454.350000,1.0008423058e-03,2.3964446525e-01
454.400000,1.0007106252e-03,2.3970853811e-01
454.450000,1.0011425359e-03,2.4968640054e-01
454.500000,9.9850586412e-04,2.3769443859e-01
454.550000,1.0018017922e-03,2.5107711102e-01
454.600000,1.0000286449e-03,2.5093931971e-01
454.650000,1.0013298446e-03,2.3445605203e-01
454.700000,9.9853656506e-04,2.4567704764e-01
454.750000,1.0004095958e-03,2.4812348416e-01
454.800000,9.9987249608e-04,2.2972003364e-01
454.850000,9.9796901177e-04,2.4324073691e-01
454.900000,1.0008553158e-03,2.4939761274e-01
454.950000,9.9996208174e-04,2.4675842470e-01
455.000000,9.9902716577e-04,2.4326703284e-01
455.050000,9.9973664060e-04,2.4334829928e-01
455.100000,1.0004613628e-03,2.4436307854e-01
455.150000,9.9854844329e-04,2.4500806159e-01
455.200000,1.0013048354e-03,2.3925429774e-01
455.250000,9.9901781307e-04,2.4914413222e-01
455.300000,9.9775960203e-04,2.4384417741e-01
455.350000,9.9962056414e-04,2.4476534211e-01
455.400000,9.9830044316e-04,2.4496810791e-01
455.450000,9.9967276023e-04,2.4497045963e-01
455.500000,1.0029098211e-03,2.3820287411e-01
455.550000,9.9921494633e-04,2.4390274671e-01
455.600000,9.9992115499e-04,2.3393774353e-01
455.650000,9.9886581575e-04,2.4294989202e-01
455.700000,1.0001477527e-03,2.4371878340e-01
455.750000,1.0001450780e-03,2.4820187848e-01
455.800000,9.9917998350e-04,2.4510442500e-01
455.850000,1.0003806906e-03,2.4660331343e-01
455.900000,9.9936480603e-04,2.5287781415e-01
455.950000,1.0003179157e-03,2.4735368352e-01
456.000000,1.0007118865e-03,2.5107111301e-01
456.050000,9.9898938161e-04,2.4075569836e-01
456.100000,9.9856211655e-04,2.3960111305e-01
456.150000,1.0011125038e-03,2.4771235255e-01
456.200000,9.9832719313e-04,2.3910785634e-01
456.250000,9.9902899928e-04,2.4106912398e-01
456.300000,1.0003379509e-03,2.4623800558e-01
456.350000,1.0004701997e-03,2.5038578617e-01
456.400000,9.9954881081e-04,2.5731029734e-01
456.450000,9.9918892250e-04,2.4602261649e-01
456.500000,9.9926626040e-04,2.4795401427e-01
456.550000,9.9975477619e-04,2.4248627241e-01
456.600000,9.9952629479e-04,2.4510279944e-01
456.650000,1.0014960744e-03,2.4186492708e-01
456.700000,9.9912934994e-04,2.4733096461e-01
456.750000,9.9992262483e-04,2.4165032006e-01
456.800000,1.0005975790e-03,2.4527078243e-01
456.850000,1.0003877236e-03,2.4926055773e-01
456.900000,9.9820851569e-04,2.4130375111e-01
456.950000,1.0004317907e-03,2.3341204362e-01
457.000000,9.9855290255e-04,2.4875690100e-01
457.050000,1.0001879255e-03,2.4838153401e-01
457.100000,9.9965394045e-04,2.4143870548e-01
457.150000,1.0006575173e-03,2.4981397277e-01
457.200000,1.0009908574e-03,2.3920638610e-01
457.250000,9.9972681764e-04,2.4463075982e-01
457.300000,9.9834754517e-04,2.4277535951e-01
457.350000,9.9933011417e-04,2.4115348373e-01
457.400000,9.9789935598e-04,2.4253403259e-01
457.450000,9.9926233539e-04,2.4322666511e-01
457.500000,1.0025835854e-03,2.4681258707e-01
457.550000,9.9834860034e-04,2.3565121277e-01
457.600000,1.0008472493e-03,2.4609115392e-01
457.650000,9.9988049810e-04,2.4488976840e-01
457.700000,9.9875498012e-04,2.4268533598e-01
457.750000,1.0005975365e-03,2.4676886771e-01
457.800000,1.0007038154e-03,2.5045507439e-01
457.850000,9.9914505004e-04,2.4875185833e-01
457.900000,9.9963641680e-04,2.4657979606e-01
457.950000,9.9959860462e-04,2.3879585653e-01
458.000000,9.9870441532e-04,2.4886759427e-01
458.050000,1.0011916124e-03,2.4621279414e-01
458.100000,1.0018819866e-03,2.4600135173e-01
458.150000,1.0007967555e-03,2.5443009316e-01
458.200000,1.0001432475e-03,2.4632010011e-01
458.250000,9.9883666140e-04,2.5143286786e-01
458.300000,9.9814429738e-04,2.3470972302e-01
458.350000,9.9861962244e-04,2.4606098059e-01
458.400000,1.0015442693e-03,2.4800516565e-01
458.450000,9.9813404100e-04,2.4314530873e-01
458.500000,1.0000266073e-03,2.4824824316e-01
458.550000,9.9972477629e-04,2.4646786297e-01
458.600000,1.0008232682e-03,2.3997539125e-01
458.650000,1.0015072652e-03,2.4131637467e-01
458.700000,9.9979394725e-04,2.3992165055e-01
458.750000,9.9980783291e-04,2.4719986195e-01
458.800000,9.9820828054e-04,2.5028825805e-01
458.850000,1.0001412326e-03,2.3567807197e-01
458.900000,1.0017350361e-03,2.5054851030e-01
458.950000,1.0002245489e-03,2.4425166905e-01
459.000000,9.9956697785e-04,2.4409002442e-01
459.050000,1.0018984035e-03,2.5211475877e-01
459.100000,1.0001740236e-03,2.4191353666e-01
459.150000,9.9915081285e-04,2.4051493925e-01
459.200000,9.9855485550e-04,2.3960355505e-01
459.250000,9.9986752586e-04,2.4633828917e-01
459.300000,9.9909516712e-04,2.4181512230e-01
459.350000,1.0011332233e-03,2.4490128902e-01
459.400000,1.0005425435e-03,2.4423324335e-01
459.450000,1.0000131171e-03,2.3728691431e-01
459.500000,9.9988599012e-04,2.4260689141e-01
459.550000,9.9933107668e-04,2.5001246678e-01
459.600000,1.0011631522e-03,2.4048970394e-01
459.650000,1.0002995346e-03,2.4971401141e-01
459.700000,1.0004800333e-03,2.4512688662e-01
459.750000,9.9981664680e-04,2.3731939150e-01
459.800000,1.0004222209e-03,2.3831378542e-01
459.850000,9.9973230239e-04,2.4117544049e-01
459.900000,1.0019868886e-03,2.4560773274e-01
459.950000,1.0008032501e-03,2.5195260498e-01
460.000000,1.0010112488e-03,2.4263138136e-01
460.050000,9.9873403372e-04,2.4449741944e-01
460.100000,1.0006890031e-03,2.5414750281e-01
460.150000,1.0007487200e-03,2.5097900660e-01
460.200000,9.9907446077e-04,2.4233655379e-01
460.250000,9.9967951131e-04,2.4013746019e-01
460.300000,9.9921391558e-04,2.4410965031e-01
460.350000,9.9774988595e-04,2.4722513419e-01
460.400000,1.0013761050e-03,2.5684462989e-01
460.450000,1.0004216187e-03,2.4994724783e-01
460.500000,1.0020989083e-03,2.4407879599e-01
460.550000,9.9882203638e-04,2.4663859776e-01
460.600000,9.9836901726e-04,2.4025504626e-01
460.650000,9.9874945405e-04,2.4911689165e-01
460.700000,9.9985632003e-04,2.4147606349e-01
460.750000,9.9998478395e-04,2.4344441636e-01
460.800000,1.0001015803e-03,2.4825531392e-01
460.850000,9.9933937733e-04,2.4206442301e-01
460.900000,9.9970652084e-04,2.4398984763e-01
460.950000,1.0011904900e-03,2.4671529485e-01
461.000000,1.0003942653e-03,2.4344294195e-01
461.050000,9.9973300149e-04,2.3868267319e-01
461.100000,9.9881596261e-04,2.4155793403e-01
461.150000,9.9936415003e-04,2.4844620424e-01
461.200000,1.0000464099e-03,2.3723122047e-01
461.250000,1.0018602278e-03,2.3594841529e-01
461.300000,1.0018327727e-03,2.4560016534e-01
461.350000,1.0001209813e-03,2.5127580231e-01
461.400000,9.9949532177e-04,2.5014629225e-01
461.450000,9.9704192145e-04,2.4561650214e-01
461.500000,9.9957436857e-04,2.4354455604e-01
461.550000,9.9981362240e-04,2.3656741138e-01
461.600000,9.9966281077e-04,2.4190564019e-01
461.650000,9.9777560583e-04,2.4308345414e-01
461.700000,9.9910512275e-04,2.3659529519e-01
461.750000,1.0004743137e-03,2.4306463848e-01
461.800000,9.9868552741e-04,2.3854807086e-01
461.850000,9.9936229736e-04,2.4579655979e-01
461.900000,1.0004172092e-03,2.3789865863e-01
461.950000,9.9915670618e-04,2.5183875178e-01
462.000000,9.9773954706e-04,2.5246092007e-01
462.050000,1.0011688953e-03,2.4979030909e-01
462.100000,1.0007066681e-03,2.4689101621e-01
462.150000,9.9932641380e-04,2.4507028233e-01
462.200000,9.9915562770e-04,2.3963720640e-01
462.250000,9.9982646195e-04,2.4872387956e-01
462.300000,9.9775147282e-04,2.4471060617e-01
462.350000,9.9955836104e-04,2.4847813098e-01
462.400000,1.0018686960e-03,2.3845582253e-01
462.450000,1.0005707977e-03,2.4739771534e-01
462.500000,9.9784470373e-04,2.3481210931e-01
462.550000,9.9996468279e-04,2.4166773022e-01
462.600000,1.0002883893e-03,2.4938545696e-01
462.650000,9.9880000269e-04,2.3565894624e-01
462.700000,9.9944677284e-04,2.4405978246e-01
462.750000,9.9989586395e-04,2.4309859679e-01
462.800000,1.0008001005e-03,2.4155313816e-01
462.850000,1.0010946776e-03,2.5567508213e-01
462.900000,9.9936342911e-04,2.4447875502e-01
462.950000,9.9980301541e-04,2.4533983217e-01
463.000000,1.0016924457e-03,2.4900358257e-01
463.050000,1.0002741914e-03,2.5011942036e-01
463.100000,1.0009511811e-03,2.4334288552e-01
463.150000,1.0017053654e-03,2.4734139726e-01
463.200000,9.9880029052e-04,2.5253522802e-01
463.250000,1.0004863283e-03,2.4523411874e-01
463.300000,9.9963059389e-04,2.4946858575e-01
463.350000,1.0003046503e-03,2.4173066616e-01
463.400000,9.9912609848e-04,2.5282199530e-01
463.450000,1.0010841324e-03,2.4771156054e-01
463.500000,1.0008069499e-03,2.4608453323e-01
463.550000,9.9877333800e-04,2.4665156989e-01
463.600000,1.0018414516e-03,2.5460717177e-01
463.650000,9.9827317618e-04,2.4628277234e-01
463.700000,1.0024400420e-03,2.4462729990e-01
463.750000,1.0003840469e-03,2.3844256663e-01
463.800000,9.9908707568e-04,2.4409352189e-01
463.850000,1.0004845059e-03,2.4695930544e-01
463.900000,9.9900346758e-04,2.4440415961e-01
463.950000,1.0009369687e-03,2.4433930684e-01
464.000000,9.9955626871e-04,2.5082830806e-01
464.050000,9.9990229661e-04,2.5293139482e-01
464.100000,1.0002906001e-03,2.4131342562e-01
464.150000,1.0008357460e-03,2.4709151441e-01
464.200000,9.9924616351e-04,2.5490362129e-01
464.250000,9.9797400273e-04,2.4564095806e-01
464.300000,9.9930690884e-04,2.3860364907e-01
464.350000,1.0012968815e-03,2.3577323066e-01
464.400000,9.9933541036e-04,2.4867536518e-01
464.450000,1.0011262200e-03,2.5658479129e-01
464.500000,1.0007463515e-03,2.4395839077e-01
464.550000,1.0014146969e-03,2.4803150829e-01
464.600000,1.0006581049e-03,2.3596814739e-01
464.650000,1.0004671676e-03,2.4360293376e-01
464.700000,1.0002438126e-03,2.5530107265e-01
464.750000,1.0003829419e-03,2.4737664163e-01
464.800000,1.0001580292e-03,2.4265278021e-01
464.850000,1.0011997091e-03,2.4684994144e-01
464.900000,1.0011926439e-03,2.4578527734e-01
464.950000,9.9971515961e-04,2.4874065495e-01
465.000000,1.0014285577e-03,2.4114981440e-01
465.050000,1.0007475110e-03,2.4621431587e-01
465.100000,9.9847238968e-04,2.4225336576e-01
465.150000,1.0001682718e-03,2.4618489209e-01
465.200000,9.9919808504e-04,2.4049672746e-01
465.250000,9.9936769857e-04,2.4623242466e-01
465.300000,9.9853797502e-04,2.5578708180e-01
465.350000,1.0008048831e-03,2.4142640388e-01
465.400000,9.9882530717e-04,2.4251993547e-01
465.450000,9.9760840713e-04,2.4645457488e-01
465.500000,9.9956839213e-04,2.5545961764e-01
465.550000,9.9934140371e-04,2.5042052007e-01
465.600000,9.9971074254e-04,2.5672409000e-01
465.650000,9.9982897994e-04,2.4380574796e-01
465.700000,1.0004067409e-03,2.5136167799e-01
465.750000,9.9899089795e-04,2.4827003237e-01
465.800000,1.0004389435e-03,2.4128540939e-01
465.850000,1.0007322027e-03,2.4810623484e-01
465.900000,1.0015585620e-03,2.4054001664e-01
465.950000,9.9887541937e-04,2.4836614524e-01
466.000000,9.9891626291e-04,2.3744401182e-01
466.050000,1.0001116653e-03,2.5385058727e-01
466.100000,9.9951402739e-04,2.4651520686e-01
466.150000,9.9826803632e-04,2.3656983067e-01
466.200000,9.9932963438e-04,2.4742081280e-01
466.250000,9.9986711344e-04,2.3395801105e-01
466.300000,9.9975058093e-04,2.5260251023e-01
466.350000,1.0002903628e-03,2.4467149331e-01
466.400000,1.0002488145e-03,2.5085885196e-01
466.450000,1.0006090474e-03,2.5246235036e-01
466.500000,9.9931334203e-04,2.4616488297e-01
466.550000,9.9864429319e-04,2.4945111556e-01
466.600000,9.9928553346e-04,2.4159797285e-01
466.650000,1.0002392631e-03,2.4202035572e-01
466.700000,1.0003750422e-03,2.5433575182e-01
466.750000,1.0000696224e-03,2.4012633948e-01
466.800000,9.9830427186e-04,2.4709767121e-01
466.850000,9.9944963830e-04,2.5333244049e-01
466.900000,9.9747464199e-04,2.4445742176e-01
466.950000,9.9845205525e-04,2.4214976952e-01
467.000000,9.9904869463e-04,2.4612676896e-01
467.050000,1.0012324490e-03,2.5102454502e-01
467.100000,9.9960858328e-04,2.3789732410e-01
467.150000,1.0015845127e-03,2.4603014249e-01
467.200000,9.9947192576e-04,2.4454201029e-01
467.250000,9.9916701561e-04,2.4906256529e-01
467.300000,1.0003600041e-03,2.3851645670e-01
467.350000,9.9896164354e-04,2.4857824971e-01
467.400000,1.0013173559e-03,2.4828771660e-01
467.450000,1.0005523270e-03,2.3880391823e-01
467.500000,9.9975275158e-04,2.4700141289e-01
467.550000,1.0001802776e-03,2.4148236212e-01
467.600000,9.9951257717e-04,2.4702320138e-01
467.650000,9.9874478482e-04,2.5021383997e-01
467.700000,1.0015007936e-03,2.4149513118e-01
467.750000,1.0003692053e-03,2.3962188341e-01
467.800000,9.9959675093e-04,2.4084483286e-01
467.850000,9.9942898827e-04,2.5120992130e-01
467.900000,9.9792421431e-04,2.4180052476e-01
467.950000,1.0007268814e-03,2.5025498866e-01
468.000000,1.0000503469e-03,2.4680682503e-01
468.050000,1.0010943286e-03,2.4962857097e-01
468.100000,9.9915673759e-04,2.5152783943e-01
468.150000,9.9958959582e-04,2.4940226094e-01
468.200000,1.0010222362e-03,2.4716251828e-01
468.250000,1.0008021290e-03,2.3780759591e-01
468.300000,9.9937745416e-04,2.5340656634e-01
468.350000,1.0013331100e-03,2.4684248723e-01
468.400000,9.9877686364e-04,2.4178808929e-01
468.450000,1.0008942532e-03,2.4114146480e-01
468.500000,9.9954309342e-04,2.4408612685e-01
468.550000,9.9890369276e-04,2.3992113741e-01
468.600000,9.9879455245e-04,2.5174323259e-01
468.650000,1.0015432221e-03,2.4918669926e-01
468.700000,1.0007610740e-03,2.4768676501e-01
468.750000,1.0000870841e-03,2.4863456006e-01
468.800000,9.9906140507e-04,2.4734861899e-01
468.850000,1.0005586530e-03,2.4996535165e-01
468.900000,9.9967623415e-04,2.4552304356e-01
468.950000,1.0014148614e-03,2.4230252288e-01
469.000000,1.0003709389e-03,2.4816797933e-01
469.050000,9.9982038376e-04,2.4364015939e-01
469.100000,9.9992451745e-04,2.4978073777e-01
469.150000,9.9953786225e-04,2.4129687488e-01
469.200000,1.0000159038e-03,2.4524394347e-01
469.250000,1.0008642194e-03,2.4392642424e-01
469.300000,9.9980615858e-04,2.5331063985e-01
469.350000,1.0005456246e-03,2.5121125871e-01
469.400000,1.0002158568e-03,2.4909895305e-01
469.450000,9.9789190310e-04,2.5026066459e-01
469.500000,1.0005322966e-03,2.4008354763e-01
469.550000,9.9909749746e-04,2.4887767512e-01
469.600000,9.9919392812e-04,2.5595175982e-01
469.650000,1.0019135471e-03,2.4155997265e-01
469.700000,9.9957568160e-04,2.3837904636e-01
469.750000,1.0003050165e-03,2.4686651243e-01
469.800000,9.9879309579e-04,2.4447347258e-01
469.850000,1.0020875042e-03,2.4586600217e-01
469.900000,9.9989579914e-04,2.3843688644e-01
469.950000,1.0000016364e-03,2.4547150197e-01
470.000000,1.0009263687e-03,2.4071673761e-01
470.050000,1.0004665393e-03,2.4776556354e-01
470.100000,9.9903932656e-04,2.3684042622e-01
470.150000,1.0003873273e-03,2.3961722148e-01
470.200000,1.0011354752e-03,2.4275716105e-01
470.250000,1.0003325133e-03,2.4257088815e-01
470.300000,1.0002552383e-03,2.4078238108e-01
470.350000,9.9929179342e-04,2.5489438901e-01
470.400000,1.0024505130e-03,2.4117748507e-01
470.450000,9.9922651298e-04,2.4388104382e-01
470.500000,9.9989509311e-04,2.4865308915e-01
470.550000,1.0005098925e-03,2.3821170384e-01
470.600000,9.9963225041e-04,2.5305076794e-01
470.650000,9.9907516122e-04,2.4678209306e-01
470.700000,9.9947956143e-04,2.4268212576e-01
470.750000,1.0000279337e-03,2.3901845485e-01
470.800000,1.0007436645e-03,2.4221219625e-01
470.850000,9.9987153823e-04,2.4386931149e-01
470.900000,1.0002506271e-03,2.5054352894e-01
470.950000,1.0008585350e-03,2.4435544079e-01
471.000000,9.9932313391e-04,2.4516462010e-01
471.050000,1.0011707022e-03,2.4094080675e-01
471.100000,1.0016534951e-03,2.4983932487e-01
471.150000,9.9994568151e-04,2.3641479134e-01
471.200000,9.9954916216e-04,2.4457108501e-01
471.250000,1.0004189932e-03,2.4708084385e-01
471.300000,1.0006661769e-03,2.4181211653e-01
471.350000,9.9783945640e-04,2.3924512327e-01
471.400000,9.9930553011e-04,2.4238328385e-01
471.450000,1.0002876109e-03,2.5037357825e-01
471.500000,1.0004382041e-03,2.4740947035e-01
471.550000,9.9944025088e-04,2.4513498507e-01
471.600000,9.9991389603e-04,2.4764794667e-01
471.650000,1.0009734293e-03,2.4230465899e-01
471.700000,9.9988596896e-04,2.4042306958e-01
471.750000,9.9970218145e-04,2.3964667725e-01
471.800000,1.0004853367e-03,2.5149877573e-01
471.850000,1.0012377694e-03,2.3887776284e-01
471.900000,1.0001822551e-03,2.3801662322e-01
471.950000,1.0001687003e-03,2.4463036413e-01
472.000000,9.9882596075e-04,2.3743746429e-01
472.050000,9.9832321529e-04,2.4427388135e-01
472.100000,9.9952620225e-04,2.4586663680e-01
472.150000,9.9916994723e-04,2.4989077930e-01
472.200000,1.0009049132e-03,2.4747125281e-01
472.250000,1.0003486895e-03,2.4117617948e-01
472.300000,1.0000548470e-03,2.4833985530e-01
472.350000,9.9823707475e-04,2.4602312429e-01
472.400000,9.9882946165e-04,2.5059498187e-01
472.450000,9.9851516276e-04,2.4272838278e-01
472.500000,1.0010321706e-03,2.4412209793e-01
472.550000,1.0007566854e-03,2.4870837478e-01
472.600000,1.0020625050e-03,2.4755097791e-01
472.650000,9.9974377908e-04,2.3859781549e-01
472.700000,1.0003059801e-03,2.5008680890e-01
472.750000,1.0010892339e-03,2.4073724448e-01
472.800000,9.9891770613e-04,2.4794939649e-01
472.850000,9.9884975053e-04,2.3944941421e-01
472.900000,1.0007131564e-03,2.4526480794e-01
472.950000,1.0018604062e-03,2.4693065439e-01
473.000000,1.0025312466e-03,2.4633879474e-01
473.050000,1.0016110591e-03,2.4721726036e-01
473.100000,9.9959580818e-04,2.4368879239e-01
473.150000,9.9915218037e-04,2.3553320726e-01
473.200000,9.9993886826e-04,2.3880829227e-01
473.250000,1.0001119727e-03,2.5031783499e-01
473.300000,1.0005819116e-03,2.4271294465e-01
473.350000,1.0017247636e-03,2.4863625580e-01
473.400000,9.9889339378e-04,2.4430256857e-01
473.450000,9.9851871739e-04,2.4676917052e-01
473.500000,1.0000405929e-03,2.4834849882e-01
473.550000,9.9855174130e-04,2.3376489839e-01
473.600000,1.0003067911e-03,2.4669037444e-01
473.650000,1.0007863299e-03,2.4225394229e-01
473.700000,1.0005884013e-03,2.4702581777e-01
473.750000,9.9884652471e-04,2.4206521705e-01
473.800000,1.0020301046e-03,2.4214452064e-01
473.850000,9.9847682679e-04,2.4477592933e-01
473.900000,1.0022568927e-03,2.4441822052e-01
473.950000,9.9918912529e-04,2.4657135409e-01
474.000000,9.9922865625e-04,2.4829121081e-01
474.050000,9.9956723115e-04,2.5114232451e-01
474.100000,9.9915736274e-04,2.5199932637e-01
474.150000,1.0007910115e-03,2.4899166330e-01
474.200000,1.0011041540e-03,2.4280310004e-01
474.250000,1.0013747900e-03,2.4148997812e-01
474.300000,1.0010089444e-03,2.5099719667e-01
474.350000,9.9980248051e-04,2.5357344958e-01
474.400000,9.9941938056e-04,2.4520418439e-01
474.450000,9.9937466924e-04,2.4302639159e-01
474.500000,9.9947049277e-04,2.5494850759e-01
474.550000,1.0014078588e-03,2.5034848947e-01
474.600000,9.9956178459e-04,2.4286359348e-01
474.650000,1.0002522051e-03,2.4176340100e-01
474.700000,1.0026094120e-03,2.4150287483e-01
474.750000,1.0001879491e-03,2.4532409605e-01
474.800000,1.0009562832e-03,2.4573989320e-01
474.850000,9.9988192135e-04,2.4138136971e-01
474.900000,1.0003701223e-03,2.5538703938e-01
474.950000,1.0009062032e-03,2.4692980174e-01
475.000000,9.9925324211e-04,2.5398699596e-01
475.050000,1.0009014997e-03,2.4231984279e-01
475.100000,9.9995383212e-04,2.4070308092e-01
475.150000,9.9970136045e-04,2.4240049476e-01
475.200000,1.0006092547e-03,2.4703864059e-01
475.250000,9.9912993598e-04,2.4609589321e-01
475.300000,1.0013055385e-03,2.4742169466e-01
475.350000,9.9936658153e-04,2.4665585076e-01
475.400000,1.0004251311e-03,2.5198958122e-01
475.450000,9.9961206710e-04,2.4912626318e-01
475.500000,9.9965557873e-04,2.3944244388e-01
475.550000,9.9961652251e-04,2.4286449528e-01
475.600000,1.0003243085e-03,2.4879096158e-01
475.650000,1.0001607693e-03,2.3594306775e-01
475.700000,9.9925540321e-04,2.4170605538e-01
475.750000,9.9886908027e-04,2.5246964261e-01
475.800000,1.0012875493e-03,2.4622681765e-01
475.850000,1.0009701767e-03,2.4897924981e-01
475.900000,1.0006324768e-03,2.4993780176e-01
475.950000,1.0006446122e-03,2.5277021021e-01
476.000000,1.0007570033e-03,2.4862484981e-01
476.050000,9.9799524394e-04,2.4673497654e-01
476.100000,1.0004093760e-03,2.4927074708e-01
476.150000,9.9843242073e-04,2.4642446651e-01
476.200000,9.9957036625e-04,2.4185750411e-01
476.250000,9.9940234760e-04,2.4787991460e-01
476.300000,9.9985117985e-04,2.4493168570e-01
476.350000,9.9952614333e-04,2.3401786941e-01
476.400000,9.9792040626e-04,2.4470226917e-01
476.450000,1.0001161378e-03,2.4476128581e-01
476.500000,1.0004327009e-03,2.4219948308e-01
476.550000,1.0000661199e-03,2.4969586673e-01
476.600000,9.9839023855e-04,2.5176006049e-01
476.650000,1.0004968234e-03,2.4750790923e-01
476.700000,9.9973490671e-04,2.5035481140e-01
476.750000,1.0000180920e-03,2.4712798654e-01
476.800000,9.9989581137e-04,2.4740293688e-01
476.850000,1.0000648529e-03,2.4658672960e-01
476.900000,9.9998117914e-04,2.4355642186e-01
476.950000,1.0006925402e-03,2.4407936860e-01
477.000000,9.9922282705e-04,2.4674368092e-01
477.050000,9.9918240422e-04,2.4108921634e-01
477.100000,9.9975784944e-04,2.4390776600e-01
477.150000,9.9957313149e-04,2.4817763076e-01
477.200000,9.9974063195e-04,2.4031704384e-01
477.250000,9.9902824364e-04,2.4868609237e-01
477.300000,1.0003783950e-03,2.4460656060e-01
477.350000,9.9867001692e-04,2.4286132965e-01
477.400000,9.9856438339e-04,2.4799700780e-01
477.450000,1.0007473822e-03,2.4801192488e-01
477.500000,1.0003900418e-03,2.4779202074e-01
477.550000,9.9960013388e-04,2.4313396725e-01
477.600000,9.9966116907e-04,2.4246821720e-01
477.650000,9.9963847839e-04,2.4122982485e-01
477.700000,1.0021307261e-03,2.4759066316e-01
477.750000,1.0003337843e-03,2.4908217161e-01
477.800000,9.9923787863e-04,2.4943163836e-01
477.850000,1.0012235933e-03,2.4198198717e-01
477.900000,1.0005165151e-03,2.3949253925e-01
477.950000,1.0004287252e-03,2.4074826974e-01
478.000000,9.9990994472e-04,2.4789003087e-01
478.050000,9.9775971531e-04,2.4776342246e-01
478.100000,9.9967316224e-04,2.4644901420e-01
478.150000,1.0013004728e-03,2.5320552370e-01
478.200000,1.0010124636e-03,2.4342029878e-01
478.250000,1.0002490188e-03,2.3753083666e-01
478.300000,1.0007583206e-03,2.4789746133e-01
478.350000,1.0001058772e-03,2.4947550715e-01
478.400000,1.0017394695e-03,2.4434047115e-01
478.450000,1.0012259550e-03,2.3845558731e-01
478.500000,9.9918694215e-04,2.4345966274e-01
478.550000,1.0012953940e-03,2.5099437086e-01
478.600000,1.0008345589e-03,2.3860020449e-01
478.650000,9.9934734752e-04,2.4798570473e-01
478.700000,1.0005157949e-03,2.4177923664e-01
478.750000,9.9747630778e-04,2.4886233634e-01
478.800000,1.0030742832e-03,2.4018112994e-01
478.850000,9.9895650500e-04,2.3554699483e-01
478.900000,9.9990726786e-04,2.4958737237e-01
478.950000,9.9843953692e-04,2.4721151023e-01
479.000000,9.9808403740e-04,2.4917463101e-01
479.050000,9.9935247129e-04,2.4648701475e-01
479.100000,9.9879201387e-04,2.3969930812e-01
479.150000,1.0003756699e-03,2.4186434388e-01
479.200000,9.9926785141e-04,2.4521245553e-01
479.250000,1.0006228495e-03,2.4545832905e-01
479.300000,9.9851485095e-04,2.3886307811e-01
479.350000,1.0007305606e-03,2.4246439945e-01
479.400000,9.9950835935e-04,2.4458522548e-01
479.450000,9.9941312639e-04,2.4291007431e-01
479.500000,1.0007369675e-03,2.5067018306e-01
479.550000,9.9950710325e-04,2.3922170415e-01
479.600000,1.0015196917e-03,2.3945233485e-01
479.650000,1.0001292201e-03,2.4614076507e-01
479.700000,1.0006178334e-03,2.3949260221e-01
479.750000,9.9904492981e-04,2.4747021595e-01
479.800000,9.9991576764e-04,2.4383455672e-01
479.850000,9.9981585007e-04,2.4702416401e-01
479.900000,1.0008775032e-03,2.4376460839e-01
479.950000,9.9985690212e-04,2.4359648348e-01
480.000000,1.0012251175e-03,2.4697035103e-01
480.050000,9.9923739910e-04,2.4435566256e-01
480.100000,1.0008235675e-03,2.3615476782e-01
480.150000,9.9980371640e-04,2.3868141899e-01
480.200000,1.0005067045e-03,2.4209535612e-01
480.250000,1.0002090660e-03,2.4625674846e-01
480.300000,9.9959627087e-04,2.5012871718e-01
480.350000,9.9862269106e-04,2.4718521134e-01
480.400000,9.9984843065e-04,2.4854903351e-01
480.450000,1.0005299580e-03,2.4506669500e-01
480.500000,9.9911493094e-04,2.3560049293e-01
480.550000,1.0004244827e-03,2.4856578887e-01
480.600000,1.0000138761e-03,2.4447992156e-01
480.650000,9.9801563166e-04,2.4130415236e-01
480.700000,9.9979028775e-04,2.4636234256e-01
480.750000,9.9914702496e-04,2.5027398948e-01
480.800000,9.9919612004e-04,2.3996617392e-01
480.850000,9.9957635809e-04,2.4186634973e-01
480.900000,1.0004238414e-03,2.4247078118e-01
480.950000,9.9980595629e-04,2.4726653234e-01
481.000000,9.9984714848e-04,2.3990330352e-01
481.050000,9.9893393382e-04,2.4004527615e-01
481.100000,9.9992870455e-04,2.3708073555e-01
481.150000,9.9981228156e-04,2.5173602598e-01
481.200000,9.9987607537e-04,2.4243398716e-01
481.250000,1.0010672442e-03,2.4570544853e-01
481.300000,9.9918607016e-04,2.4098040730e-01
481.350000,9.9957470071e-04,2.5371218710e-01
481.400000,1.0001856666e-03,2.3752713903e-01
481.450000,9.9992667271e-04,2.4388518803e-01
481.500000,9.9732868786e-04,2.3790123037e-01
481.550000,9.9907145954e-04,2.3887522986e-01
481.600000,9.9961491826e-04,2.4281421303e-01
481.650000,1.0025163503e-03,2.4895876986e-01
481.700000,9.9949194607e-04,2.4428216166e-01
481.750000,1.0005005263e-03,2.4420091003e-01
481.800000,9.9909571291e-04,2.4081975028e-01
481.850000,1.0000075460e-03,2.4967482747e-01
481.900000,1.0002090321e-03,2.4465734502e-01
481.950000,1.0004505725e-03,2.5159261852e-01
482.000000,1.0010302652e-03,2.5065582391e-01
482.050000,9.9923644505e-04,2.5031927960e-01
482.100000,9.9746838094e-04,2.4411018831e-01
482.150000,1.0013969414e-03,2.4942533819e-01
482.200000,1.0005597232e-03,2.3968126096e-01
482.250000,1.0003773542e-03,2.3691739040e-01
482.300000,9.9937895683e-04,2.4283480294e-01
482.350000,9.9929866265e-04,2.4206736993e-01
482.400000,1.0012962510e-03,2.4387132100e-01
482.450000,1.0003897541e-03,2.4793595604e-01
482.500000,1.0006116885e-03,2.3998078946e-01
482.550000,1.0017556874e-03,2.4822384083e-01
482.600000,9.9959012725e-04,2.4252979267e-01
482.650000,1.0016890082e-03,2.4914375524e-01
482.700000,1.0011038140e-03,2.5252179798e-01
482.750000,9.9909786704e-04,2.3675969877e-01
482.800000,9.9956364187e-04,2.3958294600e-01
482.850000,9.9907108474e-04,2.4509142890e-01
482.900000,9.9833925025e-04,2.4099102307e-01
482.950000,9.9884849411e-04,2.4875529420e-01
483.000000,9.9674917304e-04,2.4619917023e-01
483.050000,1.0008119908e-03,2.4601589894e-01
483.100000,9.9944791535e-04,2.4771652443e-01
483.150000,1.0007056850e-03,2.4253791485e-01
483.200000,1.0001725319e-03,2.4110426576e-01
483.250000,1.0002137931e-03,2.4853783681e-01
483.300000,9.9915896672e-04,2.4993017363e-01
483.350000,9.9948737849e-04,2.4435402408e-01
483.400000,1.0022533172e-03,2.3524996651e-01
483.450000,9.9999421854e-04,2.4731544411e-01
483.500000,9.9914323262e-04,2.4917415507e-01
483.550000,1.0002322944e-03,2.4181737056e-01
483.600000,9.9801152342e-04,2.4494929976e-01
483.650000,9.9966091934e-04,2.3728848527e-01
483.700000,9.9902294489e-04,2.5981158733e-01
483.750000,9.9920115895e-04,2.4888202074e-01
483.800000,1.0004908278e-03,2.3879875791e-01
483.850000,1.0003415401e-03,2.3519899882e-01
483.900000,9.9948454660e-04,2.5153002178e-01
483.950000,1.0002874523e-03,2.4782180518e-01
484.000000,1.0009078273e-03,2.4954378073e-01
484.050000,1.0015557795e-03,2.5470139198e-01
484.100000,9.9982168373e-04,2.4751396492e-01
484.150000,9.9960552348e-04,2.4832731845e-01
484.200000,9.9945834174e-04,2.3750259772e-01
484.250000,9.9992549195e-04,2.4269622523e-01
484.300000,9.9870805956e-04,2.4367664087e-01
484.350000,9.9997293976e-04,2.4144805289e-01
484.400000,1.0005825206e-03,2.3952311387e-01
484.450000,1.0003089377e-03,2.4026106299e-01
484.500000,9.9923838398e-04,2.4365514219e-01
484.550000,1.0001776409e-03,2.4501167239e-01
484.600000,1.0017366892e-03,2.4569935463e-01
484.650000,1.0002657144e-03,2.4109882100e-01
484.700000,1.0006977127e-03,2.4800710620e-01
484.750000,9.9966359478e-04,2.4922162392e-01
484.800000,9.9997014265e-04,2.4040612450e-01
484.850000,1.0012781476e-03,2.4057281119e-01
484.900000,9.9944577431e-04,2.4803458527e-01
484.950000,9.9862250766e-04,2.4259242071e-01
485.000000,9.9925604145e-04,2.4288276542e-01
485.050000,1.0008704353e-03,2.4496508075e-01
485.100000,1.0009261887e-03,2.4134008571e-01
485.150000,9.9866364811e-04,2.4100107711e-01
485.200000,1.0009966842e-03,2.4950422473e-01
485.250000,1.0008576073e-03,2.4111895144e-01
485.300000,1.0003410022e-03,2.5321186706e-01
485.350000,1.0021492009e-03,2.5256197908e-01
485.400000,1.0019530849e-03,2.4363637344e-01
485.450000,1.0021816134e-03,2.4773370482e-01
485.500000,9.9988146061e-04,2.4643161966e-01
485.550000,1.0003776404e-03,2.4713544305e-01
485.600000,1.0005501504e-03,2.4460865880e-01
485.650000,9.9973452358e-04,2.4533146671e-01
485.700000,1.0002884250e-03,2.4154798954e-01
485.750000,1.0017267032e-03,2.5235033498e-01
485.800000,9.9908928850e-04,2.5174094852e-01
485.850000,1.0002826687e-03,2.5297054122e-01
485.900000,9.9942976650e-04,2.4973580783e-01
485.950000,1.0008655864e-03,2.5308586158e-01
486.000000,9.9961015969e-04,2.4543800107e-01
486.050000,9.9899023041e-04,2.5018591501e-01
486.100000,1.0002338741e-03,2.4369904313e-01
486.150000,9.9841838616e-04,2.4220367697e-01
486.200000,9.9995943687e-04,2.4149148764e-01
486.250000,1.0004494068e-03,2.3697209915e-01
486.300000,9.9961924203e-04,2.4177202306e-01
486.350000,1.0018015835e-03,2.3315789314e-01
486.400000,1.0011371782e-03,2.4743512223e-01
486.450000,1.0006514145e-03,2.4390008531e-01
486.500000,1.0006245002e-03,2.4249481317e-01
486.550000,1.0004635767e-03,2.4444233999e-01
486.600000,1.0004636046e-03,2.4894182807e-01
486.650000,9.9880336821e-04,2.5333436685e-01
486.700000,9.9977230183e-04,2.4654231232e-01
486.750000,1.0009230215e-03,2.4117821810e-01
486.800000,1.0010289657e-03,2.5027698157e-01
486.850000,9.9870078230e-04,2.4164261314e-01
486.900000,1.0002044415e-03,2.4360004020e-01
486.950000,9.9863603499e-04,2.4599410733e-01
487.000000,1.0011545631e-03,2.4775751540e-01
487.050000,9.9963185091e-04,2.4496517241e-01
487.100000,9.9953439867e-04,2.4131562227e-01
487.150000,1.0010190836e-03,2.4134074700e-01
487.200000,1.0006042704e-03,2.4583761671e-01
487.250000,9.9885504891e-04,2.3950575814e-01
487.300000,1.0005014782e-03,2.5719276738e-01
487.350000,9.9952290525e-04,2.4595010899e-01
487.400000,1.0014581430e-03,2.4454655285e-01
487.450000,9.9905079604e-04,2.4218916540e-01
487.500000,9.9960216987e-04,2.4136965240e-01
487.550000,1.0003252258e-03,2.4558789867e-01
487.600000,9.9919995910e-04,2.3858938397e-01
487.650000,9.9940975153e-04,2.5007941310e-01
487.700000,9.9998399592e-04,2.3864388557e-01
487.750000,1.0006400996e-03,2.4224748454e-01
487.800000,1.0008315826e-03,2.4175209305e-01
487.850000,9.9986621126e-04,2.3615496441e-01
487.900000,1.0002309242e-03,2.5078938672e-01
487.950000,1.0004043154e-03,2.4091681258e-01
488.000000,1.0000573182e-03,2.4543261380e-01
488.050000,1.0012153270e-03,2.4299690720e-01
488.100000,9.9908041350e-04,2.4785156360e-01
488.150000,1.0003221430e-03,2.4506343313e-01
488.200000,1.0008469724e-03,2.3987903030e-01
488.250000,1.0012064569e-03,2.4398563645e-01
488.300000,9.9949590965e-04,2.4413856507e-01
488.350000,1.0007870912e-03,2.5040658580e-01
488.400000,1.0012998428e-03,2.4203741660e-01
488.450000,1.0004768398e-03,2.4155972803e-01
488.500000,1.0014758977e-03,2.4683983535e-01
488.550000,9.9904533712e-04,2.4209448907e-01
488.600000,9.9928322546e-04,2.4548360464e-01
488.650000,1.0008977132e-03,2.5419363503e-01
488.700000,1.0002137415e-03,2.4094042607e-01
488.750000,9.9996342747e-04,2.4450921348e-01
488.800000,9.9939893378e-04,2.4951371926e-01
488.850000,1.0004603335e-03,2.4304651154e-01
488.900000,1.0010711118e-03,2.4287061436e-01
488.950000,1.0019711181e-03,2.4542277098e-01
489.000000,9.9999838610e-04,2.4472845446e-01
489.050000,9.9776405554e-04,2.4286972870e-01
489.100000,9.9868481860e-04,2.5020528043e-01
489.150000,1.0005405888e-03,2.4804480915e-01
489.200000,9.9690708289e-04,2.4314896230e-01
489.250000,1.0014412799e-03,2.4131541497e-01
489.300000,9.9944671451e-04,2.4004874049e-01
489.350000,9.9887274732e-04,2.4864419376e-01
489.400000,9.9912544745e-04,2.3393837849e-01
489.450000,9.9900759768e-04,2.5336357668e-01
489.500000,1.0014640954e-03,2.4803398440e-01
489.550000,1.0021113956e-03,2.4005943311e-01
489.600000,9.9950885365e-04,2.4611655431e-01
489.650000,1.0004684393e-03,2.4056621388e-01
489.700000,1.0003092344e-03,2.4502822533e-01
489.750000,1.0006473530e-03,2.4721820630e-01
489.800000,9.9941159711e-04,2.4323106173e-01
489.850000,1.0006917554e-03,2.5299260647e-01
489.900000,1.0004234244e-03,2.4836116991e-01
489.950000,9.9811746015e-04,2.4837145754e-01
490.000000,1.0001541800e-03,2.4895091535e-01
490.050000,9.9906997430e-04,2.5043295254e-01
490.100000,9.9986655766e-04,2.4301941849e-01
490.150000,9.9751137526e-04,2.4588695513e-01
490.200000,1.0001070037e-03,2.4285201520e-01
490.250000,1.0014981711e-03,2.3886792017e-01
490.300000,9.9991052082e-04,2.4727277619e-01
490.350000,1.0022237869e-03,2.4933727285e-01
490.400000,1.0009686597e-03,2.3627620498e-01
490.450000,1.0005074992e-03,2.3793900112e-01
490.500000,9.9956310731e-04,2.5180114461e-01
490.550000,9.9834347932e-04,2.4748513625e-01
490.600000,1.0002092478e-03,2.5104132889e-01
490.650000,9.9937433199e-04,2.4374115710e-01
490.700000,1.0007341213e-03,2.3942914313e-01
490.750000,1.0019754310e-03,2.4186660445e-01
490.800000,9.9863613378e-04,2.3917601877e-01
490.850000,1.0010441273e-03,2.4591953815e-01
490.900000,9.9972124173e-04,2.4459941037e-01
490.950000,9.9826304210e-04,2.3867625638e-01
491.000000,1.0008951176e-03,2.3660017440e-01
491.050000,9.9823194662e-04,2.4416807695e-01
491.100000,1.0029908516e-03,2.4408035379e-01
491.150000,1.0001326474e-03,2.4383154221e-01
491.200000,1.0003624221e-03,2.3958155239e-01
491.250000,9.9926766520e-04,2.4800307352e-01
491.300000,9.9868733906e-04,2.4946689413e-01
491.350000,9.9956775060e-04,2.4394553680e-01
491.400000,9.9938241029e-04,2.3988414116e-01
491.450000,9.9988861060e-04,2.3655120675e-01
491.500000,9.9872956685e-04,2.4789045423e-01
491.550000,1.0001332331e-03,2.4884777596e-01
491.600000,9.9936315855e-04,2.5057454708e-01
491.650000,9.9985732714e-04,2.4437563523e-01
491.700000,1.0016890601e-03,2.4543520860e-01
491.750000,1.0000162403e-03,2.4001997600e-01
491.800000,1.0004823929e-03,2.4740691948e-01
491.850000,9.9831116365e-04,2.3176204729e-01
491.900000,1.0006270480e-03,2.4173609529e-01
491.950000,1.0008411611e-03,2.4451452370e-01
492.000000,9.9964863177e-04,2.4513170906e-01
492.050000,9.9940343591e-04,2.4557223836e-01
492.100000,1.0001541771e-03,2.4704555299e-01
492.150000,1.0001720728e-03,2.5683976007e-01
492.200000,1.0024303735e-03,2.4299442640e-01
492.250000,1.0007632273e-03,2.4306219444e-01
492.300000,9.9933996376e-04,2.3794762087e-01
492.350000,1.0001901393e-03,2.5050398684e-01
492.400000,9.9950488744e-04,2.5271592092e-01
492.450000,1.0014523398e-03,2.3872140131e-01
492.500000,9.9792305345e-04,2.4811321676e-01
492.550000,9.9983701090e-04,2.4096427671e-01
492.600000,1.0004966665e-03,2.4795936631e-01
492.650000,9.9999238210e-04,2.4548211209e-01
492.700000,9.9988978722e-04,2.4484636352e-01
492.750000,9.9865256717e-04,2.4778325284e-01
492.800000,9.9897470581e-04,2.4769670998e-01
492.850000,9.9892877613e-04,2.3859546931e-01
492.900000,9.9974783856e-04,2.3915278483e-01
492.950000,9.9918705466e-04,2.4138309073e-01
493.000000,9.9886332329e-04,2.5048450946e-01
493.050000,1.0009446827e-03,2.5076534043e-01
493.100000,1.0005840125e-03,2.4197971162e-01
493.150000,9.9848030759e-04,2.4110894215e-01
493.200000,9.9842293973e-04,2.3784078497e-01
493.250000,9.9709097842e-04,2.4402649458e-01
493.300000,9.9815334912e-04,2.5015716348e-01
493.350000,9.9963605344e-04,2.4599306973e-01
493.400000,1.0002570821e-03,2.4860720380e-01
493.450000,1.0000534704e-03,2.5040031258e-01
493.500000,1.0008267883e-03,2.4617574755e-01
493.550000,1.0012760966e-03,2.5097157943e-01
493.600000,9.9865005569e-04,2.3831616410e-01
493.650000,1.0003491310e-03,2.4219881326e-01
493.700000,9.9989038531e-04,2.4766132051e-01
493.750000,1.0012583502e-03,2.4837611237e-01
493.800000,1.0013404214e-03,2.3853109351e-01
493.850000,1.0004557847e-03,2.4022897165e-01
493.900000,1.0006515210e-03,2.4466584595e-01
493.950000,9.9923967180e-04,2.4392669860e-01
494.000000,9.9975715800e-04,2.4604348802e-01
494.050000,9.9989358251e-04,2.4051465532e-01
494.100000,1.0012807053e-03,2.3905762307e-01
494.150000,9.9987478373e-04,2.5015710683e-01
494.200000,9.9846762001e-04,2.5117734434e-01
494.250000,9.9979477901e-04,2.5695707306e-01
494.300000,9.9970586308e-04,2.4538985437e-01
494.350000,9.9795429939e-04,2.4522512544e-01
494.400000,1.0000085672e-03,2.4771984044e-01
494.450000,9.9947604067e-04,2.4475166627e-01
494.500000,1.0002623810e-03,2.4322705969e-01
494.550000,1.0005406016e-03,2.3581616925e-01
494.600000,1.0006383557e-03,2.4466203291e-01
494.650000,9.9986240648e-04,2.4285535710e-01
494.700000,9.9931298714e-04,2.4809932418e-01
494.750000,9.9960981946e-04,2.5186519910e-01
494.800000,9.9869828096e-04,2.5321536680e-01
494.850000,1.0006359716e-03,2.5062477299e-01
494.900000,9.9914217329e-04,2.4459698443e-01
494.950000,1.0017118643e-03,2.4194272238e-01
495.000000,1.0012429598e-03,2.4379407728e-01
495.050000,1.0021460597e-03,2.5055268438e-01
495.100000,1.0013331473e-03,2.3723490045e-01
495.150000,1.0002645367e-03,2.4275034523e-01
495.200000,1.0008495807e-03,2.4387554607e-01
495.250000,1.0018491396e-03,2.5094920336e-01
495.300000,1.0004995990e-03,2.4211864427e-01
495.350000,9.9896903171e-04,2.4708732683e-01
495.400000,1.0008301036e-03,2.4667342332e-01
495.450000,1.0003196397e-03,2.4961652067e-01
495.500000,1.0009276939e-03,2.4147039544e-01
495.550000,1.0007887154e-03,2.4959908255e-01
495.600000,9.9989374665e-04,2.4574938303e-01
495.650000,9.9757619716e-04,2.5080508179e-01
495.700000,1.0010391169e-03,2.4480613214e-01
495.750000,1.0001857901e-03,2.4845089883e-01
495.800000,1.0006607341e-03,2.4283620015e-01
495.850000,1.0001442633e-03,2.3828156217e-01
495.900000,1.0007951931e-03,2.4405614979e-01
495.950000,9.9997759384e-04,2.4772732442e-01
496.000000,1.0001489783e-03,2.4217948879e-01
496.050000,1.0006140272e-03,2.4523284038e-01
496.100000,9.9959738824e-04,2.5010103562e-01
496.150000,9.9885991365e-04,2.4638654332e-01
496.200000,9.9675883156e-04,2.4820442922e-01
496.250000,1.0002912144e-03,2.4448997605e-01
496.300000,9.9726518825e-04,2.5502931656e-01
496.350000,9.9964056014e-04,2.4213969364e-01
496.400000,1.0004423282e-03,2.4291773128e-01
496.450000,9.9852837370e-04,2.4161130610e-01
496.500000,9.9950205984e-04,2.4802651084e-01
496.550000,9.9922558077e-04,2.5281459694e-01
496.600000,9.9853473450e-04,2.4643330517e-01
496.650000,1.0006730011e-03,2.4679038776e-01
496.700000,9.9870537584e-04,2.4453338990e-01
496.750000,1.0004523936e-03,2.4333595012e-01
496.800000,9.9895256841e-04,2.4763417536e-01
496.850000,1.0004052518e-03,2.4880736203e-01
496.900000,1.0002900925e-03,2.5297888560e-01
496.950000,9.9930236241e-04,2.4425150317e-01
497.000000,9.9974685784e-04,2.4876605952e-01
497.050000,9.9969718429e-04,2.4533298704e-01
497.100000,1.0001873687e-03,2.5408485354e-01
497.150000,1.0005612153e-03,2.5264509792e-01
497.200000,1.0033301779e-03,2.4325832641e-01
497.250000,9.9948096981e-04,2.4479691051e-01
497.300000,1.0015639267e-03,2.5565755534e-01
497.350000,9.9942369046e-04,2.4838473560e-01
497.400000,1.0003290296e-03,2.4712563569e-01
497.450000,1.0013839776e-03,2.4524696552e-01
497.500000,9.9916526337e-04,2.4602702503e-01
497.550000,9.9848878864e-04,2.3779533639e-01
497.600000,9.9962154584e-04,2.4553373999e-01
497.650000,9.9938698749e-04,2.4857182946e-01
497.700000,9.9930061706e-04,2.4923114001e-01
497.750000,9.9874511010e-04,2.4097680203e-01
497.800000,9.9912961367e-04,2.3646852891e-01
497.850000,1.0000997133e-03,2.4075571364e-01
497.900000,1.0001742771e-03,2.3680166839e-01
497.950000,9.9954578678e-04,2.4399168348e-01
498.000000,9.9873877102e-04,2.5685637505e-01
498.050000,1.0008727539e-03,2.4825901018e-01
498.100000,9.9825536181e-04,2.3753325744e-01
498.150000,1.0005594219e-03,2.4717789694e-01
498.200000,1.0002107590e-03,2.4680386880e-01
498.250000,1.0001826818e-03,2.4356305057e-01
498.300000,9.9990614615e-04,2.4892398461e-01
498.350000,9.9976346223e-04,2.5220001057e-01
498.400000,1.0008348321e-03,2.4929809769e-01
498.450000,9.9957035697e-04,2.4607980396e-01
498.500000,9.9939229341e-04,2.4809064462e-01
498.550000,1.0009179923e-03,2.4437471364e-01
498.600000,9.9857282916e-04,2.4085289785e-01
498.650000,1.0007040236e-03,2.5801306935e-01
498.700000,9.9877768448e-04,2.3952672269e-01
498.750000,9.9772216607e-04,2.3452720099e-01
498.800000,1.0020545968e-03,2.4276356860e-01
498.850000,1.0002406193e-03,2.4115214842e-01
498.900000,9.9828266695e-04,2.4923623016e-01
498.950000,9.9918808799e-04,2.3907781600e-01
499.000000,9.9846345699e-04,2.4176718579e-01
499.050000,1.0015592093e-03,2.5236956133e-01
499.100000,9.9882531080e-04,2.4365796384e-01
499.150000,9.9866000390e-04,2.4860380845e-01
499.200000,1.0012120123e-03,2.3872620371e-01
499.250000,9.9979815774e-04,2.4321480357e-01
499.300000,1.0002374884e-03,2.5074183132e-01
499.350000,9.9866453836e-04,2.4766437418e-01
499.400000,9.9997573500e-04,2.5012112546e-01
499.450000,9.9957185644e-04,2.4633835784e-01
499.500000,9.9799279114e-04,2.4477932257e-01
499.550000,1.0012158607e-03,2.4711691069e-01
499.600000,1.0010386174e-03,2.5617450968e-01
499.650000,9.9966664995e-04,2.4547408607e-01
499.700000,9.9974544163e-04,2.5350743336e-01
499.750000,9.9988381237e-04,2.4925241083e-01
499.800000,1.0004653224e-03,2.4354850409e-01
499.850000,1.0003656206e-03,2.4092577065e-01
499.900000,1.0017111287e-03,2.4897463922e-01
499.950000,1.0005060608e-03,2.4215613667e-01
500.000000,1.0007739103e-03,2.4295413647e-01
500.050000,9.9974942542e-04,2.3868684572e-01
500.100000,9.9979211546e-04,2.4224918121e-01
500.150000,9.9841981024e-04,2.4907936355e-01
500.200000,1.0007087847e-03,2.5081564208e-01
500.250000,1.0000727634e-03,2.4335504787e-01
500.300000,1.0011620607e-03,2.4858951396e-01
500.350000,9.9935118211e-04,2.4599298396e-01
500.400000,1.0009558653e-03,2.4765357791e-01
500.450000,9.9922101905e-04,2.3990009231e-01
500.500000,1.0017202646e-03,2.3872829840e-01
500.550000,9.9913201144e-04,2.5905191745e-01
500.600000,1.0006809774e-03,2.5331970976e-01
500.650000,1.0003229383e-03,2.4849554615e-01
500.700000,9.9816554706e-04,2.4591212517e-01
500.750000,1.0000493821e-03,2.4542837520e-01
500.800000,9.9940644430e-04,2.4589656901e-01
500.850000,9.9786314752e-04,2.4451381696e-01
500.900000,9.9965084038e-04,2.4786252602e-01
500.950000,1.0007833947e-03,2.5330029776e-01
501.000000,1.0007666471e-03,2.4052038390e-01
501.050000,1.0003456045e-03,2.4069642848e-01
501.100000,1.0009544331e-03,2.3901931407e-01
501.150000,1.0003176834e-03,2.4266797722e-01
501.200000,1.0009303802e-03,2.4585345353e-01
501.250000,1.0004493414e-03,2.5134033319e-01
501.300000,9.9977026727e-04,2.4630680652e-01
501.350000,9.9973837530e-04,2.4345607527e-01
501.400000,9.9774617733e-04,2.5259446613e-01
501.450000,1.0001541181e-03,2.4720916883e-01
501.500000,9.9932700726e-04,2.4820641078e-01
501.550000,9.9841637763e-04,2.4576154259e-01
501.600000,9.9887660986e-04,2.4271445273e-01
501.650000,9.9935338139e-04,2.4699993710e-01
501.700000,9.9991092494e-04,2.4715215240e-01
501.750000,9.9986398933e-04,2.5249262803e-01
501.800000,1.0004998806e-03,2.5157173338e-01
501.850000,1.0000070911e-03,2.4339877550e-01
501.900000,9.9963864707e-04,2.4067805957e-01
501.950000,9.9962636039e-04,2.4716768756e-01
502.000000,9.9944193427e-04,2.4404847551e-01
502.050000,9.9973159623e-04,2.4927534106e-01
502.100000,9.9965497140e-04,2.4613803511e-01
502.150000,9.9929157205e-04,2.4988633731e-01
502.200000,9.9937139141e-04,2.4721673275e-01
502.250000,1.0014846862e-03,2.4252077220e-01
502.300000,9.9860488711e-04,2.4507070005e-01
502.350000,9.9968273016e-04,2.4080642928e-01
502.400000,9.9918986417e-04,2.5027201188e-01
502.450000,9.9983606327e-04,2.4990157285e-01
502.500000,1.0015747381e-03,2.4379205988e-01
502.550000,9.9897724230e-04,2.4858115732e-01
502.600000,1.0000310698e-03,2.4648402611e-01
502.650000,1.0003919015e-03,2.4651886736e-01
502.700000,9.9900563521e-04,2.4161031253e-01
502.750000,9.9821309125e-04,2.4417262465e-01
502.800000,1.0015248077e-03,2.4410372199e-01
502.850000,1.0003935176e-03,2.3628935961e-01
502.900000,1.0024737867e-03,2.4298934274e-01
502.950000,9.9899906433e-04,2.4547060408e-01
503.000000,1.0004613648e-03,2.3808414077e-01
503.050000,1.0011865896e-03,2.4507707739e-01
503.100000,9.9934646775e-04,2.4369017696e-01
503.150000,1.0024006482e-03,2.4649105505e-01
503.200000,1.0006207102e-03,2.4817009221e-01
503.250000,9.9870799689e-04,2.4613208845e-01
503.300000,1.0000776917e-03,2.5180833172e-01
503.350000,1.0018064454e-03,2.3857179376e-01
503.400000,9.9952294284e-04,2.3795872317e-01
503.450000,9.9851625081e-04,2.3991251174e-01
503.500000,1.0016523152e-03,2.4870249235e-01
503.550000,1.0003812252e-03,2.4935320579e-01
503.600000,9.9924813814e-04,2.5125054167e-01
503.650000,9.9966577206e-04,2.3655601731e-01
503.700000,1.0004376321e-03,2.4626785842e-01
503.750000,9.9957170687e-04,2.4664319443e-01
503.800000,9.9991309240e-04,2.5483186350e-01
503.850000,1.0007720400e-03,2.4828494023e-01
503.900000,1.0000402277e-03,2.4112315173e-01
503.950000,1.0007614731e-03,2.4121304979e-01
504.000000,1.0011121338e-03,2.4201302556e-01
504.050000,9.9954798928e-04,2.4164428947e-01
504.100000,9.9953037627e-04,2.4821927409e-01
504.150000,1.0017789229e-03,2.4002507386e-01
504.200000,1.0011721505e-03,2.4401697930e-01
504.250000,1.0003097075e-03,2.4505874768e-01
504.300000,1.0003883101e-03,2.4861278033e-01
504.350000,1.0001438198e-03,2.4897013401e-01
504.400000,9.9968279472e-04,2.4384585603e-01
504.450000,1.0000206738e-03,2.5534247277e-01
504.500000,1.0001377242e-03,2.5587281584e-01
504.550000,1.0006233915e-03,2.4577524844e-01
504.600000,9.9966525294e-04,2.5092628906e-01
504.650000,9.9986698295e-04,2.4309242056e-01
504.700000,1.0013400837e-03,2.4047795886e-01
504.750000,1.0001208401e-03,2.4806188063e-01
504.800000,1.0004514952e-03,2.5114467621e-01
504.850000,9.9839434067e-04,2.3953960344e-01
504.900000,1.0004130937e-03,2.4351448148e-01
504.950000,1.0006205485e-03,2.4429833677e-01
505.000000,1.0002152379e-03,2.3835761427e-01
505.050000,1.0015262562e-03,2.4634006315e-01
505.100000,9.9894546241e-04,2.5111113512e-01
505.150000,1.0013245284e-03,2.4325120380e-01
505.200000,1.0007341077e-03,2.3935065155e-01
505.250000,9.9965790684e-04,2.5114382919e-01
505.300000,9.9892473916e-04,2.4240318121e-01
505.350000,9.9843468451e-04,2.3644723865e-01
505.400000,9.9909872537e-04,2.4454071352e-01
505.450000,1.0003129859e-03,2.4298400136e-01
505.500000,1.0005800440e-03,2.5320921467e-01
505.550000,1.0004308483e-03,2.4357274360e-01
505.600000,9.9879917933e-04,2.4604108024e-01
505.650000,1.0008451063e-03,2.4932201794e-01
505.700000,9.9898708882e-04,2.5124375439e-01
505.750000,1.0022304196e-03,2.4075161807e-01
505.800000,9.9971030569e-04,2.4630688811e-01
505.850000,1.0007313586e-03,2.5158396396e-01
505.900000,1.0003910101e-03,2.4069511345e-01
505.950000,9.9924471788e-04,2.5430215971e-01
506.000000,9.9890712321e-04,2.4004436696e-01
506.050000,1.0015850593e-03,2.4808453370e-01
506.100000,9.9881935587e-04,2.4653777393e-01
506.150000,9.9874162663e-04,2.5124908952e-01
506.200000,1.0002721468e-03,2.4135011447e-01
506.250000,9.9983384959e-04,2.4089708251e-01
506.300000,1.0012226588e-03,2.3726696530e-01
506.350000,1.0020885244e-03,2.4605900742e-01
506.400000,1.0004505020e-03,2.5055548598e-01
506.450000,9.9912273252e-04,2.4088953944e-01
506.500000,1.0025044938e-03,2.3898952074e-01
506.550000,1.0015300877e-03,2.4590167700e-01
506.600000,1.0004965368e-03,2.5051726946e-01
506.650000,9.9839842903e-04,2.4858245789e-01
506.700000,1.0005045776e-03,2.4644979021e-01
506.750000,1.0003846065e-03,2.4823768325e-01
506.800000,9.9983056722e-04,2.4113566915e-01
506.850000,9.9780132040e-04,2.3499883266e-01
506.900000,1.0013583998e-03,2.5017088920e-01
506.950000,1.0010894425e-03,2.4673664058e-01
507.000000,9.9965813277e-04,2.3816430862e-01
507.050000,1.0007237070e-03,2.3732480998e-01
507.100000,1.0008802349e-03,2.5147041797e-01
507.150000,1.0002025254e-03,2.4246036235e-01
507.200000,1.0010020779e-03,2.4639230450e-01
507.250000,9.9918869294e-04,2.4544290032e-01
507.300000,9.9966940969e-04,2.4040744042e-01
507.350000,1.0004216070e-03,2.5382498994e-01
507.400000,1.0003038511e-03,2.3803743740e-01
507.450000,9.9975586477e-04,2.3738447614e-01
507.500000,1.0003069051e-03,2.4958909921e-01
507.550000,1.0006262870e-03,2.4885057920e-01
507.600000,9.9845717835e-04,2.4337090328e-01
507.650000,1.0009609411e-03,2.4703513541e-01
507.700000,1.0000291266e-03,2.4213596724e-01
507.750000,1.0017084595e-03,2.4029448148e-01
507.800000,9.9952207884e-04,2.5114454356e-01
507.850000,9.9992168672e-04,2.4119731761e-01
507.900000,9.9821327319e-04,2.5390156377e-01
507.950000,9.9914889961e-04,2.3292529808e-01
508.000000,1.0013332917e-03,2.4678434064e-01
508.050000,9.9939805185e-04,2.3306902062e-01
508.100000,9.9914702994e-04,2.4097316020e-01
508.150000,1.0003724963e-03,2.3831203400e-01
508.200000,1.0014763854e-03,2.5180054290e-01
508.250000,9.9964736903e-04,2.4847987527e-01
508.300000,9.9901597581e-04,2.5530613162e-01
508.350000,1.0005395161e-03,2.4240807279e-01
508.400000,1.0000347396e-03,2.4261256217e-01
508.450000,1.0023275249e-03,2.5167918387e-01
508.500000,9.9834962901e-04,2.4183579242e-01
508.550000,1.0008601924e-03,2.4746325405e-01
508.600000,9.9972043291e-04,2.4494101629e-01
508.650000,9.9905619542e-04,2.4432066264e-01
508.700000,9.9951797375e-04,2.3628128199e-01
508.750000,1.0008537433e-03,2.4312847094e-01
508.800000,9.9999040970e-04,2.3833888123e-01
508.850000,1.0003051100e-03,2.4062030504e-01
508.900000,1.0009921934e-03,2.4477140445e-01
508.950000,9.9954641772e-04,2.4499737115e-01
509.000000,9.9957451438e-04,2.3919042639e-01
509.050000,9.9926319514e-04,2.4664395659e-01
509.100000,1.0005600101e-03,2.3882465638e-01
509.150000,1.0001173239e-03,2.3673758448e-01
509.200000,1.0012042876e-03,2.4390664226e-01
509.250000,9.9746363497e-04,2.4392186275e-01
509.300000,9.9907685514e-04,2.4127173947e-01
509.350000,9.9906297426e-04,2.5308975383e-01
509.400000,9.9912119607e-04,2.4840060130e-01
509.450000,1.0021436622e-03,2.5015391895e-01
509.500000,1.0002636532e-03,2.4435117771e-01
509.550000,9.9964609113e-04,2.4012402384e-01
509.600000,1.0010757847e-03,2.5056963896e-01
509.650000,1.0023162999e-03,2.4440561096e-01
509.700000,1.0004079781e-03,2.4154178127e-01
509.750000,1.0006440673e-03,2.4674202034e-01
509.800000,1.0011913923e-03,2.4323258427e-01
509.850000,9.9943586512e-04,2.5147775420e-01
509.900000,9.9934426695e-04,2.4446793660e-01
509.950000,9.9953556334e-04,2.4928098069e-01
510.000000,9.9832130727e-04,2.4206889250e-01
510.050000,1.0002907781e-03,2.4528133518e-01
510.100000,9.9903548681e-04,2.4490957425e-01
510.150000,1.0008460174e-03,2.5071798101e-01
510.200000,1.0004208045e-03,2.4755363791e-01
510.250000,9.9979702981e-04,2.4256024927e-01
510.300000,9.9961530470e-04,2.4185153347e-01
510.350000,9.9976237826e-04,2.5123381842e-01
510.400000,9.9853698104e-04,2.3924344118e-01
510.450000,1.0005090093e-03,2.5169655283e-01
510.500000,9.9937084167e-04,2.4186857775e-01
510.550000,1.0018471282e-03,2.4869230666e-01
510.600000,1.0001960510e-03,2.3985677001e-01
510.650000,9.9990809706e-04,2.3803308394e-01
510.700000,1.0028318887e-03,2.3717804720e-01
510.750000,1.0021858965e-03,2.4888119320e-01
510.800000,1.0011908804e-03,2.4664433153e-01
510.850000,1.0005073683e-03,2.5203095266e-01
510.900000,9.9948666357e-04,2.3775112797e-01
510.950000,1.0013132612e-03,2.3974302803e-01
511.000000,1.0004878278e-03,2.3649314734e-01
511.050000,9.9998883770e-04,2.4667757228e-01
511.100000,1.0016772038e-03,2.4411718736e-01
511.150000,9.9877465241e-04,2.4227976709e-01
511.200000,9.9942424354e-04,2.3868587175e-01
511.250000,9.9789278662e-04,2.4751910409e-01
511.300000,9.9904731468e-04,2.4458143724e-01
511.350000,9.9923866531e-04,2.3483934198e-01
511.400000,9.9806271576e-04,2.3893929142e-01
511.450000,1.0005652212e-03,2.5186002689e-01
511.500000,9.9871145057e-04,2.4423394944e-01
511.550000,1.0016691949e-03,2.5093755045e-01
511.600000,9.9914429273e-04,2.4937847374e-01
511.650000,1.0013778356e-03,2.4488914082e-01
511.700000,9.9918888802e-04,2.4561095509e-01
511.750000,1.0008039299e-03,2.4142638981e-01
511.800000,1.0010332896e-03,2.4789997533e-01
511.850000,9.9905988135e-04,2.5425392907e-01
511.900000,9.9955302473e-04,2.4496584939e-01
511.950000,1.0009058778e-03,2.4831802194e-01
512.000000,9.9929006503e-04,2.4414778612e-01
512.050000,1.0010323349e-03,2.4808863013e-01
512.100000,1.0001947417e-03,2.4244761854e-01
512.150000,1.0000511136e-03,2.4923844156e-01
512.200000,1.0005937881e-03,2.5091621931e-01
512.250000,1.0010510415e-03,2.5425967729e-01
512.300000,1.0011495757e-03,2.4623821141e-01
512.350000,9.9996520466e-04,2.4938673154e-01
512.400000,9.9745787031e-04,2.3901658667e-01
512.450000,9.9970916140e-04,2.5020186324e-01
512.500000,9.9957821283e-04,2.4678122692e-01
512.550000,9.9988071894e-04,2.3779707194e-01
512.600000,9.9997496523e-04,2.3962331859e-01
512.650000,1.0004232267e-03,2.4770101280e-01
512.700000,1.0000503001e-03,2.4758304215e-01
512.750000,9.9945305268e-04,2.6172942049e-01
512.800000,1.0014516964e-03,2.5003712898e-01
512.850000,9.9945503008e-04,2.3856231496e-01
512.900000,9.9867292256e-04,2.5219664875e-01
512.950000,1.0007120831e-03,2.4948352152e-01
513.000000,9.9996776408e-04,2.5147079745e-01
513.050000,1.0009375130e-03,2.4805327013e-01
513.100000,1.0002294525e-03,2.3893595938e-01
513.150000,1.0002298461e-03,2.4898819619e-01
513.200000,1.0000183406e-03,2.5313115823e-01
513.250000,1.0007836006e-03,2.3999307194e-01
513.300000,9.9794011839e-04,2.4643553068e-01
513.350000,9.9899509637e-04,2.4373776887e-01
513.400000,9.9979685760e-04,2.3078777144e-01
513.450000,1.0012177863e-03,2.4221892617e-01
513.500000,9.9990005939e-04,2.5109247233e-01
513.550000,9.9925460185e-04,2.4849464125e-01
513.600000,1.0008970519e-03,2.4710823329e-01
513.650000,9.9932016794e-04,2.4109131343e-01
513.700000,1.0012943211e-03,2.3975678716e-01
513.750000,1.0005824061e-03,2.4362024238e-01
513.800000,9.9996192325e-04,2.4361024729e-01
513.850000,1.0003928190e-03,2.3512347347e-01
513.900000,1.0003113750e-03,2.4207307015e-01
513.950000,1.0006542884e-03,2.3870916722e-01
514.000000,9.9865979044e-04,2.3301503102e-01
514.050000,9.9984851025e-04,2.5118565671e-01
514.100000,1.0000793033e-03,2.4646242457e-01
514.150000,1.0004557423e-03,2.4755139826e-01
514.200000,9.9946643295e-04,2.4872567192e-01
514.250000,1.0010799363e-03,2.4711315665e-01
514.300000,9.9974414753e-04,2.4616150529e-01
514.350000,1.0002515282e-03,2.4216422872e-01
514.400000,9.9826458790e-04,2.4440858242e-01
514.450000,1.0005718590e-03,2.3741847395e-01
514.500000,1.0005745191e-03,2.3479371093e-01
514.550000,9.9914948819e-04,2.3407027744e-01
514.600000,1.0000205018e-03,2.3712266559e-01
514.650000,1.0025651268e-03,2.5412267296e-01
514.700000,1.0005489217e-03,2.4301016618e-01
514.750000,9.9924383830e-04,2.4772279555e-01
514.800000,1.0009414713e-03,2.4845881300e-01
514.850000,1.0004077481e-03,2.4393878486e-01
514.900000,9.9887613187e-04,2.5096382804e-01
514.950000,1.0004657438e-03,2.4727439014e-01
515.000000,9.9936200408e-04,2.3995322495e-01
515.050000,9.9863331546e-04,2.4478866643e-01
515.100000,9.9939314589e-04,2.4197951380e-01
515.150000,9.9961041643e-04,2.3751439389e-01
515.200000,1.0007801395e-03,2.5246872417e-01
515.250000,9.9979361944e-04,2.3978946927e-01
515.300000,1.0002204717e-03,2.4449079875e-01
515.350000,9.9980602656e-04,2.3850813029e-01
515.400000,1.0021622832e-03,2.4317929316e-01
515.450000,1.0003285827e-03,2.4234673069e-01
515.500000,9.9930553404e-04,2.5256996369e-01
515.550000,1.0000395466e-03,2.3626969284e-01
515.600000,1.0005695140e-03,2.4226491317e-01
515.650000,9.9873626183e-04,2.4539074261e-01
515.700000,9.9949512046e-04,2.4709950070e-01
515.750000,1.0000780288e-03,2.5572069369e-01
515.800000,9.9749600407e-04,2.4027580877e-01
515.850000,1.0002769587e-03,2.4937967458e-01
515.900000,9.9890925334e-04,2.4795905451e-01
515.950000,1.0000963687e-03,2.4376761153e-01
516.000000,9.9865466462e-04,2.5115223809e-01
516.050000,1.0003366514e-03,2.4615442980e-01
516.100000,9.9931651239e-04,2.5134077116e-01
516.150000,1.0009796362e-03,2.4607334563e-01
516.200000,9.9954793632e-04,2.4436668870e-01
516.250000,1.0005956461e-03,2.4464482024e-01
516.300000,1.0015248249e-03,2.4664600090e-01
516.350000,1.0024187140e-03,2.5088767519e-01
516.400000,1.0005156313e-03,2.4834958942e-01
516.450000,1.0012252377e-03,2.3723788810e-01
516.500000,9.9960809737e-04,2.5751986693e-01
516.550000,9.9649719261e-04,2.5235275726e-01
516.600000,1.0003733303e-03,2.4618686655e-01
516.650000,1.0008313029e-03,2.4745912343e-01
516.700000,9.9845175546e-04,2.4776933013e-01
516.750000,1.0015562139e-03,2.3699243504e-01
516.800000,9.9981182548e-04,2.4439928151e-01
516.850000,1.0005196182e-03,2.4778738785e-01
516.900000,9.9987232676e-04,2.4366449595e-01
516.950000,1.0008983443e-03,2.5003321342e-01
517.000000,1.0010047175e-03,2.4784329129e-01
517.050000,9.9799264548e-04,2.4275459707e-01
517.100000,9.9719832397e-04,2.4056967452e-01
517.150000,9.9985943450e-04,2.4951105258e-01
517.200000,1.0001343308e-03,2.4744820235e-01
517.250000,1.0002215600e-03,2.5266462456e-01
517.300000,1.0009148219e-03,2.4170307988e-01
517.350000,1.0012124666e-03,2.5041738673e-01
517.400000,9.9947087371e-04,2.4210426404e-01
517.450000,9.9921748244e-04,2.4643481528e-01
517.500000,9.9864238953e-04,2.4239942867e-01
517.550000,9.9967930177e-04,2.4149695343e-01
517.600000,1.0006330201e-03,2.4793599870e-01
517.650000,1.0009743937e-03,2.5187652477e-01
517.700000,9.9982117838e-04,2.4996427279e-01
517.750000,1.0018021056e-03,2.4517744992e-01
517.800000,9.9960425665e-04,2.4498138104e-01
517.850000,9.9997089223e-04,2.4612507710e-01
517.900000,9.9912578468e-04,2.4762166512e-01
517.950000,9.9930386367e-04,2.3510144643e-01
518.000000,9.9961164327e-04,2.4486392455e-01
518.050000,1.0006965800e-03,2.4947239881e-01
518.100000,1.0004590540e-03,2.5478558283e-01
518.150000,9.9949138482e-04,2.4598859624e-01
518.200000,9.9932932618e-04,2.4491797281e-01
518.250000,9.9961381151e-04,2.4791147554e-01
518.300000,9.9863442000e-04,2.4648315195e-01
518.350000,9.9923305566e-04,2.4508670297e-01
518.400000,9.9913832059e-04,2.4469238624e-01
518.450000,1.0000143503e-03,2.4872883303e-01
518.500000,9.9909492481e-04,2.5134320479e-01
518.550000,1.0003673682e-03,2.4330993710e-01
518.600000,9.9934581314e-04,2.4949058378e-01
518.650000,1.0007746192e-03,2.4746676200e-01
518.700000,9.9976625074e-04,2.4561025593e-01
518.750000,1.0011005211e-03,2.4343519205e-01
518.800000,9.9916655593e-04,2.4962170662e-01
518.850000,9.9970725809e-04,2.5378236436e-01
518.900000,1.0010850326e-03,2.4924871196e-01
518.950000,9.9880952929e-04,2.4707698522e-01
519.000000,1.0000181332e-03,2.3926897483e-01
519.050000,1.0020300260e-03,2.4342220863e-01
519.100000,9.9763522880e-04,2.4328297613e-01
519.150000,9.9883436122e-04,2.4837030223e-01
519.200000,1.0006015421e-03,2.4359341822e-01
519.250000,1.0003641779e-03,2.4478538056e-01
519.300000,1.0014680363e-03,2.4891496676e-01
519.350000,9.9913253848e-04,2.4790969769e-01
519.400000,9.9901724926e-04,2.4469243741e-01
519.450000,1.0011097444e-03,2.4489751079e-01
519.500000,9.9963463027e-04,2.5314709323e-01
519.550000,9.9826491212e-04,2.4179521723e-01
519.600000,9.9994852940e-04,2.4960611743e-01
519.650000,1.0009675372e-03,2.4290794656e-01
519.700000,1.0005548792e-03,2.3370965794e-01
519.750000,1.0008453502e-03,2.4962468473e-01
519.800000,9.9992277597e-04,2.4965309311e-01
519.850000,9.9814472785e-04,2.4480727193e-01
519.900000,1.0011925096e-03,2.4665556310e-01
519.950000,9.9932829754e-04,2.4361553562e-01
520.000000,1.0002455327e-03,2.3835705297e-01
520.050000,1.0001107485e-03,2.5608506462e-01
520.100000,9.9998966881e-04,2.3998570587e-01
520.150000,9.9975948585e-04,2.4732904019e-01
520.200000,9.9921598197e-04,2.3496259434e-01
520.250000,9.9907922481e-04,2.4741089966e-01
520.300000,9.9939530105e-04,2.4085924183e-01
520.350000,9.9960684883e-04,2.5050448408e-01
520.400000,1.0007891131e-03,2.4621096925e-01
520.450000,1.0003316755e-03,2.5544777472e-01
520.500000,9.9912049722e-04,2.4029523330e-01
520.550000,1.0010869888e-03,2.3840227633e-01
520.600000,1.0003213402e-03,2.5614235824e-01
520.650000,9.9969113411e-04,2.5090162414e-01
520.700000,9.9996749783e-04,2.4227466676e-01
520.750000,1.0003161659e-03,2.3796407622e-01
520.800000,1.0000931724e-03,2.4089824849e-01
520.850000,9.9891776458e-04,2.4150376800e-01
520.900000,9.9826235062e-04,2.4596747789e-01
520.950000,9.9955710662e-04,2.3961544519e-01
521.000000,9.9829377410e-04,2.5200783924e-01
521.050000,1.0012423085e-03,2.3807726377e-01
521.100000,1.0001964971e-03,2.4417398213e-01
521.150000,1.0005128624e-03,2.3768596592e-01
521.200000,1.0008853677e-03,2.4638447796e-01
521.250000,9.9833496887e-04,2.4454943966e-01
521.300000,9.9836997084e-04,2.4694463807e-01
521.350000,1.0006881318e-03,2.4702638912e-01
521.400000,1.0009586377e-03,2.4725449877e-01
521.450000,9.9922936339e-04,2.4265896950e-01
521.500000,9.9934366143e-04,2.4560629965e-01
521.550000,9.9954625778e-04,2.3284494128e-01
521.600000,1.0000813741e-03,2.4558306230e-01
521.650000,9.9953256142e-04,2.4398225351e-01
521.700000,9.9990477836e-04,2.4262577401e-01
521.750000,1.0008291127e-03,2.5050546923e-01
521.800000,1.0010207308e-03,2.4953048739e-01
521.850000,9.9925506930e-04,2.4891722107e-01
521.900000,9.9922045406e-04,2.4163076573e-01
521.950000,1.0002047847e-03,2.4640492056e-01
522.000000,9.9891706564e-04,2.4543762342e-01
522.050000,9.9992893836e-04,2.4338939292e-01
522.100000,1.0018858153e-03,2.4765676364e-01
522.150000,1.0011224295e-03,2.3148837962e-01
522.200000,1.0005780510e-03,2.4759809254e-01
522.250000,1.0003716269e-03,2.4343957899e-01
522.300000,9.9952154440e-04,2.4481000591e-01
522.350000,1.0011477444e-03,2.5846996161e-01
522.400000,1.0000283983e-03,2.4539216378e-01
522.450000,1.0004281730e-03,2.4395694428e-01
522.500000,9.9941912360e-04,2.4632418058e-01
522.550000,1.0012988488e-03,2.4980570744e-01
522.600000,9.9862284499e-04,2.4618572737e-01
522.650000,1.0013476933e-03,2.5042082521e-01
522.700000,1.0021409317e-03,2.4141971992e-01
522.750000,9.9944074920e-04,2.4944483736e-01
522.800000,9.9873285729e-04,2.4964320222e-01
522.850000,9.9995058831e-04,2.4454175847e-01
522.900000,9.9941749106e-04,2.4042184725e-01
522.950000,1.0012531280e-03,2.4693686384e-01
523.000000,1.0006489325e-03,2.4586750265e-01
523.050000,9.9974655237e-04,2.4491080518e-01
523.100000,9.9986992844e-04,2.5323766280e-01
523.150000,9.9858944412e-04,2.4415588137e-01
523.200000,1.0001324488e-03,2.4356039674e-01
523.250000,1.0002762652e-03,2.3914185471e-01
523.300000,9.9978851974e-04,2.3711988449e-01
523.350000,1.0007876410e-03,2.5152572004e-01
523.400000,1.0001846735e-03,2.4286756077e-01
523.450000,1.0001392745e-03,2.4835876112e-01
523.500000,9.9885697375e-04,2.4969423824e-01
523.550000,1.0012548419e-03,2.3932317990e-01
523.600000,1.0011756621e-03,2.4738140086e-01
523.650000,9.9803321584e-04,2.3790221270e-01
523.700000,1.0007883557e-03,2.3890209979e-01
523.750000,9.9999988990e-04,2.4075687606e-01
523.800000,1.0012002834e-03,2.4064366656e-01
523.850000,1.0013816593e-03,2.5277569789e-01
523.900000,9.9972824165e-04,2.4169376751e-01
523.950000,1.0002040720e-03,2.4453097715e-01
524.000000,9.9876155258e-04,2.5124293922e-01
524.050000,9.9798972467e-04,2.4693653824e-01
524.100000,1.0009304224e-03,2.4500783858e-01
524.150000,1.0002101209e-03,2.5131732308e-01
524.200000,1.0018320157e-03,2.3970674046e-01
524.250000,9.9996492273e-04,2.3976795530e-01
524.300000,1.0001201819e-03,2.4676775453e-01
524.350000,9.9883733481e-04,2.5350314685e-01
524.400000,1.0016720314e-03,2.3978775834e-01
524.450000,9.9972695462e-04,2.4981460128e-01
524.500000,9.9886038601e-04,2.5288812288e-01
524.550000,1.0002376735e-03,2.4819498969e-01
524.600000,9.9890288426e-04,2.4296506587e-01
524.650000,1.0004383842e-03,2.5239452078e-01
524.700000,1.0012210407e-03,2.5320016525e-01
524.750000,9.9927531063e-04,2.3894661954e-01
524.800000,1.0006590137e-03,2.4290989924e-01
524.850000,1.0026082980e-03,2.4970957243e-01
524.900000,1.0016007816e-03,2.4127166715e-01
524.950000,1.0001492043e-03,2.4589849201e-01
525.000000,1.0002725055e-03,2.4643011057e-01
525.050000,1.0007428506e-03,2.4115552637e-01
525.100000,9.9896888131e-04,2.3965160724e-01
525.150000,9.9975032826e-04,2.4659693801e-01
525.200000,9.9892879780e-04,2.4904779492e-01
525.250000,9.9907335051e-04,2.5423674851e-01
525.300000,9.9810126546e-04,2.4201859786e-01
525.350000,1.0002368810e-03,2.3767435302e-01
525.400000,1.0016357584e-03,2.4243553015e-01
525.450000,9.9907119768e-04,2.4941159124e-01
525.500000,1.0001113487e-03,2.5565237213e-01
525.550000,9.9842869398e-04,2.4254086435e-01
525.600000,1.0002053557e-03,2.5205861421e-01
525.650000,1.0000263627e-03,2.4236706440e-01
525.700000,1.0019398277e-03,2.4505503849e-01
525.750000,9.9889632456e-04,2.4581118972e-01
525.800000,9.9795996168e-04,2.4122690353e-01
525.850000,9.9980176828e-04,2.4867279979e-01
525.900000,9.9914368374e-04,2.4950608415e-01
525.950000,1.0002980809e-03,2.5028874503e-01
526.000000,9.9901992206e-04,2.3910704345e-01
526.050000,1.0002930839e-03,2.4551984829e-01
526.100000,9.9902318469e-04,2.4796622693e-01
526.150000,9.9845776716e-04,2.4721448130e-01
526.200000,1.0001632117e-03,2.4611251873e-01
526.250000,9.9763893293e-04,2.4708860636e-01
526.300000,9.9916075912e-04,2.3492739650e-01
526.350000,1.0004637476e-03,2.4576301661e-01
526.400000,1.0000167951e-03,2.3123575162e-01
526.450000,1.0019604373e-03,2.4216847039e-01
526.500000,9.9980853480e-04,2.4390889422e-01
526.550000,1.0014243703e-03,2.5113390421e-01
526.600000,1.0010055886e-03,2.4585361303e-01
526.650000,9.9928937925e-04,2.4118939100e-01
526.700000,9.9924903003e-04,2.4252602476e-01
526.750000,9.9869870974e-04,2.3543018766e-01
526.800000,1.0006891150e-03,2.3760911134e-01
526.850000,1.0000786216e-03,2.4685803450e-01
526.900000,9.9822913790e-04,2.4486885496e-01
526.950000,9.9965381895e-04,2.4547562345e-01
527.000000,1.0023058049e-03,2.5332151229e-01
527.050000,1.0009277125e-03,2.4997238767e-01
527.100000,9.9916353265e-04,2.4953327945e-01
527.150000,1.0005774703e-03,2.5044304465e-01
527.200000,9.9919013980e-04,2.4427066254e-01
527.250000,9.9920032694e-04,2.4193651652e-01
527.300000,9.9970196777e-04,2.6200827146e-01
527.350000,1.0001479126e-03,2.5418164043e-01
527.400000,9.9942536571e-04,2.4244336917e-01
527.450000,9.9991864590e-04,2.5046457826e-01
527.500000,9.9989428694e-04,2.4573035880e-01
527.550000,9.9982259118e-04,2.4581345548e-01
527.600000,1.0011136945e-03,2.4251309528e-01
527.650000,9.9881966951e-04,2.4987384604e-01
527.700000,9.9982080750e-04,2.4279731179e-01
527.750000,9.9778108900e-04,2.4494771065e-01
527.800000,1.0003158860e-03,2.4427236466e-01
527.850000,1.0002279514e-03,2.4734146982e-01
527.900000,1.0008849783e-03,2.4799667116e-01
527.950000,1.0010240974e-03,2.4996434351e-01
528.000000,9.9991933228e-04,2.4625768965e-01
528.050000,1.0004532885e-03,2.5437547635e-01
528.100000,1.0001279649e-03,2.4605870197e-01
528.150000,9.9955094793e-04,2.4194744423e-01
528.200000,9.9939314140e-04,2.4605812282e-01
528.250000,1.0013503307e-03,2.4414770979e-01
528.300000,1.0001542354e-03,2.4262844493e-01
528.350000,9.9829669885e-04,2.4133964956e-01
528.400000,9.9872572420e-04,2.4251773082e-01
528.450000,9.9951947998e-04,2.3973832609e-01
528.500000,9.9974070176e-04,2.4269731263e-01
528.550000,1.0000662634e-03,2.4794919289e-01
528.600000,9.9938888043e-04,2.4239546439e-01
528.650000,1.0003342700e-03,2.4987091924e-01
528.700000,1.0009668725e-03,2.5209656928e-01
528.750000,9.9820137015e-04,2.4963661735e-01
528.800000,1.0007441964e-03,2.4979582208e-01
528.850000,1.0000349990e-03,2.4577206946e-01
528.900000,1.0006876020e-03,2.4723199604e-01
528.950000,9.9933004378e-04,2.5101823347e-01
529.000000,9.9849192685e-04,2.5070608682e-01
529.050000,9.9863057939e-04,2.4227690356e-01
529.100000,1.0003861112e-03,2.4677185901e-01
529.150000,1.0012079605e-03,2.4154072389e-01
529.200000,1.0013315241e-03,2.4938641647e-01
529.250000,1.0006036098e-03,2.4089987129e-01
529.300000,9.9831434724e-04,2.4262157030e-01
529.350000,1.0005662224e-03,2.4001319150e-01
529.400000,1.0007462255e-03,2.5212402485e-01
529.450000,9.9925992778e-04,2.5040088707e-01
529.500000,1.0005155080e-03,2.4857384442e-01
529.550000,1.0005992129e-03,2.5055538698e-01
529.600000,9.9888072735e-04,2.5005571843e-01
529.650000,9.9687584395e-04,2.5399666166e-01
529.700000,1.0010162870e-03,2.4421989439e-01
529.750000,9.9912315907e-04,2.4750644938e-01
529.800000,1.0004812973e-03,2.5309807909e-01
529.850000,1.0009252065e-03,2.5953426039e-01
529.900000,1.0012796955e-03,2.5240931332e-01
529.950000,9.9897997723e-04,2.4441124220e-01
530.000000,9.9968781478e-04,2.5019256834e-01
530.050000,9.9883769238e-04,2.4704665070e-01
530.100000,1.0000464488e-03,2.4611772185e-01
530.150000,9.9873805861e-04,2.3924352621e-01
530.200000,1.0003367564e-03,2.3972988777e-01
530.250000,1.0010283907e-03,2.4186654025e-01
530.300000,1.0017615829e-03,2.4350503590e-01
530.350000,9.9743700019e-04,2.3807724183e-01
530.400000,1.0002364174e-03,2.4383621744e-01
530.450000,9.9854952951e-04,2.4064798190e-01
530.500000,1.0012045424e-03,2.4928311295e-01
530.550000,1.0003767917e-03,2.4154832160e-01
530.600000,1.0005079507e-03,2.3683088306e-01
530.650000,9.9951102720e-04,2.4151789343e-01
530.700000,9.9873583808e-04,2.3707455454e-01
530.750000,9.9981575513e-04,2.4304957044e-01
530.800000,1.0003439896e-03,2.5266679219e-01
530.850000,1.0014302111e-03,2.4384221385e-01
530.900000,9.9895218890e-04,2.4464968331e-01
530.950000,9.9883650597e-04,2.4533549711e-01
531.000000,9.9880417744e-04,2.4544119761e-01
531.050000,9.9955024942e-04,2.4233865200e-01
531.100000,9.9996500766e-04,2.4951195347e-01
531.150000,1.0001762342e-03,2.5073154091e-01
531.200000,1.0013633520e-03,2.4166198841e-01
531.250000,1.0003237231e-03,2.3701872741e-01
531.300000,9.9972205380e-04,2.3297370201e-01
531.350000,9.9970132204e-04,2.4440726746e-01
531.400000,1.0023878117e-03,2.5158963662e-01
531.450000,9.9904446156e-04,2.4005899020e-01
531.500000,9.9904890443e-04,2.3738276443e-01
531.550000,9.9730067395e-04,2.5189988495e-01
531.600000,9.9903556107e-04,2.3962607965e-01
531.650000,9.9870264403e-04,2.5443404139e-01
531.700000,1.0000752640e-03,2.5053386491e-01
531.750000,1.0010931833e-03,2.4257738236e-01
531.800000,1.0003432052e-03,2.4607346308e-01
531.850000,9.9843881329e-04,2.4569011048e-01
531.900000,1.0000650517e-03,2.4552844106e-01
531.950000,1.0002809185e-03,2.4483456446e-01
532.000000,9.9940352448e-04,2.4216315865e-01
532.050000,1.0016061664e-03,2.4360942377e-01
532.100000,9.9979295022e-04,2.4675227638e-01
532.150000,1.0002094330e-03,2.3914715161e-01
532.200000,9.9972888499e-04,2.5834055345e-01
532.250000,9.9990050789e-04,2.5074034125e-01
532.300000,9.9800295667e-04,2.4955856429e-01
532.350000,1.0012781032e-03,2.4175039125e-01
532.400000,9.9944842786e-04,2.5440182251e-01
532.450000,9.9948737791e-04,2.4969434801e-01
532.500000,1.0002610215e-03,2.3493041334e-01
532.550000,1.0000834653e-03,2.5433560617e-01
532.600000,9.9871972226e-04,2.4647012998e-01
532.650000,1.0009764185e-03,2.4956371720e-01
532.700000,1.0003566971e-03,2.5124708198e-01
532.750000,1.0010950982e-03,2.5220896764e-01
532.800000,9.9859093223e-04,2.4717097321e-01
532.850000,1.0010767085e-03,2.4466599176e-01
532.900000,1.0017108090e-03,2.5048953228e-01
532.950000,1.0000084053e-03,2.4470055134e-01
533.000000,9.9711034785e-04,2.3907524657e-01
533.050000,9.9997402183e-04,2.4471713198e-01
533.100000,1.0017508494e-03,2.5145948481e-01
533.150000,1.0001373791e-03,2.3973917651e-01
533.200000,1.0020175844e-03,2.4891806217e-01
533.250000,1.0017931350e-03,2.4552413399e-01
533.300000,9.9932334669e-04,2.4611928883e-01
533.350000,1.0003873448e-03,2.3841228021e-01
533.400000,1.0008639733e-03,2.3834554691e-01
533.450000,9.9977527469e-04,2.5344854071e-01
533.500000,1.0005251563e-03,2.4743824140e-01
533.550000,1.0015746156e-03,2.3807488276e-01
533.600000,1.0007149684e-03,2.5490499458e-01
533.650000,9.9990851637e-04,2.4185399177e-01
533.700000,1.0016596299e-03,2.4478719798e-01
533.750000,9.9918398661e-04,2.3698248394e-01
533.800000,9.9903839831e-04,2.4787519740e-01
533.850000,1.0017785023e-03,2.4100468960e-01
533.900000,9.9954371585e-04,2.3256873583e-01
533.950000,9.9996944619e-04,2.4499531328e-01
534.000000,9.9966271591e-04,2.3916908112e-01
534.050000,9.9989475795e-04,2.4521104913e-01
534.100000,9.9916363709e-04,2.4297096186e-01
534.150000,9.9989382400e-04,2.4359597454e-01
534.200000,1.0003247476e-03,2.4276555709e-01
534.250000,9.9976814720e-04,2.4617773790e-01
534.300000,1.0019517092e-03,2.4151412998e-01
534.350000,9.9850712580e-04,2.4799564347e-01
534.400000,9.9978460166e-04,2.4112555627e-01
534.450000,9.9954979806e-04,2.4790066507e-01
534.500000,9.9833635715e-04,2.4011672103e-01
534.550000,9.9906520520e-04,2.4285736743e-01
534.600000,1.0013077815e-03,2.4603253851e-01
534.650000,9.9985905278e-04,2.4436074710e-01
534.700000,1.0004225167e-03,2.4552225233e-01
534.750000,9.9971714039e-04,2.4911107155e-01
534.800000,1.0013333561e-03,2.4490631617e-01
534.850000,9.9832840091e-04,2.4975850750e-01
534.900000,9.9956346810e-04,2.5218599045e-01
534.950000,9.9848036592e-04,2.4322032255e-01
535.000000,1.0001811245e-03,2.4556706151e-01
535.050000,1.0000579788e-03,2.4477147334e-01
535.100000,1.0001038740e-03,2.4668667571e-01
535.150000,1.0010032909e-03,2.5261178079e-01
535.200000,1.0006282801e-03,2.4155112287e-01
535.250000,9.9924469487e-04,2.4322671203e-01
535.300000,9.9882483810e-04,2.4431632379e-01
535.350000,1.0008482021e-03,2.4648500466e-01
535.400000,1.0003433433e-03,2.5253927877e-01
535.450000,9.9990823775e-04,2.4520607376e-01
535.500000,1.0013554451e-03,2.5172446058e-01
535.550000,1.0005997948e-03,2.3500464412e-01
535.600000,1.0002749187e-03,2.4319876040e-01
535.650000,1.0022941827e-03,2.3979538486e-01
535.700000,9.9905517326e-04,2.4239381236e-01
535.750000,1.0004990192e-03,2.4900236231e-01
535.800000,1.0011741543e-03,2.4870310636e-01
535.850000,1.0020754593e-03,2.4564764591e-01
535.900000,1.0003472249e-03,2.4309735876e-01
535.950000,1.0007896113e-03,2.3276124890e-01
536.000000,1.0003165066e-03,2.5002425950e-01
536.050000,9.9967631471e-04,2.4220596728e-01
536.100000,1.0001125271e-03,2.5612785636e-01
536.150000,9.9926379168e-04,2.4843116500e-01
536.200000,1.0008636772e-03,2.4790966870e-01
536.250000,9.9847131003e-04,2.4080648988e-01
536.300000,1.0008227824e-03,2.4431271129e-01
536.350000,1.0006354408e-03,2.4615548052e-01
536.400000,1.0008017309e-03,2.5320512864e-01
536.450000,9.9928407537e-04,2.3631277082e-01
536.500000,9.9908303367e-04,2.3632097271e-01
536.550000,9.9881726695e-04,2.5407499396e-01
536.600000,1.0002125497e-03,2.4398792901e-01
536.650000,1.0017944320e-03,2.4982729872e-01
536.700000,9.9706613242e-04,2.5062268712e-01
536.750000,9.9913962466e-04,2.4207286992e-01
536.800000,1.0014584495e-03,2.4934638435e-01
536.850000,9.9951057359e-04,2.4154975343e-01
536.900000,9.9954478610e-04,2.4134759934e-01
536.950000,1.0000081763e-03,2.3731008123e-01
537.000000,9.9999130284e-04,2.3802353594e-01
537.050000,1.0011148571e-03,2.4689549338e-01
537.100000,1.0007648777e-03,2.5195190975e-01
537.150000,9.9871680987e-04,2.5334715386e-01
537.200000,1.0009489253e-03,2.5078117272e-01
537.250000,9.9808192172e-04,2.4289703781e-01
537.300000,1.0006027272e-03,2.5295177131e-01
537.350000,9.9846966688e-04,2.4267575096e-01
537.400000,9.9950369763e-04,2.4435601458e-01
537.450000,9.9907057275e-04,2.4852734937e-01
537.500000,1.0003373008e-03,2.3786759645e-01
537.550000,1.0014097490e-03,2.4116985054e-01
537.600000,9.9929799025e-04,2.4666821900e-01
537.650000,9.9940076567e-04,2.5167432258e-01
537.700000,9.9919333027e-04,2.4882840268e-01
537.750000,1.0008622736e-03,2.4142680627e-01
537.800000,1.0015652105e-03,2.4576416750e-01
537.850000,1.0000208478e-03,2.3140388800e-01
537.900000,1.0017661572e-03,2.4784579333e-01
537.950000,9.9924269434e-04,2.4471392756e-01
538.000000,1.0002407568e-03,2.4354459452e-01
538.050000,9.9986810430e-04,2.4561353547e-01
538.100000,9.9847310924e-04,2.5193806347e-01
538.150000,1.0004715036e-03,2.4686412473e-01
538.200000,1.0003091319e-03,2.3651004638e-01
538.250000,1.0006663379e-03,2.4167637991e-01
538.300000,9.9931796218e-04,2.4389096378e-01
538.350000,1.0005849205e-03,2.4460491925e-01
538.400000,9.9980143510e-04,2.5033561238e-01
538.450000,1.0025824137e-03,2.4457667182e-01
538.500000,9.9890032914e-04,2.4448586116e-01
538.550000,9.9877642417e-04,2.4291889582e-01
538.600000,1.0008220992e-03,2.3679781369e-01
538.650000,1.0014486198e-03,2.4439211743e-01
538.700000,1.0012103393e-03,2.4515786354e-01
538.750000,1.0005162131e-03,2.5301181466e-01
538.800000,9.9924511019e-04,2.4022534812e-01
538.850000,9.9981554184e-04,2.3643241896e-01
538.900000,1.0011466510e-03,2.4406652410e-01
538.950000,1.0014368798e-03,2.4906056690e-01
539.000000,1.0004490952e-03,2.3808709556e-01
539.050000,1.0003723992e-03,2.4845393131e-01
539.100000,1.0008085705e-03,2.4539331805e-01
539.150000,9.9810675968e-04,2.4489333980e-01
539.200000,1.0004502064e-03,2.3971432344e-01
539.250000,9.9871723639e-04,2.4818006995e-01
539.300000,9.9874534744e-04,2.3922077920e-01
539.350000,9.9830990369e-04,2.5030874722e-01
539.400000,1.0004921203e-03,2.4738251310e-01
539.450000,1.0001676731e-03,2.4771036258e-01
539.500000,1.0006812885e-03,2.4006844840e-01
539.550000,9.9835030305e-04,2.4711214595e-01
539.600000,1.0013332036e-03,2.4978328562e-01
539.650000,9.9899566019e-04,2.3810352962e-01
539.700000,9.9911327812e-04,2.4491832857e-01
539.750000,1.0012720070e-03,2.4130861117e-01
539.800000,1.0007030927e-03,2.4560757620e-01
539.850000,9.9908692310e-04,2.3981624320e-01
539.900000,1.0003564726e-03,2.4118318571e-01
539.950000,9.9921291315e-04,2.4591934046e-01
540.000000,1.0004672354e-03,2.3996122876e-01
540.050000,1.0000689691e-03,2.4636921467e-01
540.100000,1.0004719130e-03,2.4397228848e-01
540.150000,9.9981919442e-04,2.4682452526e-01
540.200000,1.0009010041e-03,2.5099854594e-01
540.250000,9.9973069998e-04,2.5314113606e-01
540.300000,9.9941902800e-04,2.5188691928e-01
540.350000,9.9916836854e-04,2.5182812316e-01
540.400000,9.9920658340e-04,2.4380133245e-01
540.450000,9.9965876880e-04,2.4617693851e-01
540.500000,9.9980456822e-04,2.4726442624e-01
540.550000,9.9923629345e-04,2.3793798720e-01
540.600000,9.9964255373e-04,2.4828544096e-01
540.650000,9.9756223703e-04,2.3687419478e-01
540.700000,1.0008142786e-03,2.3457534689e-01
540.750000,9.9923561553e-04,2.4463907357e-01
540.800000,9.9950100261e-04,2.4709610016e-01
540.850000,1.0008796323e-03,2.4830471042e-01
540.900000,9.9981157268e-04,2.4742836656e-01
540.950000,9.9849459488e-04,2.3744437756e-01
541.000000,9.9992451353e-04,2.3951620356e-01
541.050000,1.0004145634e-03,2.4275750954e-01
541.100000,9.9987604387e-04,2.4758764423e-01
541.150000,9.9963415701e-04,2.4987011680e-01
541.200000,9.9864757636e-04,2.4543652259e-01
541.250000,9.9968613844e-04,2.4146772787e-01
541.300000,9.9867493398e-04,2.5798177258e-01
541.350000,1.0001801728e-03,2.4625540769e-01
541.400000,1.0002403410e-03,2.4494176956e-01
541.450000,9.9980676927e-04,2.4047166831e-01
541.500000,1.0000443154e-03,2.4556017185e-01
541.550000,1.0004151895e-03,2.5640588964e-01
541.600000,9.9924436257e-04,2.4159597150e-01
541.650000,9.9989140707e-04,2.4397457554e-01
541.700000,1.0002883574e-03,2.3903637321e-01
541.750000,1.0018249130e-03,2.5258950323e-01
541.800000,9.9935237169e-04,2.4150453821e-01
541.850000,9.9878514795e-04,2.5327981463e-01
541.900000,1.0009487533e-03,2.5023936671e-01
541.950000,1.0000339037e-03,2.4250352649e-01
542.000000,9.9843627316e-04,2.4196765764e-01
542.050000,1.0009852130e-03,2.5459484302e-01
542.100000,9.9969949680e-04,2.3634704409e-01
542.150000,1.0008052291e-03,2.4699914335e-01
542.200000,9.9979285363e-04,2.4631113255e-01
542.250000,9.9927782307e-04,2.4518308629e-01
542.300000,9.9954509100e-04,2.4810515831e-01
542.350000,1.0013618875e-03,2.4603116900e-01
542.400000,9.9935667432e-04,2.4129274807e-01
542.450000,9.9835348257e-04,2.4444381125e-01
542.500000,9.9785626446e-04,2.4044733997e-01
542.550000,1.0005784384e-03,2.3766694365e-01
542.600000,1.0012284347e-03,2.5244687810e-01
542.650000,1.0001816022e-03,2.4195687997e-01
542.700000,1.0018346541e-03,2.4452850067e-01
542.750000,1.0006263292e-03,2.3905643825e-01
542.800000,1.0006005909e-03,2.4100162235e-01
542.850000,1.0011810288e-03,2.4018109634e-01
542.900000,1.0000313361e-03,2.4715084606e-01
542.950000,9.9977048832e-04,2.5037334583e-01
543.000000,9.9812630145e-04,2.4743134665e-01
543.050000,9.9898160841e-04,2.3144281945e-01
543.100000,1.0001303798e-03,2.4426168861e-01
543.150000,9.9992772711e-04,2.4457557392e-01
543.200000,9.9843495903e-04,2.4630709428e-01
543.250000,1.0000872782e-03,2.3880632938e-01
543.300000,1.0014034161e-03,2.4089178637e-01
543.350000,9.9912181431e-04,2.4841165860e-01
543.400000,9.9865696115e-04,2.4396777191e-01
543.450000,9.9889821211e-04,2.4073292035e-01
543.500000,9.9765370295e-04,2.5154238919e-01
543.550000,1.0013406800e-03,2.4491161112e-01
543.600000,1.0004177552e-03,2.4068294890e-01
543.650000,1.0011551348e-03,2.3391010755e-01
543.700000,9.9941084461e-04,2.5538205984e-01
543.750000,1.0011322943e-03,2.4908680791e-01
543.800000,9.9913981863e-04,2.4317912856e-01
543.850000,9.9824644841e-04,2.4668284312e-01
543.900000,1.0003317220e-03,2.4935474393e-01
543.950000,9.9963488755e-04,2.4855834154e-01
544.000000,9.9863533593e-04,2.4217101313e-01
544.050000,1.0014717095e-03,2.5027894729e-01
544.100000,1.0009539700e-03,2.4303221697e-01
544.150000,9.9992513249e-04,2.4844177506e-01
544.200000,1.0016665656e-03,2.4125883298e-01
544.250000,1.0024968230e-03,2.5326006829e-01
544.300000,9.9955125999e-04,2.4671963110e-01
544.350000,9.9986382485e-04,2.4299685200e-01
544.400000,9.9951668031e-04,2.4761022153e-01
544.450000,1.0006126229e-03,2.4555069559e-01
544.500000,9.9945334503e-04,2.4287544351e-01
544.550000,1.0007676679e-03,2.3839368915e-01
544.600000,1.0008119574e-03,2.4212860372e-01
544.650000,9.9979983864e-04,2.4050834212e-01
544.700000,9.9805518242e-04,2.4815892353e-01
544.750000,1.0000200550e-03,2.4918503103e-01
544.800000,1.0013599197e-03,2.3882996751e-01
544.850000,1.0004695737e-03,2.4076136950e-01
544.900000,9.9991307758e-04,2.4410991038e-01
544.950000,9.9816975162e-04,2.4323780419e-01
545.000000,1.0014097632e-03,2.4548698110e-01
545.050000,1.0005146964e-03,2.4991085956e-01
545.100000,1.0028032336e-03,2.4190794281e-01
545.150000,1.0012033308e-03,2.4663455810e-01
545.200000,1.0006613734e-03,2.5441379253e-01
545.250000,1.0006632648e-03,2.4614732925e-01
545.300000,1.0001765724e-03,2.3776550015e-01
545.350000,9.9938616319e-04,2.5020116488e-01
545.400000,9.9860013420e-04,2.4359354943e-01
545.450000,9.9966925612e-04,2.4687359050e-01
545.500000,9.9959763921e-04,2.4843777537e-01
545.550000,1.0003443102e-03,2.4813815210e-01
545.600000,1.0003238170e-03,2.3225542856e-01
545.650000,9.9880542288e-04,2.4597882614e-01
545.700000,1.0028868420e-03,2.4430174655e-01
545.750000,1.0002284264e-03,2.4250908496e-01
545.800000,9.9990211676e-04,2.4166084874e-01
545.850000,1.0008060232e-03,2.4801933546e-01
545.900000,1.0011103994e-03,2.4722208546e-01
545.950000,9.9995469117e-04,2.4274580884e-01
546.000000,1.0005652010e-03,2.3477019409e-01
546.050000,1.0013560143e-03,2.4857468124e-01
546.100000,9.9941106360e-04,2.4446783936e-01
546.150000,9.9912744360e-04,2.3618741994e-01
546.200000,9.9830951461e-04,2.4356849553e-01
546.250000,9.9946741018e-04,2.5402303894e-01
546.300000,1.0004939502e-03,2.4398434338e-01
546.350000,9.9970414954e-04,2.5321954124e-01
546.400000,1.0009497766e-03,2.5307968689e-01
546.450000,1.0000647855e-03,2.3955874176e-01
546.500000,9.9854573404e-04,2.3573280856e-01
546.550000,9.9956828112e-04,2.4329986568e-01
546.600000,1.0006899649e-03,2.4931668201e-01
546.650000,1.0016678181e-03,2.4612754745e-01
546.700000,9.9894187533e-04,2.5292712524e-01
546.750000,9.9997995699e-04,2.4294487420e-01
546.800000,9.9882127482e-04,2.4973502179e-01
546.850000,9.9952903635e-04,2.4711951673e-01
546.900000,1.0001947491e-03,2.4145547521e-01
546.950000,1.0003135872e-03,2.4772748693e-01
547.000000,1.0004711947e-03,2.4194880530e-01
547.050000,1.0004582750e-03,2.5281228034e-01
547.100000,1.0008223589e-03,2.5106755597e-01
547.150000,1.0004106994e-03,2.5160191951e-01
547.200000,9.9929876941e-04,2.4071348330e-01
547.250000,1.0000035174e-03,2.4992489433e-01
547.300000,1.0001385937e-03,2.3916284990e-01
547.350000,1.0001458635e-03,2.4631927735e-01
547.400000,1.0009823001e-03,2.4611188466e-01
547.450000,1.0006079439e-03,2.4235550456e-01
547.500000,9.9976424636e-04,2.3737935460e-01
547.550000,9.9828254259e-04,2.4905920839e-01
547.600000,1.0005711022e-03,2.4569802542e-01
547.650000,1.0004031463e-03,2.4203568474e-01
547.700000,9.9845812956e-04,2.4618357010e-01
547.750000,9.9970326619e-04,2.4698445889e-01
547.800000,9.9850331901e-04,2.4129549283e-01
547.850000,9.9954677033e-04,2.3989753228e-01
547.900000,1.0022855162e-03,2.3908246351e-01
547.950000,1.0015128941e-03,2.5430155213e-01
548.000000,9.9917821001e-04,2.3544638727e-01
548.050000,1.0004587854e-03,2.4349012671e-01
548.100000,9.9997946814e-04,2.4252758736e-01
548.150000,1.0000378769e-03,2.3399206637e-01
548.200000,9.9941630952e-04,2.4716588822e-01
548.250000,9.9975763128e-04,2.4293897452e-01
548.300000,9.9860041087e-04,2.4058116391e-01
548.350000,1.0013415838e-03,2.5330860358e-01
548.400000,9.9905647970e-04,2.3749649852e-01
548.450000,1.0006690130e-03,2.4810166359e-01
548.500000,9.9898295695e-04,2.4538008469e-01
548.550000,9.9889707676e-04,2.4844859011e-01
548.600000,9.9906302697e-04,2.5520717462e-01
548.650000,9.9997728695e-04,2.4466331134e-01
548.700000,9.9945446026e-04,2.4123990862e-01
548.750000,9.9934608918e-04,2.3600572526e-01
548.800000,9.9893418204e-04,2.4054413677e-01
548.850000,1.0002809877e-03,2.4307291462e-01
548.900000,9.9864267158e-04,2.4974825442e-01
548.950000,1.0008254562e-03,2.4878353396e-01
549.000000,9.9987979637e-04,2.4027001555e-01
549.050000,1.0029996622e-03,2.4645429665e-01
549.100000,1.0009600814e-03,2.4390070564e-01
549.150000,9.9962744477e-04,2.3873164578e-01
549.200000,9.9968493315e-04,2.4109580671e-01
549.250000,9.9947411412e-04,2.3326640191e-01
549.300000,1.0004536605e-03,2.5782474445e-01
549.350000,9.9960272555e-04,2.4272627377e-01
549.400000,9.9883273756e-04,2.4389964719e-01
549.450000,1.0014580073e-03,2.4096481909e-01
549.500000,1.0004132573e-03,2.5142418904e-01
549.550000,9.9828040099e-04,2.4134708375e-01
549.600000,9.9961608319e-04,2.4459824766e-01
549.650000,1.0023641668e-03,2.5264471299e-01
549.700000,9.9915978546e-04,2.4345416584e-01
549.750000,1.0009786137e-03,2.5116762371e-01
549.800000,9.9945404150e-04,2.4743071627e-01
549.850000,1.0000043899e-03,2.4654716148e-01
549.900000,9.9967718122e-04,2.4576176470e-01
549.950000,9.9901684707e-04,2.4010462504e-01
550.000000,9.9934279690e-04,2.4119095679e-01
550.050000,1.0000299932e-03,2.4181278178e-01
550.100000,9.9855360909e-04,2.4317162726e-01
550.150000,9.9958221133e-04,2.4283359037e-01
550.200000,1.0007349208e-03,2.4668562319e-01
550.250000,1.0001350487e-03,2.4944559281e-01
550.300000,9.9910541476e-04,2.3475397107e-01
550.350000,9.9953345891e-04,2.4912194943e-01
550.400000,9.9969260938e-04,2.4849224246e-01
550.450000,9.9864167733e-04,2.5007527545e-01
550.500000,1.0008770321e-03,2.4446889305e-01
550.550000,9.9873887732e-04,2.4317433492e-01
550.600000,1.0005501704e-03,2.4158014955e-01
550.650000,1.0005765868e-03,2.4157677076e-01
550.700000,1.0007458533e-03,2.3513551135e-01
550.750000,1.0011393920e-03,2.4476827120e-01
550.800000,1.0005198366e-03,2.4600775099e-01
550.850000,1.0015481141e-03,2.4088522214e-01
550.900000,9.9901650658e-04,2.4231591634e-01
550.950000,1.0015068874e-03,2.3822301106e-01
551.000000,9.9929579715e-04,2.4567146777e-01
551.050000,1.0002084770e-03,2.4226662838e-01
551.100000,9.9946059288e-04,2.4434055965e-01
551.150000,9.9814813249e-04,2.4054466371e-01
551.200000,1.0007987010e-03,2.5095060457e-01
551.250000,9.9901491161e-04,2.5064259680e-01
551.300000,1.0026914720e-03,2.4598514260e-01
551.350000,1.0005406636e-03,2.4384059113e-01
551.400000,1.0005047147e-03,2.4684116590e-01
551.450000,9.9822810642e-04,2.3888991439e-01
551.500000,1.0013102236e-03,2.5069634848e-01
551.550000,1.0012040556e-03,2.4112181919e-01
551.600000,9.9987222405e-04,2.5407426933e-01
551.650000,1.0012230628e-03,2.4295137190e-01
551.700000,9.9875007528e-04,2.5004104953e-01
551.750000,1.0002918982e-03,2.4548785588e-01
551.800000,1.0000647391e-03,2.4265960077e-01
551.850000,1.0001364044e-03,2.4004677366e-01
551.900000,1.0012158691e-03,2.4943403115e-01
551.950000,9.9936506831e-04,2.4118929662e-01
552.000000,9.9909142753e-04,2.4792942011e-01
552.050000,1.0011114871e-03,2.4111131076e-01
552.100000,1.0019424159e-03,2.5473927977e-01
552.150000,9.9970410440e-04,2.4971108236e-01
552.200000,9.9825011642e-04,2.4775824593e-01
552.250000,1.0016471037e-03,2.4360771602e-01
552.300000,1.0004463786e-03,2.3919479581e-01
552.350000,1.0024814223e-03,2.4816306915e-01
552.400000,1.0001127348e-03,2.3533168717e-01
552.450000,1.0007080607e-03,2.4919122152e-01
552.500000,1.0003134052e-03,2.3929855789e-01
552.550000,9.9873818812e-04,2.4574807372e-01
552.600000,9.9982659096e-04,2.4258957840e-01
552.650000,9.9829702607e-04,2.4516060112e-01
552.700000,1.0004062220e-03,2.3938585882e-01
552.750000,9.9991238682e-04,2.4750608181e-01
552.800000,9.9982387391e-04,2.4160275238e-01
552.850000,9.9880330540e-04,2.4168639847e-01
552.900000,1.0004425559e-03,2.4833898683e-01
552.950000,9.9994838321e-04,2.4517104331e-01
553.000000,9.9899270317e-04,2.3906544272e-01
553.050000,1.0000746065e-03,2.4561421065e-01
553.100000,1.0003706077e-03,2.3621840711e-01
553.150000,9.9932452309e-04,2.4091299211e-01
553.200000,9.9971477279e-04,2.4230970046e-01
553.250000,1.0011136812e-03,2.4647030143e-01
553.300000,1.0002757721e-03,2.4894070499e-01
553.350000,9.9883329194e-04,2.4156121682e-01
553.400000,1.0000803189e-03,2.4222245278e-01
553.450000,9.9969381924e-04,2.4090242319e-01
553.500000,9.9825270177e-04,2.4872802407e-01
553.550000,9.9950687183e-04,2.4961700672e-01
553.600000,9.9935809678e-04,2.5280428211e-01
553.650000,1.0000374538e-03,2.4171609407e-01
553.700000,1.0009043758e-03,2.4670918166e-01
553.750000,9.9987250105e-04,2.5193839011e-01
553.800000,9.9831138014e-04,2.4539441573e-01
553.850000,9.9963506389e-04,2.5459954551e-01
553.900000,1.0021048152e-03,2.3943752924e-01
553.950000,1.0019279590e-03,2.4874180981e-01
554.000000,9.9790202651e-04,2.3644862839e-01
554.050000,9.9967762664e-04,2.4100018502e-01
554.100000,9.9968374700e-04,2.4162004909e-01
554.150000,9.9954867194e-04,2.4424984422e-01
554.200000,9.9886733924e-04,2.4518130619e-01
554.250000,9.9940437863e-04,2.5166610967e-01
554.300000,9.9922171818e-04,2.4452893101e-01
554.350000,9.9956298456e-04,2.4307404703e-01
554.400000,1.0002107545e-03,2.3614920024e-01
554.450000,1.0014027498e-03,2.5163887089e-01
554.500000,9.9861832456e-04,2.5394736969e-01
554.550000,1.0010824753e-03,2.4503134404e-01
554.600000,9.9961131458e-04,2.3607874743e-01
554.650000,9.9899656447e-04,2.4689886758e-01
554.700000,1.0006688984e-03,2.4856776937e-01
554.750000,1.0004953878e-03,2.3915107988e-01
554.800000,1.0015971337e-03,2.4698050273e-01
554.850000,9.9915510941e-04,2.5278248064e-01
554.900000,9.9854026177e-04,2.4457864026e-01
554.950000,1.0007243460e-03,2.4861482482e-01
555.000000,1.0008954753e-03,2.3122719328e-01
555.050000,9.9834170311e-04,2.3810601102e-01
555.100000,1.0006355646e-03,2.4147696961e-01
555.150000,1.0007919261e-03,2.3992495273e-01
555.200000,9.9890138181e-04,2.4727690376e-01
555.250000,1.0022311722e-03,2.4129736706e-01
555.300000,1.0002877345e-03,2.4507234852e-01
555.350000,9.9765355336e-04,2.4520421491e-01
555.400000,1.0012307984e-03,2.4358014474e-01
555.450000,9.9994484628e-04,2.5285245436e-01
555.500000,9.9967318781e-04,2.4164874329e-01
555.550000,1.0011725488e-03,2.4549322862e-01
555.600000,1.0015236186e-03,2.4482746104e-01
555.650000,9.9970801076e-04,2.4818233482e-01
555.700000,1.0008229366e-03,2.4974404455e-01
555.750000,9.9995766906e-04,2.4627090829e-01
555.800000,9.9962438984e-04,2.3439618502e-01
555.850000,1.0009577168e-03,2.4547005226e-01
555.900000,1.0001555884e-03,2.4761691563e-01
555.950000,1.0016679185e-03,2.5202799630e-01
556.000000,1.0001828959e-03,2.4507190845e-01
556.050000,1.0006485449e-03,2.4042256367e-01
556.100000,9.9846980535e-04,2.3957884709e-01
556.150000,1.0007063988e-03,2.4340647740e-01
556.200000,9.9923605285e-04,2.4212471347e-01
556.250000,1.0018956886e-03,2.3801859948e-01
556.300000,1.0007631276e-03,2.4744159399e-01
556.350000,1.0000488543e-03,2.4688109870e-01
556.400000,9.9961488509e-04,2.4402204819e-01
556.450000,9.9947168593e-04,2.5479166856e-01
556.500000,9.9897783515e-04,2.4445838627e-01
556.550000,9.9908309507e-04,2.4517053594e-01
556.600000,9.9998066134e-04,2.4261663250e-01
556.650000,1.0007394768e-03,2.4514484174e-01
556.700000,1.0000461138e-03,2.4057568534e-01
556.750000,9.9924125776e-04,2.4038455199e-01
556.800000,1.0024960997e-03,2.4552465560e-01
556.850000,1.0005420028e-03,2.4720388937e-01
556.900000,9.9907190967e-04,2.5069205412e-01
556.950000,1.0019548014e-03,2.4845888001e-01
557.000000,1.0005911922e-03,2.4277841095e-01
557.050000,1.0015220176e-03,2.4493583772e-01
557.100000,9.9967690597e-04,2.4302375005e-01
557.150000,9.9896728589e-04,2.4513106243e-01
557.200000,1.0008927215e-03,2.4502241195e-01
557.250000,9.9809066729e-04,2.5356660707e-01
557.300000,1.0009588608e-03,2.4190028310e-01
557.350000,1.0001920733e-03,2.3729897170e-01
557.400000,1.0020309195e-03,2.4581455174e-01
557.450000,9.9949024114e-04,2.4828325655e-01
557.500000,9.9901094950e-04,2.4262653439e-01
557.550000,1.0003216818e-03,2.5620706798e-01
557.600000,9.9742442840e-04,2.5401428118e-01
557.650000,1.0012503050e-03,2.5013941405e-01
557.700000,1.0015601765e-03,2.3846646663e-01
557.750000,1.0017082608e-03,2.4299593988e-01
557.800000,1.0002287542e-03,2.4503589983e-01
557.850000,1.0010212689e-03,2.4922610319e-01
557.900000,9.9840514655e-04,2.5034646777e-01
557.950000,1.0001942317e-03,2.5770604106e-01
558.000000,9.9907310605e-04,2.5282168579e-01
558.050000,9.9997073359e-04,2.5465312977e-01
558.100000,1.0005230897e-03,2.4523358669e-01
558.150000,1.0012354244e-03,2.4252248475e-01
558.200000,1.0010149656e-03,2.5003729526e-01
558.250000,1.0004988312e-03,2.4593723959e-01
558.300000,1.0011961275e-03,2.3521182140e-01
558.350000,1.0008214641e-03,2.4854825313e-01
558.400000,9.9860512506e-04,2.3997292660e-01
558.450000,9.9832569671e-04,2.4295988732e-01
558.500000,9.9973437915e-04,2.4551389676e-01
558.550000,1.0008743847e-03,2.4964901253e-01
558.600000,1.0006339303e-03,2.4697958502e-01
558.650000,1.0012114325e-03,2.4571463952e-01
558.700000,1.0007097169e-03,2.4624797643e-01
558.750000,1.0008835591e-03,2.3624938642e-01
558.800000,1.0010823313e-03,2.4429595868e-01
558.850000,9.9947247770e-04,2.4031157898e-01
558.900000,1.0012315710e-03,2.4459814030e-01
558.950000,1.0010455883e-03,2.3957793826e-01
559.000000,1.0013796324e-03,2.4896004461e-01
559.050000,1.0011572359e-03,2.4292826505e-01
559.100000,9.9870848982e-04,2.4721702489e-01
559.150000,9.9942191920e-04,2.4556904902e-01
559.200000,9.9974410049e-04,2.4307910330e-01
559.250000,1.0006632716e-03,2.5746473522e-01
559.300000,1.0002235350e-03,2.5179040063e-01
559.350000,1.0000176567e-03,2.5121043050e-01
559.400000,9.9935365079e-04,2.5478882514e-01
559.450000,9.9979842465e-04,2.4161833544e-01
559.500000,9.9772888712e-04,2.4390031985e-01
559.550000,1.0001728631e-03,2.3885954091e-01
559.600000,9.9955750158e-04,2.4953313751e-01
559.650000,1.0015259475e-03,2.4163524505e-01
559.700000,9.9986134641e-04,2.5084566033e-01
559.750000,9.9997977605e-04,2.4731285318e-01
559.800000,1.0006477102e-03,2.4814572303e-01
559.850000,9.9854171683e-04,2.4432540588e-01
559.900000,1.0006288006e-03,2.3882632617e-01
559.950000,9.9981586401e-04,2.4392230656e-01
560.000000,9.9972385211e-04,2.4309634366e-01
560.050000,9.9914243533e-04,2.4079411686e-01
560.100000,1.0001404175e-03,2.5153510316e-01
560.150000,9.9988712519e-04,2.4337946641e-01
560.200000,1.0007615965e-03,2.4089784199e-01
560.250000,9.9886724682e-04,2.3662115598e-01
560.300000,9.9876590481e-04,2.5169712623e-01
560.350000,9.9920512847e-04,2.4144950192e-01
560.400000,1.0004330495e-03,2.4043200273e-01
560.450000,9.9788811411e-04,2.5256073054e-01
560.500000,1.0001106085e-03,2.4422118635e-01
560.550000,1.0009209872e-03,2.3760111732e-01
560.600000,1.0000512625e-03,2.4466113367e-01
560.650000,9.9946725205e-04,2.4627848176e-01
560.700000,1.0009845058e-03,2.4435927293e-01
560.750000,1.0000120335e-03,2.3981645100e-01
560.800000,9.9871333350e-04,2.3684607334e-01
560.850000,9.9969456616e-04,2.4939979646e-01
560.900000,9.9959647753e-04,2.4308767987e-01
560.950000,1.0014863951e-03,2.4497333778e-01
561.000000,1.0001609219e-03,2.4540691929e-01
561.050000,9.9833584330e-04,2.4837987090e-01
561.100000,9.9935643687e-04,2.4514125395e-01
561.150000,1.0008140546e-03,2.4071804216e-01
561.200000,9.9908862441e-04,2.4170116643e-01
561.250000,9.9981906515e-04,2.5386301920e-01
561.300000,1.0013150524e-03,2.4828937204e-01
561.350000,1.0007666494e-03,2.4052204934e-01
561.400000,1.0017399607e-03,2.4782768421e-01
561.450000,9.9795909630e-04,2.4583181923e-01
561.500000,1.0001832708e-03,2.5010039913e-01
561.550000,9.9907132161e-04,2.3977090462e-01
561.600000,9.9892049124e-04,2.4261058074e-01
561.650000,9.9910344513e-04,2.4076467468e-01
561.700000,1.0021362036e-03,2.4563166677e-01
561.750000,1.0006641061e-03,2.5217545842e-01
561.800000,1.0001036520e-03,2.4563493467e-01
561.850000,9.9888277107e-04,2.3303666352e-01
561.900000,1.0009713848e-03,2.4471887477e-01
561.950000,1.0005456476e-03,2.4504418547e-01
562.000000,1.0005482626e-03,2.4615424588e-01
562.050000,1.0005017595e-03,2.4500313068e-01
562.100000,9.9941127507e-04,2.4514497537e-01
562.150000,9.9985285866e-04,2.5226027918e-01
562.200000,9.9867423134e-04,2.5637870556e-01
562.250000,1.0015137000e-03,2.5114278118e-01
562.300000,9.9980430230e-04,2.2995604895e-01
562.350000,1.0008789592e-03,2.4426546181e-01
562.400000,9.9774645762e-04,2.5255154675e-01
562.450000,9.9928570663e-04,2.4503542145e-01
562.500000,1.0011111917e-03,2.4913019431e-01
562.550000,9.9979151646e-04,2.3388826492e-01
562.600000,9.9948619165e-04,2.3497027056e-01
562.650000,9.9985974517e-04,2.4623082282e-01
562.700000,1.0003924530e-03,2.4459698090e-01
562.750000,9.9821428904e-04,2.4353698765e-01
562.800000,1.0004597695e-03,2.4498908278e-01
562.850000,1.0018928617e-03,2.4664509199e-01
562.900000,1.0005502056e-03,2.4708939472e-01
562.950000,1.0012208967e-03,2.4402597394e-01
563.000000,1.0000838825e-03,2.4957238872e-01
563.050000,1.0003111408e-03,2.3556754526e-01
563.100000,9.9891327792e-04,2.4539525557e-01
563.150000,9.9973936043e-04,2.4826411614e-01
563.200000,9.9865168624e-04,2.3708300310e-01
563.250000,9.9880966033e-04,2.4326733626e-01
563.300000,9.9980974487e-04,2.5025052448e-01
563.350000,9.9971291092e-04,2.4338269265e-01
563.400000,9.9929102440e-04,2.4930693337e-01
563.450000,9.9824147710e-04,2.5311710233e-01
563.500000,9.9931365203e-04,2.5268805910e-01
563.550000,1.0009009330e-03,2.4531196356e-01
563.600000,1.0006708440e-03,2.4757842168e-01
563.650000,9.9985952599e-04,2.4264244722e-01
563.700000,9.9923487747e-04,2.4823288003e-01
563.750000,1.0016232272e-03,2.3941052088e-01
563.800000,1.0008849834e-03,2.3621687860e-01
563.850000,9.9919463103e-04,2.4109401108e-01
563.900000,1.0008739272e-03,2.5152676102e-01
563.950000,1.0012713924e-03,2.4166868682e-01
564.000000,1.0002629693e-03,2.4655839701e-01
564.050000,1.0027171147e-03,2.4503674945e-01
564.100000,1.0003820176e-03,2.4794009617e-01
564.150000,9.9995338166e-04,2.4390151591e-01
564.200000,9.9857021426e-04,2.4346785782e-01
564.250000,9.9916950466e-04,2.4183356958e-01
564.300000,9.9991761267e-04,2.5064366503e-01
564.350000,1.0009773640e-03,2.5085365855e-01
564.400000,9.9938297778e-04,2.4416195902e-01
564.450000,1.0009495328e-03,2.4388776636e-01
564.500000,1.0006269845e-03,2.4891846800e-01
564.550000,1.0007107615e-03,2.4682460593e-01
564.600000,1.0003151286e-03,2.3939120102e-01
564.650000,9.9950698149e-04,2.4409825361e-01
564.700000,9.9787482323e-04,2.3779229970e-01
564.750000,1.0008049859e-03,2.4778602019e-01
564.800000,9.9864923442e-04,2.4548588284e-01
564.850000,9.9888368485e-04,2.4554625275e-01
564.900000,1.0006887984e-03,2.4022128247e-01
564.950000,9.9942994635e-04,2.3747383311e-01
565.000000,1.0002996750e-03,2.4108269319e-01
565.050000,9.9953862089e-04,2.5167589081e-01
565.100000,9.9833259235e-04,2.3796253677e-01
565.150000,1.0015698273e-03,2.4164127955e-01
565.200000,1.0006809870e-03,2.4898816174e-01
565.250000,1.0004883222e-03,2.4113414083e-01
565.300000,9.9921658551e-04,2.5193277410e-01
565.350000,9.9901295821e-04,2.4133054849e-01
565.400000,9.9896384628e-04,2.4350491676e-01
565.450000,9.9955483504e-04,2.4578514990e-01
565.500000,1.0000049426e-03,2.4455476398e-01
565.550000,1.0004064019e-03,2.4353568372e-01
565.600000,9.9863898122e-04,2.4963879239e-01
565.650000,9.9877222153e-04,2.4676401926e-01
565.700000,9.9943120381e-04,2.4976488052e-01
565.750000,1.0009297580e-03,2.4833864699e-01
565.800000,9.9786119396e-04,2.4406191403e-01
565.850000,1.0005146073e-03,2.4811865185e-01
565.900000,9.9954338931e-04,2.3407774533e-01
565.950000,1.0002720550e-03,2.4061689304e-01
566.000000,1.0000915024e-03,2.4650985175e-01
566.050000,1.0004337353e-03,2.5098177479e-01
566.100000,9.9894204056e-04,2.3695249681e-01
566.150000,9.9973333565e-04,2.4499260721e-01
566.200000,1.0016883608e-03,2.3741039930e-01
566.250000,9.9967817960e-04,2.4031100713e-01
566.300000,1.0008084617e-03,2.4851459351e-01
566.350000,1.0008466708e-03,2.4556397986e-01
566.400000,9.9820183293e-04,2.4976706244e-01
566.450000,1.0012332730e-03,2.4316785114e-01
566.500000,9.9966371781e-04,2.4071068995e-01
566.550000,9.9963347678e-04,2.4939615591e-01
566.600000,9.9977097561e-04,2.4320437093e-01
566.650000,1.0007601730e-03,2.4476731381e-01
566.700000,9.9864025764e-04,2.4067360916e-01
566.750000,1.0000770623e-03,2.4992052477e-01
566.800000,9.9970420172e-04,2.3989848712e-01
566.850000,1.0003911488e-03,2.5458792289e-01
566.900000,9.9975442257e-04,2.4785356499e-01
566.950000,9.9963344836e-04,2.4188535540e-01
567.000000,9.9930352367e-04,2.4258703099e-01
567.050000,9.9810031223e-04,2.4882452409e-01
567.100000,9.9964865989e-04,2.3659491816e-01
567.150000,9.9874707192e-04,2.4283846197e-01
567.200000,9.9855447817e-04,2.4918250705e-01
567.250000,1.0001064344e-03,2.5118336096e-01
567.300000,1.0006702844e-03,2.4067937764e-01
567.350000,9.9985382477e-04,2.4196155890e-01
567.400000,9.9941180035e-04,2.3912052136e-01
567.450000,1.0011480705e-03,2.4818182713e-01
567.500000,9.9905943953e-04,2.4556243254e-01
567.550000,1.0018643478e-03,2.4583158060e-01
567.600000,9.9768221478e-04,2.4698980224e-01
567.650000,9.9949739194e-04,2.4494886929e-01
567.700000,1.0001339725e-03,2.4693396812e-01
567.750000,1.0010291822e-03,2.4476037515e-01
567.800000,1.0020530001e-03,2.5276903659e-01
567.850000,9.9992764075e-04,2.4461536261e-01
567.900000,9.9851973677e-04,2.4509104207e-01
567.950000,1.0005845719e-03,2.4485020933e-01
568.000000,9.9987745917e-04,2.4667243099e-01
568.050000,9.9896588065e-04,2.4789552086e-01
568.100000,9.9962111054e-04,2.4819597627e-01
568.150000,9.9920363519e-04,2.4527990045e-01
568.200000,9.9979613575e-04,2.4696859910e-01
568.250000,1.0000082550e-03,2.3896573897e-01
568.300000,9.9980953091e-04,2.5172047152e-01
568.350000,1.0008821336e-03,2.3455282953e-01
568.400000,1.0018165819e-03,2.4213578789e-01
568.450000,9.9834140418e-04,2.3436133562e-01
568.500000,1.0006430007e-03,2.4440262742e-01
568.550000,1.0020034474e-03,2.4900539376e-01
568.600000,1.0003128295e-03,2.4962491998e-01
568.650000,9.9921470460e-04,2.3748925944e-01
568.700000,9.9899947634e-04,2.4697436980e-01
568.750000,1.0009268816e-03,2.4520209514e-01
568.800000,9.9923344291e-04,2.4219864523e-01
568.850000,9.9871371151e-04,2.3675199013e-01
568.900000,9.9875500652e-04,2.5288359427e-01
568.950000,1.0014911358e-03,2.4332962114e-01
569.000000,1.0025433878e-03,2.4908036628e-01
569.050000,1.0012611611e-03,2.4207799709e-01
569.100000,9.9869816771e-04,2.4462812108e-01
569.150000,1.0004114151e-03,2.4455353164e-01
569.200000,9.9891586432e-04,2.5528670469e-01
569.250000,1.0004022756e-03,2.4357637660e-01
569.300000,1.0011443840e-03,2.5122279758e-01
569.350000,1.0009809204e-03,2.4145179529e-01
569.400000,9.9904512493e-04,2.5119779115e-01
569.450000,9.9841371311e-04,2.5114047344e-01
569.500000,1.0009611824e-03,2.4801007282e-01
569.550000,9.9903571279e-04,2.4661793197e-01
569.600000,1.0002724001e-03,2.4274144962e-01
569.650000,1.0012133013e-03,2.4736360764e-01
569.700000,1.0006814674e-03,2.3883764218e-01
569.750000,9.9988812365e-04,2.3962638110e-01
569.800000,9.9921640635e-04,2.5151981745e-01
569.850000,9.9972379196e-04,2.3953197715e-01
569.900000,9.9930891314e-04,2.3878968046e-01
569.950000,1.0008370864e-03,2.4125243879e-01
570.000000,1.0004105083e-03,2.4197196769e-01
570.050000,1.0012621966e-03,2.5094502673e-01
570.100000,1.0009745155e-03,2.4086351320e-01
570.150000,9.9885656028e-04,2.5794074458e-01
570.200000,1.0000279608e-03,2.4597728852e-01
570.250000,1.0006346458e-03,2.4840903222e-01
570.300000,9.9986879370e-04,2.5141009183e-01
570.350000,1.0013681471e-03,2.4202212236e-01
570.400000,9.9966395006e-04,2.3830688115e-01
570.450000,9.9950827560e-04,2.4013281091e-01
570.500000,9.9861621994e-04,2.5219090269e-01
570.550000,1.0013544405e-03,2.5073821857e-01
570.600000,1.0003119109e-03,2.4660195479e-01
570.650000,9.9985572977e-04,2.4725016790e-01
570.700000,9.9760679482e-04,2.3928951085e-01
570.750000,1.0000586396e-03,2.4278765266e-01
570.800000,9.9875221024e-04,2.4042003936e-01
570.850000,9.9891624807e-04,2.5378093980e-01
570.900000,1.0016581884e-03,2.4753132159e-01
570.950000,9.9923699868e-04,2.4393896311e-01
571.000000,9.9982331019e-04,2.5216715126e-01
571.050000,9.9906626642e-04,2.4640472006e-01
571.100000,9.9904343921e-04,2.4720912847e-01
571.150000,9.9748983646e-04,2.4788652853e-01
571.200000,1.0005633712e-03,2.4853528278e-01
571.250000,1.0013812689e-03,2.4862034806e-01
571.300000,1.0010297382e-03,2.4533414218e-01
571.350000,9.9955080675e-04,2.3991324562e-01
571.400000,1.0008230601e-03,2.5028490966e-01
571.450000,1.0003791762e-03,2.4089144005e-01
571.500000,9.9958815052e-04,2.4638887695e-01
571.550000,9.9962672628e-04,2.4220468192e-01
571.600000,9.9999921031e-04,2.3275132126e-01
571.650000,1.0002157285e-03,2.4372334905e-01
571.700000,9.9985068463e-04,2.4918232457e-01
571.750000,9.9962908473e-04,2.5239923303e-01
571.800000,9.9952611965e-04,2.4077101581e-01
571.850000,9.9923755335e-04,2.5452032434e-01
571.900000,9.9962892520e-04,2.4804827943e-01
571.950000,1.0015813141e-03,2.5432152167e-01
572.000000,9.9894601144e-04,2.4485264793e-01
572.050000,1.0000632946e-03,2.4161501732e-01
572.100000,9.9904218670e-04,2.4186333283e-01
572.150000,1.0011114527e-03,2.4135647121e-01
572.200000,9.9757856070e-04,2.4997025683e-01
572.250000,1.0018142372e-03,2.4772271630e-01
572.300000,9.9925576931e-04,2.4343079035e-01
572.350000,1.0009614711e-03,2.4572405721e-01
572.400000,1.0005665202e-03,2.4165947399e-01
572.450000,9.9963509056e-04,2.4695659215e-01
572.500000,1.0003221204e-03,2.4347038058e-01
572.550000,1.0008808492e-03,2.4746013787e-01
572.600000,1.0004601301e-03,2.4124756811e-01
572.650000,9.9985248709e-04,2.4302759818e-01
572.700000,1.0006141483e-03,2.4160189179e-01
572.750000,1.0001611675e-03,2.4901477204e-01
572.800000,1.0004222325e-03,2.4600264523e-01
572.850000,9.9973786009e-04,2.4208053919e-01
572.900000,1.0001687093e-03,2.4729739889e-01
572.950000,9.9946541815e-04,2.5030426748e-01
573.000000,1.0007556811e-03,2.5759418798e-01
573.050000,9.9992374012e-04,2.3366174190e-01
573.100000,9.9980823211e-04,2.5218201634e-01
573.150000,9.9904146386e-04,2.4892807934e-01
573.200000,1.0004419073e-03,2.5109638033e-01
573.250000,1.0003309183e-03,2.3922363643e-01
573.300000,9.9960018737e-04,2.4477525195e-01
573.350000,9.9965820440e-04,2.4159718400e-01
573.400000,1.0010840145e-03,2.4124118521e-01
573.450000,1.0019375211e-03,2.4144556895e-01
573.500000,9.9927018532e-04,2.4618172689e-01
573.550000,9.9799537957e-04,2.4199681884e-01
573.600000,1.0004939195e-03,2.4050529760e-01
573.650000,9.9986450440e-04,2.4480359663e-01
573.700000,9.9844282312e-04,2.4266156790e-01
573.750000,9.9971186860e-04,2.4962202910e-01
573.800000,1.0000705298e-03,2.4169886406e-01
573.850000,1.0000205852e-03,2.4863605980e-01
573.900000,1.0008796116e-03,2.5054699809e-01
573.950000,9.9976990704e-04,2.4384372559e-01
574.000000,9.9997851856e-04,2.4692810766e-01
574.050000,1.0003710605e-03,2.4987999904e-01
574.100000,1.0007282418e-03,2.5223517124e-01
574.150000,9.9962704893e-04,2.4690418317e-01
574.200000,9.9983393466e-04,2.4962438370e-01
574.250000,9.9967957991e-04,2.4314653850e-01
574.300000,1.0000940209e-03,2.5106764803e-01
574.350000,9.9970758866e-04,2.4176325588e-01
574.400000,9.9860796431e-04,2.5232405024e-01
574.450000,9.9943324149e-04,2.4685894617e-01
574.500000,9.9920228984e-04,2.4819309387e-01
574.550000,9.9835560398e-04,2.4295124361e-01
574.600000,1.0008042703e-03,2.4663141616e-01
574.650000,9.9936284463e-04,2.4443224363e-01
574.700000,1.0004585198e-03,2.4906570379e-01
574.750000,1.0002154120e-03,2.3829317710e-01
574.800000,1.0004421616e-03,2.3987328971e-01
574.850000,1.0022842295e-03,2.4156908747e-01
574.900000,1.0016590896e-03,2.3984511362e-01
574.950000,1.0010651267e-03,2.4410360442e-01
575.000000,9.9998242271e-04,2.4066284587e-01
575.050000,9.9983820289e-04,2.4303745170e-01
575.100000,9.9914693557e-04,2.4417397714e-01
575.150000,1.0002081947e-03,2.4518053835e-01
575.200000,1.0011960063e-03,2.4004655427e-01
575.250000,9.9883334952e-04,2.4723940627e-01
575.300000,1.0007476475e-03,2.4770547429e-01
575.350000,1.0013959735e-03,2.4251328993e-01
575.400000,1.0004428698e-03,2.3745849383e-01
575.450000,1.0002871036e-03,2.4881200591e-01
575.500000,9.9994569056e-04,2.4732997550e-01
575.550000,9.9898277427e-04,2.3509064624e-01
575.600000,9.9817595436e-04,2.4494717233e-01
575.650000,1.0001941477e-03,2.4243675643e-01
575.700000,9.9890781333e-04,2.3993737925e-01
575.750000,9.9919197615e-04,2.4537643811e-01
575.800000,1.0006945241e-03,2.4006835166e-01
575.850000,9.9978740917e-04,2.4271323916e-01
575.900000,1.0001117609e-03,2.4461538504e-01
575.950000,1.0016609478e-03,2.4423278967e-01
576.000000,1.0006145898e-03,2.5391125246e-01
576.050000,9.9893606176e-04,2.5108881428e-01
576.100000,9.9895011540e-04,2.3748370993e-01
576.150000,9.9938252978e-04,2.4226233354e-01
576.200000,9.9991587740e-04,2.4856717474e-01
576.250000,1.0003752512e-03,2.4029428363e-01
576.300000,9.9925619205e-04,2.5125731214e-01
576.350000,9.9928801173e-04,2.5172393837e-01
576.400000,1.0011811297e-03,2.3928545944e-01
576.450000,1.0005372915e-03,2.5121765425e-01
576.500000,1.0001463721e-03,2.3582300699e-01
576.550000,9.9989793003e-04,2.3931675633e-01
576.600000,9.9943018598e-04,2.4929828523e-01
576.650000,9.9916851031e-04,2.4744882310e-01
576.700000,9.9922191880e-04,2.4359206567e-01
576.750000,9.9951735163e-04,2.4536414215e-01
576.800000,9.9943606882e-04,2.4095231236e-01
576.850000,9.9943936587e-04,2.4442713183e-01
576.900000,1.0000822689e-03,2.4621753507e-01
576.950000,9.9938935001e-04,2.3966458569e-01
577.000000,9.9856390526e-04,2.3763174817e-01
577.050000,9.9829852908e-04,2.4548609734e-01
577.100000,9.9949792357e-04,2.4366401627e-01
577.150000,1.0009157845e-03,2.4822762894e-01
577.200000,9.9957738189e-04,2.4667040907e-01
577.250000,1.0010567615e-03,2.4409448436e-01
577.300000,1.0008127290e-03,2.4802494251e-01
577.350000,1.0007636660e-03,2.4220700148e-01
577.400000,9.9814311618e-04,2.3559701028e-01
577.450000,9.9942694145e-04,2.4090805130e-01
577.500000,1.0019252981e-03,2.4710107806e-01
577.550000,9.9976579349e-04,2.4083416181e-01
577.600000,9.9940241790e-04,2.5074221431e-01
577.650000,9.9891633253e-04,2.5090899417e-01
577.700000,1.0007291332e-03,2.5094592766e-01
577.750000,9.9954427500e-04,2.4133721476e-01
577.800000,9.9928153368e-04,2.4442481796e-01
577.850000,9.9902696065e-04,2.4623881405e-01
577.900000,1.0008773678e-03,2.4989164194e-01
577.950000,1.0007531200e-03,2.3943286545e-01
578.000000,9.9921853324e-04,2.4586732601e-01
578.050000,1.0000689955e-03,2.4322359380e-01
578.100000,9.9876564680e-04,2.4447638050e-01
578.150000,1.0007467543e-03,2.3271831273e-01
578.200000,9.9875372824e-04,2.4899793922e-01
578.250000,9.9966044359e-04,2.4309154278e-01
578.300000,9.9934713028e-04,2.4818461670e-01
578.350000,9.9808666869e-04,2.5081999531e-01
578.400000,9.9868001245e-04,2.5083362089e-01
578.450000,1.0009117507e-03,2.3774025394e-01
578.500000,1.0006407804e-03,2.4801386152e-01
578.550000,1.0004786155e-03,2.4527436329e-01
578.600000,9.9963839328e-04,2.5417065069e-01
578.650000,9.9938489876e-04,2.4269045200e-01
578.700000,1.0003376641e-03,2.4251309545e-01
578.750000,9.9959126486e-04,2.4330364232e-01
578.800000,9.9910891979e-04,2.4693244736e-01
578.850000,9.9998386925e-04,2.4499561303e-01
578.900000,9.9908650013e-04,2.4485965160e-01
578.950000,9.9963642133e-04,2.4218299297e-01
579.000000,1.0012742263e-03,2.5133479277e-01
579.050000,1.0004682223e-03,2.3398050898e-01
579.100000,9.9907776452e-04,2.4975750168e-01
579.150000,1.0018671289e-03,2.4852057480e-01
579.200000,9.9962119162e-04,2.5431317287e-01
579.250000,1.0001362924e-03,2.4161333789e-01
579.300000,9.9941330819e-04,2.4771473479e-01
579.350000,1.0022307393e-03,2.4447353014e-01
579.400000,1.0004871144e-03,2.4625452911e-01
579.450000,1.0002865198e-03,2.4675140525e-01
579.500000,1.0002042065e-03,2.4342080866e-01
579.550000,1.0011408764e-03,2.4820220240e-01
579.600000,1.0001850276e-03,2.4667810144e-01
579.650000,1.0009189816e-03,2.4958657740e-01
579.700000,9.9784732005e-04,2.4213378991e-01
579.750000,1.0018104902e-03,2.5139389263e-01
579.800000,1.0013301758e-03,2.4998989210e-01
579.850000,1.0008938526e-03,2.4034271765e-01
579.900000,1.0011035634e-03,2.4632440599e-01
579.950000,9.9804948363e-04,2.4435152909e-01
580.000000,1.0001659012e-03,2.4522461378e-01
580.050000,9.9924167356e-04,2.3848027085e-01
580.100000,9.9961765158e-04,2.5301471789e-01
580.150000,1.0005097202e-03,2.3535335770e-01
580.200000,1.0007496045e-03,2.3721829835e-01
580.250000,1.0000029569e-03,2.4592519446e-01
580.300000,1.0017234664e-03,2.4646887863e-01
580.350000,9.9795552207e-04,2.4690633969e-01
580.400000,9.9907359740e-04,2.4026063182e-01
580.450000,1.0007356664e-03,2.4560993801e-01
580.500000,1.0006851085e-03,2.3675594292e-01
580.550000,9.9906110228e-04,2.4902555397e-01
580.600000,9.9962361882e-04,2.4142652824e-01
580.650000,9.9959468598e-04,2.3220888949e-01
580.700000,9.9881436928e-04,2.4082144323e-01
580.750000,9.9864734057e-04,2.3805644147e-01
580.800000,9.9984182348e-04,2.3830505550e-01
580.850000,9.9959679642e-04,2.4314493087e-01
580.900000,9.9924184287e-04,2.3696682048e-01
580.950000,1.0000990206e-03,2.5142970678e-01
581.000000,9.9883746983e-04,2.4267497543e-01
581.050000,9.9908919346e-04,2.4624177523e-01
581.100000,9.9856547544e-04,2.3957450701e-01
581.150000,9.9868955877e-04,2.5492749113e-01
581.200000,1.0002601814e-03,2.4637900984e-01
581.250000,9.9972976637e-04,2.3718631393e-01
581.300000,9.9758354960e-04,2.4554071831e-01
581.350000,9.9862736384e-04,2.4476362674e-01
581.400000,1.0004050637e-03,2.4735034891e-01
581.450000,9.9975798617e-04,2.4165446617e-01
581.500000,1.0008940878e-03,2.3454665693e-01
581.550000,1.0002400271e-03,2.5322790974e-01
581.600000,1.0010322898e-03,2.5414020028e-01
581.650000,9.9940386650e-04,2.5100576378e-01
581.700000,1.0008805198e-03,2.4444132231e-01
581.750000,9.9953166030e-04,2.4047822827e-01
581.800000,1.0004598688e-03,2.4369737633e-01
581.850000,1.0021959837e-03,2.5122081959e-01
581.900000,9.9960184197e-04,2.4060139376e-01
581.950000,1.0001603496e-03,2.5449736577e-01
582.000000,9.9999108084e-04,2.5519537332e-01
582.050000,9.9908856493e-04,2.5481680598e-01
582.100000,1.0007176404e-03,2.4029312868e-01
582.150000,1.0005164835e-03,2.4186373452e-01
582.200000,9.9946331870e-04,2.5544431568e-01
582.250000,1.0004108243e-03,2.4257995508e-01
582.300000,9.9989725042e-04,2.5022417736e-01
582.350000,1.0005293410e-03,2.3906156252e-01
582.400000,1.0008789962e-03,2.4506658501e-01
582.450000,1.0013701372e-03,2.4300651668e-01
582.500000,9.9903482286e-04,2.3561894495e-01
582.550000,1.0001943557e-03,2.4177668733e-01
582.600000,1.0001066668e-03,2.4020584252e-01
582.650000,9.9922214024e-04,2.4734867361e-01
582.700000,9.9996072464e-04,2.5496572023e-01
582.750000,1.0007092683e-03,2.4691968182e-01
582.800000,9.9932339515e-04,2.4702986296e-01
582.850000,1.0005184929e-03,2.5036783609e-01
582.900000,1.0007982320e-03,2.4770563772e-01
582.950000,1.0013518417e-03,2.4306332285e-01
583.000000,9.9970409934e-04,2.5082567920e-01
583.050000,9.9809838785e-04,2.4827968703e-01
583.100000,1.0006577960e-03,2.4268565720e-01
583.150000,1.0000544124e-03,2.3999207825e-01
583.200000,1.0002021122e-03,2.4729890192e-01
583.250000,9.9890193391e-04,2.4851278918e-01
583.300000,9.9847839691e-04,2.4067158494e-01
583.350000,1.0008352231e-03,2.4272418674e-01
583.400000,9.9937676087e-04,2.4052159108e-01
583.450000,1.0002120061e-03,2.4998361470e-01
583.500000,9.9829198358e-04,2.4434232321e-01
583.550000,9.9858167355e-04,2.4228135357e-01
583.600000,1.0022787494e-03,2.4387775732e-01
583.650000,9.9948706181e-04,2.4489690641e-01
583.700000,9.9876877039e-04,2.4834387653e-01
583.750000,9.9897893773e-04,2.4931136507e-01
583.800000,1.0015287565e-03,2.5161789121e-01
583.850000,9.9980285340e-04,2.5141219663e-01
583.900000,1.0013369785e-03,2.4832806698e-01
583.950000,1.0000986896e-03,2.4058532817e-01
584.000000,1.0000592708e-03,2.4145593357e-01
584.050000,1.0007559292e-03,2.4521219993e-01
584.100000,1.0003550358e-03,2.4684864524e-01
584.150000,9.9893352818e-04,2.5441671669e-01
584.200000,1.0005160628e-03,2.4340383853e-01
584.250000,9.9940310533e-04,2.4381697249e-01
584.300000,9.9985517838e-04,2.5526969136e-01
584.350000,9.9918184976e-04,2.4793410853e-01
584.400000,9.9913956189e-04,2.3403452057e-01
584.450000,9.9963055308e-04,2.4578236994e-01
584.500000,9.9828634991e-04,2.4299528004e-01
584.550000,9.9906349052e-04,2.5013156528e-01
584.600000,1.0012593633e-03,2.4767915510e-01
584.650000,1.0000104709e-03,2.5012998989e-01
584.700000,1.0007607910e-03,2.4553728531e-01
584.750000,1.0008794552e-03,2.5513779841e-01
584.800000,1.0007480966e-03,2.4578537163e-01
584.850000,9.9978449604e-04,2.4408912136e-01
584.900000,1.0002650967e-03,2.4058709079e-01
584.950000,1.0005152445e-03,2.4355111656e-01
585.000000,1.0005443341e-03,2.4026593468e-01
585.050000,1.0010293178e-03,2.3800175136e-01
585.100000,9.9877694291e-04,2.3556783897e-01
585.150000,9.9969049406e-04,2.5064419352e-01
585.200000,9.9957286797e-04,2.4433771719e-01
585.250000,1.0012029658e-03,2.5359184116e-01
585.300000,1.0001934477e-03,2.4678063603e-01
585.350000,9.9899718698e-04,2.5827828830e-01
585.400000,1.0022638871e-03,2.5085250688e-01
585.450000,1.0002607726e-03,2.4762363057e-01
585.500000,1.0006788140e-03,2.4484739529e-01
585.550000,1.0002384530e-03,2.4538663131e-01
585.600000,1.0014749674e-03,2.4705145444e-01
585.650000,1.0000473942e-03,2.4466503899e-01
585.700000,9.9995764241e-04,2.4054684958e-01
585.750000,9.9999106376e-04,2.3973264529e-01
585.800000,1.0014139099e-03,2.4164003754e-01
585.850000,9.9870428900e-04,2.3657415333e-01
585.900000,1.0003214208e-03,2.4544926111e-01
585.950000,9.9953346977e-04,2.4288430225e-01
586.000000,1.0008296997e-03,2.5085086019e-01
586.050000,9.9908876427e-04,2.4473157414e-01
586.100000,9.9849722718e-04,2.5334178412e-01
586.150000,1.0001081894e-03,2.5284703665e-01
586.200000,1.0003403889e-03,2.4168227350e-01
586.250000,1.0001171765e-03,2.4746339726e-01
586.300000,1.0005003369e-03,2.4642443143e-01
586.350000,9.9992302640e-04,2.4017564321e-01
586.400000,1.0004177304e-03,2.5137559580e-01
586.450000,1.0021991259e-03,2.5396234818e-01
586.500000,1.0000015956e-03,2.3980680645e-01
586.550000,9.9716762033e-04,2.4008875181e-01
586.600000,9.9844819604e-04,2.5367046747e-01
586.650000,1.0005087751e-03,2.5396779101e-01
586.700000,9.9961036544e-04,2.5097564864e-01
586.750000,9.9971732550e-04,2.4237193400e-01
586.800000,9.9993585349e-04,2.4457027274e-01
586.850000,1.0014688493e-03,2.4834521905e-01
586.900000,1.0016617416e-03,2.4522875614e-01
586.950000,1.0006227386e-03,2.3905593940e-01
587.000000,1.0002974661e-03,2.5175533378e-01
587.050000,9.9967889773e-04,2.3664206066e-01
587.100000,1.0001135770e-03,2.3899153816e-01
587.150000,9.9865296895e-04,2.3767684857e-01
587.200000,1.0001041240e-03,2.5084353031e-01
587.250000,1.0005192702e-03,2.3774590363e-01
587.300000,1.0023652367e-03,2.3815005262e-01
587.350000,9.9928003879e-04,2.5161595952e-01
587.400000,1.0022410276e-03,2.5117360377e-01
587.450000,1.0006070783e-03,2.4481538635e-01
587.500000,1.0002316856e-03,2.4482890707e-01
587.550000,9.9981674748e-04,2.3818959898e-01
587.600000,9.9906071990e-04,2.4557402965e-01
587.650000,1.0020327070e-03,2.4823356307e-01
587.700000,9.9873664355e-04,2.3885429745e-01
587.750000,9.9840643517e-04,2.5033570514e-01
587.800000,9.9928651361e-04,2.3957808441e-01
587.850000,1.0010359374e-03,2.4081868715e-01
587.900000,9.9899814383e-04,2.4401651923e-01
587.950000,1.0010163836e-03,2.4203594277e-01
588.000000,1.0007761654e-03,2.4577446210e-01
588.050000,1.0009489686e-03,2.4548017886e-01
588.100000,9.9978788009e-04,2.4646780676e-01
588.150000,1.0006123749e-03,2.4338121218e-01
588.200000,9.9972845817e-04,2.3699746076e-01
588.250000,1.0011797166e-03,2.4878629055e-01
588.300000,1.0006589022e-03,2.4413000607e-01
588.350000,1.0020042874e-03,2.5056685046e-01
588.400000,1.0005383123e-03,2.4372863136e-01
588.450000,9.9948342854e-04,2.3584630013e-01
588.500000,1.0004385072e-03,2.5956916868e-01
588.550000,1.0012397514e-03,2.5287490842e-01
588.600000,9.9934665469e-04,2.4022888650e-01
588.650000,9.9876558707e-04,2.4478318156e-01
588.700000,9.9830765785e-04,2.4465611670e-01
588.750000,1.0007340195e-03,2.4488709411e-01
588.800000,9.9993766893e-04,2.4309080165e-01
588.850000,1.0006366133e-03,2.4874824951e-01
588.900000,1.0027393447e-03,2.4497366738e-01
588.950000,1.0011804375e-03,2.4836435600e-01
589.000000,1.0020589529e-03,2.4996253995e-01
589.050000,1.0008135770e-03,2.4848811126e-01
589.100000,1.0003302300e-03,2.4712777036e-01
589.150000,9.9984250324e-04,2.4090663391e-01
589.200000,1.0014395834e-03,2.4329383348e-01
589.250000,1.0005569916e-03,2.4155162914e-01
589.300000,9.9947667914e-04,2.4617450499e-01
589.350000,9.9992362799e-04,2.4496612406e-01
589.400000,1.0022336603e-03,2.5317590448e-01
589.450000,1.0004941359e-03,2.4081671165e-01
589.500000,9.9939347140e-04,2.4829813576e-01
589.550000,1.0005450046e-03,2.5199396955e-01
589.600000,1.0017655075e-03,2.4801316058e-01
589.650000,9.9923850668e-04,2.5500637254e-01
589.700000,1.0003181611e-03,2.4568156328e-01
589.750000,1.0012137779e-03,2.5400920691e-01
589.800000,9.9906791564e-04,2.4635596807e-01
589.850000,9.9966587205e-04,2.4616196209e-01
589.900000,1.0003448854e-03,2.4105308568e-01
589.950000,1.0013919852e-03,2.4590857206e-01
590.000000,9.9897697861e-04,2.5129852995e-01
590.050000,1.0012204167e-03,2.4302280697e-01
590.100000,9.9843194299e-04,2.5857827989e-01
590.150000,1.0007400840e-03,2.3849335468e-01
590.200000,9.9895034063e-04,2.4425993668e-01
590.250000,1.0015091096e-03,2.4380036972e-01
590.300000,9.9986326538e-04,2.5363750021e-01
590.350000,1.0021675179e-03,2.4061512299e-01
590.400000,9.9932663261e-04,2.4305084026e-01
590.450000,1.0004118284e-03,2.4547475102e-01
590.500000,1.0006809195e-03,2.4091291002e-01
590.550000,9.9956456733e-04,2.4946835990e-01
590.600000,1.0017022019e-03,2.4737851718e-01
590.650000,1.0003337423e-03,2.5141705389e-01
590.700000,9.9974732092e-04,2.4303256739e-01
590.750000,9.9950567072e-04,2.3997837927e-01
590.800000,1.0014284728e-03,2.4601799462e-01
590.850000,9.9898592486e-04,2.4683818325e-01
590.900000,1.0006085326e-03,2.4501336938e-01
590.950000,1.0003671191e-03,2.4544106180e-01
591.000000,9.9971231140e-04,2.4132221286e-01
591.050000,1.0010843359e-03,2.3838513999e-01
591.100000,9.9961825940e-04,2.3744076049e-01
591.150000,1.0004410174e-03,2.4781925853e-01
591.200000,9.9992439155e-04,2.3606666085e-01
591.250000,1.0013415029e-03,2.5046977979e-01
591.300000,1.0007692593e-03,2.4376348893e-01
591.350000,1.0010526121e-03,2.4964834118e-01
591.400000,1.0018492563e-03,2.5043709822e-01
591.450000,1.0015437081e-03,2.4868903252e-01
591.500000,1.0009221986e-03,2.5297331330e-01
591.550000,1.0003190842e-03,2.4185294431e-01
591.600000,9.9841743531e-04,2.4633459897e-01
591.650000,1.0004092528e-03,2.5093071216e-01
591.700000,9.9946984980e-04,2.4618034326e-01
591.750000,9.9832383428e-04,2.4092428996e-01
591.800000,9.9912985739e-04,2.3842858045e-01
591.850000,1.0008574256e-03,2.4290923134e-01
591.900000,9.9971538502e-04,2.4418966506e-01
591.950000,9.9945386657e-04,2.3980162943e-01
592.000000,1.0007991951e-03,2.4083557346e-01
592.050000,1.0015873728e-03,2.4506390064e-01
592.100000,9.9846096583e-04,2.4911389540e-01
592.150000,1.0003845500e-03,2.4855322176e-01
592.200000,9.9966119207e-04,2.4571043206e-01
592.250000,1.0011061340e-03,2.4272694553e-01
592.300000,9.9985148627e-04,2.4780420238e-01
592.350000,9.9661869161e-04,2.4717581726e-01
592.400000,9.9856270482e-04,2.4771905588e-01
592.450000,9.9964818468e-04,2.4775928273e-01
592.500000,9.9890353217e-04,2.4010116914e-01
592.550000,9.9953631036e-04,2.4667039387e-01
592.600000,1.0000260330e-03,2.3907998958e-01
592.650000,9.9913167540e-04,2.4760400771e-01
592.700000,1.0005784612e-03,2.5019099400e-01
592.750000,9.9914686317e-04,2.3737409877e-01
592.800000,9.9890665761e-04,2.4220984787e-01
592.850000,9.9997654695e-04,2.4346640492e-01
592.900000,9.9766671696e-04,2.4308404839e-01
592.950000,9.9887892651e-04,2.5623394501e-01
593.000000,1.0008232465e-03,2.4600273975e-01
593.050000,1.0015298907e-03,2.4906151770e-01
593.100000,9.9986150412e-04,2.4444096058e-01
593.150000,9.9797092746e-04,2.4424935543e-01
593.200000,1.0000744038e-03,2.4216898751e-01
593.250000,1.0022661599e-03,2.4680588011e-01
593.300000,9.9983323764e-04,2.4935899403e-01
593.350000,9.9904070921e-04,2.5327576541e-01
593.400000,1.0000290693e-03,2.3481955656e-01
593.450000,1.0004644824e-03,2.5416200129e-01
593.500000,1.0011141143e-03,2.3475456441e-01
593.550000,9.9951983209e-04,2.4412620354e-01
593.600000,1.0009262527e-03,2.4638778624e-01
593.650000,9.9968713009e-04,2.4534567028e-01
593.700000,9.9845138403e-04,2.4200914219e-01
593.750000,1.0013574981e-03,2.4851914276e-01
593.800000,9.9970209013e-04,2.4265489030e-01
593.850000,9.9914809784e-04,2.3891666919e-01
593.900000,9.9871486834e-04,2.4422300572e-01
593.950000,1.0002998597e-03,2.4443271037e-01
594.000000,9.9752649351e-04,2.4119833979e-01
594.050000,1.0000038288e-03,2.4887147701e-01
594.100000,1.0002986448e-03,2.4336305072e-01
594.150000,9.9824330145e-04,2.3919923771e-01
594.200000,1.0000493399e-03,2.3880887500e-01
594.250000,1.0007834836e-03,2.5078144889e-01
594.300000,9.9951940748e-04,2.3071263812e-01
594.350000,1.0007287271e-03,2.4830870099e-01
594.400000,1.0007743763e-03,2.4320764035e-01
594.450000,9.9891541623e-04,2.4952392711e-01
594.500000,9.9962198223e-04,2.4999688931e-01
594.550000,9.9953562184e-04,2.4802241918e-01
594.600000,1.0004590807e-03,2.4243905013e-01
594.650000,1.0006780309e-03,2.4384127032e-01
594.700000,1.0006074172e-03,2.4228312341e-01
594.750000,1.0006836179e-03,2.4213495049e-01
594.800000,9.9889354642e-04,2.4772686787e-01
594.850000,9.9941430849e-04,2.3253317776e-01
594.900000,9.9966166583e-04,2.5537355693e-01
594.950000,9.9929889174e-04,2.4035080943e-01
595.000000,9.9889304772e-04,2.3509552729e-01
595.050000,1.0003905148e-03,2.4402328635e-01
595.100000,9.9893559553e-04,2.4611441788e-01
595.150000,9.9970732612e-04,2.4805064876e-01
595.200000,1.0005895887e-03,2.5728951840e-01
595.250000,9.9936174378e-04,2.4520422515e-01
595.300000,1.0011554814e-03,2.4304937793e-01
595.350000,1.0018253914e-03,2.4188166027e-01
595.400000,1.0008212523e-03,2.4335310686e-01
595.450000,1.0011544763e-03,2.4291228664e-01
595.500000,1.0012980092e-03,2.4142638665e-01
595.550000,9.9993384510e-04,2.4213502240e-01
595.600000,9.9954766093e-04,2.4749910623e-01
595.650000,9.9931119146e-04,2.3808413387e-01
595.700000,1.0022437330e-03,2.4127985778e-01
595.750000,9.9950286411e-04,2.4160411839e-01
595.800000,9.9799780855e-04,2.5434740770e-01
595.850000,9.9996903424e-04,2.4162684721e-01
595.900000,9.9902600517e-04,2.5787287813e-01
595.950000,9.9971744238e-04,2.4091309461e-01
596.000000,9.9819165969e-04,2.4404803758e-01
596.050000,1.0006615110e-03,2.3976536529e-01
596.100000,1.0021865110e-03,2.5082057241e-01
596.150000,9.9933715935e-04,2.4365105923e-01
596.200000,1.0002575912e-03,2.5120074022e-01
596.250000,9.9764173443e-04,2.4367718801e-01
596.300000,1.0007707628e-03,2.4396095903e-01
596.350000,1.0005486708e-03,2.5000190202e-01
596.400000,1.0000615953e-03,2.4739861947e-01
596.450000,9.9885217032e-04,2.4459470485e-01
596.500000,1.0008397268e-03,2.4055871761e-01
596.550000,9.9881433981e-04,2.4319870537e-01
596.600000,1.0011711592e-03,2.4124699875e-01
596.650000,1.0011603198e-03,2.5251433830e-01
596.700000,1.0011767506e-03,2.4861153285e-01
596.750000,9.9962241059e-04,2.4656071125e-01
596.800000,1.0003667221e-03,2.5169608556e-01
596.850000,1.0000891183e-03,2.3739897733e-01
596.900000,9.9840093957e-04,2.4763254015e-01
596.950000,1.0011772883e-03,2.4802215767e-01
597.000000,1.0023987476e-03,2.4712498046e-01
597.050000,1.0001798512e-03,2.3808721476e-01
597.100000,9.9973139180e-04,2.4471726258e-01
597.150000,9.9890403203e-04,2.3661419273e-01
597.200000,9.9993586027e-04,2.5108170923e-01
597.250000,9.9953873425e-04,2.4942504895e-01
597.300000,9.9913797889e-04,2.4244606114e-01
597.350000,1.0008220384e-03,2.4981117262e-01
597.400000,1.0000804007e-03,2.4840646224e-01
597.450000,1.0014343839e-03,2.4437924025e-01
597.500000,1.0008949307e-03,2.4896329974e-01
597.550000,9.9979676960e-04,2.4779541541e-01
597.600000,1.0003834109e-03,2.3616975269e-01
597.650000,9.9978468079e-04,2.4602303669e-01
597.700000,1.0003018329e-03,2.4003637079e-01
597.750000,1.0003180561e-03,2.4139645888e-01
597.800000,9.9946466034e-04,2.5158222014e-01
597.850000,1.0006944694e-03,2.3903263828e-01
597.900000,1.0003827427e-03,2.3509346790e-01
597.950000,1.0005095007e-03,2.4725301373e-01
598.000000,1.0001731857e-03,2.4892611217e-01
598.050000,1.0003573593e-03,2.3484815704e-01
598.100000,1.0006500292e-03,2.5166158017e-01
598.150000,9.9960577271e-04,2.3725788250e-01
598.200000,9.9930713632e-04,2.5098254495e-01
598.250000,9.9951781664e-04,2.4471648180e-01
598.300000,9.9994883633e-04,2.4473352493e-01
598.350000,1.0006518205e-03,2.4850265514e-01
598.400000,9.9993664488e-04,2.4459607723e-01
598.450000,1.0004393988e-03,2.4370806660e-01
598.500000,1.0001392714e-03,2.4751137033e-01
598.550000,9.9951718064e-04,2.4678180955e-01
598.600000,9.9941029528e-04,2.4813069168e-01
598.650000,9.9881054012e-04,2.4214009294e-01
598.700000,9.9877146636e-04,2.4515626480e-01
598.750000,9.9952834772e-04,2.4546362690e-01
598.800000,1.0000684891e-03,2.4922561852e-01
598.850000,1.0008378754e-03,2.3739218603e-01
598.900000,1.0007353331e-03,2.4328251928e-01
598.950000,1.0002738850e-03,2.4473265163e-01
599.000000,1.0011068834e-03,2.3318121603e-01
599.050000,9.9858451087e-04,2.3964117992e-01
599.100000,1.0017348935e-03,2.4001366168e-01
599.150000,1.0013238143e-03,2.4434738116e-01
599.200000,1.0000409357e-03,2.4132370146e-01
599.250000,1.0019492768e-03,2.4584867037e-01
599.300000,9.9959679382e-04,2.4519364826e-01
599.350000,9.9941146224e-04,2.3940521517e-01
599.400000,1.0004670292e-03,2.4315101368e-01
599.450000,9.9846804071e-04,2.4178592849e-01
599.500000,1.0004107297e-03,2.3917316087e-01
599.550000,1.0013705765e-03,2.5108747493e-01
599.600000,9.9985905276e-04,2.3964440879e-01
599.650000,9.9952043974e-04,2.4204457225e-01
599.700000,9.9908865467e-04,2.4682102824e-01
599.750000,1.0003659645e-03,2.4383457509e-01
599.800000,9.9881995207e-04,2.4251473889e-01
599.850000,9.9949369473e-04,2.5069067119e-01
599.900000,1.0002882009e-03,2.4252566056e-01
599.950000,1.0005163831e-03,2.3733590091e-01
600.000000,1.0008961503e-03,2.4852052276e-01
