Time [s],Displacement [m],Force [N]
0.000000,0.0000000000e+00,1.9106291711e-05
0.050000,3.7115083168e-06,3.4257596025e-05
0.100000,9.2399092343e-06,1.3217422945e-04
0.150000,1.4537910908e-05,3.3083657937e-04
0.200000,1.7979829071e-05,6.1558102081e-04
0.250000,2.5072279070e-05,9.3834797367e-04
0.300000,3.0587971556e-05,1.3196355028e-03
0.350000,3.4706365904e-05,1.7855516276e-03
0.400000,3.9904735645e-05,2.3002415634e-03
0.450000,4.6003050607e-05,2.8542211888e-03
0.500000,5.1083561806e-05,3.5106235577e-03
0.550000,5.4814122846e-05,4.3226724161e-03
0.600000,5.9705349456e-05,4.7346440417e-03
0.650000,6.3753065964e-05,5.9002053717e-03
0.700000,6.9174245005e-05,6.8140498795e-03
0.750000,7.6038713917e-05,7.6944139197e-03
0.800000,8.0407420973e-05,8.3977498774e-03
0.850000,8.4166911138e-05,9.3269100269e-03
0.900000,9.1525911912e-05,1.0479018210e-02
0.950000,9.4661772835e-05,1.1108703804e-02
1.000000,9.9713787650e-05,1.2598941416e-02
1.050000,1.0576794020e-04,1.4407895069e-02
1.100000,1.1060041265e-04,1.5208030960e-02
1.150000,1.1564020356e-04,1.6504210563e-02
1.200000,1.1966204278e-04,1.7813648341e-02
1.250000,1.2357701993e-04,1.8322719220e-02
1.300000,1.2984737073e-04,2.0508698647e-02
1.350000,1.3416977135e-04,2.1720881194e-02
1.400000,1.4077472011e-04,2.2186297929e-02
1.450000,1.4372230282e-04,2.4269211076e-02
1.500000,1.4832148002e-04,2.6026111967e-02
1.550000,1.5761184689e-04,2.8121534336e-02
1.600000,1.6116249155e-04,2.8380499201e-02
1.650000,1.6639200426e-04,3.0627378029e-02
1.700000,1.6901040696e-04,3.3122146928e-02
1.750000,1.7531711564e-04,3.4215457825e-02
1.800000,1.8094268925e-04,3.6100447203e-02
1.850000,1.8696715731e-04,3.7933845403e-02
1.900000,1.9075338793e-04,3.9229969950e-02
1.950000,1.9576667592e-04,4.2230748764e-02
2.000000,1.9992920409e-04,4.3926811885e-02
2.050000,2.0441628381e-04,4.4952429140e-02
2.100000,2.1218374913e-04,4.6404979295e-02
2.150000,2.1527679907e-04,5.0948204751e-02
2.200000,2.2159105117e-04,5.2981223404e-02
2.250000,2.2567070048e-04,5.5227715765e-02
2.300000,2.3035119839e-04,5.5451372204e-02
2.350000,2.3359068537e-04,5.8678291899e-02
2.400000,2.4166338680e-04,5.9867573803e-02
2.450000,2.4450690215e-04,6.3185487130e-02
2.500000,2.4783217467e-04,6.2957521463e-02
2.550000,2.5635806443e-04,6.7635528138e-02
2.600000,2.6037857747e-04,6.8396624405e-02
2.650000,2.6575623892e-04,7.3146893641e-02
2.700000,2.6962714416e-04,7.4223658799e-02
2.750000,2.7378632464e-04,7.7117367559e-02
2.800000,2.7942355520e-04,7.5330010487e-02
2.850000,2.8344779539e-04,8.4904720392e-02
2.900000,2.9063964621e-04,8.5231219786e-02
2.950000,2.9350332460e-04,8.5946866108e-02
3.000000,2.9985417474e-04,8.8237976744e-02
3.050000,3.0380679687e-04,9.3546345236e-02
3.100000,3.0860445596e-04,9.4644066992e-02
3.150000,3.1569584094e-04,9.3770417025e-02
3.200000,3.2054755771e-04,1.0139731284e-01
3.250000,3.2492139909e-04,1.0104931879e-01
3.300000,3.3090295675e-04,1.0535326745e-01
3.350000,3.3335492621e-04,1.0847781765e-01
3.400000,3.4054336639e-04,1.1399372097e-01
3.450000,3.4406853315e-04,1.1542081352e-01
3.500000,3.5071497466e-04,1.1460518918e-01
3.550000,3.5527462652e-04,1.2215849875e-01
3.600000,3.6089314552e-04,1.2444105830e-01
3.650000,3.6488227358e-04,1.2418808142e-01
3.700000,3.6926622588e-04,1.3031361844e-01
3.750000,3.7646188956e-04,1.3049366519e-01
3.800000,3.7855052456e-04,1.3004073267e-01
3.850000,3.8501440994e-04,1.3778090944e-01
3.900000,3.8993783794e-04,1.4149426540e-01
3.950000,3.9621861613e-04,1.4890309149e-01
4.000000,3.9994587010e-04,1.5189658322e-01
4.050000,4.0529462407e-04,1.5059372364e-01
4.100000,4.1177555575e-04,1.5285305499e-01
4.150000,4.1604398722e-04,1.5588966351e-01
4.200000,4.2022046956e-04,1.5755503389e-01
4.250000,4.2386706449e-04,1.6735815933e-01
4.300000,4.2987106229e-04,1.6631021633e-01
4.350000,4.3313583656e-04,1.7457826888e-01
4.400000,4.4155127055e-04,1.8064434295e-01
4.450000,4.4362438461e-04,1.7446121572e-01
4.500000,4.5003211534e-04,1.8691967212e-01
4.550000,4.5554231085e-04,1.8796897213e-01
4.600000,4.6022711213e-04,1.9679833545e-01
4.650000,4.6350836130e-04,1.8502047336e-01
4.700000,4.6987358583e-04,1.9826926005e-01
4.750000,4.7502958822e-04,2.0210132403e-01
4.800000,4.7986505295e-04,2.0160353594e-01
4.850000,4.8666007848e-04,2.1031923221e-01
4.900000,4.9074000930e-04,2.0753754488e-01
4.950000,4.9465618616e-04,2.1651154223e-01
5.000000,4.9959601179e-04,2.1506759659e-01
5.050000,5.0473933775e-04,2.1732517718e-01
5.100000,5.1055127539e-04,2.3197672860e-01
5.150000,5.1456422859e-04,2.3275554185e-01
5.200000,5.1972693998e-04,2.4058803145e-01
5.250000,5.2522179217e-04,2.4015968089e-01
5.300000,5.2922522369e-04,2.4358512128e-01
5.350000,5.3504374324e-04,2.4019066969e-01
5.400000,5.4186460569e-04,2.5342009936e-01
5.450000,5.4418089459e-04,2.6374617318e-01
5.500000,5.4948933089e-04,2.5237346718e-01
5.550000,5.5467576335e-04,2.6370826341e-01
5.600000,5.6081199206e-04,2.7145932276e-01
5.650000,5.6445908862e-04,2.7358071584e-01
5.700000,5.6964225828e-04,2.7753169003e-01
5.750000,5.7652978056e-04,2.8330400712e-01
5.800000,5.8075507395e-04,2.8633983877e-01
5.850000,5.8424706496e-04,2.8196489206e-01
5.900000,5.8923618634e-04,2.9170116542e-01
5.950000,5.9458742667e-04,3.0397671872e-01
6.000000,5.9783035017e-04,3.1310448157e-01
6.050000,6.0642583701e-04,3.1969574632e-01
6.100000,6.1098325772e-04,3.1641419564e-01
6.150000,6.1459171467e-04,3.1861549396e-01
6.200000,6.1970764724e-04,3.3083974739e-01
6.250000,6.2307602261e-04,3.3012254427e-01
6.300000,6.3113305548e-04,3.3142211439e-01
6.350000,6.3570663396e-04,3.4934539220e-01
6.400000,6.3986436867e-04,3.3940590916e-01
6.450000,6.4387915096e-04,3.4255207173e-01
6.500000,6.5076171828e-04,3.5329013323e-01
6.550000,6.5504085739e-04,3.4598494837e-01
6.600000,6.6017098850e-04,3.6918686904e-01
6.650000,6.6310716333e-04,3.6356289174e-01
6.700000,6.7167636342e-04,3.6582016048e-01
6.750000,6.7491010471e-04,3.7246990650e-01
6.800000,6.7855949400e-04,3.8610275109e-01
6.850000,6.8346053384e-04,3.8733945311e-01
6.900000,6.8974331498e-04,3.9091651671e-01
6.950000,6.9679105377e-04,3.8160303422e-01
7.000000,7.0198504715e-04,3.9852499323e-01
7.050000,7.0408416728e-04,3.9944262245e-01
7.100000,7.1039136135e-04,4.0818688601e-01
7.150000,7.1648630907e-04,4.0060291248e-01
7.200000,7.2085633021e-04,4.1079299520e-01
7.250000,7.2525770263e-04,4.3035810636e-01
7.300000,7.3089512369e-04,4.3551402249e-01
7.350000,7.3378554908e-04,4.4296682664e-01
7.400000,7.3988986736e-04,4.3553500565e-01
7.450000,7.4565178010e-04,4.6676358212e-01
7.500000,7.4972074618e-04,4.6069075099e-01
7.550000,7.5352557627e-04,4.6114806528e-01
7.600000,7.6101493350e-04,4.6471840078e-01
7.650000,7.6477923362e-04,4.8423644208e-01
7.700000,7.7002940079e-04,4.8018604690e-01
7.750000,7.7434880967e-04,4.8169023063e-01
7.800000,7.8051113481e-04,4.7779081124e-01
7.850000,7.8312123654e-04,4.9041666004e-01
7.900000,7.9029187640e-04,4.8967787557e-01
7.950000,7.9455250124e-04,5.0582906663e-01
8.000000,7.9976875368e-04,5.1762376423e-01
8.050000,8.0462646956e-04,5.1172177370e-01
8.100000,8.0994756553e-04,5.2730963914e-01
8.150000,8.1412547102e-04,5.1474085492e-01
8.200000,8.2057037491e-04,5.3639442416e-01
8.250000,8.2522304942e-04,5.3281371392e-01
8.300000,8.3182948384e-04,5.1872862477e-01
8.350000,8.3382773740e-04,5.3642609824e-01
8.400000,8.3934100645e-04,5.6326229640e-01
8.450000,8.4570999316e-04,5.4445574709e-01
8.500000,8.4975116810e-04,5.8340773252e-01
8.550000,8.5684953518e-04,5.5584747283e-01
8.600000,8.5932351936e-04,5.6889515014e-01
8.650000,8.6651399931e-04,5.6788630985e-01
8.700000,8.6881594745e-04,5.8410673247e-01
8.750000,8.7477465155e-04,5.7211098466e-01
8.800000,8.7999813656e-04,5.8194539273e-01
8.850000,8.8604587891e-04,5.8509056699e-01
8.900000,8.9089606416e-04,6.1271258188e-01
8.950000,8.9439759329e-04,6.1270903839e-01
9.000000,8.9944725306e-04,6.2448583496e-01
9.050000,9.0429484168e-04,6.3629763984e-01
9.100000,9.1021861438e-04,6.2435302757e-01
9.150000,9.1560341260e-04,6.4441032765e-01
9.200000,9.1957718101e-04,6.3414343300e-01
9.250000,9.2618860958e-04,6.8253688299e-01
9.300000,9.3037601879e-04,6.5269099370e-01
9.350000,9.3447871348e-04,6.5835018059e-01
9.400000,9.3837084169e-04,6.6587126272e-01
9.450000,9.4417611992e-04,6.7350024703e-01
9.500000,9.4724041572e-04,7.2387793085e-01
9.550000,9.5462421294e-04,6.8675151768e-01
9.600000,9.5811492032e-04,6.8668067835e-01
9.650000,9.6485358633e-04,7.0825025973e-01
9.700000,9.7080509530e-04,7.0499469362e-01
9.750000,9.7602102639e-04,7.4021653676e-01
9.800000,9.8047582546e-04,7.2943586926e-01
9.850000,9.8512922535e-04,7.3185939601e-01
9.900000,9.9048611943e-04,7.4616256650e-01
9.950000,9.9753525957e-04,7.4403771724e-01
10.000000,9.9994891243e-04,7.8399398421e-01
10.050000,1.0000890600e-03,7.5333779230e-01
10.100000,1.0008325245e-03,7.1590994840e-01
10.150000,9.9920961228e-04,7.3986882605e-01
10.200000,1.0008367217e-03,7.0952259735e-01
10.250000,9.9901841889e-04,7.1180165191e-01
10.300000,9.9823795777e-04,7.1262832021e-01
10.350000,1.0015138465e-03,7.0151561403e-01
10.400000,9.9997495092e-04,7.0076804281e-01
10.450000,1.0006928548e-03,6.7935172795e-01
10.500000,9.9953506276e-04,6.6151084500e-01
10.550000,9.9890291817e-04,6.8534655579e-01
10.600000,9.9996984616e-04,6.6735254376e-01
10.650000,1.0004771967e-03,6.5814503736e-01
10.700000,1.0006869371e-03,6.7473575973e-01
10.750000,9.9914893413e-04,6.7386193861e-01
10.800000,1.0001816942e-03,6.6207671123e-01
10.850000,9.9917707893e-04,6.6775973322e-01
10.900000,9.9773776941e-04,6.6513765175e-01
10.950000,1.0002820138e-03,6.7766743859e-01
11.000000,9.9995443430e-04,6.7763096147e-01
11.050000,9.9910899493e-04,6.5504623627e-01
11.100000,9.9787875901e-04,6.5001351368e-01
11.150000,9.9937556951e-04,6.2741107029e-01
11.200000,9.9982492523e-04,6.2406862776e-01
11.250000,1.0009737024e-03,6.2540999375e-01
11.300000,9.9974991742e-04,6.3342930054e-01
11.350000,9.9863184175e-04,6.3659279957e-01
11.400000,9.9965500143e-04,6.1982042736e-01
11.450000,1.0014417560e-03,6.0967009672e-01
11.500000,1.0016742743e-03,6.3676882090e-01
11.550000,1.0010522133e-03,6.0196453863e-01
11.600000,1.0009804140e-03,6.0032333754e-01
11.650000,9.9849135086e-04,6.2531022565e-01
11.700000,9.9970254508e-04,5.9335904822e-01
11.750000,1.0016821328e-03,6.3381160195e-01
11.800000,9.9978877281e-04,6.2933648960e-01
11.850000,1.0020284577e-03,5.9897832962e-01
11.900000,9.9837717111e-04,6.1993326085e-01
11.950000,9.9918608731e-04,6.1925832164e-01
12.000000,1.0001039336e-03,5.8117469449e-01
12.050000,9.9850980734e-04,6.0554007768e-01
12.100000,9.9880881603e-04,5.8245340832e-01
12.150000,1.0016865192e-03,5.9206132998e-01
12.200000,9.9926331427e-04,5.9273879815e-01
12.250000,1.0005713501e-03,5.9825821780e-01
12.300000,9.9945020554e-04,6.0234735014e-01
12.350000,1.0012777689e-03,5.8666935210e-01
12.400000,9.9864119745e-04,6.0141933664e-01
12.450000,9.9879611623e-04,6.0073006131e-01
12.500000,9.9951697324e-04,5.9003496089e-01
12.550000,1.0002309884e-03,5.8298551081e-01
12.600000,1.0003354214e-03,5.7069550434e-01
12.650000,1.0000158788e-03,5.4580112453e-01
12.700000,9.9849115723e-04,5.7724315650e-01
12.750000,1.0004185781e-03,5.7127559808e-01
12.800000,9.9985823139e-04,5.5869221476e-01
12.850000,9.9993930924e-04,5.7074434633e-01
12.900000,1.0001867164e-03,5.8267487510e-01
12.950000,9.9989742728e-04,5.8141294218e-01
13.000000,1.0003142744e-03,5.8022865019e-01
13.050000,1.0014048680e-03,5.5535823791e-01
13.100000,9.9944546742e-04,5.7440159755e-01
13.150000,9.9866731992e-04,5.6402812405e-01
13.200000,9.9938948215e-04,5.6484792852e-01
13.250000,1.0006069810e-03,5.7323036728e-01
13.300000,9.9941154749e-04,5.5387210549e-01
13.350000,9.9881403696e-04,5.6155713242e-01
13.400000,9.9936716331e-04,5.6840341282e-01
13.450000,9.9999625079e-04,5.5566281113e-01
13.500000,9.9841149879e-04,5.6142043881e-01
13.550000,9.9980476741e-04,5.4190035368e-01
13.600000,9.9814995578e-04,5.5159453096e-01
13.650000,1.0008804408e-03,5.5510182847e-01
13.700000,1.0011934147e-03,5.5578846612e-01
13.750000,1.0010179892e-03,5.2584377930e-01
13.800000,9.9960623149e-04,5.6260287214e-01
13.850000,1.0007934999e-03,5.5019145954e-01
13.900000,1.0009728545e-03,5.5119224606e-01
13.950000,1.0006704067e-03,5.2931560583e-01
14.000000,1.0002450975e-03,5.4608844626e-01
14.050000,1.0008415450e-03,5.4635665602e-01
14.100000,1.0005218900e-03,5.1613613731e-01
14.150000,1.0008685619e-03,5.5596820624e-01
14.200000,9.9858209985e-04,5.4062841944e-01
14.250000,9.9874516862e-04,5.3270524287e-01
14.300000,1.0007293287e-03,5.4468833680e-01
14.350000,9.9882900933e-04,5.4178752249e-01
14.400000,1.0003854363e-03,5.2941603255e-01
14.450000,9.9847115311e-04,5.2264578259e-01
14.500000,9.9917297057e-04,5.3978864009e-01
14.550000,1.0003363087e-03,5.4551211280e-01
14.600000,1.0008447304e-03,5.3372291663e-01
14.650000,9.9948746388e-04,5.2268464119e-01
14.700000,1.0005066462e-03,5.3253859970e-01
14.750000,9.9952952185e-04,5.2061569382e-01
14.800000,9.9967754543e-04,5.2868742836e-01
14.850000,1.0019293833e-03,5.0896548958e-01
14.900000,9.9898248955e-04,5.2167385576e-01
14.950000,9.9951062130e-04,5.0868947631e-01
15.000000,1.0012417507e-03,5.1983351235e-01
15.050000,9.9830086615e-04,4.9336387565e-01
15.100000,1.0003718358e-03,5.1352472369e-01
15.150000,1.0007642098e-03,5.1141848064e-01
15.200000,9.9741793469e-04,5.1178997041e-01
15.250000,1.0001378035e-03,5.1503513999e-01
15.300000,1.0009175603e-03,5.2342665740e-01
15.350000,1.0002612394e-03,5.0095168918e-01
15.400000,9.9859353027e-04,4.8576330481e-01
15.450000,1.0013752851e-03,4.9895554908e-01
15.500000,9.9840839830e-04,5.0123426008e-01
15.550000,9.9915131944e-04,4.9826361152e-01
15.600000,1.0003720135e-03,5.1891989340e-01
15.650000,1.0006299096e-03,5.1350610081e-01
15.700000,1.0009091119e-03,5.0933069976e-01
15.750000,1.0019647339e-03,4.9107389602e-01
15.800000,9.9986996403e-04,5.0407379096e-01
15.850000,9.9961213242e-04,4.7470541201e-01
15.900000,9.9869509299e-04,4.7071363332e-01
15.950000,1.0006358209e-03,4.9997446011e-01
16.000000,9.9963029943e-04,4.9699772344e-01
16.050000,1.0002961835e-03,4.9196358859e-01
16.100000,9.9990726503e-04,4.8789914612e-01
16.150000,9.9834011417e-04,4.9403437792e-01
16.200000,9.9848555198e-04,5.0583217840e-01
16.250000,1.0007731877e-03,4.8701596868e-01
16.300000,1.0008492982e-03,4.8715570211e-01
16.350000,1.0000766857e-03,4.9660567902e-01
16.400000,1.0012222615e-03,4.9008964572e-01
16.450000,9.9907092938e-04,4.9601186015e-01
16.500000,1.0009130168e-03,4.9095376246e-01
16.550000,1.0000091753e-03,4.6504363351e-01
16.600000,1.0003874617e-03,4.7636573482e-01
16.650000,1.0007752972e-03,4.7102081366e-01
16.700000,1.0018961457e-03,4.7440271607e-01
16.750000,1.0003440898e-03,4.7975374076e-01
16.800000,9.9927501495e-04,4.8215783442e-01
16.850000,1.0002178507e-03,4.7170501977e-01
16.900000,1.0005711431e-03,4.8726659163e-01
16.950000,9.9983783880e-04,4.7127698390e-01
17.000000,1.0025995662e-03,4.8000075710e-01
17.050000,1.0008917683e-03,4.6298849256e-01
17.100000,1.0001119375e-03,4.8060539285e-01
17.150000,1.0001135597e-03,4.5339748541e-01
17.200000,9.9947224988e-04,4.6541936948e-01
17.250000,1.0004307557e-03,4.7325708660e-01
17.300000,9.9983706277e-04,4.6945997225e-01
17.350000,1.0003589358e-03,4.6464774559e-01
17.400000,1.0003850347e-03,4.4344862079e-01
17.450000,1.0013462852e-03,4.7021103767e-01
17.500000,1.0014757010e-03,4.5926585659e-01
17.550000,9.9897729520e-04,4.5484924019e-01
17.600000,9.9829047748e-04,4.7637415144e-01
17.650000,9.9973089339e-04,4.5173173106e-01
17.700000,9.9971508826e-04,4.5556227410e-01
17.750000,9.9928114006e-04,4.7154212590e-01
17.800000,9.9928877997e-04,4.6074068516e-01
17.850000,9.9930711662e-04,4.3797099791e-01
17.900000,9.9979529192e-04,4.4684155304e-01
17.950000,9.9917040313e-04,4.5861555515e-01
18.000000,9.9981463958e-04,4.5211893455e-01
18.050000,9.9998406121e-04,4.3933686799e-01
18.100000,1.0020911111e-03,4.4143262616e-01
18.150000,1.0003587051e-03,4.4274555312e-01
18.200000,9.9922274870e-04,4.5271814138e-01
18.250000,1.0003966357e-03,4.3641892238e-01
18.300000,9.9983436414e-04,4.5182575158e-01
18.350000,9.9987671847e-04,4.4488316087e-01
18.400000,1.0007908882e-03,4.3745140453e-01
18.450000,9.9917150765e-04,4.5009372197e-01
18.500000,9.9998947610e-04,4.3029470727e-01
18.550000,1.0003018579e-03,4.2733858407e-01
18.600000,9.9907534840e-04,4.3879995921e-01
18.650000,1.0002792720e-03,4.3834839690e-01
18.700000,1.0001726534e-03,4.4880242347e-01
18.750000,1.0019652674e-03,4.6062879619e-01
18.800000,1.0001076322e-03,4.4711541122e-01
18.850000,1.0010254482e-03,4.3257408840e-01
18.900000,1.0009182441e-03,4.4243741929e-01
18.950000,1.0003754597e-03,4.4126397492e-01
19.000000,1.0015549665e-03,4.4311510774e-01
19.050000,1.0017573710e-03,4.2971961312e-01
19.100000,1.0021004366e-03,4.4080406891e-01
19.150000,1.0001222491e-03,4.2828427858e-01
19.200000,1.0000869505e-03,4.3463197566e-01
19.250000,9.9813581725e-04,4.5231435898e-01
19.300000,1.0002287972e-03,4.3636467519e-01
19.350000,1.0013542470e-03,4.2736877843e-01
19.400000,1.0009997354e-03,4.2705739053e-01
19.450000,9.9981502947e-04,4.4173325148e-01
19.500000,1.0020848886e-03,4.1360631640e-01
19.550000,9.9915871409e-04,4.3694456853e-01
19.600000,1.0007888672e-03,4.3824775701e-01
19.650000,1.0007448102e-03,4.3402608023e-01
19.700000,9.9829953005e-04,4.1776681778e-01
19.750000,9.9865816407e-04,4.1914967378e-01
19.800000,1.0010522225e-03,4.2564095796e-01
19.850000,9.9976633483e-04,4.2162008378e-01
19.900000,1.0008078921e-03,4.1750183545e-01
19.950000,1.0009538127e-03,4.1728588592e-01
20.000000,1.0001758261e-03,4.2696873963e-01
20.050000,1.0002722959e-03,4.2624547021e-01
20.100000,9.9991641351e-04,4.2146461284e-01
20.150000,1.0014285703e-03,4.1904360965e-01
20.200000,9.9941161156e-04,4.1628224965e-01
20.250000,1.0002998504e-03,4.0690387548e-01
20.300000,1.0003397344e-03,4.1469455480e-01
20.350000,1.0014373563e-03,4.1866359419e-01
20.400000,9.9983861535e-04,4.2992329604e-01
20.450000,1.0002646126e-03,4.0534761184e-01
20.500000,9.9977177209e-04,4.2416042216e-01
20.550000,1.0001243196e-03,4.1271518635e-01
20.600000,1.0019378773e-03,4.1393676760e-01
20.650000,9.9952096811e-04,4.2498668445e-01
20.700000,9.9930214602e-04,4.1466759909e-01
20.750000,1.0014272586e-03,4.0616792320e-01
20.800000,1.0004892969e-03,4.1081597656e-01
20.850000,9.9902542455e-04,4.1585703263e-01
20.900000,9.9953717889e-04,4.0735868752e-01
20.950000,1.0000234993e-03,4.1729307154e-01
21.000000,1.0016469612e-03,4.2490039395e-01
21.050000,1.0003833951e-03,4.0468872698e-01
21.100000,1.0006247904e-03,4.0246542714e-01
21.150000,9.9938539802e-04,4.1074897607e-01
21.200000,1.0003487024e-03,3.9106386090e-01
21.250000,1.0011395945e-03,4.0360717120e-01
21.300000,9.9937317516e-04,3.9971265988e-01
21.350000,1.0006399715e-03,4.1255684389e-01
21.400000,9.9965607995e-04,3.9461532649e-01
21.450000,1.0020115090e-03,3.9589880414e-01
21.500000,9.9994263930e-04,4.0475908635e-01
21.550000,1.0019090792e-03,4.0532336881e-01
21.600000,9.9996940867e-04,3.9198384356e-01
21.650000,9.9914687391e-04,4.0192968897e-01
21.700000,1.0003306990e-03,4.0909892222e-01
21.750000,1.0000973415e-03,3.9905177206e-01
21.800000,9.9796353562e-04,4.0561848708e-01
21.850000,9.9992446353e-04,4.0497001862e-01
21.900000,9.9767701881e-04,3.9445169411e-01
21.950000,1.0003922338e-03,3.9515154172e-01
22.000000,9.9896642870e-04,3.9481606768e-01
22.050000,9.9741886524e-04,3.8571908750e-01
22.100000,9.9977059140e-04,3.8587103951e-01
22.150000,9.9965484127e-04,4.0509814524e-01
22.200000,1.0010298361e-03,3.9755920913e-01
22.250000,9.9935224583e-04,3.6868028145e-01
22.300000,9.9898316466e-04,3.8448233471e-01
22.350000,1.0006077939e-03,3.8260261455e-01
22.400000,9.9996115307e-04,3.8939782973e-01
22.450000,1.0004241780e-03,3.8325579552e-01
22.500000,1.0006456955e-03,3.9082854174e-01
22.550000,9.9915804904e-04,4.0835035226e-01
22.600000,9.9985240789e-04,3.8976592023e-01
22.650000,1.0013001860e-03,3.8978886074e-01
22.700000,9.9997582208e-04,3.7379832742e-01
22.750000,9.9824181996e-04,3.7664951454e-01
22.800000,1.0005480871e-03,3.8654083004e-01
22.850000,9.9926563478e-04,3.7987492726e-01
22.900000,1.0015325153e-03,3.7933203090e-01
22.950000,9.9922506157e-04,3.8373623429e-01
23.000000,1.0012066445e-03,3.8245169440e-01
23.050000,1.0010107857e-03,3.8666342148e-01
23.100000,1.0001109536e-03,3.7656075550e-01
23.150000,1.0005437408e-03,3.7600229901e-01
23.200000,1.0013313135e-03,3.8966054446e-01
23.250000,1.0004128855e-03,3.7113188492e-01
23.300000,9.9934518437e-04,3.8099791295e-01
23.350000,1.0009467839e-03,3.7529674389e-01
23.400000,1.0009496661e-03,3.6959245705e-01
23.450000,1.0003439986e-03,3.7132560703e-01
23.500000,9.9937180176e-04,3.8885534552e-01
23.550000,1.0013758572e-03,3.7562426730e-01
23.600000,1.0013976476e-03,3.6818370288e-01
23.650000,1.0004473574e-03,3.7271542480e-01
23.700000,9.9926788099e-04,3.6156623460e-01
23.750000,9.9925465061e-04,3.8371056735e-01
23.800000,9.9931267188e-04,3.7150133584e-01
23.850000,1.0003810442e-03,3.8172467549e-01
23.900000,9.9838628546e-04,3.6691754362e-01
23.950000,9.9878620641e-04,3.7182021894e-01
24.000000,9.9964866710e-04,3.6153394529e-01
24.050000,9.9895779543e-04,3.6456163127e-01
24.100000,1.0023206254e-03,3.7001879242e-01
24.150000,9.9883134307e-04,3.5618467572e-01
24.200000,9.9880722976e-04,3.7424570061e-01
24.250000,9.9917687030e-04,3.7100795505e-01
24.300000,1.0023550682e-03,3.6847812217e-01
24.350000,1.0009510449e-03,3.7125296647e-01
24.400000,1.0001840282e-03,3.5943647285e-01
24.450000,1.0002441060e-03,3.6195715334e-01
24.500000,9.9950271664e-04,3.7045998993e-01
24.550000,9.9850297329e-04,3.5503349746e-01
24.600000,1.0006865062e-03,3.6847698770e-01
24.650000,1.0010015428e-03,3.6785568905e-01
24.700000,9.9972849857e-04,3.5982269449e-01
24.750000,1.0008249383e-03,3.7193104687e-01
24.800000,1.0004834798e-03,3.6857725158e-01
24.850000,9.9992979636e-04,3.6311201576e-01
24.900000,9.9996825625e-04,3.6158386001e-01
24.950000,1.0002546001e-03,3.6459008936e-01
25.000000,9.9946926349e-04,3.6298027351e-01
25.050000,9.9981126598e-04,3.5956870243e-01
25.100000,9.9955441863e-04,3.7028749133e-01
25.150000,1.0012561764e-03,3.7289049737e-01
25.200000,9.9947897238e-04,3.6574961102e-01
25.250000,9.9916212082e-04,3.5829450081e-01
25.300000,9.9986192293e-04,3.4876369462e-01
25.350000,1.0003838476e-03,3.7347737978e-01
25.400000,1.0003867848e-03,3.5920306350e-01
25.450000,9.9931195446e-04,3.5744754173e-01
25.500000,1.0003284599e-03,3.6671390220e-01
25.550000,1.0021143092e-03,3.6013865966e-01
25.600000,1.0013201335e-03,3.5791053303e-01
25.650000,1.0007955674e-03,3.5444885591e-01
25.700000,1.0004485571e-03,3.5494596243e-01
25.750000,9.9904001694e-04,3.5948943593e-01
25.800000,1.0020955216e-03,3.6596501161e-01
25.850000,1.0020374374e-03,3.4724340570e-01
25.900000,9.9992269143e-04,3.4909379187e-01
25.950000,9.9863149272e-04,3.5364729093e-01
26.000000,1.0004833521e-03,3.5483867167e-01
26.050000,1.0011951212e-03,3.5624359947e-01
26.100000,9.9859064275e-04,3.6242589480e-01
26.150000,1.0001192488e-03,3.6068889583e-01
26.200000,1.0000574828e-03,3.5772636020e-01
26.250000,1.0007898238e-03,3.3673569711e-01
26.300000,1.0023568378e-03,3.4414983756e-01
26.350000,1.0003601966e-03,3.4735039808e-01
26.400000,9.9992916815e-04,3.4739138023e-01
26.450000,1.0006356911e-03,3.5292693193e-01
26.500000,9.9990277778e-04,3.4430191253e-01
26.550000,9.9969861466e-04,3.4656365449e-01
26.600000,1.0012681372e-03,3.5406276801e-01
26.650000,1.0004606045e-03,3.4454963616e-01
26.700000,9.9811019038e-04,3.4704345238e-01
26.750000,9.9996863912e-04,3.5483642273e-01
26.800000,1.0001734681e-03,3.5021585599e-01
26.850000,9.9916594737e-04,3.4829865896e-01
26.900000,9.9853534013e-04,3.5061503496e-01
26.950000,1.0010398908e-03,3.5432822895e-01
27.000000,1.0005463301e-03,3.5420341331e-01
27.050000,1.0003340716e-03,3.5050613436e-01
27.100000,9.9867151666e-04,3.5560073199e-01
27.150000,9.9997858808e-04,3.4686588135e-01
27.200000,1.0010243575e-03,3.4261847807e-01
27.250000,9.9942575596e-04,3.5169534561e-01
27.300000,9.9998202481e-04,3.4870034693e-01
27.350000,9.9998397264e-04,3.4686192906e-01
27.400000,9.9938894401e-04,3.3975103559e-01
27.450000,9.9969845709e-04,3.3526706837e-01
27.500000,1.0002835204e-03,3.4206240788e-01
27.550000,1.0003993031e-03,3.3148147496e-01
27.600000,9.9886479006e-04,3.4007835482e-01
27.650000,1.0001376029e-03,3.3551897712e-01
27.700000,9.9906796872e-04,3.4181292366e-01
27.750000,1.0021976934e-03,3.4908910230e-01
27.800000,1.0002747204e-03,3.4191864787e-01
27.850000,1.0007643433e-03,3.3395519101e-01
27.900000,9.9934046933e-04,3.4519121308e-01
27.950000,9.9989593145e-04,3.5608882181e-01
28.000000,1.0021902055e-03,3.5377356357e-01
28.050000,9.9897446467e-04,3.3778570703e-01
28.100000,1.0002180605e-03,3.2982211610e-01
28.150000,9.9983184298e-04,3.4449649909e-01
28.200000,9.9839708515e-04,3.1999906616e-01
28.250000,9.9982954124e-04,3.4360947348e-01
28.300000,9.9915625809e-04,3.3387852058e-01
28.350000,1.0011567095e-03,3.2148986957e-01
28.400000,9.9964970306e-04,3.2765949047e-01
28.450000,1.0004265085e-03,3.4369715627e-01
28.500000,1.0012079398e-03,3.2170523600e-01
28.550000,1.0018923831e-03,3.4358986941e-01
28.600000,9.9972892291e-04,3.3861786369e-01
28.650000,1.0000804242e-03,3.2795418646e-01
28.700000,1.0004151182e-03,3.3372178529e-01
28.750000,1.0013781677e-03,3.2783781582e-01
28.800000,1.0004994319e-03,3.3013784523e-01
28.850000,9.9789154819e-04,3.2217216526e-01
28.900000,9.9822031026e-04,3.2952694200e-01
28.950000,9.9775551139e-04,3.4432565816e-01
29.000000,9.9948631490e-04,3.2702203849e-01
29.050000,9.9961532797e-04,3.2537495345e-01
29.100000,9.9966534788e-04,3.3362861867e-01
29.150000,9.9927469416e-04,3.3362753151e-01
29.200000,1.0005789962e-03,3.2704255244e-01
29.250000,1.0010652524e-03,3.3892711865e-01
29.300000,9.9997539960e-04,3.3321958595e-01
29.350000,1.0011347157e-03,3.2106335960e-01
29.400000,1.0002325625e-03,3.2524597941e-01
29.450000,1.0020144634e-03,3.1626069459e-01
29.500000,1.0006496321e-03,3.2934769419e-01
29.550000,1.0012456681e-03,3.2107790401e-01
29.600000,9.9953315003e-04,3.2376133795e-01
29.650000,9.9904964679e-04,3.1982280702e-01
29.700000,1.0026649542e-03,3.2553911061e-01
29.750000,1.0006550858e-03,3.3033769194e-01
29.800000,9.9906640759e-04,3.2625183048e-01
29.850000,1.0012031677e-03,3.2825024791e-01
29.900000,1.0008836149e-03,3.2841169251e-01
29.950000,1.0001769856e-03,3.3100436666e-01
30.000000,9.9954728191e-04,3.3083208015e-01
30.050000,1.0004947999e-03,3.2751026872e-01
30.100000,1.0005430874e-03,3.1282370602e-01
30.150000,1.0015799015e-03,3.1919921141e-01
30.200000,1.0019359831e-03,3.1147763985e-01
30.250000,1.0007618534e-03,3.2034091519e-01
30.300000,1.0003977974e-03,3.2073295548e-01
30.350000,1.0014337661e-03,3.2915742525e-01
30.400000,1.0003188882e-03,3.1944845810e-01
30.450000,1.0014673395e-03,3.2391139830e-01
30.500000,9.9887849655e-04,3.2864818866e-01
30.550000,1.0001522671e-03,3.2506777722e-01
30.600000,1.0032517088e-03,3.1940346557e-01
30.650000,9.9951285464e-04,3.1884967797e-01
30.700000,9.9854925984e-04,3.2543974530e-01
30.750000,1.0003725543e-03,3.1796574842e-01
30.800000,1.0003392932e-03,3.2326715807e-01
30.850000,1.0011920373e-03,3.1686160626e-01
30.900000,9.9937443498e-04,3.1820603538e-01
30.950000,1.0015537234e-03,3.1989538692e-01
31.000000,1.0002342572e-03,3.2374480025e-01
31.050000,1.0020169334e-03,3.2333175907e-01
31.100000,9.9986222294e-04,3.2449213279e-01
31.150000,1.0006924763e-03,3.1794769110e-01
31.200000,9.9987491041e-04,3.2199579316e-01
31.250000,9.9890576468e-04,3.2811219506e-01
31.300000,1.0001493011e-03,3.2097009068e-01
31.350000,9.9872344832e-04,3.1863826451e-01
31.400000,9.9930095621e-04,3.2422495716e-01
31.450000,1.0005268921e-03,3.1725656450e-01
31.500000,1.0003838077e-03,3.1989494740e-01
31.550000,9.9902553719e-04,3.0559114579e-01
31.600000,9.9890495892e-04,3.1622290184e-01
31.650000,9.9950290911e-04,3.2571146573e-01
31.700000,9.9973622779e-04,3.0792325711e-01
31.750000,1.0005415017e-03,3.1658800326e-01
31.800000,1.0009390514e-03,3.2134210450e-01
31.850000,9.9879945408e-04,3.2313440141e-01
31.900000,9.9914695713e-04,3.1270009513e-01
31.950000,9.9840849693e-04,3.1700683515e-01
32.000000,9.9999665278e-04,3.1775879743e-01
32.050000,9.9968679692e-04,3.2063600753e-01
32.100000,1.0025949168e-03,3.0643882756e-01
32.150000,9.9893703769e-04,3.1937961990e-01
32.200000,1.0001532965e-03,3.2129355432e-01
32.250000,1.0000393489e-03,3.0756768547e-01
32.300000,9.9915309770e-04,3.2255883489e-01
32.350000,1.0004928842e-03,3.1792965066e-01
32.400000,9.9924890404e-04,3.1052382992e-01
32.450000,9.9970893781e-04,3.1985480095e-01
32.500000,9.9950435762e-04,3.2212215589e-01
32.550000,1.0001000065e-03,3.1091541044e-01
32.600000,9.9888211781e-04,3.1837465333e-01
32.650000,1.0004685613e-03,3.0583081865e-01
32.700000,1.0009735043e-03,3.1430513776e-01
32.750000,1.0003170225e-03,3.1043365375e-01
32.800000,1.0001166127e-03,3.2449263839e-01
32.850000,9.9898716822e-04,3.1001315381e-01
32.900000,9.9953429601e-04,3.1809564029e-01
32.950000,1.0009401456e-03,3.0376825942e-01
33.000000,1.0009580851e-03,3.1748068199e-01
33.050000,1.0002647297e-03,3.1238458697e-01
33.100000,1.0001854084e-03,3.0582325235e-01
33.150000,1.0000885889e-03,3.1993538691e-01
33.200000,9.9947187687e-04,3.2004732360e-01
33.250000,9.9989381145e-04,3.0714335951e-01
33.300000,9.9952891605e-04,3.1516616178e-01
33.350000,1.0001818114e-03,3.1091185603e-01
33.400000,9.9904985625e-04,3.0871624369e-01
33.450000,1.0006477222e-03,3.1802240908e-01
33.500000,9.9980689654e-04,3.1614780009e-01
33.550000,1.0006849880e-03,3.1010238232e-01
33.600000,9.9987517319e-04,3.1097763397e-01
33.650000,1.0004768472e-03,3.0283653214e-01
33.700000,1.0008979586e-03,3.1291370614e-01
33.750000,1.0007614663e-03,3.0534266028e-01
33.800000,9.9930185879e-04,3.1573378290e-01
33.850000,1.0001278248e-03,2.9744072531e-01
33.900000,1.0007936343e-03,3.1382680978e-01
33.950000,9.9988398810e-04,2.8870663475e-01
34.000000,1.0006154644e-03,3.1521351896e-01
34.050000,1.0002330178e-03,3.1201761300e-01
34.100000,9.9972353242e-04,3.1291247254e-01
34.150000,9.9890243315e-04,3.1880481402e-01
34.200000,1.0007977533e-03,3.0766375274e-01
34.250000,9.9977069928e-04,3.1426516021e-01
34.300000,1.0007798898e-03,3.1798036058e-01
34.350000,1.0007311279e-03,3.2196890423e-01
34.400000,1.0006418803e-03,3.0658736630e-01
34.450000,1.0001880476e-03,3.0190195658e-01
34.500000,9.9933826643e-04,3.0191649751e-01
34.550000,9.9927014692e-04,2.9620042176e-01
34.600000,1.0011686565e-03,3.0059312432e-01
34.650000,1.0007897170e-03,3.0906980661e-01
34.700000,9.9972184899e-04,3.0351543802e-01
34.750000,1.0000046627e-03,3.0101647326e-01
34.800000,1.0008603084e-03,3.0389385806e-01
34.850000,9.9961570562e-04,3.1082123533e-01
34.900000,9.9961743954e-04,3.0784466467e-01
34.950000,9.9958033501e-04,2.9955787062e-01
35.000000,1.0004345524e-03,3.1948440893e-01
35.050000,1.0002810435e-03,3.0950744382e-01
35.100000,1.0001624340e-03,3.0901677495e-01
35.150000,9.9945158744e-04,3.1303329676e-01
35.200000,9.9913435368e-04,2.9721135186e-01
35.250000,9.9968885056e-04,3.0491624265e-01
35.300000,9.9923449456e-04,2.9300165430e-01
35.350000,9.9828178978e-04,3.0035595521e-01
35.400000,1.0002951991e-03,2.9650419291e-01
35.450000,1.0016577379e-03,3.0205855396e-01
35.500000,9.9984358933e-04,3.0620751340e-01
35.550000,1.0004613611e-03,2.9362812367e-01
35.600000,1.0010770059e-03,3.0077295256e-01
35.650000,9.9908075152e-04,3.0283170058e-01
35.700000,9.9913843491e-04,3.1281685095e-01
35.750000,1.0010816968e-03,3.0468793438e-01
35.800000,1.0013284080e-03,3.1379779656e-01
35.850000,1.0007577895e-03,3.0105053914e-01
35.900000,1.0005969366e-03,2.9873388397e-01
35.950000,1.0005131907e-03,2.9507909295e-01
36.000000,1.0003324279e-03,3.0124128305e-01
36.050000,1.0010893221e-03,3.0602699867e-01
36.100000,1.0000893482e-03,2.9819710627e-01
36.150000,1.0007163995e-03,3.0665306358e-01
36.200000,9.9996754635e-04,2.9644181361e-01
36.250000,1.0007232513e-03,3.1203839465e-01
36.300000,9.9898357150e-04,2.9164393447e-01
36.350000,9.9845664926e-04,3.0753955485e-01
36.400000,1.0011116533e-03,2.8672027337e-01
36.450000,1.0012880383e-03,3.0421332005e-01
36.500000,1.0007017265e-03,3.0622037117e-01
36.550000,9.9918686920e-04,3.0497664459e-01
36.600000,1.0010484649e-03,2.9848929961e-01
36.650000,1.0016097169e-03,3.0485718217e-01
36.700000,9.9820389510e-04,3.0678822626e-01
36.750000,9.9939231785e-04,3.0600967177e-01
36.800000,9.9942123732e-04,2.9809741624e-01
36.850000,9.9971551998e-04,2.9611305141e-01
36.900000,9.9977512426e-04,2.9492017511e-01
36.950000,9.9855082899e-04,3.0054457540e-01
37.000000,1.0002715645e-03,2.9833277966e-01
37.050000,1.0003043001e-03,2.9794718072e-01
37.100000,1.0009488820e-03,2.9725878565e-01
37.150000,9.9836070606e-04,2.9806978441e-01
37.200000,1.0008110290e-03,3.0864466398e-01
37.250000,1.0004140176e-03,2.9245927758e-01
37.300000,9.9951066601e-04,3.0224072671e-01
37.350000,1.0012737459e-03,3.0021951108e-01
37.400000,9.9793691483e-04,2.9382899423e-01
37.450000,1.0007699350e-03,2.9307930651e-01
37.500000,9.9961738754e-04,2.9836313775e-01
37.550000,9.9960082154e-04,2.9739846433e-01
37.600000,1.0004878960e-03,2.9772126970e-01
37.650000,1.0000275030e-03,2.9653869833e-01
37.700000,1.0010607627e-03,2.9520075145e-01
37.750000,9.9926059011e-04,2.9229219023e-01
37.800000,1.0007261424e-03,2.9545585244e-01
37.850000,1.0002067610e-03,2.9453621006e-01
37.900000,9.9883745443e-04,3.0108036067e-01
37.950000,1.0000403075e-03,2.8631929267e-01
38.000000,9.9959888191e-04,2.9458731799e-01
38.050000,1.0011839998e-03,2.8491527839e-01
38.100000,9.9862173927e-04,2.9358369377e-01
38.150000,9.9830776564e-04,2.9224043408e-01
38.200000,1.0013085151e-03,2.9564713971e-01
38.250000,1.0002746375e-03,3.0408457856e-01
38.300000,1.0005775620e-03,2.9189017385e-01
38.350000,1.0013028057e-03,2.9515376583e-01
38.400000,9.9899109829e-04,2.9712303518e-01
38.450000,9.9959367966e-04,2.9425888367e-01
38.500000,9.9872630188e-04,2.9469966803e-01
38.550000,1.0000060622e-03,3.0037794444e-01
38.600000,9.9867870355e-04,2.9586061528e-01
38.650000,1.0001858235e-03,2.9617252370e-01
38.700000,1.0002516237e-03,2.8916572385e-01
38.750000,1.0009738237e-03,2.9909279480e-01
38.800000,9.9806601243e-04,2.9785861672e-01
38.850000,9.9790965775e-04,2.9521577328e-01
38.900000,9.9937365992e-04,3.0756831891e-01
38.950000,9.9957255104e-04,2.8401804560e-01
39.000000,1.0003306935e-03,2.9918542466e-01
39.050000,1.0001338366e-03,2.9510889068e-01
39.100000,1.0006869451e-03,2.9408589856e-01
39.150000,1.0007694142e-03,2.9160880357e-01
39.200000,9.9894402529e-04,2.9990746559e-01
39.250000,1.0009870564e-03,2.8872527918e-01
39.300000,1.0000993102e-03,2.9718413084e-01
39.350000,1.0006779277e-03,2.9270633062e-01
39.400000,1.0004313204e-03,2.9803489268e-01
39.450000,1.0004338622e-03,2.8585234838e-01
39.500000,9.9849146714e-04,2.9465407769e-01
39.550000,9.9922642902e-04,2.9426260785e-01
39.600000,1.0004155705e-03,2.9770039205e-01
39.650000,9.9849371445e-04,2.9722920856e-01
39.700000,9.9939393902e-04,2.9246097749e-01
39.750000,1.0013196214e-03,3.0146489673e-01
39.800000,9.9832141698e-04,2.9604771828e-01
39.850000,1.0007507827e-03,2.8993374018e-01
39.900000,9.9906210317e-04,2.9262849565e-01
39.950000,1.0009107831e-03,2.9475798090e-01
40.000000,1.0007393463e-03,2.8813968455e-01
40.050000,9.9939062880e-04,2.8666453739e-01
40.100000,1.0003436346e-03,2.9210325450e-01
40.150000,9.9841511936e-04,2.9107615425e-01
40.200000,9.9994818965e-04,2.8348440746e-01
40.250000,9.9937002781e-04,2.8827352090e-01
40.300000,1.0003579411e-03,2.8653671123e-01
40.350000,9.9838203869e-04,2.8202963733e-01
40.400000,1.0010938717e-03,2.8097683513e-01
40.450000,9.9919283871e-04,2.7869202451e-01
40.500000,9.9997029324e-04,2.8554561467e-01
40.550000,9.9993656248e-04,3.0065374891e-01
40.600000,9.9865700689e-04,2.8821760543e-01
40.650000,1.0005437358e-03,2.9940545466e-01
40.700000,1.0002000975e-03,2.8836162102e-01
40.750000,1.0000014957e-03,2.9176667813e-01
40.800000,9.9950006826e-04,2.8287328599e-01
40.850000,1.0008565351e-03,2.9270925569e-01
40.900000,9.9995372338e-04,2.9943733788e-01
40.950000,1.0007382037e-03,2.9385782489e-01
41.000000,1.0010305225e-03,3.0505909932e-01
41.050000,1.0033275211e-03,2.8833852080e-01
41.100000,9.9925607926e-04,2.7816533834e-01
41.150000,9.9962744601e-04,2.7927012200e-01
41.200000,1.0004059254e-03,2.8430667889e-01
41.250000,1.0011599803e-03,2.8735494513e-01
41.300000,1.0003240551e-03,2.8652675122e-01
41.350000,9.9863875868e-04,2.9643024180e-01
41.400000,1.0006978181e-03,2.8764348836e-01
41.450000,9.9839964249e-04,2.9339193394e-01
41.500000,1.0000305271e-03,2.9238907568e-01
41.550000,9.9833316913e-04,2.8981621468e-01
41.600000,1.0007233184e-03,2.8703497532e-01
41.650000,9.9956377567e-04,2.9185432523e-01
41.700000,9.9984972423e-04,2.9553001684e-01
41.750000,9.9938296889e-04,2.9264955577e-01
41.800000,9.9980210125e-04,2.8397934843e-01
41.850000,1.0016570046e-03,2.9831955499e-01
41.900000,1.0019098189e-03,2.8792316435e-01
41.950000,9.9899469806e-04,2.9148941935e-01
42.000000,9.9873425948e-04,2.9050741867e-01
42.050000,1.0024053011e-03,2.8014081056e-01
42.100000,1.0008414540e-03,2.8525751223e-01
42.150000,1.0008185279e-03,2.8708535413e-01
42.200000,9.9886998220e-04,2.9025185121e-01
42.250000,9.9946165514e-04,2.8615526410e-01
42.300000,1.0010102934e-03,2.8987415617e-01
42.350000,9.9995322580e-04,2.9545825596e-01
42.400000,9.9997611007e-04,2.8614875861e-01
42.450000,9.9893473393e-04,2.8655973338e-01
42.500000,1.0008959222e-03,2.8476886179e-01
42.550000,1.0002708326e-03,2.8507931483e-01
42.600000,1.0005417308e-03,2.8938438342e-01
42.650000,1.0012203496e-03,2.9089799154e-01
42.700000,9.9932294314e-04,2.7966844046e-01
42.750000,1.0020843688e-03,2.9894452929e-01
42.800000,1.0014367098e-03,2.8971087295e-01
42.850000,9.9978826704e-04,2.9093356646e-01
42.900000,9.9997114620e-04,2.8784956186e-01
42.950000,1.0001722930e-03,2.8918611624e-01
43.000000,9.9962961953e-04,2.8573170865e-01
43.050000,9.9955664907e-04,2.8717674622e-01
43.100000,9.9867363582e-04,2.9478476758e-01
43.150000,9.9957857632e-04,2.7860469369e-01
43.200000,1.0006233956e-03,2.8420593637e-01
43.250000,1.0011498384e-03,2.8684765970e-01
43.300000,1.0016419009e-03,2.8997859566e-01
43.350000,1.0005151663e-03,2.7949206445e-01
43.400000,1.0009185840e-03,2.8351695907e-01
43.450000,1.0012552269e-03,2.8279329974e-01
43.500000,9.9966656322e-04,2.7864907179e-01
43.550000,1.0010014356e-03,2.8831478030e-01
43.600000,9.9986347753e-04,2.8616005402e-01
43.650000,9.9953238106e-04,2.8297305229e-01
43.700000,1.0018203787e-03,2.8523414977e-01
43.750000,9.9911227326e-04,2.7891321313e-01
43.800000,1.0007359327e-03,2.7887251781e-01
43.850000,9.9912400692e-04,2.8713227143e-01
43.900000,1.0003575553e-03,2.9659346442e-01
43.950000,1.0014016661e-03,2.7415699968e-01
44.000000,9.9952947729e-04,2.8468803079e-01
44.050000,1.0020509948e-03,2.8587834961e-01
44.100000,9.9787485053e-04,2.8705669071e-01
44.150000,1.0002337724e-03,2.7920517642e-01
44.200000,1.0007349648e-03,2.8310834701e-01
44.250000,9.9940253375e-04,2.8808424530e-01
44.300000,1.0001468963e-03,2.8324584421e-01
44.350000,9.9995429691e-04,2.8247636219e-01
44.400000,9.9856638308e-04,2.7665228201e-01
44.450000,9.9891255185e-04,2.8653068663e-01
44.500000,1.0008206717e-03,2.8984762299e-01
44.550000,9.9912467820e-04,2.8534519325e-01
44.600000,1.0006721755e-03,2.8305928218e-01
44.650000,9.9908126688e-04,2.8001216015e-01
44.700000,1.0009173517e-03,2.8523961660e-01
44.750000,1.0001145294e-03,2.8524002245e-01
44.800000,9.9934620908e-04,2.8427464009e-01
44.850000,1.0005245894e-03,2.8437655365e-01
44.900000,9.9942891643e-04,2.8884348263e-01
44.950000,9.9931923517e-04,2.9005224010e-01
45.000000,9.9945128888e-04,2.8976645329e-01
45.050000,9.9901518830e-04,2.8922421374e-01
45.100000,9.9928176735e-04,2.8545596297e-01
45.150000,1.0010976804e-03,2.8005415248e-01
45.200000,1.0013763045e-03,2.8207490625e-01
45.250000,9.9823541442e-04,2.8487469911e-01
45.300000,1.0016552580e-03,2.7893907645e-01
45.350000,1.0000226067e-03,2.8829742935e-01
45.400000,1.0009004755e-03,2.8897865891e-01
45.450000,9.9873614771e-04,2.9329968213e-01
45.500000,1.0006494060e-03,2.7623205092e-01
45.550000,9.9893973253e-04,2.8149351929e-01
45.600000,9.9948023652e-04,2.8931669368e-01
45.650000,1.0007262806e-03,2.8390006343e-01
45.700000,1.0017021862e-03,2.7869838380e-01
45.750000,9.9786669845e-04,2.8362381516e-01
45.800000,1.0005647594e-03,2.8321106727e-01
45.850000,1.0002821943e-03,2.7646986218e-01
45.900000,1.0018279939e-03,2.8355645777e-01
45.950000,1.0010328926e-03,2.9104488431e-01
46.000000,9.9700296317e-04,2.9459917710e-01
46.050000,9.9941507933e-04,2.7919090462e-01
46.100000,1.0007226968e-03,2.7596288771e-01
46.150000,9.9925150579e-04,2.9109786752e-01
46.200000,1.0006073119e-03,2.8213502526e-01
46.250000,1.0007524308e-03,2.7898614257e-01
46.300000,1.0000153482e-03,2.8596103137e-01
46.350000,1.0008880896e-03,2.8164444408e-01
46.400000,9.9928290038e-04,2.8252144960e-01
46.450000,1.0004255955e-03,2.9346229584e-01
46.500000,9.9995673971e-04,2.8984688876e-01
46.550000,1.0000353196e-03,2.7694245113e-01
46.600000,9.9942960720e-04,2.9139718288e-01
46.650000,1.0009816660e-03,2.9620841707e-01
46.700000,1.0007298890e-03,2.8381712092e-01
46.750000,9.9930375446e-04,2.8639674370e-01
46.800000,9.9924043382e-04,2.6293379932e-01
46.850000,9.9993373413e-04,2.7702507139e-01
46.900000,9.9888793522e-04,2.8422850548e-01
46.950000,1.0003268911e-03,2.8270879877e-01
47.000000,9.9976680756e-04,2.8271949549e-01
47.050000,1.0002933652e-03,2.6897796786e-01
47.100000,9.9912249591e-04,2.8816359186e-01
47.150000,9.9991905647e-04,2.8182593143e-01
47.200000,1.0003946057e-03,2.8024178463e-01
47.250000,9.9890830377e-04,2.8502215935e-01
47.300000,1.0004227216e-03,2.7835114133e-01
47.350000,9.9928750958e-04,2.8558531922e-01
47.400000,1.0008858715e-03,2.7554233683e-01
47.450000,9.9999364861e-04,2.8772193078e-01
47.500000,9.9966562522e-04,2.7961020567e-01
47.550000,1.0019157816e-03,2.8828009038e-01
47.600000,9.9974956335e-04,2.9003839066e-01
47.650000,1.0011871193e-03,2.7950749543e-01
47.700000,9.9924958644e-04,2.7688917760e-01
47.750000,9.9892986136e-04,2.8374350033e-01
47.800000,1.0015254436e-03,2.8056591676e-01
47.850000,9.9951230054e-04,2.8121302411e-01
47.900000,1.0005572066e-03,2.8480749369e-01
47.950000,1.0002161490e-03,2.7317505921e-01
48.000000,9.9914633467e-04,2.8580912945e-01
48.050000,1.0021164195e-03,2.8592990933e-01
48.100000,9.9918518399e-04,2.8421047308e-01
48.150000,1.0001382493e-03,2.9409299082e-01
48.200000,1.0003383399e-03,2.8509048056e-01
48.250000,1.0004637003e-03,2.8669160786e-01
48.300000,9.9888996273e-04,2.8044324862e-01
48.350000,9.9945742778e-04,2.7670413580e-01
48.400000,9.9925092408e-04,2.8616576589e-01
48.450000,1.0009591279e-03,2.7945698732e-01
48.500000,1.0003968687e-03,2.7856056069e-01
48.550000,1.0016857870e-03,2.7864726117e-01
48.600000,9.9887750980e-04,2.8021384296e-01
48.650000,1.0008077952e-03,2.8153444668e-01
48.700000,1.0019040654e-03,2.7994666283e-01
48.750000,9.9949856600e-04,2.8235784307e-01
48.800000,9.9999109542e-04,2.8592892042e-01
48.850000,1.0018257669e-03,2.7985797494e-01
48.900000,1.0000192343e-03,2.8067645113e-01
48.950000,1.0007288531e-03,2.8607051710e-01
49.000000,1.0001758309e-03,2.8518494904e-01
49.050000,9.9930682741e-04,2.7489213321e-01
49.100000,9.9943891531e-04,2.8370860594e-01
49.150000,9.9856004211e-04,2.7414349904e-01
49.200000,9.9898531977e-04,2.7944447294e-01
49.250000,9.9928429655e-04,2.8084602103e-01
49.300000,9.9920676393e-04,2.7782679889e-01
49.350000,1.0012507141e-03,2.8749009375e-01
49.400000,1.0009587271e-03,2.7766511906e-01
49.450000,1.0020122228e-03,2.8633007470e-01
49.500000,1.0003487104e-03,2.8425587400e-01
49.550000,9.9968571068e-04,2.8590771738e-01
49.600000,9.9798215010e-04,2.8707051337e-01
49.650000,9.9941622112e-04,2.7863869271e-01
49.700000,9.9924858293e-04,2.7232313551e-01
49.750000,1.0001472191e-03,2.7859685542e-01
49.800000,1.0003051348e-03,2.8507169803e-01
49.850000,9.9917240277e-04,2.8711857814e-01
49.900000,1.0007939764e-03,2.8117472098e-01
49.950000,9.9995378053e-04,2.8880026561e-01
50.000000,1.0000120237e-03,2.7728047585e-01
50.050000,1.0011926538e-03,2.7468496816e-01
50.100000,1.0000481637e-03,2.8021013009e-01
50.150000,9.9993026062e-04,2.8120850061e-01
50.200000,9.9833908185e-04,2.8857693251e-01
50.250000,9.9870896969e-04,2.7262537338e-01
50.300000,9.9911487059e-04,2.7583421977e-01
50.350000,1.0023119650e-03,2.7057035379e-01
50.400000,9.9815892412e-04,2.7830534373e-01
50.450000,9.9923460651e-04,2.7858219250e-01
50.500000,1.0019539228e-03,2.8160280777e-01
50.550000,9.9991481410e-04,2.7845026578e-01
50.600000,1.0012229675e-03,2.7842757920e-01
50.650000,9.9880014429e-04,2.7557464221e-01
50.700000,9.9865420134e-04,2.8245705016e-01
50.750000,9.9962340373e-04,2.7988330540e-01
50.800000,1.0015511074e-03,2.7363295291e-01
50.850000,1.0011979592e-03,2.7029954116e-01
50.900000,9.9995362079e-04,2.8072840757e-01
50.950000,1.0004870020e-03,2.6745180151e-01
51.000000,1.0009930000e-03,2.7344207958e-01
51.050000,1.0013571662e-03,2.8034746452e-01
51.100000,9.9949820852e-04,2.7976768102e-01
51.150000,1.0020864021e-03,2.7321882486e-01
51.200000,1.0009042579e-03,2.8047566006e-01
51.250000,1.0011718372e-03,2.8277546139e-01
51.300000,9.9810202346e-04,2.7787367341e-01
51.350000,1.0008108101e-03,2.8103760014e-01
51.400000,9.9971618170e-04,2.6945303039e-01
51.450000,9.9995485976e-04,2.7721154486e-01
51.500000,9.9819166321e-04,2.7731034788e-01
51.550000,9.9979784137e-04,2.8909753033e-01
51.600000,1.0007692415e-03,2.9337193896e-01
51.650000,1.0011177410e-03,2.8162310518e-01
51.700000,9.9939367970e-04,2.8991051490e-01
51.750000,1.0004650395e-03,2.8502894427e-01
51.800000,1.0001889484e-03,2.8838609902e-01
51.850000,9.9970883718e-04,2.7531725894e-01
51.900000,9.9970415985e-04,2.8291002874e-01
51.950000,1.0006879085e-03,2.8103134905e-01
52.000000,9.9888707652e-04,2.8455193223e-01
52.050000,9.9998745432e-04,2.7641402457e-01
52.100000,9.9987334725e-04,2.7832973697e-01
52.150000,1.0007013357e-03,2.7511887113e-01
52.200000,1.0030452442e-03,2.7457029791e-01
52.250000,1.0005244964e-03,2.8392554611e-01
52.300000,9.9905521072e-04,2.7854479663e-01
52.350000,9.9983247676e-04,2.7552749775e-01
52.400000,1.0001574456e-03,2.9225351849e-01
52.450000,1.0006841708e-03,2.8589330410e-01
52.500000,9.9865779005e-04,2.7913745731e-01
52.550000,9.9782885938e-04,2.7951418277e-01
52.600000,9.9893179131e-04,2.7660850522e-01
52.650000,1.0002074862e-03,2.8013139317e-01
52.700000,9.9983775927e-04,2.6104882430e-01
52.750000,9.9960611976e-04,2.8105776799e-01
52.800000,1.0005648577e-03,2.7957230288e-01
52.850000,9.9872731284e-04,2.7947017742e-01
52.900000,1.0006274918e-03,2.7581007867e-01
52.950000,1.0009664612e-03,2.8200268065e-01
53.000000,9.9977120375e-04,2.7493592445e-01
53.050000,9.9854369295e-04,2.8044327858e-01
53.100000,1.0002652414e-03,2.7561797407e-01
53.150000,9.9930063988e-04,2.7461788071e-01
53.200000,1.0006883023e-03,2.7333025012e-01
53.250000,9.9995760807e-04,2.7466733574e-01
53.300000,1.0009092454e-03,2.7674246818e-01
53.350000,9.9934606981e-04,2.6967929654e-01
53.400000,9.9905130566e-04,2.7398963539e-01
53.450000,9.9986052775e-04,2.7604986581e-01
53.500000,1.0020078510e-03,2.8103469959e-01
53.550000,9.9959953964e-04,2.7337610708e-01
53.600000,1.0001802616e-03,2.8441107643e-01
53.650000,1.0005093355e-03,2.7151101617e-01
53.700000,1.0003512338e-03,2.7910539287e-01
53.750000,1.0017957784e-03,2.8050739948e-01
53.800000,1.0001942874e-03,2.8175639733e-01
53.850000,9.9982834267e-04,2.7998218817e-01
53.900000,9.9918934641e-04,2.7790153773e-01
53.950000,9.9992881450e-04,2.7009159491e-01
54.000000,1.0014078108e-03,2.8063536925e-01
54.050000,1.0009240209e-03,2.6952532568e-01
54.100000,9.9934824616e-04,2.7384309415e-01
54.150000,1.0004578133e-03,2.8406024265e-01
54.200000,9.9962963581e-04,2.7663024157e-01
54.250000,1.0007112496e-03,2.7745519008e-01
54.300000,9.9997942866e-04,2.7975897424e-01
54.350000,9.9965212958e-04,2.7410596979e-01
54.400000,9.9889512372e-04,2.7643511869e-01
54.450000,1.0002580129e-03,2.7940131937e-01
54.500000,1.0013823160e-03,2.7477671959e-01
54.550000,9.9966646642e-04,2.8131844138e-01
54.600000,1.0002322809e-03,2.7064867624e-01
54.650000,1.0001507155e-03,2.7623103188e-01
54.700000,1.0008212497e-03,2.7290862658e-01
54.750000,1.0005278555e-03,2.7494173536e-01
54.800000,1.0021678416e-03,2.7991846449e-01
54.850000,1.0004178194e-03,2.7198186695e-01
54.900000,1.0007838668e-03,2.7141314504e-01
54.950000,9.9856834504e-04,2.8394408141e-01
55.000000,9.9956621122e-04,2.7318484901e-01
55.050000,1.0000697094e-03,2.7290741578e-01
55.100000,9.9892493538e-04,2.7347236657e-01
55.150000,9.9939997935e-04,2.7601175462e-01
55.200000,9.9968823581e-04,2.7339587360e-01
55.250000,9.9892750977e-04,2.7345414744e-01
55.300000,9.9961827103e-04,2.7058055115e-01
55.350000,1.0002365286e-03,2.7046968447e-01
55.400000,9.9782862288e-04,2.7501715162e-01
55.450000,9.9937240246e-04,2.7798937660e-01
55.500000,1.0000535375e-03,2.6749595276e-01
55.550000,9.9864964476e-04,2.7799838090e-01
55.600000,1.0016004514e-03,2.8023879067e-01
55.650000,1.0008253447e-03,2.7498126773e-01
55.700000,1.0006116646e-03,2.7079604382e-01
55.750000,1.0011225919e-03,2.7902088335e-01
55.800000,1.0001801155e-03,2.7582887648e-01
55.850000,1.0001450361e-03,2.8410723746e-01
55.900000,1.0010171508e-03,2.7449584139e-01
55.950000,9.9857028619e-04,2.7617006752e-01
56.000000,9.9983507190e-04,2.6848643540e-01
56.050000,1.0000550962e-03,2.8600170904e-01
56.100000,1.0008884640e-03,2.7914984935e-01
56.150000,1.0001255187e-03,2.8450509562e-01
56.200000,9.9920250220e-04,2.7705520530e-01
56.250000,9.9954129943e-04,2.7535154656e-01
56.300000,9.9930266018e-04,2.7471724984e-01
56.350000,1.0005625526e-03,2.7270252826e-01
56.400000,1.0010481333e-03,2.8122531331e-01
56.450000,9.9947579624e-04,2.7300847578e-01
56.500000,9.9982920882e-04,2.7157384016e-01
56.550000,9.9887736273e-04,2.7658624915e-01
56.600000,1.0025449009e-03,2.7521335010e-01
56.650000,9.9803907199e-04,2.6328674506e-01
56.700000,9.9791054672e-04,2.8555977469e-01
56.750000,1.0018147153e-03,2.7645802734e-01
56.800000,9.9827840940e-04,2.8103571548e-01
56.850000,9.9993780496e-04,2.7172897931e-01
56.900000,9.9935677086e-04,2.7464300168e-01
56.950000,1.0007847498e-03,2.7797385631e-01
57.000000,1.0023591667e-03,2.7279020464e-01
57.050000,1.0012062836e-03,2.6752908261e-01
57.100000,1.0002514170e-03,2.7841997814e-01
57.150000,9.9944332416e-04,2.7638286934e-01
57.200000,9.9951569775e-04,2.7751192024e-01
57.250000,1.0006220021e-03,2.7563123330e-01
57.300000,1.0012721545e-03,2.7099042074e-01
57.350000,1.0015393742e-03,2.7677879970e-01
57.400000,9.9890538765e-04,2.7690309094e-01
57.450000,9.9921634644e-04,2.6991787010e-01
57.500000,9.9884979340e-04,2.8383196395e-01
57.550000,9.9933458129e-04,2.7682429434e-01
57.600000,9.9981893690e-04,2.7197032680e-01
57.650000,9.9955411864e-04,2.6995568499e-01
57.700000,9.9990560865e-04,2.8510141341e-01
57.750000,1.0009183650e-03,2.7262639986e-01
57.800000,9.9941369252e-04,2.6775070259e-01
57.850000,9.9944068494e-04,2.7869992184e-01
57.900000,9.9864974972e-04,2.7775509846e-01
57.950000,1.0014678971e-03,2.6622328356e-01
58.000000,9.9977458197e-04,2.7467982013e-01
58.050000,1.0010761275e-03,2.7485544747e-01
58.100000,1.0009732848e-03,2.7751334770e-01
58.150000,9.9877509645e-04,2.7322003489e-01
58.200000,1.0002112670e-03,2.7160089863e-01
58.250000,1.0003983282e-03,2.7984964734e-01
58.300000,9.9884248213e-04,2.7905001137e-01
58.350000,1.0003044388e-03,2.7391835686e-01
58.400000,9.9900055606e-04,2.6625850560e-01
58.450000,9.9913966709e-04,2.6796182873e-01
58.500000,1.0025794150e-03,2.8585757367e-01
58.550000,9.9857488925e-04,2.7286675410e-01
58.600000,1.0006316571e-03,2.7418364366e-01
58.650000,1.0006341998e-03,2.7223888446e-01
58.700000,9.9912490706e-04,2.6563342473e-01
58.750000,1.0000671910e-03,2.5986262735e-01
58.800000,1.0008908305e-03,2.6442537155e-01
58.850000,9.9928888504e-04,2.7592112827e-01
58.900000,9.9959030664e-04,2.7109103850e-01
58.950000,9.9976185015e-04,2.7317561628e-01
59.000000,9.9981574110e-04,2.7287351139e-01
59.050000,9.9788033640e-04,2.8320422350e-01
59.100000,1.0010832472e-03,2.8144477891e-01
59.150000,9.9902436595e-04,2.6855235714e-01
59.200000,1.0011508307e-03,2.8740153342e-01
59.250000,9.9877193444e-04,2.6805123983e-01
59.300000,9.9894820595e-04,2.7939850547e-01
59.350000,9.9900548997e-04,2.7032065163e-01
59.400000,9.9910570165e-04,2.6630649443e-01
59.450000,1.0001460690e-03,2.7738130638e-01
59.500000,9.9981885758e-04,2.7799170100e-01
59.550000,1.0001976683e-03,2.8285975867e-01
59.600000,9.9987213093e-04,2.7661699289e-01
59.650000,1.0007006748e-03,2.6931768383e-01
59.700000,9.9887516418e-04,2.7530618636e-01
59.750000,9.9990059674e-04,2.6821579291e-01
59.800000,1.0000522959e-03,2.7986077910e-01
59.850000,1.0000909483e-03,2.6299659383e-01
59.900000,9.9985902405e-04,2.6595703277e-01
59.950000,9.9954176165e-04,2.7369001233e-01
60.000000,9.9810375879e-04,2.8157637327e-01
60.050000,9.9921084757e-04,2.7670676115e-01
60.100000,1.0010935180e-03,2.6939137993e-01
60.150000,9.9996774051e-04,2.8051704264e-01
60.200000,9.9849301955e-04,2.7266282680e-01
60.250000,1.0001864826e-03,2.7930347103e-01
60.300000,9.9810371289e-04,2.8281953767e-01
60.350000,1.0005675006e-03,2.7851620424e-01
60.400000,1.0014200860e-03,2.7758208305e-01
60.450000,9.9978212078e-04,2.8667222731e-01
60.500000,9.9948030862e-04,2.7311069722e-01
60.550000,9.9916042480e-04,2.7216401620e-01
60.600000,1.0015443400e-03,2.7500969966e-01
60.650000,1.0000769153e-03,2.7612264331e-01
60.700000,9.9904224674e-04,2.7789078297e-01
60.750000,1.0004648330e-03,2.6792215323e-01
60.800000,9.9923950229e-04,2.7795302592e-01
60.850000,1.0001564030e-03,2.7617621346e-01
60.900000,9.9811987734e-04,2.7985390914e-01
60.950000,1.0005016290e-03,2.8334315926e-01
61.000000,9.9921125925e-04,2.7704034653e-01
61.050000,1.0011184499e-03,2.7806045297e-01
61.100000,1.0010035515e-03,2.7595338074e-01
61.150000,9.9999667954e-04,2.7751519360e-01
61.200000,1.0007964760e-03,2.7548776901e-01
61.250000,9.9870773069e-04,2.7891392567e-01
61.300000,1.0000217025e-03,2.7020253197e-01
61.350000,9.9982572104e-04,2.7940865252e-01
61.400000,9.9978847681e-04,2.7657790331e-01
61.450000,1.0009578135e-03,2.6878214639e-01
61.500000,9.9895980754e-04,2.7137684067e-01
61.550000,1.0008070267e-03,2.7495503197e-01
61.600000,9.9947241525e-04,2.7434439267e-01
61.650000,9.9977328120e-04,2.7012292211e-01
61.700000,9.9883044090e-04,2.7966430125e-01
61.750000,1.0004031507e-03,2.7641749016e-01
61.800000,1.0011504583e-03,2.6892025588e-01
61.850000,9.9931493801e-04,2.7093774025e-01
61.900000,1.0007601151e-03,2.7814536070e-01
61.950000,1.0005314137e-03,2.8045845599e-01
62.000000,1.0005502039e-03,2.7831473944e-01
62.050000,9.9957701342e-04,2.6961544319e-01
62.100000,9.9940296421e-04,2.7448388756e-01
62.150000,1.0005506291e-03,2.6537863630e-01
62.200000,9.9918470193e-04,2.7390162540e-01
62.250000,1.0001301975e-03,2.7554456311e-01
62.300000,9.9884791894e-04,2.6798904204e-01
62.350000,9.9955800625e-04,2.7112595199e-01
62.400000,1.0001732943e-03,2.6910291833e-01
62.450000,9.9925799493e-04,2.7593147081e-01
62.500000,9.9934625425e-04,2.8341055889e-01
62.550000,9.9971161029e-04,2.7657938536e-01
62.600000,1.0002108149e-03,2.6930764683e-01
62.650000,9.9987729659e-04,2.6754956324e-01
62.700000,9.9970373822e-04,2.7956497622e-01
62.750000,1.0005152631e-03,2.8085894893e-01
62.800000,1.0003939436e-03,2.8059877522e-01
62.850000,9.9902288861e-04,2.7325768247e-01
62.900000,9.9857921120e-04,2.6714353163e-01
62.950000,1.0005901397e-03,2.6794173226e-01
63.000000,9.9780587054e-04,2.7763843374e-01
63.050000,1.0002826343e-03,2.8597390064e-01
63.100000,1.0010067835e-03,2.8184394995e-01
63.150000,9.9982811191e-04,2.7150996743e-01
63.200000,9.9872745120e-04,2.7374613497e-01
63.250000,9.9901149688e-04,2.7357078578e-01
63.300000,1.0000253562e-03,2.7447421790e-01
63.350000,1.0008420604e-03,2.6839055402e-01
63.400000,1.0012123942e-03,2.7707787404e-01
63.450000,1.0006460674e-03,2.7684088328e-01
63.500000,9.9989951327e-04,2.7283098470e-01
63.550000,9.9916730268e-04,2.7300956063e-01
63.600000,9.9906276745e-04,2.8052236600e-01
63.650000,9.9917211788e-04,2.7446364616e-01
63.700000,1.0001664684e-03,2.7811918893e-01
63.750000,9.9954670788e-04,2.8819746692e-01
63.800000,1.0004000558e-03,2.6662476012e-01
63.850000,1.0014361868e-03,2.7709969353e-01
63.900000,1.0004113310e-03,2.8048177982e-01
63.950000,9.9935984861e-04,2.7906503194e-01
64.000000,9.9988768925e-04,2.8507773527e-01
64.050000,1.0009360059e-03,2.7939867041e-01
64.100000,9.9878529012e-04,2.6564874848e-01
64.150000,1.0005093732e-03,2.6549846439e-01
64.200000,1.0031043646e-03,2.6944676247e-01
64.250000,1.0001032217e-03,2.7585774890e-01
64.300000,9.9998057935e-04,2.5933614839e-01
64.350000,9.9948513010e-04,2.7242571409e-01
64.400000,1.0010483995e-03,2.6873850939e-01
64.450000,1.0008054760e-03,2.8601231905e-01
64.500000,1.0012689047e-03,2.7377789265e-01
64.550000,9.9977993799e-04,2.7866123515e-01
64.600000,9.9849232151e-04,2.7687711672e-01
64.650000,9.9937422376e-04,2.8287668168e-01
64.700000,9.9775420688e-04,2.5704065835e-01
64.750000,1.0014337411e-03,2.7247905565e-01
64.800000,1.0003938483e-03,2.8110501317e-01
64.850000,9.9908671777e-04,2.8975069788e-01
64.900000,9.9890585471e-04,2.6935480225e-01
64.950000,1.0004833565e-03,2.6482068428e-01
65.000000,9.9959036895e-04,2.6994087565e-01
65.050000,1.0011948725e-03,2.7849498391e-01
65.100000,9.9931150552e-04,2.8300185808e-01
65.150000,9.9839508172e-04,2.6698209476e-01
65.200000,9.9899252646e-04,2.7291482982e-01
65.250000,1.0004048526e-03,2.6330731513e-01
65.300000,1.0000757524e-03,2.7736167898e-01
65.350000,1.0010451517e-03,2.7352639317e-01
65.400000,1.0005178290e-03,2.7467775147e-01
65.450000,9.9947460742e-04,2.7981219568e-01
65.500000,1.0013630506e-03,2.6709677106e-01
65.550000,9.9880579034e-04,2.6925744569e-01
65.600000,9.9889464818e-04,2.7689823382e-01
65.650000,9.9989130882e-04,2.6241947065e-01
65.700000,9.9934740932e-04,2.7144318110e-01
65.750000,9.9970365223e-04,2.7119073235e-01
65.800000,9.9868502632e-04,2.7526617287e-01
65.850000,9.9814082186e-04,2.7875077182e-01
65.900000,9.9934116494e-04,2.7717730818e-01
65.950000,1.0008454642e-03,2.7848603170e-01
66.000000,9.9762674682e-04,2.8310353116e-01
66.050000,1.0005540984e-03,2.6854076452e-01
66.100000,9.9921868582e-04,2.8062912461e-01
66.150000,1.0002983461e-03,2.8348038209e-01
66.200000,1.0013582586e-03,2.7180991822e-01
66.250000,9.9977262505e-04,2.7454253708e-01
66.300000,1.0018090296e-03,2.7633542663e-01
66.350000,1.0002536514e-03,2.7695964762e-01
66.400000,9.9954935649e-04,2.6846656432e-01
66.450000,1.0016119790e-03,2.6146135558e-01
66.500000,9.9813147346e-04,2.6796029395e-01
66.550000,1.0026584655e-03,2.7660715722e-01
66.600000,9.9838291322e-04,2.6808819878e-01
66.650000,9.9881024751e-04,2.8104783884e-01
66.700000,9.9894898786e-04,2.7101179001e-01
66.750000,9.9997383101e-04,2.7803500930e-01
66.800000,9.9957526721e-04,2.8955128584e-01
66.850000,9.9832153559e-04,2.7224695909e-01
66.900000,9.9895989027e-04,2.7697666535e-01
66.950000,9.9882144824e-04,2.7614253295e-01
67.000000,9.9991274405e-04,2.7223172115e-01
67.050000,1.0000388598e-03,2.7241155360e-01
67.100000,1.0005939622e-03,2.7646675448e-01
67.150000,1.0012777084e-03,2.7023115522e-01
67.200000,1.0000395417e-03,2.7576857564e-01
67.250000,9.9987966633e-04,2.7231881626e-01
67.300000,1.0009119400e-03,2.6565416367e-01
67.350000,1.0000094135e-03,2.7414850350e-01
67.400000,1.0003281586e-03,2.8182677840e-01
67.450000,9.9918893720e-04,2.6993724891e-01
67.500000,1.0003604627e-03,2.7229921729e-01
67.550000,9.9921165795e-04,2.7023090745e-01
67.600000,9.9933174137e-04,2.6680455392e-01
67.650000,9.9944832739e-04,2.7305773205e-01
67.700000,9.9887882972e-04,2.8295043988e-01
67.750000,1.0013127217e-03,2.7909800668e-01
67.800000,9.9956918937e-04,2.7502268640e-01
67.850000,9.9891522141e-04,2.7799310636e-01
67.900000,1.0003579083e-03,2.7347856695e-01
67.950000,1.0012256139e-03,2.7127072448e-01
68.000000,1.0009821813e-03,2.7616520318e-01
68.050000,1.0008068404e-03,2.7201317654e-01
68.100000,9.9989034880e-04,2.8321893003e-01
68.150000,9.9929451210e-04,2.6715089669e-01
68.200000,9.9890185508e-04,2.7483881280e-01
68.250000,9.9997963715e-04,2.7575239415e-01
68.300000,1.0000636003e-03,2.6910950843e-01
68.350000,9.9918060916e-04,2.7480972697e-01
68.400000,9.9996198952e-04,2.7674449769e-01
68.450000,9.9997043440e-04,2.6571747127e-01
68.500000,1.0006314964e-03,2.7506448121e-01
68.550000,1.0008357104e-03,2.7982081786e-01
68.600000,1.0011876499e-03,2.7681091478e-01
68.650000,1.0007730289e-03,2.7769674359e-01
68.700000,1.0023908469e-03,2.7476561495e-01
68.750000,1.0012787112e-03,2.7272287118e-01
68.800000,9.9804035824e-04,2.7372960926e-01
68.850000,9.9961753971e-04,2.6827594614e-01
68.900000,1.0000072661e-03,2.7030368181e-01
68.950000,1.0001997309e-03,2.7937386839e-01
69.000000,1.0017791007e-03,2.6813240497e-01
69.050000,1.0004180091e-03,2.7771044536e-01
69.100000,1.0010161127e-03,2.8222390361e-01
69.150000,9.9861156551e-04,2.6306734702e-01
69.200000,1.0003583264e-03,2.6924118206e-01
69.250000,1.0009686967e-03,2.8133330790e-01
69.300000,9.9940702865e-04,2.7010596905e-01
69.350000,1.0005482240e-03,2.7894009881e-01
69.400000,9.9909464944e-04,2.8298883949e-01
69.450000,9.9942719676e-04,2.7795974211e-01
69.500000,1.0006888224e-03,2.6842145437e-01
69.550000,9.9923831769e-04,2.7218134450e-01
69.600000,1.0000880785e-03,2.7022657338e-01
69.650000,9.9849357644e-04,2.6098764209e-01
69.700000,1.0011569229e-03,2.7764520177e-01
69.750000,9.9974237002e-04,2.7510554759e-01
69.800000,1.0000364299e-03,2.7437236566e-01
69.850000,9.9944317745e-04,2.7182374273e-01
69.900000,1.0013996663e-03,2.8199579803e-01
69.950000,9.9874050174e-04,2.7431436687e-01
70.000000,1.0008555209e-03,2.6345581773e-01
70.050000,9.9979618754e-04,2.7941821800e-01
70.100000,1.0012191528e-03,2.7662048663e-01
70.150000,1.0005035739e-03,2.6170529181e-01
70.200000,9.9943979876e-04,2.7742028469e-01
70.250000,1.0002525283e-03,2.8340052024e-01
70.300000,9.9874567544e-04,2.7107733082e-01
70.350000,9.9750790630e-04,2.7626722901e-01
70.400000,1.0004085097e-03,2.8128558687e-01
70.450000,1.0009852267e-03,2.7388014565e-01
70.500000,1.0000650937e-03,2.7673689334e-01
70.550000,9.9981844320e-04,2.6622363400e-01
70.600000,1.0003266356e-03,2.7003090904e-01
70.650000,1.0014933013e-03,2.6661100541e-01
70.700000,9.9974078874e-04,2.7842675871e-01
70.750000,9.9889449110e-04,2.7407158041e-01
70.800000,1.0016349311e-03,2.7409409188e-01
70.850000,9.9983793107e-04,2.7170276577e-01
70.900000,1.0011018864e-03,2.7878275941e-01
70.950000,1.0000640984e-03,2.7417414535e-01
71.000000,1.0007436398e-03,2.7630920545e-01
71.050000,9.9916643834e-04,2.7820031811e-01
71.100000,9.9934491975e-04,2.7321298391e-01
71.150000,9.9903364021e-04,2.7624355834e-01
71.200000,1.0003066275e-03,2.8168619289e-01
71.250000,9.9973626381e-04,2.7733125191e-01
71.300000,9.9845008113e-04,2.7397362290e-01
71.350000,1.0008171756e-03,2.7123434312e-01
71.400000,9.9937466744e-04,2.8391383995e-01
71.450000,9.9900923495e-04,2.7714827365e-01
71.500000,1.0000906786e-03,2.6398512116e-01
71.550000,9.9922029441e-04,2.7393279114e-01
71.600000,1.0010223136e-03,2.6510715724e-01
71.650000,9.9910980743e-04,2.6965479055e-01
71.700000,9.9859219392e-04,2.7296942165e-01
71.750000,9.9956564107e-04,2.7233124304e-01
71.800000,9.9965683844e-04,2.6994164001e-01
71.850000,9.9985711177e-04,2.8382689454e-01
71.900000,1.0003158007e-03,2.7327785494e-01
71.950000,1.0001949033e-03,2.7659070639e-01
72.000000,9.9943755530e-04,2.8137126934e-01
72.050000,1.0001011078e-03,2.6932569783e-01
72.100000,9.9928763165e-04,2.6735112163e-01
72.150000,1.0008365082e-03,2.6845756218e-01
72.200000,1.0016149962e-03,2.8267781070e-01
72.250000,9.9894181646e-04,2.6819438724e-01
72.300000,1.0005110596e-03,2.7427641166e-01
72.350000,9.9929890127e-04,2.7095897333e-01
72.400000,9.9802187803e-04,2.7352539984e-01
72.450000,9.9959306501e-04,2.7444279356e-01
72.500000,9.9954497732e-04,2.8326795873e-01
72.550000,1.0006609966e-03,2.7615363009e-01
72.600000,1.0010312343e-03,2.6373571186e-01
72.650000,9.9833380754e-04,2.6525162499e-01
72.700000,9.9966867753e-04,2.6815324530e-01
72.750000,1.0010548534e-03,2.7519640261e-01
72.800000,1.0005246192e-03,2.8540750025e-01
72.850000,1.0017887927e-03,2.5942699939e-01
72.900000,1.0004299830e-03,2.7659078578e-01
72.950000,1.0011085011e-03,2.7164296661e-01
73.000000,9.9941847710e-04,2.6455952310e-01
73.050000,9.9882472023e-04,2.7404540349e-01
73.100000,1.0010617267e-03,2.6548271106e-01
73.150000,1.0007537835e-03,2.7152188611e-01
73.200000,9.9942029288e-04,2.7425106416e-01
73.250000,9.9931286103e-04,2.7238401133e-01
73.300000,9.9939706676e-04,2.7744800369e-01
73.350000,9.9963492550e-04,2.8150708598e-01
73.400000,1.0017956872e-03,2.7599160614e-01
73.450000,1.0013120224e-03,2.7523060726e-01
73.500000,9.9935044367e-04,2.7239697839e-01
73.550000,9.9992319656e-04,2.7577160262e-01
73.600000,1.0010871988e-03,2.7312474575e-01
73.650000,9.9981576833e-04,2.6542889690e-01
73.700000,1.0001433879e-03,2.7304233265e-01
73.750000,9.9805475067e-04,2.7992874389e-01
73.800000,1.0008262050e-03,2.6816637083e-01
73.850000,1.0002778589e-03,2.6852286114e-01
73.900000,1.0018802033e-03,2.6628323207e-01
73.950000,9.9955276076e-04,2.8290792946e-01
74.000000,9.9944555499e-04,2.7201055606e-01
74.050000,1.0010579423e-03,2.6253955332e-01
74.100000,9.9906083854e-04,2.7397656918e-01
74.150000,1.0010873877e-03,2.7133949140e-01
74.200000,9.9962624168e-04,2.6621452781e-01
74.250000,9.9939225930e-04,2.7117341386e-01
74.300000,9.9905019321e-04,2.7551832488e-01
74.350000,1.0005574545e-03,2.7085721669e-01
74.400000,9.9890909598e-04,2.7595536491e-01
74.450000,1.0008656119e-03,2.7799681600e-01
74.500000,1.0010890746e-03,2.6645827554e-01
74.550000,9.9939287051e-04,2.8464743128e-01
74.600000,9.9958581951e-04,2.8242895525e-01
74.650000,9.9997985345e-04,2.7604646566e-01
74.700000,9.9942453088e-04,2.6848722140e-01
74.750000,1.0027669151e-03,2.8303660315e-01
74.800000,9.9889180434e-04,2.7716144234e-01
74.850000,1.0000156156e-03,2.6853856240e-01
74.900000,1.0001127275e-03,2.7160274978e-01
74.950000,1.0000493543e-03,2.6898332143e-01
75.000000,1.0009396582e-03,2.7457663569e-01
75.050000,1.0011349722e-03,2.8159725647e-01
75.100000,1.0010693334e-03,2.8579822273e-01
75.150000,9.9921196476e-04,2.7021890729e-01
75.200000,1.0005888933e-03,2.6856489740e-01
75.250000,1.0012382635e-03,2.7234017018e-01
75.300000,1.0011525143e-03,2.8200729893e-01
75.350000,9.9756987672e-04,2.7285898311e-01
75.400000,9.9952559239e-04,2.7512409978e-01
75.450000,1.0014307956e-03,2.7237529854e-01
75.500000,9.9994167361e-04,2.7592768702e-01
75.550000,1.0017920115e-03,2.7436318956e-01
75.600000,9.9830432000e-04,2.7556919826e-01
75.650000,9.9897887530e-04,2.7528314915e-01
75.700000,9.9922472379e-04,2.7554982434e-01
75.750000,1.0013300859e-03,2.7182504976e-01
75.800000,1.0003899779e-03,2.7350267290e-01
75.850000,1.0011957963e-03,2.6819563227e-01
75.900000,1.0010283774e-03,2.7531816907e-01
75.950000,1.0000196578e-03,2.6528006761e-01
76.000000,1.0001811241e-03,2.6903497627e-01
76.050000,1.0012391263e-03,2.7187604382e-01
76.100000,9.9918135898e-04,2.6881555435e-01
76.150000,9.9913728738e-04,2.6906863518e-01
76.200000,9.9998572484e-04,2.6340335754e-01
76.250000,9.9924019761e-04,2.7143985212e-01
76.300000,1.0001612295e-03,2.6920676114e-01
76.350000,1.0007296977e-03,2.7361362320e-01
76.400000,1.0011809359e-03,2.6972494800e-01
76.450000,9.9931243394e-04,2.7937061188e-01
76.500000,9.9998155311e-04,2.7416397985e-01
76.550000,1.0013445427e-03,2.7167015625e-01
76.600000,1.0014829349e-03,2.8186327936e-01
76.650000,1.0012714198e-03,2.7294090659e-01
76.700000,9.9961158865e-04,2.7791304773e-01
76.750000,9.9984417936e-04,2.6970976888e-01
76.800000,1.0006025091e-03,2.6136034614e-01
76.850000,1.0010700688e-03,2.7523298754e-01
76.900000,1.0017778931e-03,2.7124797779e-01
76.950000,9.9949972633e-04,2.7815261978e-01
77.000000,9.9999832890e-04,2.6468723456e-01
77.050000,1.0006537456e-03,2.8322304858e-01
77.100000,1.0009665259e-03,2.7599109566e-01
77.150000,1.0009515561e-03,2.7095631702e-01
77.200000,9.9834064601e-04,2.7415484206e-01
77.250000,1.0004182985e-03,2.7089158675e-01
77.300000,9.9903120828e-04,2.6855061129e-01
77.350000,9.9842987885e-04,2.6602224828e-01
77.400000,9.9954180835e-04,2.6513502443e-01
77.450000,9.9830995624e-04,2.6964566945e-01
77.500000,9.9894622473e-04,2.7360233731e-01
77.550000,1.0005537490e-03,2.7988837144e-01
77.600000,1.0001535768e-03,2.7021141147e-01
77.650000,9.9949565481e-04,2.7133522009e-01
77.700000,9.9948034998e-04,2.6866249038e-01
77.750000,1.0004144038e-03,2.6757180123e-01
77.800000,1.0013980631e-03,2.6433842812e-01
77.850000,1.0001110637e-03,2.7409415929e-01
77.900000,9.9921028388e-04,2.7139051512e-01
77.950000,1.0018186904e-03,2.7218914990e-01
78.000000,9.9937795639e-04,2.7393747260e-01
78.050000,1.0007593662e-03,2.6550711710e-01
78.100000,1.0010971497e-03,2.8187165382e-01
78.150000,9.9891091857e-04,2.7026250512e-01
78.200000,1.0003194178e-03,2.7828631882e-01
78.250000,9.9949125382e-04,2.6847204100e-01
78.300000,9.9826599075e-04,2.7990120981e-01
78.350000,9.9938765778e-04,2.6948012625e-01
78.400000,1.0007068525e-03,2.6971779458e-01
78.450000,9.9981167939e-04,2.6854117325e-01
78.500000,1.0010161018e-03,2.6331610035e-01
78.550000,1.0000364844e-03,2.7092432394e-01
78.600000,9.9912361961e-04,2.7924207712e-01
78.650000,1.0012483259e-03,2.6715529036e-01
78.700000,1.0000744346e-03,2.8299456372e-01
78.750000,1.0011293339e-03,2.6746320696e-01
78.800000,9.9909023824e-04,2.5627639175e-01
78.850000,1.0009983586e-03,2.7483821934e-01
78.900000,1.0011886750e-03,2.7062709378e-01
78.950000,9.9892138831e-04,2.6492757218e-01
79.000000,9.9990068550e-04,2.7012020962e-01
79.050000,1.0009324008e-03,2.6060473821e-01
79.100000,1.0011426565e-03,2.8168979350e-01
79.150000,1.0005342368e-03,2.6870614501e-01
79.200000,1.0001032334e-03,2.6562782993e-01
79.250000,1.0007642066e-03,2.7014206405e-01
79.300000,9.9937525988e-04,2.7522846392e-01
79.350000,9.9936384005e-04,2.7303424049e-01
79.400000,1.0009608745e-03,2.7075023866e-01
79.450000,9.9885842198e-04,2.7771278941e-01
79.500000,1.0002401700e-03,2.6477993131e-01
79.550000,9.9999251855e-04,2.8566840016e-01
79.600000,1.0004641719e-03,2.6357658045e-01
79.650000,1.0006776811e-03,2.6395703330e-01
79.700000,1.0011799896e-03,2.7747543652e-01
79.750000,1.0029412881e-03,2.6458421143e-01
79.800000,9.9908689108e-04,2.6698090887e-01
79.850000,9.9861672794e-04,2.7243850141e-01
79.900000,1.0015577804e-03,2.7387686561e-01
79.950000,9.9923472316e-04,2.6788808442e-01
80.000000,9.9921932896e-04,2.7288360132e-01
80.050000,1.0005415375e-03,2.7122282834e-01
80.100000,9.9987352832e-04,2.7991660524e-01
80.150000,9.9945470908e-04,2.7667063656e-01
80.200000,1.0014012548e-03,2.8078976994e-01
80.250000,9.9941660929e-04,2.6868894749e-01
80.300000,9.9872659090e-04,2.6607209616e-01
80.350000,9.9856732613e-04,2.7691568653e-01
80.400000,9.9749190568e-04,2.8638230938e-01
80.450000,9.9939082863e-04,2.6419643866e-01
80.500000,1.0000156928e-03,2.6585241915e-01
80.550000,9.9974925244e-04,2.7671342745e-01
80.600000,9.9825540909e-04,2.7413815828e-01
80.650000,1.0015958223e-03,2.6784632389e-01
80.700000,9.9950992323e-04,2.7597950588e-01
80.750000,1.0000749713e-03,2.6930101470e-01
80.800000,1.0012769846e-03,2.6570614948e-01
80.850000,9.9869934527e-04,2.7088149576e-01
80.900000,9.9940477010e-04,2.8136692732e-01
80.950000,1.0006844527e-03,2.7462094807e-01
81.000000,9.9983717219e-04,2.7326543014e-01
81.050000,9.9887466560e-04,2.6522241837e-01
81.100000,9.9790620623e-04,2.7596629280e-01
81.150000,9.9832050742e-04,2.6522470602e-01
81.200000,1.0005457946e-03,2.6972078012e-01
81.250000,9.9999023944e-04,2.7025499566e-01
81.300000,1.0010647734e-03,2.7191557017e-01
81.350000,9.9885046512e-04,2.7567973505e-01
81.400000,9.9977028391e-04,2.6633342793e-01
81.450000,9.9975284762e-04,2.7086494029e-01
81.500000,1.0008428592e-03,2.7154091545e-01
81.550000,9.9903874211e-04,2.7326880954e-01
81.600000,1.0009925875e-03,2.6676577575e-01
81.650000,1.0021020585e-03,2.7244171488e-01
81.700000,9.9927268627e-04,2.6717191529e-01
81.750000,1.0003718584e-03,2.7873235407e-01
81.800000,9.9929281545e-04,2.7545795992e-01
81.850000,9.9960322201e-04,2.6637231796e-01
81.900000,1.0014837286e-03,2.6535679834e-01
81.950000,1.0000870097e-03,2.7510303923e-01
82.000000,9.9991627425e-04,2.6805618130e-01
82.050000,9.9989447034e-04,2.7030997466e-01
82.100000,1.0007511946e-03,2.7686763827e-01
82.150000,9.9996579831e-04,2.7170844395e-01
82.200000,1.0008858877e-03,2.6856455369e-01
82.250000,9.9980325739e-04,2.7914414986e-01
82.300000,1.0020604604e-03,2.6663544128e-01
82.350000,1.0000221739e-03,2.7991813524e-01
82.400000,9.9884527949e-04,2.6957631453e-01
82.450000,1.0003691520e-03,2.7834540854e-01
82.500000,9.9798402160e-04,2.7960101430e-01
82.550000,1.0004629218e-03,2.7430500574e-01
82.600000,9.9975137399e-04,2.7069204307e-01
82.650000,1.0002357742e-03,2.7947199101e-01
82.700000,9.9943855498e-04,2.7391660851e-01
82.750000,1.0011842909e-03,2.6999984188e-01
82.800000,1.0000151209e-03,2.7584719959e-01
82.850000,1.0015293002e-03,2.6383664973e-01
82.900000,1.0004715196e-03,2.7468243900e-01
82.950000,9.9927686754e-04,2.7275968841e-01
83.000000,9.9919442653e-04,2.7398604921e-01
83.050000,9.9962241923e-04,2.7680802756e-01
83.100000,1.0004785758e-03,2.7039074586e-01
83.150000,1.0003563543e-03,2.8063293309e-01
83.200000,9.9826906158e-04,2.7777918176e-01
83.250000,9.9974828696e-04,2.5552079119e-01
83.300000,1.0010227243e-03,2.7766386778e-01
83.350000,9.9826094862e-04,2.6782201794e-01
83.400000,9.9945378896e-04,2.8062544787e-01
83.450000,1.0013567387e-03,2.7332356749e-01
83.500000,1.0006719811e-03,2.7323423366e-01
83.550000,9.9963775590e-04,2.7521494499e-01
83.600000,9.9974319963e-04,2.6955673186e-01
83.650000,9.9964015873e-04,2.6927854240e-01
83.700000,1.0005184854e-03,2.7418422284e-01
83.750000,9.9961962537e-04,2.6657474041e-01
83.800000,1.0004766314e-03,2.7412826504e-01
83.850000,9.9792765605e-04,2.7574463347e-01
83.900000,1.0006341544e-03,2.7316043684e-01
83.950000,1.0008554668e-03,2.7494643175e-01
84.000000,9.9884216271e-04,2.6249544942e-01
84.050000,1.0018277252e-03,2.7589302848e-01
84.100000,9.9844307848e-04,2.6991264457e-01
84.150000,1.0002885570e-03,2.7409263237e-01
84.200000,1.0022066139e-03,2.6993730145e-01
84.250000,1.0000264944e-03,2.7746983552e-01
84.300000,1.0003925279e-03,2.7047648614e-01
84.350000,9.9791450144e-04,2.7071519763e-01
84.400000,9.9838236699e-04,2.6737958504e-01
84.450000,1.0000684950e-03,2.5328532575e-01
84.500000,9.9962114313e-04,2.6437772252e-01
84.550000,1.0012900098e-03,2.8198926392e-01
84.600000,1.0006660936e-03,2.6804564323e-01
84.650000,1.0000367248e-03,2.7191796852e-01
84.700000,1.0004346654e-03,2.6373369607e-01
84.750000,1.0002394010e-03,2.7155968801e-01
84.800000,9.9980966274e-04,2.8419402746e-01
84.850000,1.0012424913e-03,2.7608074485e-01
84.900000,1.0003299609e-03,2.7549915094e-01
84.950000,9.9965778363e-04,2.7781512793e-01
85.000000,1.0000109579e-03,2.6803228543e-01
85.050000,9.9920552389e-04,2.7280447309e-01
85.100000,9.9983554655e-04,2.6088501127e-01
85.150000,9.9969925113e-04,2.7470680341e-01
85.200000,9.9968812356e-04,2.8787495571e-01
85.250000,9.9952406599e-04,2.8462678462e-01
85.300000,9.9879391277e-04,2.7766168247e-01
85.350000,1.0009087807e-03,2.7058597536e-01
85.400000,9.9882682093e-04,2.7646814173e-01
85.450000,9.9916010399e-04,2.8174703614e-01
85.500000,1.0016025686e-03,2.6948624911e-01
85.550000,1.0001343890e-03,2.7992736581e-01
85.600000,1.0011573374e-03,2.6616898280e-01
85.650000,1.0013146293e-03,2.7140092287e-01
85.700000,9.9923792006e-04,2.8558699281e-01
85.750000,1.0006399161e-03,2.7824148515e-01
85.800000,9.9988518500e-04,2.7715597998e-01
85.850000,9.9985498147e-04,2.7211344946e-01
85.900000,1.0003847472e-03,2.6757407922e-01
85.950000,9.9941156824e-04,2.7387138829e-01
86.000000,9.9978203052e-04,2.6967400158e-01
86.050000,9.9967088776e-04,2.6807506328e-01
86.100000,9.9843052802e-04,2.7684957221e-01
86.150000,9.9910540120e-04,2.7031174994e-01
86.200000,9.9849864535e-04,2.8155479180e-01
86.250000,1.0012887727e-03,2.7133081151e-01
86.300000,1.0004090705e-03,2.7062706164e-01
86.350000,1.0010134654e-03,2.7491860451e-01
86.400000,9.9612888359e-04,2.6966330044e-01
86.450000,1.0013999205e-03,2.6616854055e-01
86.500000,9.9935072540e-04,2.8409919300e-01
86.550000,1.0006816511e-03,2.7482072714e-01
86.600000,1.0010230007e-03,2.7466547396e-01
86.650000,1.0011245497e-03,2.7223829776e-01
86.700000,1.0013681367e-03,2.6988110933e-01
86.750000,1.0001217422e-03,2.7190446215e-01
86.800000,9.9982646310e-04,2.6733004530e-01
86.850000,9.9966128562e-04,2.6726940763e-01
86.900000,1.0013373429e-03,2.7482235876e-01
86.950000,1.0011079378e-03,2.7838311885e-01
87.000000,9.9920024600e-04,2.7099139725e-01
87.050000,9.9880460979e-04,2.6687750989e-01
87.100000,9.9992488183e-04,2.7198500328e-01
87.150000,1.0020201151e-03,2.7125467792e-01
87.200000,9.9899048917e-04,2.7837801042e-01
87.250000,9.9829039845e-04,2.6797752698e-01
87.300000,1.0024024322e-03,2.7090485179e-01
87.350000,9.9914779420e-04,2.7041076599e-01
87.400000,9.9801639095e-04,2.7305712050e-01
87.450000,9.9903614874e-04,2.6831509338e-01
87.500000,9.9963030440e-04,2.7788643136e-01
87.550000,1.0002257264e-03,2.7012886416e-01
87.600000,9.9983591155e-04,2.8026249850e-01
87.650000,1.0012237101e-03,2.6737908191e-01
87.700000,9.9990857649e-04,2.7562099008e-01
87.750000,9.9990781389e-04,2.6134152045e-01
87.800000,1.0006824330e-03,2.6427391837e-01
87.850000,9.9918709709e-04,2.6770685277e-01
87.900000,1.0004241218e-03,2.6452921556e-01
87.950000,1.0021318423e-03,2.7627464960e-01
88.000000,1.0012797679e-03,2.7342562083e-01
88.050000,1.0003027277e-03,2.7484954289e-01
88.100000,1.0003147595e-03,2.8230856786e-01
88.150000,9.9977390643e-04,2.7856742538e-01
88.200000,1.0001167605e-03,2.7693086296e-01
88.250000,1.0013257249e-03,2.6994330651e-01
88.300000,1.0006335601e-03,2.6797704881e-01
88.350000,9.9942869178e-04,2.7719804381e-01
88.400000,1.0023949364e-03,2.6983390290e-01
88.450000,9.9921320678e-04,2.6910191358e-01
88.500000,9.9984442661e-04,2.6408356643e-01
88.550000,1.0003881026e-03,2.6626530432e-01
88.600000,1.0010616100e-03,2.6961065970e-01
88.650000,1.0008120543e-03,2.7825153631e-01
88.700000,1.0006662683e-03,2.6257957342e-01
88.750000,9.9947996556e-04,2.6864643625e-01
88.800000,1.0002616244e-03,2.7041823584e-01
88.850000,1.0009010191e-03,2.6988982741e-01
88.900000,9.9881419059e-04,2.7717914705e-01
88.950000,9.9891983938e-04,2.6625295465e-01
89.000000,1.0000209342e-03,2.6489414745e-01
89.050000,9.9912993961e-04,2.7105565707e-01
89.100000,9.9961193989e-04,2.6513467795e-01
89.150000,9.9980228054e-04,2.8114713321e-01
89.200000,1.0007431986e-03,2.7157160708e-01
89.250000,1.0022665629e-03,2.8102042604e-01
89.300000,9.9933425325e-04,2.6580675831e-01
89.350000,9.9979762157e-04,2.7250173394e-01
89.400000,9.9932285716e-04,2.7661381406e-01
89.450000,1.0006945650e-03,2.7652803509e-01
89.500000,9.9936942987e-04,2.6850320366e-01
89.550000,1.0003254656e-03,2.7429769731e-01
89.600000,9.9948824036e-04,2.6831422767e-01
89.650000,9.9996177738e-04,2.7250579955e-01
89.700000,9.9850531220e-04,2.7281891646e-01
89.750000,9.9903341433e-04,2.5569920228e-01
89.800000,9.9959544638e-04,2.7380272906e-01
89.850000,9.9845726718e-04,2.6532391444e-01
89.900000,9.9916346115e-04,2.7505898479e-01
89.950000,1.0003914982e-03,2.6843936419e-01
90.000000,9.9933874659e-04,2.7738136952e-01
90.050000,1.0015198924e-03,2.7153435517e-01
90.100000,9.9980490223e-04,2.7190745995e-01
90.150000,1.0001773254e-03,2.6878748142e-01
90.200000,9.9998225764e-04,2.7167607476e-01
90.250000,9.9821988311e-04,2.6430096396e-01
90.300000,1.0002768890e-03,2.7752016647e-01
90.350000,9.9947541229e-04,2.6911910202e-01
90.400000,1.0005202884e-03,2.7099434946e-01
90.450000,9.9980201434e-04,2.7090126201e-01
90.500000,9.9946589612e-04,2.7440338855e-01
90.550000,9.9861142379e-04,2.7480390769e-01
90.600000,9.9868536445e-04,2.7297028661e-01
90.650000,1.0012193097e-03,2.7436923380e-01
90.700000,9.9887976817e-04,2.9243642689e-01
90.750000,1.0017682230e-03,2.7449407586e-01
90.800000,9.9991678655e-04,2.7499691680e-01
90.850000,1.0004918630e-03,2.6051921574e-01
90.900000,1.0006392696e-03,2.7029364953e-01
90.950000,1.0004199330e-03,2.7005993699e-01
91.000000,9.9821760916e-04,2.7298271669e-01
91.050000,1.0006584596e-03,2.8281858775e-01
91.100000,9.9814524092e-04,2.7164882333e-01
91.150000,1.0010654592e-03,2.6601832211e-01
91.200000,9.9816824727e-04,2.8048433122e-01
91.250000,9.9902415588e-04,2.6930175725e-01
91.300000,1.0011839401e-03,2.7085846222e-01
91.350000,1.0008521687e-03,2.7877740641e-01
91.400000,1.0002183404e-03,2.6144493620e-01
91.450000,9.9983347465e-04,2.6668315714e-01
91.500000,1.0004725781e-03,2.7071621302e-01
91.550000,9.9947077112e-04,2.7313061488e-01
91.600000,1.0003050323e-03,2.6900698442e-01
91.650000,9.9998230674e-04,2.8032825603e-01
91.700000,1.0004761615e-03,2.6970329734e-01
91.750000,1.0010411128e-03,2.7387855850e-01
91.800000,1.0009260891e-03,2.7158604954e-01
91.850000,1.0000499828e-03,2.6332388228e-01
91.900000,1.0003656623e-03,2.7422780138e-01
91.950000,9.9758275283e-04,2.8116587370e-01
92.000000,1.0003390423e-03,2.6854581549e-01
92.050000,1.0010434979e-03,2.7527991618e-01
92.100000,1.0006230298e-03,2.7667752605e-01
92.150000,9.9911586041e-04,2.7612673340e-01
92.200000,1.0007171587e-03,2.7560133719e-01
92.250000,1.0006813714e-03,2.7570349684e-01
92.300000,9.9935401831e-04,2.7329096950e-01
92.350000,1.0004214796e-03,2.7637645175e-01
92.400000,9.9911067596e-04,2.6965306066e-01
92.450000,9.9920204241e-04,2.7061638601e-01
92.500000,1.0012435445e-03,2.6821023646e-01
92.550000,1.0019917868e-03,2.7022888882e-01
92.600000,1.0010861435e-03,2.6901289430e-01
92.650000,9.9925093951e-04,2.7362366926e-01
92.700000,1.0002154188e-03,2.6594404558e-01
92.750000,1.0007334254e-03,2.6973192404e-01
92.800000,1.0012225452e-03,2.6879524287e-01
92.850000,1.0009910726e-03,2.7964236667e-01
92.900000,1.0011437840e-03,2.7998708839e-01
92.950000,1.0001059958e-03,2.7092122573e-01
93.000000,1.0001933133e-03,2.7136708776e-01
93.050000,1.0008329719e-03,2.7130655771e-01
93.100000,9.9878673220e-04,2.7544089190e-01
93.150000,9.9829627887e-04,2.5973317524e-01
93.200000,1.0013247160e-03,2.7526013461e-01
93.250000,9.9888694424e-04,2.7849596925e-01
93.300000,9.9775477353e-04,2.6267670049e-01
93.350000,9.9901101698e-04,2.7299319307e-01
93.400000,9.9847023286e-04,2.7482527911e-01
93.450000,1.0014250300e-03,2.7697280909e-01
93.500000,9.9956449588e-04,2.6502777555e-01
93.550000,1.0007175697e-03,2.7192756835e-01
93.600000,1.0004427676e-03,2.7129605752e-01
93.650000,1.0009307183e-03,2.6894082589e-01
93.700000,9.9955219599e-04,2.7487094073e-01
93.750000,1.0006868425e-03,2.7282007493e-01
93.800000,1.0011832091e-03,2.7281890896e-01
93.850000,1.0017196010e-03,2.6498841870e-01
93.900000,1.0013315760e-03,2.7985166526e-01
93.950000,9.9999407318e-04,2.8063999734e-01
94.000000,1.0001486390e-03,2.6913761901e-01
94.050000,1.0006768970e-03,2.7974852349e-01
94.100000,1.0008910623e-03,2.7810249407e-01
94.150000,1.0017831286e-03,2.7734295839e-01
94.200000,1.0015502940e-03,2.7631067099e-01
94.250000,9.9913278783e-04,2.7933454481e-01
94.300000,9.9883488864e-04,2.6932134348e-01
94.350000,1.0021180162e-03,2.7449661309e-01
94.400000,9.9859934100e-04,2.6940977121e-01
94.450000,1.0001921864e-03,2.7043665885e-01
94.500000,9.9994525315e-04,2.7022156086e-01
94.550000,1.0009372882e-03,2.7130355044e-01
94.600000,1.0011304225e-03,2.7661594193e-01
94.650000,9.9850140045e-04,2.7536470902e-01
94.700000,1.0004682471e-03,2.6614527786e-01
94.750000,1.0011249438e-03,2.7405996551e-01
94.800000,1.0000111285e-03,2.7750191063e-01
94.850000,1.0006847148e-03,2.8184714485e-01
94.900000,9.9973840907e-04,2.7691407757e-01
94.950000,1.0003120977e-03,2.6829859177e-01
95.000000,1.0001289038e-03,2.7322320934e-01
95.050000,9.9911101337e-04,2.7396775902e-01
95.100000,9.9905799209e-04,2.7442431184e-01
95.150000,1.0002427077e-03,2.7773073475e-01
95.200000,1.0009188060e-03,2.7374554318e-01
95.250000,9.9941928819e-04,2.7244380920e-01
95.300000,1.0003716895e-03,2.7645615509e-01
95.350000,9.9909008809e-04,2.7660411214e-01
95.400000,9.9802290341e-04,2.7358523030e-01
95.450000,1.0007915500e-03,2.7130826555e-01
95.500000,9.9992166713e-04,2.7634567605e-01
95.550000,1.0003180945e-03,2.6624879856e-01
95.600000,9.9912494410e-04,2.8584924366e-01
95.650000,9.9962881458e-04,2.6699827881e-01
95.700000,9.9999821151e-04,2.7037624284e-01
95.750000,1.0005075278e-03,2.8244738059e-01
95.800000,9.9893469580e-04,2.7358199843e-01
95.850000,9.9876784760e-04,2.6277011233e-01
95.900000,9.9933676622e-04,2.6960662741e-01
95.950000,1.0018601676e-03,2.7861449421e-01
96.000000,9.9996748293e-04,2.7661360329e-01
96.050000,1.0002709240e-03,2.6965909530e-01
96.100000,1.0008213047e-03,2.7727047632e-01
96.150000,9.9875089890e-04,2.6696219811e-01
96.200000,9.9974020808e-04,2.7863483996e-01
96.250000,9.9940145351e-04,2.6899667871e-01
96.300000,9.9936491827e-04,2.7919117927e-01
96.350000,9.9950701012e-04,2.6617478184e-01
96.400000,1.0000800998e-03,2.7612917610e-01
96.450000,9.9955018914e-04,2.7379052177e-01
96.500000,9.9899299435e-04,2.7725931407e-01
96.550000,9.9949010065e-04,2.8226629981e-01
96.600000,9.9943368968e-04,2.7654593218e-01
96.650000,9.9967728657e-04,2.7038455771e-01
96.700000,9.9856301225e-04,2.7066754621e-01
96.750000,1.0003394364e-03,2.7097630973e-01
96.800000,9.9975837489e-04,2.7634269319e-01
96.850000,1.0008513617e-03,2.7390323163e-01
96.900000,1.0002683610e-03,2.7563470530e-01
96.950000,9.9925564130e-04,2.7301726430e-01
97.000000,9.9997933907e-04,2.7798699977e-01
97.050000,1.0023520088e-03,2.7837860650e-01
97.100000,1.0011400419e-03,2.7289405717e-01
97.150000,1.0009052150e-03,2.7476174564e-01
97.200000,9.9925383579e-04,2.6747328496e-01
97.250000,1.0005064751e-03,2.7468236826e-01
97.300000,1.0011609802e-03,2.6650511466e-01
97.350000,1.0009116363e-03,2.6990293223e-01
97.400000,1.0002392521e-03,2.7410763936e-01
97.450000,1.0010842867e-03,2.6966399611e-01
97.500000,9.9945258645e-04,2.6382544177e-01
97.550000,1.0004337103e-03,2.6187888640e-01
97.600000,1.0007239329e-03,2.7022523215e-01
97.650000,9.9915624149e-04,2.8150188589e-01
97.700000,1.0003171449e-03,2.7659733609e-01
97.750000,1.0006711804e-03,2.7668445933e-01
97.800000,1.0006015215e-03,2.8174567210e-01
97.850000,9.9933755737e-04,2.7694220556e-01
97.900000,1.0010635237e-03,2.6889753121e-01
97.950000,1.0003576063e-03,2.7272826403e-01
98.000000,9.9713961455e-04,2.7383368983e-01
98.050000,1.0018866736e-03,2.5946758298e-01
98.100000,9.9895539507e-04,2.6812262604e-01
98.150000,9.9688845520e-04,2.7385285438e-01
98.200000,9.9853439615e-04,2.6179557395e-01
98.250000,9.9958659097e-04,2.7360381000e-01
98.300000,9.9971615040e-04,2.7212430222e-01
98.350000,1.0004504937e-03,2.7068392101e-01
98.400000,1.0001272925e-03,2.7212990263e-01
98.450000,1.0015718620e-03,2.7405543489e-01
98.500000,9.9989084384e-04,2.7140572795e-01
98.550000,1.0008924258e-03,2.7968926456e-01
98.600000,1.0002637694e-03,2.7217002044e-01
98.650000,9.9844323077e-04,2.7524450353e-01
98.700000,9.9984107051e-04,2.7435644651e-01
98.750000,1.0004612894e-03,2.8205591126e-01
98.800000,1.0009993694e-03,2.8367020715e-01
98.850000,1.0018671332e-03,2.7810740402e-01
98.900000,9.9861473754e-04,2.7422151824e-01
98.950000,9.9827995024e-04,2.6863494101e-01
99.000000,1.0004449852e-03,2.6716799366e-01
99.050000,9.9919476715e-04,2.6538737928e-01
99.100000,1.0008631931e-03,2.7487214821e-01
99.150000,1.0002010931e-03,2.7336251688e-01
99.200000,9.9920315433e-04,2.7518354525e-01
99.250000,1.0003611642e-03,2.7296419605e-01
99.300000,9.9990763984e-04,2.7189166417e-01
99.350000,1.0001927264e-03,2.6919237483e-01
99.400000,9.9913643266e-04,2.6316361568e-01
99.450000,9.9954008867e-04,2.6927531717e-01
99.500000,1.0006450676e-03,2.7251356292e-01
99.550000,9.9976803930e-04,2.7572862113e-01
99.600000,9.9938289845e-04,2.7792486079e-01
99.650000,9.9884711157e-04,2.8217642779e-01
99.700000,9.9884190101e-04,2.7542312076e-01
99.750000,1.0014007433e-03,2.5535778143e-01
99.800000,1.0002186294e-03,2.6803523379e-01
99.850000,9.9829769346e-04,2.7305813320e-01
99.900000,9.9953661662e-04,2.8620751567e-01
99.950000,9.9884091428e-04,2.7156979319e-01
100.000000,1.0011321996e-03,2.7946465311e-01
100.050000,1.0020200850e-03,2.7112800070e-01
100.100000,9.9905454834e-04,2.6053715418e-01
100.150000,1.0003463121e-03,2.7692906620e-01
100.200000,1.0003328822e-03,2.6035510732e-01
100.250000,9.9997225863e-04,2.7524382682e-01
100.300000,9.9903087192e-04,2.7348461887e-01
100.350000,1.0008476697e-03,2.6382014431e-01
100.400000,9.9863221241e-04,2.7596190998e-01
100.450000,1.0001057746e-03,2.7413048300e-01
100.500000,9.9950864057e-04,2.7323946460e-01
100.550000,9.9904606235e-04,2.7044104989e-01
100.600000,1.0017762701e-03,2.7427370546e-01
100.650000,1.0003863731e-03,2.6969107920e-01
100.700000,9.9947343091e-04,2.6508439356e-01
100.750000,9.9989293671e-04,2.7598184062e-01
100.800000,9.9984823091e-04,2.7342433587e-01
100.850000,1.0000756929e-03,2.6429268310e-01
100.900000,9.9876721974e-04,2.7604856776e-01
100.950000,9.9929374726e-04,2.6390772368e-01
101.000000,1.0018218788e-03,2.6987789663e-01
101.050000,1.0000173729e-03,2.7616525432e-01
101.100000,9.9961165767e-04,2.7426630634e-01
101.150000,9.9899755759e-04,2.7140879536e-01
101.200000,9.9927311159e-04,2.7536046931e-01
101.250000,1.0005954374e-03,2.7376183537e-01
101.300000,9.9924041036e-04,2.6387957934e-01
101.350000,1.0002180893e-03,2.7080330081e-01
101.400000,9.9808200354e-04,2.7266289431e-01
101.450000,9.9988171723e-04,2.7472904092e-01
101.500000,1.0006189511e-03,2.7628277617e-01
101.550000,9.9951574759e-04,2.8146641881e-01
101.600000,9.9924023546e-04,2.7215152191e-01
101.650000,9.9916220429e-04,2.7951012723e-01
101.700000,1.0003913573e-03,2.7263578696e-01
101.750000,9.9978855230e-04,2.6773438493e-01
101.800000,1.0006783371e-03,2.8367611556e-01
101.850000,1.0008694084e-03,2.7084565942e-01
101.900000,9.9943709921e-04,2.6259271645e-01
101.950000,1.0008904906e-03,2.6417610248e-01
102.000000,1.0016289383e-03,2.6511727179e-01
102.050000,9.9992216906e-04,2.7116005146e-01
102.100000,9.9927031287e-04,2.6820041409e-01
102.150000,1.0005160082e-03,2.7498944864e-01
102.200000,1.0006879157e-03,2.6356685945e-01
102.250000,1.0010670149e-03,2.6496550944e-01
102.300000,1.0008808067e-03,2.7549970363e-01
102.350000,9.9838276350e-04,2.7772967773e-01
102.400000,1.0006369793e-03,2.7285746912e-01
102.450000,1.0001580981e-03,2.6440317964e-01
102.500000,9.9973436459e-04,2.7387640412e-01
102.550000,9.9779812923e-04,2.7395332500e-01
102.600000,9.9945330408e-04,2.7533700802e-01
102.650000,1.0006034194e-03,2.7833941271e-01
102.700000,9.9944906654e-04,2.8814273988e-01
102.750000,9.9998624095e-04,2.6750812751e-01
102.800000,9.9948601086e-04,2.5854919276e-01
102.850000,9.9965799577e-04,2.6954432771e-01
102.900000,9.9978620655e-04,2.6991178584e-01
102.950000,1.0009126709e-03,2.7728867920e-01
103.000000,1.0002708976e-03,2.6980175494e-01
103.050000,1.0003038966e-03,2.7353443183e-01
103.100000,1.0011460396e-03,2.7150755344e-01
103.150000,9.9968927690e-04,2.6522298144e-01
103.200000,1.0011338999e-03,2.8376982249e-01
103.250000,9.9905278709e-04,2.6788547459e-01
103.300000,1.0023037769e-03,2.7797344064e-01
103.350000,9.9892718066e-04,2.7320359325e-01
103.400000,1.0006008480e-03,2.6762321258e-01
103.450000,1.0011452005e-03,2.6431834106e-01
103.500000,1.0002065762e-03,2.7695040913e-01
103.550000,1.0020769858e-03,2.7117373595e-01
103.600000,9.9985518318e-04,2.6881229567e-01
103.650000,9.9942248543e-04,2.7514784192e-01
103.700000,9.9936680908e-04,2.7815178882e-01
103.750000,9.9855102832e-04,2.6411922633e-01
103.800000,9.9971669423e-04,2.7046363264e-01
103.850000,9.9971402171e-04,2.7972839139e-01
103.900000,1.0010593024e-03,2.7499195590e-01
103.950000,1.0001776293e-03,2.6205556797e-01
104.000000,9.9982631484e-04,2.6827618204e-01
104.050000,9.9973859183e-04,2.8328213264e-01
104.100000,9.9875936721e-04,2.6839821091e-01
104.150000,1.0005130131e-03,2.7609959777e-01
104.200000,9.9984299207e-04,2.7570170142e-01
104.250000,1.0000463557e-03,2.8022536659e-01
104.300000,1.0006310122e-03,2.7219223531e-01
104.350000,9.9935105544e-04,2.8148459657e-01
104.400000,1.0015734839e-03,2.8091882437e-01
104.450000,9.9970722594e-04,2.6806514174e-01
104.500000,9.9991611448e-04,2.7799501878e-01
104.550000,9.9992772657e-04,2.7350036254e-01
104.600000,9.9949525481e-04,2.7166436427e-01
104.650000,1.0003383477e-03,2.7156660870e-01
104.700000,9.9920814924e-04,2.7521244072e-01
104.750000,1.0021255103e-03,2.7131082932e-01
104.800000,9.9910211025e-04,2.8061946431e-01
104.850000,1.0014820610e-03,2.7459676219e-01
104.900000,9.9953526467e-04,2.7308971671e-01
104.950000,9.9903200313e-04,2.7198692964e-01
105.000000,9.9888978791e-04,2.7694693400e-01
105.050000,1.0009738310e-03,2.6352646351e-01
105.100000,9.9929541453e-04,2.7783611178e-01
105.150000,9.9988610492e-04,2.7515126500e-01
105.200000,9.9985765130e-04,2.7000331863e-01
105.250000,9.9934327407e-04,2.6734044018e-01
105.300000,1.0001671327e-03,2.7415148309e-01
105.350000,1.0004102525e-03,2.7791819433e-01
105.400000,1.0006603793e-03,2.7113570790e-01
105.450000,1.0010342972e-03,2.6918478539e-01
105.500000,1.0007769061e-03,2.8089970661e-01
105.550000,9.9911422620e-04,2.6991044839e-01
105.600000,9.9839722540e-04,2.7231571671e-01
105.650000,9.9928881214e-04,2.7003921861e-01
105.700000,1.0008194842e-03,2.6866576152e-01
105.750000,1.0013298216e-03,2.7379327060e-01
105.800000,1.0024949047e-03,2.7128083686e-01
105.850000,9.9891966978e-04,2.7327154390e-01
105.900000,1.0010411457e-03,2.7478397206e-01
105.950000,9.9993749824e-04,2.8435254999e-01
106.000000,1.0005782043e-03,2.7330547570e-01
106.050000,1.0002758116e-03,2.7669668625e-01
106.100000,9.9918703016e-04,2.7689356575e-01
106.150000,1.0004093416e-03,2.6922002715e-01
106.200000,1.0002320692e-03,2.6354969475e-01
106.250000,9.9923618775e-04,2.6902865585e-01
106.300000,1.0001059915e-03,2.6117995680e-01
106.350000,1.0007095685e-03,2.6855023188e-01
106.400000,1.0004255888e-03,2.6518280193e-01
106.450000,1.0006759303e-03,2.6894734148e-01
106.500000,9.9972357662e-04,2.6342360249e-01
106.550000,9.9884766296e-04,2.7406120998e-01
106.600000,1.0006235133e-03,2.7345353376e-01
106.650000,9.9993848115e-04,2.6930978927e-01
106.700000,1.0000300520e-03,2.6713166014e-01
106.750000,1.0007094978e-03,2.8340344867e-01
106.800000,9.9917649531e-04,2.7137453843e-01
106.850000,9.9970839916e-04,2.6488050926e-01
106.900000,1.0021637261e-03,2.6823897202e-01
106.950000,1.0007643607e-03,2.7975661953e-01
107.000000,1.0002932923e-03,2.7046823271e-01
107.050000,9.9902100383e-04,2.7594467096e-01
107.100000,9.9823009174e-04,2.7763088717e-01
107.150000,1.0014611580e-03,2.7150273648e-01
107.200000,9.9906528085e-04,2.7534750270e-01
107.250000,1.0004143686e-03,2.7473226791e-01
107.300000,1.0014989680e-03,2.8227431702e-01
107.350000,1.0011235912e-03,2.7971693322e-01
107.400000,9.9980092768e-04,2.6746193715e-01
107.450000,1.0012714448e-03,2.7484051119e-01
107.500000,1.0022506187e-03,2.6904629143e-01
107.550000,1.0003634759e-03,2.7625421602e-01
107.600000,9.9804717499e-04,2.6970798049e-01
107.650000,1.0013623858e-03,2.6791644900e-01
107.700000,1.0007074716e-03,2.6708020295e-01
107.750000,1.0002829391e-03,2.6555029526e-01
107.800000,9.9862141543e-04,2.6857949944e-01
107.850000,1.0005354230e-03,2.7009843124e-01
107.900000,1.0004423056e-03,2.6587449383e-01
107.950000,9.9911236431e-04,2.8136631780e-01
108.000000,1.0014900216e-03,2.7167279122e-01
108.050000,9.9820423697e-04,2.7454595262e-01
108.100000,1.0007117306e-03,2.8136306579e-01
108.150000,9.9914397452e-04,2.6660025822e-01
108.200000,1.0005635602e-03,2.6899335533e-01
108.250000,9.9985181827e-04,2.7511236165e-01
108.300000,9.9825425647e-04,2.7334081694e-01
108.350000,9.9843897099e-04,2.6658161813e-01
108.400000,1.0012971520e-03,2.6675048923e-01
108.450000,9.9984856309e-04,2.7613719122e-01
108.500000,9.9890986225e-04,2.7271001500e-01
108.550000,9.9916134457e-04,2.7197924689e-01
108.600000,1.0004891572e-03,2.7310025681e-01
108.650000,9.9976202306e-04,2.7731134869e-01
108.700000,9.9901559989e-04,2.7065314332e-01
108.750000,9.9949059665e-04,2.7714076448e-01
108.800000,1.0015974211e-03,2.6963496719e-01
108.850000,1.0017371839e-03,2.7977725819e-01
108.900000,1.0002094122e-03,2.6396933096e-01
108.950000,9.9912261057e-04,2.7680521825e-01
109.000000,1.0005064438e-03,2.7955650283e-01
109.050000,9.9895227352e-04,2.7618396473e-01
109.100000,9.9851369561e-04,2.7638270103e-01
109.150000,1.0000837592e-03,2.7493404371e-01
109.200000,9.9967360789e-04,2.6569463814e-01
109.250000,9.9854645079e-04,2.6760178664e-01
109.300000,1.0003917037e-03,2.7101886135e-01
109.350000,9.9960164122e-04,2.6285772608e-01
109.400000,9.9791516400e-04,2.6581519779e-01
109.450000,1.0004187860e-03,2.6899055199e-01
109.500000,9.9882220425e-04,2.7496170408e-01
109.550000,9.9867119946e-04,2.6532052427e-01
109.600000,9.9927261996e-04,2.7582902755e-01
109.650000,9.9884438693e-04,2.7708290915e-01
109.700000,9.9974729397e-04,2.7032731315e-01
109.750000,1.0001408480e-03,2.7520211356e-01
109.800000,1.0008165137e-03,2.8275414508e-01
109.850000,9.9944962720e-04,2.7668604950e-01
109.900000,9.9912897288e-04,2.7318546733e-01
109.950000,1.0013618385e-03,2.6629142978e-01
110.000000,9.9867160482e-04,2.7345024205e-01
110.050000,1.0012768581e-03,2.7119986285e-01
110.100000,1.0020498319e-03,2.6915025149e-01
110.150000,1.0009526622e-03,2.7555336811e-01
110.200000,1.0022686513e-03,2.7077069865e-01
110.250000,1.0000529474e-03,2.6619399418e-01
110.300000,9.9841160726e-04,2.6576740237e-01
110.350000,1.0009166558e-03,2.7146777095e-01
110.400000,9.9886884300e-04,2.6442565796e-01
110.450000,1.0004615337e-03,2.7569402410e-01
110.500000,1.0004793992e-03,2.8602527930e-01
110.550000,9.9931642647e-04,2.6884964762e-01
110.600000,1.0003560561e-03,2.7101074682e-01
110.650000,9.9964966899e-04,2.6519369143e-01
110.700000,1.0009717905e-03,2.7465512969e-01
110.750000,9.9938487672e-04,2.7642600361e-01
110.800000,1.0001093718e-03,2.7050219198e-01
110.850000,1.0008635432e-03,2.7564168843e-01
110.900000,1.0008065099e-03,2.8275169331e-01
110.950000,1.0006239974e-03,2.6899254624e-01
111.000000,1.0009947249e-03,2.7736768222e-01
111.050000,1.0001876658e-03,2.8700096943e-01
111.100000,1.0015473637e-03,2.7378758621e-01
111.150000,1.0018393357e-03,2.7282750520e-01
111.200000,9.9884495911e-04,2.7053143923e-01
111.250000,1.0016027555e-03,2.6176099501e-01
111.300000,9.9959223836e-04,2.7776615211e-01
111.350000,1.0001707536e-03,2.6302657547e-01
111.400000,1.0022132155e-03,2.7863825101e-01
111.450000,1.0001002529e-03,2.7794747301e-01
111.500000,9.9941144252e-04,2.7454665274e-01
111.550000,9.9819413342e-04,2.8489706183e-01
111.600000,9.9922412149e-04,2.6427622147e-01
111.650000,1.0013042931e-03,2.7512428928e-01
111.700000,1.0004032762e-03,2.8312033375e-01
111.750000,9.9967435413e-04,2.7484328143e-01
111.800000,1.0004346497e-03,2.6800325415e-01
111.850000,9.9972028809e-04,2.7162343859e-01
111.900000,9.9904660639e-04,2.7309528191e-01
111.950000,1.0014859498e-03,2.6255025024e-01
112.000000,9.9942084052e-04,2.7203299890e-01
112.050000,9.9944255868e-04,2.6795430443e-01
112.100000,9.9923377497e-04,2.7061330795e-01
112.150000,1.0001390053e-03,2.6938946358e-01
112.200000,9.9922210019e-04,2.7285654805e-01
112.250000,9.9920380844e-04,2.8727451068e-01
112.300000,9.9979880760e-04,2.8082230539e-01
112.350000,9.9912829125e-04,2.7399749667e-01
112.400000,1.0013067395e-03,2.6809768006e-01
112.450000,1.0002355484e-03,2.8165119538e-01
112.500000,1.0004446736e-03,2.7904754403e-01
112.550000,1.0006368010e-03,2.6582016627e-01
112.600000,1.0003903908e-03,2.7785663646e-01
112.650000,9.9912816336e-04,2.7069388035e-01
112.700000,1.0005573907e-03,2.7837804513e-01
112.750000,9.9953490425e-04,2.7697269970e-01
112.800000,9.9822944628e-04,2.7048895896e-01
112.850000,9.9947261429e-04,2.6987838886e-01
112.900000,1.0002379904e-03,2.8171088189e-01
112.950000,1.0006103817e-03,2.6944823934e-01
113.000000,9.9858249024e-04,2.7330549858e-01
113.050000,9.9972188797e-04,2.8207948411e-01
113.100000,1.0004454391e-03,2.8272557124e-01
113.150000,1.0019025227e-03,2.7341794082e-01
113.200000,1.0002275071e-03,2.7072149063e-01
113.250000,9.9955650728e-04,2.6793904564e-01
113.300000,9.9969221693e-04,2.7432461545e-01
113.350000,9.9899655003e-04,2.6658629557e-01
113.400000,1.0002626839e-03,2.8057220310e-01
113.450000,9.9872171558e-04,2.6401876826e-01
113.500000,9.9878539656e-04,2.6680085251e-01
113.550000,9.9994243848e-04,2.7054137036e-01
113.600000,9.9919974808e-04,2.7356242234e-01
113.650000,1.0001978652e-03,2.7301422592e-01
113.700000,9.9921943435e-04,2.7943724544e-01
113.750000,9.9885081195e-04,2.7728964289e-01
113.800000,1.0000095167e-03,2.7026393479e-01
113.850000,1.0015708902e-03,2.7101348002e-01
113.900000,9.9956982079e-04,2.6860758491e-01
113.950000,1.0004225600e-03,2.7934082228e-01
114.000000,9.9996723445e-04,2.5879205219e-01
114.050000,9.9994767254e-04,2.5963293735e-01
114.100000,9.9946439647e-04,2.7850298483e-01
114.150000,1.0000584835e-03,2.6712885074e-01
114.200000,1.0013782849e-03,2.8081231725e-01
114.250000,9.9845299716e-04,2.7241650321e-01
114.300000,1.0001863738e-03,2.6800433319e-01
114.350000,9.9819033210e-04,2.7224254999e-01
114.400000,9.9885633227e-04,2.7854431471e-01
114.450000,1.0003625965e-03,2.6704307544e-01
114.500000,9.9902098937e-04,2.7105469883e-01
114.550000,9.9988284533e-04,2.8003152751e-01
114.600000,1.0009350421e-03,2.7241742559e-01
114.650000,9.9933176432e-04,2.6941043305e-01
114.700000,9.9963339461e-04,2.7324593199e-01
114.750000,1.0000531177e-03,2.7846039675e-01
114.800000,1.0002217177e-03,2.8235552296e-01
114.850000,1.0005336082e-03,2.6675911121e-01
114.900000,9.9998280581e-04,2.6803592128e-01
114.950000,9.9917801743e-04,2.7025533526e-01
115.000000,9.9984195335e-04,2.7088791595e-01
115.050000,9.9778107101e-04,2.7871646912e-01
115.100000,1.0003569752e-03,2.7536522524e-01
115.150000,1.0005522110e-03,2.6661910767e-01
115.200000,9.9897524972e-04,2.6425787843e-01
115.250000,9.9997483472e-04,2.6821059573e-01
115.300000,9.9972321195e-04,2.8572988537e-01
115.350000,1.0000537534e-03,2.8257608329e-01
115.400000,9.9951644727e-04,2.6446900634e-01
115.450000,9.9874831379e-04,2.7316351062e-01
115.500000,1.0002786555e-03,2.7041357900e-01
115.550000,1.0008219877e-03,2.7784038714e-01
115.600000,1.0004991581e-03,2.7100791600e-01
115.650000,1.0013221166e-03,2.6165102267e-01
115.700000,1.0015925768e-03,2.8442551528e-01
115.750000,1.0024635435e-03,2.7374192339e-01
115.800000,1.0003917406e-03,2.8219747142e-01
115.850000,1.0010496801e-03,2.7111456633e-01
115.900000,9.9947932907e-04,2.7822426736e-01
115.950000,1.0007704524e-03,2.6588554420e-01
116.000000,1.0006175260e-03,2.6390315181e-01
116.050000,9.9829430185e-04,2.6535883039e-01
116.100000,1.0007754014e-03,2.7479458076e-01
116.150000,1.0021446023e-03,2.7986467843e-01
116.200000,9.9889266821e-04,2.8364859780e-01
116.250000,1.0004538079e-03,2.8075237811e-01
116.300000,9.9824706805e-04,2.6647683650e-01
116.350000,9.9917902134e-04,2.7049014605e-01
116.400000,1.0007583600e-03,2.6598130770e-01
116.450000,9.9994130835e-04,2.7418981054e-01
116.500000,9.9934831102e-04,2.7332631814e-01
116.550000,9.9794721443e-04,2.7456889598e-01
116.600000,1.0022645915e-03,2.7220676432e-01
116.650000,1.0027172910e-03,2.7175482261e-01
116.700000,1.0002310245e-03,2.6904730695e-01
116.750000,1.0011687612e-03,2.7784435595e-01
116.800000,9.9906443158e-04,2.6042719538e-01
116.850000,9.9978398139e-04,2.6744089907e-01
116.900000,9.9987985812e-04,2.7858406143e-01
116.950000,1.0003849859e-03,2.8885332965e-01
117.000000,1.0001766077e-03,2.7923203278e-01
117.050000,9.9963919084e-04,2.7317426677e-01
117.100000,1.0019450057e-03,2.7980125427e-01
117.150000,1.0014072413e-03,2.6884817367e-01
117.200000,9.9847917767e-04,2.6847528970e-01
117.250000,1.0001335664e-03,2.6610617659e-01
117.300000,9.9952986234e-04,2.7949192717e-01
117.350000,1.0005558886e-03,2.7755819049e-01
117.400000,9.9933213080e-04,2.6672609193e-01
117.450000,1.0002617071e-03,2.6773024940e-01
117.500000,9.9949338173e-04,2.7441751889e-01
117.550000,1.0000349098e-03,2.8338313027e-01
117.600000,1.0007009878e-03,2.7361560294e-01
117.650000,9.9853662934e-04,2.7160495814e-01
117.700000,1.0005020344e-03,2.6836922512e-01
117.750000,1.0008847745e-03,2.7046190290e-01
117.800000,1.0010693811e-03,2.6907072417e-01
117.850000,9.9940814246e-04,2.6999498081e-01
117.900000,9.9845486192e-04,2.6229819280e-01
117.950000,1.0002392663e-03,2.8123984827e-01
118.000000,1.0003162957e-03,2.7253735561e-01
118.050000,1.0002626882e-03,2.7624958957e-01
118.100000,1.0001823123e-03,2.7636305329e-01
118.150000,1.0005783725e-03,2.5692046751e-01
118.200000,1.0006916594e-03,2.7045258504e-01
118.250000,9.9970876361e-04,2.6986918638e-01
118.300000,9.9898383024e-04,2.6628010366e-01
118.350000,1.0006587101e-03,2.7665713627e-01
118.400000,1.0000223343e-03,2.7079128825e-01
118.450000,1.0006430360e-03,2.6415869417e-01
118.500000,1.0005801190e-03,2.7245857431e-01
118.550000,1.0003981738e-03,2.7515298565e-01
118.600000,1.0006001395e-03,2.7180450337e-01
118.650000,9.9915151597e-04,2.7279609167e-01
118.700000,1.0001388444e-03,2.7715078867e-01
118.750000,9.9966514875e-04,2.6772205103e-01
118.800000,9.9887884491e-04,2.7661762399e-01
118.850000,9.9887989580e-04,2.8147529138e-01
118.900000,1.0006272109e-03,2.6975442898e-01
118.950000,9.9989030260e-04,2.7018633597e-01
119.000000,9.9881083946e-04,2.7307990113e-01
119.050000,1.0006557827e-03,2.7005906699e-01
119.100000,9.9970237385e-04,2.7738546379e-01
119.150000,9.9989910193e-04,2.6354879927e-01
119.200000,9.9892960605e-04,2.7751260875e-01
119.250000,1.0009502519e-03,2.7635597346e-01
119.300000,1.0003598166e-03,2.7470542561e-01
119.350000,9.9972080048e-04,2.6898093485e-01
119.400000,1.0006898239e-03,2.7394042793e-01
119.450000,9.9892085211e-04,2.6336925969e-01
119.500000,9.9872595358e-04,2.7074549345e-01
119.550000,9.9979318141e-04,2.7085179633e-01
119.600000,1.0001851588e-03,2.8012636244e-01
119.650000,9.9876176014e-04,2.8498472405e-01
119.700000,1.0004364813e-03,2.6789348326e-01
119.750000,1.0012509916e-03,2.8337263850e-01
119.800000,1.0003487218e-03,2.7707281851e-01
119.850000,1.0003396431e-03,2.7686631418e-01
119.900000,9.9893687481e-04,2.8025297430e-01
119.950000,9.9967209162e-04,2.7564107991e-01
120.000000,1.0007941941e-03,2.7479300731e-01
120.050000,1.0005293853e-03,2.6491107007e-01
120.100000,1.0008228387e-03,2.6817688957e-01
120.150000,1.0003042949e-03,2.7339942822e-01
120.200000,1.0024909544e-03,2.6046261227e-01
120.250000,9.9899751827e-04,2.6603455506e-01
120.300000,9.9907183341e-04,2.7186889146e-01
120.350000,1.0010547726e-03,2.6433046041e-01
120.400000,9.9990199900e-04,2.7896022224e-01
120.450000,9.9967894760e-04,2.6963331172e-01
120.500000,9.9997082741e-04,2.6693893113e-01
120.550000,1.0000814679e-03,2.8148850002e-01
120.600000,9.9984616086e-04,2.6728844676e-01
120.650000,1.0020535304e-03,2.7798539414e-01
120.700000,1.0013407173e-03,2.7292405428e-01
120.750000,1.0000623324e-03,2.7246816507e-01
120.800000,9.9953071992e-04,2.7310350727e-01
120.850000,1.0005304077e-03,2.6665840304e-01
120.900000,9.9923889192e-04,2.7883814666e-01
120.950000,9.9777133067e-04,2.6668144918e-01
121.000000,9.9906500435e-04,2.7570214086e-01
121.050000,1.0019784827e-03,2.7281608445e-01
121.100000,1.0017476853e-03,2.7303896226e-01
121.150000,9.9814490319e-04,2.8102753416e-01
121.200000,1.0000895948e-03,2.7591412670e-01
121.250000,9.9974563881e-04,2.7244638930e-01
121.300000,1.0016150861e-03,2.7756679051e-01
121.350000,9.9920436510e-04,2.7595286830e-01
121.400000,1.0010788741e-03,2.6481178515e-01
121.450000,9.9920936677e-04,2.8129588251e-01
121.500000,9.9963335914e-04,2.6070875087e-01
121.550000,1.0010365848e-03,2.7811160253e-01
121.600000,9.9959902787e-04,2.7546089658e-01
121.650000,9.9919090049e-04,2.7130210900e-01
121.700000,1.0018974051e-03,2.7890735655e-01
121.750000,9.9974748522e-04,2.6452941195e-01
121.800000,9.9985499869e-04,2.7440608482e-01
121.850000,1.0011848685e-03,2.7942243443e-01
121.900000,1.0019854591e-03,2.8058075101e-01
121.950000,9.9892156245e-04,2.7884510364e-01
122.000000,1.0007825697e-03,2.8008510917e-01
122.050000,9.9973750653e-04,2.7154530493e-01
122.100000,9.9996422922e-04,2.7000674960e-01
122.150000,1.0005383998e-03,2.6981422593e-01
122.200000,1.0010918664e-03,2.7343060346e-01
122.250000,9.9962971839e-04,2.8123870685e-01
122.300000,9.9804083358e-04,2.6648138020e-01
122.350000,9.9964498409e-04,2.7599390370e-01
122.400000,9.9925266588e-04,2.6750357453e-01
122.450000,1.0004656623e-03,2.7444822278e-01
122.500000,9.9907638156e-04,2.8376392879e-01
122.550000,1.0003954694e-03,2.6213759428e-01
122.600000,1.0014247137e-03,2.7840098228e-01
122.650000,9.9974379253e-04,2.7463399845e-01
122.700000,9.9922130383e-04,2.7530370588e-01
122.750000,9.9947567612e-04,2.7176542818e-01
122.800000,9.9942940560e-04,2.6594811267e-01
122.850000,9.9823754556e-04,2.8579026966e-01
122.900000,1.0008304111e-03,2.7233723935e-01
122.950000,9.9945675620e-04,2.7077782576e-01
123.000000,1.0003633773e-03,2.6663142396e-01
123.050000,1.0000962598e-03,2.7158908135e-01
123.100000,9.9978037205e-04,2.7027157009e-01
123.150000,1.0012931477e-03,2.6550704454e-01
123.200000,1.0003156092e-03,2.7170573691e-01
123.250000,1.0003052671e-03,2.6944180226e-01
123.300000,1.0017947708e-03,2.6855223720e-01
123.350000,1.0013334355e-03,2.7885455362e-01
123.400000,1.0004470584e-03,2.6424040634e-01
123.450000,9.9951546070e-04,2.7490912578e-01
123.500000,1.0002284409e-03,2.7035009713e-01
123.550000,9.9927024039e-04,2.7049658204e-01
123.600000,9.9919773598e-04,2.7071031824e-01
123.650000,1.0000986884e-03,2.7600678635e-01
123.700000,9.9946746937e-04,2.6568307822e-01
123.750000,1.0002724954e-03,2.7179544565e-01
123.800000,9.9987566588e-04,2.5866875779e-01
123.850000,9.9934314837e-04,2.6667953227e-01
123.900000,9.9925698835e-04,2.7199742438e-01
123.950000,1.0002392108e-03,2.7435169516e-01
124.000000,9.9993052843e-04,2.7126317676e-01
124.050000,1.0002130377e-03,2.7537094082e-01
124.100000,1.0002673547e-03,2.6364196802e-01
124.150000,9.9899307985e-04,2.6692098274e-01
124.200000,1.0018986279e-03,2.7455276550e-01
124.250000,9.9898541937e-04,2.7230123973e-01
124.300000,1.0005149210e-03,2.7394286778e-01
124.350000,9.9879167831e-04,2.7218844825e-01
124.400000,9.9814459208e-04,2.7042050263e-01
124.450000,1.0004758433e-03,2.7409902596e-01
124.500000,9.9905767560e-04,2.6763311728e-01
124.550000,1.0000960372e-03,2.7006188474e-01
124.600000,9.9969543211e-04,2.7137894456e-01
124.650000,1.0004576637e-03,2.7776914771e-01
124.700000,9.9974346380e-04,2.7438936483e-01
124.750000,9.9996645568e-04,2.7166539850e-01
124.800000,9.9942346527e-04,2.6876165681e-01
124.850000,1.0003127543e-03,2.8720724826e-01
124.900000,1.0003308927e-03,2.7327667735e-01
124.950000,9.9978264332e-04,2.7064413117e-01
125.000000,1.0005022488e-03,2.8148429471e-01
125.050000,9.9947274936e-04,2.6223706199e-01
125.100000,9.9987530771e-04,2.7434427431e-01
125.150000,1.0010571775e-03,2.8206144967e-01
125.200000,1.0000814981e-03,2.8629490079e-01
125.250000,1.0013354455e-03,2.6459853439e-01
125.300000,1.0016986351e-03,2.7228074938e-01
125.350000,1.0006492442e-03,2.6232180451e-01
125.400000,1.0024074120e-03,2.7245385129e-01
125.450000,9.9964989680e-04,2.7381430339e-01
125.500000,1.0016291869e-03,2.6583445741e-01
125.550000,1.0009188251e-03,2.7844528510e-01
125.600000,1.0011606210e-03,2.7099586009e-01
125.650000,1.0002629406e-03,2.7597029007e-01
125.700000,9.9992347284e-04,2.6334299549e-01
125.750000,1.0008032039e-03,2.6593570538e-01
125.800000,1.0010661611e-03,2.7307245480e-01
125.850000,9.9924082072e-04,2.7077987085e-01
125.900000,1.0001383044e-03,2.7107470437e-01
125.950000,9.9865526651e-04,2.7488779463e-01
126.000000,9.9998659694e-04,2.6994276005e-01
126.050000,9.9983448271e-04,2.7102012293e-01
126.100000,9.9927517410e-04,2.6092293969e-01
126.150000,9.9867955235e-04,2.6152710058e-01
126.200000,1.0004283417e-03,2.6993728281e-01
126.250000,9.9942410540e-04,2.6486114425e-01
126.300000,9.9903925537e-04,2.7805400605e-01
126.350000,1.0002681568e-03,2.7249639864e-01
126.400000,1.0004635825e-03,2.7072629527e-01
126.450000,9.9969695435e-04,2.7164795812e-01
126.500000,9.9940597348e-04,2.6625772153e-01
126.550000,1.0006692792e-03,2.7829129114e-01
126.600000,9.9915620002e-04,2.7038566511e-01
126.650000,9.9829376033e-04,2.7539503262e-01
126.700000,1.0001053691e-03,2.6155078740e-01
126.750000,9.9959181232e-04,2.7100457865e-01
126.800000,9.9974578643e-04,2.6277809628e-01
126.850000,1.0004692236e-03,2.7274596401e-01
126.900000,1.0024625700e-03,2.7458577286e-01
126.950000,9.9889513153e-04,2.7082822239e-01
127.000000,1.0005391548e-03,2.6389427519e-01
127.050000,9.9939150145e-04,2.6786274468e-01
127.100000,9.9905762337e-04,2.7410424191e-01
127.150000,9.9892223190e-04,2.7453810673e-01
127.200000,9.9896179476e-04,2.7567753176e-01
127.250000,9.9985102549e-04,2.7567745418e-01
127.300000,1.0011675113e-03,2.7973329529e-01
127.350000,1.0004893377e-03,2.7925066316e-01
127.400000,9.9970222897e-04,2.7187675301e-01
127.450000,1.0010033663e-03,2.6874199649e-01
127.500000,9.9956587708e-04,2.6879506587e-01
127.550000,1.0011294340e-03,2.6838546624e-01
127.600000,9.9816592422e-04,2.7009808772e-01
127.650000,9.9918131713e-04,2.7061205679e-01
127.700000,1.0001253893e-03,2.7641711420e-01
127.750000,1.0007087154e-03,2.6932544048e-01
127.800000,1.0012787735e-03,2.7905195765e-01
127.850000,1.0008346352e-03,2.7792739339e-01
127.900000,1.0005864352e-03,2.7686706479e-01
127.950000,1.0012625293e-03,2.7178622867e-01
128.000000,9.9942001754e-04,2.7102300591e-01
128.050000,1.0017101770e-03,2.7401439239e-01
128.100000,1.0009155693e-03,2.6611380000e-01
128.150000,1.0010760382e-03,2.7727910842e-01
128.200000,1.0004673325e-03,2.7489589105e-01
128.250000,9.9842521544e-04,2.6838257601e-01
128.300000,9.9837193740e-04,2.7150035426e-01
128.350000,9.9854783532e-04,2.7683477184e-01
128.400000,1.0011895169e-03,2.7149981988e-01
128.450000,9.9937609973e-04,2.6936611091e-01
128.500000,9.9902834796e-04,2.7783999203e-01
128.550000,9.9848751359e-04,2.8230861161e-01
128.600000,1.0002593597e-03,2.7408199110e-01
128.650000,1.0011485984e-03,2.6371237994e-01
128.700000,1.0007608332e-03,2.7296609531e-01
128.750000,9.9979567000e-04,2.6349977581e-01
128.800000,1.0004486972e-03,2.7244426865e-01
128.850000,1.0002254514e-03,2.6487594832e-01
128.900000,9.9892336229e-04,2.7252114594e-01
128.950000,9.9888577712e-04,2.6953017594e-01
129.000000,9.9937220198e-04,2.7078231173e-01
129.050000,1.0007248883e-03,2.7148590999e-01
129.100000,9.9873647856e-04,2.7967575936e-01
129.150000,9.9876516100e-04,2.7127556669e-01
129.200000,1.0004282640e-03,2.7520871426e-01
129.250000,1.0006314563e-03,2.6517099466e-01
129.300000,1.0003163029e-03,2.6486920056e-01
129.350000,9.9922213570e-04,2.6621227108e-01
129.400000,9.9961691487e-04,2.7107741660e-01
129.450000,1.0010611148e-03,2.6180608227e-01
129.500000,1.0017590235e-03,2.8600676722e-01
129.550000,1.0002901247e-03,2.7252215680e-01
129.600000,1.0002708569e-03,2.6412374301e-01
129.650000,9.9998008907e-04,2.6738517546e-01
129.700000,1.0003819278e-03,2.7355246889e-01
129.750000,9.9896972189e-04,2.7271754383e-01
129.800000,1.0014472945e-03,2.6732000282e-01
129.850000,1.0006966701e-03,2.6936654813e-01
129.900000,1.0002741591e-03,2.7502267465e-01
129.950000,1.0003365996e-03,2.7078938525e-01
130.000000,1.0005122465e-03,2.7356554818e-01
130.050000,1.0004807538e-03,2.8179108197e-01
130.100000,1.0004745659e-03,2.7698852005e-01
130.150000,1.0000897408e-03,2.6324454944e-01
130.200000,1.0009613866e-03,2.7512994524e-01
130.250000,1.0004742879e-03,2.7227564322e-01
130.300000,9.9810687465e-04,2.6416272270e-01
130.350000,1.0022013480e-03,2.8332867681e-01
130.400000,9.9954217975e-04,2.7257009594e-01
130.450000,1.0012514800e-03,2.6987457987e-01
130.500000,1.0010869460e-03,2.6870900144e-01
130.550000,9.9951281728e-04,2.7869848945e-01
130.600000,1.0001168538e-03,2.6741369248e-01
130.650000,9.9947697209e-04,2.7001842584e-01
130.700000,1.0000943525e-03,2.6540787322e-01
130.750000,9.9948605791e-04,2.7525798575e-01
130.800000,1.0009693963e-03,2.7868982508e-01
130.850000,9.9972227274e-04,2.7020525107e-01
130.900000,1.0014563832e-03,2.5981640397e-01
130.950000,9.9928256532e-04,2.7997129356e-01
131.000000,9.9923016893e-04,2.7196884837e-01
131.050000,9.9971007983e-04,2.6949922830e-01
131.100000,1.0003088352e-03,2.7107950303e-01
131.150000,9.9948035630e-04,2.7014860442e-01
131.200000,1.0005856046e-03,2.7757607652e-01
131.250000,1.0004983784e-03,2.6759546385e-01
131.300000,1.0009617610e-03,2.5970192327e-01
131.350000,1.0012064585e-03,2.8081220283e-01
131.400000,9.9785982605e-04,2.7202564604e-01
131.450000,9.9916913289e-04,2.6907647820e-01
131.500000,1.0014393708e-03,2.6525362283e-01
131.550000,9.9957007738e-04,2.8395012490e-01
131.600000,9.9992280411e-04,2.7438274267e-01
131.650000,9.9926547441e-04,2.6740272275e-01
131.700000,1.0004483685e-03,2.6725308053e-01
131.750000,1.0008995679e-03,2.7337200959e-01
131.800000,1.0014481636e-03,2.6338822911e-01
131.850000,1.0007494063e-03,2.6580642554e-01
131.900000,1.0005738416e-03,2.6883309697e-01
131.950000,9.9866071008e-04,2.6540834845e-01
132.000000,9.9967657235e-04,2.7515277117e-01
132.050000,1.0011390889e-03,2.7932305155e-01
132.100000,9.9877968597e-04,2.6764031702e-01
132.150000,9.9845704638e-04,2.7515261842e-01
132.200000,1.0013421304e-03,2.6575822439e-01
132.250000,9.9775383142e-04,2.6231942521e-01
132.300000,1.0009298163e-03,2.7906561509e-01
132.350000,1.0011740050e-03,2.8240919659e-01
132.400000,9.9970853765e-04,2.7587753965e-01
132.450000,1.0001119319e-03,2.7371676992e-01
132.500000,1.0014414845e-03,2.8310300148e-01
132.550000,9.9892008908e-04,2.7168056153e-01
132.600000,1.0009361553e-03,2.6750388470e-01
132.650000,9.9902836355e-04,2.7508906797e-01
132.700000,9.9953240183e-04,2.7442347962e-01
132.750000,1.0002281923e-03,2.7266083424e-01
132.800000,1.0005726764e-03,2.7729617288e-01
132.850000,1.0001090099e-03,2.7160647779e-01
132.900000,9.9952249384e-04,2.7559329744e-01
132.950000,9.9896576752e-04,2.7615196177e-01
133.000000,9.9973437254e-04,2.7214560261e-01
133.050000,1.0008335679e-03,2.7763772303e-01
133.100000,9.9964816047e-04,2.7796149985e-01
133.150000,1.0000467661e-03,2.7185042808e-01
133.200000,9.9988946017e-04,2.7202607201e-01
133.250000,9.9939822714e-04,2.6724687546e-01
133.300000,1.0010095111e-03,2.7336699579e-01
133.350000,9.9953453826e-04,2.8050208126e-01
133.400000,9.9769781192e-04,2.7669029324e-01
133.450000,1.0002204098e-03,2.6649804343e-01
133.500000,9.9932248350e-04,2.7447993462e-01
133.550000,1.0001878000e-03,2.6279736802e-01
133.600000,1.0004017486e-03,2.7045371060e-01
133.650000,1.0012300547e-03,2.7100330820e-01
133.700000,9.9935020441e-04,2.6674572474e-01
133.750000,1.0003345916e-03,2.6529223384e-01
133.800000,1.0004577709e-03,2.7961531521e-01
133.850000,9.9836295954e-04,2.6685751648e-01
133.900000,1.0016949985e-03,2.6506267191e-01
133.950000,9.9882432169e-04,2.7296371640e-01
134.000000,1.0005170329e-03,2.7758031566e-01
134.050000,1.0008105149e-03,2.6517423535e-01
134.100000,1.0016010226e-03,2.6297269343e-01
134.150000,9.9898200536e-04,2.8012359605e-01
134.200000,1.0007968625e-03,2.7729892597e-01
134.250000,9.9981156627e-04,2.7210986663e-01
134.300000,1.0007945775e-03,2.7304404706e-01
134.350000,1.0002322459e-03,2.7135856507e-01
134.400000,9.9842058136e-04,2.7269431710e-01
134.450000,1.0016265498e-03,2.7866161533e-01
134.500000,9.9915354554e-04,2.6820836095e-01
134.550000,1.0012914233e-03,2.7234366258e-01
134.600000,9.9986566622e-04,2.7627074195e-01
134.650000,9.9981377511e-04,2.7213102488e-01
134.700000,9.9810054240e-04,2.7473867420e-01
134.750000,9.9982437386e-04,2.7033192770e-01
134.800000,1.0001855241e-03,2.7335152389e-01
134.850000,9.9843850308e-04,2.7400277787e-01
134.900000,9.9822656885e-04,2.6367617762e-01
134.950000,9.9925294973e-04,2.6427319616e-01
135.000000,1.0005008251e-03,2.7510570266e-01
135.050000,1.0000318797e-03,2.7696879077e-01
135.100000,9.9997437742e-04,2.7336566405e-01
135.150000,1.0001146454e-03,2.6907248259e-01
135.200000,9.9997279971e-04,2.8058673619e-01
135.250000,9.9960080383e-04,2.7235321284e-01
135.300000,9.9974064912e-04,2.7087628068e-01
135.350000,9.9897495684e-04,2.6512934101e-01
135.400000,9.9953914982e-04,2.7121077256e-01
135.450000,1.0001304764e-03,2.6853282248e-01
135.500000,1.0002615160e-03,2.7048115295e-01
135.550000,1.0004417885e-03,2.7457761475e-01
135.600000,1.0017713233e-03,2.7519023176e-01
135.650000,1.0008007240e-03,2.7388541657e-01
135.700000,1.0022967561e-03,2.6928443405e-01
135.750000,1.0014058334e-03,2.7925052457e-01
135.800000,1.0002833486e-03,2.7048277705e-01
135.850000,9.9969118125e-04,2.7613972279e-01
135.900000,9.9919023623e-04,2.6816085852e-01
135.950000,9.9908372458e-04,2.8512822562e-01
136.000000,1.0003188242e-03,2.7466738220e-01
136.050000,9.9984860861e-04,2.7475882092e-01
136.100000,1.0018310136e-03,2.6751849417e-01
136.150000,1.0014840590e-03,2.7032627263e-01
136.200000,9.9930303037e-04,2.7766574768e-01
136.250000,9.9857654991e-04,2.7249858057e-01
136.300000,9.9892354897e-04,2.7396082546e-01
136.350000,1.0011584721e-03,2.7121295948e-01
136.400000,9.9937069295e-04,2.7476330562e-01
136.450000,1.0015840452e-03,2.7054808527e-01
136.500000,9.9851161296e-04,2.7472773441e-01
136.550000,9.9907981839e-04,2.7710478465e-01
136.600000,1.0011361246e-03,2.6800365453e-01
136.650000,1.0006966922e-03,2.7464620660e-01
136.700000,1.0001453448e-03,2.6526017613e-01
136.750000,9.9768180349e-04,2.7336608654e-01
136.800000,9.9832487922e-04,2.7396900524e-01
136.850000,1.0012970890e-03,2.6983607032e-01
136.900000,1.0015061843e-03,2.7069919286e-01
136.950000,1.0010315786e-03,2.7396384150e-01
137.000000,1.0011345960e-03,2.7612280526e-01
137.050000,9.9983085269e-04,2.7678477426e-01
137.100000,1.0004041282e-03,2.6647709267e-01
137.150000,9.9995673936e-04,2.6854843513e-01
137.200000,9.9938649736e-04,2.7278655568e-01
137.250000,1.0023721899e-03,2.6798744071e-01
137.300000,1.0000318531e-03,2.8433229991e-01
137.350000,9.9848304352e-04,2.6156243694e-01
137.400000,1.0014559585e-03,2.7786142887e-01
137.450000,1.0009202634e-03,2.8081611122e-01
137.500000,9.9913266959e-04,2.6821194095e-01
137.550000,9.9983523768e-04,2.7432670520e-01
137.600000,1.0011674896e-03,2.6935205219e-01
137.650000,9.9940730831e-04,2.6915647464e-01
137.700000,9.9995781367e-04,2.7812749071e-01
137.750000,1.0010152763e-03,2.7052664888e-01
137.800000,9.9941065670e-04,2.7988436550e-01
137.850000,1.0014425821e-03,2.7973448165e-01
137.900000,9.9932709829e-04,2.6622293132e-01
137.950000,1.0017345135e-03,2.7411225933e-01
138.000000,1.0008225224e-03,2.7595511755e-01
138.050000,9.9972354654e-04,2.6760704210e-01
138.100000,9.9974924303e-04,2.7462672633e-01
138.150000,1.0003568169e-03,2.6568408671e-01
138.200000,1.0005103026e-03,2.7279160569e-01
138.250000,9.9913368475e-04,2.5987322370e-01
138.300000,9.9975688203e-04,2.7791495571e-01
138.350000,1.0003347020e-03,2.6960903320e-01
138.400000,9.9954981390e-04,2.7739618191e-01
138.450000,1.0004853260e-03,2.6949436964e-01
138.500000,9.9916195555e-04,2.8166297167e-01
138.550000,1.0014973196e-03,2.8015500626e-01
138.600000,1.0013688364e-03,2.7261124109e-01
138.650000,1.0018093211e-03,2.6740164978e-01
138.700000,9.9843463592e-04,2.6097507133e-01
138.750000,1.0007578186e-03,2.7460803718e-01
138.800000,9.9979802565e-04,2.6704643490e-01
138.850000,9.9853769477e-04,2.6897311753e-01
138.900000,1.0009056419e-03,2.7389601448e-01
138.950000,1.0009312404e-03,2.7809557604e-01
139.000000,1.0010676778e-03,2.6908291895e-01
139.050000,1.0001800164e-03,2.7479380374e-01
139.100000,1.0000270536e-03,2.7456106848e-01
139.150000,9.9854224452e-04,2.6780903941e-01
139.200000,1.0009948331e-03,2.7349734825e-01
139.250000,9.9962917706e-04,2.8141940010e-01
139.300000,1.0008328799e-03,2.7554759341e-01
139.350000,1.0000671187e-03,2.7499265095e-01
139.400000,1.0011019489e-03,2.6959254732e-01
139.450000,1.0010515788e-03,2.6874922463e-01
139.500000,9.9978383397e-04,2.6995770269e-01
139.550000,9.9979599226e-04,2.7159810172e-01
139.600000,1.0013674711e-03,2.7095019139e-01
139.650000,1.0001274978e-03,2.6259137408e-01
139.700000,1.0013563398e-03,2.7372579809e-01
139.750000,1.0001706193e-03,2.7096567571e-01
139.800000,9.9856099869e-04,2.7183293432e-01
139.850000,1.0016763794e-03,2.6841921040e-01
139.900000,9.9903729644e-04,2.7293320575e-01
139.950000,9.9940033249e-04,2.6630054997e-01
140.000000,1.0010788973e-03,2.7732935536e-01
140.050000,9.9947868130e-04,2.7017436247e-01
140.100000,1.0001229372e-03,2.7424213518e-01
140.150000,1.0016576373e-03,2.7327836545e-01
140.200000,1.0003092962e-03,2.7682274204e-01
140.250000,1.0002396523e-03,2.6494394033e-01
140.300000,9.9901542536e-04,2.6410885551e-01
140.350000,1.0003888494e-03,2.7689643045e-01
140.400000,9.9926131469e-04,2.6992232339e-01
140.450000,9.9984929105e-04,2.7312569861e-01
140.500000,1.0026107196e-03,2.7154778443e-01
140.550000,1.0001271730e-03,2.6964556146e-01
140.600000,9.9904491689e-04,2.6871185029e-01
140.650000,1.0007371916e-03,2.8103168739e-01
140.700000,9.9853592676e-04,2.7363126070e-01
140.750000,1.0003831696e-03,2.7692094711e-01
140.800000,1.0013313568e-03,2.7828810836e-01
140.850000,1.0006650533e-03,2.7010881229e-01
140.900000,1.0009662146e-03,2.8233060120e-01
140.950000,9.9880665167e-04,2.7033038076e-01
141.000000,1.0017245577e-03,2.6318901473e-01
141.050000,9.9982572177e-04,2.7143037979e-01
141.100000,9.9917699681e-04,2.6825019678e-01
141.150000,1.0024952028e-03,2.7179848004e-01
141.200000,1.0013872157e-03,2.7838537766e-01
141.250000,1.0008328016e-03,2.7761526638e-01
141.300000,9.9962981531e-04,2.6902110737e-01
141.350000,9.9848768899e-04,2.7176709550e-01
141.400000,1.0006222780e-03,2.7411824169e-01
141.450000,9.9819542199e-04,2.7786915012e-01
141.500000,9.9933189235e-04,2.7584823447e-01
141.550000,1.0003838969e-03,2.7860537496e-01
141.600000,1.0004133813e-03,2.8935029610e-01
141.650000,9.9791012009e-04,2.7186538311e-01
141.700000,1.0012005118e-03,2.7943646404e-01
141.750000,9.9912612391e-04,2.6684585500e-01
141.800000,9.9963296128e-04,2.8357828584e-01
141.850000,1.0002514177e-03,2.7177709540e-01
141.900000,1.0017444886e-03,2.7679372868e-01
141.950000,9.9979454754e-04,2.7018514365e-01
142.000000,1.0001790679e-03,2.6844317868e-01
142.050000,9.9978597235e-04,2.6955499254e-01
142.100000,9.9905948687e-04,2.7389719571e-01
142.150000,1.0015403583e-03,2.7496276017e-01
142.200000,9.9948489624e-04,2.7112106524e-01
142.250000,1.0006442318e-03,2.6858251143e-01
142.300000,1.0010626359e-03,2.6068312457e-01
142.350000,1.0005377148e-03,2.7003122005e-01
142.400000,1.0012776651e-03,2.7037227726e-01
142.450000,9.9977629233e-04,2.7015161449e-01
142.500000,9.9888452726e-04,2.7627607549e-01
142.550000,9.9911693024e-04,2.7798087839e-01
142.600000,1.0010444786e-03,2.7596362162e-01
142.650000,1.0004263756e-03,2.6622660012e-01
142.700000,9.9784551764e-04,2.6905887281e-01
142.750000,1.0000150602e-03,2.7587031215e-01
142.800000,1.0003962051e-03,2.7837483673e-01
142.850000,9.9999585583e-04,2.7398175308e-01
142.900000,9.9927687761e-04,2.7687077018e-01
142.950000,9.9973772384e-04,2.6377264149e-01
143.000000,9.9986563025e-04,2.6712341216e-01
143.050000,9.9978602541e-04,2.7254492959e-01
143.100000,9.9865692249e-04,2.7527847550e-01
143.150000,1.0005354729e-03,2.6980781026e-01
143.200000,9.9892823476e-04,2.7121409441e-01
143.250000,9.9972095277e-04,2.7498317080e-01
143.300000,1.0010723639e-03,2.7226435042e-01
143.350000,1.0012359712e-03,2.7879890576e-01
143.400000,1.0006928556e-03,2.7186904939e-01
143.450000,1.0007727352e-03,2.7241827848e-01
143.500000,9.9826868918e-04,2.7610003604e-01
143.550000,1.0002046647e-03,2.8066966534e-01
143.600000,9.9937219576e-04,2.6728462995e-01
143.650000,1.0022206854e-03,2.7259414683e-01
143.700000,1.0003408088e-03,2.7951714344e-01
143.750000,9.9882669670e-04,2.8142321391e-01
143.800000,1.0017009476e-03,2.6666735033e-01
143.850000,1.0013586864e-03,2.7090130374e-01
143.900000,9.9686976168e-04,2.7030798179e-01
143.950000,9.9929515182e-04,2.7795258111e-01
144.000000,1.0014317324e-03,2.7332424061e-01
144.050000,9.9918348700e-04,2.7567688930e-01
144.100000,1.0014793098e-03,2.7497446749e-01
144.150000,9.9925271733e-04,2.7226123964e-01
144.200000,1.0004593475e-03,2.7458590602e-01
144.250000,9.9930697264e-04,2.6725343872e-01
144.300000,9.9910132780e-04,2.6824923747e-01
144.350000,9.9909418613e-04,2.7002045082e-01
144.400000,1.0004843075e-03,2.7031617134e-01
144.450000,1.0000703292e-03,2.7617048467e-01
144.500000,9.9883337049e-04,2.7038231580e-01
144.550000,9.9947509854e-04,2.6971222307e-01
144.600000,1.0001660715e-03,2.7445940651e-01
144.650000,1.0001301305e-03,2.6590984423e-01
144.700000,1.0002412013e-03,2.6476118337e-01
144.750000,1.0013605229e-03,2.8402228896e-01
144.800000,9.9956367437e-04,2.7360564215e-01
144.850000,9.9961789476e-04,2.6831989859e-01
144.900000,1.0000225054e-03,2.7564973351e-01
144.950000,1.0006346109e-03,2.7475835084e-01
145.000000,1.0004150043e-03,2.7163351685e-01
145.050000,1.0005055119e-03,2.7616651276e-01
145.100000,9.9995751866e-04,2.7439541726e-01
145.150000,1.0015977392e-03,2.6291081352e-01
145.200000,1.0006325291e-03,2.7787609105e-01
145.250000,1.0011734624e-03,2.7495502142e-01
145.300000,1.0007416084e-03,2.6050976742e-01
145.350000,9.9844074713e-04,2.7497960512e-01
145.400000,9.9978766734e-04,2.8216811724e-01
145.450000,1.0013615087e-03,2.7343867432e-01
145.500000,9.9708239870e-04,2.7640594325e-01
145.550000,1.0001629956e-03,2.7443330900e-01
145.600000,9.9884341012e-04,2.6778129271e-01
145.650000,9.9851034963e-04,2.7468404027e-01
145.700000,9.9931184296e-04,2.7798513641e-01
145.750000,9.9971190175e-04,2.6942416132e-01
145.800000,1.0001138718e-03,2.6786501073e-01
145.850000,9.9963266967e-04,2.7269346851e-01
145.900000,9.9987721336e-04,2.6570950623e-01
145.950000,9.9769218313e-04,2.7091995824e-01
146.000000,1.0010269004e-03,2.7773886282e-01
146.050000,1.0007886520e-03,2.8068510661e-01
146.100000,1.0031415327e-03,2.6662694056e-01
146.150000,1.0000358223e-03,2.6592160707e-01
146.200000,9.9887623584e-04,2.6858196399e-01
146.250000,9.9968485869e-04,2.8081495320e-01
146.300000,1.0010330351e-03,2.6963249776e-01
146.350000,9.9980425928e-04,2.7110394368e-01
146.400000,1.0002989803e-03,2.6810098628e-01
146.450000,1.0009382335e-03,2.7329881764e-01
146.500000,9.9877177574e-04,2.7641908567e-01
146.550000,9.9999513676e-04,2.7719722764e-01
146.600000,1.0001542430e-03,2.7386566502e-01
146.650000,1.0007480650e-03,2.8009904179e-01
146.700000,9.9992571890e-04,2.6510790080e-01
146.750000,9.9877038925e-04,2.6956575043e-01
146.800000,9.9902077864e-04,2.8052859700e-01
146.850000,1.0002415909e-03,2.7590475596e-01
146.900000,9.9949990335e-04,2.7636085616e-01
146.950000,1.0001829800e-03,2.8107365942e-01
147.000000,1.0017723432e-03,2.8410002982e-01
147.050000,1.0005508354e-03,2.6933778105e-01
147.100000,1.0006373318e-03,2.7407628761e-01
147.150000,1.0009114701e-03,2.7534327914e-01
147.200000,1.0003150922e-03,2.6867417463e-01
147.250000,9.9934356183e-04,2.8052958351e-01
147.300000,1.0007984056e-03,2.7142430527e-01
147.350000,9.9891068008e-04,2.6336273745e-01
147.400000,9.9985682799e-04,2.6914604707e-01
147.450000,9.9993579432e-04,2.6587881352e-01
147.500000,1.0000017394e-03,2.8810626562e-01
147.550000,1.0012221703e-03,2.6944156685e-01
147.600000,1.0000925129e-03,2.7420195394e-01
147.650000,1.0000149234e-03,2.6733352093e-01
147.700000,9.9961453767e-04,2.7938549001e-01
147.750000,1.0018921796e-03,2.7263402152e-01
147.800000,1.0016168322e-03,2.6809517314e-01
147.850000,9.9951559367e-04,2.7566610810e-01
147.900000,1.0017726387e-03,2.6445176284e-01
147.950000,9.9981330848e-04,2.7567985090e-01
148.000000,9.9899935322e-04,2.6514617175e-01
148.050000,9.9950727493e-04,2.6407245258e-01
148.100000,1.0000720299e-03,2.6944640043e-01
148.150000,9.9870703438e-04,2.6957301770e-01
148.200000,9.9932431720e-04,2.6941690926e-01
148.250000,9.9944737209e-04,2.6502107603e-01
148.300000,9.9938835181e-04,2.6922800201e-01
148.350000,9.9941550829e-04,2.7824489113e-01
148.400000,1.0009451410e-03,2.6368853497e-01
148.450000,1.0004700967e-03,2.7024171608e-01
148.500000,9.9901334750e-04,2.7168211268e-01
148.550000,9.9958396115e-04,2.6776520716e-01
148.600000,9.9860594876e-04,2.7466427985e-01
148.650000,9.9933098951e-04,2.8120641828e-01
148.700000,9.9970119554e-04,2.6298716877e-01
148.750000,1.0007349591e-03,2.7775857874e-01
148.800000,1.0008386785e-03,2.7819782241e-01
148.850000,1.0003069094e-03,2.7159420929e-01
148.900000,1.0003845212e-03,2.7322305711e-01
148.950000,1.0006221768e-03,2.7455315782e-01
149.000000,9.9998594534e-04,2.7041206287e-01
149.050000,9.9980343960e-04,2.6487031259e-01
149.100000,9.9963379643e-04,2.7046189573e-01
149.150000,9.9999818875e-04,2.7267091668e-01
149.200000,9.9905271226e-04,2.7159627923e-01
149.250000,9.9883045292e-04,2.7334113313e-01
149.300000,9.9896910952e-04,2.6664265444e-01
149.350000,9.9984738745e-04,2.7106995243e-01
149.400000,1.0004901063e-03,2.7813024820e-01
149.450000,9.9953346613e-04,2.6854012991e-01
149.500000,1.0002232482e-03,2.7042526880e-01
149.550000,1.0002749809e-03,2.7595896366e-01
149.600000,1.0006074490e-03,2.7222101517e-01
149.650000,9.9948100255e-04,2.7958951698e-01
149.700000,9.9846124280e-04,2.7316897453e-01
149.750000,1.0008287446e-03,2.7404504940e-01
149.800000,1.0012680243e-03,2.6422511353e-01
149.850000,1.0006966509e-03,2.7193220877e-01
149.900000,9.9857833739e-04,2.7708947993e-01
149.950000,9.9912226182e-04,2.7281548339e-01
150.000000,9.9864056926e-04,2.7212668760e-01
150.050000,1.0011630525e-03,2.8014214835e-01
150.100000,9.9952526975e-04,2.7002142870e-01
150.150000,9.9981708383e-04,2.7065122081e-01
150.200000,9.9956460545e-04,2.5697006578e-01
150.250000,9.9928097189e-04,2.7433674067e-01
150.300000,9.9908705398e-04,2.6935436178e-01
150.350000,9.9894564953e-04,2.6964817120e-01
150.400000,1.0010913878e-03,2.8026345877e-01
150.450000,9.9943774504e-04,2.7419803522e-01
150.500000,9.9901292523e-04,2.7315630141e-01
150.550000,9.9940076788e-04,2.7791308531e-01
150.600000,1.0006237015e-03,2.8345574236e-01
150.650000,9.9917351298e-04,2.8018591962e-01
150.700000,1.0011685712e-03,2.6709486377e-01
150.750000,9.9991118776e-04,2.7701961026e-01
150.800000,9.9931922929e-04,2.7751354885e-01
150.850000,9.9939918878e-04,2.7129803050e-01
150.900000,9.9961215948e-04,2.7475840648e-01
150.950000,1.0011448541e-03,2.6560351567e-01
151.000000,9.9978200789e-04,2.7216707875e-01
151.050000,1.0001679026e-03,2.7208656056e-01
151.100000,1.0001216119e-03,2.7879571390e-01
151.150000,1.0001924585e-03,2.6677583703e-01
151.200000,9.9981581864e-04,2.6850446080e-01
151.250000,9.9814744080e-04,2.6578880985e-01
151.300000,1.0014832937e-03,2.7029796729e-01
151.350000,1.0007461255e-03,2.7204527570e-01
151.400000,1.0015162662e-03,2.7613880536e-01
151.450000,1.0013342055e-03,2.7350461285e-01
151.500000,9.9924962894e-04,2.7825273532e-01
151.550000,1.0008859422e-03,2.7461994350e-01
151.600000,9.9846196147e-04,2.7035712216e-01
151.650000,1.0005991936e-03,2.6281296436e-01
151.700000,9.9904870942e-04,2.8400212837e-01
151.750000,1.0004601015e-03,2.8085565566e-01
151.800000,9.9844949807e-04,2.6624086896e-01
151.850000,1.0002732894e-03,2.6292949137e-01
151.900000,9.9860029876e-04,2.6384918756e-01
151.950000,1.0002091592e-03,2.7138166531e-01
152.000000,1.0005509853e-03,2.7628918350e-01
152.050000,1.0004998466e-03,2.6752217731e-01
152.100000,9.9740605951e-04,2.7854949584e-01
152.150000,1.0003152977e-03,2.6833123346e-01
152.200000,1.0019575695e-03,2.7327930349e-01
152.250000,1.0012040036e-03,2.6148284925e-01
152.300000,1.0009437355e-03,2.7554576780e-01
152.350000,1.0002961399e-03,2.8066352875e-01
152.400000,1.0000974675e-03,2.7272445777e-01
152.450000,1.0030098947e-03,2.6888018040e-01
152.500000,9.9827897117e-04,2.6732963693e-01
152.550000,1.0000491974e-03,2.7740453917e-01
152.600000,9.9989148469e-04,2.6529898677e-01
152.650000,9.9972098330e-04,2.7507511739e-01
152.700000,9.9795224023e-04,2.6882951406e-01
152.750000,9.9883945292e-04,2.6718718422e-01
152.800000,9.9906634752e-04,2.7585896025e-01
152.850000,1.0005151183e-03,2.7449788651e-01
152.900000,9.9993857800e-04,2.7319914108e-01
152.950000,9.9997816997e-04,2.6353338761e-01
153.000000,1.0014301574e-03,2.6758813894e-01
153.050000,1.0009925166e-03,2.6882846887e-01
153.100000,9.9989712799e-04,2.6920340760e-01
153.150000,1.0005961169e-03,2.6809112801e-01
153.200000,9.9807541772e-04,2.7050008263e-01
153.250000,9.9884480542e-04,2.6403278707e-01
153.300000,9.9970686027e-04,2.6037234922e-01
153.350000,9.9962488340e-04,2.6258508837e-01
153.400000,9.9812378103e-04,2.6787548459e-01
153.450000,9.9899080502e-04,2.7152065225e-01
153.500000,9.9958700345e-04,2.6761928118e-01
153.550000,9.9889696284e-04,2.7761463683e-01
153.600000,1.0015300153e-03,2.7182175603e-01
153.650000,1.0013835705e-03,2.6376172296e-01
153.700000,9.9867416815e-04,2.7475869386e-01
153.750000,9.9872138431e-04,2.7593281455e-01
153.800000,1.0019155091e-03,2.7597020232e-01
153.850000,9.9906324203e-04,2.7762054367e-01
153.900000,1.0011735983e-03,2.8262402171e-01
153.950000,1.0003602316e-03,2.8702376102e-01
154.000000,9.9787982900e-04,2.8142254478e-01
154.050000,1.0009498813e-03,2.6482147767e-01
154.100000,1.0021234179e-03,2.8325460420e-01
154.150000,9.9983883075e-04,2.7276093667e-01
154.200000,9.9958268276e-04,2.6456237527e-01
154.250000,9.9783647392e-04,2.7527787124e-01
154.300000,9.9890979721e-04,2.7726583906e-01
154.350000,1.0005449022e-03,2.6597374236e-01
154.400000,9.9748719222e-04,2.6349573433e-01
154.450000,1.0002787306e-03,2.7572787928e-01
154.500000,1.0011010510e-03,2.8385582410e-01
154.550000,1.0000264276e-03,2.7842697905e-01
154.600000,9.9947599644e-04,2.6284905331e-01
154.650000,9.9827786675e-04,2.7277879174e-01
154.700000,1.0009994572e-03,2.7844464600e-01
154.750000,9.9932579563e-04,2.6436417767e-01
154.800000,9.9842097124e-04,2.8186330528e-01
154.850000,9.9925620619e-04,2.6878164215e-01
154.900000,9.9939079733e-04,2.7849598786e-01
154.950000,9.9910646502e-04,2.6796236507e-01
155.000000,1.0008235575e-03,2.7772434344e-01
155.050000,9.9907793026e-04,2.7524263009e-01
155.100000,9.9853721486e-04,2.7059836867e-01
155.150000,9.9856169374e-04,2.7077583508e-01
155.200000,9.9853097345e-04,2.6984000261e-01
155.250000,1.0012397231e-03,2.7428455440e-01
155.300000,9.9991198805e-04,2.7620785462e-01
155.350000,1.0003940896e-03,2.7360593697e-01
155.400000,1.0019987982e-03,2.6470505176e-01
155.450000,1.0020052796e-03,2.7637435055e-01
155.500000,1.0003261486e-03,2.6856147719e-01
155.550000,9.9982537850e-04,2.7438989017e-01
155.600000,9.9837655816e-04,2.7258105168e-01
155.650000,1.0001286173e-03,2.7842976919e-01
155.700000,1.0005939446e-03,2.6617322867e-01
155.750000,1.0013482186e-03,2.7019939665e-01
155.800000,1.0000234762e-03,2.7528478584e-01
155.850000,9.9867583522e-04,2.6611089972e-01
155.900000,1.0011604226e-03,2.7001795428e-01
155.950000,9.9925662529e-04,2.6973074160e-01
156.000000,9.9956344263e-04,2.7693748731e-01
156.050000,9.9963447022e-04,2.6776052761e-01
156.100000,1.0005200116e-03,2.8109997776e-01
156.150000,9.9817169085e-04,2.7397740306e-01
156.200000,1.0000056648e-03,2.6774760875e-01
156.250000,1.0003654553e-03,2.7587974187e-01
156.300000,1.0000853186e-03,2.7311172240e-01
156.350000,1.0008865638e-03,2.6984225560e-01
156.400000,1.0006903278e-03,2.6861906704e-01
156.450000,1.0000503730e-03,2.7926123101e-01
156.500000,1.0017715988e-03,2.7293373121e-01
156.550000,1.0009162024e-03,2.7866770321e-01
156.600000,9.9966578225e-04,2.6974515967e-01
156.650000,9.9984252095e-04,2.6814569719e-01
156.700000,1.0001602667e-03,2.6286043663e-01
156.750000,9.9997574683e-04,2.6902858127e-01
156.800000,9.9966056605e-04,2.7389497991e-01
156.850000,9.9897730510e-04,2.6814930601e-01
156.900000,9.9957983902e-04,2.6481522167e-01
156.950000,9.9942160087e-04,2.7134436533e-01
157.000000,1.0003649248e-03,2.7439107596e-01
157.050000,9.9947765692e-04,2.8010340204e-01
157.100000,1.0006082950e-03,2.7169191115e-01
157.150000,9.9866890090e-04,2.7467583423e-01
157.200000,9.9862837525e-04,2.6907893474e-01
157.250000,1.0001701895e-03,2.7406597871e-01
157.300000,9.9782655369e-04,2.7544995739e-01
157.350000,9.9871064594e-04,2.7107969642e-01
157.400000,9.9986451460e-04,2.8648792825e-01
157.450000,1.0005289241e-03,2.7664123912e-01
157.500000,1.0005240701e-03,2.7705637993e-01
157.550000,9.9877821790e-04,2.6816752746e-01
157.600000,9.9974102247e-04,2.7752711019e-01
157.650000,1.0005463310e-03,2.7010810494e-01
157.700000,1.0005892198e-03,2.6823705284e-01
157.750000,9.9761174642e-04,2.6779838270e-01
157.800000,9.9918057965e-04,2.7420254329e-01
157.850000,1.0002514969e-03,2.6140931654e-01
157.900000,1.0000141394e-03,2.6659433598e-01
157.950000,1.0018144130e-03,2.7418076909e-01
158.000000,1.0005630833e-03,2.6825985269e-01
158.050000,9.9950019056e-04,2.6679340715e-01
158.100000,9.9913106214e-04,2.6669387138e-01
158.150000,9.9955012117e-04,2.7447826526e-01
158.200000,9.9960577859e-04,2.7308671104e-01
158.250000,1.0002495825e-03,2.7619039877e-01
158.300000,1.0007299984e-03,2.8056741247e-01
158.350000,1.0002102968e-03,2.7275282043e-01
158.400000,1.0003315819e-03,2.6750440079e-01
158.450000,9.9844406308e-04,2.7076881555e-01
158.500000,1.0013242629e-03,2.7054131933e-01
158.550000,9.9736746581e-04,2.7612782433e-01
158.600000,1.0002847592e-03,2.7638828392e-01
158.650000,9.9932518881e-04,2.6721857628e-01
158.700000,9.9911056993e-04,2.7713605802e-01
158.750000,1.0008718505e-03,2.7122227981e-01
158.800000,1.0000723277e-03,2.8046892699e-01
158.850000,1.0009234861e-03,2.7430738752e-01
158.900000,9.9940752031e-04,2.7216525633e-01
158.950000,9.9907702785e-04,2.7029647011e-01
159.000000,9.9839091552e-04,2.7147881856e-01
159.050000,1.0006524439e-03,2.7072031977e-01
159.100000,9.9937660390e-04,2.7969589798e-01
159.150000,9.9887635092e-04,2.7109514041e-01
159.200000,9.9839080164e-04,2.7613361636e-01
159.250000,1.0006852880e-03,2.6860871192e-01
159.300000,9.9928555749e-04,2.7397935930e-01
159.350000,1.0015802840e-03,2.6847000534e-01
159.400000,9.9866319831e-04,2.7314715158e-01
159.450000,9.9904417038e-04,2.7440804115e-01
159.500000,9.9918385285e-04,2.6562441458e-01
159.550000,9.9929561355e-04,2.7902822500e-01
159.600000,1.0004012546e-03,2.6922619109e-01
159.650000,9.9901431937e-04,2.7760195877e-01
159.700000,9.9916932090e-04,2.7289979357e-01
159.750000,9.9987188038e-04,2.6460407432e-01
159.800000,9.9897596174e-04,2.6881812975e-01
159.850000,9.9974025929e-04,2.7035265994e-01
159.900000,1.0004717813e-03,2.8103920977e-01
159.950000,1.0014898401e-03,2.8024697523e-01
160.000000,1.0002336609e-03,2.6210954240e-01
160.050000,9.9983446992e-04,2.7427842757e-01
160.100000,9.9997469929e-04,2.7131294259e-01
160.150000,1.0003160175e-03,2.7526868688e-01
160.200000,9.9995474544e-04,2.8986282298e-01
160.250000,1.0010239132e-03,2.7303563189e-01
160.300000,9.9951018821e-04,2.6407100011e-01
160.350000,1.0003307260e-03,2.6970200688e-01
160.400000,1.0012723259e-03,2.6256038106e-01
160.450000,1.0011990506e-03,2.6205433441e-01
160.500000,9.9844176070e-04,2.7372826355e-01
160.550000,1.0011679532e-03,2.6918115984e-01
160.600000,1.0003636903e-03,2.6792925562e-01
160.650000,1.0001729871e-03,2.7054384390e-01
160.700000,9.9980223079e-04,2.7706329849e-01
160.750000,1.0007190885e-03,2.7242440380e-01
160.800000,9.9811485716e-04,2.6061734099e-01
160.850000,1.0006899681e-03,2.7022676474e-01
160.900000,9.9938604790e-04,2.7117076467e-01
160.950000,1.0011478518e-03,2.6909568978e-01
161.000000,9.9853308960e-04,2.5829754884e-01
161.050000,9.9975842875e-04,2.6855634859e-01
161.100000,1.0001309803e-03,2.7583910323e-01
161.150000,1.0001487153e-03,2.7821463210e-01
161.200000,9.9987758052e-04,2.7748379579e-01
161.250000,1.0001349796e-03,2.7052148436e-01
161.300000,9.9957685665e-04,2.7535392597e-01
161.350000,9.9894852850e-04,2.7582869652e-01
161.400000,9.9921688261e-04,2.7207268885e-01
161.450000,9.9976453400e-04,2.6715793727e-01
161.500000,9.9920797923e-04,2.7076204180e-01
161.550000,1.0022619810e-03,2.7692340067e-01
161.600000,9.9840823430e-04,2.7900056238e-01
161.650000,1.0008090768e-03,2.7516517560e-01
161.700000,1.0004439738e-03,2.6163074030e-01
161.750000,9.9699698076e-04,2.6977510077e-01
161.800000,1.0000908278e-03,2.7045976417e-01
161.850000,9.9973224316e-04,2.7515786766e-01
161.900000,9.9982535421e-04,2.7469407960e-01
161.950000,1.0009288411e-03,2.7596140425e-01
162.000000,9.9944580903e-04,2.7048543786e-01
162.050000,1.0021639668e-03,2.6470174784e-01
162.100000,1.0002355736e-03,2.8078695182e-01
162.150000,1.0012108553e-03,2.7203777013e-01
162.200000,9.9969877707e-04,2.6993420108e-01
162.250000,1.0011666500e-03,2.7441770008e-01
162.300000,1.0018746878e-03,2.7372032658e-01
162.350000,9.9886020788e-04,2.6819873764e-01
162.400000,1.0007742858e-03,2.7768126967e-01
162.450000,1.0005695692e-03,2.7679997095e-01
162.500000,1.0000529978e-03,2.7256677860e-01
162.550000,1.0012038918e-03,2.7193786297e-01
162.600000,1.0017682148e-03,2.7172278628e-01
162.650000,1.0005984697e-03,2.6769423216e-01
162.700000,1.0002401231e-03,2.5998720975e-01
162.750000,1.0017967788e-03,2.7320388181e-01
162.800000,1.0006786304e-03,2.7081341714e-01
162.850000,1.0004183287e-03,2.7758995121e-01
162.900000,9.9935881381e-04,2.6745141201e-01
162.950000,1.0000712228e-03,2.7196698178e-01
163.000000,9.9861185163e-04,2.7188590025e-01
163.050000,9.9924554412e-04,2.6540251158e-01
163.100000,1.0003277589e-03,2.7831674930e-01
163.150000,9.9960624672e-04,2.7536559539e-01
163.200000,1.0007942463e-03,2.5928104467e-01
163.250000,9.9962393107e-04,2.8075605155e-01
163.300000,9.9978512265e-04,2.6947711041e-01
163.350000,9.9974644467e-04,2.7401583638e-01
163.400000,9.9850467448e-04,2.7382436164e-01
163.450000,9.9987503456e-04,2.7358557728e-01
163.500000,1.0000033023e-03,2.6505837792e-01
163.550000,9.9933945287e-04,2.7577473425e-01
163.600000,1.0011629654e-03,2.7829959352e-01
163.650000,1.0004878346e-03,2.7327251768e-01
163.700000,1.0001492120e-03,2.6861294995e-01
163.750000,1.0012920954e-03,2.6991044374e-01
163.800000,1.0024638454e-03,2.7168249197e-01
163.850000,9.9895958650e-04,2.7160200394e-01
163.900000,1.0002546581e-03,2.6765575757e-01
163.950000,1.0000121652e-03,2.8069469017e-01
164.000000,9.9988846956e-04,2.7707508516e-01
164.050000,9.9990400554e-04,2.6980303682e-01
164.100000,9.9990357698e-04,2.6853971095e-01
164.150000,1.0000251104e-03,2.7494515974e-01
164.200000,9.9938391306e-04,2.7431225801e-01
164.250000,1.0027143587e-03,2.7702115924e-01
164.300000,9.9839048967e-04,2.7550953467e-01
164.350000,9.9921778910e-04,2.6721301875e-01
164.400000,9.9763701417e-04,2.6582615912e-01
164.450000,1.0006219326e-03,2.7513167281e-01
164.500000,9.9968874117e-04,2.6932712670e-01
164.550000,1.0009501878e-03,2.7713284048e-01
164.600000,9.9972304022e-04,2.6919275236e-01
164.650000,1.0013194080e-03,2.6245234344e-01
164.700000,1.0010093657e-03,2.8310294003e-01
164.750000,9.9886335571e-04,2.6862410715e-01
164.800000,1.0011574644e-03,2.8040286036e-01
164.850000,9.9890442540e-04,2.6902698226e-01
164.900000,9.9908608139e-04,2.7413205123e-01
164.950000,9.9935611831e-04,2.7775539078e-01
165.000000,9.9868629855e-04,2.7268368584e-01
165.050000,1.0003573835e-03,2.6399236195e-01
165.100000,1.0002667759e-03,2.7693892679e-01
165.150000,1.0007926822e-03,2.7135952117e-01
165.200000,1.0014772439e-03,2.7321705821e-01
165.250000,9.9911656227e-04,2.7682728918e-01
165.300000,1.0002681035e-03,2.7334110218e-01
165.350000,1.0003567971e-03,2.7935985492e-01
165.400000,9.9850216143e-04,2.7445161381e-01
165.450000,1.0009225105e-03,2.6309676886e-01
165.500000,1.0004250110e-03,2.7429828173e-01
165.550000,1.0010446419e-03,2.7138401693e-01
165.600000,9.9962873312e-04,2.8298475762e-01
165.650000,1.0016326922e-03,2.6911108733e-01
165.700000,1.0001788933e-03,2.7123056087e-01
165.750000,9.9988251268e-04,2.6836636345e-01
165.800000,9.9724346021e-04,2.8259032243e-01
165.850000,9.9856437726e-04,2.6740461320e-01
165.900000,9.9872045300e-04,2.6198978433e-01
165.950000,9.9884018961e-04,2.7194321206e-01
166.000000,9.9999629987e-04,2.7334673254e-01
166.050000,9.9960868980e-04,2.7753113706e-01
166.100000,9.9772089146e-04,2.7780711145e-01
166.150000,1.0007587533e-03,2.7426070117e-01
166.200000,9.9868190737e-04,2.6438616809e-01
166.250000,9.9996811978e-04,2.6905512474e-01
166.300000,1.0002296834e-03,2.7937575377e-01
166.350000,1.0009551943e-03,2.7776828089e-01
166.400000,9.9966944662e-04,2.7307808838e-01
166.450000,9.9885795815e-04,2.7605105900e-01
166.500000,1.0006692299e-03,2.7693286048e-01
166.550000,1.0001533431e-03,2.7899274261e-01
166.600000,9.9968582172e-04,2.6568207451e-01
166.650000,9.9940172779e-04,2.6502380181e-01
166.700000,1.0005583994e-03,2.6684323783e-01
166.750000,9.9986058881e-04,2.6363125863e-01
166.800000,9.9807480109e-04,2.6780829504e-01
166.850000,1.0002250665e-03,2.8194720793e-01
166.900000,1.0014297128e-03,2.7823108375e-01
166.950000,1.0010305366e-03,2.7016911593e-01
167.000000,1.0000296077e-03,2.7476062486e-01
167.050000,1.0010803341e-03,2.7014841531e-01
167.100000,9.9926738097e-04,2.7799230297e-01
167.150000,1.0012040713e-03,2.7821985668e-01
167.200000,1.0001004702e-03,2.7663840328e-01
167.250000,1.0005881240e-03,2.6944455716e-01
167.300000,1.0020770595e-03,2.6603189986e-01
167.350000,9.9855630559e-04,2.7357622633e-01
167.400000,9.9955144883e-04,2.7646432418e-01
167.450000,1.0002352351e-03,2.6621998460e-01
167.500000,9.9929035018e-04,2.7489714221e-01
167.550000,1.0005044774e-03,2.7496560848e-01
167.600000,9.9792941538e-04,2.7252490267e-01
167.650000,1.0009841346e-03,2.7651491638e-01
167.700000,9.9896882146e-04,2.7077157505e-01
167.750000,9.9986895571e-04,2.7512574203e-01
167.800000,9.9908012151e-04,2.6972994872e-01
167.850000,1.0009604445e-03,2.7821869845e-01
167.900000,9.9812778159e-04,2.6279601034e-01
167.950000,1.0008482822e-03,2.7809576531e-01
168.000000,9.9958868312e-04,2.7198066819e-01
168.050000,9.9992102106e-04,2.6591749804e-01
168.100000,1.0013324918e-03,2.7768485443e-01
168.150000,1.0008703628e-03,2.7383081143e-01
168.200000,9.9964706232e-04,2.6910871858e-01
168.250000,1.0002183885e-03,2.6358416479e-01
168.300000,9.9923327785e-04,2.6755123370e-01
168.350000,9.9931159456e-04,2.6995903892e-01
168.400000,9.9987496221e-04,2.7520589088e-01
168.450000,1.0006959722e-03,2.6576286329e-01
168.500000,9.9982706047e-04,2.5714805562e-01
168.550000,1.0010336030e-03,2.6812266262e-01
168.600000,1.0007010009e-03,2.6844112078e-01
168.650000,9.9762765785e-04,2.7514805088e-01
168.700000,9.9939629273e-04,2.6928363697e-01
168.750000,9.9817837597e-04,2.6869489530e-01
168.800000,9.9994414487e-04,2.7736298278e-01
168.850000,9.9964060831e-04,2.7058381008e-01
168.900000,9.9976876738e-04,2.6582335658e-01
168.950000,9.9742355743e-04,2.7217266238e-01
169.000000,1.0001948688e-03,2.6402384177e-01
169.050000,9.9854044315e-04,2.7860450451e-01
169.100000,9.9994839077e-04,2.7969052918e-01
169.150000,9.9974378450e-04,2.7592000962e-01
169.200000,9.9994267758e-04,2.6986711907e-01
169.250000,1.0006866142e-03,2.7287598101e-01
169.300000,1.0002654534e-03,2.7662895867e-01
169.350000,9.9902034860e-04,2.7080647142e-01
169.400000,9.9928289249e-04,2.7164465777e-01
169.450000,9.9947875273e-04,2.6681311051e-01
169.500000,1.0001177878e-03,2.8040602198e-01
169.550000,9.9973684391e-04,2.6451843602e-01
169.600000,1.0000848389e-03,2.7395097635e-01
169.650000,9.9867467123e-04,2.7374997178e-01
169.700000,9.9916376839e-04,2.7279947454e-01
169.750000,1.0010331864e-03,2.7806941734e-01
169.800000,9.9933855909e-04,2.7187691607e-01
169.850000,9.9891714416e-04,2.7444921161e-01
169.900000,1.0003637029e-03,2.7940057127e-01
169.950000,1.0003562577e-03,2.7353706505e-01
170.000000,1.0013704936e-03,2.7219635724e-01
170.050000,9.9904965507e-04,2.8297329651e-01
170.100000,1.0015411415e-03,2.7101569967e-01
170.150000,9.9886483742e-04,2.7477524584e-01
170.200000,9.9980859133e-04,2.7005161962e-01
170.250000,9.9900008694e-04,2.7939568516e-01
170.300000,9.9951532879e-04,2.7932866227e-01
170.350000,1.0003888874e-03,2.7826933790e-01
170.400000,9.9887939923e-04,2.7271031729e-01
170.450000,9.9834351546e-04,2.7404611353e-01
170.500000,1.0003878107e-03,2.6684379736e-01
170.550000,9.9950005250e-04,2.7606782960e-01
170.600000,1.0015155582e-03,2.7527850427e-01
170.650000,9.9815260884e-04,2.7166399531e-01
170.700000,9.9864923144e-04,2.7506781476e-01
170.750000,1.0009190492e-03,2.6992251047e-01
170.800000,1.0001650863e-03,2.6881164625e-01
170.850000,1.0003451515e-03,2.7095252959e-01
170.900000,9.9887605034e-04,2.6686810629e-01
170.950000,1.0008258836e-03,2.7578611762e-01
171.000000,1.0003835994e-03,2.6767174933e-01
171.050000,9.9810664623e-04,2.7504693899e-01
171.100000,1.0003143110e-03,2.7477152898e-01
171.150000,9.9944419684e-04,2.6484290382e-01
171.200000,1.0013173892e-03,2.7483338721e-01
171.250000,9.9834909822e-04,2.8256141935e-01
171.300000,9.9941934495e-04,2.6759809966e-01
171.350000,9.9906563425e-04,2.8100404807e-01
171.400000,9.9959340054e-04,2.7633310016e-01
171.450000,1.0013671244e-03,2.7154101096e-01
171.500000,9.9983963595e-04,2.6826451703e-01
171.550000,9.9889108995e-04,2.7374367305e-01
171.600000,1.0014471010e-03,2.8435819253e-01
171.650000,9.9942897169e-04,2.7903414441e-01
171.700000,9.9964266340e-04,2.6670396268e-01
171.750000,1.0001142130e-03,2.7767913786e-01
171.800000,9.9889701191e-04,2.7669015637e-01
171.850000,1.0011103293e-03,2.6917199217e-01
171.900000,1.0010027762e-03,2.7630756324e-01
171.950000,1.0006937950e-03,2.8061147138e-01
172.000000,9.9861407370e-04,2.8052713216e-01
172.050000,9.9956078686e-04,2.7452876203e-01
172.100000,1.0002482506e-03,2.7923284144e-01
172.150000,1.0010460789e-03,2.7401458957e-01
172.200000,9.9753077488e-04,2.7312160497e-01
172.250000,9.9978809883e-04,2.7241465568e-01
172.300000,1.0007088021e-03,2.7718991739e-01
172.350000,1.0010214517e-03,2.7929564858e-01
172.400000,1.0005536408e-03,2.5998476317e-01
172.450000,9.9977010714e-04,2.6709888713e-01
172.500000,9.9968442289e-04,2.7541034035e-01
172.550000,1.0009264160e-03,2.7084846599e-01
172.600000,9.9920271068e-04,2.6917436393e-01
172.650000,1.0009375752e-03,2.7786392246e-01
172.700000,1.0002209147e-03,2.7101702588e-01
172.750000,1.0001125388e-03,2.6978125017e-01
172.800000,9.9976740202e-04,2.6787946115e-01
172.850000,1.0007501158e-03,2.6074114008e-01
172.900000,9.9830556678e-04,2.5838867997e-01
172.950000,9.9962120922e-04,2.7100877647e-01
173.000000,1.0003465171e-03,2.7584016189e-01
173.050000,9.9941933577e-04,2.8311679856e-01
173.100000,9.9874311705e-04,2.7074981586e-01
173.150000,1.0002136044e-03,2.7997635437e-01
173.200000,1.0015965552e-03,2.8021263101e-01
173.250000,1.0007686570e-03,2.7734901992e-01
173.300000,1.0002692203e-03,2.7624407301e-01
173.350000,9.9963507237e-04,2.7806571468e-01
173.400000,1.0004838584e-03,2.7588039827e-01
173.450000,1.0008295540e-03,2.7591864890e-01
173.500000,1.0028254879e-03,2.7578184728e-01
173.550000,9.9991252626e-04,2.7458317175e-01
173.600000,1.0017303653e-03,2.6955783742e-01
173.650000,1.0008403894e-03,2.7624794209e-01
173.700000,1.0002731157e-03,2.8424444798e-01
173.750000,9.9926039087e-04,2.7459258910e-01
173.800000,1.0004575499e-03,2.7248655185e-01
173.850000,1.0014546465e-03,2.6733161758e-01
173.900000,9.9915672054e-04,2.6463769948e-01
173.950000,9.9971083060e-04,2.7008820591e-01
174.000000,1.0003567712e-03,2.7520168711e-01
174.050000,1.0007108293e-03,2.7194774146e-01
174.100000,1.0006607553e-03,2.6740948001e-01
174.150000,9.9924895473e-04,2.6178669535e-01
174.200000,1.0002896407e-03,2.7209205553e-01
174.250000,1.0000616225e-03,2.8010134199e-01
174.300000,1.0014909487e-03,2.6693627396e-01
174.350000,9.9982777425e-04,2.7033905928e-01
174.400000,1.0006364077e-03,2.7906534716e-01
174.450000,1.0015626161e-03,2.6555251187e-01
174.500000,9.9900411635e-04,2.7597430465e-01
174.550000,9.9987458842e-04,2.6830154083e-01
174.600000,1.0007644022e-03,2.7143779201e-01
174.650000,1.0017196774e-03,2.6281531898e-01
174.700000,9.9970344915e-04,2.5828425123e-01
174.750000,9.9855407475e-04,2.7530828740e-01
174.800000,9.9938368293e-04,2.7113255093e-01
174.850000,1.0001050268e-03,2.7284137784e-01
174.900000,9.9950600235e-04,2.7581889279e-01
174.950000,1.0021278156e-03,2.7950847911e-01
175.000000,9.9994451648e-04,2.7686180956e-01
175.050000,9.9867410078e-04,2.6990241194e-01
175.100000,1.0012878320e-03,2.7154481156e-01
175.150000,9.9893215268e-04,2.7092259460e-01
175.200000,1.0006214373e-03,2.7521674766e-01
175.250000,1.0003979687e-03,2.7511243551e-01
175.300000,9.9995584643e-04,2.6598056073e-01
175.350000,9.9897659685e-04,2.6653433053e-01
175.400000,1.0013344746e-03,2.7377629894e-01
175.450000,9.9954828835e-04,2.7294497911e-01
175.500000,9.9929658777e-04,2.7259154550e-01
175.550000,1.0021108349e-03,2.7447499318e-01
175.600000,9.9990003917e-04,2.7833735613e-01
175.650000,1.0006856663e-03,2.6415282556e-01
175.700000,1.0014822488e-03,2.7325555985e-01
175.750000,1.0008858531e-03,2.7380129829e-01
175.800000,1.0005425435e-03,2.7394414034e-01
175.850000,1.0009172837e-03,2.8232168150e-01
175.900000,1.0013992148e-03,2.7453063545e-01
175.950000,1.0010320114e-03,2.7073233622e-01
176.000000,9.9977515734e-04,2.7642755830e-01
176.050000,9.9918444823e-04,2.7627370353e-01
176.100000,1.0002240271e-03,2.6923763067e-01
176.150000,1.0007640603e-03,2.6962755810e-01
176.200000,9.9952564171e-04,2.7487210141e-01
176.250000,9.9947102577e-04,2.7722480321e-01
176.300000,9.9964587095e-04,2.7195159097e-01
176.350000,1.0011734255e-03,2.6661831914e-01
176.400000,1.0022824575e-03,2.7039957173e-01
176.450000,1.0003736008e-03,2.6478067520e-01
176.500000,9.9833451913e-04,2.6226578765e-01
176.550000,1.0002926108e-03,2.7222308626e-01
176.600000,1.0010241564e-03,2.7304489441e-01
176.650000,9.9859879278e-04,2.6813495294e-01
176.700000,9.9842541250e-04,2.7874763098e-01
176.750000,9.9943261606e-04,2.6670686755e-01
176.800000,9.9934272986e-04,2.7737555858e-01
176.850000,9.9994480754e-04,2.6948194054e-01
176.900000,1.0006401882e-03,2.6429124747e-01
176.950000,1.0000015053e-03,2.6038580623e-01
177.000000,9.9943305421e-04,2.7509977858e-01
177.050000,1.0002727212e-03,2.8416653956e-01
177.100000,1.0019753716e-03,2.8120064251e-01
177.150000,1.0000222882e-03,2.7326212532e-01
177.200000,9.9940690152e-04,2.7318891167e-01
177.250000,1.0002721566e-03,2.7324059655e-01
177.300000,1.0009825885e-03,2.7033723374e-01
177.350000,1.0008556086e-03,2.6740956490e-01
177.400000,9.9944453282e-04,2.7230231041e-01
177.450000,1.0014550149e-03,2.6718201396e-01
177.500000,1.0009436136e-03,2.6357009029e-01
177.550000,9.9857924524e-04,2.6991976259e-01
177.600000,1.0008217370e-03,2.7149864753e-01
177.650000,9.9977025056e-04,2.7534509637e-01
177.700000,1.0002208239e-03,2.6433134930e-01
177.750000,9.9832769733e-04,2.6804925447e-01
177.800000,9.9969151349e-04,2.7327399537e-01
177.850000,9.9988504478e-04,2.7771207219e-01
177.900000,1.0012626065e-03,2.8062336916e-01
177.950000,1.0014942609e-03,2.7183070618e-01
178.000000,9.9916462664e-04,2.8425581163e-01
178.050000,1.0002084533e-03,2.6419884471e-01
178.100000,9.9653979322e-04,2.7543804734e-01
178.150000,1.0006019909e-03,2.6234577402e-01
178.200000,9.9992900993e-04,2.7692647260e-01
178.250000,9.9971304767e-04,2.7423707042e-01
178.300000,9.9846165766e-04,2.6929330099e-01
178.350000,1.0002115066e-03,2.7266052633e-01
178.400000,1.0011423537e-03,2.7288473382e-01
178.450000,1.0011711720e-03,2.7491409101e-01
178.500000,9.9950701781e-04,2.6632696451e-01
178.550000,1.0010982097e-03,2.7663527413e-01
178.600000,1.0004484365e-03,2.7765906131e-01
178.650000,1.0013507595e-03,2.6959810042e-01
178.700000,1.0005653091e-03,2.5866627353e-01
178.750000,1.0002391383e-03,2.6976942046e-01
178.800000,1.0010732850e-03,2.7132010473e-01
178.850000,9.9973552671e-04,2.7308620951e-01
178.900000,1.0006612770e-03,2.8066889009e-01
178.950000,1.0005942613e-03,2.6723312795e-01
179.000000,1.0017141745e-03,2.6904205581e-01
179.050000,1.0014233040e-03,2.7253333176e-01
179.100000,9.9847545869e-04,2.8353585475e-01
179.150000,1.0005275669e-03,2.7456203303e-01
179.200000,9.9960364668e-04,2.7994097007e-01
179.250000,9.9963887933e-04,2.7590831212e-01
179.300000,1.0000827827e-03,2.7167019618e-01
179.350000,1.0018604152e-03,2.7609662024e-01
179.400000,1.0013450280e-03,2.7470640439e-01
179.450000,1.0012579617e-03,2.8005029622e-01
179.500000,9.9898521106e-04,2.7353287690e-01
179.550000,9.9947829614e-04,2.6833038428e-01
179.600000,9.9893918670e-04,2.7267679501e-01
179.650000,1.0010900506e-03,2.6966743220e-01
179.700000,9.9886488378e-04,2.6983347464e-01
179.750000,1.0002370057e-03,2.7363617205e-01
179.800000,9.9802539967e-04,2.7923667598e-01
179.850000,1.0007801757e-03,2.6692756858e-01
179.900000,9.9804805139e-04,2.6376099565e-01
179.950000,1.0019491356e-03,2.7073782012e-01
180.000000,1.0014141770e-03,2.7391945381e-01
180.050000,9.9851839300e-04,2.7034433403e-01
180.100000,9.9927119428e-04,2.6848264927e-01
180.150000,9.9805332984e-04,2.6957956464e-01
180.200000,1.0032822186e-03,2.8114841945e-01
180.250000,1.0011403535e-03,2.7401733433e-01
180.300000,1.0003518602e-03,2.6899921868e-01
180.350000,1.0003453674e-03,2.6569173296e-01
180.400000,1.0002251691e-03,2.7870324339e-01
180.450000,1.0004151103e-03,2.6839161525e-01
180.500000,1.0008909143e-03,2.7065347686e-01
180.550000,9.9754824892e-04,2.7254231632e-01
180.600000,1.0005309085e-03,2.7415571088e-01
180.650000,1.0018990900e-03,2.7626729921e-01
180.700000,9.9983074294e-04,2.7633200033e-01
180.750000,1.0004796184e-03,2.7617014965e-01
180.800000,1.0007030144e-03,2.6151511319e-01
180.850000,1.0007779138e-03,2.7467769177e-01
180.900000,9.9929490151e-04,2.7328428343e-01
180.950000,9.9826871292e-04,2.7499357537e-01
181.000000,1.0002589018e-03,2.7759193090e-01
181.050000,9.9800223789e-04,2.7016538846e-01
181.100000,9.9976326059e-04,2.7250223517e-01
181.150000,1.0000481313e-03,2.7663425482e-01
181.200000,9.9935623287e-04,2.6945426152e-01
181.250000,9.9861423836e-04,2.7949350667e-01
181.300000,1.0010077751e-03,2.7266272676e-01
181.350000,1.0000362376e-03,2.7120944297e-01
181.400000,9.9979825175e-04,2.7027682854e-01
181.450000,1.0009666343e-03,2.6228027003e-01
181.500000,9.9805464369e-04,2.7305999040e-01
181.550000,9.9850679827e-04,2.6430623456e-01
181.600000,9.9820454225e-04,2.7602522815e-01
181.650000,1.0008253274e-03,2.6666122990e-01
181.700000,9.9851640747e-04,2.7534886788e-01
181.750000,9.9882921255e-04,2.7926124427e-01
181.800000,1.0018082523e-03,2.7180430208e-01
181.850000,9.9991677369e-04,2.6419782735e-01
181.900000,1.0021285529e-03,2.8138848102e-01
181.950000,1.0007935729e-03,2.6339196503e-01
182.000000,1.0000971393e-03,2.6901462575e-01
182.050000,1.0020103375e-03,2.8369015419e-01
182.100000,1.0005910598e-03,2.7357452885e-01
182.150000,1.0001408831e-03,2.8226550414e-01
182.200000,1.0002753260e-03,2.7820938994e-01
182.250000,9.9915445697e-04,2.7100227854e-01
182.300000,9.9921163216e-04,2.6268644752e-01
182.350000,1.0009083341e-03,2.6356279462e-01
182.400000,9.9971035504e-04,2.6721609787e-01
182.450000,1.0001035532e-03,2.7246787486e-01
182.500000,1.0011516744e-03,2.6716302865e-01
182.550000,9.9965822820e-04,2.8322346981e-01
182.600000,9.9956010464e-04,2.6748038414e-01
182.650000,9.9973881245e-04,2.7371645540e-01
182.700000,1.0011857038e-03,2.8051508856e-01
182.750000,9.9860089720e-04,2.7806175143e-01
182.800000,1.0006662147e-03,2.7564459342e-01
182.850000,1.0006599422e-03,2.7273711830e-01
182.900000,1.0007662397e-03,2.7537486233e-01
182.950000,9.9840165272e-04,2.7594979962e-01
183.000000,1.0000498804e-03,2.7352037014e-01
183.050000,1.0011756016e-03,2.7654564936e-01
183.100000,9.9895448482e-04,2.7310555124e-01
183.150000,1.0009399756e-03,2.7375282949e-01
183.200000,1.0009568891e-03,2.6615385498e-01
183.250000,9.9915137589e-04,2.7278439872e-01
183.300000,1.0014101769e-03,2.6640364641e-01
183.350000,9.9911167622e-04,2.7413421475e-01
183.400000,9.9903812995e-04,2.6899645426e-01
183.450000,9.9906141126e-04,2.5805375364e-01
183.500000,9.9872398530e-04,2.8024958780e-01
183.550000,9.9886657616e-04,2.6788239014e-01
183.600000,1.0009743230e-03,2.7312238766e-01
183.650000,1.0004477002e-03,2.6430472244e-01
183.700000,1.0002598405e-03,2.7911958758e-01
183.750000,1.0005029304e-03,2.8070209452e-01
183.800000,1.0012543493e-03,2.6956103355e-01
183.850000,1.0000412908e-03,2.7892754346e-01
183.900000,9.9923353305e-04,2.5814615878e-01
183.950000,9.9886356393e-04,2.7209026802e-01
184.000000,1.0009071811e-03,2.7117577145e-01
184.050000,9.9967313496e-04,2.7501004297e-01
184.100000,1.0004403262e-03,2.6694931028e-01
184.150000,9.9977454117e-04,2.7202916829e-01
184.200000,1.0001521690e-03,2.7711156912e-01
184.250000,1.0007280517e-03,2.6512327109e-01
184.300000,9.9971916470e-04,2.7207857998e-01
184.350000,1.0000514299e-03,2.7527108725e-01
184.400000,9.9943536159e-04,2.6248445165e-01
184.450000,9.9977749945e-04,2.7241978580e-01
184.500000,9.9886839581e-04,2.6935112590e-01
184.550000,9.9705257159e-04,2.6485457674e-01
184.600000,9.9803691449e-04,2.6903629797e-01
184.650000,9.9994247500e-04,2.6518837150e-01
184.700000,9.9949086881e-04,2.7117832327e-01
184.750000,1.0004443499e-03,2.6481199639e-01
184.800000,1.0008834810e-03,2.7776605951e-01
184.850000,1.0001958374e-03,2.6987082607e-01
184.900000,1.0012121740e-03,2.7338783558e-01
184.950000,1.0014259816e-03,2.8059738457e-01
185.000000,1.0017646340e-03,2.7920589411e-01
185.050000,1.0007009646e-03,2.7858194856e-01
185.100000,9.9997741895e-04,2.7851193756e-01
185.150000,1.0012585034e-03,2.6800613823e-01
185.200000,1.0007783449e-03,2.6867713242e-01
185.250000,9.9893656775e-04,2.7088204070e-01
185.300000,9.9973060434e-04,2.7043056455e-01
185.350000,9.9948532016e-04,2.7309401394e-01
185.400000,9.9819501765e-04,2.7278680546e-01
185.450000,1.0004972675e-03,2.7209583424e-01
185.500000,1.0005518496e-03,2.7988967988e-01
185.550000,9.9774140292e-04,2.6934987786e-01
185.600000,9.9882021560e-04,2.7307395193e-01
185.650000,9.9974441814e-04,2.7789578929e-01
185.700000,1.0008747689e-03,2.7240488553e-01
185.750000,1.0004319412e-03,2.7466263325e-01
185.800000,1.0005077449e-03,2.7263774986e-01
185.850000,1.0006804825e-03,2.7233360411e-01
185.900000,9.9808807531e-04,2.7317903176e-01
185.950000,9.9934019185e-04,2.7171358647e-01
186.000000,1.0018427220e-03,2.6556662470e-01
186.050000,1.0010426518e-03,2.7643353147e-01
186.100000,9.9921305808e-04,2.6257931229e-01
186.150000,1.0012497823e-03,2.7613091032e-01
186.200000,9.9992008479e-04,2.7558115331e-01
186.250000,9.9844609615e-04,2.7991033095e-01
186.300000,9.9907655694e-04,2.6977781474e-01
186.350000,9.9976250180e-04,2.6702763153e-01
186.400000,9.9904480430e-04,2.6653566503e-01
186.450000,9.9859140306e-04,2.7396778751e-01
186.500000,9.9888768571e-04,2.7433186232e-01
186.550000,9.9932039355e-04,2.7312869065e-01
186.600000,9.9954580220e-04,2.7539135262e-01
186.650000,9.9947681560e-04,2.7202435301e-01
186.700000,1.0001302079e-03,2.7823405385e-01
186.750000,1.0017864321e-03,2.7594035975e-01
186.800000,1.0005434722e-03,2.6863610476e-01
186.850000,1.0016750464e-03,2.7448726232e-01
186.900000,9.9918851886e-04,2.7367387899e-01
186.950000,9.9938700190e-04,2.6947718541e-01
187.000000,9.9961905629e-04,2.7099380221e-01
187.050000,1.0009055239e-03,2.7975977050e-01
187.100000,9.9829953657e-04,2.7272688514e-01
187.150000,9.9756634470e-04,2.6369093979e-01
187.200000,1.0001041905e-03,2.7978835361e-01
187.250000,1.0002598990e-03,2.7160775297e-01
187.300000,1.0002592675e-03,2.7087460449e-01
187.350000,1.0014269443e-03,2.8108710105e-01
187.400000,1.0011424857e-03,2.7177031066e-01
187.450000,9.9927135724e-04,2.7387996444e-01
187.500000,9.9987480863e-04,2.8565727041e-01
187.550000,1.0001616085e-03,2.7138876039e-01
187.600000,1.0006185890e-03,2.8010868559e-01
187.650000,1.0019235408e-03,2.7065790985e-01
187.700000,9.9878242801e-04,2.6644716823e-01
187.750000,1.0005917225e-03,2.7247621954e-01
187.800000,1.0018060949e-03,2.6620294846e-01
187.850000,9.9901989402e-04,2.7599790742e-01
187.900000,9.9853880693e-04,2.7376908357e-01
187.950000,9.9902526684e-04,2.6317064865e-01
188.000000,1.0016692703e-03,2.7813459458e-01
188.050000,1.0013962910e-03,2.7324365517e-01
188.100000,1.0012193542e-03,2.7490254583e-01
188.150000,9.9884073080e-04,2.7734182707e-01
188.200000,9.9993273419e-04,2.8241014807e-01
188.250000,9.9958066395e-04,2.7623866876e-01
188.300000,9.9938789944e-04,2.7178971997e-01
188.350000,9.9995695657e-04,2.7297659543e-01
188.400000,9.9995825233e-04,2.8054729865e-01
188.450000,1.0000165176e-03,2.6997278171e-01
188.500000,9.9877756589e-04,2.6229394453e-01
188.550000,9.9873500493e-04,2.7509594055e-01
188.600000,9.9955611761e-04,2.7316082601e-01
188.650000,9.9899155961e-04,2.7018577733e-01
188.700000,1.0007405521e-03,2.7215547766e-01
188.750000,9.9931346262e-04,2.6774417758e-01
188.800000,9.9973868940e-04,2.6541762905e-01
188.850000,9.9859647289e-04,2.6714492280e-01
188.900000,1.0015199804e-03,2.7484481803e-01
188.950000,9.9928909243e-04,2.7234644445e-01
189.000000,9.9861117705e-04,2.8270520331e-01
189.050000,1.0004861065e-03,2.7876334224e-01
189.100000,9.9968640702e-04,2.6684945969e-01
189.150000,1.0006695926e-03,2.7324558829e-01
189.200000,1.0007306610e-03,2.7554388589e-01
189.250000,9.9998650321e-04,2.6835721553e-01
189.300000,1.0008587617e-03,2.6143260471e-01
189.350000,1.0012686532e-03,2.7008531314e-01
189.400000,1.0005001152e-03,2.7830418089e-01
189.450000,9.9917112254e-04,2.6723440327e-01
189.500000,9.9892589317e-04,2.7609663955e-01
189.550000,9.9960104848e-04,2.8033554960e-01
189.600000,1.0006402141e-03,2.7648714793e-01
189.650000,9.9955830858e-04,2.6814779133e-01
189.700000,9.9927960751e-04,2.6758319127e-01
189.750000,9.9978036286e-04,2.6705933230e-01
189.800000,1.0009887967e-03,2.7555755146e-01
189.850000,9.9978260378e-04,2.6604481102e-01
189.900000,9.9884337931e-04,2.7065604816e-01
189.950000,9.9886196355e-04,2.7600070116e-01
190.000000,1.0006115149e-03,2.7565666096e-01
190.050000,1.0003673044e-03,2.6925433309e-01
190.100000,9.9944984089e-04,2.7018300316e-01
190.150000,9.9947395121e-04,2.7540664090e-01
190.200000,9.9948155146e-04,2.6878530906e-01
190.250000,1.0007619741e-03,2.7469041257e-01
190.300000,9.9887706380e-04,2.6606869241e-01
190.350000,1.0003689706e-03,2.7512854332e-01
190.400000,1.0014601317e-03,2.7645929726e-01
190.450000,9.9954309669e-04,2.8099785283e-01
190.500000,1.0004508211e-03,2.6371117882e-01
190.550000,1.0007117490e-03,2.6726874409e-01
190.600000,9.9876008759e-04,2.7671378620e-01
190.650000,9.9991369615e-04,2.6894236220e-01
190.700000,1.0008002143e-03,2.6710849596e-01
190.750000,1.0008728367e-03,2.7491507327e-01
190.800000,9.9897381889e-04,2.8530408926e-01
190.850000,9.9984924955e-04,2.8139937720e-01
190.900000,9.9862539583e-04,2.8145415994e-01
190.950000,9.9898715696e-04,2.7810840544e-01
191.000000,1.0018157276e-03,2.8010739880e-01
191.050000,1.0000208608e-03,2.7245749873e-01
191.100000,1.0000645295e-03,2.6592008334e-01
191.150000,1.0008873905e-03,2.7864269270e-01
191.200000,9.9996913405e-04,2.7742147952e-01
191.250000,1.0002415121e-03,2.6550513855e-01
191.300000,9.9961731931e-04,2.7611445052e-01
191.350000,9.9970681484e-04,2.7259776363e-01
191.400000,9.9955161723e-04,2.6949186949e-01
191.450000,1.0004002265e-03,2.7340813401e-01
191.500000,1.0000017532e-03,2.7479017942e-01
191.550000,9.9966273270e-04,2.7404761884e-01
191.600000,9.9993273297e-04,2.8327478821e-01
191.650000,1.0011146476e-03,2.7483616189e-01
191.700000,9.9874230639e-04,2.6948108098e-01
191.750000,1.0008447103e-03,2.7967531888e-01
191.800000,1.0004050324e-03,2.7466868727e-01
191.850000,9.9920889884e-04,2.7253217271e-01
191.900000,1.0006689465e-03,2.7806087097e-01
191.950000,9.9838679139e-04,2.7219385643e-01
192.000000,9.9945923224e-04,2.7601075752e-01
192.050000,1.0012565635e-03,2.6725002082e-01
192.100000,9.9917003048e-04,2.7899933533e-01
192.150000,1.0015630898e-03,2.7034393967e-01
192.200000,9.9889386868e-04,2.6573363505e-01
192.250000,1.0004982591e-03,2.7434162904e-01
192.300000,1.0003313078e-03,2.7512065993e-01
192.350000,9.9993044710e-04,2.7207684938e-01
192.400000,9.9929008443e-04,2.6405780255e-01
192.450000,9.9834110850e-04,2.7460929381e-01
192.500000,1.0011019373e-03,2.7921128789e-01
192.550000,9.9872629541e-04,2.7222936383e-01
192.600000,9.9802526166e-04,2.7727708800e-01
192.650000,1.0005512677e-03,2.7915858708e-01
192.700000,1.0005877586e-03,2.6757323965e-01
192.750000,1.0000458197e-03,2.6567009509e-01
192.800000,9.9966334450e-04,2.7222817326e-01
192.850000,9.9985570683e-04,2.6697071106e-01
192.900000,9.9856271625e-04,2.6828318469e-01
192.950000,1.0015507320e-03,2.6851318390e-01
193.000000,1.0011718025e-03,2.7729449642e-01
193.050000,9.9986242389e-04,2.7707773465e-01
193.100000,9.9979430028e-04,2.7323208466e-01
193.150000,1.0007341907e-03,2.6430866319e-01
193.200000,9.9803321945e-04,2.7051322475e-01
193.250000,1.0005043178e-03,2.6597195683e-01
193.300000,9.9803945847e-04,2.6411026191e-01
193.350000,1.0005567233e-03,2.6465051231e-01
193.400000,9.9829787421e-04,2.7630552849e-01
193.450000,1.0010495129e-03,2.8064143300e-01
193.500000,1.0001996502e-03,2.7551938597e-01
193.550000,1.0009497658e-03,2.7524237677e-01
193.600000,9.9789952881e-04,2.7571623422e-01
193.650000,9.9823112077e-04,2.7194601629e-01
193.700000,1.0013428502e-03,2.8056760983e-01
193.750000,9.9923789790e-04,2.8192837536e-01
193.800000,1.0000505914e-03,2.7394216279e-01
193.850000,1.0002981424e-03,2.7436183222e-01
193.900000,9.9900208172e-04,2.6877603785e-01
193.950000,9.9929110393e-04,2.7317255917e-01
194.000000,1.0000291882e-03,2.6729842283e-01
194.050000,9.9991451083e-04,2.7439538518e-01
194.100000,9.9956966359e-04,2.7781296765e-01
194.150000,1.0002435226e-03,2.6942256970e-01
194.200000,1.0005829209e-03,2.6799083488e-01
194.250000,9.9960759462e-04,2.6740160277e-01
194.300000,9.9970666706e-04,2.6060259660e-01
194.350000,1.0000631553e-03,2.7105873591e-01
194.400000,9.9947429029e-04,2.6611080442e-01
194.450000,9.9928538266e-04,2.7037345065e-01
194.500000,9.9947800418e-04,2.7021286210e-01
194.550000,1.0008865524e-03,2.6497396171e-01
194.600000,1.0004543920e-03,2.7055496028e-01
194.650000,9.9926486249e-04,2.7765917209e-01
194.700000,9.9995753686e-04,2.6900991641e-01
194.750000,1.0006478681e-03,2.6546495023e-01
194.800000,1.0004939437e-03,2.8301140109e-01
194.850000,9.9988710134e-04,2.7079174825e-01
194.900000,1.0000732047e-03,2.6510465886e-01
194.950000,1.0005398743e-03,2.7300634658e-01
195.000000,1.0016255769e-03,2.7239428772e-01
195.050000,1.0008377301e-03,2.7970116502e-01
195.100000,9.9961665660e-04,2.7509257330e-01
195.150000,9.9952992669e-04,2.6213258133e-01
195.200000,9.9981267509e-04,2.7456865296e-01
195.250000,9.9988523501e-04,2.7808528938e-01
195.300000,9.9869648667e-04,2.7201644617e-01
195.350000,9.9971145268e-04,2.7207395876e-01
195.400000,9.9793407898e-04,2.8142507385e-01
195.450000,9.9928865901e-04,2.6755151202e-01
195.500000,1.0002057296e-03,2.8512577828e-01
195.550000,1.0009877041e-03,2.7269079947e-01
195.600000,9.9956756789e-04,2.6876074244e-01
195.650000,1.0004928695e-03,2.7110654593e-01
195.700000,1.0003883920e-03,2.7299775195e-01
195.750000,1.0007579170e-03,2.6806211431e-01
195.800000,9.9929832298e-04,2.8189285258e-01
195.850000,9.9916145354e-04,2.7039006039e-01
195.900000,9.9835158187e-04,2.6707497480e-01
195.950000,9.9833758363e-04,2.7288743799e-01
196.000000,9.9879203823e-04,2.7441346356e-01
196.050000,1.0012822350e-03,2.7437737111e-01
196.100000,1.0018420583e-03,2.6972140458e-01
196.150000,9.9910164074e-04,2.6909968986e-01
196.200000,9.9924684076e-04,2.6751090889e-01
196.250000,1.0004878098e-03,2.6555235846e-01
196.300000,1.0004131216e-03,2.7593199084e-01
196.350000,9.9906821462e-04,2.7545095665e-01
196.400000,9.9893847998e-04,2.6721704360e-01
196.450000,9.9971408913e-04,2.6988149092e-01
196.500000,1.0014955380e-03,2.6431933919e-01
196.550000,1.0009237735e-03,2.8011725395e-01
196.600000,9.9975027508e-04,2.6815873740e-01
196.650000,1.0022210403e-03,2.7229390749e-01
196.700000,9.9962393974e-04,2.6942531914e-01
196.750000,1.0013700664e-03,2.6929547970e-01
196.800000,9.9928124635e-04,2.8178334820e-01
196.850000,1.0003250489e-03,2.5879873991e-01
196.900000,1.0008156288e-03,2.6920222156e-01
196.950000,9.9955129368e-04,2.7871903983e-01
197.000000,1.0023069676e-03,2.6955568066e-01
197.050000,9.9905174899e-04,2.7774305039e-01
197.100000,9.9845204886e-04,2.6788491028e-01
197.150000,1.0008588917e-03,2.7398577392e-01
197.200000,9.9941539213e-04,2.8314880159e-01
197.250000,9.9928712921e-04,2.7236337268e-01
197.300000,1.0002064322e-03,2.7723015864e-01
197.350000,1.0003189185e-03,2.6700643832e-01
197.400000,1.0000175524e-03,2.8037792035e-01
197.450000,9.9928456415e-04,2.7049252104e-01
197.500000,9.9972896901e-04,2.6990366376e-01
197.550000,1.0003183788e-03,2.7704411828e-01
197.600000,9.9833977015e-04,2.7039421056e-01
197.650000,9.9910500527e-04,2.8087929371e-01
197.700000,1.0006105833e-03,2.7090703710e-01
197.750000,1.0013590997e-03,2.7767294532e-01
197.800000,1.0002444413e-03,2.7563662825e-01
197.850000,9.9982179417e-04,2.7179667032e-01
197.900000,1.0012594708e-03,2.7895233356e-01
197.950000,9.9912933512e-04,2.7657770096e-01
198.000000,1.0006579434e-03,2.6076291010e-01
198.050000,1.0006477857e-03,2.6516116941e-01
198.100000,1.0007292759e-03,2.6777121817e-01
198.150000,9.9982256617e-04,2.7201224676e-01
198.200000,1.0009490851e-03,2.7112682687e-01
198.250000,9.9909595493e-04,2.7623155052e-01
198.300000,9.9983146763e-04,2.6322930045e-01
198.350000,1.0017827687e-03,2.6916555219e-01
198.400000,9.9951519692e-04,2.7510373113e-01
198.450000,9.9983794931e-04,2.8552379117e-01
198.500000,9.9985923976e-04,2.7174341320e-01
198.550000,9.9965811612e-04,2.7459441063e-01
198.600000,1.0002244695e-03,2.7148170152e-01
198.650000,9.9975252677e-04,2.7519728955e-01
198.700000,9.9933282449e-04,2.6852488899e-01
198.750000,9.9880956417e-04,2.7846352318e-01
198.800000,1.0007544185e-03,2.7736543089e-01
198.850000,1.0005572736e-03,2.7501959261e-01
198.900000,1.0002805051e-03,2.7447490654e-01
198.950000,1.0006797425e-03,2.6841840136e-01
199.000000,1.0003665944e-03,2.6857225631e-01
199.050000,9.9907739379e-04,2.6687093343e-01
199.100000,9.9993809972e-04,2.7211673290e-01
199.150000,1.0002655930e-03,2.8149483468e-01
199.200000,9.9942942119e-04,2.7622432762e-01
199.250000,1.0017739144e-03,2.7322997894e-01
199.300000,9.9887725797e-04,2.6671624376e-01
199.350000,1.0001684109e-03,2.6185213795e-01
199.400000,1.0007252913e-03,2.7596939223e-01
199.450000,9.9950856938e-04,2.8302346690e-01
199.500000,9.9971640611e-04,2.7224358356e-01
199.550000,9.9948782339e-04,2.7670225795e-01
199.600000,9.9974637803e-04,2.7154638521e-01
199.650000,1.0002492427e-03,2.8400616769e-01
199.700000,1.0007198270e-03,2.6688646539e-01
199.750000,9.9961397041e-04,2.7509110630e-01
199.800000,9.9913942809e-04,2.7193098745e-01
199.850000,9.9955595256e-04,2.7217371866e-01
199.900000,1.0010158854e-03,2.7200394198e-01
199.950000,9.9949946131e-04,2.8009517284e-01
200.000000,9.9807052622e-04,2.7497566646e-01
200.050000,9.9954328353e-04,2.8373492003e-01
200.100000,9.9950058269e-04,2.7509563844e-01
200.150000,9.9918370704e-04,2.7214927575e-01
200.200000,1.0002757203e-03,2.7674815158e-01
200.250000,9.9915731970e-04,2.8634936003e-01
200.300000,9.9922371516e-04,2.6668183415e-01
200.350000,1.0002225627e-03,2.6368380473e-01
200.400000,1.0000597355e-03,2.7117588105e-01
200.450000,1.0005907780e-03,2.7399677560e-01
200.500000,1.0015811180e-03,2.7808310497e-01
200.550000,1.0011183998e-03,2.7476975118e-01
200.600000,1.0003077920e-03,2.8491114754e-01
200.650000,9.9935587323e-04,2.7146657861e-01
200.700000,1.0002489072e-03,2.8105604464e-01
200.750000,9.9982055055e-04,2.6166857457e-01
200.800000,1.0004156775e-03,2.7895982679e-01
200.850000,1.0013925424e-03,2.6863347597e-01
200.900000,9.9899210000e-04,2.7576430187e-01
200.950000,1.0000475030e-03,2.6811942535e-01
201.000000,1.0010761254e-03,2.7405773178e-01
201.050000,1.0001292886e-03,2.7341554854e-01
201.100000,9.9863831924e-04,2.6655426218e-01
201.150000,9.9967817337e-04,2.7245858076e-01
201.200000,9.9947430611e-04,2.7133052402e-01
201.250000,1.0002561557e-03,2.7345618206e-01
201.300000,1.0012723751e-03,2.6822082459e-01
201.350000,1.0011483890e-03,2.6507640988e-01
201.400000,1.0005931235e-03,2.7038641327e-01
201.450000,9.9983489558e-04,2.7192043596e-01
201.500000,9.9958968491e-04,2.7889447667e-01
201.550000,1.0011569910e-03,2.8004510537e-01
201.600000,1.0009217107e-03,2.7274136123e-01
201.650000,1.0004090860e-03,2.7733024485e-01
201.700000,9.9959880921e-04,2.7026406449e-01
201.750000,1.0008500879e-03,2.7148691351e-01
201.800000,1.0002694494e-03,2.6864316372e-01
201.850000,9.9809226942e-04,2.7864136761e-01
201.900000,1.0013649235e-03,2.7432165118e-01
201.950000,1.0019000187e-03,2.6538466487e-01
202.000000,1.0004072463e-03,2.7598797341e-01
202.050000,9.9929348903e-04,2.7563226853e-01
202.100000,9.9836714282e-04,2.7415539282e-01
202.150000,1.0017041750e-03,2.7019148264e-01
202.200000,1.0007449889e-03,2.6552451439e-01
202.250000,9.9824430554e-04,2.7968457138e-01
202.300000,9.9981161022e-04,2.6261328963e-01
202.350000,1.0006856848e-03,2.7695641559e-01
202.400000,1.0002680838e-03,2.7102687501e-01
202.450000,9.9918519708e-04,2.7431659236e-01
202.500000,9.9889357905e-04,2.7371262707e-01
202.550000,1.0010653088e-03,2.7968360108e-01
202.600000,9.9916526246e-04,2.8043646893e-01
202.650000,1.0009879896e-03,2.8117996941e-01
202.700000,1.0010648783e-03,2.6763216076e-01
202.750000,1.0006079658e-03,2.7820390718e-01
202.800000,1.0007176996e-03,2.6908311379e-01
202.850000,9.9999279635e-04,2.7156165552e-01
202.900000,1.0014766714e-03,2.7045620162e-01
202.950000,1.0021665075e-03,2.7373955874e-01
203.000000,9.9815009178e-04,2.7778841672e-01
203.050000,1.0007614012e-03,2.7328174868e-01
203.100000,1.0008813791e-03,2.7681326009e-01
203.150000,1.0005756022e-03,2.7520468332e-01
203.200000,9.9971774093e-04,2.7212915936e-01
203.250000,9.9842592825e-04,2.8287587418e-01
203.300000,9.9929234350e-04,2.7228046860e-01
203.350000,9.9895663664e-04,2.7367051733e-01
203.400000,1.0002514549e-03,2.7321361357e-01
203.450000,9.9965623119e-04,2.6591408138e-01
203.500000,9.9973360291e-04,2.6708060054e-01
203.550000,9.9937587921e-04,2.7452212519e-01
203.600000,1.0001848270e-03,2.7274605228e-01
203.650000,1.0016824439e-03,2.7925066229e-01
203.700000,1.0003143607e-03,2.7394942909e-01
203.750000,1.0000131092e-03,2.7839688146e-01
203.800000,1.0002864030e-03,2.6187209956e-01
203.850000,1.0013708242e-03,2.7418034579e-01
203.900000,1.0001832622e-03,2.8503978185e-01
203.950000,1.0016673553e-03,2.7688466746e-01
204.000000,1.0006081956e-03,2.6787783513e-01
204.050000,9.9819174047e-04,2.7725267944e-01
204.100000,1.0004969289e-03,2.8339405688e-01
204.150000,1.0001380145e-03,2.7315582482e-01
204.200000,1.0005478505e-03,2.7130314546e-01
204.250000,1.0002274282e-03,2.6948196523e-01
204.300000,1.0005478364e-03,2.7911277300e-01
204.350000,1.0000133733e-03,2.6170371431e-01
204.400000,1.0009179140e-03,2.6940160217e-01
204.450000,9.9992997430e-04,2.6452054831e-01
204.500000,9.9827393344e-04,2.8257049424e-01
204.550000,9.9781297743e-04,2.7738028300e-01
204.600000,9.9795911402e-04,2.7420357981e-01
204.650000,1.0012996800e-03,2.7540676883e-01
204.700000,1.0002638910e-03,2.6937146243e-01
204.750000,9.9911757231e-04,2.7632967010e-01
204.800000,9.9939029113e-04,2.7413689331e-01
204.850000,9.9919508133e-04,2.8031723968e-01
204.900000,9.9849026878e-04,2.8005511267e-01
204.950000,9.9996082160e-04,2.7041292236e-01
205.000000,1.0009600315e-03,2.7472513662e-01
205.050000,9.9925773198e-04,2.7639630262e-01
205.100000,1.0005500498e-03,2.7671846719e-01
205.150000,1.0009127566e-03,2.6707138879e-01
205.200000,9.9861970921e-04,2.6877435502e-01
205.250000,1.0012024397e-03,2.6871082642e-01
205.300000,1.0006470800e-03,2.6964662995e-01
205.350000,9.9744436020e-04,2.7039237949e-01
205.400000,9.9986694391e-04,2.8200367368e-01
205.450000,1.0006493443e-03,2.7672878179e-01
205.500000,1.0005686809e-03,2.7288765273e-01
205.550000,9.9947144659e-04,2.8090663022e-01
205.600000,1.0015189332e-03,2.7236536112e-01
205.650000,1.0010026568e-03,2.7647088343e-01
205.700000,1.0009146301e-03,2.6197990547e-01
205.750000,9.9966922395e-04,2.6410563705e-01
205.800000,1.0011003635e-03,2.6954445783e-01
205.850000,9.9923216593e-04,2.7289352151e-01
205.900000,9.9997819384e-04,2.7773565530e-01
205.950000,1.0019117244e-03,2.7461773312e-01
206.000000,9.9936276133e-04,2.7201138733e-01
206.050000,1.0000859709e-03,2.7876249143e-01
206.100000,1.0026075125e-03,2.7354261979e-01
206.150000,9.9854815264e-04,2.7032610361e-01
206.200000,9.9942180468e-04,2.6180218213e-01
206.250000,9.9927542422e-04,2.7930537839e-01
206.300000,1.0010260890e-03,2.7786111391e-01
206.350000,1.0007337965e-03,2.6765134535e-01
206.400000,9.9990671280e-04,2.7186319157e-01
206.450000,1.0020349891e-03,2.7704272179e-01
206.500000,9.9810763629e-04,2.6791396794e-01
206.550000,1.0006391740e-03,2.6680986928e-01
206.600000,1.0003816188e-03,2.7172131582e-01
206.650000,1.0002223673e-03,2.7115170237e-01
206.700000,1.0011021000e-03,2.7331060660e-01
206.750000,1.0007028204e-03,2.7931228395e-01
206.800000,1.0004027685e-03,2.7360421152e-01
206.850000,9.9947240847e-04,2.7156772712e-01
206.900000,9.9912471929e-04,2.6735432452e-01
206.950000,9.9828199226e-04,2.7844399377e-01
207.000000,9.9999138856e-04,2.7291704817e-01
207.050000,9.9998068144e-04,2.6612112677e-01
207.100000,1.0002668624e-03,2.6199351315e-01
207.150000,9.9985895356e-04,2.8306637038e-01
207.200000,1.0007494081e-03,2.6608322664e-01
207.250000,9.9929058138e-04,2.7181907931e-01
207.300000,1.0011493253e-03,2.7431891298e-01
207.350000,1.0005184525e-03,2.6944645222e-01
207.400000,1.0008986694e-03,2.7336755649e-01
207.450000,1.0022859817e-03,2.8380057400e-01
207.500000,1.0004410068e-03,2.7095480020e-01
207.550000,1.0002883210e-03,2.7990943519e-01
207.600000,1.0004720834e-03,2.6323650341e-01
207.650000,9.9950308161e-04,2.8315269575e-01
207.700000,9.9919030378e-04,2.7250124451e-01
207.750000,1.0006810802e-03,2.7414889754e-01
207.800000,9.9947118059e-04,2.7394606975e-01
207.850000,9.9871990922e-04,2.7713591212e-01
207.900000,9.9901211999e-04,2.7535677689e-01
207.950000,9.9802497760e-04,2.7113013276e-01
208.000000,1.0010645605e-03,2.7935494356e-01
208.050000,9.9820573402e-04,2.6795589541e-01
208.100000,9.9867148477e-04,2.7480987591e-01
208.150000,9.9967313813e-04,2.8102459845e-01
208.200000,1.0006014522e-03,2.7933294222e-01
208.250000,1.0004430267e-03,2.7598731028e-01
208.300000,9.9992924634e-04,2.7744793590e-01
208.350000,1.0008287210e-03,2.7992742435e-01
208.400000,9.9954402611e-04,2.7840029264e-01
208.450000,9.9837906120e-04,2.7502265778e-01
208.500000,1.0002714087e-03,2.6924429419e-01
208.550000,1.0003985278e-03,2.7641350744e-01
208.600000,9.9832617835e-04,2.6261712437e-01
208.650000,1.0000846073e-03,2.7448950839e-01
208.700000,1.0012956811e-03,2.7928500140e-01
208.750000,1.0008173317e-03,2.7781341215e-01
208.800000,9.9937209963e-04,2.7400565824e-01
208.850000,1.0002673290e-03,2.6727470657e-01
208.900000,9.9893988456e-04,2.8074990444e-01
208.950000,9.9914674115e-04,2.6898007987e-01
209.000000,1.0003507426e-03,2.7064557808e-01
209.050000,9.9958042601e-04,2.7260909273e-01
209.100000,1.0002773387e-03,2.7402298058e-01
209.150000,1.0012248575e-03,2.7039477029e-01
209.200000,9.9977650432e-04,2.6525640212e-01
209.250000,1.0004520042e-03,2.6683353916e-01
209.300000,9.9992854720e-04,2.7813437386e-01
209.350000,1.0013885599e-03,2.6295294351e-01
209.400000,1.0006486649e-03,2.6681813270e-01
209.450000,9.9990347136e-04,2.6821816711e-01
209.500000,1.0017949069e-03,2.7510122730e-01
209.550000,1.0004343841e-03,2.6917762876e-01
209.600000,1.0002660249e-03,2.8708590656e-01
209.650000,1.0015354082e-03,2.7411296925e-01
209.700000,1.0004977246e-03,2.7539775683e-01
209.750000,1.0012481705e-03,2.6870265578e-01
209.800000,9.9855720037e-04,2.7824593347e-01
209.850000,1.0021181350e-03,2.7318747327e-01
209.900000,1.0013151179e-03,2.7868044623e-01
209.950000,9.9989916984e-04,2.6868883537e-01
210.000000,1.0004675636e-03,2.7362066208e-01
210.050000,1.0007441007e-03,2.8041158799e-01
210.100000,1.0002896843e-03,2.7092613070e-01
210.150000,1.0007358903e-03,2.6537455624e-01
210.200000,1.0022513737e-03,2.7189051269e-01
210.250000,1.0016271032e-03,2.6713029703e-01
210.300000,9.9880547450e-04,2.6696364344e-01
210.350000,1.0017889312e-03,2.7348209800e-01
210.400000,9.9931512716e-04,2.6090305265e-01
210.450000,9.9979148308e-04,2.7446473171e-01
210.500000,9.9860755761e-04,2.5993556683e-01
210.550000,9.9994074204e-04,2.6553883820e-01
210.600000,9.9942051322e-04,2.6900708855e-01
210.650000,1.0008733977e-03,2.7824890112e-01
210.700000,9.9938653386e-04,2.7820465333e-01
210.750000,1.0011384641e-03,2.7273208073e-01
210.800000,1.0016881932e-03,2.7117280555e-01
210.850000,1.0005862606e-03,2.6575382117e-01
210.900000,1.0001764031e-03,2.6421351106e-01
210.950000,9.9903391321e-04,2.8052996734e-01
211.000000,1.0001076876e-03,2.6267517304e-01
211.050000,1.0001672419e-03,2.7403916801e-01
211.100000,1.0000568810e-03,2.7165632567e-01
211.150000,9.9967078485e-04,2.6957903979e-01
211.200000,1.0008635394e-03,2.6793270162e-01
211.250000,1.0003653460e-03,2.7683268517e-01
211.300000,9.9838026531e-04,2.7270191371e-01
211.350000,9.9905906385e-04,2.7622087215e-01
211.400000,9.9798337715e-04,2.8049390136e-01
211.450000,1.0018397058e-03,2.7432707068e-01
211.500000,1.0015499691e-03,2.6982031105e-01
211.550000,9.9921788776e-04,2.7563673679e-01
211.600000,9.9992397165e-04,2.7326193830e-01
211.650000,9.9946911472e-04,2.7479879740e-01
211.700000,9.9981397556e-04,2.6741595631e-01
211.750000,1.0003034695e-03,2.6948191895e-01
211.800000,9.9983306235e-04,2.7014211862e-01
211.850000,9.9912882392e-04,2.8017365608e-01
211.900000,9.9992492965e-04,2.5671793406e-01
211.950000,1.0010472609e-03,2.7745478267e-01
212.000000,1.0006417092e-03,2.6638359356e-01
212.050000,1.0000833262e-03,2.7082854979e-01
212.100000,1.0006975459e-03,2.7784264043e-01
212.150000,9.9990522067e-04,2.6779437665e-01
212.200000,1.0002934201e-03,2.6771186684e-01
212.250000,9.9937843518e-04,2.7016487778e-01
212.300000,1.0003311597e-03,2.7904530199e-01
212.350000,1.0019290698e-03,2.7391390160e-01
212.400000,9.9948084215e-04,2.7806119780e-01
212.450000,1.0001844522e-03,2.8083177119e-01
212.500000,9.9882894954e-04,2.7282469165e-01
212.550000,1.0001417013e-03,2.6706410809e-01
212.600000,9.9964102119e-04,2.7604015534e-01
212.650000,1.0012867777e-03,2.6503720953e-01
212.700000,1.0001110061e-03,2.7380831793e-01
212.750000,1.0001973450e-03,2.7509881032e-01
212.800000,9.9986134480e-04,2.7750432660e-01
212.850000,1.0012529150e-03,2.7548456810e-01
212.900000,9.9891100424e-04,2.7358436647e-01
212.950000,1.0009673309e-03,2.7943136484e-01
213.000000,1.0009338922e-03,2.7769868302e-01
213.050000,9.9893060769e-04,2.7433138280e-01
213.100000,9.9969027669e-04,2.7535329591e-01
213.150000,9.9955560773e-04,2.6125363844e-01
213.200000,1.0011904380e-03,2.6513858384e-01
213.250000,9.9972019100e-04,2.7243998500e-01
213.300000,1.0005821843e-03,2.6750364846e-01
213.350000,1.0001348971e-03,2.6223637075e-01
213.400000,1.0016172771e-03,2.6950307558e-01
213.450000,9.9978892879e-04,2.7547413102e-01
213.500000,1.0019107441e-03,2.7206275271e-01
213.550000,1.0012001842e-03,2.7447160845e-01
213.600000,1.0000639310e-03,2.8220700755e-01
213.650000,9.9997789947e-04,2.7547809673e-01
213.700000,1.0008293271e-03,2.6774608096e-01
213.750000,1.0005060038e-03,2.8087107521e-01
213.800000,1.0005474588e-03,2.7638301634e-01
213.850000,1.0001671566e-03,2.7079384965e-01
213.900000,1.0009508206e-03,2.6990025387e-01
213.950000,9.9906656377e-04,2.7570771346e-01
214.000000,1.0008728339e-03,2.7500379272e-01
214.050000,1.0007872748e-03,2.7488422976e-01
214.100000,1.0006287812e-03,2.6394552698e-01
214.150000,1.0001301177e-03,2.6759907832e-01
214.200000,9.9944808300e-04,2.8072123695e-01
214.250000,1.0000653023e-03,2.6825640427e-01
214.300000,1.0014070206e-03,2.7979782424e-01
214.350000,1.0004591120e-03,2.7262510699e-01
214.400000,9.9922135778e-04,2.6399656144e-01
214.450000,1.0003414246e-03,2.7294699887e-01
214.500000,1.0002243535e-03,2.7321175187e-01
214.550000,9.9972194975e-04,2.6526413604e-01
214.600000,1.0005992159e-03,2.7286408062e-01
214.650000,9.9886332268e-04,2.6609945946e-01
214.700000,1.0007205298e-03,2.7581652798e-01
214.750000,9.9814165495e-04,2.7350218137e-01
214.800000,9.9928975900e-04,2.7137182661e-01
214.850000,9.9932491559e-04,2.6245035568e-01
214.900000,9.9912576269e-04,2.7565830110e-01
214.950000,1.0023041164e-03,2.7724531857e-01
215.000000,1.0002574757e-03,2.7314082194e-01
215.050000,9.9876751706e-04,2.6718182553e-01
215.100000,1.0007073674e-03,2.7614006848e-01
215.150000,9.9962760192e-04,2.7309417838e-01
215.200000,1.0001672356e-03,2.7516505648e-01
215.250000,1.0012412552e-03,2.7387665089e-01
215.300000,9.9958745674e-04,2.7447111499e-01
215.350000,9.9941899704e-04,2.7695537759e-01
215.400000,1.0019265367e-03,2.6581157313e-01
215.450000,9.9931065886e-04,2.7088144131e-01
215.500000,9.9961880814e-04,2.7148455509e-01
215.550000,1.0003121001e-03,2.8091038112e-01
215.600000,1.0007374966e-03,2.6534308042e-01
215.650000,9.9940271212e-04,2.7177430551e-01
215.700000,1.0008914435e-03,2.7506204936e-01
215.750000,1.0003494145e-03,2.6115330056e-01
215.800000,1.0015907135e-03,2.6893368168e-01
215.850000,1.0007653697e-03,2.8099401156e-01
215.900000,9.9926698480e-04,2.5869967185e-01
215.950000,1.0012034967e-03,2.7547250510e-01
216.000000,9.9971659062e-04,2.6314239244e-01
216.050000,9.9969781915e-04,2.7098431690e-01
216.100000,1.0004292604e-03,2.6416467147e-01
216.150000,9.9773648708e-04,2.7183437031e-01
216.200000,9.9849269613e-04,2.7339739055e-01
216.250000,1.0000718897e-03,2.7513335151e-01
216.300000,9.9898311307e-04,2.7126713669e-01
216.350000,9.9959630080e-04,2.7869504548e-01
216.400000,1.0001195206e-03,2.7102868587e-01
216.450000,9.9977397700e-04,2.6918355277e-01
216.500000,9.9952874855e-04,2.7787474798e-01
216.550000,1.0022671777e-03,2.6735434480e-01
216.600000,1.0001159719e-03,2.7526085287e-01
216.650000,1.0010095323e-03,2.7947829008e-01
216.700000,1.0001731815e-03,2.7283165583e-01
216.750000,1.0006741321e-03,2.8032999916e-01
216.800000,9.9963067691e-04,2.8044264094e-01
216.850000,9.9914790105e-04,2.6548480595e-01
216.900000,1.0014663732e-03,2.8033919484e-01
216.950000,9.9910000256e-04,2.7328570909e-01
217.000000,1.0000931568e-03,2.7947560545e-01
217.050000,1.0004084282e-03,2.6116696148e-01
217.100000,1.0006360949e-03,2.8357554369e-01
217.150000,1.0007930821e-03,2.6666824062e-01
217.200000,9.9966038493e-04,2.7353130717e-01
217.250000,9.9988667836e-04,2.6908033558e-01
217.300000,9.9935560479e-04,2.7350839833e-01
217.350000,1.0007812670e-03,2.6601183793e-01
217.400000,1.0007386119e-03,2.7036921017e-01
217.450000,1.0014383114e-03,2.6746189214e-01
217.500000,9.9877561676e-04,2.7380304877e-01
217.550000,9.9931780595e-04,2.7063455743e-01
217.600000,1.0002024669e-03,2.7245688577e-01
217.650000,9.9770214747e-04,2.7403588908e-01
217.700000,1.0001594245e-03,2.7496181866e-01
217.750000,1.0000885796e-03,2.6904267788e-01
217.800000,9.9871038905e-04,2.8220503979e-01
217.850000,9.9915635269e-04,2.6682713497e-01
217.900000,1.0004497976e-03,2.7812205046e-01
217.950000,9.9913264660e-04,2.7267259105e-01
218.000000,9.9924089253e-04,2.7569092498e-01
218.050000,1.0006452433e-03,2.7570920193e-01
218.100000,9.9807490842e-04,2.6705575307e-01
218.150000,1.0004158222e-03,2.7144056255e-01
218.200000,1.0022321730e-03,2.7502603213e-01
218.250000,9.9880777418e-04,2.7472038673e-01
218.300000,9.9938105476e-04,2.6623291258e-01
218.350000,1.0002707517e-03,2.6687219573e-01
218.400000,9.9923304104e-04,2.7675753560e-01
218.450000,9.9827400104e-04,2.6792308422e-01
218.500000,9.9996208711e-04,2.7864025596e-01
218.550000,9.9844066066e-04,2.6174705366e-01
218.600000,1.0004881982e-03,2.7424288947e-01
218.650000,1.0001492446e-03,2.7544331967e-01
218.700000,9.9999119637e-04,2.7083064791e-01
218.750000,9.9949792976e-04,2.7122736498e-01
218.800000,1.0013415054e-03,2.7045844008e-01
218.850000,9.9848506728e-04,2.6847436955e-01
218.900000,1.0003271084e-03,2.6643252840e-01
218.950000,9.9804045692e-04,2.7026307184e-01
219.000000,1.0013566055e-03,2.7291023588e-01
219.050000,1.0014813862e-03,2.7109054814e-01
219.100000,9.9936771456e-04,2.7025012671e-01
219.150000,1.0020087293e-03,2.6730509438e-01
219.200000,9.9895443463e-04,2.6329663777e-01
219.250000,1.0006121821e-03,2.7488373852e-01
219.300000,9.9889252786e-04,2.6431732330e-01
219.350000,9.9897684958e-04,2.6429143467e-01
219.400000,1.0018434983e-03,2.7694052807e-01
219.450000,9.9961797119e-04,2.7239433459e-01
219.500000,1.0005132783e-03,2.8013575488e-01
219.550000,9.9928196345e-04,2.7816038430e-01
219.600000,1.0008627492e-03,2.6889395554e-01
219.650000,9.9938760219e-04,2.7341900915e-01
219.700000,1.0014520065e-03,2.7268764819e-01
219.750000,9.9991735978e-04,2.7031803217e-01
219.800000,9.9914787536e-04,2.7566109238e-01
219.850000,9.9984145743e-04,2.8174796752e-01
219.900000,9.9892793116e-04,2.7982716751e-01
219.950000,9.9900378755e-04,2.6911797309e-01
220.000000,9.9940479964e-04,2.7740726699e-01
220.050000,9.9851293021e-04,2.7516913116e-01
220.100000,1.0018282359e-03,2.7020878886e-01
220.150000,9.9934493148e-04,2.7252046762e-01
220.200000,9.9914123468e-04,2.7868097283e-01
220.250000,1.0001898013e-03,2.6828646133e-01
220.300000,9.9898357224e-04,2.6306731400e-01
220.350000,9.9967500055e-04,2.7165330889e-01
220.400000,9.9990382061e-04,2.7489030408e-01
220.450000,9.9802399631e-04,2.7146813836e-01
220.500000,9.9947924528e-04,2.7508671904e-01
220.550000,1.0005030742e-03,2.6292842732e-01
220.600000,9.9981227597e-04,2.7762712643e-01
220.650000,9.9995175898e-04,2.7169949614e-01
220.700000,1.0023458158e-03,2.6967815912e-01
220.750000,9.9976223794e-04,2.6757731728e-01
220.800000,1.0003251936e-03,2.7526369544e-01
220.850000,1.0013839608e-03,2.7049849988e-01
220.900000,1.0001147063e-03,2.6313213290e-01
220.950000,1.0002516991e-03,2.6823049242e-01
221.000000,1.0005853263e-03,2.6978365969e-01
221.050000,9.9957103901e-04,2.7237550123e-01
221.100000,1.0013170282e-03,2.7065417148e-01
221.150000,1.0004138068e-03,2.7781430698e-01
221.200000,9.9968984072e-04,2.7781617210e-01
221.250000,9.9950809331e-04,2.6357368611e-01
221.300000,9.9881990057e-04,2.7953462682e-01
221.350000,9.9961290915e-04,2.8026376037e-01
221.400000,1.0017914565e-03,2.7853010082e-01
221.450000,1.0021447019e-03,2.7163776247e-01
221.500000,1.0002998412e-03,2.7655259507e-01
221.550000,1.0009016729e-03,2.7399514224e-01
221.600000,9.9926554497e-04,2.8002845223e-01
221.650000,1.0004021750e-03,2.6952329547e-01
221.700000,9.9883641317e-04,2.7329704003e-01
221.750000,1.0010461414e-03,2.7597519450e-01
221.800000,1.0010150528e-03,2.8080148082e-01
221.850000,9.9957855434e-04,2.6761711836e-01
221.900000,1.0007715037e-03,2.7442323612e-01
221.950000,9.9971354452e-04,2.6687824648e-01
222.000000,9.9986247004e-04,2.7051290011e-01
222.050000,1.0011158422e-03,2.7768227472e-01
222.100000,9.9873605062e-04,2.6472070286e-01
222.150000,1.0008287780e-03,2.6883626913e-01
222.200000,9.9938253902e-04,2.6990792197e-01
222.250000,1.0009785187e-03,2.7421374454e-01
222.300000,9.9872702488e-04,2.7183342751e-01
222.350000,9.9924078229e-04,2.6292724438e-01
222.400000,1.0001709042e-03,2.6493462947e-01
222.450000,1.0009841497e-03,2.6364280367e-01
222.500000,9.9999273723e-04,2.6135719426e-01
222.550000,1.0001934425e-03,2.6940551811e-01
222.600000,9.9923196300e-04,2.7437022208e-01
222.650000,1.0014493087e-03,2.7966230214e-01
222.700000,1.0006800176e-03,2.7942021862e-01
222.750000,9.9909617859e-04,2.8257656331e-01
222.800000,9.9965089446e-04,2.8132018427e-01
222.850000,9.9830009591e-04,2.7064073306e-01
222.900000,9.9929343733e-04,2.8265299714e-01
222.950000,1.0007907705e-03,2.7490305539e-01
223.000000,9.9875422752e-04,2.6448537605e-01
223.050000,1.0007147651e-03,2.7883931654e-01
223.100000,1.0008229176e-03,2.7062270399e-01
223.150000,1.0001536414e-03,2.6549053946e-01
223.200000,1.0002368407e-03,2.6669607943e-01
223.250000,9.9954777604e-04,2.7365675816e-01
223.300000,1.0012612842e-03,2.7264722575e-01
223.350000,1.0013299613e-03,2.7946540334e-01
223.400000,1.0004751712e-03,2.7396210148e-01
223.450000,1.0002972506e-03,2.7454547064e-01
223.500000,1.0009778321e-03,2.7526840024e-01
223.550000,9.9978867013e-04,2.7100648988e-01
223.600000,9.9913743345e-04,2.6720492435e-01
223.650000,1.0007022507e-03,2.6991962826e-01
223.700000,9.9935327559e-04,2.7154962381e-01
223.750000,1.0003241283e-03,2.7494631916e-01
223.800000,9.9854665282e-04,2.7647666210e-01
223.850000,1.0006136699e-03,2.6571804312e-01
223.900000,9.9921945288e-04,2.7400682215e-01
223.950000,1.0000152086e-03,2.7301173386e-01
224.000000,1.0000531097e-03,2.6892524856e-01
224.050000,1.0000193040e-03,2.7850136613e-01
224.100000,9.9875369575e-04,2.6546310680e-01
224.150000,9.9877012649e-04,2.7320695669e-01
224.200000,1.0006309245e-03,2.6355804030e-01
224.250000,9.9911162459e-04,2.6612575566e-01
224.300000,9.9948256461e-04,2.7672774305e-01
224.350000,9.9913963801e-04,2.6863220793e-01
224.400000,9.9971555606e-04,2.8452059692e-01
224.450000,9.9984855160e-04,2.7232555769e-01
224.500000,1.0022853012e-03,2.7681367207e-01
224.550000,1.0017498135e-03,2.7277187875e-01
224.600000,9.9939660912e-04,2.7295148102e-01
224.650000,1.0020508254e-03,2.6672366276e-01
224.700000,1.0008294095e-03,2.7065588834e-01
224.750000,9.9873223450e-04,2.7421881478e-01
224.800000,9.9968206575e-04,2.7185530505e-01
224.850000,1.0013253418e-03,2.6081966387e-01
224.900000,1.0008320935e-03,2.6922790174e-01
224.950000,9.9873724170e-04,2.8036947216e-01
225.000000,9.9998530405e-04,2.8195093267e-01
225.050000,1.0023331561e-03,2.7756807682e-01
225.100000,1.0000843780e-03,2.7125648880e-01
225.150000,1.0006066806e-03,2.7598629136e-01
225.200000,9.9995758632e-04,2.7579892103e-01
225.250000,1.0001551952e-03,2.7886425506e-01
225.300000,1.0006088635e-03,2.8060031785e-01
225.350000,9.9850163657e-04,2.7255931497e-01
225.400000,1.0009900719e-03,2.7832890819e-01
225.450000,9.9953744896e-04,2.7790324385e-01
225.500000,9.9945922207e-04,2.7919603689e-01
225.550000,9.9932760640e-04,2.7459487080e-01
225.600000,1.0014408126e-03,2.7504119899e-01
225.650000,1.0002608273e-03,2.8269634923e-01
225.700000,1.0001941107e-03,2.6338593088e-01
225.750000,1.0021144233e-03,2.7709853447e-01
225.800000,1.0000371984e-03,2.6644814258e-01
225.850000,9.9999734291e-04,2.7031780615e-01
225.900000,1.0005506441e-03,2.6775027487e-01
225.950000,1.0000518933e-03,2.7006803861e-01
226.000000,9.9936253639e-04,2.6648192202e-01
226.050000,1.0005381307e-03,2.7276563135e-01
226.100000,9.9901327839e-04,2.7570403349e-01
226.150000,9.9989496500e-04,2.6657983535e-01
226.200000,9.9987469619e-04,2.7437358960e-01
226.250000,9.9908992349e-04,2.7084979094e-01
226.300000,9.9962824704e-04,2.6903732330e-01
226.350000,9.9983537107e-04,2.6543751611e-01
226.400000,1.0001778503e-03,2.7492366873e-01
226.450000,1.0010380833e-03,2.7941244259e-01
226.500000,9.9975492588e-04,2.7368797703e-01
226.550000,9.9886104484e-04,2.6839427402e-01
226.600000,1.0009365415e-03,2.7014543171e-01
226.650000,1.0008152690e-03,2.7349863096e-01
226.700000,1.0009659085e-03,2.7503567656e-01
226.750000,1.0007480584e-03,2.7841704082e-01
226.800000,9.9890568391e-04,2.7541820997e-01
226.850000,9.9853753895e-04,2.6705210088e-01
226.900000,1.0013396509e-03,2.7406747847e-01
226.950000,1.0003835635e-03,2.7628132999e-01
227.000000,9.9920607536e-04,2.7644881861e-01
227.050000,9.9988472968e-04,2.7073210123e-01
227.100000,1.0002619780e-03,2.7258775340e-01
227.150000,1.0006841760e-03,2.6199875694e-01
227.200000,1.0006136973e-03,2.7668743950e-01
227.250000,1.0003410699e-03,2.7647261569e-01
227.300000,9.9939023052e-04,2.7655226056e-01
227.350000,1.0020569912e-03,2.7927518290e-01
227.400000,9.9885351556e-04,2.7993754341e-01
227.450000,1.0014994112e-03,2.7240605721e-01
227.500000,1.0009284546e-03,2.7835459982e-01
227.550000,1.0011888629e-03,2.8056313281e-01
227.600000,9.9984355809e-04,2.7584002025e-01
227.650000,1.0009031981e-03,2.6649921149e-01
227.700000,1.0005523668e-03,2.7006397264e-01
227.750000,1.0001470866e-03,2.7405725662e-01
227.800000,1.0009996822e-03,2.7493991058e-01
227.850000,1.0002641046e-03,2.6779092650e-01
227.900000,9.9899561851e-04,2.7612870238e-01
227.950000,9.9765417981e-04,2.7514358889e-01
228.000000,9.9944442048e-04,2.6716290387e-01
228.050000,1.0013347833e-03,2.6423541594e-01
228.100000,9.9912372036e-04,2.7038104351e-01
228.150000,9.9758394377e-04,2.7435419625e-01
228.200000,9.9955654521e-04,2.7428747296e-01
228.250000,1.0005881189e-03,2.6457361272e-01
228.300000,9.9855927779e-04,2.7002712807e-01
228.350000,1.0003193132e-03,2.6715863107e-01
228.400000,1.0010430743e-03,2.7753516149e-01
228.450000,1.0000674887e-03,2.7133784798e-01
228.500000,9.9973533266e-04,2.7812480836e-01
228.550000,9.9920012118e-04,2.7605144901e-01
228.600000,9.9920915246e-04,2.6477702065e-01
228.650000,1.0003223536e-03,2.6705913977e-01
228.700000,9.9887263597e-04,2.7112503385e-01
228.750000,9.9934554343e-04,2.6371528223e-01
228.800000,9.9935812523e-04,2.7399739592e-01
228.850000,1.0006206173e-03,2.7103555228e-01
228.900000,1.0002105410e-03,2.7434655187e-01
228.950000,1.0001986498e-03,2.7070248408e-01
229.000000,9.9912764969e-04,2.8137639701e-01
229.050000,9.9971116417e-04,2.6536099105e-01
229.100000,9.9911377555e-04,2.7592529937e-01
229.150000,1.0007309484e-03,2.7865865891e-01
229.200000,1.0003502646e-03,2.7250825986e-01
229.250000,9.9790001887e-04,2.7713796303e-01
229.300000,9.9836501891e-04,2.7600695161e-01
229.350000,9.9963674881e-04,2.7368226057e-01
229.400000,1.0005858106e-03,2.8383795688e-01
229.450000,1.0006244056e-03,2.7629652318e-01
229.500000,9.9930155976e-04,2.6754864697e-01
229.550000,1.0010281689e-03,2.7304679470e-01
229.600000,9.9897140769e-04,2.6798812132e-01
229.650000,9.9998565840e-04,2.6967815425e-01
229.700000,1.0001171602e-03,2.7027100782e-01
229.750000,1.0002360473e-03,2.7237262806e-01
229.800000,1.0002564648e-03,2.6818061844e-01
229.850000,1.0014046270e-03,2.7669470453e-01
229.900000,9.9955400951e-04,2.7713971916e-01
229.950000,1.0013495897e-03,2.6756567443e-01
230.000000,1.0009694670e-03,2.6039414014e-01
230.050000,9.9864826743e-04,2.7569187063e-01
230.100000,1.0002290078e-03,2.8119100332e-01
230.150000,1.0012016201e-03,2.6707975818e-01
230.200000,9.9991930869e-04,2.7847283706e-01
230.250000,1.0003715608e-03,2.7395582779e-01
230.300000,9.9956309117e-04,2.7627719407e-01
230.350000,9.9986470723e-04,2.7335457779e-01
230.400000,1.0010356636e-03,2.6601235109e-01
230.450000,1.0003273303e-03,2.7202607336e-01
230.500000,9.9971391349e-04,2.7526517243e-01
230.550000,1.0000599843e-03,2.6052480485e-01
230.600000,9.9977823641e-04,2.7846529850e-01
230.650000,9.9939357788e-04,2.7679896705e-01
230.700000,9.9911100402e-04,2.7598521475e-01
230.750000,9.9912277376e-04,2.7225320570e-01
230.800000,9.9918124481e-04,2.6823670218e-01
230.850000,9.9917875673e-04,2.7770265308e-01
230.900000,9.9874087246e-04,2.7888381880e-01
230.950000,9.9978245970e-04,2.7707419951e-01
231.000000,9.9935803799e-04,2.7938805364e-01
231.050000,1.0004433940e-03,2.6392657268e-01
231.100000,1.0008526036e-03,2.7316924297e-01
231.150000,9.9912172161e-04,2.7625242138e-01
231.200000,1.0006999452e-03,2.5912722055e-01
231.250000,1.0002478704e-03,2.8080141579e-01
231.300000,9.9972980136e-04,2.7534309216e-01
231.350000,1.0005055106e-03,2.7547688829e-01
231.400000,1.0007255424e-03,2.7283898849e-01
231.450000,1.0007418299e-03,2.7422626360e-01
231.500000,9.9989083855e-04,2.7098545539e-01
231.550000,9.9961296839e-04,2.6400203861e-01
231.600000,9.9764213884e-04,2.7586884576e-01
231.650000,9.9879313457e-04,2.7516870737e-01
231.700000,9.9966757457e-04,2.8023730712e-01
231.750000,9.9807431385e-04,2.7400481319e-01
231.800000,9.9947273405e-04,2.7145194244e-01
231.850000,9.9996729989e-04,2.6556245114e-01
231.900000,9.9973871537e-04,2.7749770185e-01
231.950000,9.9943348090e-04,2.6964681008e-01
232.000000,1.0006735260e-03,2.7688594695e-01
232.050000,9.9998509291e-04,2.6315508397e-01
232.100000,1.0005531565e-03,2.6409614404e-01
232.150000,9.9981055508e-04,2.6616292435e-01
232.200000,1.0007130361e-03,2.7140309361e-01
232.250000,9.9923027718e-04,2.7301671005e-01
232.300000,1.0006606297e-03,2.8487923769e-01
232.350000,9.9959599536e-04,2.6761820595e-01
232.400000,9.9851399976e-04,2.6163983339e-01
232.450000,1.0008494496e-03,2.7609610517e-01
232.500000,9.9868485272e-04,2.6860734002e-01
232.550000,9.9954398472e-04,2.7566478295e-01
232.600000,9.9929867610e-04,2.7498610717e-01
232.650000,9.9990847927e-04,2.7348464115e-01
232.700000,1.0005256763e-03,2.6414430874e-01
232.750000,1.0031723887e-03,2.6749526828e-01
232.800000,1.0017957226e-03,2.7312025166e-01
232.850000,9.9996534911e-04,2.7498144733e-01
232.900000,9.9873847998e-04,2.6195548184e-01
232.950000,9.9751133165e-04,2.7614014618e-01
233.000000,1.0001259021e-03,2.6846558084e-01
233.050000,9.9889052350e-04,2.7899499757e-01
233.100000,1.0001321088e-03,2.7295851724e-01
233.150000,1.0000136987e-03,2.8185508513e-01
233.200000,9.9994438248e-04,2.8062757551e-01
233.250000,1.0013528119e-03,2.7025697783e-01
233.300000,9.9957647893e-04,2.7049712782e-01
233.350000,1.0003742362e-03,2.7640258557e-01
233.400000,9.9982884230e-04,2.6427236158e-01
233.450000,1.0014730965e-03,2.6841253361e-01
233.500000,1.0010320279e-03,2.7525985814e-01
233.550000,9.9887379771e-04,2.6178477898e-01
233.600000,1.0002770829e-03,2.6926690474e-01
233.650000,1.0001603239e-03,2.7900161687e-01
233.700000,1.0003111023e-03,2.6714176982e-01
233.750000,1.0009193772e-03,2.7654877315e-01
233.800000,9.9869419465e-04,2.7443756721e-01
233.850000,1.0003550793e-03,2.7021592886e-01
233.900000,1.0009307899e-03,2.6121112099e-01
233.950000,1.0006756777e-03,2.7405696197e-01
234.000000,1.0003600407e-03,2.7380230312e-01
234.050000,9.9834018386e-04,2.6344064255e-01
234.100000,1.0000623658e-03,2.6989973885e-01
234.150000,1.0014981553e-03,2.7160210168e-01
234.200000,1.0006364694e-03,2.7948114014e-01
234.250000,9.9908807119e-04,2.6678789843e-01
234.300000,1.0006551014e-03,2.6999418386e-01
234.350000,1.0012694727e-03,2.6809389316e-01
234.400000,1.0010918191e-03,2.7932253086e-01
234.450000,1.0003717999e-03,2.7314723025e-01
234.500000,1.0004760907e-03,2.6702923915e-01
234.550000,1.0022463208e-03,2.5741406249e-01
234.600000,1.0001354857e-03,2.6607781183e-01
234.650000,1.0003492823e-03,2.7567225353e-01
234.700000,9.9948946034e-04,2.6277899657e-01
234.750000,9.9945339770e-04,2.6921682444e-01
234.800000,9.9773715556e-04,2.7911834576e-01
234.850000,9.9972878153e-04,2.7422437926e-01
234.900000,9.9918502150e-04,2.6774608603e-01
234.950000,9.9811164006e-04,2.8031808742e-01
235.000000,9.9988972003e-04,2.7237929328e-01
235.050000,9.9923280398e-04,2.7445681532e-01
235.100000,9.9822313982e-04,2.7334883896e-01
235.150000,9.9924437842e-04,2.6045087184e-01
235.200000,1.0015589935e-03,2.7701972777e-01
235.250000,1.0011836940e-03,2.6603456694e-01
235.300000,9.9900741386e-04,2.7519638564e-01
235.350000,9.9998904121e-04,2.7203867062e-01
235.400000,9.9855784867e-04,2.7256533209e-01
235.450000,9.9815828690e-04,2.6954348894e-01
235.500000,1.0011603367e-03,2.6689355468e-01
235.550000,9.9881771437e-04,2.6717347284e-01
235.600000,1.0014658990e-03,2.7293862048e-01
235.650000,1.0000159232e-03,2.6206629644e-01
235.700000,9.9939525990e-04,2.6877763619e-01
235.750000,1.0000667593e-03,2.7905794009e-01
235.800000,9.9968466712e-04,2.7129285685e-01
235.850000,1.0004199872e-03,2.6690420111e-01
235.900000,1.0016066281e-03,2.7336237002e-01
235.950000,9.9925200083e-04,2.6593309627e-01
236.000000,1.0009052493e-03,2.7829043512e-01
236.050000,1.0014229047e-03,2.6853221716e-01
236.100000,9.9931538644e-04,2.7348601648e-01
236.150000,9.9914346313e-04,2.7004467670e-01
236.200000,9.9893613865e-04,2.7312244518e-01
236.250000,9.9883149201e-04,2.7315127447e-01
236.300000,1.0001720083e-03,2.7272649210e-01
236.350000,1.0015186205e-03,2.7251302411e-01
236.400000,1.0008426558e-03,2.6542044668e-01
236.450000,1.0000481166e-03,2.6890545513e-01
236.500000,9.9959208369e-04,2.7160168846e-01
236.550000,9.9857024214e-04,2.8111017661e-01
236.600000,1.0016191101e-03,2.7594566978e-01
236.650000,9.9985970964e-04,2.8027056407e-01
236.700000,9.9813494435e-04,2.7303279685e-01
236.750000,1.0017271356e-03,2.8536377853e-01
236.800000,1.0006678847e-03,2.7739550022e-01
236.850000,1.0002616575e-03,2.6658528805e-01
236.900000,9.9945226910e-04,2.6848267693e-01
236.950000,1.0003671962e-03,2.7594686134e-01
237.000000,1.0004460804e-03,2.7218865651e-01
237.050000,9.9844310764e-04,2.7478677050e-01
237.100000,9.9700417644e-04,2.6981670968e-01
237.150000,1.0009500847e-03,2.7787640905e-01
237.200000,9.9777624713e-04,2.7525430878e-01
237.250000,9.9883657840e-04,2.7263255126e-01
237.300000,9.9975472140e-04,2.6409746148e-01
237.350000,9.9908341049e-04,2.7169563285e-01
237.400000,9.9961103137e-04,2.6829889394e-01
237.450000,9.9985080208e-04,2.7611656848e-01
237.500000,9.9895685154e-04,2.7680540779e-01
237.550000,1.0009257200e-03,2.6307437293e-01
237.600000,9.9892191399e-04,2.6650843733e-01
237.650000,9.9953119925e-04,2.8162142723e-01
237.700000,9.9960003237e-04,2.7112577133e-01
237.750000,9.9832426823e-04,2.7562637037e-01
237.800000,9.9849841035e-04,2.7444135839e-01
237.850000,1.0003133250e-03,2.7220722263e-01
237.900000,9.9985528995e-04,2.7803949592e-01
237.950000,1.0005162139e-03,2.7558917134e-01
238.000000,9.9760477879e-04,2.7734607004e-01
238.050000,1.0002301788e-03,2.6641480926e-01
238.100000,1.0000001894e-03,2.7425028392e-01
238.150000,9.9992319879e-04,2.7692486584e-01
238.200000,1.0006772193e-03,2.6861543374e-01
238.250000,9.9914740988e-04,2.7108241664e-01
238.300000,9.9970383795e-04,2.7305297484e-01
238.350000,9.9890354487e-04,2.7598618523e-01
238.400000,9.9981773822e-04,2.7296197158e-01
238.450000,1.0001769058e-03,2.7346186587e-01
238.500000,9.9952837497e-04,2.7073417984e-01
238.550000,1.0000076274e-03,2.8185464177e-01
238.600000,9.9938022587e-04,2.8020306506e-01
238.650000,9.9906837020e-04,2.7445028616e-01
238.700000,1.0005907760e-03,2.7610959217e-01
238.750000,1.0010245153e-03,2.7697274911e-01
238.800000,1.0019480694e-03,2.7708072751e-01
238.850000,1.0007026315e-03,2.7120139060e-01
238.900000,9.9758957253e-04,2.7288388023e-01
238.950000,1.0003818436e-03,2.7423039400e-01
239.000000,1.0000887140e-03,2.8079293411e-01
239.050000,1.0001161294e-03,2.6184761135e-01
239.100000,1.0002513701e-03,2.7912491683e-01
239.150000,1.0012807570e-03,2.6427162634e-01
239.200000,9.9950828994e-04,2.7014155131e-01
239.250000,9.9945902677e-04,2.7464670080e-01
239.300000,1.0012282437e-03,2.7387175735e-01
239.350000,9.9814258529e-04,2.7274414280e-01
239.400000,1.0013182573e-03,2.6754019006e-01
239.450000,9.9970220963e-04,2.7266790855e-01
239.500000,1.0003839373e-03,2.7696247600e-01
239.550000,1.0005298171e-03,2.7635696999e-01
239.600000,9.9902725949e-04,2.7146464599e-01
239.650000,1.0001349640e-03,2.7565381127e-01
239.700000,1.0003421908e-03,2.7636706332e-01
239.750000,9.9968513043e-04,2.6398003589e-01
239.800000,1.0000104959e-03,2.7785377970e-01
239.850000,9.9986743623e-04,2.7564701898e-01
239.900000,1.0015334021e-03,2.7197121006e-01
239.950000,1.0001402324e-03,2.6926590188e-01
240.000000,1.0001585815e-03,2.7092105543e-01
240.050000,9.9897403684e-04,2.6774500375e-01
240.100000,9.9903484868e-04,2.7319108107e-01
240.150000,1.0012555126e-03,2.7230118397e-01
240.200000,1.0010141565e-03,2.8521885803e-01
240.250000,9.9904738804e-04,2.7690659021e-01
240.300000,9.9836158850e-04,2.8630889814e-01
240.350000,9.9989561953e-04,2.7158628937e-01
240.400000,9.9940645534e-04,2.6366328006e-01
240.450000,1.0007605446e-03,2.7988002772e-01
240.500000,1.0001055809e-03,2.7355689248e-01
240.550000,9.9975822494e-04,2.6826117099e-01
240.600000,9.9878328380e-04,2.7331847046e-01
240.650000,9.9942332846e-04,2.7265290395e-01
240.700000,9.9840801857e-04,2.8021384074e-01
240.750000,1.0020369478e-03,2.7009303945e-01
240.800000,9.9918992382e-04,2.6877842389e-01
240.850000,9.9902614989e-04,2.8084374870e-01
240.900000,1.0003604145e-03,2.7646693338e-01
240.950000,1.0004402282e-03,2.7775130834e-01
241.000000,1.0010441253e-03,2.7289019270e-01
241.050000,1.0011366914e-03,2.7194461396e-01
241.100000,1.0002638105e-03,2.7101191660e-01
241.150000,9.9956187353e-04,2.8003928219e-01
241.200000,1.0008018946e-03,2.7171496232e-01
241.250000,1.0004109364e-03,2.7315146513e-01
241.300000,1.0004700771e-03,2.6984605479e-01
241.350000,9.9853989745e-04,2.7342371704e-01
241.400000,9.9824592335e-04,2.7112921368e-01
241.450000,9.9907392313e-04,2.7639911462e-01
241.500000,9.9919170557e-04,2.7364942446e-01
241.550000,1.0007176804e-03,2.7423651077e-01
241.600000,1.0013898039e-03,2.7498994974e-01
241.650000,9.9995102469e-04,2.6933142966e-01
241.700000,1.0005368790e-03,2.7165243738e-01
241.750000,1.0010665304e-03,2.6948052390e-01
241.800000,1.0000356789e-03,2.7167663703e-01
241.850000,9.9906522548e-04,2.6980762894e-01
241.900000,1.0001886430e-03,2.6166569836e-01
241.950000,1.0010501099e-03,2.7290105333e-01
242.000000,1.0014576765e-03,2.6118972678e-01
242.050000,9.9943148695e-04,2.6869876274e-01
242.100000,1.0007126083e-03,2.6877524276e-01
242.150000,1.0009362216e-03,2.7580359417e-01
242.200000,1.0005465220e-03,2.7692577055e-01
242.250000,9.9866229241e-04,2.6957004592e-01
242.300000,9.9835983565e-04,2.7538781541e-01
242.350000,9.9889828630e-04,2.7336003055e-01
242.400000,9.9918093719e-04,2.6520309772e-01
242.450000,9.9881164397e-04,2.6924450745e-01
242.500000,1.0008897550e-03,2.7554157153e-01
242.550000,9.9929821013e-04,2.7298947713e-01
242.600000,9.9994243559e-04,2.7640675420e-01
242.650000,9.9961713386e-04,2.6994988369e-01
242.700000,9.9935164293e-04,2.7171787487e-01
242.750000,9.9956868589e-04,2.7269018879e-01
242.800000,1.0004461247e-03,2.7183397241e-01
242.850000,9.9970453662e-04,2.7300704153e-01
242.900000,1.0000494483e-03,2.6743100259e-01
242.950000,9.9923107138e-04,2.6917135144e-01
243.000000,1.0010015631e-03,2.7892756584e-01
243.050000,9.9837427625e-04,2.7534232393e-01
243.100000,1.0009681572e-03,2.7561011593e-01
243.150000,1.0007035148e-03,2.7501972243e-01
243.200000,1.0000558242e-03,2.7041545632e-01
243.250000,1.0002608358e-03,2.6789430681e-01
243.300000,1.0004575220e-03,2.7913547336e-01
243.350000,1.0003502418e-03,2.8151693056e-01
243.400000,9.9950337151e-04,2.6212282198e-01
243.450000,9.9942642829e-04,2.6963737564e-01
243.500000,9.9996766674e-04,2.6527878318e-01
243.550000,9.9972386594e-04,2.7485377862e-01
243.600000,9.9982128321e-04,2.7085818938e-01
243.650000,1.0001057778e-03,2.7529808774e-01
243.700000,1.0003257531e-03,2.6290391585e-01
243.750000,9.9933457345e-04,2.6676724999e-01
243.800000,1.0004324021e-03,2.6963823915e-01
243.850000,9.9958499545e-04,2.7542939491e-01
243.900000,1.0019327168e-03,2.7272234516e-01
243.950000,9.9969842297e-04,2.7124863127e-01
244.000000,1.0013819501e-03,2.7045785967e-01
244.050000,1.0005192369e-03,2.7471983714e-01
244.100000,1.0004074310e-03,2.7938519734e-01
244.150000,9.9910236128e-04,2.6962397355e-01
244.200000,1.0006511089e-03,2.6727725755e-01
244.250000,1.0008502075e-03,2.7563563268e-01
244.300000,1.0002378981e-03,2.7423969863e-01
244.350000,9.9962676155e-04,2.7138628073e-01
244.400000,1.0020147124e-03,2.6679662342e-01
244.450000,9.9927214393e-04,2.6926701232e-01
244.500000,9.9904002424e-04,2.6500850869e-01
244.550000,9.9874986271e-04,2.7104227007e-01
244.600000,9.9889012764e-04,2.6746110075e-01
244.650000,9.9911664365e-04,2.7053894312e-01
244.700000,1.0001709543e-03,2.8167549483e-01
244.750000,1.0005947475e-03,2.7323639551e-01
244.800000,9.9882769472e-04,2.8135982073e-01
244.850000,9.9992455479e-04,2.7963798344e-01
244.900000,1.0000050320e-03,2.7098571854e-01
244.950000,1.0003084158e-03,2.6963742136e-01
245.000000,1.0014509925e-03,2.6845930323e-01
245.050000,1.0014598094e-03,2.8062689256e-01
245.100000,9.9910453845e-04,2.6864903375e-01
245.150000,1.0007601489e-03,2.7168891317e-01
245.200000,9.9997013773e-04,2.6935946310e-01
245.250000,1.0008737841e-03,2.6428445452e-01
245.300000,9.9958535518e-04,2.6876407275e-01
245.350000,9.9891326532e-04,2.6837395602e-01
245.400000,1.0017688635e-03,2.6884702352e-01
245.450000,9.9888674083e-04,2.8044307982e-01
245.500000,9.9963619748e-04,2.7740189386e-01
245.550000,1.0007715601e-03,2.7651312226e-01
245.600000,9.9943789695e-04,2.7086387614e-01
245.650000,1.0003277009e-03,2.7293180170e-01
245.700000,1.0001773450e-03,2.8020063554e-01
245.750000,1.0006236647e-03,2.6773414295e-01
245.800000,1.0004750563e-03,2.7009308289e-01
245.850000,1.0002408715e-03,2.7550865762e-01
245.900000,9.9983819191e-04,2.7191024479e-01
245.950000,1.0001583627e-03,2.7132128794e-01
246.000000,1.0000704820e-03,2.7423121011e-01
246.050000,9.9872287371e-04,2.7371902156e-01
246.100000,9.9811973544e-04,2.7885176456e-01
246.150000,9.9974103491e-04,2.6883935791e-01
246.200000,1.0002365065e-03,2.8348950150e-01
246.250000,1.0005543847e-03,2.7644919848e-01
246.300000,9.9814466451e-04,2.7078116118e-01
246.350000,9.9979972263e-04,2.7345163793e-01
246.400000,1.0004990597e-03,2.7387074398e-01
246.450000,9.9991182032e-04,2.7317016243e-01
246.500000,9.9930930492e-04,2.6421513280e-01
246.550000,9.9971813395e-04,2.6784206409e-01
246.600000,1.0016302927e-03,2.7746506647e-01
246.650000,1.0009139382e-03,2.8248929089e-01
246.700000,1.0007578443e-03,2.7502728149e-01
246.750000,9.9944820220e-04,2.7681323886e-01
246.800000,9.9962725787e-04,2.7866224000e-01
246.850000,9.9955596423e-04,2.7490326951e-01
246.900000,9.9845291051e-04,2.7738473301e-01
246.950000,1.0005149291e-03,2.7982642492e-01
247.000000,9.9962752811e-04,2.6890420929e-01
247.050000,1.0008013250e-03,2.6710337450e-01
247.100000,1.0001618783e-03,2.6311512229e-01
247.150000,1.0001921287e-03,2.6826441422e-01
247.200000,1.0004673371e-03,2.7055606458e-01
247.250000,1.0002099238e-03,2.7491388281e-01
247.300000,1.0014914622e-03,2.7070376703e-01
247.350000,9.9891151514e-04,2.7408533141e-01
247.400000,9.9781669665e-04,2.7453196448e-01
247.450000,9.9943583562e-04,2.7915200414e-01
247.500000,1.0011652125e-03,2.7540490854e-01
247.550000,1.0003008331e-03,2.6603683401e-01
247.600000,1.0013229120e-03,2.7906189117e-01
247.650000,9.9975155314e-04,2.7867672802e-01
247.700000,1.0000089814e-03,2.7467702153e-01
247.750000,1.0003089075e-03,2.6896520436e-01
247.800000,1.0000975839e-03,2.6937158291e-01
247.850000,9.9975818992e-04,2.7956531110e-01
247.900000,9.9818966814e-04,2.7061834454e-01
247.950000,9.9966835586e-04,2.7087521340e-01
248.000000,9.9972417929e-04,2.7717439226e-01
248.050000,1.0004125371e-03,2.7989328136e-01
248.100000,1.0013625328e-03,2.6785751847e-01
248.150000,9.9908021488e-04,2.7091590749e-01
248.200000,1.0001191088e-03,2.7308897344e-01
248.250000,9.9993076074e-04,2.8138730232e-01
248.300000,1.0007467785e-03,2.7482864538e-01
248.350000,1.0017138296e-03,2.7383506215e-01
248.400000,1.0004418666e-03,2.6840357469e-01
248.450000,1.0003382384e-03,2.6103998225e-01
248.500000,1.0028701621e-03,2.8211318709e-01
248.550000,1.0010830765e-03,2.7463227000e-01
248.600000,9.9976133304e-04,2.7748843410e-01
248.650000,1.0024128279e-03,2.7272907632e-01
248.700000,9.9804862573e-04,2.7412337562e-01
248.750000,9.9970743396e-04,2.5836273087e-01
248.800000,9.9820579429e-04,2.7124291253e-01
248.850000,9.9899788956e-04,2.7733924938e-01
248.900000,1.0000003281e-03,2.7118648435e-01
248.950000,1.0008246117e-03,2.6516084350e-01
249.000000,1.0004957035e-03,2.6610418541e-01
249.050000,9.9939881371e-04,2.6988897556e-01
249.100000,1.0009267699e-03,2.7218760157e-01
249.150000,9.9933730559e-04,2.7172895122e-01
249.200000,9.9842293536e-04,2.6707577867e-01
249.250000,1.0002932163e-03,2.7893006836e-01
249.300000,9.9873149069e-04,2.8257302271e-01
249.350000,1.0002538018e-03,2.6580980758e-01
249.400000,9.9942973607e-04,2.8315741688e-01
249.450000,1.0004756778e-03,2.7859107479e-01
249.500000,1.0014949304e-03,2.6673781494e-01
249.550000,9.9888125283e-04,2.6565913558e-01
249.600000,9.9955619738e-04,2.6084729383e-01
249.650000,1.0016143232e-03,2.7383020303e-01
249.700000,9.9815156301e-04,2.7027940370e-01
249.750000,9.9987414320e-04,2.7824042681e-01
249.800000,1.0005771959e-03,2.6228082348e-01
249.850000,1.0003507030e-03,2.7245157385e-01
249.900000,1.0011353971e-03,2.6375739645e-01
249.950000,9.9881216613e-04,2.7534627432e-01
250.000000,1.0002685030e-03,2.7607712625e-01
250.050000,1.0001121734e-03,2.7935315864e-01
250.100000,9.9978277252e-04,2.6958420872e-01
250.150000,9.9763890519e-04,2.7793620179e-01
250.200000,1.0012110738e-03,2.5689762186e-01
250.250000,1.0001172974e-03,2.8288759672e-01
250.300000,1.0000124090e-03,2.8001388281e-01
250.350000,1.0007048472e-03,2.6627588133e-01
250.400000,9.9908948897e-04,2.7292998321e-01
250.450000,1.0014259976e-03,2.7840789549e-01
250.500000,1.0011076646e-03,2.7621562850e-01
250.550000,9.9991585097e-04,2.7089543258e-01
250.600000,1.0002183021e-03,2.6990744089e-01
250.650000,9.9967023896e-04,2.7156543189e-01
250.700000,9.9927235373e-04,2.8343820561e-01
250.750000,9.9731257365e-04,2.7410293313e-01
250.800000,9.9913340703e-04,2.6954410926e-01
250.850000,9.9986165727e-04,2.6557709229e-01
250.900000,1.0018720072e-03,2.7355791658e-01
250.950000,1.0007145603e-03,2.7471115852e-01
251.000000,1.0010263471e-03,2.7170544532e-01
251.050000,9.9911033742e-04,2.6969336738e-01
251.100000,9.9935976909e-04,2.6434937488e-01
251.150000,1.0001864004e-03,2.7735962726e-01
251.200000,1.0005198409e-03,2.6790737850e-01
251.250000,1.0003081486e-03,2.6804794612e-01
251.300000,1.0001172422e-03,2.7043727229e-01
251.350000,1.0007316536e-03,2.7482201098e-01
251.400000,9.9924597000e-04,2.7533809687e-01
251.450000,1.0017964880e-03,2.7895457484e-01
251.500000,1.0006711147e-03,2.6858234561e-01
251.550000,1.0000610776e-03,2.7448390130e-01
251.600000,1.0021581225e-03,2.6614980802e-01
251.650000,9.9931067706e-04,2.7010179823e-01
251.700000,9.9925670125e-04,2.7009819985e-01
251.750000,1.0014495033e-03,2.7718696061e-01
251.800000,9.9860100688e-04,2.7958906070e-01
251.850000,9.9943226594e-04,2.7567528422e-01
251.900000,1.0015244296e-03,2.7935072709e-01
251.950000,9.9986099976e-04,2.7105619522e-01
252.000000,9.9928711287e-04,2.7283786261e-01
252.050000,1.0008057141e-03,2.7080738389e-01
252.100000,1.0000092623e-03,2.6864534153e-01
252.150000,9.9905542623e-04,2.6028168726e-01
252.200000,1.0010840454e-03,2.7177015161e-01
252.250000,1.0008856832e-03,2.7354340081e-01
252.300000,1.0011717202e-03,2.6931750152e-01
252.350000,1.0006313244e-03,2.7747534957e-01
252.400000,9.9995138433e-04,2.7928229772e-01
252.450000,1.0005020767e-03,2.8095600287e-01
252.500000,1.0011083016e-03,2.6994789096e-01
252.550000,9.9853141793e-04,2.7413480191e-01
252.600000,1.0003626317e-03,2.6195677832e-01
252.650000,9.9832634797e-04,2.7047790067e-01
252.700000,1.0031735013e-03,2.7454265575e-01
252.750000,1.0005631254e-03,2.6561754039e-01
252.800000,9.9890568174e-04,2.6786294457e-01
252.850000,9.9903943023e-04,2.7057105705e-01
252.900000,9.9945213033e-04,2.6760742316e-01
252.950000,1.0007322714e-03,2.7680171435e-01
253.000000,1.0006107153e-03,2.7066038630e-01
253.050000,9.9964530554e-04,2.7921105307e-01
253.100000,9.9939817544e-04,2.6379238580e-01
253.150000,9.9982758791e-04,2.7964242601e-01
253.200000,1.0006069545e-03,2.7984337220e-01
253.250000,9.9892685169e-04,2.7218265706e-01
253.300000,1.0003696638e-03,2.7700240543e-01
253.350000,1.0011940247e-03,2.8474114008e-01
253.400000,9.9971376827e-04,2.7060151230e-01
253.450000,9.9895310219e-04,2.7842237604e-01
253.500000,1.0006473636e-03,2.6591426382e-01
253.550000,1.0002938233e-03,2.7012349936e-01
253.600000,9.9953678082e-04,2.7291545763e-01
253.650000,1.0005914036e-03,2.7633907276e-01
253.700000,1.0002837297e-03,2.7276986287e-01
253.750000,1.0010982688e-03,2.7663132235e-01
253.800000,9.9995387522e-04,2.7479418662e-01
253.850000,9.9872646082e-04,2.6414070976e-01
253.900000,1.0010538055e-03,2.8353387391e-01
253.950000,9.9912591262e-04,2.8067076705e-01
254.000000,9.9814076938e-04,2.7672205311e-01
254.050000,9.9904027393e-04,2.7275548146e-01
254.100000,9.9906203798e-04,2.8730860108e-01
254.150000,9.9910366463e-04,2.8230220731e-01
254.200000,9.9978280258e-04,2.7249291470e-01
254.250000,1.0011333694e-03,2.7311208383e-01
254.300000,9.9868532209e-04,2.7237919126e-01
254.350000,1.0004580885e-03,2.6964663062e-01
254.400000,9.9859404522e-04,2.7261021594e-01
254.450000,1.0006728574e-03,2.7632673716e-01
254.500000,9.9894941861e-04,2.6679264792e-01
254.550000,1.0018004481e-03,2.7636769517e-01
254.600000,1.0003367295e-03,2.7031818871e-01
254.650000,1.0000438845e-03,2.6693894973e-01
254.700000,1.0003080945e-03,2.7577909214e-01
254.750000,1.0012926105e-03,2.7088027526e-01
254.800000,1.0001494885e-03,2.7796481897e-01
254.850000,9.9791362381e-04,2.7887531894e-01
254.900000,1.0010743285e-03,2.7430697263e-01
254.950000,9.9921174357e-04,2.7438373584e-01
255.000000,9.9957760719e-04,2.7404159269e-01
255.050000,1.0009533492e-03,2.7181227363e-01
255.100000,9.9871460604e-04,2.6816638421e-01
255.150000,9.9950000995e-04,2.6201437376e-01
255.200000,1.0005455022e-03,2.6776534544e-01
255.250000,1.0016258874e-03,2.7389610832e-01
255.300000,1.0004184999e-03,2.7633404502e-01
255.350000,9.9983440955e-04,2.7565077247e-01
255.400000,1.0006034317e-03,2.7922555665e-01
255.450000,9.9988059859e-04,2.6330991996e-01
255.500000,1.0002806035e-03,2.5832225280e-01
255.550000,1.0005234434e-03,2.6740486161e-01
255.600000,1.0001187735e-03,2.7343042617e-01
255.650000,9.9962388256e-04,2.7660533152e-01
255.700000,1.0002172477e-03,2.6578871938e-01
255.750000,1.0011830184e-03,2.8070871623e-01
255.800000,1.0006506451e-03,2.7089016663e-01
255.850000,1.0019080084e-03,2.7574701694e-01
255.900000,1.0022275110e-03,2.7776849431e-01
255.950000,1.0011220869e-03,2.7124940148e-01
256.000000,9.9919387774e-04,2.8112986546e-01
256.050000,1.0014609890e-03,2.7525385003e-01
256.100000,1.0008703362e-03,2.7297862087e-01
256.150000,9.9966680228e-04,2.7031111677e-01
256.200000,9.9946332454e-04,2.7507837321e-01
256.250000,1.0003114942e-03,2.7631373505e-01
256.300000,1.0012761297e-03,2.6809693591e-01
256.350000,1.0006722291e-03,2.8020348428e-01
256.400000,9.9849434109e-04,2.7492028432e-01
256.450000,9.9884195560e-04,2.6592165713e-01
256.500000,9.9956211114e-04,2.7046141303e-01
256.550000,9.9984228065e-04,2.6462076778e-01
256.600000,9.9751764605e-04,2.8317672186e-01
256.650000,9.9870466770e-04,2.7841427899e-01
256.700000,1.0003106024e-03,2.7252379859e-01
256.750000,1.0002627723e-03,2.7383633845e-01
256.800000,9.9894040140e-04,2.7540829816e-01
256.850000,9.9996521789e-04,2.6973219577e-01
256.900000,9.9941118766e-04,2.7935809410e-01
256.950000,9.9996761541e-04,2.6865710099e-01
257.000000,9.9889978269e-04,2.7636094010e-01
257.050000,1.0005126451e-03,2.6677226864e-01
257.100000,1.0011242710e-03,2.7849398700e-01
257.150000,1.0007947821e-03,2.7080977940e-01
257.200000,9.9920006739e-04,2.7991523252e-01
257.250000,1.0022561662e-03,2.7462397863e-01
257.300000,1.0009699255e-03,2.7751912961e-01
257.350000,9.9966699866e-04,2.8457438424e-01
257.400000,9.9855711334e-04,2.6500556513e-01
257.450000,1.0001790495e-03,2.7956819589e-01
257.500000,9.9935375703e-04,2.7634576931e-01
257.550000,9.9971565894e-04,2.7159188701e-01
257.600000,9.9912860576e-04,2.7730082126e-01
257.650000,9.9889835305e-04,2.6089984762e-01
257.700000,9.9899349599e-04,2.6519414050e-01
257.750000,1.0002267629e-03,2.7849548101e-01
257.800000,9.9944417931e-04,2.7135694693e-01
257.850000,1.0010871858e-03,2.7120380675e-01
257.900000,9.9766729121e-04,2.7154195732e-01
257.950000,9.9952125820e-04,2.8202093588e-01
258.000000,1.0004344739e-03,2.6595577355e-01
258.050000,1.0011527600e-03,2.7226921310e-01
258.100000,1.0001504403e-03,2.6155872745e-01
258.150000,1.0002291639e-03,2.7327756560e-01
258.200000,1.0004987556e-03,2.6725112607e-01
258.250000,1.0003264508e-03,2.7167439572e-01
258.300000,9.9935415495e-04,2.8422974870e-01
258.350000,1.0006260314e-03,2.6786364227e-01
258.400000,1.0002911898e-03,2.7454370501e-01
258.450000,9.9981455888e-04,2.7274989720e-01
258.500000,1.0000443091e-03,2.8222935034e-01
258.550000,1.0013232904e-03,2.7090715143e-01
258.600000,1.0000310731e-03,2.7149081071e-01
258.650000,9.9955371413e-04,2.7624539084e-01
258.700000,1.0001566987e-03,2.8288463007e-01
258.750000,1.0005824832e-03,2.6674945927e-01
258.800000,9.9983566145e-04,2.7730920681e-01
258.850000,1.0017029867e-03,2.7151773775e-01
258.900000,1.0003697732e-03,2.6470328110e-01
258.950000,1.0014333371e-03,2.7672824631e-01
259.000000,9.9996403007e-04,2.7015988437e-01
259.050000,9.9981949945e-04,2.6053027006e-01
259.100000,1.0010205351e-03,2.5645338066e-01
259.150000,9.9911014527e-04,2.7745550785e-01
259.200000,9.9924644938e-04,2.7934954764e-01
259.250000,9.9807163124e-04,2.6075343105e-01
259.300000,1.0019765498e-03,2.7607237181e-01
259.350000,9.9857032221e-04,2.6769122526e-01
259.400000,9.9927463062e-04,2.7993120261e-01
259.450000,1.0010583464e-03,2.6630613113e-01
259.500000,9.9934335433e-04,2.6679914755e-01
259.550000,9.9810042680e-04,2.7481351099e-01
259.600000,9.9990247783e-04,2.7645820427e-01
259.650000,1.0009495001e-03,2.7334980340e-01
259.700000,1.0003634911e-03,2.7165698316e-01
259.750000,1.0004385412e-03,2.7829293664e-01
259.800000,1.0007381151e-03,2.7435235922e-01
259.850000,1.0005049790e-03,2.6792294050e-01
259.900000,9.9965264329e-04,2.7725445602e-01
259.950000,9.9919833393e-04,2.6206294111e-01
260.000000,9.9958434501e-04,2.7961195244e-01
260.050000,9.9858927586e-04,2.7534110403e-01
260.100000,1.0012356534e-03,2.7555648101e-01
260.150000,1.0009685894e-03,2.8227705800e-01
260.200000,9.9996082561e-04,2.7868216290e-01
260.250000,9.9900221408e-04,2.6718270803e-01
260.300000,1.0018400806e-03,2.7503728519e-01
260.350000,1.0000991395e-03,2.7345662145e-01
260.400000,1.0017535441e-03,2.6281710871e-01
260.450000,1.0012644155e-03,2.7472141476e-01
260.500000,1.0011854070e-03,2.7714676507e-01
260.550000,9.9976105853e-04,2.7221333965e-01
260.600000,1.0012944192e-03,2.6886778109e-01
260.650000,1.0014165350e-03,2.6748613134e-01
260.700000,1.0016548895e-03,2.8178133673e-01
260.750000,9.9954286238e-04,2.7366503062e-01
260.800000,9.9912495464e-04,2.7227986451e-01
260.850000,1.0006962686e-03,2.7128966615e-01
260.900000,9.9959941242e-04,2.7187151914e-01
260.950000,1.0001792912e-03,2.7696099065e-01
261.000000,9.9895054355e-04,2.6755129647e-01
261.050000,9.9813492156e-04,2.6785071795e-01
261.100000,9.9830666810e-04,2.7103028541e-01
261.150000,1.0015746828e-03,2.7842728981e-01
261.200000,1.0004425453e-03,2.7145750995e-01
261.250000,9.9774261510e-04,2.7265658065e-01
261.300000,9.9912598618e-04,2.7245748699e-01
261.350000,1.0014298020e-03,2.7237202948e-01
261.400000,1.0012601980e-03,2.6982767286e-01
261.450000,9.9921532450e-04,2.6725771710e-01
261.500000,1.0013100462e-03,2.6897761705e-01
261.550000,1.0005921759e-03,2.7087955554e-01
261.600000,9.9867969269e-04,2.7309081000e-01
261.650000,1.0010139657e-03,2.8335419078e-01
261.700000,9.9873818885e-04,2.7546167721e-01
261.750000,1.0008129984e-03,2.8014588556e-01
261.800000,1.0005150301e-03,2.7749070612e-01
261.850000,9.9834659805e-04,2.7136381174e-01
261.900000,9.9968356519e-04,2.7053374762e-01
261.950000,1.0013555829e-03,2.8368476920e-01
262.000000,9.9985773954e-04,2.6928675591e-01
262.050000,1.0004361757e-03,2.7446342112e-01
262.100000,1.0001049237e-03,2.7517216781e-01
262.150000,9.9987153388e-04,2.7489437467e-01
262.200000,9.9992266371e-04,2.6664431047e-01
262.250000,9.9860990529e-04,2.6412271390e-01
262.300000,9.9978832561e-04,2.7728200372e-01
262.350000,9.9982749881e-04,2.6837219375e-01
262.400000,9.9996607442e-04,2.7358574833e-01
262.450000,9.9970299920e-04,2.7131794251e-01
262.500000,9.9971731280e-04,2.7089411305e-01
262.550000,9.9903516240e-04,2.7370218612e-01
262.600000,9.9973194062e-04,2.7448206686e-01
262.650000,1.0003496505e-03,2.7316326156e-01
262.700000,1.0009802224e-03,2.6550488731e-01
262.750000,9.9930939373e-04,2.6449038507e-01
262.800000,9.9986409709e-04,2.7797978741e-01
262.850000,1.0016207842e-03,2.6600955966e-01
262.900000,9.9906562530e-04,2.7278098712e-01
262.950000,1.0014783420e-03,2.6854335500e-01
263.000000,9.9971322160e-04,2.7332335687e-01
263.050000,1.0010453756e-03,2.7388150197e-01
263.100000,9.9874220039e-04,2.6931654720e-01
263.150000,1.0032306713e-03,2.7589925130e-01
263.200000,1.0009461138e-03,2.6878067063e-01
263.250000,1.0008411349e-03,2.6896473659e-01
263.300000,1.0011323278e-03,2.6974268167e-01
263.350000,1.0012487273e-03,2.7801388104e-01
263.400000,9.9974479463e-04,2.7715555909e-01
263.450000,9.9878871443e-04,2.6675084530e-01
263.500000,9.9973194862e-04,2.7623954586e-01
263.550000,1.0014405289e-03,2.7841091727e-01
263.600000,9.9875998837e-04,2.6773345139e-01
263.650000,9.9779396520e-04,2.6795943543e-01
263.700000,1.0003078608e-03,2.7235580314e-01
263.750000,1.0009537358e-03,2.7795168689e-01
263.800000,1.0005600084e-03,2.7711759093e-01
263.850000,1.0003317840e-03,2.7651830074e-01
263.900000,1.0018117684e-03,2.6799097417e-01
263.950000,9.9922315055e-04,2.7456690740e-01
264.000000,1.0010145727e-03,2.7220751827e-01
264.050000,9.9975400168e-04,2.6715920107e-01
264.100000,1.0002821739e-03,2.7672752229e-01
264.150000,9.9926317457e-04,2.7520873683e-01
264.200000,1.0005066989e-03,2.7212472385e-01
264.250000,9.9944035301e-04,2.7295293508e-01
264.300000,1.0017586798e-03,2.6770252233e-01
264.350000,1.0004774472e-03,2.8124657941e-01
264.400000,9.9899887531e-04,2.7544321440e-01
264.450000,1.0007352112e-03,2.7057870783e-01
264.500000,9.9806720852e-04,2.6904777441e-01
264.550000,9.9934551614e-04,2.6560510218e-01
264.600000,9.9985608049e-04,2.6519258164e-01
264.650000,9.9839816094e-04,2.7307701199e-01
264.700000,9.9976737295e-04,2.8456053256e-01
264.750000,9.9862886114e-04,2.7851653874e-01
264.800000,1.0000836653e-03,2.5934412359e-01
264.850000,9.9875059890e-04,2.7014226798e-01
264.900000,9.9894534509e-04,2.7008774580e-01
264.950000,1.0005078457e-03,2.6768224464e-01
265.000000,9.9962745082e-04,2.7826605675e-01
265.050000,1.0002036676e-03,2.7972745084e-01
265.100000,1.0014678930e-03,2.8040994744e-01
265.150000,9.9917820136e-04,2.6790049983e-01
265.200000,9.9859228479e-04,2.7106544421e-01
265.250000,9.9962522221e-04,2.7089011822e-01
265.300000,1.0007841750e-03,2.7454181820e-01
265.350000,1.0019446499e-03,2.7260076107e-01
265.400000,1.0002760067e-03,2.7206814425e-01
265.450000,1.0018185963e-03,2.7919882528e-01
265.500000,1.0009261314e-03,2.8056295168e-01
265.550000,9.9838782887e-04,2.7065536567e-01
265.600000,9.9888869911e-04,2.7295479535e-01
265.650000,9.9923925284e-04,2.7524554368e-01
265.700000,1.0015989085e-03,2.6423355221e-01
265.750000,1.0000061824e-03,2.6835490920e-01
265.800000,1.0011148006e-03,2.7990902951e-01
265.850000,9.9980947643e-04,2.7611719562e-01
265.900000,9.9996952700e-04,2.7526649053e-01
265.950000,1.0014308696e-03,2.7740901427e-01
266.000000,9.9952469848e-04,2.7263708158e-01
266.050000,9.9952886998e-04,2.6134513848e-01
266.100000,9.9894869277e-04,2.6450867494e-01
266.150000,9.9852738523e-04,2.6611014082e-01
266.200000,1.0022488483e-03,2.8041426149e-01
266.250000,1.0018049134e-03,2.8013693257e-01
266.300000,9.9845469726e-04,2.6956362849e-01
266.350000,1.0004778486e-03,2.7303671204e-01
266.400000,9.9984155960e-04,2.7873109859e-01
266.450000,9.9893525043e-04,2.7286282426e-01
266.500000,9.9996853561e-04,2.7490871372e-01
266.550000,1.0005759163e-03,2.7113995569e-01
266.600000,9.9874673043e-04,2.6760393443e-01
266.650000,9.9910282941e-04,2.7436529556e-01
266.700000,9.9938351072e-04,2.7447702393e-01
266.750000,1.0002837274e-03,2.7189172010e-01
266.800000,1.0009905539e-03,2.6261619743e-01
266.850000,1.0013148091e-03,2.7251627459e-01
266.900000,1.0023793560e-03,2.7855685132e-01
266.950000,9.9990576213e-04,2.7498484156e-01
267.000000,9.9994858688e-04,2.6500442094e-01
267.050000,9.9997611756e-04,2.8293312394e-01
267.100000,9.9936989381e-04,2.7839889429e-01
267.150000,9.9953385306e-04,2.7448936463e-01
267.200000,9.9892114281e-04,2.6950263543e-01
267.250000,9.9960848522e-04,2.7429822145e-01
267.300000,1.0001611141e-03,2.6962581360e-01
267.350000,1.0004652624e-03,2.6574838465e-01
267.400000,1.0005244851e-03,2.8158145614e-01
267.450000,1.0001855233e-03,2.6175689000e-01
267.500000,1.0003088275e-03,2.7382631692e-01
267.550000,9.9881306682e-04,2.7389896600e-01
267.600000,9.9943722884e-04,2.7573109789e-01
267.650000,9.9832341328e-04,2.7458965638e-01
267.700000,9.9912178707e-04,2.6527551810e-01
267.750000,9.9951876770e-04,2.6440027002e-01
267.800000,1.0006948218e-03,2.7323303270e-01
267.850000,9.9897323437e-04,2.6637664438e-01
267.900000,1.0007521807e-03,2.6940557840e-01
267.950000,9.9852257887e-04,2.6970714526e-01
268.000000,1.0018298813e-03,2.6349903573e-01
268.050000,1.0000809921e-03,2.7954995680e-01
268.100000,1.0013617841e-03,2.7019949526e-01
268.150000,1.0003586997e-03,2.7418462144e-01
268.200000,9.9871985539e-04,2.7581054029e-01
268.250000,9.9830137962e-04,2.7914256183e-01
268.300000,1.0004903975e-03,2.7775821263e-01
268.350000,9.9980430870e-04,2.7400631513e-01
268.400000,9.9849903694e-04,2.7773698826e-01
268.450000,9.9995962095e-04,2.7009706675e-01
268.500000,1.0002743832e-03,2.6901066064e-01
268.550000,1.0003304649e-03,2.7093017848e-01
268.600000,1.0006601771e-03,2.8020295268e-01
268.650000,9.9964597692e-04,2.6770849853e-01
268.700000,1.0005064787e-03,2.7167115814e-01
268.750000,9.9994813084e-04,2.8236182023e-01
268.800000,9.9961270608e-04,2.6823552551e-01
268.850000,9.9892238700e-04,2.7065684449e-01
268.900000,1.0018681775e-03,2.8224967745e-01
268.950000,1.0003506709e-03,2.7923928987e-01
269.000000,9.9935339479e-04,2.7613071025e-01
269.050000,9.9960840802e-04,2.7455107006e-01
269.100000,9.9984303815e-04,2.6776091607e-01
269.150000,9.9969351682e-04,2.8389495813e-01
269.200000,9.9855565268e-04,2.7788353571e-01
269.250000,1.0000661943e-03,2.7895807485e-01
269.300000,1.0001832273e-03,2.7623228532e-01
269.350000,9.9873025430e-04,2.7054628520e-01
269.400000,9.9918128105e-04,2.7710822602e-01
269.450000,1.0002389388e-03,2.6953463169e-01
269.500000,9.9888150785e-04,2.7247795567e-01
269.550000,1.0002796082e-03,2.7142564877e-01
269.600000,1.0002099614e-03,2.7789378181e-01
269.650000,1.0012293052e-03,2.6383898110e-01
269.700000,9.9963521768e-04,2.7441402247e-01
269.750000,9.9944445706e-04,2.7356854215e-01
269.800000,1.0009108666e-03,2.6997746492e-01
269.850000,1.0005102511e-03,2.6482113216e-01
269.900000,9.9937261277e-04,2.7416725083e-01
269.950000,1.0006687455e-03,2.6705983742e-01
270.000000,1.0007695040e-03,2.7989747274e-01
270.050000,9.9994044265e-04,2.6962266061e-01
270.100000,1.0004290822e-03,2.6526581071e-01
270.150000,9.9954533374e-04,2.7691423134e-01
270.200000,9.9968916498e-04,2.7424588830e-01
270.250000,1.0012210720e-03,2.7080863800e-01
270.300000,1.0000345107e-03,2.6444773884e-01
270.350000,9.9993752148e-04,2.7348363643e-01
270.400000,1.0003390668e-03,2.7039486448e-01
270.450000,1.0009943298e-03,2.6539950911e-01
270.500000,9.9952762603e-04,2.7965896125e-01
270.550000,9.9890586661e-04,2.7301511821e-01
270.600000,1.0004704966e-03,2.7663225775e-01
270.650000,1.0008417454e-03,2.8014985126e-01
270.700000,9.9940792300e-04,2.7369533299e-01
270.750000,9.9882469226e-04,2.6986552910e-01
270.800000,9.9994856749e-04,2.8032787182e-01
270.850000,9.9997371466e-04,2.6928576739e-01
270.900000,9.9973959073e-04,2.6922808935e-01
270.950000,9.9933208737e-04,2.8591498031e-01
271.000000,9.9997063163e-04,2.6806483790e-01
271.050000,1.0002057890e-03,2.9280901854e-01
271.100000,9.9956826859e-04,2.7361420345e-01
271.150000,1.0000050656e-03,2.6380080283e-01
271.200000,9.9886742080e-04,2.6911473539e-01
271.250000,9.9986464788e-04,2.7500090207e-01
271.300000,9.9949005158e-04,2.7098218872e-01
271.350000,1.0003661438e-03,2.6882633343e-01
271.400000,9.9887906211e-04,2.6644796458e-01
271.450000,1.0011505958e-03,2.8304177003e-01
271.500000,1.0012622205e-03,2.7719577014e-01
271.550000,1.0017063853e-03,2.7523976610e-01
271.600000,9.9918515803e-04,2.7390334835e-01
271.650000,9.9986627808e-04,2.7330680513e-01
271.700000,1.0003696244e-03,2.7488195257e-01
271.750000,1.0003144234e-03,2.7616988025e-01
271.800000,9.9971663593e-04,2.6929007515e-01
271.850000,9.9869290660e-04,2.6901498138e-01
271.900000,1.0002991832e-03,2.7212510933e-01
271.950000,1.0005772892e-03,2.7998153131e-01
272.000000,1.0004744304e-03,2.7425936767e-01
272.050000,1.0022675002e-03,2.7465781629e-01
272.100000,1.0009967143e-03,2.7281678661e-01
272.150000,1.0000587114e-03,2.6961048050e-01
272.200000,1.0008295845e-03,2.7746527880e-01
272.250000,9.9962520731e-04,2.7010740865e-01
272.300000,9.9880014500e-04,2.6314845529e-01
272.350000,9.9825524401e-04,2.6973874941e-01
272.400000,1.0012802150e-03,2.6773864010e-01
272.450000,1.0022134737e-03,2.7168869805e-01
272.500000,9.9946072619e-04,2.7273572606e-01
272.550000,1.0003778622e-03,2.7055359631e-01
272.600000,1.0015370752e-03,2.6791268036e-01
272.650000,1.0002537158e-03,2.7652358748e-01
272.700000,9.9860119312e-04,2.7341527970e-01
272.750000,1.0013460713e-03,2.8138788342e-01
272.800000,1.0009285380e-03,2.7422121177e-01
272.850000,1.0002487353e-03,2.7031998661e-01
272.900000,1.0006628405e-03,2.7883191375e-01
272.950000,1.0005731971e-03,2.7059657743e-01
273.000000,1.0007393799e-03,2.7052370810e-01
273.050000,1.0006434195e-03,2.7730714006e-01
273.100000,9.9908178724e-04,2.7218474887e-01
273.150000,9.9864665626e-04,2.7099706843e-01
273.200000,9.9920468805e-04,2.7890910277e-01
273.250000,1.0003381252e-03,2.7463217997e-01
273.300000,1.0006836169e-03,2.7012827585e-01
273.350000,9.9956271725e-04,2.7147479538e-01
273.400000,1.0003758633e-03,2.7400359905e-01
273.450000,1.0003000219e-03,2.7141159107e-01
273.500000,1.0015189750e-03,2.6967765020e-01
273.550000,1.0002583825e-03,2.6514346079e-01
273.600000,1.0000480478e-03,2.7676892384e-01
273.650000,1.0006538970e-03,2.6617545775e-01
273.700000,9.9965434759e-04,2.8090882056e-01
273.750000,1.0003662087e-03,2.6794426625e-01
273.800000,9.9851870805e-04,2.6838809265e-01
273.850000,1.0006392418e-03,2.7500473767e-01
273.900000,1.0007060148e-03,2.7331626500e-01
273.950000,9.9910412477e-04,2.7595777492e-01
274.000000,9.9842846613e-04,2.6928031500e-01
274.050000,1.0011151361e-03,2.6871843188e-01
274.100000,9.9923276040e-04,2.7335919580e-01
274.150000,1.0005513242e-03,2.6727258424e-01
274.200000,1.0007753337e-03,2.6860818908e-01
274.250000,1.0018052406e-03,2.7162393643e-01
274.300000,1.0010057249e-03,2.6549622748e-01
274.350000,9.9962610874e-04,2.7773387965e-01
274.400000,9.9784013869e-04,2.7009298369e-01
274.450000,9.9998413136e-04,2.7207983554e-01
274.500000,1.0011659878e-03,2.7681790747e-01
274.550000,9.9788742627e-04,2.7319242936e-01
274.600000,1.0001013731e-03,2.7898527187e-01
274.650000,1.0026560314e-03,2.7495156194e-01
274.700000,9.9951826728e-04,2.7778111028e-01
274.750000,9.9905133044e-04,2.6636031307e-01
274.800000,9.9946350923e-04,2.8119360139e-01
274.850000,9.9967018590e-04,2.7266734968e-01
274.900000,9.9936835191e-04,2.7645827839e-01
274.950000,9.9978607529e-04,2.6931860299e-01
275.000000,9.9990793067e-04,2.7833562769e-01
275.050000,9.9869654931e-04,2.6067214592e-01
275.100000,1.0007051714e-03,2.6505807358e-01
275.150000,9.9946518845e-04,2.7180189049e-01
275.200000,1.0005634196e-03,2.6453221131e-01
275.250000,9.9883526709e-04,2.7237114639e-01
275.300000,9.9916502771e-04,2.7793743557e-01
275.350000,9.9821836863e-04,2.7163917829e-01
275.400000,9.9865629469e-04,2.7118356472e-01
275.450000,9.9998802164e-04,2.7055067900e-01
275.500000,9.9911615494e-04,2.6915444119e-01
275.550000,1.0008125218e-03,2.7580965212e-01
275.600000,1.0005533303e-03,2.7675322155e-01
275.650000,9.9953256045e-04,2.6903629146e-01
275.700000,9.9884240504e-04,2.6829906721e-01
275.750000,1.0004227711e-03,2.7028078906e-01
275.800000,9.9767369212e-04,2.6639081598e-01
275.850000,9.9949604032e-04,2.7651483232e-01
275.900000,9.9969629028e-04,2.6884952217e-01
275.950000,9.9804161653e-04,2.7246656828e-01
276.000000,9.9851349981e-04,2.7154757970e-01
276.050000,1.0010353109e-03,2.6628371930e-01
276.100000,1.0008223043e-03,2.6698173105e-01
276.150000,9.9740462782e-04,2.6765895459e-01
276.200000,9.9945875841e-04,2.6790707946e-01
276.250000,1.0002567830e-03,2.7819426974e-01
276.300000,1.0019011261e-03,2.6618870238e-01
276.350000,1.0022624044e-03,2.8114581277e-01
276.400000,1.0005865644e-03,2.7174224403e-01
276.450000,9.9930397750e-04,2.6719992393e-01
276.500000,1.0009222763e-03,2.6985670982e-01
276.550000,1.0009751364e-03,2.6572811862e-01
276.600000,1.0006497710e-03,2.6357704872e-01
276.650000,1.0002319891e-03,2.7404249319e-01
276.700000,9.9876241515e-04,2.7286182991e-01
276.750000,9.9997995912e-04,2.6873683436e-01
276.800000,9.9965117422e-04,2.7662446897e-01
276.850000,9.9695837132e-04,2.7312078659e-01
276.900000,1.0010201179e-03,2.7058081454e-01
276.950000,9.9836560480e-04,2.7495464330e-01
277.000000,1.0005821930e-03,2.7487508745e-01
277.050000,1.0022717376e-03,2.7879826855e-01
277.100000,1.0001688539e-03,2.6857048128e-01
277.150000,1.0005488492e-03,2.7577640774e-01
277.200000,9.9757371901e-04,2.7365536065e-01
277.250000,9.9991284057e-04,2.6795464025e-01
277.300000,1.0000541972e-03,2.6746778430e-01
277.350000,1.0008079914e-03,2.7363685099e-01
277.400000,1.0012296314e-03,2.7911941466e-01
277.450000,1.0011174230e-03,2.7099253935e-01
277.500000,1.0004640881e-03,2.6552546507e-01
277.550000,1.0010689491e-03,2.6899849559e-01
277.600000,9.9896084497e-04,2.6846094142e-01
277.650000,1.0015038733e-03,2.7965518502e-01
277.700000,1.0010270657e-03,2.7389506113e-01
277.750000,1.0007697680e-03,2.6987956102e-01
277.800000,1.0003947615e-03,2.7282436370e-01
277.850000,9.9773249005e-04,2.7271970730e-01
277.900000,9.9970792544e-04,2.7652791113e-01
277.950000,9.9952732388e-04,2.6891290546e-01
278.000000,1.0002960344e-03,2.7462910065e-01
278.050000,9.9743205450e-04,2.6805337472e-01
278.100000,1.0000802201e-03,2.7680338241e-01
278.150000,9.9887293746e-04,2.7482622736e-01
278.200000,1.0004382573e-03,2.7340436028e-01
278.250000,1.0024361607e-03,2.6934712358e-01
278.300000,1.0000318236e-03,2.6853828483e-01
278.350000,9.9940919284e-04,2.7358663233e-01
278.400000,9.9786257145e-04,2.6959588635e-01
278.450000,1.0001527802e-03,2.7893309533e-01
278.500000,1.0009158842e-03,2.7290497313e-01
278.550000,9.9828066210e-04,2.7521722067e-01
278.600000,1.0001690542e-03,2.7037231399e-01
278.650000,9.9813898394e-04,2.7678672711e-01
278.700000,1.0004183302e-03,2.8238586838e-01
278.750000,1.0000071508e-03,2.7050049176e-01
278.800000,9.9851390277e-04,2.6845416883e-01
278.850000,9.9860490006e-04,2.8413766901e-01
278.900000,9.9922573210e-04,2.7279583549e-01
278.950000,1.0013565756e-03,2.7569796221e-01
279.000000,1.0008679944e-03,2.6731995635e-01
279.050000,9.9879614850e-04,2.7056134846e-01
279.100000,9.9939943779e-04,2.7365205049e-01
279.150000,1.0008732235e-03,2.7822651803e-01
279.200000,9.9962289336e-04,2.6165861045e-01
279.250000,9.9957360333e-04,2.7029659924e-01
279.300000,9.9952270780e-04,2.7303606946e-01
279.350000,9.9950523421e-04,2.6537487770e-01
279.400000,9.9979334165e-04,2.6937895126e-01
279.450000,1.0006454978e-03,2.7366666749e-01
279.500000,1.0006648350e-03,2.7200514012e-01
279.550000,9.9928829369e-04,2.7956552905e-01
279.600000,9.9995894931e-04,2.7604365280e-01
279.650000,1.0000121945e-03,2.6736691792e-01
279.700000,9.9972849086e-04,2.7163474815e-01
279.750000,1.0001024119e-03,2.6504277837e-01
279.800000,9.9947190427e-04,2.7159279338e-01
279.850000,1.0006189119e-03,2.7980004874e-01
279.900000,9.9887246324e-04,2.8443993037e-01
279.950000,9.9866321631e-04,2.6915188259e-01
280.000000,9.9960513122e-04,2.7310067239e-01
280.050000,1.0003100555e-03,2.6576582044e-01
280.100000,9.9909837754e-04,2.6981445881e-01
280.150000,1.0018106442e-03,2.7231740422e-01
280.200000,1.0014079184e-03,2.7579664281e-01
280.250000,1.0001693944e-03,2.7970524746e-01
280.300000,9.9978174038e-04,2.6473298307e-01
280.350000,1.0005688698e-03,2.6806430686e-01
280.400000,1.0006766647e-03,2.6474020877e-01
280.450000,9.9822798754e-04,2.7572534141e-01
280.500000,1.0001639710e-03,2.8010645194e-01
280.550000,9.9785440247e-04,2.7051526654e-01
280.600000,1.0009799855e-03,2.7443774951e-01
280.650000,1.0002788520e-03,2.7455961584e-01
280.700000,9.9952108094e-04,2.6774574769e-01
280.750000,9.9861897806e-04,2.6231089332e-01
280.800000,1.0006512256e-03,2.7055217420e-01
280.850000,9.9852497453e-04,2.5988462286e-01
280.900000,9.9973563010e-04,2.6124154706e-01
280.950000,1.0001378032e-03,2.7650721155e-01
281.000000,9.9952084499e-04,2.7827231168e-01
281.050000,1.0003374503e-03,2.6645142699e-01
281.100000,9.9996037637e-04,2.7206720620e-01
281.150000,1.0012746922e-03,2.7315557239e-01
281.200000,1.0012646863e-03,2.7809266928e-01
281.250000,1.0002380440e-03,2.7522565505e-01
281.300000,1.0012281090e-03,2.5806067608e-01
281.350000,9.9980815181e-04,2.7442419808e-01
281.400000,1.0001905779e-03,2.7924807534e-01
281.450000,1.0004115686e-03,2.7727256368e-01
281.500000,9.9948304696e-04,2.8112240529e-01
281.550000,1.0001552401e-03,2.7911934076e-01
281.600000,1.0001580059e-03,2.6945345241e-01
281.650000,9.9919924685e-04,2.6301035178e-01
281.700000,9.9938134670e-04,2.7733060116e-01
281.750000,9.9973148383e-04,2.7843208368e-01
281.800000,1.0004593192e-03,2.7400614391e-01
281.850000,1.0001672940e-03,2.7198132001e-01
281.900000,1.0000034385e-03,2.7475479094e-01
281.950000,1.0006714401e-03,2.7184672853e-01
282.000000,9.9814141656e-04,2.7119101241e-01
282.050000,1.0001222451e-03,2.7299260821e-01
282.100000,1.0010896161e-03,2.7359175016e-01
282.150000,9.9985708028e-04,2.7731402221e-01
282.200000,1.0004099517e-03,2.7602310649e-01
282.250000,1.0006895165e-03,2.6744311034e-01
282.300000,1.0000453264e-03,2.7713790620e-01
282.350000,9.9940745419e-04,2.7204484915e-01
282.400000,1.0008451288e-03,2.6682866387e-01
282.450000,1.0008961723e-03,2.7234211976e-01
282.500000,9.9938621406e-04,2.6763746563e-01
282.550000,9.9761535552e-04,2.7289391061e-01
282.600000,9.9943762237e-04,2.8720135765e-01
282.650000,1.0007664836e-03,2.7260867264e-01
282.700000,9.9893500477e-04,2.7639374497e-01
282.750000,1.0000863505e-03,2.7044065940e-01
282.800000,9.9818630715e-04,2.7279081332e-01
282.850000,9.9992798627e-04,2.6282418262e-01
282.900000,1.0004218907e-03,2.7700555905e-01
282.950000,1.0014116799e-03,2.6497376187e-01
283.000000,9.9872321351e-04,2.6337275884e-01
283.050000,9.9999437271e-04,2.7249470940e-01
283.100000,9.9918512870e-04,2.7280291994e-01
283.150000,9.9718288808e-04,2.7789714288e-01
283.200000,9.9864995816e-04,2.7297103639e-01
283.250000,1.0017665193e-03,2.7319461695e-01
283.300000,1.0010152054e-03,2.6564093052e-01
283.350000,1.0013735619e-03,2.8019644374e-01
283.400000,1.0002919994e-03,2.7979685100e-01
283.450000,1.0003304686e-03,2.6685774911e-01
283.500000,1.0002074667e-03,2.7425373236e-01
283.550000,9.9817234777e-04,2.7903455138e-01
283.600000,1.0001120944e-03,2.7219129540e-01
283.650000,9.9896613554e-04,2.6480533238e-01
283.700000,9.9948982120e-04,2.7296669075e-01
283.750000,9.9870771237e-04,2.6597780888e-01
283.800000,9.9933465310e-04,2.7446335489e-01
283.850000,9.9916979775e-04,2.6911847570e-01
283.900000,1.0003423822e-03,2.7236290234e-01
283.950000,9.9836995415e-04,2.7532290853e-01
284.000000,1.0009742419e-03,2.7279510451e-01
284.050000,9.9899804238e-04,2.7339018541e-01
284.100000,1.0002561317e-03,2.6656882386e-01
284.150000,1.0001052744e-03,2.6845779852e-01
284.200000,9.9717737006e-04,2.7198820847e-01
284.250000,9.9990261446e-04,2.8196919147e-01
284.300000,1.0014430385e-03,2.6965680304e-01
284.350000,1.0002215315e-03,2.7740602417e-01
284.400000,9.9949289830e-04,2.7012947413e-01
284.450000,1.0012687034e-03,2.7015507933e-01
284.500000,1.0007899877e-03,2.6790140743e-01
284.550000,9.9788522626e-04,2.6436268870e-01
284.600000,1.0020675276e-03,2.7067503064e-01
284.650000,9.9768252903e-04,2.8165986189e-01
284.700000,1.0008299840e-03,2.8272671548e-01
284.750000,9.9952137715e-04,2.8059867129e-01
284.800000,9.9972895854e-04,2.6902860351e-01
284.850000,1.0013684044e-03,2.6365975059e-01
284.900000,1.0001102741e-03,2.7303077822e-01
284.950000,1.0020448142e-03,2.7942427353e-01
285.000000,1.0003441380e-03,2.7034767630e-01
285.050000,9.9947912020e-04,2.5628412052e-01
285.100000,9.9964023297e-04,2.7272520851e-01
285.150000,9.9777023683e-04,2.6707406851e-01
285.200000,9.9995485455e-04,2.7315713028e-01
285.250000,9.9878385572e-04,2.7158807874e-01
285.300000,1.0002812337e-03,2.6954932603e-01
285.350000,9.9978095888e-04,2.7744021249e-01
285.400000,9.9964511218e-04,2.7127145563e-01
285.450000,1.0000431483e-03,2.6985985342e-01
285.500000,9.9907984177e-04,2.7234593392e-01
285.550000,9.9997966535e-04,2.7786699578e-01
285.600000,1.0005085677e-03,2.7049330977e-01
285.650000,1.0014522617e-03,2.7385774827e-01
285.700000,9.9927343403e-04,2.6039734718e-01
285.750000,1.0015835097e-03,2.7341344577e-01
285.800000,9.9917021637e-04,2.6406864767e-01
285.850000,1.0001515572e-03,2.6637625069e-01
285.900000,1.0002808229e-03,2.8442289514e-01
285.950000,1.0002014564e-03,2.7264606196e-01
286.000000,1.0007913067e-03,2.7432012304e-01
286.050000,1.0016809302e-03,2.7352325134e-01
286.100000,1.0007478893e-03,2.7516065715e-01
286.150000,1.0003374396e-03,2.7116242793e-01
286.200000,9.9925046742e-04,2.6904995689e-01
286.250000,9.9973897317e-04,2.7888349755e-01
286.300000,1.0003668113e-03,2.7192179149e-01
286.350000,1.0009602747e-03,2.6893164850e-01
286.400000,1.0008098633e-03,2.7624567426e-01
286.450000,9.9882004545e-04,2.7513321656e-01
286.500000,9.9934540534e-04,2.7150106474e-01
286.550000,9.9834425363e-04,2.7342499212e-01
286.600000,1.0013848071e-03,2.7414394958e-01
286.650000,1.0014040927e-03,2.7035695543e-01
286.700000,9.9835099120e-04,2.7091325811e-01
286.750000,9.9981049243e-04,2.6851638242e-01
286.800000,1.0010532680e-03,2.7909710196e-01
286.850000,9.9777211728e-04,2.7154216734e-01
286.900000,1.0006222419e-03,2.7034678947e-01
286.950000,1.0008053801e-03,2.7177438724e-01
287.000000,1.0026302224e-03,2.6975115417e-01
287.050000,9.9912528095e-04,2.7132738118e-01
287.100000,1.0018271237e-03,2.6269734036e-01
287.150000,1.0019433499e-03,2.6686361289e-01
287.200000,1.0002923934e-03,2.7315925308e-01
287.250000,9.9875040638e-04,2.6569027751e-01
287.300000,9.9834104620e-04,2.7224217107e-01
287.350000,9.9953449152e-04,2.7657040152e-01
287.400000,9.9953720527e-04,2.6637502345e-01
287.450000,1.0007092575e-03,2.7537541072e-01
287.500000,1.0004246546e-03,2.8105534803e-01
287.550000,9.9937040320e-04,2.6105689959e-01
287.600000,1.0002211706e-03,2.7189308334e-01
287.650000,9.9986868456e-04,2.8016889207e-01
287.700000,9.9977020611e-04,2.6336509620e-01
287.750000,9.9960206880e-04,2.6766825098e-01
287.800000,9.9949361416e-04,2.7861692896e-01
287.850000,1.0001163994e-03,2.7238746324e-01
287.900000,9.9950619932e-04,2.7784326567e-01
287.950000,1.0003141594e-03,2.6646513560e-01
288.000000,1.0002270426e-03,2.6696027445e-01
288.050000,9.9957168073e-04,2.7159928874e-01
288.100000,9.9981313129e-04,2.8593772348e-01
288.150000,1.0002163722e-03,2.8397835342e-01
288.200000,9.9982277266e-04,2.7347647253e-01
288.250000,9.9962178832e-04,2.6539594498e-01
288.300000,1.0010042541e-03,2.7525674031e-01
288.350000,1.0001377440e-03,2.6297897383e-01
288.400000,9.9898648407e-04,2.7375881341e-01
288.450000,1.0007186815e-03,2.7571522121e-01
288.500000,9.9954846811e-04,2.7313024264e-01
288.550000,9.9929498347e-04,2.7786574718e-01
288.600000,1.0013419262e-03,2.6774136838e-01
288.650000,1.0008459896e-03,2.6288836939e-01
288.700000,9.9891039707e-04,2.7124029061e-01
288.750000,1.0004846273e-03,2.7278598374e-01
288.800000,9.9944864379e-04,2.6770699454e-01
288.850000,9.9962577026e-04,2.7482596574e-01
288.900000,9.9813772377e-04,2.6640759939e-01
288.950000,9.9845321368e-04,2.7421004407e-01
289.000000,1.0008390555e-03,2.6610072518e-01
289.050000,9.9913280522e-04,2.8216723470e-01
289.100000,9.9943141314e-04,2.8077612880e-01
289.150000,1.0004730848e-03,2.7662950320e-01
289.200000,9.9982205297e-04,2.7512634381e-01
289.250000,1.0004808400e-03,2.7228211168e-01
289.300000,9.9958167602e-04,2.7364102866e-01
289.350000,1.0014306567e-03,2.6891787212e-01
289.400000,1.0014830504e-03,2.6088766551e-01
289.450000,9.9818160630e-04,2.6193877573e-01
289.500000,1.0010397179e-03,2.6752922140e-01
289.550000,9.9980841095e-04,2.7744775531e-01
289.600000,1.0013655508e-03,2.7630162396e-01
289.650000,9.9938699401e-04,2.7442003001e-01
289.700000,9.9950176645e-04,2.7452287265e-01
289.750000,1.0007436824e-03,2.8001931516e-01
289.800000,1.0001547258e-03,2.8417606598e-01
289.850000,1.0000781420e-03,2.7699939413e-01
289.900000,9.9902217770e-04,2.7655293812e-01
289.950000,1.0001297731e-03,2.6655172085e-01
290.000000,1.0018603771e-03,2.6893584818e-01
290.050000,1.0000161820e-03,2.6637495337e-01
290.100000,9.9846705630e-04,2.6980728752e-01
290.150000,9.9993211388e-04,2.6296137276e-01
290.200000,9.9843314935e-04,2.7050915557e-01
290.250000,9.9840616786e-04,2.7212851905e-01
290.300000,9.9959764971e-04,2.6867459631e-01
290.350000,9.9951003013e-04,2.7186266357e-01
290.400000,9.9875531619e-04,2.7247584242e-01
290.450000,9.9882806505e-04,2.6996535900e-01
290.500000,9.9879908842e-04,2.6425668345e-01
290.550000,1.0019748860e-03,2.8159149368e-01
290.600000,9.9868722400e-04,2.7332887569e-01
290.650000,1.0011309013e-03,2.6512172768e-01
290.700000,1.0008853309e-03,2.7530019558e-01
290.750000,1.0011764041e-03,2.7343408089e-01
290.800000,9.9951088389e-04,2.7273760803e-01
290.850000,1.0005926090e-03,2.7632264283e-01
290.900000,1.0008772101e-03,2.7222892121e-01
290.950000,1.0004725135e-03,2.7044057988e-01
291.000000,9.9914439090e-04,2.6936859825e-01
291.050000,9.9867322027e-04,2.6770737969e-01
291.100000,1.0006857007e-03,2.7800063884e-01
291.150000,1.0002939412e-03,2.6920273831e-01
291.200000,9.9914914807e-04,2.7523162590e-01
291.250000,1.0007846720e-03,2.6959144693e-01
291.300000,1.0014357375e-03,2.7447190770e-01
291.350000,9.9951640205e-04,2.6300779129e-01
291.400000,1.0015459438e-03,2.6633168989e-01
291.450000,9.9948829821e-04,2.7415013349e-01
291.500000,9.9987110669e-04,2.7713857044e-01
291.550000,9.9930879168e-04,2.6939363721e-01
291.600000,1.0001942301e-03,2.8445739736e-01
291.650000,9.9870435102e-04,2.6775733153e-01
291.700000,1.0009606613e-03,2.6444777439e-01
291.750000,9.9912748291e-04,2.6495473675e-01
291.800000,9.9998629634e-04,2.7309536383e-01
291.850000,9.9973582014e-04,2.6960449213e-01
291.900000,1.0015323444e-03,2.6521853347e-01
291.950000,1.0013304020e-03,2.7099537239e-01
292.000000,1.0007327348e-03,2.6792002418e-01
292.050000,9.9925616913e-04,2.8048323883e-01
292.100000,9.9788609587e-04,2.7300937534e-01
292.150000,1.0010954336e-03,2.6153700984e-01
292.200000,9.9936229187e-04,2.7117058007e-01
292.250000,1.0005273164e-03,2.7492992625e-01
292.300000,9.9844516520e-04,2.7926844448e-01
292.350000,9.9971304902e-04,2.8123295578e-01
292.400000,9.9890991546e-04,2.7361548618e-01
292.450000,1.0021962303e-03,2.6647306608e-01
292.500000,9.9831624320e-04,2.7077276855e-01
292.550000,1.0003275360e-03,2.6766272684e-01
292.600000,1.0002980812e-03,2.8605681174e-01
292.650000,9.9991915663e-04,2.8118083047e-01
292.700000,9.9927975607e-04,2.6028289394e-01
292.750000,9.9975622949e-04,2.7382738504e-01
292.800000,1.0008911761e-03,2.6920424070e-01
292.850000,1.0001776538e-03,2.8189173040e-01
292.900000,9.9858177445e-04,2.6823460238e-01
292.950000,9.9950095005e-04,2.7419465489e-01
293.000000,9.9959458525e-04,2.8993905888e-01
293.050000,9.9990675952e-04,2.7048085068e-01
293.100000,1.0001637235e-03,2.7489574547e-01
293.150000,1.0009453552e-03,2.6401957725e-01
293.200000,1.0014053990e-03,2.8116539668e-01
293.250000,9.9918582036e-04,2.7946996841e-01
293.300000,9.9999749354e-04,2.7350958819e-01
293.350000,9.9874370855e-04,2.7698527436e-01
293.400000,9.9973008861e-04,2.6604369021e-01
293.450000,9.9984481279e-04,2.7194142930e-01
293.500000,1.0000636865e-03,2.7150215123e-01
293.550000,1.0008108555e-03,2.7907666020e-01
293.600000,1.0002646248e-03,2.6639625826e-01
293.650000,9.9811524692e-04,2.6785536641e-01
293.700000,1.0004180844e-03,2.6795140693e-01
293.750000,1.0006199443e-03,2.6780956620e-01
293.800000,9.9911686677e-04,2.7390423662e-01
293.850000,9.9977062791e-04,2.7012593926e-01
293.900000,9.9911392539e-04,2.6770123544e-01
293.950000,9.9997988901e-04,2.7020832918e-01
294.000000,9.9937474443e-04,2.7853894308e-01
294.050000,1.0008865721e-03,2.7330118572e-01
294.100000,1.0012227091e-03,2.7548220494e-01
294.150000,1.0001343280e-03,2.6226039716e-01
294.200000,1.0000765042e-03,2.6929073951e-01
294.250000,1.0012977503e-03,2.7390505778e-01
294.300000,9.9931417433e-04,2.6894939812e-01
294.350000,9.9919159760e-04,2.6744537784e-01
294.400000,9.9970272974e-04,2.6603061169e-01
294.450000,9.9885022418e-04,2.7735973300e-01
294.500000,1.0011442386e-03,2.6121422172e-01
294.550000,9.9965236931e-04,2.7409395440e-01
294.600000,1.0002450499e-03,2.7142054441e-01
294.650000,9.9824396442e-04,2.7534880783e-01
294.700000,9.9773549325e-04,2.8857518848e-01
294.750000,1.0011066675e-03,2.7659028184e-01
294.800000,1.0000134465e-03,2.6632390568e-01
294.850000,1.0001030196e-03,2.8185814583e-01
294.900000,1.0017106700e-03,2.7179959608e-01
294.950000,1.0016636454e-03,2.7742713042e-01
295.000000,1.0011834306e-03,2.6044942797e-01
295.050000,1.0000753042e-03,2.6732502255e-01
295.100000,9.9941948681e-04,2.7268474362e-01
295.150000,1.0009322634e-03,2.7494625801e-01
295.200000,9.9861927851e-04,2.7651070855e-01
295.250000,1.0007828656e-03,2.7037124933e-01
295.300000,1.0009147409e-03,2.8241929746e-01
295.350000,1.0004583515e-03,2.8130339014e-01
295.400000,9.9974203607e-04,2.6755924584e-01
295.450000,1.0006821160e-03,2.7218347532e-01
295.500000,1.0003641793e-03,2.7512590928e-01
295.550000,1.0012320009e-03,2.6647228432e-01
295.600000,9.9997401637e-04,2.7395210380e-01
295.650000,1.0003326702e-03,2.6989229234e-01
295.700000,1.0004316277e-03,2.6070889174e-01
295.750000,1.0018346465e-03,2.7527594035e-01
295.800000,1.0004289314e-03,2.6197212579e-01
295.850000,1.0014738658e-03,2.7598208018e-01
295.900000,9.9848106201e-04,2.6992160421e-01
295.950000,1.0012422887e-03,2.6673366321e-01
296.000000,9.9922431948e-04,2.8072716124e-01
296.050000,1.0000992107e-03,2.7617216171e-01
296.100000,9.9875964925e-04,2.7754924332e-01
296.150000,1.0007853824e-03,2.7368926783e-01
296.200000,9.9955993456e-04,2.8190705693e-01
296.250000,1.0004251744e-03,2.7441854079e-01
296.300000,1.0005255273e-03,2.7734147176e-01
296.350000,1.0011692543e-03,2.7191031196e-01
296.400000,1.0013778784e-03,2.7912944883e-01
296.450000,1.0003461442e-03,2.7752174675e-01
296.500000,1.0000869166e-03,2.7895087266e-01
296.550000,1.0022765017e-03,2.6833782767e-01
296.600000,9.9992248792e-04,2.7566466990e-01
296.650000,9.9893425247e-04,2.7562653073e-01
296.700000,1.0012976217e-03,2.6935136827e-01
296.750000,1.0005978863e-03,2.7760670259e-01
296.800000,9.9828337609e-04,2.7552615552e-01
296.850000,1.0007397316e-03,2.6718587296e-01
296.900000,1.0012798644e-03,2.7876574834e-01
296.950000,9.9889799726e-04,2.7168441712e-01
297.000000,1.0000419766e-03,2.7452582722e-01
297.050000,1.0008441316e-03,2.7474344423e-01
297.100000,9.9948796179e-04,2.7149171263e-01
297.150000,1.0016193022e-03,2.6964069839e-01
297.200000,1.0019867324e-03,2.6993256335e-01
297.250000,1.0003351691e-03,2.7588562277e-01
297.300000,9.9847013189e-04,2.7493959516e-01
297.350000,9.9934097233e-04,2.7372877808e-01
297.400000,1.0004842311e-03,2.7270390436e-01
297.450000,9.9952801636e-04,2.7041509924e-01
297.500000,1.0002561815e-03,2.7824430398e-01
297.550000,1.0012728702e-03,2.8414662528e-01
297.600000,1.0021011580e-03,2.7408528406e-01
297.650000,9.9993401512e-04,2.7132163681e-01
297.700000,9.9980814980e-04,2.7192008269e-01
297.750000,9.9950367515e-04,2.6913073247e-01
297.800000,1.0030001500e-03,2.7079254431e-01
297.850000,9.9860688923e-04,2.8036866672e-01
297.900000,9.9833436618e-04,2.6719882836e-01
297.950000,1.0007075782e-03,2.7352451332e-01
298.000000,9.9884829784e-04,2.6838046936e-01
298.050000,9.9975272406e-04,2.7220384687e-01
298.100000,9.9958855438e-04,2.7746296873e-01
298.150000,1.0001981064e-03,2.7257672378e-01
298.200000,9.9995186678e-04,2.7306666099e-01
298.250000,1.0010682074e-03,2.7237045599e-01
298.300000,1.0004613590e-03,2.8339667582e-01
298.350000,9.9997720207e-04,2.7572246051e-01
298.400000,9.9945512767e-04,2.7017864860e-01
298.450000,9.9802350736e-04,2.6959388778e-01
298.500000,9.9987120901e-04,2.6819803286e-01
298.550000,9.9801396149e-04,2.7370187672e-01
298.600000,1.0013361446e-03,2.7056891448e-01
298.650000,1.0005042137e-03,2.8187330739e-01
298.700000,9.9918946142e-04,2.7093401104e-01
298.750000,9.9967076196e-04,2.7300756194e-01
298.800000,1.0019709390e-03,2.7452813131e-01
298.850000,1.0014828637e-03,2.7384561187e-01
298.900000,9.9907262188e-04,2.7809691415e-01
298.950000,1.0014979525e-03,2.7883773983e-01
299.000000,9.9876012352e-04,2.8132885014e-01
299.050000,1.0015860129e-03,2.7354506331e-01
299.100000,1.0004756043e-03,2.7926275724e-01
299.150000,1.0011639297e-03,2.6811135657e-01
299.200000,1.0003577214e-03,2.7688397717e-01
299.250000,1.0003953492e-03,2.6515427539e-01
299.300000,9.9928512672e-04,2.7271877211e-01
299.350000,9.9956418434e-04,2.6577686207e-01
299.400000,9.9985141007e-04,2.6500113671e-01
299.450000,1.0018824857e-03,2.8040637222e-01
299.500000,9.9901649320e-04,2.8045435677e-01
299.550000,9.9993608365e-04,2.6450396384e-01
299.600000,1.0001650418e-03,2.7623401528e-01
299.650000,1.0015666848e-03,2.7194312699e-01
299.700000,9.9958777442e-04,2.7886674047e-01
299.750000,9.9944441384e-04,2.7685582753e-01
299.800000,1.0024814825e-03,2.7079759626e-01
299.850000,9.9895594817e-04,2.6595617949e-01
299.900000,1.0002070848e-03,2.6792311994e-01
299.950000,1.0015130986e-03,2.8102504232e-01
300.000000,9.9931671059e-04,2.8168359228e-01
300.050000,9.9988470819e-04,2.8160657787e-01
300.100000,1.0002465205e-03,2.7626229853e-01
300.150000,9.9888312112e-04,2.7024447312e-01
300.200000,9.9975847684e-04,2.7700467622e-01
300.250000,9.9828749660e-04,2.6848001851e-01
300.300000,9.9897389125e-04,2.6341304884e-01
300.350000,9.9897092839e-04,2.6795214487e-01
300.400000,9.9919426620e-04,2.7826795126e-01
300.450000,9.9782804293e-04,2.6898077083e-01
300.500000,9.9974061221e-04,2.7372115652e-01
300.550000,9.9953620144e-04,2.7639061169e-01
300.600000,9.9943939957e-04,2.7059802572e-01
300.650000,1.0000182266e-03,2.6594002916e-01
300.700000,9.9992897686e-04,2.7438739322e-01
300.750000,9.9937759223e-04,2.5931296620e-01
300.800000,9.9974462202e-04,2.6776890195e-01
300.850000,9.9997469290e-04,2.6686585665e-01
300.900000,1.0019477449e-03,2.6600602907e-01
300.950000,1.0006313238e-03,2.7329093353e-01
301.000000,1.0007981285e-03,2.7833152579e-01
301.050000,9.9862491189e-04,2.7363625940e-01
301.100000,9.9886161311e-04,2.7419704135e-01
301.150000,9.9930413672e-04,2.6590614380e-01
301.200000,9.9839828701e-04,2.6897615533e-01
301.250000,1.0001868165e-03,2.7586285500e-01
301.300000,9.9990171337e-04,2.7157704721e-01
301.350000,9.9837991005e-04,2.8162231816e-01
301.400000,9.9992366453e-04,2.7574265757e-01
301.450000,9.9962945258e-04,2.6509137511e-01
301.500000,1.0010924210e-03,2.6614721936e-01
301.550000,9.9965939786e-04,2.8213030727e-01
301.600000,1.0011753995e-03,2.6959856587e-01
301.650000,1.0010071965e-03,2.7555176488e-01
301.700000,1.0003125581e-03,2.6682844632e-01
301.750000,1.0004541548e-03,2.7351203474e-01
301.800000,1.0012256044e-03,2.7925363577e-01
301.850000,9.9895497107e-04,2.6903455454e-01
301.900000,1.0001123350e-03,2.7321562321e-01
301.950000,1.0011990176e-03,2.7505301877e-01
302.000000,1.0001996632e-03,2.7176436604e-01
302.050000,1.0010519732e-03,2.7669766305e-01
302.100000,1.0015434782e-03,2.6798773063e-01
302.150000,1.0003201886e-03,2.7177479856e-01
302.200000,9.9840817280e-04,2.6551567233e-01
302.250000,1.0008141898e-03,2.7478024036e-01
302.300000,9.9988598331e-04,2.7658321290e-01
302.350000,9.9983611746e-04,2.7833287095e-01
302.400000,9.9957332093e-04,2.7168100690e-01
302.450000,9.9955622765e-04,2.6451964149e-01
302.500000,1.0010227498e-03,2.6951444313e-01
302.550000,9.9739476304e-04,2.7129491160e-01
302.600000,9.9935755353e-04,2.7414773449e-01
302.650000,1.0000063141e-03,2.7721758630e-01
302.700000,1.0002451937e-03,2.7596517680e-01
302.750000,1.0003824693e-03,2.6644072939e-01
302.800000,9.9988194554e-04,2.8037552431e-01
302.850000,1.0000489586e-03,2.5946190053e-01
302.900000,9.9961402603e-04,2.6938723050e-01
302.950000,9.9859889487e-04,2.7269733923e-01
303.000000,9.9796052301e-04,2.8277190006e-01
303.050000,9.9909688024e-04,2.7708535725e-01
303.100000,1.0000192933e-03,2.6875945713e-01
303.150000,9.9976828370e-04,2.6727846775e-01
303.200000,9.9987899630e-04,2.7372252942e-01
303.250000,9.9915285243e-04,2.7223633660e-01
303.300000,1.0014547713e-03,2.7233688441e-01
303.350000,1.0000722556e-03,2.7473404337e-01
303.400000,1.0018200134e-03,2.7959190226e-01
303.450000,1.0009762062e-03,2.7326273763e-01
303.500000,9.9875500272e-04,2.6867830096e-01
303.550000,9.9905492385e-04,2.7097903907e-01
303.600000,1.0006393913e-03,2.5871752936e-01
303.650000,9.9939302967e-04,2.7367557498e-01
303.700000,1.0006035600e-03,2.6865494726e-01
303.750000,9.9972137317e-04,2.6602839152e-01
303.800000,9.9973962436e-04,2.7552280285e-01
303.850000,1.0011718951e-03,2.7678067147e-01
303.900000,1.0004871294e-03,2.7824809407e-01
303.950000,1.0014448180e-03,2.7016374428e-01
304.000000,9.9954605433e-04,2.7621688074e-01
304.050000,1.0006424219e-03,2.7094907679e-01
304.100000,9.9855912704e-04,2.7622990936e-01
304.150000,9.9977744830e-04,2.7651104541e-01
304.200000,9.9989699147e-04,2.8029573625e-01
304.250000,9.9810763079e-04,2.7462477729e-01
304.300000,9.9995704781e-04,2.6962198972e-01
304.350000,9.9965115277e-04,2.7267245295e-01
304.400000,9.9768477085e-04,2.6785757098e-01
304.450000,1.0000187716e-03,2.6837176597e-01
304.500000,9.9943893311e-04,2.7049003844e-01
304.550000,1.0002818005e-03,2.7520186800e-01
304.600000,1.0011036062e-03,2.6841606005e-01
304.650000,1.0003501487e-03,2.8057019230e-01
304.700000,9.9918609743e-04,2.7341532409e-01
304.750000,9.9929867107e-04,2.6822403808e-01
304.800000,9.9952205068e-04,2.6261836241e-01
304.850000,9.9927133655e-04,2.6854870575e-01
304.900000,9.9981333251e-04,2.7409452898e-01
304.950000,9.9939054584e-04,2.7068481345e-01
305.000000,9.9970291445e-04,2.5796380730e-01
305.050000,9.9899192846e-04,2.8219175824e-01
305.100000,1.0013682626e-03,2.8291815798e-01
305.150000,9.9857155419e-04,2.7631402359e-01
305.200000,1.0001642810e-03,2.7761385634e-01
305.250000,1.0024042457e-03,2.7239443084e-01
305.300000,1.0012861996e-03,2.7403785228e-01
305.350000,9.9996007516e-04,2.7321327934e-01
305.400000,9.9985925000e-04,2.7663384840e-01
305.450000,1.0019217675e-03,2.7414641356e-01
305.500000,9.9984117040e-04,2.8312029202e-01
305.550000,1.0007051699e-03,2.6530612494e-01
305.600000,9.9966060551e-04,2.6959554422e-01
305.650000,1.0005958031e-03,2.5760678482e-01
305.700000,1.0004650943e-03,2.7606870712e-01
305.750000,1.0006648381e-03,2.7538658819e-01
305.800000,9.9886985296e-04,2.7344957904e-01
305.850000,9.9765850802e-04,2.7685282101e-01
305.900000,9.9792808890e-04,2.7078900257e-01
305.950000,1.0001194537e-03,2.8144598449e-01
306.000000,1.0002158792e-03,2.7545294224e-01
306.050000,9.9900107865e-04,2.6902169929e-01
306.100000,1.0013365255e-03,2.7019748323e-01
306.150000,1.0019904695e-03,2.6972528446e-01
306.200000,1.0011337387e-03,2.7326771207e-01
306.250000,9.9920331747e-04,2.7095296659e-01
306.300000,1.0012267906e-03,2.6851439605e-01
306.350000,9.9964168614e-04,2.6417996880e-01
306.400000,9.9931443792e-04,2.7230418140e-01
306.450000,1.0004316437e-03,2.6837134593e-01
306.500000,1.0023172251e-03,2.6948520593e-01
306.550000,9.9948639643e-04,2.6631199093e-01
306.600000,1.0004538935e-03,2.7732995867e-01
306.650000,1.0000627234e-03,2.7030243406e-01
306.700000,1.0015711215e-03,2.7097588732e-01
306.750000,1.0015402500e-03,2.7764131342e-01
306.800000,9.9976718982e-04,2.6896296091e-01
306.850000,9.9842877388e-04,2.6635767510e-01
306.900000,9.9952963063e-04,2.6697340041e-01
306.950000,9.9970572957e-04,2.6847295045e-01
307.000000,9.9920354554e-04,2.6803317816e-01
307.050000,1.0003716988e-03,2.8030674325e-01
307.100000,9.9984109394e-04,2.7028194942e-01
307.150000,9.9977293932e-04,2.6761439409e-01
307.200000,9.9928473222e-04,2.7441864007e-01
307.250000,9.9891805317e-04,2.7265026821e-01
307.300000,1.0006770562e-03,2.7075587098e-01
307.350000,1.0003890281e-03,2.6749612255e-01
307.400000,9.9960013933e-04,2.6871396498e-01
307.450000,1.0001965924e-03,2.6948289528e-01
307.500000,1.0004523183e-03,2.7354206986e-01
307.550000,9.9894876864e-04,2.7489689472e-01
307.600000,1.0000015809e-03,2.6146119772e-01
307.650000,9.9966047686e-04,2.7201283892e-01
307.700000,1.0013630663e-03,2.7362212630e-01
307.750000,9.9989205992e-04,2.6668846950e-01
307.800000,9.9960219137e-04,2.7289336052e-01
307.850000,1.0003253918e-03,2.7089308071e-01
307.900000,1.0006041665e-03,2.6036034856e-01
307.950000,9.9911029170e-04,2.7476458327e-01
308.000000,1.0009401620e-03,2.8130031728e-01
308.050000,1.0001160519e-03,2.7542976001e-01
308.100000,9.9912542168e-04,2.7099921920e-01
308.150000,9.9954506803e-04,2.6970629346e-01
308.200000,9.9849507231e-04,2.6587146085e-01
308.250000,9.9997426341e-04,2.5665485930e-01
308.300000,1.0004373099e-03,2.6419028611e-01
308.350000,9.9901924070e-04,2.7875461925e-01
308.400000,1.0014050272e-03,2.6853532973e-01
308.450000,9.9890726306e-04,2.7151451911e-01
308.500000,1.0009377913e-03,2.6805074473e-01
308.550000,9.9972354902e-04,2.7010702506e-01
308.600000,9.9817273042e-04,2.7193538379e-01
308.650000,1.0005883584e-03,2.7060471141e-01
308.700000,1.0009560645e-03,2.7803416258e-01
308.750000,9.9826167441e-04,2.7055886273e-01
308.800000,9.9865842328e-04,2.7076397689e-01
308.850000,9.9798222930e-04,2.7739240261e-01
308.900000,1.0013199109e-03,2.6338219613e-01
308.950000,9.9939904733e-04,2.7229318954e-01
309.000000,1.0008454360e-03,2.6708142955e-01
309.050000,1.0005701550e-03,2.7410971455e-01
309.100000,1.0008092402e-03,2.7251727086e-01
309.150000,1.0023411152e-03,2.6641926420e-01
309.200000,1.0005437683e-03,2.6873612368e-01
309.250000,1.0005826302e-03,2.7418429270e-01
309.300000,1.0008527378e-03,2.7156669001e-01
309.350000,1.0006999985e-03,2.7663575696e-01
309.400000,9.9877665352e-04,2.6668645810e-01
309.450000,9.9942410597e-04,2.7501802213e-01
309.500000,1.0009807273e-03,2.8275729417e-01
309.550000,1.0015979808e-03,2.7677200603e-01
309.600000,1.0001060705e-03,2.8026251535e-01
309.650000,9.9974945902e-04,2.7066070245e-01
309.700000,1.0002087407e-03,2.6795596879e-01
309.750000,9.9979037122e-04,2.7321391008e-01
309.800000,1.0007640448e-03,2.7187291250e-01
309.850000,1.0013679816e-03,2.7834128980e-01
309.900000,1.0002314788e-03,2.7790105786e-01
309.950000,1.0000044761e-03,2.7197592606e-01
310.000000,9.9932218281e-04,2.6134990771e-01
310.050000,1.0005577978e-03,2.7607556378e-01
310.100000,1.0007940952e-03,2.6454577881e-01
310.150000,1.0005571425e-03,2.6935397906e-01
310.200000,1.0004442494e-03,2.7570250090e-01
310.250000,9.9949504559e-04,2.6485550689e-01
310.300000,1.0004649450e-03,2.6367656390e-01
310.350000,9.9973428152e-04,2.6889155502e-01
310.400000,9.9922201764e-04,2.6987294473e-01
310.450000,1.0002599533e-03,2.6675173061e-01
310.500000,1.0010981837e-03,2.6999207741e-01
310.550000,9.9940307747e-04,2.6101519500e-01
310.600000,9.9911661132e-04,2.7603400438e-01
310.650000,9.9797644338e-04,2.6542300375e-01
310.700000,1.0012149206e-03,2.8256009655e-01
310.750000,1.0001630416e-03,2.6342344329e-01
310.800000,9.9921536069e-04,2.5991971351e-01
310.850000,1.0000916936e-03,2.6982444315e-01
310.900000,9.9912220109e-04,2.7303085201e-01
310.950000,1.0011180393e-03,2.6774224947e-01
311.000000,9.9897643028e-04,2.7411315974e-01
311.050000,1.0009795246e-03,2.6156650371e-01
311.100000,1.0001696426e-03,2.7010414375e-01
311.150000,9.9997479506e-04,2.7569466709e-01
311.200000,9.9923637838e-04,2.6183270165e-01
311.250000,1.0000404126e-03,2.8010830392e-01
311.300000,9.9806937807e-04,2.7542671423e-01
311.350000,1.0001613797e-03,2.7130554496e-01
311.400000,9.9963517297e-04,2.7415421335e-01
311.450000,9.9907052755e-04,2.7607934869e-01
311.500000,9.9959766874e-04,2.6873375853e-01
311.550000,9.9975474432e-04,2.8030270234e-01
311.600000,9.9957650190e-04,2.6475499451e-01
311.650000,9.9912523527e-04,2.7335633558e-01
311.700000,1.0016334926e-03,2.7538941345e-01
311.750000,9.9929303063e-04,2.7548058387e-01
311.800000,1.0004097228e-03,2.7615366774e-01
311.850000,1.0026181602e-03,2.8144069847e-01
311.900000,9.9984295592e-04,2.7073761025e-01
311.950000,1.0010066469e-03,2.6885426390e-01
312.000000,1.0005900038e-03,2.8044518189e-01
312.050000,1.0003966956e-03,2.6594732440e-01
312.100000,9.9922176929e-04,2.7096129116e-01
312.150000,9.9937721462e-04,2.6599901543e-01
312.200000,1.0008299302e-03,2.7494997807e-01
312.250000,1.0003382696e-03,2.7595319633e-01
312.300000,1.0018324261e-03,2.7653450115e-01
312.350000,9.9925187551e-04,2.6943969814e-01
312.400000,1.0000671580e-03,2.6680526916e-01
312.450000,1.0018887843e-03,2.7273957053e-01
312.500000,9.9902998919e-04,2.7772011821e-01
312.550000,1.0000745988e-03,2.6199647588e-01
312.600000,9.9966188996e-04,2.7819967829e-01
312.650000,9.9976886522e-04,2.7368625710e-01
312.700000,1.0006619392e-03,2.7671624365e-01
312.750000,9.9911465947e-04,2.7535139613e-01
312.800000,1.0018114700e-03,2.7831660422e-01
312.850000,9.9939082027e-04,2.7674794618e-01
312.900000,1.0002892969e-03,2.8036761114e-01
312.950000,9.9926532720e-04,2.7642551886e-01
313.000000,1.0005620701e-03,2.6899210996e-01
313.050000,9.9995207681e-04,2.5944863563e-01
313.100000,1.0014141802e-03,2.6791360667e-01
313.150000,9.9917856884e-04,2.7897987084e-01
313.200000,9.9940842278e-04,2.7656004111e-01
313.250000,9.9862148546e-04,2.8554777730e-01
313.300000,1.0008232875e-03,2.7112435587e-01
313.350000,1.0010892792e-03,2.8280750198e-01
313.400000,1.0006247941e-03,2.6256145040e-01
313.450000,1.0005706601e-03,2.7779022578e-01
313.500000,9.9981626616e-04,2.7326289387e-01
313.550000,9.9886325714e-04,2.7046741081e-01
313.600000,1.0000263012e-03,2.6521515945e-01
313.650000,9.9925201663e-04,2.6239777241e-01
313.700000,1.0002209782e-03,2.6803279285e-01
313.750000,9.9984761377e-04,2.7049660786e-01
313.800000,1.0006933120e-03,2.7404347066e-01
313.850000,9.9603595828e-04,2.7373463221e-01
313.900000,1.0021389491e-03,2.7142820475e-01
313.950000,9.9969213800e-04,2.5465534554e-01
314.000000,1.0014091827e-03,2.7563813025e-01
314.050000,9.9812937948e-04,2.7938939417e-01
314.100000,9.9940639829e-04,2.7144025426e-01
314.150000,9.9926166116e-04,2.7459632180e-01
314.200000,9.9929831956e-04,2.6141373091e-01
314.250000,1.0009881502e-03,2.8440582181e-01
314.300000,1.0003237632e-03,2.8054408715e-01
314.350000,9.9965177694e-04,2.7496953103e-01
314.400000,9.9976654732e-04,2.7246105230e-01
314.450000,9.9829223172e-04,2.6573026594e-01
314.500000,9.9858600059e-04,2.7540007484e-01
314.550000,9.9958096975e-04,2.8153425446e-01
314.600000,1.0006644098e-03,2.7209860199e-01
314.650000,9.9987804038e-04,2.8211925098e-01
314.700000,9.9946139356e-04,2.7287892713e-01
314.750000,9.9952719944e-04,2.6726766293e-01
314.800000,9.9945690638e-04,2.7878984827e-01
314.850000,9.9874824916e-04,2.7650576421e-01
314.900000,9.9998299823e-04,2.7600373563e-01
314.950000,9.9948973605e-04,2.7417769799e-01
315.000000,1.0001454563e-03,2.6745400545e-01
315.050000,1.0007746911e-03,2.7444730236e-01
315.100000,1.0025037703e-03,2.7769106376e-01
315.150000,1.0017018791e-03,2.7547574290e-01
315.200000,1.0001331121e-03,2.6585213201e-01
315.250000,1.0003374432e-03,2.6392878222e-01
315.300000,1.0004548600e-03,2.6980298378e-01
315.350000,1.0004061072e-03,2.7418776533e-01
315.400000,1.0003762093e-03,2.7754720320e-01
315.450000,1.0003386327e-03,2.5974793354e-01
315.500000,1.0003696760e-03,2.7425609367e-01
315.550000,1.0005895232e-03,2.6714126774e-01
315.600000,1.0000103193e-03,2.6481877401e-01
315.650000,9.9976349294e-04,2.7883388754e-01
315.700000,1.0000173946e-03,2.7609916933e-01
315.750000,9.9846255323e-04,2.7561869880e-01
315.800000,9.9937263771e-04,2.7984785745e-01
315.850000,9.9985005127e-04,2.6985796885e-01
315.900000,9.9985944726e-04,2.7063946668e-01
315.950000,1.0004499083e-03,2.6679733521e-01
316.000000,9.9804405904e-04,2.7598268424e-01
316.050000,9.9842237433e-04,2.7102174909e-01
316.100000,1.0006296678e-03,2.7489461995e-01
316.150000,9.9999554008e-04,2.7475151430e-01
316.200000,1.0010621939e-03,2.7549364395e-01
316.250000,1.0011009195e-03,2.7804070372e-01
316.300000,1.0002147066e-03,2.7422728004e-01
316.350000,9.9954131801e-04,2.7505371995e-01
316.400000,1.0004134724e-03,2.7737996906e-01
316.450000,9.9951839626e-04,2.7435306884e-01
316.500000,9.9866037484e-04,2.7384702119e-01
316.550000,1.0004514786e-03,2.7342651101e-01
316.600000,1.0001086763e-03,2.6969811997e-01
316.650000,9.9905250799e-04,2.6292174289e-01
316.700000,1.0008392717e-03,2.8478243009e-01
316.750000,9.9932500275e-04,2.7288409058e-01
316.800000,9.9852756522e-04,2.6672020547e-01
316.850000,9.9954978652e-04,2.7047367937e-01
316.900000,1.0002485991e-03,2.7516091685e-01
316.950000,9.9935459504e-04,2.7501567127e-01
317.000000,1.0005573034e-03,2.7367779102e-01
317.050000,1.0001715467e-03,2.7644814704e-01
317.100000,1.0003822160e-03,2.6493234433e-01
317.150000,1.0000100373e-03,2.7025554614e-01
317.200000,9.9905091719e-04,2.6090490115e-01
317.250000,1.0008464352e-03,2.7378842740e-01
317.300000,9.9863213332e-04,2.6881437628e-01
317.350000,1.0012435790e-03,2.8207031832e-01
317.400000,9.9995182684e-04,2.7203699750e-01
317.450000,9.9889084457e-04,2.7514954899e-01
317.500000,1.0021780968e-03,2.7555503928e-01
317.550000,9.9940268326e-04,2.8089708748e-01
317.600000,9.9857622222e-04,2.7384496323e-01
317.650000,9.9973398884e-04,2.6906993749e-01
317.700000,1.0001021276e-03,2.6105465559e-01
317.750000,9.9909037970e-04,2.7388802535e-01
317.800000,1.0004208744e-03,2.7243375034e-01
317.850000,1.0000957319e-03,2.7315535029e-01
317.900000,1.0003389546e-03,2.6607212693e-01
317.950000,9.9879148261e-04,2.7141062524e-01
318.000000,9.9747997392e-04,2.8065115266e-01
318.050000,1.0006669189e-03,2.7072601862e-01
318.100000,1.0002922680e-03,2.7142105353e-01
318.150000,1.0006663986e-03,2.6650400643e-01
318.200000,9.9932740487e-04,2.8953687122e-01
318.250000,9.9961934007e-04,2.7121371056e-01
318.300000,9.9924939690e-04,2.7410527338e-01
318.350000,9.9889869646e-04,2.6356052864e-01
318.400000,9.9878178917e-04,2.7473884377e-01
318.450000,1.0002341147e-03,2.6413219346e-01
318.500000,9.9837034594e-04,2.7320000725e-01
318.550000,1.0009468565e-03,2.7622530946e-01
318.600000,9.9927626135e-04,2.8065998086e-01
318.650000,9.9996252891e-04,2.6637817254e-01
318.700000,1.0006657954e-03,2.7855523400e-01
318.750000,9.9936524785e-04,2.7435857326e-01
318.800000,9.9950927164e-04,2.6604152820e-01
318.850000,9.9997354534e-04,2.6840576615e-01
318.900000,9.9998967943e-04,2.6534007605e-01
318.950000,9.9903334572e-04,2.6747529635e-01
319.000000,9.9844344158e-04,2.8869622936e-01
319.050000,1.0006407892e-03,2.6983312837e-01
319.100000,9.9984209380e-04,2.7838521283e-01
319.150000,1.0019345385e-03,2.7348235173e-01
319.200000,9.9783250633e-04,2.7303404024e-01
319.250000,9.9971059416e-04,2.6202402562e-01
319.300000,1.0003633595e-03,2.6616102587e-01
319.350000,9.9950362618e-04,2.6836699020e-01
319.400000,1.0011510300e-03,2.7470019441e-01
319.450000,1.0008050488e-03,2.6381588538e-01
319.500000,9.9753327983e-04,2.7466655606e-01
319.550000,9.9954032061e-04,2.7502474005e-01
319.600000,9.9966639001e-04,2.7519701075e-01
319.650000,1.0014210697e-03,2.6858411770e-01
319.700000,9.9814066706e-04,2.7134591404e-01
319.750000,9.9851651535e-04,2.7831319720e-01
319.800000,9.9884984811e-04,2.6712312368e-01
319.850000,9.9989220795e-04,2.8086129359e-01
319.900000,9.9855672786e-04,2.7068885240e-01
319.950000,1.0007144196e-03,2.7099231915e-01
320.000000,1.0005719778e-03,2.7695885371e-01
320.050000,1.0005206599e-03,2.6894322665e-01
320.100000,1.0016123186e-03,2.6910824227e-01
320.150000,1.0021318726e-03,2.7719369263e-01
320.200000,1.0016127357e-03,2.7709826657e-01
320.250000,1.0019039996e-03,2.7951435667e-01
320.300000,1.0006244508e-03,2.7874378070e-01
320.350000,9.9916903379e-04,2.6409409144e-01
320.400000,9.9931948665e-04,2.8001653382e-01
320.450000,9.9837371004e-04,2.7948798433e-01
320.500000,1.0010821085e-03,2.7106719218e-01
320.550000,1.0003433300e-03,2.6442208758e-01
320.600000,1.0006308488e-03,2.6668623701e-01
320.650000,1.0012011477e-03,2.8193426823e-01
320.700000,9.9998007564e-04,2.7667334607e-01
320.750000,9.9988521658e-04,2.8256685780e-01
320.800000,9.9887014322e-04,2.6690374014e-01
320.850000,1.0002009743e-03,2.7462411114e-01
320.900000,1.0005716542e-03,2.6258030504e-01
320.950000,1.0002001606e-03,2.6552545021e-01
321.000000,9.9969639785e-04,2.7037897678e-01
321.050000,9.9905070191e-04,2.7380438856e-01
321.100000,1.0014362722e-03,2.8688176154e-01
321.150000,1.0002750097e-03,2.7701533757e-01
321.200000,9.9871349836e-04,2.6632023999e-01
321.250000,1.0014007644e-03,2.6611381315e-01
321.300000,1.0005263698e-03,2.7073593926e-01
321.350000,1.0000258453e-03,2.6494533600e-01
321.400000,9.9974494491e-04,2.7047813304e-01
321.450000,1.0005625152e-03,2.6249858337e-01
321.500000,1.0006773035e-03,2.7081784952e-01
321.550000,9.9918121937e-04,2.6689324877e-01
321.600000,1.0011680485e-03,2.7050432803e-01
321.650000,1.0012166666e-03,2.7309896135e-01
321.700000,9.9941986043e-04,2.6244750744e-01
321.750000,9.9995951511e-04,2.7435065962e-01
321.800000,9.9938354795e-04,2.7390733306e-01
321.850000,1.0008915285e-03,2.7250019392e-01
321.900000,1.0004933962e-03,2.6335016748e-01
321.950000,1.0004407925e-03,2.7652946555e-01
322.000000,1.0003756703e-03,2.7735240880e-01
322.050000,9.9931117296e-04,2.7907527529e-01
322.100000,9.9985536248e-04,2.7498356168e-01
322.150000,9.9929468107e-04,2.7156324296e-01
322.200000,9.9805647584e-04,2.7032189377e-01
322.250000,9.9905930991e-04,2.6216139211e-01
322.300000,9.9967485424e-04,2.7653008333e-01
322.350000,1.0011274662e-03,2.8375948724e-01
322.400000,1.0000540919e-03,2.7668766723e-01
322.450000,9.9888145418e-04,2.7104422379e-01
322.500000,9.9991573520e-04,2.8060672172e-01
322.550000,1.0003687984e-03,2.7214804060e-01
322.600000,9.9875456583e-04,2.6699403082e-01
322.650000,9.9999591279e-04,2.7415922256e-01
322.700000,9.9909874641e-04,2.7964389539e-01
322.750000,1.0014901329e-03,2.7311427376e-01
322.800000,1.0001299959e-03,2.7528710183e-01
322.850000,9.9840146920e-04,2.6716178303e-01
322.900000,1.0011781954e-03,2.7080266064e-01
322.950000,1.0005935936e-03,2.7786192384e-01
323.000000,9.9950652487e-04,2.7500791142e-01
323.050000,9.9839640098e-04,2.7769306466e-01
323.100000,1.0015681126e-03,2.8300670479e-01
323.150000,9.9926051688e-04,2.8289680110e-01
323.200000,1.0006620783e-03,2.7387804044e-01
323.250000,9.9993881103e-04,2.6692493730e-01
323.300000,9.9983558554e-04,2.8500981697e-01
323.350000,1.0004681700e-03,2.8034046664e-01
323.400000,1.0004687963e-03,2.6453845504e-01
323.450000,9.9912980004e-04,2.8217854672e-01
323.500000,1.0009834279e-03,2.8229236430e-01
323.550000,9.9943096625e-04,2.7841317377e-01
323.600000,9.9957453276e-04,2.7403197960e-01
323.650000,1.0004698046e-03,2.8786382847e-01
323.700000,9.9748488742e-04,2.7551097711e-01
323.750000,9.9995184706e-04,2.6714933531e-01
323.800000,1.0016895881e-03,2.6797966336e-01
323.850000,9.9990496848e-04,2.7253526181e-01
323.900000,9.9913035859e-04,2.7921412606e-01
323.950000,9.9834984525e-04,2.7807658186e-01
324.000000,9.9859682877e-04,2.6973109138e-01
324.050000,1.0005299216e-03,2.7966473222e-01
324.100000,1.0005395244e-03,2.7955375107e-01
324.150000,1.0005580350e-03,2.7239732439e-01
324.200000,1.0000988880e-03,2.7235430667e-01
324.250000,9.9957327623e-04,2.7632901219e-01
324.300000,1.0005564661e-03,2.7530094576e-01
324.350000,1.0007852416e-03,2.6411808291e-01
324.400000,1.0004879065e-03,2.7856228473e-01
324.450000,9.9978372574e-04,2.6632676089e-01
324.500000,9.9988922990e-04,2.7086732320e-01
324.550000,1.0015365948e-03,2.7223637557e-01
324.600000,1.0005097660e-03,2.7990446851e-01
324.650000,9.9926688125e-04,2.7824087999e-01
324.700000,1.0005750897e-03,2.7871657965e-01
324.750000,9.9935514115e-04,2.6790332538e-01
324.800000,1.0013870225e-03,2.7203591291e-01
324.850000,9.9942768944e-04,2.6449914384e-01
324.900000,9.9965637750e-04,2.8315503916e-01
324.950000,1.0015353767e-03,2.8175838229e-01
325.000000,1.0018053117e-03,2.7717877482e-01
325.050000,9.9996621655e-04,2.7382455178e-01
325.100000,1.0002358668e-03,2.7510422528e-01
325.150000,1.0000617978e-03,2.7396649873e-01
325.200000,1.0002025902e-03,2.6622419497e-01
325.250000,1.0017336622e-03,2.6981506945e-01
325.300000,1.0008823609e-03,2.8111179830e-01
325.350000,1.0005365423e-03,2.5851247824e-01
325.400000,1.0002335940e-03,2.7140883169e-01
325.450000,9.9940581820e-04,2.7316526392e-01
325.500000,1.0004524174e-03,2.6903615701e-01
325.550000,9.9883121298e-04,2.6990891851e-01
325.600000,1.0006973116e-03,2.7763677298e-01
325.650000,9.9947604342e-04,2.6871842655e-01
325.700000,9.9996048413e-04,2.7463029364e-01
325.750000,9.9979144664e-04,2.7483315809e-01
325.800000,1.0006983045e-03,2.7611901868e-01
325.850000,1.0002709595e-03,2.6949014661e-01
325.900000,9.9891494349e-04,2.6271244207e-01
325.950000,9.9936354301e-04,2.6943642795e-01
326.000000,9.9986621200e-04,2.7068110196e-01
326.050000,9.9926142994e-04,2.6622966669e-01
326.100000,1.0001264755e-03,2.7487685247e-01
326.150000,9.9880702284e-04,2.7879655737e-01
326.200000,1.0006616361e-03,2.7512883152e-01
326.250000,9.9885417961e-04,2.7048035256e-01
326.300000,1.0003749108e-03,2.8014017767e-01
326.350000,1.0012401484e-03,2.7428176133e-01
326.400000,1.0019597771e-03,2.6463990264e-01
326.450000,1.0015529886e-03,2.7231533784e-01
326.500000,1.0011922839e-03,2.7818554766e-01
326.550000,1.0011851255e-03,2.7937764159e-01
326.600000,9.9932054463e-04,2.6803107947e-01
326.650000,1.0007266268e-03,2.6472600206e-01
326.700000,9.9991171611e-04,2.7290216503e-01
326.750000,1.0007340794e-03,2.7748310785e-01
326.800000,9.9844386302e-04,2.7561809598e-01
326.850000,1.0012704459e-03,2.8248755339e-01
326.900000,9.9845834369e-04,2.7236670281e-01
326.950000,9.9955514412e-04,2.6617827404e-01
327.000000,1.0004883696e-03,2.7581547003e-01
327.050000,1.0015307977e-03,2.6541720832e-01
327.100000,9.9973455522e-04,2.6696518107e-01
327.150000,1.0001586787e-03,2.6879263903e-01
327.200000,9.9997442811e-04,2.7384976267e-01
327.250000,1.0003307950e-03,2.8427994704e-01
327.300000,1.0003146547e-03,2.7773287897e-01
327.350000,9.9747659889e-04,2.7742021656e-01
327.400000,1.0013950264e-03,2.7094980578e-01
327.450000,1.0015232155e-03,2.7340508401e-01
327.500000,1.0003795342e-03,2.7195822416e-01
327.550000,9.9813523209e-04,2.7141866428e-01
327.600000,9.9901184135e-04,2.6904540290e-01
327.650000,9.9796235308e-04,2.7829621349e-01
327.700000,1.0001368968e-03,2.6615819381e-01
327.750000,1.0006518557e-03,2.6512292798e-01
327.800000,1.0002877288e-03,2.7423591250e-01
327.850000,9.9803798499e-04,2.6704775705e-01
327.900000,9.9808567419e-04,2.7534119660e-01
327.950000,9.9929705005e-04,2.7427474197e-01
328.000000,1.0001772083e-03,2.8232959283e-01
328.050000,1.0011229792e-03,2.7982044420e-01
328.100000,9.9845120097e-04,2.7096398560e-01
328.150000,1.0005976068e-03,2.7091706642e-01
328.200000,9.9934127504e-04,2.7692167351e-01
328.250000,1.0006751044e-03,2.7843249518e-01
328.300000,1.0002725331e-03,2.7458655975e-01
328.350000,9.9848994701e-04,2.6836988912e-01
328.400000,1.0006757378e-03,2.7060980822e-01
328.450000,9.9902268979e-04,2.7585923893e-01
328.500000,1.0012259714e-03,2.7851819133e-01
328.550000,9.9945893361e-04,2.6557597141e-01
328.600000,1.0002343370e-03,2.8211191149e-01
328.650000,9.9966677683e-04,2.7554096011e-01
328.700000,1.0007048956e-03,2.6842864118e-01
328.750000,9.9764456249e-04,2.7017580496e-01
328.800000,9.9935470154e-04,2.7282014096e-01
328.850000,9.9854623166e-04,2.7976236868e-01
328.900000,1.0004738556e-03,2.8256701073e-01
328.950000,1.0017745944e-03,2.6423254534e-01
329.000000,1.0001825444e-03,2.6858485610e-01
329.050000,9.9931953424e-04,2.7648141339e-01
329.100000,1.0001510493e-03,2.7319088414e-01
329.150000,9.9954573589e-04,2.7177991554e-01
329.200000,9.9984052344e-04,2.7395519791e-01
329.250000,1.0008980463e-03,2.7919642090e-01
329.300000,1.0005528448e-03,2.7304000888e-01
329.350000,9.9939548812e-04,2.6847794669e-01
329.400000,1.0017018059e-03,2.7747473199e-01
329.450000,1.0011367408e-03,2.7253792306e-01
329.500000,1.0006125420e-03,2.7558915319e-01
329.550000,9.9966736526e-04,2.6094436026e-01
329.600000,9.9967025802e-04,2.6876805230e-01
329.650000,9.9918759302e-04,2.7252859429e-01
329.700000,9.9918505348e-04,2.7025369519e-01
329.750000,9.9969876839e-04,2.7020272559e-01
329.800000,1.0002486697e-03,2.6885654584e-01
329.850000,1.0025122881e-03,2.7364565023e-01
329.900000,1.0007429009e-03,2.7448818618e-01
329.950000,9.9954560613e-04,2.7645104558e-01
330.000000,1.0016257169e-03,2.8002370896e-01
330.050000,9.9941417919e-04,2.7164504344e-01
330.100000,1.0001194727e-03,2.7561808428e-01
330.150000,1.0003063838e-03,2.7796281799e-01
330.200000,1.0008312279e-03,2.7296932295e-01
330.250000,1.0001630179e-03,2.7089014960e-01
330.300000,9.9927065727e-04,2.6878136560e-01
330.350000,1.0012446211e-03,2.7446546003e-01
330.400000,1.0002362713e-03,2.6458731305e-01
330.450000,1.0005696765e-03,2.8090932262e-01
330.500000,9.9854697897e-04,2.7550667309e-01
330.550000,9.9826223292e-04,2.6634974616e-01
330.600000,9.9967392044e-04,2.7330879989e-01
330.650000,9.9791449012e-04,2.8051079836e-01
330.700000,1.0008839152e-03,2.6782890358e-01
330.750000,1.0000632930e-03,2.7431364653e-01
330.800000,9.9882962171e-04,2.7552412939e-01
330.850000,9.9872518948e-04,2.6938442396e-01
330.900000,1.0002186600e-03,2.6874584563e-01
330.950000,9.9960995423e-04,2.6653966876e-01
331.000000,1.0022527269e-03,2.7323981640e-01
331.050000,1.0005457331e-03,2.7089096777e-01
331.100000,1.0003925692e-03,2.7918693648e-01
331.150000,1.0014036027e-03,2.5811457452e-01
331.200000,1.0006378513e-03,2.7348276214e-01
331.250000,1.0010256147e-03,2.7956150907e-01
331.300000,1.0002880499e-03,2.7015450401e-01
331.350000,1.0010109503e-03,2.7505533407e-01
331.400000,1.0001000541e-03,2.7517975309e-01
331.450000,9.9957341118e-04,2.7033899616e-01
331.500000,1.0011159540e-03,2.7101944529e-01
331.550000,9.9959288234e-04,2.7208367662e-01
331.600000,9.9888894634e-04,2.7150002925e-01
331.650000,9.9974678002e-04,2.7090042444e-01
331.700000,1.0002299416e-03,2.6123388206e-01
331.750000,9.9951618029e-04,2.7761881059e-01
331.800000,9.9887562417e-04,2.7594484021e-01
331.850000,9.9975313046e-04,2.6427201001e-01
331.900000,9.9879828715e-04,2.6734130142e-01
331.950000,9.9983922504e-04,2.7212615329e-01
332.000000,9.9780299507e-04,2.7826164894e-01
332.050000,9.9970856013e-04,2.6714720018e-01
332.100000,9.9946578585e-04,2.7737549027e-01
332.150000,9.9994600973e-04,2.7398617263e-01
332.200000,1.0002850859e-03,2.6494830189e-01
332.250000,9.9999369908e-04,2.6895257159e-01
332.300000,1.0008169661e-03,2.7855740001e-01
332.350000,1.0011706247e-03,2.7201172315e-01
332.400000,1.0009558664e-03,2.6625863190e-01
332.450000,9.9956884091e-04,2.7394869111e-01
332.500000,9.9975477730e-04,2.7008153270e-01
332.550000,1.0017001706e-03,2.7495773704e-01
332.600000,9.9956570589e-04,2.7403883680e-01
332.650000,9.9948565456e-04,2.6765030380e-01
332.700000,9.9802120863e-04,2.6806148356e-01
332.750000,9.9993510619e-04,2.7855059279e-01
332.800000,9.9955161804e-04,2.7906819023e-01
332.850000,9.9892412005e-04,2.6415063463e-01
332.900000,1.0010284031e-03,2.7825408732e-01
332.950000,1.0012733052e-03,2.5897228129e-01
333.000000,9.9920577686e-04,2.8806589593e-01
333.050000,9.9873579380e-04,2.7517528340e-01
333.100000,9.9947248718e-04,2.6476803218e-01
333.150000,9.9822769591e-04,2.6972369001e-01
333.200000,9.9840638049e-04,2.7989811730e-01
333.250000,9.9805136134e-04,2.7127345754e-01
333.300000,9.9931349551e-04,2.6513351208e-01
333.350000,9.9926836715e-04,2.7881542707e-01
333.400000,9.9963810443e-04,2.8561537579e-01
333.450000,1.0008013995e-03,2.6228730164e-01
333.500000,1.0001118977e-03,2.6510679779e-01
333.550000,1.0007480553e-03,2.7299482420e-01
333.600000,1.0001298458e-03,2.8519407185e-01
333.650000,1.0005809510e-03,2.6698868057e-01
333.700000,9.9907546252e-04,2.7758531912e-01
333.750000,9.9905510257e-04,2.6884666143e-01
333.800000,9.9986488809e-04,2.7404329253e-01
333.850000,9.9875400232e-04,2.7844279067e-01
333.900000,9.9993979953e-04,2.7498541184e-01
333.950000,1.0011380331e-03,2.6451634936e-01
334.000000,9.9973575628e-04,2.7595348854e-01
334.050000,9.9809713841e-04,2.7176080934e-01
334.100000,1.0010056527e-03,2.7184015649e-01
334.150000,9.9920604029e-04,2.7920537601e-01
334.200000,9.9937527179e-04,2.7283287039e-01
334.250000,1.0001865457e-03,2.7696239379e-01
334.300000,1.0009989310e-03,2.7410280683e-01
334.350000,1.0003667007e-03,2.7004871127e-01
334.400000,1.0018022641e-03,2.8205948254e-01
334.450000,9.9965746719e-04,2.6715084098e-01
334.500000,9.9889881916e-04,2.7314081250e-01
334.550000,9.9904625901e-04,2.8015636751e-01
334.600000,1.0002423589e-03,2.7633131998e-01
334.650000,9.9939188150e-04,2.6762265973e-01
334.700000,1.0018648021e-03,2.8074477353e-01
334.750000,9.9934527081e-04,2.7742191071e-01
334.800000,9.9941800742e-04,2.7063185549e-01
334.850000,1.0000423579e-03,2.6790724840e-01
334.900000,9.9991378821e-04,2.7854906185e-01
334.950000,9.9835003504e-04,2.6694677342e-01
335.000000,9.9898544567e-04,2.6608769214e-01
335.050000,1.0018007368e-03,2.7595086042e-01
335.100000,1.0005617959e-03,2.7070253867e-01
335.150000,1.0018341726e-03,2.7627088988e-01
335.200000,1.0007335829e-03,2.7378534609e-01
335.250000,9.9953518958e-04,2.8859999798e-01
335.300000,1.0010360725e-03,2.6377475185e-01
335.350000,1.0001818207e-03,2.7690900852e-01
335.400000,9.9906546598e-04,2.7151636452e-01
335.450000,9.9921421950e-04,2.6315087684e-01
335.500000,9.9891812074e-04,2.7574533351e-01
335.550000,9.9895426883e-04,2.8240895633e-01
335.600000,9.9937675093e-04,2.7964140786e-01
335.650000,1.0004190138e-03,2.7217385810e-01
335.700000,9.9927224022e-04,2.7933349455e-01
335.750000,1.0005209750e-03,2.7350772875e-01
335.800000,1.0011204347e-03,2.7253639052e-01
335.850000,9.9971953151e-04,2.7233006037e-01
335.900000,9.9966543037e-04,2.7375433545e-01
335.950000,9.9993679203e-04,2.8762625636e-01
336.000000,9.9965741565e-04,2.7991211291e-01
336.050000,1.0002437846e-03,2.7329542953e-01
336.100000,9.9923513084e-04,2.7026958539e-01
336.150000,1.0010974800e-03,2.7405966935e-01
336.200000,9.9958597272e-04,2.6554105453e-01
336.250000,1.0014509722e-03,2.7374502404e-01
336.300000,9.9971782799e-04,2.7131872350e-01
336.350000,1.0001571122e-03,2.7177750433e-01
336.400000,9.9892263727e-04,2.7583408383e-01
336.450000,9.9972670731e-04,2.5879087968e-01
336.500000,1.0005366715e-03,2.6749876742e-01
336.550000,9.9922290099e-04,2.6957324084e-01
336.600000,9.9946924607e-04,2.7703726124e-01
336.650000,1.0001295195e-03,2.7327399681e-01
336.700000,9.9944075053e-04,2.8102487296e-01
336.750000,1.0012523566e-03,2.7353490705e-01
336.800000,1.0001060869e-03,2.6714676929e-01
336.850000,9.9994938084e-04,2.6866271618e-01
336.900000,9.9922270369e-04,2.6989021381e-01
336.950000,9.9998097972e-04,2.7266784190e-01
337.000000,9.9918377095e-04,2.7562418613e-01
337.050000,1.0009440237e-03,2.6416709951e-01
337.100000,1.0000203494e-03,2.7002024696e-01
337.150000,9.9993230810e-04,2.7710033781e-01
337.200000,9.9914418814e-04,2.7146427628e-01
337.250000,1.0003066310e-03,2.8115753230e-01
337.300000,1.0010191285e-03,2.7079729999e-01
337.350000,1.0002533366e-03,2.6499659298e-01
337.400000,9.9982897455e-04,2.6766943960e-01
337.450000,1.0002004477e-03,2.7793085206e-01
337.500000,1.0008873825e-03,2.6566369452e-01
337.550000,1.0000088190e-03,2.8284851429e-01
337.600000,9.9738168085e-04,2.6696093691e-01
337.650000,9.9791853612e-04,2.7183908137e-01
337.700000,1.0005040941e-03,2.6290797048e-01
337.750000,1.0010442303e-03,2.6722644132e-01
337.800000,9.9929897899e-04,2.5718767202e-01
337.850000,1.0000114992e-03,2.6094935977e-01
337.900000,1.0008251336e-03,2.7446044577e-01
337.950000,9.9914951878e-04,2.6877077286e-01
338.000000,1.0011831441e-03,2.7451073288e-01
338.050000,9.9915250307e-04,2.7631294243e-01
338.100000,1.0002205559e-03,2.7706288279e-01
338.150000,1.0007970349e-03,2.6602259166e-01
338.200000,9.9997560176e-04,2.7600189802e-01
338.250000,1.0002550803e-03,2.7279381222e-01
338.300000,1.0013322192e-03,2.7285815090e-01
338.350000,1.0003303927e-03,2.7233607404e-01
338.400000,1.0010331554e-03,2.7897214269e-01
338.450000,1.0019639164e-03,2.6837001022e-01
338.500000,9.9965019590e-04,2.7182518664e-01
338.550000,9.9874682404e-04,2.7284111202e-01
338.600000,1.0005019100e-03,2.7911553492e-01
338.650000,9.9943119393e-04,2.7293753006e-01
338.700000,9.9899386859e-04,2.6927849523e-01
338.750000,1.0007240217e-03,2.8163470025e-01
338.800000,9.9924590496e-04,2.6197340930e-01
338.850000,1.0017311556e-03,2.6830096814e-01
338.900000,9.9988430375e-04,2.7405769361e-01
338.950000,9.9897441007e-04,2.6749873093e-01
339.000000,9.9978618155e-04,2.7728343435e-01
339.050000,9.9893864721e-04,2.7581511506e-01
339.100000,1.0011222632e-03,2.7497160605e-01
339.150000,9.9889142247e-04,2.7648788712e-01
339.200000,9.9945996096e-04,2.6389322404e-01
339.250000,1.0014294147e-03,2.7002162620e-01
339.300000,9.9915435299e-04,2.7821419367e-01
339.350000,1.0022383797e-03,2.7153982120e-01
339.400000,9.9878532809e-04,2.7257869932e-01
339.450000,9.9949871439e-04,2.6883306595e-01
339.500000,9.9987096921e-04,2.6946501696e-01
339.550000,9.9827731392e-04,2.6568149064e-01
339.600000,9.9815062612e-04,2.7966290978e-01
339.650000,1.0008196859e-03,2.7792755357e-01
339.700000,1.0004815265e-03,2.7007113036e-01
339.750000,9.9877675448e-04,2.6660315553e-01
339.800000,9.9908217681e-04,2.7655961406e-01
339.850000,9.9983337123e-04,2.6381141095e-01
339.900000,9.9933413582e-04,2.6905711170e-01
339.950000,9.9890568215e-04,2.6635903839e-01
340.000000,1.0001031672e-03,2.7405955051e-01
340.050000,1.0012390624e-03,2.7471541514e-01
340.100000,9.9920376267e-04,2.6958399795e-01
340.150000,9.9878884867e-04,2.7305197493e-01
340.200000,1.0007478849e-03,2.7044810192e-01
340.250000,9.9948126955e-04,2.6514228475e-01
340.300000,1.0006139384e-03,2.7876312191e-01
340.350000,1.0001170278e-03,2.6801201503e-01
340.400000,1.0016343010e-03,2.7096211483e-01
340.450000,9.9888135710e-04,2.7756604951e-01
340.500000,1.0020887714e-03,2.7459924902e-01
340.550000,9.9841020101e-04,2.6971340326e-01
340.600000,9.9979460708e-04,2.6772009431e-01
340.650000,1.0008026552e-03,2.7798414162e-01
340.700000,1.0004085925e-03,2.7863127072e-01
340.750000,1.0004008556e-03,2.7274961668e-01
340.800000,1.0001044070e-03,2.7009303420e-01
340.850000,9.9886008902e-04,2.8329053152e-01
340.900000,1.0009337916e-03,2.7433984972e-01
340.950000,9.9983085337e-04,2.7232157220e-01
341.000000,1.0002437087e-03,2.7073484444e-01
341.050000,9.9964447448e-04,2.6574302018e-01
341.100000,9.9959076903e-04,2.6870633400e-01
341.150000,1.0009462078e-03,2.8471596399e-01
341.200000,9.9810352383e-04,2.6960334613e-01
341.250000,1.0006233538e-03,2.7774037326e-01
341.300000,9.9944931377e-04,2.7849654098e-01
341.350000,1.0009541208e-03,2.7844380101e-01
341.400000,1.0013443459e-03,2.7969203562e-01
341.450000,9.9854763029e-04,2.8207326636e-01
341.500000,9.9956874318e-04,2.7016124217e-01
341.550000,9.9876583426e-04,2.6031564507e-01
341.600000,1.0018759069e-03,2.7746332771e-01
341.650000,9.9860223400e-04,2.7257482717e-01
341.700000,1.0011754161e-03,2.6256013296e-01
341.750000,1.0010529598e-03,2.7455272802e-01
341.800000,1.0009433377e-03,2.7058663945e-01
341.850000,1.0011220672e-03,2.6633933076e-01
341.900000,1.0013809649e-03,2.7200106054e-01
341.950000,1.0003731017e-03,2.7472323479e-01
342.000000,9.9939028405e-04,2.6709032645e-01
342.050000,1.0006542328e-03,2.6410831337e-01
342.100000,9.9948989967e-04,2.8148303717e-01
342.150000,9.9902443784e-04,2.7283841217e-01
342.200000,1.0013213973e-03,2.7171582400e-01
342.250000,1.0015102031e-03,2.7177320685e-01
342.300000,1.0007820185e-03,2.7353283261e-01
342.350000,9.9955153448e-04,2.8221639889e-01
342.400000,1.0013089154e-03,2.7344378587e-01
342.450000,9.9809163145e-04,2.6874340512e-01
342.500000,1.0021422225e-03,2.7884545574e-01
342.550000,9.9859383330e-04,2.7266710878e-01
342.600000,9.9990252418e-04,2.6446931330e-01
342.650000,1.0001113502e-03,2.6925372067e-01
342.700000,9.9922890460e-04,2.6927098180e-01
342.750000,1.0015714359e-03,2.8336655223e-01
342.800000,1.0010952745e-03,2.6665166929e-01
342.850000,1.0006883781e-03,2.7563186139e-01
342.900000,1.0021483320e-03,2.6184792081e-01
342.950000,1.0017290399e-03,2.6959260078e-01
343.000000,9.9870281120e-04,2.7383185253e-01
343.050000,1.0010887609e-03,2.7865640048e-01
343.100000,1.0008576881e-03,2.8198045422e-01
343.150000,9.9895847633e-04,2.6825218705e-01
343.200000,9.9786243647e-04,2.7833492999e-01
343.250000,1.0016740302e-03,2.7728751177e-01
343.300000,1.0009432319e-03,2.6817059842e-01
343.350000,9.9808500652e-04,2.6326824924e-01
343.400000,9.9966562295e-04,2.6953803144e-01
343.450000,1.0009922353e-03,2.6218437020e-01
343.500000,9.9814028566e-04,2.6239165387e-01
343.550000,9.9981945370e-04,2.7058207253e-01
343.600000,1.0001908076e-03,2.7965391341e-01
343.650000,9.9891327554e-04,2.7118508994e-01
343.700000,1.0005463441e-03,2.7240238881e-01
343.750000,9.9931573150e-04,2.6916601412e-01
343.800000,9.9974832789e-04,2.6934135098e-01
343.850000,9.9965564670e-04,2.7900612996e-01
343.900000,1.0006451520e-03,2.7050795020e-01
343.950000,1.0004178116e-03,2.8010629005e-01
344.000000,9.9876003498e-04,2.7557253251e-01
344.050000,1.0018209981e-03,2.8063473566e-01
344.100000,9.9949236434e-04,2.8315612850e-01
344.150000,9.9989743814e-04,2.7395427140e-01
344.200000,1.0010303716e-03,2.6369974594e-01
344.250000,9.9963132440e-04,2.7303922826e-01
344.300000,9.9963286079e-04,2.7936942443e-01
344.350000,1.0015766670e-03,2.7111710117e-01
344.400000,9.9986063663e-04,2.7969068153e-01
344.450000,9.9859029935e-04,2.7985919348e-01
344.500000,9.9924191360e-04,2.6775952306e-01
344.550000,9.9938455393e-04,2.6655180643e-01
344.600000,1.0007769103e-03,2.6610896007e-01
344.650000,1.0002549933e-03,2.7223179236e-01
344.700000,1.0003917952e-03,2.6685524045e-01
344.750000,9.9989897942e-04,2.6568326182e-01
344.800000,9.9831667370e-04,2.7371043678e-01
344.850000,9.9933712567e-04,2.7183955515e-01
344.900000,1.0008440655e-03,2.7463563068e-01
344.950000,9.9977665858e-04,2.7391796075e-01
345.000000,9.9814442444e-04,2.7759710387e-01
345.050000,9.9853959776e-04,2.7590429408e-01
345.100000,1.0004568431e-03,2.6141820156e-01
345.150000,1.0003652753e-03,2.7677916411e-01
345.200000,9.9849194800e-04,2.7918094336e-01
345.250000,1.0002783781e-03,2.7467738685e-01
345.300000,9.9905391483e-04,2.7375310295e-01
345.350000,1.0010969348e-03,2.6128084284e-01
345.400000,9.9995895746e-04,2.7567453970e-01
345.450000,9.9982828135e-04,2.6913428132e-01
345.500000,1.0009894432e-03,2.8255654579e-01
345.550000,1.0012852713e-03,2.6603257634e-01
345.600000,1.0013869813e-03,2.7080448998e-01
345.650000,1.0008078673e-03,2.7010569750e-01
345.700000,1.0000614764e-03,2.7817797634e-01
345.750000,9.9865831252e-04,2.6589387594e-01
345.800000,9.9845866431e-04,2.7972579973e-01
345.850000,1.0013064111e-03,2.7205533276e-01
345.900000,1.0003365078e-03,2.7062231528e-01
345.950000,1.0001254041e-03,2.7655523808e-01
346.000000,9.9931735732e-04,2.6908699108e-01
346.050000,9.9891707503e-04,2.6881531873e-01
346.100000,1.0008571131e-03,2.7057960158e-01
346.150000,9.9749590388e-04,2.7059006023e-01
346.200000,1.0004195279e-03,2.5955529255e-01
346.250000,1.0005882597e-03,2.7068715381e-01
346.300000,1.0011015660e-03,2.7405389409e-01
346.350000,9.9980578373e-04,2.7009263544e-01
346.400000,9.9843903205e-04,2.6547683768e-01
346.450000,1.0009653886e-03,2.7978641278e-01
346.500000,9.9795614220e-04,2.7179009410e-01
346.550000,9.9975953092e-04,2.6988320310e-01
346.600000,9.9913842125e-04,2.7459198308e-01
346.650000,9.9975932848e-04,2.7559158665e-01
346.700000,9.9884590870e-04,2.7275452410e-01
346.750000,1.0010886701e-03,2.7905403001e-01
346.800000,9.9956208192e-04,2.8062508540e-01
346.850000,1.0019539547e-03,2.7533754265e-01
346.900000,1.0000850383e-03,2.7283952478e-01
346.950000,1.0006345796e-03,2.7574336026e-01
347.000000,1.0006171013e-03,2.7281231061e-01
347.050000,1.0005858862e-03,2.7642844368e-01
347.100000,9.9885559737e-04,2.8063687480e-01
347.150000,9.9836008404e-04,2.7850298998e-01
347.200000,1.0001061796e-03,2.7180803497e-01
347.250000,1.0012246246e-03,2.7702257565e-01
347.300000,1.0012633229e-03,2.6978116869e-01
347.350000,9.9802783310e-04,2.7303048777e-01
347.400000,9.9947370883e-04,2.7030175499e-01
347.450000,1.0012499567e-03,2.7215618607e-01
347.500000,1.0006188152e-03,2.6605349328e-01
347.550000,1.0009634890e-03,2.6423914108e-01
347.600000,1.0006558638e-03,2.6697323035e-01
347.650000,1.0009288292e-03,2.7599638780e-01
347.700000,1.0009688368e-03,2.7402723730e-01
347.750000,9.9840508855e-04,2.6680254426e-01
347.800000,9.9939510262e-04,2.7027174190e-01
347.850000,1.0008633396e-03,2.7333533283e-01
347.900000,1.0007438536e-03,2.6860271838e-01
347.950000,9.9937605117e-04,2.7337498598e-01
348.000000,9.9996549969e-04,2.7134574424e-01
348.050000,1.0017065333e-03,2.7559081118e-01
348.100000,1.0005920347e-03,2.6295880446e-01
348.150000,1.0007823586e-03,2.7263418718e-01
348.200000,9.9937547147e-04,2.7203585735e-01
348.250000,1.0024607077e-03,2.7261479041e-01
348.300000,9.9972765030e-04,2.7493244150e-01
348.350000,9.9943208592e-04,2.7367859643e-01
348.400000,9.9874465631e-04,2.6750775216e-01
348.450000,9.9769277290e-04,2.7433012206e-01
348.500000,9.9924988910e-04,2.7515104060e-01
348.550000,9.9925458197e-04,2.8030349667e-01
348.600000,9.9857826756e-04,2.8061018710e-01
348.650000,1.0001443241e-03,2.7460955412e-01
348.700000,1.0004500435e-03,2.6619360723e-01
348.750000,9.9965916925e-04,2.8539833737e-01
348.800000,9.9843596472e-04,2.7290927298e-01
348.850000,9.9935934211e-04,2.7157250066e-01
348.900000,9.9935926687e-04,2.8557333374e-01
348.950000,1.0010695458e-03,2.7118328073e-01
349.000000,9.9962720778e-04,2.7593277891e-01
349.050000,9.9987632128e-04,2.7530250863e-01
349.100000,1.0001584967e-03,2.7203346821e-01
349.150000,9.9850839565e-04,2.6790164909e-01
349.200000,1.0016197420e-03,2.8591239524e-01
349.250000,9.9880945770e-04,2.7836524477e-01
349.300000,1.0008992294e-03,2.6510395138e-01
349.350000,9.9992568770e-04,2.6510289959e-01
349.400000,1.0004658473e-03,2.7378430039e-01
349.450000,1.0008698031e-03,2.7649587484e-01
349.500000,1.0012852169e-03,2.7226217289e-01
349.550000,1.0003835312e-03,2.8085896688e-01
349.600000,9.9954226621e-04,2.7358296136e-01
349.650000,1.0009167360e-03,2.7192292398e-01
349.700000,9.9807244388e-04,2.6803083293e-01
349.750000,9.9835736231e-04,2.7864507297e-01
349.800000,9.9825762743e-04,2.7014269454e-01
349.850000,1.0007073361e-03,2.6245785351e-01
349.900000,9.9939912702e-04,2.7014034424e-01
349.950000,1.0001944037e-03,2.5859326066e-01
350.000000,1.0016961508e-03,2.6040672815e-01
350.050000,1.0001236989e-03,2.8339647390e-01
350.100000,9.9940975740e-04,2.7282921886e-01
350.150000,9.9902529079e-04,2.6998581624e-01
350.200000,1.0006416881e-03,2.6609403648e-01
350.250000,1.0003186906e-03,2.6750083866e-01
350.300000,1.0006699525e-03,2.6997405529e-01
350.350000,1.0010512651e-03,2.6426399465e-01
350.400000,9.9946649662e-04,2.7310095394e-01
350.450000,9.9797331167e-04,2.7591559192e-01
350.500000,1.0001098597e-03,2.7400102951e-01
350.550000,1.0008844732e-03,2.8145188598e-01
350.600000,9.9948854166e-04,2.6788905285e-01
350.650000,1.0000562662e-03,2.7576587062e-01
350.700000,1.0006319263e-03,2.7583934870e-01
350.750000,1.0004726504e-03,2.7582147458e-01
350.800000,9.9977747317e-04,2.6488311670e-01
350.850000,1.0008981819e-03,2.6552463966e-01
350.900000,9.9959145757e-04,2.7306478588e-01
350.950000,9.9862274785e-04,2.7670303204e-01
351.000000,1.0010163648e-03,2.6929657320e-01
351.050000,1.0003090028e-03,2.7754476305e-01
351.100000,1.0006239273e-03,2.6537500057e-01
351.150000,9.9841876978e-04,2.7827312118e-01
351.200000,1.0011883528e-03,2.6337504146e-01
351.250000,9.9855068327e-04,2.6959970899e-01
351.300000,9.9960722209e-04,2.7819020881e-01
351.350000,1.0018513614e-03,2.6539880113e-01
351.400000,9.9976625811e-04,2.7656208091e-01
351.450000,9.9998064952e-04,2.7327599568e-01
351.500000,1.0006349274e-03,2.7240938756e-01
351.550000,1.0003407819e-03,2.7132217383e-01
351.600000,1.0004594810e-03,2.7515785142e-01
351.650000,1.0001143478e-03,2.7103099553e-01
351.700000,9.9867339239e-04,2.5637240527e-01
351.750000,1.0010076167e-03,2.6974659859e-01
351.800000,9.9997554042e-04,2.6767909180e-01
351.850000,1.0000703757e-03,2.6667783008e-01
351.900000,1.0011289697e-03,2.7735837625e-01
351.950000,1.0014324434e-03,2.6898143474e-01
352.000000,9.9843666293e-04,2.7405527139e-01
352.050000,1.0001872136e-03,2.7838714262e-01
352.100000,9.9896297614e-04,2.6399238446e-01
352.150000,1.0003965907e-03,2.7740028551e-01
352.200000,9.9822628337e-04,2.7065356212e-01
352.250000,1.0010227644e-03,2.6558269318e-01
352.300000,1.0003048936e-03,2.7249270822e-01
352.350000,1.0008905067e-03,2.6666003772e-01
352.400000,1.0000477252e-03,2.7150135605e-01
352.450000,9.9860586326e-04,2.6817114147e-01
352.500000,9.9967027128e-04,2.7812506857e-01
352.550000,1.0002450214e-03,2.7153313382e-01
352.600000,1.0001586795e-03,2.7421484744e-01
352.650000,9.9971996180e-04,2.7538568837e-01
352.700000,1.0014201026e-03,2.6953244226e-01
352.750000,1.0011119896e-03,2.7028065725e-01
352.800000,1.0005962062e-03,2.7641093621e-01
352.850000,1.0009013521e-03,2.7679193225e-01
352.900000,9.9915356517e-04,2.7159636556e-01
352.950000,1.0009323710e-03,2.8236923020e-01
353.000000,1.0000171840e-03,2.7679789632e-01
353.050000,9.9982260224e-04,2.7875267656e-01
353.100000,9.9990370925e-04,2.7479920542e-01
353.150000,1.0003373586e-03,2.6664434718e-01
353.200000,1.0004846051e-03,2.7502854719e-01
353.250000,1.0006663735e-03,2.7167146327e-01
353.300000,1.0003629700e-03,2.6876744078e-01
353.350000,1.0005800527e-03,2.7292196567e-01
353.400000,9.9868279360e-04,2.7006768262e-01
353.450000,1.0009102942e-03,2.7883820930e-01
353.500000,1.0023795966e-03,2.6846694789e-01
353.550000,1.0000830015e-03,2.7213683199e-01
353.600000,9.9948366074e-04,2.7501786943e-01
353.650000,1.0002066192e-03,2.6974981368e-01
353.700000,1.0001124824e-03,2.7493170200e-01
353.750000,1.0011750694e-03,2.7383744828e-01
353.800000,9.9787326299e-04,2.7442114223e-01
353.850000,9.9925689109e-04,2.6909367446e-01
353.900000,9.9893830541e-04,2.6787909587e-01
353.950000,1.0004095945e-03,2.7324473018e-01
354.000000,1.0001518511e-03,2.7480284491e-01
354.050000,1.0000977113e-03,2.7541121625e-01
354.100000,1.0019491735e-03,2.6424205551e-01
354.150000,1.0003562099e-03,2.7883207705e-01
354.200000,9.9856854891e-04,2.7508553897e-01
354.250000,1.0003039484e-03,2.8170183963e-01
354.300000,9.9975616096e-04,2.6515850940e-01
354.350000,9.9865132858e-04,2.8491271988e-01
354.400000,1.0017515526e-03,2.7001841245e-01
354.450000,9.9983251732e-04,2.7833562047e-01
354.500000,9.9895404147e-04,2.9035408604e-01
354.550000,9.9843962055e-04,2.6261377053e-01
354.600000,9.9939587267e-04,2.6883553335e-01
354.650000,1.0000599502e-03,2.8756760361e-01
354.700000,1.0001378847e-03,2.6648781496e-01
354.750000,1.0018689062e-03,2.7398080608e-01
354.800000,9.9908261246e-04,2.7011299613e-01
354.850000,9.9993366109e-04,2.6589605489e-01
354.900000,9.9954275264e-04,2.7406562189e-01
354.950000,9.9989497656e-04,2.6724173541e-01
355.000000,9.9942924157e-04,2.6789509844e-01
355.050000,9.9991062541e-04,2.7810577110e-01
355.100000,9.9894419049e-04,2.8219967367e-01
355.150000,1.0009636326e-03,2.7028714366e-01
355.200000,1.0003880813e-03,2.6383172332e-01
355.250000,9.9960468100e-04,2.8153075751e-01
355.300000,9.9869562428e-04,2.7391126501e-01
355.350000,9.9888026045e-04,2.6379379607e-01
355.400000,1.0007001835e-03,2.7417103522e-01
355.450000,1.0008999416e-03,2.5581307356e-01
355.500000,1.0010272295e-03,2.7033321652e-01
355.550000,9.9912929903e-04,2.6963090533e-01
355.600000,1.0003753305e-03,2.6845544977e-01
355.650000,9.9912235838e-04,2.7781124873e-01
355.700000,1.0002209899e-03,2.8173674440e-01
355.750000,1.0014893244e-03,2.6751373614e-01
355.800000,1.0002455198e-03,2.7321716654e-01
355.850000,1.0000933622e-03,2.8607533375e-01
355.900000,9.9995512134e-04,2.6855623307e-01
355.950000,1.0004420550e-03,2.6835540078e-01
356.000000,1.0003387855e-03,2.7232522458e-01
356.050000,9.9901369311e-04,2.7445981023e-01
356.100000,1.0005778685e-03,2.6914663168e-01
356.150000,1.0000807407e-03,2.6810910364e-01
356.200000,1.0013690392e-03,2.7415492196e-01
356.250000,1.0005415576e-03,2.7540148189e-01
356.300000,1.0003913814e-03,2.6976534193e-01
356.350000,1.0005730810e-03,2.7396058094e-01
356.400000,9.9898112962e-04,2.6989761822e-01
356.450000,1.0012824940e-03,2.7091858038e-01
356.500000,9.9902734444e-04,2.5980027893e-01
356.550000,1.0006964209e-03,2.5977159680e-01
356.600000,9.9923833546e-04,2.7941691232e-01
356.650000,9.9943611700e-04,2.7780158729e-01
356.700000,9.9914897733e-04,2.6903161399e-01
356.750000,1.0002213833e-03,2.7067242478e-01
356.800000,1.0002065578e-03,2.7630135629e-01
356.850000,1.0004498187e-03,2.7802987918e-01
356.900000,9.9965240146e-04,2.7727334859e-01
356.950000,1.0003307382e-03,2.6935161996e-01
357.000000,1.0003109385e-03,2.7060011220e-01
357.050000,9.9946841675e-04,2.7881514286e-01
357.100000,1.0002881955e-03,2.6449276555e-01
357.150000,1.0001023667e-03,2.6325607966e-01
357.200000,9.9832361804e-04,2.6138129570e-01
357.250000,9.9941421305e-04,2.7369137253e-01
357.300000,9.9965194737e-04,2.7094048149e-01
357.350000,1.0006796308e-03,2.6497501552e-01
357.400000,1.0007609426e-03,2.6699311499e-01
357.450000,1.0001081400e-03,2.7939489908e-01
357.500000,9.9938590170e-04,2.7163621230e-01
357.550000,9.9798507022e-04,2.6875919147e-01
357.600000,9.9873035486e-04,2.6906922062e-01
357.650000,1.0006669681e-03,2.7025224346e-01
357.700000,9.9979843361e-04,2.7082724794e-01
357.750000,9.9968129014e-04,2.6837604519e-01
357.800000,1.0018181185e-03,2.7440995950e-01
357.850000,1.0008559462e-03,2.7305088468e-01
357.900000,1.0003320293e-03,2.8156636632e-01
357.950000,9.9981238257e-04,2.7407066401e-01
358.000000,9.9997557461e-04,2.7608467351e-01
358.050000,9.9906561024e-04,2.7197231849e-01
358.100000,9.9916298376e-04,2.7221510007e-01
358.150000,9.9959481364e-04,2.7119991265e-01
358.200000,1.0003026245e-03,2.6796315890e-01
358.250000,1.0005819082e-03,2.7149586628e-01
358.300000,1.0000842273e-03,2.7203627631e-01
358.350000,9.9899964018e-04,2.7628695331e-01
358.400000,1.0016048216e-03,2.8448897096e-01
358.450000,9.9980424694e-04,2.7799731131e-01
358.500000,9.9954628353e-04,2.7402688899e-01
358.550000,1.0009468294e-03,2.6365006105e-01
358.600000,9.9922310095e-04,2.6975530446e-01
358.650000,1.0020847035e-03,2.6492640167e-01
358.700000,9.9982751512e-04,2.7474045237e-01
358.750000,1.0004540345e-03,2.6972960600e-01
358.800000,1.0007748061e-03,2.6650345588e-01
358.850000,1.0009592743e-03,2.6077707324e-01
358.900000,1.0014776584e-03,2.6850465701e-01
358.950000,1.0001762114e-03,2.7528297137e-01
359.000000,9.9798858446e-04,2.7777705752e-01
359.050000,9.9889812775e-04,2.6823099191e-01
359.100000,9.9967208067e-04,2.7747561859e-01
359.150000,1.0003079116e-03,2.6705577527e-01
359.200000,1.0021003954e-03,2.7654464634e-01
359.250000,9.9877010682e-04,2.6928168646e-01
359.300000,1.0007374902e-03,2.7171059499e-01
359.350000,9.9940665214e-04,2.7634718311e-01
359.400000,9.9942319880e-04,2.7222205480e-01
359.450000,1.0008076130e-03,2.6770631965e-01
359.500000,9.9998891617e-04,2.7297316539e-01
359.550000,9.9996250571e-04,2.6885738823e-01
359.600000,1.0023223254e-03,2.7287066400e-01
359.650000,9.9939591222e-04,2.6546654580e-01
359.700000,1.0000632787e-03,2.7969714696e-01
359.750000,9.9943696222e-04,2.7233014468e-01
359.800000,9.9926884079e-04,2.6375551837e-01
359.850000,9.9823214582e-04,2.8025480473e-01
359.900000,1.0000031196e-03,2.6019993925e-01
359.950000,9.9995782816e-04,2.6743858928e-01
360.000000,9.9944376132e-04,2.6645299258e-01
360.050000,1.0003980013e-03,2.7464267418e-01
360.100000,1.0005021064e-03,2.6827406388e-01
360.150000,1.0010993467e-03,2.7515609299e-01
360.200000,1.0004151974e-03,2.7107670873e-01
360.250000,9.9966922545e-04,2.7647646267e-01
360.300000,9.9970319522e-04,2.7749961417e-01
360.350000,1.0004429786e-03,2.7947506537e-01
360.400000,9.9964932680e-04,2.7155569366e-01
360.450000,9.9991477187e-04,2.6507347786e-01
360.500000,9.9899292933e-04,2.7654749551e-01
360.550000,9.9975978777e-04,2.6960284256e-01
360.600000,9.9797652636e-04,2.7743058965e-01
360.650000,1.0016332688e-03,2.7959480922e-01
360.700000,9.9934626011e-04,2.7522420047e-01
360.750000,1.0007701709e-03,2.6888896050e-01
360.800000,9.9969081295e-04,2.7066326510e-01
360.850000,1.0003408974e-03,2.7123837100e-01
360.900000,1.0016526144e-03,2.6986391341e-01
360.950000,9.9808531161e-04,2.7376939135e-01
361.000000,1.0006990419e-03,2.7225764803e-01
361.050000,1.0015309268e-03,2.6564203139e-01
361.100000,9.9934338598e-04,2.6636101348e-01
361.150000,1.0013174432e-03,2.6716461538e-01
361.200000,1.0000246203e-03,2.7183975531e-01
361.250000,9.9940041257e-04,2.7675042414e-01
361.300000,1.0009962023e-03,2.6419744247e-01
361.350000,1.0011859777e-03,2.7411574696e-01
361.400000,1.0002163440e-03,2.8015592892e-01
361.450000,9.9889973251e-04,2.6632833974e-01
361.500000,9.9923228989e-04,2.7302789824e-01
361.550000,1.0005114938e-03,2.7760454650e-01
361.600000,1.0004280749e-03,2.6569808422e-01
361.650000,1.0014585767e-03,2.6818911736e-01
361.700000,9.9875132333e-04,2.7257036735e-01
361.750000,9.9914424669e-04,2.7503623095e-01
361.800000,9.9900538853e-04,2.7488481355e-01
361.850000,1.0003777996e-03,2.7280428355e-01
361.900000,9.9896054032e-04,2.7261361406e-01
361.950000,9.9993738414e-04,2.8120252306e-01
362.000000,1.0009488281e-03,2.7629262940e-01
362.050000,1.0008153267e-03,2.6383411137e-01
362.100000,1.0007979315e-03,2.6483030038e-01
362.150000,1.0012703497e-03,2.6698506651e-01
362.200000,1.0003941921e-03,2.6843221114e-01
362.250000,9.9882819072e-04,2.6037247717e-01
362.300000,9.9932769618e-04,2.7372428304e-01
362.350000,9.9868057824e-04,2.7866653547e-01
362.400000,9.9944798323e-04,2.7390219338e-01
362.450000,9.9989850713e-04,2.6683440929e-01
362.500000,1.0001290549e-03,2.6058936770e-01
362.550000,9.9852428599e-04,2.7017130106e-01
362.600000,9.9863280275e-04,2.6326325491e-01
362.650000,9.9775789390e-04,2.7522067465e-01
362.700000,9.9904878408e-04,2.6701161508e-01
362.750000,1.0015871222e-03,2.7084092930e-01
362.800000,9.9981319015e-04,2.8435622491e-01
362.850000,9.9873488515e-04,2.6886805329e-01
362.900000,9.9987388545e-04,2.6431671922e-01
362.950000,1.0011892478e-03,2.7466371204e-01
363.000000,1.0006145561e-03,2.7837418054e-01
363.050000,1.0013696697e-03,2.6722519820e-01
363.100000,1.0003730062e-03,2.7369724552e-01
363.150000,9.9952333892e-04,2.7842144762e-01
363.200000,1.0003775151e-03,2.7997635799e-01
363.250000,9.9975892402e-04,2.7311028103e-01
363.300000,9.9928797852e-04,2.7307908197e-01
363.350000,9.9923555634e-04,2.6984681709e-01
363.400000,1.0002871744e-03,2.6413232451e-01
363.450000,9.9927550493e-04,2.7844488648e-01
363.500000,1.0006978787e-03,2.7209331742e-01
363.550000,9.9934765248e-04,2.7583290662e-01
363.600000,1.0004736650e-03,2.6071448731e-01
363.650000,1.0015149123e-03,2.6681317406e-01
363.700000,1.0017836771e-03,2.7888893469e-01
363.750000,9.9982478359e-04,2.8213804097e-01
363.800000,9.9977832365e-04,2.7639125056e-01
363.850000,1.0003297092e-03,2.6703429443e-01
363.900000,1.0007640972e-03,2.6852824890e-01
363.950000,1.0011548131e-03,2.5983896924e-01
364.000000,1.0022429583e-03,2.7084283609e-01
364.050000,9.9897367498e-04,2.7510644216e-01
364.100000,9.9830379795e-04,2.6174935793e-01
364.150000,9.9895658498e-04,2.8947078484e-01
364.200000,1.0002822660e-03,2.6560812117e-01
364.250000,9.9876255960e-04,2.6661874605e-01
364.300000,9.9912672594e-04,2.7659243579e-01
364.350000,9.9967137599e-04,2.7289004507e-01
364.400000,1.0002125061e-03,2.6945225698e-01
364.450000,1.0000857365e-03,2.8037023232e-01
364.500000,9.9942843784e-04,2.7594881076e-01
364.550000,1.0006744644e-03,2.7806154075e-01
364.600000,9.9953396066e-04,2.7635394806e-01
364.650000,9.9977370769e-04,2.7651415420e-01
364.700000,1.0007026135e-03,2.6793786226e-01
364.750000,1.0004463470e-03,2.8116359199e-01
364.800000,9.9819971231e-04,2.6476241456e-01
364.850000,9.9985031233e-04,2.6993096207e-01
364.900000,9.9979772407e-04,2.6436894112e-01
364.950000,1.0003065595e-03,2.8354519900e-01
365.000000,9.9942393216e-04,2.6594944475e-01
365.050000,1.0017449593e-03,2.8012555075e-01
365.100000,9.9856980161e-04,2.6172863875e-01
365.150000,1.0002935069e-03,2.7058799753e-01
365.200000,9.9869014156e-04,2.7396364229e-01
365.250000,1.0021792972e-03,2.7130413986e-01
365.300000,9.9993561359e-04,2.7952265677e-01
365.350000,9.9820105862e-04,2.6673269158e-01
365.400000,9.9934709214e-04,2.7294694696e-01
365.450000,1.0013889284e-03,2.7119915679e-01
365.500000,9.9915092165e-04,2.7203748262e-01
365.550000,1.0006734328e-03,2.6677342158e-01
365.600000,1.0007364430e-03,2.6460024760e-01
365.650000,9.9937907600e-04,2.6295647992e-01
365.700000,1.0010904942e-03,2.6691323859e-01
365.750000,9.9889715040e-04,2.6626975400e-01
365.800000,1.0006187573e-03,2.7243347024e-01
365.850000,9.9892327067e-04,2.7582866992e-01
365.900000,9.9887655539e-04,2.7415044012e-01
365.950000,9.9937408317e-04,2.6214672557e-01
366.000000,1.0003054920e-03,2.7298938577e-01
366.050000,1.0012341915e-03,2.6673903375e-01
366.100000,1.0004346831e-03,2.7619793680e-01
366.150000,9.9870270510e-04,2.7594086292e-01
366.200000,9.9993725058e-04,2.6621835785e-01
366.250000,9.9962377621e-04,2.6569597999e-01
366.300000,1.0006102219e-03,2.7629493339e-01
366.350000,1.0003932118e-03,2.7665945732e-01
366.400000,1.0017367675e-03,2.7534203218e-01
366.450000,1.0023990570e-03,2.6965690241e-01
366.500000,9.9961657048e-04,2.7511004650e-01
366.550000,9.9995169804e-04,2.6910866911e-01
366.600000,9.9933927052e-04,2.6779889069e-01
366.650000,9.9971328218e-04,2.7172033833e-01
366.700000,1.0003046524e-03,2.6654643708e-01
366.750000,9.9953656194e-04,2.7483747616e-01
366.800000,9.9787080754e-04,2.7040865574e-01
366.850000,9.9972140278e-04,2.7417252010e-01
366.900000,1.0018423545e-03,2.8003171672e-01
366.950000,1.0002579696e-03,2.6403127466e-01
367.000000,1.0022442541e-03,2.7116913498e-01
367.050000,1.0017276419e-03,2.7438186983e-01
367.100000,1.0005893418e-03,2.6468565568e-01
367.150000,9.9796705262e-04,2.7863891162e-01
367.200000,1.0016465637e-03,2.6898598756e-01
367.250000,1.0017596522e-03,2.7349699269e-01
367.300000,1.0006449338e-03,2.8166153001e-01
367.350000,9.9979125696e-04,2.6564194683e-01
367.400000,9.9908488268e-04,2.6957872871e-01
367.450000,9.9954967591e-04,2.7180030750e-01
367.500000,9.9894233418e-04,2.7820894578e-01
367.550000,9.9970223671e-04,2.7597158173e-01
367.600000,1.0005171862e-03,2.6445568383e-01
367.650000,9.9985649208e-04,2.7869154560e-01
367.700000,1.0011728029e-03,2.7671815843e-01
367.750000,1.0002410763e-03,2.7304521648e-01
367.800000,9.9908498404e-04,2.6725086026e-01
367.850000,9.9976570174e-04,2.6533805853e-01
367.900000,1.0002075071e-03,2.7465439563e-01
367.950000,9.9975754974e-04,2.7693879232e-01
368.000000,1.0007362255e-03,2.7002716942e-01
368.050000,9.9946218412e-04,2.6669280452e-01
368.100000,1.0018453714e-03,2.6302583029e-01
368.150000,1.0017050552e-03,2.7784840846e-01
368.200000,9.9888574192e-04,2.7327111472e-01
368.250000,9.9985916383e-04,2.6456817874e-01
368.300000,1.0012695799e-03,2.7134749843e-01
368.350000,1.0021367948e-03,2.7777632901e-01
368.400000,9.9945473166e-04,2.7137751384e-01
368.450000,9.9967539815e-04,2.7621143926e-01
368.500000,1.0000845504e-03,2.8432422853e-01
368.550000,9.9914962377e-04,2.7322233851e-01
368.600000,1.0000357952e-03,2.7005888202e-01
368.650000,1.0004493766e-03,2.6672069128e-01
368.700000,1.0012861872e-03,2.7521996041e-01
368.750000,1.0002491458e-03,2.6361301543e-01
368.800000,9.9931684791e-04,2.6980460733e-01
368.850000,9.9941932003e-04,2.7021616252e-01
368.900000,9.9989848950e-04,2.6926183786e-01
368.950000,1.0003050380e-03,2.7200012751e-01
369.000000,9.9812510506e-04,2.6159093563e-01
369.050000,9.9971857393e-04,2.7746217112e-01
369.100000,9.9915744662e-04,2.7329760987e-01
369.150000,1.0002060894e-03,2.6906013429e-01
369.200000,9.9961585913e-04,2.7506477062e-01
369.250000,9.9904147664e-04,2.7382353141e-01
369.300000,9.9969833468e-04,2.6699716746e-01
369.350000,1.0005629806e-03,2.7342226878e-01
369.400000,9.9929439393e-04,2.7224000473e-01
369.450000,9.9902674090e-04,2.6929104796e-01
369.500000,9.9934813642e-04,2.6756345183e-01
369.550000,1.0021570072e-03,2.6968297751e-01
369.600000,1.0008086679e-03,2.6921652857e-01
369.650000,1.0002740516e-03,2.6836819491e-01
369.700000,1.0013468688e-03,2.6684142332e-01
369.750000,9.9923932563e-04,2.8261465352e-01
369.800000,9.9987931460e-04,2.6785234736e-01
369.850000,1.0002572236e-03,2.7912788342e-01
369.900000,1.0005926301e-03,2.7488318803e-01
369.950000,9.9979595296e-04,2.7934676654e-01
370.000000,1.0017010166e-03,2.7526401847e-01
370.050000,1.0002654583e-03,2.7161020295e-01
370.100000,1.0000952601e-03,2.7157616408e-01
370.150000,9.9909906397e-04,2.7785341630e-01
370.200000,1.0000365362e-03,2.6747166063e-01
370.250000,1.0005981562e-03,2.7376907348e-01
370.300000,9.9899892965e-04,2.7397060510e-01
370.350000,1.0007426453e-03,2.7187114516e-01
370.400000,1.0002653508e-03,2.8398028627e-01
370.450000,1.0022711735e-03,2.6519260130e-01
370.500000,1.0009555128e-03,2.7409395132e-01
370.550000,1.0006916411e-03,2.7556497212e-01
370.600000,1.0009423089e-03,2.7128854935e-01
370.650000,1.0000144651e-03,2.7241334835e-01
370.700000,9.9966343972e-04,2.6181149678e-01
370.750000,1.0020325978e-03,2.7307760676e-01
370.800000,9.9845441677e-04,2.7985387075e-01
370.850000,1.0007541695e-03,2.6967608456e-01
370.900000,9.9974212838e-04,2.7436933509e-01
370.950000,1.0020587474e-03,2.8031828684e-01
371.000000,9.9871451877e-04,2.6387135174e-01
371.050000,1.0000796011e-03,2.5938156609e-01
371.100000,9.9979363491e-04,2.8063496992e-01
371.150000,1.0002583948e-03,2.7480005791e-01
371.200000,1.0016268504e-03,2.7401013422e-01
371.250000,9.9959245611e-04,2.7041331318e-01
371.300000,1.0013885230e-03,2.7791705675e-01
371.350000,1.0015268200e-03,2.7608635353e-01
371.400000,9.9963405047e-04,2.7307655945e-01
371.450000,1.0000663363e-03,2.6851183185e-01
371.500000,9.9875141206e-04,2.7062109549e-01
371.550000,1.0001382924e-03,2.7999214957e-01
371.600000,1.0007482723e-03,2.6819924803e-01
371.650000,9.9912105584e-04,2.6014614273e-01
371.700000,9.9892509205e-04,2.6833334810e-01
371.750000,1.0011022838e-03,2.6819349817e-01
371.800000,9.9915494352e-04,2.7321058662e-01
371.850000,9.9862773436e-04,2.8165011576e-01
371.900000,1.0008772681e-03,2.6442063389e-01
371.950000,1.0018324860e-03,2.6333385937e-01
372.000000,9.9830039055e-04,2.6487105807e-01
372.050000,9.9920742782e-04,2.6699446974e-01
372.100000,1.0011831761e-03,2.6367414762e-01
372.150000,1.0000727050e-03,2.6715262887e-01
372.200000,1.0001394681e-03,2.8155257942e-01
372.250000,9.9974129981e-04,2.6862232869e-01
372.300000,1.0003556634e-03,2.7143307622e-01
372.350000,1.0008440757e-03,2.7080315495e-01
372.400000,1.0000955247e-03,2.6622222349e-01
372.450000,1.0007816576e-03,2.7284693392e-01
372.500000,1.0002496837e-03,2.7037821250e-01
372.550000,1.0002467737e-03,2.7627558584e-01
372.600000,1.0013184007e-03,2.6725048354e-01
372.650000,9.9911555553e-04,2.7549505441e-01
372.700000,9.9922352610e-04,2.6555127006e-01
372.750000,1.0000248072e-03,2.6797904034e-01
372.800000,1.0005411797e-03,2.7668439199e-01
372.850000,9.9815144791e-04,2.6951510869e-01
372.900000,1.0013103315e-03,2.6373098120e-01
372.950000,1.0012164413e-03,2.7001515163e-01
373.000000,9.9921111266e-04,2.6858136213e-01
373.050000,1.0002656189e-03,2.6324972451e-01
373.100000,9.9999490614e-04,2.7161452832e-01
373.150000,1.0005316661e-03,2.7453239815e-01
373.200000,1.0000925045e-03,2.7003103360e-01
373.250000,1.0014015929e-03,2.6663773237e-01
373.300000,9.9887279784e-04,2.8252120007e-01
373.350000,1.0015311654e-03,2.6467656187e-01
373.400000,1.0007072658e-03,2.7351606342e-01
373.450000,9.9874131581e-04,2.7835510281e-01
373.500000,9.9908813421e-04,2.7851441850e-01
373.550000,1.0000708624e-03,2.7733994912e-01
373.600000,9.9784803351e-04,2.6993681327e-01
373.650000,1.0008646704e-03,2.8087051701e-01
373.700000,9.9944752461e-04,2.7662565330e-01
373.750000,9.9947582707e-04,2.7606523187e-01
373.800000,1.0005162196e-03,2.7814164572e-01
373.850000,9.9979855609e-04,2.7309472918e-01
373.900000,9.9965483804e-04,2.7169148838e-01
373.950000,9.9943795158e-04,2.8161917508e-01
374.000000,1.0013525739e-03,2.6825115642e-01
374.050000,9.9933206188e-04,2.7865785105e-01
374.100000,9.9916019367e-04,2.7305204514e-01
374.150000,9.9925164843e-04,2.7379831771e-01
374.200000,1.0007529540e-03,2.7101732657e-01
374.250000,9.9914581762e-04,2.6062023639e-01
374.300000,9.9802049561e-04,2.7615118261e-01
374.350000,1.0008289003e-03,2.7164612812e-01
374.400000,9.9983620568e-04,2.6702727433e-01
374.450000,1.0009565579e-03,2.8193241186e-01
374.500000,9.9924001399e-04,2.7553775527e-01
374.550000,9.9972883682e-04,2.6586017128e-01
374.600000,9.9886968223e-04,2.7135606178e-01
374.650000,1.0005642350e-03,2.7098283725e-01
374.700000,9.9935033134e-04,2.6797397546e-01
374.750000,9.9934799912e-04,2.7224050029e-01
374.800000,9.9838493745e-04,2.6562464425e-01
374.850000,9.9943906347e-04,2.6407804838e-01
374.900000,1.0000239722e-03,2.7233337503e-01
374.950000,9.9972105601e-04,2.6800678753e-01
375.000000,1.0009664376e-03,2.7415689036e-01
375.050000,1.0019553100e-03,2.7997423342e-01
375.100000,9.9962869119e-04,2.7654591507e-01
375.150000,9.9984417688e-04,2.7927610741e-01
375.200000,1.0006614718e-03,2.6315767034e-01
375.250000,9.9950677038e-04,2.8125887118e-01
375.300000,1.0010191788e-03,2.6442984500e-01
375.350000,1.0005001614e-03,2.6906938513e-01
375.400000,1.0004379635e-03,2.6617911049e-01
375.450000,1.0007092863e-03,2.7016687527e-01
375.500000,1.0002033038e-03,2.6925798476e-01
375.550000,1.0010258761e-03,2.6180112469e-01
375.600000,1.0020827611e-03,2.6538182328e-01
375.650000,9.9795319703e-04,2.8794843529e-01
375.700000,9.9942990449e-04,2.7110760043e-01
375.750000,1.0003126019e-03,2.6526620392e-01
375.800000,1.0008215430e-03,2.7388356444e-01
375.850000,1.0002681949e-03,2.6703549354e-01
375.900000,1.0011947964e-03,2.7703992602e-01
375.950000,1.0008499879e-03,2.7134746458e-01
376.000000,9.9833590659e-04,2.6694381781e-01
376.050000,9.9932590953e-04,2.7344415464e-01
376.100000,1.0002544638e-03,2.7565076258e-01
376.150000,1.0005915294e-03,2.7279759160e-01
376.200000,1.0008909611e-03,2.7617183089e-01
376.250000,1.0008147782e-03,2.6733759496e-01
376.300000,9.9947767511e-04,2.7096628688e-01
376.350000,9.9997857472e-04,2.7006292073e-01
376.400000,1.0016610825e-03,2.6409634097e-01
376.450000,9.9898447654e-04,2.7608407195e-01
376.500000,1.0003441037e-03,2.7482031714e-01
376.550000,1.0017721200e-03,2.6816577636e-01
376.600000,9.9993980625e-04,2.6939162463e-01
376.650000,1.0001904049e-03,2.6826266850e-01
376.700000,1.0028530224e-03,2.8146715672e-01
376.750000,1.0001472973e-03,2.7488616606e-01
376.800000,1.0009298743e-03,2.6029103015e-01
376.850000,9.9965556383e-04,2.7605032783e-01
376.900000,1.0010748678e-03,2.6992113239e-01
376.950000,1.0007773731e-03,2.7271351580e-01
377.000000,1.0002329755e-03,2.7264244362e-01
377.050000,1.0015381521e-03,2.8343163270e-01
377.100000,1.0025046892e-03,2.7961789020e-01
377.150000,9.9749059832e-04,2.7426148403e-01
377.200000,9.9887571838e-04,2.6924610604e-01
377.250000,1.0001089822e-03,2.6168339237e-01
377.300000,1.0009037312e-03,2.7958058749e-01
377.350000,9.9850563775e-04,2.7839274805e-01
377.400000,1.0002172979e-03,2.6808740409e-01
377.450000,9.9942845402e-04,2.6291784411e-01
377.500000,1.0000717346e-03,2.6947778474e-01
377.550000,1.0005570415e-03,2.7740763238e-01
377.600000,1.0009472217e-03,2.6452019799e-01
377.650000,9.9990539386e-04,2.6668732133e-01
377.700000,1.0003459981e-03,2.7186797704e-01
377.750000,1.0006548458e-03,2.8252824495e-01
377.800000,9.9843370356e-04,2.7324688382e-01
377.850000,9.9936157853e-04,2.7122695840e-01
377.900000,9.9941899973e-04,2.6669974826e-01
377.950000,9.9941126539e-04,2.7557619558e-01
378.000000,9.9937513847e-04,2.7334365877e-01
378.050000,9.9905345195e-04,2.8483848102e-01
378.100000,1.0002953374e-03,2.6630174048e-01
378.150000,9.9898139842e-04,2.7238853159e-01
378.200000,9.9979594587e-04,2.6973352048e-01
378.250000,1.0002300750e-03,2.7206670519e-01
378.300000,9.9934590976e-04,2.7656908042e-01
378.350000,1.0014822305e-03,2.7803308873e-01
378.400000,9.9932455646e-04,2.7471893690e-01
378.450000,1.0004446223e-03,2.7367794614e-01
378.500000,9.9884999408e-04,2.7094664987e-01
378.550000,9.9969891949e-04,2.6478596804e-01
378.600000,9.9921097253e-04,2.7636980617e-01
378.650000,1.0000733702e-03,2.7735708927e-01
378.700000,9.9964114737e-04,2.7049469617e-01
378.750000,9.9998953840e-04,2.7524446586e-01
378.800000,1.0010874343e-03,2.7532582195e-01
378.850000,9.9973998394e-04,2.7476642952e-01
378.900000,1.0003960179e-03,2.6676199486e-01
378.950000,1.0003862641e-03,2.8037255124e-01
379.000000,1.0008310984e-03,2.7268905676e-01
379.050000,1.0015742584e-03,2.7450520046e-01
379.100000,1.0003130754e-03,2.7366669580e-01
379.150000,9.9853606416e-04,2.7177375931e-01
379.200000,9.9781939272e-04,2.8243025201e-01
379.250000,9.9812005253e-04,2.7342343575e-01
379.300000,1.0006908111e-03,2.7316838341e-01
379.350000,1.0010238884e-03,2.6514652953e-01
379.400000,9.9915048886e-04,2.7574726262e-01
379.450000,9.9937749859e-04,2.7277033737e-01
379.500000,1.0002606582e-03,2.7698540906e-01
379.550000,9.9980867047e-04,2.7780403091e-01
379.600000,9.9961820202e-04,2.7554197646e-01
379.650000,9.9903699737e-04,2.6603203316e-01
379.700000,1.0000351105e-03,2.7756890688e-01
379.750000,9.9833304638e-04,2.7211273044e-01
379.800000,1.0011877422e-03,2.7943702082e-01
379.850000,1.0016880143e-03,2.7158668678e-01
379.900000,1.0004502159e-03,2.7295385422e-01
379.950000,1.0001856826e-03,2.6945410001e-01
380.000000,1.0008762604e-03,2.7541640939e-01
380.050000,1.0000316628e-03,2.7199214597e-01
380.100000,1.0010387604e-03,2.7167330558e-01
380.150000,1.0004998635e-03,2.7818764879e-01
380.200000,9.9983948285e-04,2.6660469401e-01
380.250000,1.0009270588e-03,2.7228354087e-01
380.300000,1.0005173864e-03,2.7396115074e-01
380.350000,9.9945732827e-04,2.6840268360e-01
380.400000,9.9918473903e-04,2.8430014756e-01
380.450000,1.0000318053e-03,2.6759169743e-01
380.500000,1.0003851096e-03,2.7594659031e-01
380.550000,9.9901326526e-04,2.7197259688e-01
380.600000,1.0003098626e-03,2.6852109031e-01
380.650000,1.0002026403e-03,2.7473201649e-01
380.700000,9.9943828426e-04,2.6820171404e-01
380.750000,9.9983991172e-04,2.7904247770e-01
380.800000,1.0002997105e-03,2.6304344364e-01
380.850000,9.9839428939e-04,2.7252542203e-01
380.900000,1.0011858275e-03,2.7800221462e-01
380.950000,1.0006449882e-03,2.7362155294e-01
381.000000,9.9936613032e-04,2.6403414957e-01
381.050000,9.9953954978e-04,2.7925084548e-01
381.100000,1.0013986254e-03,2.7090478816e-01
381.150000,1.0008657752e-03,2.7598187967e-01
381.200000,9.9998466314e-04,2.6598814175e-01
381.250000,1.0009787291e-03,2.7078392505e-01
381.300000,9.9839347949e-04,2.6594098609e-01
381.350000,9.9951756262e-04,2.6911597883e-01
381.400000,9.9899364410e-04,2.6205162356e-01
381.450000,9.9912307930e-04,2.8020538316e-01
381.500000,9.9984895843e-04,2.7066813943e-01
381.550000,1.0007438699e-03,2.7195017279e-01
381.600000,9.9847257019e-04,2.7011220294e-01
381.650000,9.9959278889e-04,2.7201322965e-01
381.700000,9.9962633436e-04,2.8145818068e-01
381.750000,9.9967780117e-04,2.7536632477e-01
381.800000,1.0006354876e-03,2.6929761880e-01
381.850000,1.0000635161e-03,2.6992246340e-01
381.900000,9.9922398226e-04,2.6362620299e-01
381.950000,9.9979191645e-04,2.7227693283e-01
382.000000,1.0002971484e-03,2.6551800663e-01
382.050000,9.9955114840e-04,2.7975455279e-01
382.100000,1.0003822713e-03,2.8261620411e-01
382.150000,9.9908981022e-04,2.7310551947e-01
382.200000,1.0009919185e-03,2.6788651993e-01
382.250000,9.9967760070e-04,2.7515559260e-01
382.300000,9.9992990287e-04,2.6834714448e-01
382.350000,1.0002303495e-03,2.6478060376e-01
382.400000,9.9941579738e-04,2.7275502631e-01
382.450000,9.9904200870e-04,2.7909181916e-01
382.500000,9.9982184885e-04,2.7502443960e-01
382.550000,9.9972438278e-04,2.8198934465e-01
382.600000,9.9946772769e-04,2.8082947536e-01
382.650000,9.9962885497e-04,2.6758289146e-01
382.700000,1.0003238428e-03,2.6815475120e-01
382.750000,9.9899601289e-04,2.8219788737e-01
382.800000,1.0006618255e-03,2.6899954575e-01
382.850000,1.0004900786e-03,2.6685741692e-01
382.900000,1.0007990889e-03,2.6590199630e-01
382.950000,9.9983269871e-04,2.7568368462e-01
383.000000,9.9981390468e-04,2.7358080545e-01
383.050000,9.9923924189e-04,2.7211631106e-01
383.100000,1.0011994877e-03,2.6810521128e-01
383.150000,1.0001302401e-03,2.6469536887e-01
383.200000,1.0004690038e-03,2.7310456045e-01
383.250000,9.9972001524e-04,2.6269408864e-01
383.300000,1.0005977061e-03,2.7742351063e-01
383.350000,1.0021153029e-03,2.7379604469e-01
383.400000,1.0008825489e-03,2.7929706030e-01
383.450000,9.9868844263e-04,2.7443246201e-01
383.500000,1.0008610008e-03,2.7441434939e-01
383.550000,1.0020773524e-03,2.7171854853e-01
383.600000,1.0000774249e-03,2.7225090126e-01
383.650000,1.0009355930e-03,2.7347248037e-01
383.700000,9.9976924665e-04,2.7738504282e-01
383.750000,1.0007824435e-03,2.7123687063e-01
383.800000,9.9912633727e-04,2.7650235799e-01
383.850000,9.9999921413e-04,2.6950218394e-01
383.900000,1.0008223302e-03,2.7590706287e-01
383.950000,9.9776901439e-04,2.7735572022e-01
384.000000,9.9949965124e-04,2.7105178317e-01
384.050000,1.0025752786e-03,2.7133993253e-01
384.100000,9.9928964280e-04,2.7756055198e-01
384.150000,9.9914268598e-04,2.6431863279e-01
384.200000,9.9946756171e-04,2.6915494539e-01
384.250000,9.9963612342e-04,2.8518353890e-01
384.300000,1.0007313471e-03,2.6497273740e-01
384.350000,1.0010378433e-03,2.7230897247e-01
384.400000,9.9959029173e-04,2.7895039649e-01
384.450000,1.0010243983e-03,2.7894858547e-01
384.500000,9.9996343608e-04,2.7032424010e-01
384.550000,9.9994077555e-04,2.6943063321e-01
384.600000,9.9946110008e-04,2.6709589237e-01
384.650000,9.9906052437e-04,2.7042203941e-01
384.700000,9.9811177795e-04,2.7557435836e-01
384.750000,9.9940018021e-04,2.7192725475e-01
384.800000,1.0007586509e-03,2.8416509699e-01
384.850000,1.0013257948e-03,2.6832244784e-01
384.900000,1.0010375720e-03,2.8019573958e-01
384.950000,9.9823045791e-04,2.7305356221e-01
385.000000,1.0008379046e-03,2.7862459274e-01
385.050000,1.0007413777e-03,2.7568133589e-01
385.100000,1.0021871611e-03,2.5749138972e-01
385.150000,1.0007048694e-03,2.7136718501e-01
385.200000,9.9909909188e-04,2.6403932445e-01
385.250000,9.9816691791e-04,2.6826021563e-01
385.300000,1.0014619928e-03,2.7092325798e-01
385.350000,9.9803828589e-04,2.8064088509e-01
385.400000,1.0003720165e-03,2.7127218105e-01
385.450000,1.0009250338e-03,2.7114134752e-01
385.500000,1.0015531141e-03,2.7009252216e-01
385.550000,9.9992663055e-04,2.8285122648e-01
385.600000,9.9794998077e-04,2.7127755638e-01
385.650000,9.9875403963e-04,2.6835952542e-01
385.700000,1.0006269261e-03,2.7568354169e-01
385.750000,9.9884042453e-04,2.8281990916e-01
385.800000,1.0003361624e-03,2.7502636269e-01
385.850000,9.9949425421e-04,2.6760178862e-01
385.900000,1.0016777829e-03,2.7381575952e-01
385.950000,1.0001192532e-03,2.7494345254e-01
386.000000,9.9954120382e-04,2.7775019793e-01
386.050000,9.9869332289e-04,2.7332256554e-01
386.100000,9.9814525589e-04,2.7429585413e-01
386.150000,9.9951193146e-04,2.7726510480e-01
386.200000,1.0007805054e-03,2.6964394983e-01
386.250000,1.0007653631e-03,2.7243676323e-01
386.300000,9.9934007788e-04,2.7242716209e-01
386.350000,9.9945994098e-04,2.7327029586e-01
386.400000,1.0013617037e-03,2.7247637273e-01
386.450000,9.9973268411e-04,2.7830178997e-01
386.500000,9.9999869330e-04,2.6754478224e-01
386.550000,1.0011864925e-03,2.7433374669e-01
386.600000,1.0003927940e-03,2.6434829117e-01
386.650000,1.0007825223e-03,2.6975316290e-01
386.700000,1.0004297329e-03,2.7464357215e-01
386.750000,9.9985023041e-04,2.7180284831e-01
386.800000,9.9938475403e-04,2.6557822737e-01
386.850000,9.9990720269e-04,2.8112288985e-01
386.900000,9.9866891877e-04,2.8165989864e-01
386.950000,1.0018404100e-03,2.7130323973e-01
387.000000,9.9969336676e-04,2.8428994483e-01
387.050000,1.0013656483e-03,2.6512863652e-01
387.100000,1.0024522328e-03,2.8188033446e-01
387.150000,9.9680065760e-04,2.6967673378e-01
387.200000,9.9915842380e-04,2.7200731222e-01
387.250000,1.0002623732e-03,2.7109723227e-01
387.300000,1.0001763977e-03,2.7029391747e-01
387.350000,1.0009202743e-03,2.6783200908e-01
387.400000,9.9923373424e-04,2.6841343528e-01
387.450000,1.0011330596e-03,2.7005932115e-01
387.500000,1.0004195541e-03,2.7016213906e-01
387.550000,9.9981790138e-04,2.7340154549e-01
387.600000,9.9898302546e-04,2.7299804615e-01
387.650000,1.0011628893e-03,2.6459847107e-01
387.700000,1.0009013111e-03,2.6228975858e-01
387.750000,9.9966931086e-04,2.7024518529e-01
387.800000,1.0001024920e-03,2.7312644183e-01
387.850000,9.9855354243e-04,2.7002284288e-01
387.900000,1.0004754124e-03,2.6533404290e-01
387.950000,1.0003135958e-03,2.7643134825e-01
388.000000,9.9957348104e-04,2.7061399205e-01
388.050000,1.0009889886e-03,2.6849897918e-01
388.100000,1.0000884931e-03,2.7642191711e-01
388.150000,1.0000000464e-03,2.6462054526e-01
388.200000,9.9966289118e-04,2.7340912958e-01
388.250000,1.0002450754e-03,2.6516630827e-01
388.300000,9.9969591649e-04,2.7712197382e-01
388.350000,1.0000452816e-03,2.7720642482e-01
388.400000,1.0001118438e-03,2.6621652298e-01
388.450000,1.0009383197e-03,2.8122793767e-01
388.500000,1.0017923906e-03,2.6702507779e-01
388.550000,1.0004042532e-03,2.8148850545e-01
388.600000,9.9818328454e-04,2.7263158254e-01
388.650000,9.9912048592e-04,2.6685379263e-01
388.700000,9.9879588174e-04,2.6811264521e-01
388.750000,9.9867882922e-04,2.7833031629e-01
388.800000,1.0011334509e-03,2.8074739855e-01
388.850000,1.0012822943e-03,2.6763284323e-01
388.900000,9.9882247110e-04,2.7201405090e-01
388.950000,9.9979069759e-04,2.7326031188e-01
389.000000,9.9994407876e-04,2.7380695603e-01
389.050000,1.0003185045e-03,2.7242917838e-01
389.100000,1.0007577884e-03,2.7317680014e-01
389.150000,9.9928723871e-04,2.7389995452e-01
389.200000,1.0009244892e-03,2.6527464928e-01
389.250000,9.9947751681e-04,2.7713366428e-01
389.300000,9.9899013702e-04,2.7833271832e-01
389.350000,1.0002885931e-03,2.7968025745e-01
389.400000,1.0009597128e-03,2.6698576625e-01
389.450000,9.9963920722e-04,2.7142278989e-01
389.500000,9.9950786937e-04,2.7312136905e-01
389.550000,1.0000415415e-03,2.7834294578e-01
389.600000,1.0002076546e-03,2.7016773991e-01
389.650000,1.0015665516e-03,2.7365795808e-01
389.700000,9.9974539639e-04,2.6787373345e-01
389.750000,1.0007452852e-03,2.7231830684e-01
389.800000,9.9925717237e-04,2.7834301541e-01
389.850000,9.9953824253e-04,2.7644084358e-01
389.900000,9.9935609356e-04,2.7169663509e-01
389.950000,9.9960488151e-04,2.7325477299e-01
390.000000,9.9809155158e-04,2.6519319575e-01
390.050000,1.0007332024e-03,2.7279561780e-01
390.100000,9.9990818837e-04,2.7235816256e-01
390.150000,1.0008206227e-03,2.7348929953e-01
390.200000,9.9878987299e-04,2.7244406319e-01
390.250000,1.0003162758e-03,2.7105975189e-01
390.300000,1.0000068211e-03,2.6906916259e-01
390.350000,1.0005962553e-03,2.7027009165e-01
390.400000,1.0016543648e-03,2.5885706488e-01
390.450000,9.9968501212e-04,2.7509036402e-01
390.500000,1.0011727135e-03,2.8344186026e-01
390.550000,1.0004548573e-03,2.7818675334e-01
390.600000,1.0011307083e-03,2.7642970631e-01
390.650000,9.9857189032e-04,2.6943343311e-01
390.700000,9.9981088510e-04,2.7147436610e-01
390.750000,1.0004828126e-03,2.7589944406e-01
390.800000,9.9846682359e-04,2.7777367281e-01
390.850000,1.0002546755e-03,2.7905017889e-01
390.900000,1.0021389668e-03,2.6199181969e-01
390.950000,1.0002540170e-03,2.7443307741e-01
391.000000,1.0007128312e-03,2.7554093196e-01
391.050000,1.0005465034e-03,2.7566088919e-01
391.100000,9.9908149672e-04,2.6946153614e-01
391.150000,9.9980059650e-04,2.7411695457e-01
391.200000,1.0011451639e-03,2.6762158294e-01
391.250000,1.0001671851e-03,2.7699638387e-01
391.300000,1.0011336134e-03,2.7763830848e-01
391.350000,9.9983764759e-04,2.6526566996e-01
391.400000,1.0003246572e-03,2.7575291596e-01
391.450000,9.9946516564e-04,2.7965394877e-01
391.500000,1.0012631765e-03,2.7450633562e-01
391.550000,1.0009221131e-03,2.6898779553e-01
391.600000,9.9887864748e-04,2.7184276567e-01
391.650000,9.9788435373e-04,2.7851578576e-01
391.700000,9.9947398168e-04,2.7649608589e-01
391.750000,1.0015022718e-03,2.7716925331e-01
391.800000,9.9938982447e-04,2.7222919563e-01
391.850000,1.0002124642e-03,2.6928597546e-01
391.900000,1.0010429822e-03,2.7445357890e-01
391.950000,1.0000272244e-03,2.6861765943e-01
392.000000,1.0005470356e-03,2.8037253708e-01
392.050000,9.9974301479e-04,2.7948110997e-01
392.100000,9.9988491487e-04,2.6817994449e-01
392.150000,1.0003714683e-03,2.7366872462e-01
392.200000,9.9977252217e-04,2.7684313180e-01
392.250000,9.9962955660e-04,2.7906445249e-01
392.300000,9.9983755931e-04,2.7459129143e-01
392.350000,1.0012790958e-03,2.7782183774e-01
392.400000,1.0008109095e-03,2.7540860054e-01
392.450000,1.0008861234e-03,2.8302079643e-01
392.500000,9.9987444726e-04,2.6510091250e-01
392.550000,9.9906286522e-04,2.7392224584e-01
392.600000,9.9968829296e-04,2.8088146922e-01
392.650000,1.0001392019e-03,2.7262436583e-01
392.700000,1.0015079339e-03,2.5825584376e-01
392.750000,1.0003470791e-03,2.5938276712e-01
392.800000,1.0017348737e-03,2.6679154677e-01
392.850000,9.9933186323e-04,2.6121781754e-01
392.900000,1.0009530371e-03,2.7280228120e-01
392.950000,1.0005202509e-03,2.8008487891e-01
393.000000,1.0009694940e-03,2.8246829146e-01
393.050000,1.0011411738e-03,2.6503631246e-01
393.100000,1.0004013439e-03,2.6756403112e-01
393.150000,9.9797544888e-04,2.7153444734e-01
393.200000,9.9939908780e-04,2.7360004654e-01
393.250000,1.0001665946e-03,2.7203982795e-01
393.300000,9.9996355486e-04,2.7086905445e-01
393.350000,1.0018919949e-03,2.6536241450e-01
393.400000,1.0000956792e-03,2.7115421032e-01
393.450000,1.0010711574e-03,2.6554354966e-01
393.500000,1.0019415543e-03,2.7679475405e-01
393.550000,1.0014142339e-03,2.7894643079e-01
393.600000,9.9925644322e-04,2.7786200174e-01
393.650000,9.9992271668e-04,2.7441479886e-01
393.700000,1.0007209317e-03,2.8243913336e-01
393.750000,1.0020986225e-03,2.7178891035e-01
393.800000,1.0005165425e-03,2.7357525541e-01
393.850000,9.9871641167e-04,2.7764104971e-01
393.900000,9.9985021044e-04,2.6737346706e-01
393.950000,9.9945361870e-04,2.7747733927e-01
394.000000,9.9979762056e-04,2.7271507357e-01
394.050000,1.0001608471e-03,2.7460551480e-01
394.100000,1.0013581042e-03,2.6887129252e-01
394.150000,1.0004522671e-03,2.7925387346e-01
394.200000,9.9799527288e-04,2.7197904016e-01
394.250000,1.0000415365e-03,2.7175517803e-01
394.300000,1.0016286204e-03,2.7883837188e-01
394.350000,9.9955469505e-04,2.8010786671e-01
394.400000,9.9883722190e-04,2.8055119069e-01
394.450000,9.9914337553e-04,2.7642152736e-01
394.500000,9.9943156511e-04,2.7240051011e-01
394.550000,1.0003138810e-03,2.7344813354e-01
394.600000,1.0015570009e-03,2.6733641649e-01
394.650000,9.9975741299e-04,2.7486471818e-01
394.700000,1.0007897090e-03,2.7243712713e-01
394.750000,9.9946957728e-04,2.7563241133e-01
394.800000,9.9952141983e-04,2.6647472974e-01
394.850000,1.0004742645e-03,2.7467459640e-01
394.900000,1.0003429182e-03,2.6935539265e-01
394.950000,9.9981830677e-04,2.7271696424e-01
395.000000,1.0008509964e-03,2.8265294352e-01
395.050000,1.0008763822e-03,2.7574045409e-01
395.100000,1.0006198242e-03,2.6775937770e-01
395.150000,9.9943057718e-04,2.7803683720e-01
395.200000,9.9974862594e-04,2.6588157795e-01
395.250000,1.0024041176e-03,2.6422405945e-01
395.300000,1.0009091419e-03,2.7333506472e-01
395.350000,1.0003021522e-03,2.7124877958e-01
395.400000,1.0003159709e-03,2.8384363644e-01
395.450000,1.0008435478e-03,2.7490679344e-01
395.500000,9.9966487658e-04,2.7522300329e-01
395.550000,1.0002066385e-03,2.7730666357e-01
395.600000,1.0005575135e-03,2.7474564391e-01
395.650000,9.9963886806e-04,2.6872321009e-01
395.700000,9.9960696580e-04,2.7343792295e-01
395.750000,9.9886787007e-04,2.7429059932e-01
395.800000,9.9918899320e-04,2.7681994570e-01
395.850000,9.9753228391e-04,2.6828705331e-01
395.900000,9.9849799790e-04,2.7625338331e-01
395.950000,9.9978267724e-04,2.6604393661e-01
396.000000,1.0005773352e-03,2.7797596576e-01
396.050000,1.0012188710e-03,2.6676263637e-01
396.100000,9.9814019104e-04,2.6670344339e-01
396.150000,9.9996649207e-04,2.7245419837e-01
396.200000,9.9845765233e-04,2.6570913580e-01
396.250000,1.0002214478e-03,2.7642209732e-01
396.300000,1.0020794181e-03,2.7034034699e-01
396.350000,9.9921726380e-04,2.6826214876e-01
396.400000,1.0011971217e-03,2.7613027191e-01
396.450000,1.0002151843e-03,2.8307838891e-01
396.500000,9.9861221929e-04,2.7186456308e-01
396.550000,9.9927819499e-04,2.7747477788e-01
396.600000,1.0009476602e-03,2.6601823182e-01
396.650000,9.9968091109e-04,2.6927772759e-01
396.700000,9.9892653052e-04,2.7108667936e-01
396.750000,9.9845986410e-04,2.7488251792e-01
396.800000,9.9881458189e-04,2.7196106071e-01
396.850000,9.9907336941e-04,2.7836904936e-01
396.900000,9.9993252908e-04,2.7231152186e-01
396.950000,9.9906914309e-04,2.6780626480e-01
397.000000,9.9835908847e-04,2.7058796527e-01
397.050000,9.9843894691e-04,2.7530609164e-01
397.100000,1.0027980671e-03,2.7376460029e-01
397.150000,9.9835751791e-04,2.7209242385e-01
397.200000,9.9927107851e-04,2.7178407765e-01
397.250000,9.9836619076e-04,2.6468322111e-01
397.300000,1.0008046318e-03,2.6954888291e-01
397.350000,9.9964947890e-04,2.7562555196e-01
397.400000,1.0007882061e-03,2.6740271781e-01
397.450000,9.9968413083e-04,2.6483760832e-01
397.500000,1.0005971293e-03,2.6989973618e-01
397.550000,1.0018851590e-03,2.7357954689e-01
397.600000,1.0004172021e-03,2.7090554085e-01
397.650000,1.0001967154e-03,2.7571980308e-01
397.700000,9.9933285906e-04,2.7457425871e-01
397.750000,1.0012631348e-03,2.6071704888e-01
397.800000,1.0007217648e-03,2.6598022072e-01
397.850000,9.9896767760e-04,2.6716665817e-01
397.900000,1.0005917224e-03,2.7513391951e-01
397.950000,1.0007314618e-03,2.7330081507e-01
398.000000,1.0007711886e-03,2.7646390971e-01
398.050000,1.0001080448e-03,2.7742935037e-01
398.100000,9.9966194804e-04,2.7945827870e-01
398.150000,1.0003076397e-03,2.7432969700e-01
398.200000,9.9791834312e-04,2.7421910164e-01
398.250000,9.9981801942e-04,2.7010950678e-01
398.300000,9.9984335319e-04,2.7596127179e-01
398.350000,9.9985241655e-04,2.7459105180e-01
398.400000,9.9871510469e-04,2.6755136802e-01
398.450000,9.9861295499e-04,2.7321113027e-01
398.500000,1.0012157747e-03,2.8056151809e-01
398.550000,9.9950504350e-04,2.7036405829e-01
398.600000,9.9994739263e-04,2.7952382666e-01
398.650000,9.9849009914e-04,2.7787315830e-01
398.700000,9.9979729799e-04,2.7485023407e-01
398.750000,9.9856819141e-04,2.8089612996e-01
398.800000,9.9933356002e-04,2.6719360273e-01
398.850000,9.9925880012e-04,2.7361112392e-01
398.900000,9.9970764807e-04,2.7205044827e-01
398.950000,9.9892248794e-04,2.7694931966e-01
399.000000,1.0006423337e-03,2.7977068414e-01
399.050000,1.0004666213e-03,2.7062911505e-01
399.100000,9.9902610115e-04,2.6813113418e-01
399.150000,1.0011536505e-03,2.7532804488e-01
399.200000,9.9927770946e-04,2.7117214076e-01
399.250000,1.0001558791e-03,2.7028312500e-01
399.300000,9.9922166017e-04,2.7673313161e-01
399.350000,1.0002553667e-03,2.7269583907e-01
399.400000,9.9976254084e-04,2.6959381812e-01
399.450000,9.9910854530e-04,2.7375156242e-01
399.500000,1.0002857964e-03,2.7839247664e-01
399.550000,9.9973360278e-04,2.7798428313e-01
399.600000,1.0010626431e-03,2.7246532720e-01
399.650000,1.0010724077e-03,2.7673971512e-01
399.700000,1.0000604551e-03,2.7836756703e-01
399.750000,9.9857869251e-04,2.7161322741e-01
399.800000,1.0006594249e-03,2.8104210591e-01
399.850000,1.0007851749e-03,2.7262986356e-01
399.900000,1.0010526952e-03,2.7553839152e-01
399.950000,9.9944287093e-04,2.7059993970e-01
400.000000,1.0013891398e-03,2.7717376040e-01
400.050000,1.0005894739e-03,2.7522417228e-01
400.100000,1.0004105083e-03,2.7564323867e-01
400.150000,1.0005749621e-03,2.7662429688e-01
400.200000,1.0022903806e-03,2.6396692083e-01
400.250000,1.0006947201e-03,2.7335201567e-01
400.300000,9.9920420936e-04,2.7185488746e-01
400.350000,1.0012875445e-03,2.7206804257e-01
400.400000,9.9922135266e-04,2.7888520435e-01
400.450000,1.0022754280e-03,2.7113993979e-01
400.500000,1.0011375940e-03,2.6753923573e-01
400.550000,1.0001936010e-03,2.6126891544e-01
400.600000,1.0017067580e-03,2.6885575897e-01
400.650000,9.9923697009e-04,2.7681550744e-01
400.700000,9.9958087518e-04,2.6424660933e-01
400.750000,9.9993967286e-04,2.7009884912e-01
400.800000,1.0017962903e-03,2.6467205120e-01
400.850000,1.0007081016e-03,2.8012371045e-01
400.900000,9.9964135564e-04,2.6516723885e-01
400.950000,1.0000002339e-03,2.7873812853e-01
401.000000,1.0004202739e-03,2.7163211206e-01
401.050000,1.0009892976e-03,2.8493836367e-01
401.100000,9.9994214072e-04,2.6951227354e-01
401.150000,9.9876158021e-04,2.8328929886e-01
401.200000,1.0000618628e-03,2.7580993919e-01
401.250000,1.0004385609e-03,2.7194832890e-01
401.300000,9.9983447912e-04,2.6497304667e-01
401.350000,9.9755396552e-04,2.7138707469e-01
401.400000,9.9934328298e-04,2.6296892431e-01
401.450000,9.9903267911e-04,2.6361096921e-01
401.500000,9.9906742663e-04,2.6917879335e-01
401.550000,9.9991487598e-04,2.7296667798e-01
401.600000,1.0003465673e-03,2.6656994097e-01
401.650000,1.0008135348e-03,2.7043118337e-01
401.700000,9.9874727363e-04,2.6877416137e-01
401.750000,9.9965484217e-04,2.7467979569e-01
401.800000,9.9940611825e-04,2.7358226730e-01
401.850000,1.0000724505e-03,2.6823075133e-01
401.900000,1.0002492834e-03,2.6383467807e-01
401.950000,1.0021993661e-03,2.6997872307e-01
402.000000,1.0011590427e-03,2.6081824249e-01
402.050000,9.9980947147e-04,2.7037954740e-01
402.100000,1.0006254561e-03,2.7245740099e-01
402.150000,9.9881888633e-04,2.7505184087e-01
402.200000,9.9960687588e-04,2.7000781082e-01
402.250000,9.9915891132e-04,2.7441649503e-01
402.300000,9.9936327760e-04,2.6810344480e-01
402.350000,9.9920985391e-04,2.7778700473e-01
402.400000,9.9832492495e-04,2.7871090381e-01
402.450000,1.0005489427e-03,2.7523271603e-01
402.500000,9.9957475160e-04,2.7946305088e-01
402.550000,1.0003395896e-03,2.7464543063e-01
402.600000,9.9880772882e-04,2.6998862832e-01
402.650000,1.0011768980e-03,2.7752874668e-01
402.700000,1.0008029502e-03,2.7287302392e-01
402.750000,1.0027427848e-03,2.7025625879e-01
402.800000,1.0013034716e-03,2.6748990824e-01
402.850000,9.9988704733e-04,2.7685855835e-01
402.900000,1.0002557813e-03,2.6911553538e-01
402.950000,1.0004006620e-03,2.6833887129e-01
403.000000,9.9878047559e-04,2.8314483795e-01
403.050000,9.9888965994e-04,2.7742719891e-01
403.100000,9.9837532653e-04,2.6654835640e-01
403.150000,1.0000155238e-03,2.7810406081e-01
403.200000,9.9965710794e-04,2.7070800244e-01
403.250000,1.0001973862e-03,2.6776779366e-01
403.300000,1.0008484735e-03,2.7498819231e-01
403.350000,9.9877895165e-04,2.7871450616e-01
403.400000,9.9985886810e-04,2.7225958365e-01
403.450000,9.9977111361e-04,2.8110719150e-01
403.500000,1.0009916940e-03,2.7414135425e-01
403.550000,1.0003771351e-03,2.7432468799e-01
403.600000,9.9989045941e-04,2.7052014051e-01
403.650000,9.9981861958e-04,2.7162235410e-01
403.700000,1.0000518781e-03,2.7922793693e-01
403.750000,9.9917252689e-04,2.6988989984e-01
403.800000,9.9861148287e-04,2.7918917055e-01
403.850000,9.9886658674e-04,2.6972568130e-01
403.900000,1.0003341757e-03,2.5710401034e-01
403.950000,9.9929038285e-04,2.6811366323e-01
404.000000,1.0001575356e-03,2.6626686122e-01
404.050000,9.9996074183e-04,2.6518405001e-01
404.100000,9.9960892198e-04,2.7408829026e-01
404.150000,9.9893795338e-04,2.7188365612e-01
404.200000,9.9920417985e-04,2.6965964207e-01
404.250000,9.9973560575e-04,2.6239203047e-01
404.300000,9.9906772489e-04,2.6581029395e-01
404.350000,9.9885531607e-04,2.7392837239e-01
404.400000,1.0009365596e-03,2.7176122172e-01
404.450000,9.9825764766e-04,2.7891870936e-01
404.500000,1.0012684302e-03,2.6705130636e-01
404.550000,1.0016256050e-03,2.6802899269e-01
404.600000,9.9970570080e-04,2.7071536423e-01
404.650000,9.9974477324e-04,2.7593061697e-01
404.700000,1.0012301345e-03,2.7638309389e-01
404.750000,1.0006676223e-03,2.6989594858e-01
404.800000,9.9921388718e-04,2.7198390923e-01
404.850000,9.9897275497e-04,2.7041974958e-01
404.900000,1.0000221760e-03,2.6717351282e-01
404.950000,1.0009338467e-03,2.8041785742e-01
405.000000,1.0008170285e-03,2.7256264154e-01
405.050000,9.9800494423e-04,2.7827955927e-01
405.100000,9.9926019960e-04,2.7610198954e-01
405.150000,1.0009010661e-03,2.7256730638e-01
405.200000,1.0003002034e-03,2.7882810016e-01
405.250000,1.0002575936e-03,2.7860721569e-01
405.300000,1.0011005401e-03,2.7112035344e-01
405.350000,9.9930079288e-04,2.7375195631e-01
405.400000,1.0011060278e-03,2.7398834732e-01
405.450000,1.0004425745e-03,2.8026956035e-01
405.500000,1.0008899425e-03,2.7851304847e-01
405.550000,9.9770792928e-04,2.7086967165e-01
405.600000,1.0008666798e-03,2.7830408683e-01
405.650000,9.9897871258e-04,2.8659564607e-01
405.700000,9.9992725646e-04,2.6653443666e-01
405.750000,9.9901163371e-04,2.7522440814e-01
405.800000,9.9926376790e-04,2.7369845150e-01
405.850000,1.0000434448e-03,2.7316551502e-01
405.900000,1.0001803897e-03,2.7781743180e-01
405.950000,1.0025482187e-03,2.8105786972e-01
406.000000,9.9868507066e-04,2.6743046914e-01
406.050000,1.0009027614e-03,2.6284103477e-01
406.100000,1.0011724870e-03,2.6917079595e-01
406.150000,9.9992825620e-04,2.7337829562e-01
406.200000,1.0012630602e-03,2.7564673422e-01
406.250000,1.0011303076e-03,2.7035146095e-01
406.300000,1.0005662780e-03,2.7862263192e-01
406.350000,9.9989044045e-04,2.8083726872e-01
406.400000,1.0010856318e-03,2.6181864949e-01
406.450000,1.0009978413e-03,2.7641366344e-01
406.500000,9.9918141479e-04,2.6232738852e-01
406.550000,1.0001353008e-03,2.6800126269e-01
406.600000,1.0001218634e-03,2.7339184010e-01
406.650000,1.0005761765e-03,2.7454054072e-01
406.700000,9.9838656799e-04,2.7074262567e-01
406.750000,1.0000977801e-03,2.5772104846e-01
406.800000,9.9922297648e-04,2.6430938398e-01
406.850000,9.9957921379e-04,2.6597480155e-01
406.900000,9.9896269835e-04,2.7373710312e-01
406.950000,1.0002675788e-03,2.8462129759e-01
407.000000,9.9958142574e-04,2.6343972817e-01
407.050000,9.9766170433e-04,2.6454686068e-01
407.100000,9.9961019623e-04,2.6872077254e-01
407.150000,9.9974155140e-04,2.7370829231e-01
407.200000,9.9908076083e-04,2.6557774567e-01
407.250000,9.9985413302e-04,2.6514169908e-01
407.300000,1.0005348115e-03,2.6498382133e-01
407.350000,1.0015094597e-03,2.7560717296e-01
407.400000,1.0009099022e-03,2.7723016862e-01
407.450000,9.9938007490e-04,2.7135403113e-01
407.500000,9.9885269290e-04,2.7584886272e-01
407.550000,9.9974652432e-04,2.7643026096e-01
407.600000,1.0009183337e-03,2.7186088205e-01
407.650000,9.9931137235e-04,2.6676898377e-01
407.700000,9.9925989718e-04,2.7975383503e-01
407.750000,1.0009836514e-03,2.6632137244e-01
407.800000,1.0004020196e-03,2.7881343773e-01
407.850000,9.9856395012e-04,2.7954517559e-01
407.900000,9.9975504892e-04,2.7369874982e-01
407.950000,1.0002779418e-03,2.6587743454e-01
408.000000,1.0002472686e-03,2.6461046592e-01
408.050000,9.9913627417e-04,2.7246405079e-01
408.100000,1.0011553936e-03,2.6457079072e-01
408.150000,9.9979954665e-04,2.6280524591e-01
408.200000,1.0013802630e-03,2.6707318367e-01
408.250000,9.9681297778e-04,2.7556358312e-01
408.300000,1.0017324148e-03,2.7159796256e-01
408.350000,1.0001761852e-03,2.7771906632e-01
408.400000,9.9917767944e-04,2.7523349587e-01
408.450000,9.9921956557e-04,2.6746955619e-01
408.500000,9.9944361617e-04,2.7216570478e-01
408.550000,1.0003573270e-03,2.7531675345e-01
408.600000,9.9956972543e-04,2.7137500679e-01
408.650000,1.0005850979e-03,2.6808067683e-01
408.700000,9.9966544959e-04,2.7268773981e-01
408.750000,9.9937260391e-04,2.7456666060e-01
408.800000,1.0001803461e-03,2.7640730131e-01
408.850000,1.0004532378e-03,2.7754291286e-01
408.900000,9.9980600399e-04,2.6786151151e-01
408.950000,9.9745610556e-04,2.6809688874e-01
409.000000,9.9883905028e-04,2.7161114150e-01
409.050000,1.0004870529e-03,2.7642193725e-01
409.100000,1.0005104940e-03,2.8148318616e-01
409.150000,9.9988968064e-04,2.7277421699e-01
409.200000,1.0007540767e-03,2.6364263365e-01
409.250000,9.9999893652e-04,2.6371890457e-01
409.300000,1.0003225313e-03,2.6744437229e-01
409.350000,1.0005109796e-03,2.8330758605e-01
409.400000,9.9871365485e-04,2.6869160714e-01
409.450000,9.9910411056e-04,2.7393103308e-01
409.500000,9.9831966502e-04,2.7329693041e-01
409.550000,9.9939887497e-04,2.7835762603e-01
409.600000,9.9913866707e-04,2.6512119018e-01
409.650000,1.0003281797e-03,2.6927941286e-01
409.700000,1.0003283688e-03,2.7494329588e-01
409.750000,1.0002605682e-03,2.7404992368e-01
409.800000,9.9890299833e-04,2.7431910882e-01
409.850000,1.0008532218e-03,2.7659431785e-01
409.900000,1.0003948471e-03,2.7403335249e-01
409.950000,9.9848503004e-04,2.7691578097e-01
410.000000,9.9899808200e-04,2.7892805764e-01
410.050000,1.0001324281e-03,2.7301964500e-01
410.100000,1.0004510168e-03,2.7215942218e-01
410.150000,1.0004937397e-03,2.6791516567e-01
410.200000,1.0016632399e-03,2.7728049042e-01
410.250000,1.0003102846e-03,2.7296995947e-01
410.300000,9.9839662758e-04,2.7551386505e-01
410.350000,1.0005307033e-03,2.7157168907e-01
410.400000,1.0006705390e-03,2.7620101565e-01
410.450000,1.0019233541e-03,2.7084449521e-01
410.500000,9.9934169081e-04,2.8095721016e-01
410.550000,9.9884885592e-04,2.6253176090e-01
410.600000,9.9991990619e-04,2.7944198929e-01
410.650000,9.9794582354e-04,2.7668067462e-01
410.700000,1.0000375747e-03,2.7548481045e-01
410.750000,1.0013166040e-03,2.6118103902e-01
410.800000,1.0012213970e-03,2.7975640287e-01
410.850000,1.0008595981e-03,2.6851315018e-01
410.900000,9.9982221311e-04,2.7013608620e-01
410.950000,9.9980430777e-04,2.8377427085e-01
411.000000,1.0000139859e-03,2.7827635480e-01
411.050000,9.9934057575e-04,2.6637530408e-01
411.100000,1.0000177065e-03,2.7901667111e-01
411.150000,1.0000184774e-03,2.6894831999e-01
411.200000,9.9909537987e-04,2.7797475571e-01
411.250000,9.9952374822e-04,2.7789638214e-01
411.300000,9.9913602715e-04,2.7446059150e-01
411.350000,9.9875621548e-04,2.6018756874e-01
411.400000,1.0011064350e-03,2.7480798760e-01
411.450000,9.9973965560e-04,2.6225198332e-01
411.500000,1.0010806359e-03,2.7039323883e-01
411.550000,9.9937530770e-04,2.6850695878e-01
411.600000,9.9659678546e-04,2.6643898534e-01
411.650000,1.0007130842e-03,2.7403101365e-01
411.700000,1.0001627299e-03,2.7384969065e-01
411.750000,1.0002774300e-03,2.6741215932e-01
411.800000,1.0012842459e-03,2.8070629597e-01
411.850000,1.0003817215e-03,2.7547954912e-01
411.900000,1.0008616704e-03,2.6599890302e-01
411.950000,9.9991141659e-04,2.7301057256e-01
412.000000,1.0017969260e-03,2.7214032784e-01
412.050000,9.9942366832e-04,2.6739279655e-01
412.100000,9.9995037382e-04,2.7248024305e-01
412.150000,9.9967799570e-04,2.8337240585e-01
412.200000,9.9955002452e-04,2.6460146736e-01
412.250000,9.9882642889e-04,2.6750927945e-01
412.300000,9.9808769324e-04,2.6463872980e-01
412.350000,1.0015392399e-03,2.7252023109e-01
412.400000,9.9772152566e-04,2.6666403012e-01
412.450000,9.9976387729e-04,2.7109308487e-01
412.500000,1.0007535827e-03,2.6572234847e-01
412.550000,9.9887410136e-04,2.5842100902e-01
412.600000,1.0003397854e-03,2.6344731442e-01
412.650000,1.0015958517e-03,2.7378509016e-01
412.700000,9.9971542267e-04,2.7454955952e-01
412.750000,1.0004302963e-03,2.6552573643e-01
412.800000,9.9893313226e-04,2.7501272100e-01
412.850000,1.0006272575e-03,2.7298667594e-01
412.900000,1.0002275072e-03,2.7651554784e-01
412.950000,9.9840664302e-04,2.7407614728e-01
413.000000,1.0011517758e-03,2.7026923544e-01
413.050000,1.0006643231e-03,2.6773065724e-01
413.100000,1.0003335275e-03,2.7145388591e-01
413.150000,1.0012367383e-03,2.8166797108e-01
413.200000,9.9918767176e-04,2.7238351704e-01
413.250000,9.9955243742e-04,2.7240236608e-01
413.300000,1.0006154168e-03,2.7312397664e-01
413.350000,9.9915931200e-04,2.7497672191e-01
413.400000,1.0005156976e-03,2.7844231195e-01
413.450000,1.0010065825e-03,2.7822294606e-01
413.500000,9.9823433625e-04,2.7235409733e-01
413.550000,9.9963935916e-04,2.6472613648e-01
413.600000,9.9988066981e-04,2.7368865731e-01
413.650000,9.9902288707e-04,2.7863916068e-01
413.700000,9.9927068769e-04,2.6867661478e-01
413.750000,1.0021750440e-03,2.6846043546e-01
413.800000,9.9950598528e-04,2.7005892385e-01
413.850000,1.0002832991e-03,2.7869987240e-01
413.900000,1.0000464723e-03,2.6780203554e-01
413.950000,9.9916892836e-04,2.6894403859e-01
414.000000,1.0011734645e-03,2.7015198109e-01
414.050000,1.0002363101e-03,2.7521825862e-01
414.100000,1.0009027037e-03,2.6060382456e-01
414.150000,9.9917779499e-04,2.7263029059e-01
414.200000,1.0000077792e-03,2.6958814979e-01
414.250000,1.0004162594e-03,2.7006897312e-01
414.300000,9.9858949407e-04,2.6879255854e-01
414.350000,9.9974389718e-04,2.8424951388e-01
414.400000,9.9811729496e-04,2.7128257560e-01
414.450000,9.9991083749e-04,2.7146872365e-01
414.500000,9.9988553508e-04,2.7346382435e-01
414.550000,9.9967657286e-04,2.7825385679e-01
414.600000,1.0008392814e-03,2.7255950364e-01
414.650000,9.9878563386e-04,2.7162450508e-01
414.700000,9.9880052847e-04,2.8194723617e-01
414.750000,1.0017590908e-03,2.7876303334e-01
414.800000,9.9802212113e-04,2.8256306519e-01
414.850000,9.9758510522e-04,2.7106812899e-01
414.900000,1.0007942150e-03,2.7490648867e-01
414.950000,9.9983764431e-04,2.8274282038e-01
415.000000,1.0016371212e-03,2.7219577536e-01
415.050000,9.9991389011e-04,2.7842512210e-01
415.100000,1.0003776342e-03,2.7485095281e-01
415.150000,9.9938598403e-04,2.5555127761e-01
415.200000,9.9915575321e-04,2.6265660539e-01
415.250000,1.0005383810e-03,2.7252786922e-01
415.300000,1.0002990268e-03,2.7412748937e-01
415.350000,1.0011817015e-03,2.7226510248e-01
415.400000,9.9910049872e-04,2.7355225446e-01
415.450000,1.0011828575e-03,2.6256068642e-01
415.500000,1.0010350272e-03,2.7636731767e-01
415.550000,1.0012223048e-03,2.6355469030e-01
415.600000,9.9987153955e-04,2.7793276690e-01
415.650000,9.9900725210e-04,2.7302763922e-01
415.700000,1.0007080649e-03,2.7461811625e-01
415.750000,1.0005429175e-03,2.6920505642e-01
415.800000,1.0009698333e-03,2.6988883604e-01
415.850000,1.0004349416e-03,2.6443816476e-01
415.900000,9.9823049937e-04,2.6893391140e-01
415.950000,9.9963481841e-04,2.6671292612e-01
416.000000,1.0011354637e-03,2.7326057623e-01
416.050000,9.9958045335e-04,2.8446300183e-01
416.100000,9.9849089778e-04,2.6588875185e-01
416.150000,1.0010038835e-03,2.7273984946e-01
416.200000,1.0004011654e-03,2.7640540891e-01
416.250000,1.0003194437e-03,2.6962483778e-01
416.300000,9.9836033437e-04,2.6112183710e-01
416.350000,9.9897125197e-04,2.6981122560e-01
416.400000,9.9871253845e-04,2.8196831400e-01
416.450000,9.9931902843e-04,2.7345860065e-01
416.500000,1.0004674177e-03,2.6589371204e-01
416.550000,1.0019485405e-03,2.7236461289e-01
416.600000,9.9866944320e-04,2.6735364007e-01
416.650000,1.0007771605e-03,2.7389850145e-01
416.700000,1.0001323951e-03,2.7172884240e-01
416.750000,1.0000231227e-03,2.6409957644e-01
416.800000,1.0012553983e-03,2.7087932382e-01
416.850000,9.9969031427e-04,2.7246547013e-01
416.900000,1.0011875726e-03,2.7496420080e-01
416.950000,9.9988214362e-04,2.7253383983e-01
417.000000,9.9713651690e-04,2.6759714107e-01
417.050000,9.9995229506e-04,2.8274114632e-01
417.100000,9.9876292124e-04,2.7123478237e-01
417.150000,9.9897718484e-04,2.6812621815e-01
417.200000,1.0017372316e-03,2.7964472597e-01
417.250000,9.9987050855e-04,2.7800328486e-01
417.300000,1.0001532021e-03,2.7416846506e-01
417.350000,9.9965263185e-04,2.7742331258e-01
417.400000,9.9993788638e-04,2.7340966457e-01
417.450000,9.9802855058e-04,2.7093635339e-01
417.500000,9.9958019724e-04,2.7166528518e-01
417.550000,1.0011619360e-03,2.7131657628e-01
417.600000,1.0012019831e-03,2.7716099860e-01
417.650000,9.9790745691e-04,2.7355730597e-01
417.700000,1.0004806145e-03,2.7585753186e-01
417.750000,9.9931872141e-04,2.7435883080e-01
417.800000,9.9827846128e-04,2.7223388206e-01
417.850000,9.9957792467e-04,2.7075360920e-01
417.900000,1.0001545104e-03,2.7666952255e-01
417.950000,1.0002958599e-03,2.7508071495e-01
418.000000,1.0003650433e-03,2.7945586114e-01
418.050000,9.9926457334e-04,2.7197711643e-01
418.100000,1.0007560230e-03,2.7560938563e-01
418.150000,1.0006203879e-03,2.7591595701e-01
418.200000,1.0013711321e-03,2.7097743738e-01
418.250000,1.0011060283e-03,2.6883595732e-01
418.300000,1.0012045461e-03,2.7600002109e-01
418.350000,1.0009398943e-03,2.7514041341e-01
418.400000,9.9881343767e-04,2.8655133932e-01
418.450000,9.9972448125e-04,2.7059069211e-01
418.500000,9.9995920547e-04,2.8381228253e-01
418.550000,1.0004509354e-03,2.7447178550e-01
418.600000,1.0004127534e-03,2.7527998795e-01
418.650000,9.9928619811e-04,2.6791760826e-01
418.700000,1.0001245579e-03,2.6470930951e-01
418.750000,9.9981105797e-04,2.8106727845e-01
418.800000,9.9934195608e-04,2.7179879830e-01
418.850000,9.9789559230e-04,2.7651393073e-01
418.900000,9.9937721671e-04,2.7891502724e-01
418.950000,1.0015743841e-03,2.7920713601e-01
419.000000,9.9971174179e-04,2.7115296569e-01
419.050000,1.0003157365e-03,2.7107817106e-01
419.100000,9.9907821673e-04,2.8065366697e-01
419.150000,9.9913967615e-04,2.6593328011e-01
419.200000,9.9970291238e-04,2.6688617643e-01
419.250000,9.9982310446e-04,2.6538949997e-01
419.300000,1.0007888778e-03,2.7612257635e-01
419.350000,9.9908297238e-04,2.7052728713e-01
419.400000,9.9687062834e-04,2.6815758012e-01
419.450000,1.0006095917e-03,2.7106881307e-01
419.500000,9.9866071568e-04,2.8028009033e-01
419.550000,1.0016317182e-03,2.6531582698e-01
419.600000,1.0009202058e-03,2.7443759463e-01
419.650000,1.0010915344e-03,2.6902983593e-01
419.700000,1.0008435912e-03,2.7898501193e-01
419.750000,1.0009308929e-03,2.8308307505e-01
419.800000,1.0002728939e-03,2.8557228955e-01
419.850000,1.0009464306e-03,2.6692281137e-01
419.900000,1.0002375865e-03,2.6985418007e-01
419.950000,1.0003684196e-03,2.7250326344e-01
420.000000,1.0005007874e-03,2.6420188530e-01
420.050000,9.9958592378e-04,2.7332167526e-01
420.100000,1.0009152783e-03,2.7617331149e-01
420.150000,1.0000122040e-03,2.7652456073e-01
420.200000,9.9885605462e-04,2.6967487307e-01
420.250000,1.0008947641e-03,2.7487846467e-01
420.300000,1.0003993653e-03,2.6465283749e-01
420.350000,9.9940636065e-04,2.7714338042e-01
420.400000,1.0010592730e-03,2.7632324727e-01
420.450000,9.9947521072e-04,2.7486171164e-01
420.500000,9.9830885977e-04,2.6961964355e-01
420.550000,1.0012375334e-03,2.7075036339e-01
420.600000,9.9934880530e-04,2.8515667235e-01
420.650000,1.0002715924e-03,2.7952049624e-01
420.700000,9.9922047054e-04,2.7504782859e-01
420.750000,1.0001977534e-03,2.7122449961e-01
420.800000,9.9880185236e-04,2.7368502445e-01
420.850000,9.9938819900e-04,2.7182614110e-01
420.900000,1.0007478277e-03,2.7471820501e-01
420.950000,9.9922972737e-04,2.7802951740e-01
421.000000,1.0008796405e-03,2.7776199940e-01
421.050000,1.0009789058e-03,2.7163253912e-01
421.100000,9.9980471888e-04,2.6254171775e-01
421.150000,9.9990436305e-04,2.7046489426e-01
421.200000,9.9840235870e-04,2.6841552805e-01
421.250000,9.9934309363e-04,2.6910973735e-01
421.300000,9.9818905660e-04,2.6912466895e-01
421.350000,1.0004193711e-03,2.7201384429e-01
421.400000,9.9923506261e-04,2.6651151501e-01
421.450000,1.0000714807e-03,2.6747166463e-01
421.500000,9.9855861827e-04,2.6492908324e-01
421.550000,9.9986165590e-04,2.6455301742e-01
421.600000,9.9983122206e-04,2.6810884552e-01
421.650000,9.9920284142e-04,2.7724601568e-01
421.700000,1.0007350565e-03,2.7817023851e-01
421.750000,9.9862905089e-04,2.7098414939e-01
421.800000,9.9868741659e-04,2.7766064049e-01
421.850000,1.0005806351e-03,2.7135430128e-01
421.900000,9.9968717031e-04,2.8124580034e-01
421.950000,9.9937674843e-04,2.6995936993e-01
422.000000,9.9945009086e-04,2.6849558747e-01
422.050000,1.0008514485e-03,2.7518709428e-01
422.100000,9.9988977662e-04,2.7862379993e-01
422.150000,9.9999808303e-04,2.6610467397e-01
422.200000,1.0006711564e-03,2.7488287676e-01
422.250000,9.9918408947e-04,2.7585469871e-01
422.300000,9.9813081003e-04,2.6910744070e-01
422.350000,9.9904480069e-04,2.7601199830e-01
422.400000,1.0001239083e-03,2.7164985398e-01
422.450000,9.9964447501e-04,2.7019087502e-01
422.500000,1.0011076984e-03,2.6236712282e-01
422.550000,9.9952990209e-04,2.7671403174e-01
422.600000,9.9997695337e-04,2.7193842037e-01
422.650000,1.0004130790e-03,2.6938755745e-01
422.700000,1.0004682049e-03,2.6915328423e-01
422.750000,1.0001139375e-03,2.7930374419e-01
422.800000,9.9850429715e-04,2.6736468841e-01
422.850000,9.9952963430e-04,2.7139588953e-01
422.900000,1.0008740768e-03,2.7686682789e-01
422.950000,1.0000928275e-03,2.6465803928e-01
423.000000,1.0009711416e-03,2.6062991518e-01
423.050000,1.0007178562e-03,2.7956841157e-01
423.100000,1.0012232014e-03,2.7161056603e-01
423.150000,9.9989752805e-04,2.7424655146e-01
423.200000,1.0005184839e-03,2.5573439299e-01
423.250000,1.0001619142e-03,2.7096510709e-01
423.300000,9.9923802995e-04,2.7286995721e-01
423.350000,1.0002141204e-03,2.6840725133e-01
423.400000,1.0010312278e-03,2.7180117066e-01
423.450000,1.0012192624e-03,2.7231282570e-01
423.500000,1.0008420273e-03,2.8235362202e-01
423.550000,9.9766894871e-04,2.5792832082e-01
423.600000,1.0004612774e-03,2.6684007848e-01
423.650000,9.9927024947e-04,2.7535789631e-01
423.700000,1.0003444726e-03,2.7406387923e-01
423.750000,1.0018960233e-03,2.6881475757e-01
423.800000,9.9963508956e-04,2.6612534261e-01
423.850000,1.0009681176e-03,2.7276730211e-01
423.900000,9.9721867776e-04,2.7552887620e-01
423.950000,1.0021746344e-03,2.6861641625e-01
424.000000,9.9944361824e-04,2.7281303539e-01
424.050000,9.9942776241e-04,2.7302948608e-01
424.100000,1.0001279606e-03,2.7471790469e-01
424.150000,9.9922056318e-04,2.7858422455e-01
424.200000,1.0004691651e-03,2.7716369028e-01
424.250000,1.0003549527e-03,2.6311593200e-01
424.300000,1.0007644271e-03,2.7396983119e-01
424.350000,1.0002760859e-03,2.7979592728e-01
424.400000,1.0012075715e-03,2.7589368953e-01
424.450000,9.9933641178e-04,2.7424491465e-01
424.500000,9.9959416322e-04,2.7903878589e-01
424.550000,9.9981130263e-04,2.7383024617e-01
424.600000,1.0012141292e-03,2.7422519691e-01
424.650000,9.9832883401e-04,2.7734660108e-01
424.700000,1.0014140760e-03,2.7231138067e-01
424.750000,1.0008473398e-03,2.8195297148e-01
424.800000,9.9855967227e-04,2.6756336228e-01
424.850000,1.0005484877e-03,2.7796683677e-01
424.900000,1.0021871656e-03,2.7746576827e-01
424.950000,1.0010424369e-03,2.6525059825e-01
425.000000,9.9969352276e-04,2.7587469140e-01
425.050000,9.9863233735e-04,2.8051072897e-01
425.100000,1.0011304864e-03,2.7453210974e-01
425.150000,9.9687457227e-04,2.6468687194e-01
425.200000,1.0005413134e-03,2.6935883667e-01
425.250000,1.0000427650e-03,2.7355617049e-01
425.300000,9.9974721346e-04,2.7640097843e-01
425.350000,9.9848470220e-04,2.6603623225e-01
425.400000,1.0002387895e-03,2.6498027881e-01
425.450000,9.9952945460e-04,2.7875568105e-01
425.500000,9.9862138859e-04,2.7264520681e-01
425.550000,9.9928079590e-04,2.6087220193e-01
425.600000,9.9820362460e-04,2.6459342266e-01
425.650000,1.0002205721e-03,2.7822554432e-01
425.700000,9.9963997472e-04,2.7310453056e-01
425.750000,9.9989810853e-04,2.6746843774e-01
425.800000,9.9814390419e-04,2.6955217862e-01
425.850000,9.9974041323e-04,2.6986865761e-01
425.900000,1.0005663856e-03,2.7998831989e-01
425.950000,1.0005340656e-03,2.7503908866e-01
426.000000,1.0004345921e-03,2.7081234896e-01
426.050000,1.0004589633e-03,2.8164646034e-01
426.100000,1.0004803291e-03,2.7382920233e-01
426.150000,1.0012758262e-03,2.7459774486e-01
426.200000,9.9851259540e-04,2.7217011379e-01
426.250000,1.0003614550e-03,2.7098843117e-01
426.300000,9.9894026933e-04,2.6797922791e-01
426.350000,1.0003264504e-03,2.6870615838e-01
426.400000,9.9871315814e-04,2.7697829265e-01
426.450000,1.0000843924e-03,2.6564784486e-01
426.500000,1.0001939326e-03,2.7404998766e-01
426.550000,1.0011205452e-03,2.7435239872e-01
426.600000,9.9819029631e-04,2.6892018871e-01
426.650000,1.0013535744e-03,2.6265973307e-01
426.700000,9.9893946580e-04,2.7637407509e-01
426.750000,1.0009615435e-03,2.5747047350e-01
426.800000,9.9962500266e-04,2.6871313413e-01
426.850000,1.0029312707e-03,2.7144385073e-01
426.900000,1.0013376525e-03,2.6791195272e-01
426.950000,9.9925145747e-04,2.6554122659e-01
427.000000,1.0003363367e-03,2.6636904003e-01
427.050000,1.0005652722e-03,2.6738529891e-01
427.100000,1.0006520747e-03,2.7355806580e-01
427.150000,1.0003757721e-03,2.7631630468e-01
427.200000,9.9910242434e-04,2.7629628923e-01
427.250000,9.9998603241e-04,2.6672494370e-01
427.300000,9.9961526514e-04,2.6745730040e-01
427.350000,9.9857283847e-04,2.8140980193e-01
427.400000,1.0006354395e-03,2.6506215391e-01
427.450000,9.9902663967e-04,2.7698439933e-01
427.500000,9.9928771017e-04,2.6885282978e-01
427.550000,9.9870424273e-04,2.7658898130e-01
427.600000,9.9928035540e-04,2.8676387714e-01
427.650000,1.0008428385e-03,2.7604190547e-01
427.700000,1.0012636628e-03,2.5924901957e-01
427.750000,1.0004310224e-03,2.8225460123e-01
427.800000,9.9967992350e-04,2.7525009102e-01
427.850000,1.0010297962e-03,2.7652212740e-01
427.900000,9.9919850947e-04,2.7219741951e-01
427.950000,9.9880895210e-04,2.6983770497e-01
428.000000,1.0012258883e-03,2.7084496042e-01
428.050000,1.0006311907e-03,2.7273185977e-01
428.100000,9.9870919023e-04,2.7045869155e-01
428.150000,1.0008071479e-03,2.7001178328e-01
428.200000,9.9961259103e-04,2.5776653966e-01
428.250000,1.0024132051e-03,2.6947872263e-01
428.300000,9.9825483869e-04,2.7108155226e-01
428.350000,1.0010046982e-03,2.6991057638e-01
428.400000,9.9897831405e-04,2.7501026511e-01
428.450000,9.9933418638e-04,2.8249569461e-01
428.500000,9.9914732447e-04,2.8366135894e-01
428.550000,1.0003513910e-03,2.6842231650e-01
428.600000,1.0012608955e-03,2.5986782706e-01
428.650000,1.0008334800e-03,2.7708568725e-01
428.700000,1.0010287910e-03,2.7976858513e-01
428.750000,9.9995354650e-04,2.8002639291e-01
428.800000,9.9898337068e-04,2.6823579212e-01
428.850000,1.0008207132e-03,2.7549646505e-01
428.900000,9.9883433588e-04,2.7366022846e-01
428.950000,9.9951368162e-04,2.7824034447e-01
429.000000,1.0005232090e-03,2.8211094174e-01
429.050000,1.0009697298e-03,2.6599187750e-01
429.100000,1.0003410448e-03,2.8063104167e-01
429.150000,1.0002836000e-03,2.7180582325e-01
429.200000,9.9885887226e-04,2.7641308313e-01
429.250000,9.9953528533e-04,2.6865950877e-01
429.300000,9.9948016545e-04,2.6476029764e-01
429.350000,9.9986824058e-04,2.6923093566e-01
429.400000,1.0013780090e-03,2.7222724188e-01
429.450000,9.9971778072e-04,2.7574561895e-01
429.500000,1.0000150568e-03,2.7407281516e-01
429.550000,9.9997165910e-04,2.7098615901e-01
429.600000,9.9874436538e-04,2.7253735235e-01
429.650000,9.9943840779e-04,2.7368412931e-01
429.700000,1.0002383747e-03,2.7245096787e-01
429.750000,1.0005726189e-03,2.7665090576e-01
429.800000,9.9920997688e-04,2.7256688932e-01
429.850000,9.9890421743e-04,2.7612865855e-01
429.900000,1.0002057628e-03,2.8038058999e-01
429.950000,1.0009967660e-03,2.6809851009e-01
430.000000,9.9919495726e-04,2.7154492882e-01
430.050000,9.9935136991e-04,2.7519214417e-01
430.100000,9.9971475474e-04,2.7625928571e-01
430.150000,1.0004438303e-03,2.7616428561e-01
430.200000,1.0003773610e-03,2.7526758192e-01
430.250000,1.0005442947e-03,2.6365562372e-01
430.300000,9.9774671901e-04,2.8083075814e-01
430.350000,1.0000645284e-03,2.7618432149e-01
430.400000,9.9996468638e-04,2.6455961664e-01
430.450000,1.0005350416e-03,2.6864492407e-01
430.500000,1.0011594696e-03,2.7597660723e-01
430.550000,1.0001348055e-03,2.7751360845e-01
430.600000,1.0007245151e-03,2.6569504953e-01
430.650000,9.9969282202e-04,2.7060056871e-01
430.700000,1.0004977216e-03,2.7449472941e-01
430.750000,9.9953619808e-04,2.7737800544e-01
430.800000,1.0006998779e-03,2.6505748548e-01
430.850000,1.0015803425e-03,2.7184428570e-01
430.900000,1.0008719871e-03,2.6492126200e-01
430.950000,1.0003934421e-03,2.7313404638e-01
431.000000,9.9886730937e-04,2.7712107665e-01
431.050000,9.9984168597e-04,2.7376159879e-01
431.100000,1.0008296073e-03,2.7683644561e-01
431.150000,1.0004762881e-03,2.7568987733e-01
431.200000,9.9976271567e-04,2.7522400435e-01
431.250000,9.9893853608e-04,2.7745386817e-01
431.300000,9.9950616673e-04,2.6684571340e-01
431.350000,1.0012704962e-03,2.6799131673e-01
431.400000,1.0012872481e-03,2.6273881243e-01
431.450000,1.0011754453e-03,2.7807001424e-01
431.500000,9.9899918507e-04,2.6131797186e-01
431.550000,9.9966479723e-04,2.7972853102e-01
431.600000,1.0009713776e-03,2.7537852953e-01
431.650000,9.9897257389e-04,2.7640561867e-01
431.700000,1.0001971302e-03,2.7851653833e-01
431.750000,1.0012845209e-03,2.7682684893e-01
431.800000,9.9944762998e-04,2.7361364817e-01
431.850000,9.9983834581e-04,2.6594127666e-01
431.900000,1.0003765995e-03,2.8113533845e-01
431.950000,1.0002992562e-03,2.6742618589e-01
432.000000,9.9950296887e-04,2.6965624092e-01
432.050000,9.9878685593e-04,2.7967596381e-01
432.100000,9.9864374563e-04,2.7542559901e-01
432.150000,9.9811925884e-04,2.6538197724e-01
432.200000,9.9874986506e-04,2.7332302347e-01
432.250000,9.9899082335e-04,2.7857248822e-01
432.300000,1.0005551406e-03,2.7340327869e-01
432.350000,9.9921559229e-04,2.7291482790e-01
432.400000,1.0016329617e-03,2.7888461302e-01
432.450000,1.0006432830e-03,2.6402460670e-01
432.500000,1.0020637236e-03,2.7822948136e-01
432.550000,9.9843637781e-04,2.8088567153e-01
432.600000,1.0003443671e-03,2.6614679494e-01
432.650000,9.9967604090e-04,2.7380387370e-01
432.700000,9.9894643542e-04,2.6640520220e-01
432.750000,9.9945109401e-04,2.7263565389e-01
432.800000,1.0012555327e-03,2.6860002226e-01
432.850000,1.0016363554e-03,2.7813897476e-01
432.900000,9.9767572585e-04,2.9144338606e-01
432.950000,9.9976961317e-04,2.7991137634e-01
433.000000,1.0002165728e-03,2.6990365581e-01
433.050000,9.9997825070e-04,2.7956760610e-01
433.100000,1.0011534911e-03,2.8122146262e-01
433.150000,9.9901175851e-04,2.7337615296e-01
433.200000,1.0004006171e-03,2.7320461375e-01
433.250000,1.0005265401e-03,2.5888113691e-01
433.300000,1.0005504066e-03,2.7673550105e-01
433.350000,1.0006515283e-03,2.6763025261e-01
433.400000,9.9964596199e-04,2.7882961226e-01
433.450000,9.9820739909e-04,2.7169080409e-01
433.500000,9.9970913763e-04,2.6603564301e-01
433.550000,1.0017736353e-03,2.7056685653e-01
433.600000,1.0001474572e-03,2.7124376092e-01
433.650000,9.9874127398e-04,2.7196198295e-01
433.700000,1.0001567413e-03,2.7076654026e-01
433.750000,1.0013170653e-03,2.6605158012e-01
433.800000,9.9944557955e-04,2.7057537694e-01
433.850000,9.9891067323e-04,2.6387361184e-01
433.900000,1.0003536213e-03,2.6433023766e-01
433.950000,1.0000605341e-03,2.7397833398e-01
434.000000,1.0006549938e-03,2.7789530057e-01
434.050000,9.9909663109e-04,2.6968346969e-01
434.100000,1.0006482004e-03,2.8177897542e-01
434.150000,9.9735606659e-04,2.7569953566e-01
434.200000,1.0004549062e-03,2.7277957998e-01
434.250000,9.9853914800e-04,2.7020367692e-01
434.300000,9.9797550200e-04,2.7276867639e-01
434.350000,1.0001908824e-03,2.7166337176e-01
434.400000,9.9826802644e-04,2.6769950943e-01
434.450000,1.0015128649e-03,2.6934967224e-01
434.500000,9.9981418403e-04,2.7459079861e-01
434.550000,9.9913194413e-04,2.7730958326e-01
434.600000,9.9949772224e-04,2.7180431507e-01
434.650000,9.9975993162e-04,2.7801810779e-01
434.700000,9.9944699858e-04,2.7293148369e-01
434.750000,1.0001840592e-03,2.7040202339e-01
434.800000,9.9959053892e-04,2.6959312876e-01
434.850000,9.9876659722e-04,2.7086119977e-01
434.900000,9.9974766366e-04,2.7429692627e-01
434.950000,1.0014657963e-03,2.7877092140e-01
435.000000,9.9978847314e-04,2.6894656586e-01
435.050000,1.0017151803e-03,2.7444337243e-01
435.100000,1.0016296949e-03,2.7793077990e-01
435.150000,9.9920354887e-04,2.7186840316e-01
435.200000,9.9967064057e-04,2.7634278314e-01
435.250000,1.0013383254e-03,2.8126851143e-01
435.300000,1.0007346071e-03,2.6519915586e-01
435.350000,9.9950228287e-04,2.7475863762e-01
435.400000,9.9993626606e-04,2.7483432627e-01
435.450000,9.9993710677e-04,2.6978928726e-01
435.500000,9.9811096680e-04,2.7590056675e-01
435.550000,1.0004520222e-03,2.6725976434e-01
435.600000,1.0007527098e-03,2.6681808111e-01
435.650000,9.9907195223e-04,2.7365894026e-01
435.700000,9.9969554220e-04,2.8076718582e-01
435.750000,9.9977138163e-04,2.6349179941e-01
435.800000,9.9910077007e-04,2.8508396228e-01
435.850000,9.9883828147e-04,2.6837880517e-01
435.900000,9.9863146094e-04,2.7540884731e-01
435.950000,9.9800304534e-04,2.7045867480e-01
436.000000,9.9928019774e-04,2.7675375796e-01
436.050000,1.0007911301e-03,2.7118049792e-01
436.100000,9.9934179706e-04,2.6620228388e-01
436.150000,9.9884117560e-04,2.6754453689e-01
436.200000,9.9862074336e-04,2.7012747950e-01
436.250000,1.0003927151e-03,2.7812736257e-01
436.300000,9.9934841509e-04,2.7021024382e-01
436.350000,1.0001615460e-03,2.6646392841e-01
436.400000,9.9910037147e-04,2.6108812230e-01
436.450000,1.0017224919e-03,2.7648380124e-01
436.500000,1.0002765053e-03,2.8651848943e-01
436.550000,1.0006978301e-03,2.6946614480e-01
436.600000,9.9915893549e-04,2.7466016829e-01
436.650000,1.0007762150e-03,2.6751507921e-01
436.700000,9.9955238387e-04,2.7144877917e-01
436.750000,9.9965520553e-04,2.7823907777e-01
436.800000,1.0011273997e-03,2.8071450942e-01
436.850000,1.0006175137e-03,2.6831246008e-01
436.900000,9.9832265305e-04,2.6291631947e-01
436.950000,1.0011131064e-03,2.7270498062e-01
437.000000,1.0013811353e-03,2.7124420296e-01
437.050000,1.0002370246e-03,2.6932516931e-01
437.100000,9.9988632265e-04,2.7795290876e-01
437.150000,9.9943284703e-04,2.6704285423e-01
437.200000,9.9951771936e-04,2.6559096106e-01
437.250000,9.9922507934e-04,2.7009814535e-01
437.300000,9.9871522291e-04,2.7350669741e-01
437.350000,1.0005145257e-03,2.7412765029e-01
437.400000,1.0001690195e-03,2.8198340424e-01
437.450000,1.0002500409e-03,2.6945318781e-01
437.500000,1.0008035805e-03,2.7651753044e-01
437.550000,1.0019286667e-03,2.7042848746e-01
437.600000,1.0007548849e-03,2.8238900351e-01
437.650000,1.0004296660e-03,2.8230954683e-01
437.700000,1.0001136658e-03,2.7473450352e-01
437.750000,1.0011093894e-03,2.6953161521e-01
437.800000,1.0021131409e-03,2.8100065558e-01
437.850000,1.0009439243e-03,2.7950935899e-01
437.900000,1.0005850005e-03,2.7497428267e-01
437.950000,9.9958799231e-04,2.7331671438e-01
438.000000,9.9967592247e-04,2.6586107422e-01
438.050000,1.0009160807e-03,2.7741072878e-01
438.100000,1.0016382091e-03,2.7625054247e-01
438.150000,1.0003466430e-03,2.7117459505e-01
438.200000,9.9996158228e-04,2.6183011756e-01
438.250000,9.9873822621e-04,2.8198665609e-01
438.300000,1.0003340420e-03,2.8231435931e-01
438.350000,9.9831290216e-04,2.6758921507e-01
438.400000,1.0006393194e-03,2.7495718031e-01
438.450000,9.9927451270e-04,2.7586814857e-01
438.500000,9.9990196395e-04,2.6954019220e-01
438.550000,1.0010616136e-03,2.7423111115e-01
438.600000,9.9964547429e-04,2.7930443017e-01
438.650000,1.0009536428e-03,2.6788374695e-01
438.700000,9.9914582148e-04,2.6547028911e-01
438.750000,9.9850963704e-04,2.7171778726e-01
438.800000,9.9795076697e-04,2.6609877015e-01
438.850000,9.9975344581e-04,2.6671227330e-01
438.900000,9.9959207431e-04,2.7191340958e-01
438.950000,9.9969761029e-04,2.6917562724e-01
439.000000,9.9924736157e-04,2.7367502903e-01
439.050000,1.0012993535e-03,2.7577268323e-01
439.100000,1.0001553020e-03,2.7728200913e-01
439.150000,9.9931863606e-04,2.6528135042e-01
439.200000,1.0001202700e-03,2.6760955913e-01
439.250000,9.9975234274e-04,2.7656180318e-01
439.300000,9.9938776659e-04,2.6766386513e-01
439.350000,9.9951639017e-04,2.7336267526e-01
439.400000,1.0002431022e-03,2.7623430351e-01
439.450000,1.0017864617e-03,2.6786612451e-01
439.500000,9.9937888497e-04,2.5559055818e-01
439.550000,1.0000567168e-03,2.7001382581e-01
439.600000,1.0015824116e-03,2.6382452538e-01
439.650000,9.9904735145e-04,2.7208250694e-01
439.700000,9.9976454749e-04,2.6709926973e-01
439.750000,1.0012922920e-03,2.7307795659e-01
439.800000,1.0001270483e-03,2.6833621510e-01
439.850000,1.0010041768e-03,2.7609860575e-01
439.900000,1.0002408827e-03,2.6639536328e-01
439.950000,1.0006739708e-03,2.7760508426e-01
440.000000,9.9928894466e-04,2.6292965174e-01
440.050000,1.0003473872e-03,2.7889091643e-01
440.100000,9.9787062450e-04,2.7067909107e-01
440.150000,9.9985325085e-04,2.7244351486e-01
440.200000,1.0005845896e-03,2.7060298870e-01
440.250000,9.9856233451e-04,2.8416685950e-01
440.300000,1.0002180794e-03,2.7067583147e-01
440.350000,9.9943817223e-04,2.7263461906e-01
440.400000,9.9983866730e-04,2.6977483622e-01
440.450000,1.0032645797e-03,2.7707618532e-01
440.500000,1.0006460924e-03,2.6824387197e-01
440.550000,9.9887173909e-04,2.7849031438e-01
440.600000,1.0009398506e-03,2.7192639065e-01
440.650000,1.0010912416e-03,2.7761724862e-01
440.700000,9.9930818160e-04,2.7764205660e-01
440.750000,9.9924169558e-04,2.6869937017e-01
440.800000,1.0005221045e-03,2.7540746234e-01
440.850000,9.9987002586e-04,2.6302607177e-01
440.900000,9.9933481597e-04,2.6442886628e-01
440.950000,1.0000462281e-03,2.6618359994e-01
441.000000,1.0008483105e-03,2.7521063636e-01
441.050000,1.0002633527e-03,2.7496616837e-01
441.100000,1.0002696570e-03,2.7033746360e-01
441.150000,9.9906869550e-04,2.8129233754e-01
441.200000,9.9881056916e-04,2.7184678039e-01
441.250000,1.0004420141e-03,2.7514518886e-01
441.300000,1.0011471945e-03,2.7825588152e-01
441.350000,9.9771676744e-04,2.8483497102e-01
441.400000,1.0005596246e-03,2.6665215983e-01
441.450000,1.0004860366e-03,2.7340271123e-01
441.500000,9.9981990220e-04,2.7481977854e-01
441.550000,1.0006669363e-03,2.7244403048e-01
441.600000,9.9961532067e-04,2.6023322340e-01
441.650000,9.9994153414e-04,2.7699941005e-01
441.700000,1.0003828211e-03,2.7969197460e-01
441.750000,1.0007167244e-03,2.6839221707e-01
441.800000,1.0005960505e-03,2.7841988405e-01
441.850000,9.9999215078e-04,2.7303046557e-01
441.900000,9.9916171187e-04,2.7803442424e-01
441.950000,9.9895279574e-04,2.8294905964e-01
442.000000,9.9850996744e-04,2.7475297447e-01
442.050000,9.9887124071e-04,2.6455188675e-01
442.100000,9.9974574090e-04,2.6941081301e-01
442.150000,1.0003393541e-03,2.7176875337e-01
442.200000,1.0017249379e-03,2.8053870273e-01
442.250000,9.9980070218e-04,2.6473453139e-01
442.300000,1.0017769370e-03,2.7705759953e-01
442.350000,9.9903533319e-04,2.6616715519e-01
442.400000,9.9929159389e-04,2.7932488153e-01
442.450000,1.0006743528e-03,2.6516466794e-01
442.500000,1.0020349038e-03,2.7829871694e-01
442.550000,1.0001703119e-03,2.8007704546e-01
442.600000,1.0001325067e-03,2.7592003178e-01
442.650000,9.9938327673e-04,2.7270925514e-01
442.700000,9.9966599060e-04,2.7743524463e-01
442.750000,1.0013094178e-03,2.6688371447e-01
442.800000,9.9862310183e-04,2.8361523908e-01
442.850000,9.9972837981e-04,2.6865977175e-01
442.900000,9.9958457330e-04,2.7065301586e-01
442.950000,1.0001961517e-03,2.7857806163e-01
443.000000,9.9918658197e-04,2.7375189845e-01
443.050000,1.0007125865e-03,2.7016645139e-01
443.100000,9.9935544048e-04,2.7150957208e-01
443.150000,1.0017890173e-03,2.7539031791e-01
443.200000,9.9871424572e-04,2.6354844890e-01
443.250000,1.0009972250e-03,2.5779748718e-01
443.300000,1.0003584314e-03,2.6771778833e-01
443.350000,1.0007663610e-03,2.6856064535e-01
443.400000,9.9950821758e-04,2.7120690664e-01
443.450000,9.9944277599e-04,2.7854751122e-01
443.500000,9.9955671290e-04,2.7897552791e-01
443.550000,1.0006915813e-03,2.6967373805e-01
443.600000,1.0013138614e-03,2.6894280823e-01
443.650000,1.0001153289e-03,2.7933940958e-01
443.700000,9.9863734790e-04,2.6655769286e-01
443.750000,1.0008767623e-03,2.6846894797e-01
443.800000,1.0006240796e-03,2.7848361177e-01
443.850000,9.9979882332e-04,2.7156546261e-01
443.900000,1.0004736384e-03,2.7531556789e-01
443.950000,1.0007593978e-03,2.7653778430e-01
444.000000,1.0005018490e-03,2.7605358867e-01
444.050000,1.0005969290e-03,2.8302331373e-01
444.100000,1.0014722371e-03,2.7783531702e-01
444.150000,9.9854457753e-04,2.8088829849e-01
444.200000,9.9930297154e-04,2.7293131759e-01
444.250000,1.0005598563e-03,2.7094720692e-01
444.300000,1.0006984473e-03,2.7409837911e-01
444.350000,1.0009582293e-03,2.7727281440e-01
444.400000,1.0010861567e-03,2.7585887983e-01
444.450000,9.9907968570e-04,2.7277234448e-01
444.500000,1.0002017794e-03,2.6825499352e-01
444.550000,1.0007014022e-03,2.6934006035e-01
444.600000,1.0020826968e-03,2.7029737503e-01
444.650000,9.9931108473e-04,2.7474274939e-01
444.700000,9.9978528058e-04,2.7679939167e-01
444.750000,1.0009370435e-03,2.6972971560e-01
444.800000,1.0001226635e-03,2.7447989396e-01
444.850000,9.9963173835e-04,2.7503493640e-01
444.900000,9.9917261473e-04,2.7914918400e-01
444.950000,9.9946591736e-04,2.6716657451e-01
445.000000,1.0008171470e-03,2.7349011951e-01
445.050000,9.9970711902e-04,2.7131652566e-01
445.100000,1.0008804237e-03,2.7557088060e-01
445.150000,9.9926737415e-04,2.7752208953e-01
445.200000,9.9964072751e-04,2.6846530016e-01
445.250000,9.9857648796e-04,2.7287807470e-01
445.300000,1.0007807794e-03,2.7145918059e-01
445.350000,1.0005807901e-03,2.8206057809e-01
445.400000,1.0008607383e-03,2.6522060893e-01
445.450000,9.9979586964e-04,2.6910986596e-01
445.500000,9.9927857069e-04,2.6635727834e-01
445.550000,9.9989003704e-04,2.8563298535e-01
445.600000,1.0001888056e-03,2.7179210414e-01
445.650000,9.9876901724e-04,2.8070358592e-01
445.700000,9.9871357351e-04,2.6325174099e-01
445.750000,1.0007723342e-03,2.7666607989e-01
445.800000,1.0006560194e-03,2.7888015719e-01
445.850000,1.0007885633e-03,2.7024336341e-01
445.900000,1.0017014886e-03,2.6833002888e-01
445.950000,9.9947546591e-04,2.6123284382e-01
446.000000,9.9965794993e-04,2.6857459707e-01
446.050000,1.0002285557e-03,2.6486304583e-01
446.100000,1.0000035015e-03,2.6508722918e-01
446.150000,1.0006444883e-03,2.7242160706e-01
446.200000,9.9928975873e-04,2.6663376882e-01
446.250000,9.9848313178e-04,2.7112141574e-01
446.300000,1.0014088952e-03,2.7325084553e-01
446.350000,1.0001390499e-03,2.8154763729e-01
446.400000,1.0019298631e-03,2.7311502007e-01
446.450000,9.9841101853e-04,2.6810897397e-01
446.500000,1.0004611818e-03,2.7495851601e-01
446.550000,9.9923813012e-04,2.7061389161e-01
446.600000,1.0012892818e-03,2.7065411972e-01
446.650000,9.9891854259e-04,2.5710911493e-01
446.700000,9.9820814238e-04,2.8080674379e-01
446.750000,9.9960775585e-04,2.7267850254e-01
446.800000,9.9883514283e-04,2.7561360168e-01
446.850000,9.9980764360e-04,2.7465525425e-01
446.900000,1.0004307924e-03,2.6905323499e-01
446.950000,9.9971834968e-04,2.7699877955e-01
447.000000,9.9986307798e-04,2.6976082015e-01
447.050000,9.9978128859e-04,2.7505930343e-01
447.100000,1.0002435635e-03,2.6571255597e-01
447.150000,9.9974654138e-04,2.6528665344e-01
447.200000,1.0008006476e-03,2.6551681356e-01
447.250000,1.0004751381e-03,2.7150449493e-01
447.300000,9.9983764929e-04,2.8265120219e-01
447.350000,9.9906168316e-04,2.7447746574e-01
447.400000,1.0000945603e-03,2.6473943408e-01
447.450000,9.9833973172e-04,2.6846362750e-01
447.500000,1.0001825214e-03,2.7600869684e-01
447.550000,1.0003345210e-03,2.6886029730e-01
447.600000,9.9763350535e-04,2.7957355386e-01
447.650000,9.9860412204e-04,2.6482971697e-01
447.700000,9.9997895008e-04,2.6708318755e-01
447.750000,9.9952119393e-04,2.6491857951e-01
447.800000,1.0009572301e-03,2.7756801803e-01
447.850000,1.0008852722e-03,2.7427123647e-01
447.900000,9.9948609633e-04,2.6685785279e-01
447.950000,9.9989494497e-04,2.7967541465e-01
448.000000,9.9927003120e-04,2.6801590612e-01
448.050000,9.9970344070e-04,2.7591174799e-01
448.100000,1.0003109378e-03,2.6135435699e-01
448.150000,9.9947505876e-04,2.7548243878e-01
448.200000,1.0010570394e-03,2.6612641666e-01
448.250000,1.0015009416e-03,2.6805358804e-01
448.300000,1.0009532021e-03,2.7370599729e-01
448.350000,9.9933808631e-04,2.7212641387e-01
448.400000,1.0011658906e-03,2.6620231145e-01
448.450000,1.0004387003e-03,2.7599883909e-01
448.500000,1.0006791760e-03,2.7415461394e-01
448.550000,1.0008742748e-03,2.6623179722e-01
448.600000,1.0002025217e-03,2.6923497255e-01
448.650000,9.9853344907e-04,2.7643481469e-01
448.700000,9.9865267105e-04,2.7598623004e-01
448.750000,1.0010867208e-03,2.7641668154e-01
448.800000,9.9929389493e-04,2.7619581520e-01
448.850000,1.0006362085e-03,2.7840667604e-01
448.900000,9.9879475299e-04,2.7335329772e-01
448.950000,1.0003870909e-03,2.6850336772e-01
449.000000,1.0004151203e-03,2.7029488652e-01
449.050000,9.9985329111e-04,2.7138325813e-01
449.100000,9.9943636361e-04,2.8331687834e-01
449.150000,1.0009283297e-03,2.6787408362e-01
449.200000,9.9882962711e-04,2.7087363016e-01
449.250000,1.0005915457e-03,2.7507328700e-01
449.300000,9.9897792962e-04,2.6365308234e-01
449.350000,9.9938936679e-04,2.7381440146e-01
449.400000,1.0003333730e-03,2.7431501688e-01
449.450000,9.9828217530e-04,2.6504016058e-01
449.500000,1.0015300366e-03,2.6858517092e-01
449.550000,9.9937759853e-04,2.6919714119e-01
449.600000,9.9856195902e-04,2.7542405388e-01
449.650000,1.0002780800e-03,2.6806877302e-01
449.700000,9.9993230231e-04,2.6416658205e-01
449.750000,1.0008262158e-03,2.7850244653e-01
449.800000,1.0002593132e-03,2.7947915128e-01
449.850000,9.9992547722e-04,2.7494431366e-01
449.900000,1.0010465542e-03,2.7135060728e-01
449.950000,9.9978562765e-04,2.7234578966e-01
450.000000,9.9877088396e-04,2.6571853072e-01
450.050000,1.0012926758e-03,2.7259725178e-01
450.100000,9.9763823700e-04,2.7590722083e-01
450.150000,9.9967726822e-04,2.7522220484e-01
450.200000,9.9990138822e-04,2.7731587480e-01
450.250000,9.9971086585e-04,2.6791772717e-01
450.300000,1.0017668596e-03,2.7027886119e-01
450.350000,9.9976944004e-04,2.6442910813e-01
450.400000,9.9979588586e-04,2.7301238937e-01
450.450000,9.9952921946e-04,2.6936400528e-01
450.500000,1.0015995503e-03,2.6880319184e-01
450.550000,1.0007270405e-03,2.7528132228e-01
450.600000,1.0002896314e-03,2.6774053423e-01
450.650000,9.9892705037e-04,2.7107403131e-01
450.700000,1.0003181289e-03,2.6089783337e-01
450.750000,1.0006158513e-03,2.8214195874e-01
450.800000,1.0019906484e-03,2.8245822283e-01
450.850000,1.0011671534e-03,2.7639862131e-01
450.900000,1.0000727550e-03,2.6774562543e-01
450.950000,1.0004221739e-03,2.7055095037e-01
451.000000,1.0001823298e-03,2.6721211827e-01
451.050000,1.0006823510e-03,2.6980146021e-01
451.100000,1.0012305016e-03,2.7530492601e-01
451.150000,1.0004821117e-03,2.7715783946e-01
451.200000,9.9760835699e-04,2.6704374873e-01
451.250000,9.9990339333e-04,2.6475349388e-01
451.300000,1.0005414717e-03,2.7549640445e-01
451.350000,9.9910416356e-04,2.6739546457e-01
451.400000,1.0009622197e-03,2.7198364995e-01
451.450000,1.0005707603e-03,2.6681680127e-01
451.500000,1.0012057124e-03,2.6497200434e-01
451.550000,1.0010223052e-03,2.7734259580e-01
451.600000,9.9985247012e-04,2.8091536211e-01
451.650000,1.0013588548e-03,2.7240063990e-01
451.700000,1.0001961999e-03,2.7957845313e-01
451.750000,9.9964224701e-04,2.7117061832e-01
451.800000,1.0002315399e-03,2.7665394096e-01
451.850000,1.0004847196e-03,2.6353065937e-01
451.900000,9.9998524285e-04,2.6779873631e-01
451.950000,1.0000671823e-03,2.6356525935e-01
452.000000,1.0008633334e-03,2.7884396612e-01
452.050000,9.9985378425e-04,2.7346855808e-01
452.100000,1.0003382626e-03,2.7691288773e-01
452.150000,9.9939655513e-04,2.7405276401e-01
452.200000,1.0004568727e-03,2.7895662320e-01
452.250000,9.9914083742e-04,2.6931902368e-01
452.300000,1.0011497558e-03,2.7975873368e-01
452.350000,9.9878167005e-04,2.6505371513e-01
452.400000,9.9997759785e-04,2.7178084269e-01
452.450000,1.0006103062e-03,2.7485764405e-01
452.500000,1.0004925168e-03,2.7450955682e-01
452.550000,1.0032162014e-03,2.7079553603e-01
452.600000,1.0001099658e-03,2.7286470237e-01
452.650000,9.9823576488e-04,2.8151756160e-01
452.700000,9.9967694494e-04,2.7154405041e-01
452.750000,9.9973502227e-04,2.7090640345e-01
452.800000,1.0003895546e-03,2.6722096542e-01
452.850000,1.0006907947e-03,2.7222569239e-01
452.900000,1.0010489347e-03,2.7144983812e-01
452.950000,1.0002603256e-03,2.7140718428e-01
453.000000,1.0003679042e-03,2.7069961085e-01
453.050000,9.9988251822e-04,2.7725244327e-01
453.100000,9.9906924199e-04,2.7290469017e-01
453.150000,1.0014085198e-03,2.7298523882e-01
453.200000,1.0001654289e-03,2.7459717957e-01
453.250000,1.0000192727e-03,2.6745975410e-01
453.300000,1.0001042536e-03,2.6761187888e-01
453.350000,1.0006226747e-03,2.6941561473e-01
453.400000,9.9953396822e-04,2.6850400011e-01
453.450000,1.0009856461e-03,2.7002203910e-01
453.500000,1.0005694955e-03,2.6544518345e-01
453.550000,1.0000614797e-03,2.6772985699e-01
453.600000,1.0008788362e-03,2.6936436530e-01
453.650000,1.0012551562e-03,2.5762647705e-01
453.700000,9.9873959153e-04,2.6629830319e-01
453.750000,1.0000752780e-03,2.6487464497e-01
453.800000,1.0008112476e-03,2.7314249386e-01
453.850000,1.0001582306e-03,2.7626574149e-01
453.900000,1.0005110333e-03,2.5855692314e-01
453.950000,1.0000599137e-03,2.7662601892e-01
454.000000,1.0013018205e-03,2.8158339552e-01
454.050000,1.0006547602e-03,2.8688179881e-01
454.100000,1.0011766495e-03,2.7062159904e-01
454.150000,1.0003879514e-03,2.7672839495e-01
454.200000,9.9964179864e-04,2.6762107146e-01
454.250000,9.9980867647e-04,2.7569868018e-01
454.300000,1.0011619200e-03,2.7295823963e-01
454.350000,1.0019345368e-03,2.6738807353e-01
454.400000,1.0000707748e-03,2.7736153399e-01
454.450000,1.0025421440e-03,2.7657249873e-01
454.500000,9.9944929423e-04,2.6914575331e-01
454.550000,1.0002485405e-03,2.6102822330e-01
454.600000,1.0007849742e-03,2.6974060946e-01
454.650000,9.9973065639e-04,2.7468572897e-01
454.700000,9.9962583568e-04,2.6863591548e-01
454.750000,9.9888250357e-04,2.6622479426e-01
454.800000,9.9959708697e-04,2.6360512887e-01
454.850000,1.0015221746e-03,2.7476804106e-01
454.900000,9.9936019365e-04,2.6841853289e-01
454.950000,9.9953660177e-04,2.7257758566e-01
455.000000,9.9966013560e-04,2.7009895102e-01
455.050000,1.0007256469e-03,2.6746553463e-01
455.100000,1.0012125544e-03,2.7444860391e-01
455.150000,1.0000230308e-03,2.7601962588e-01
455.200000,1.0000874013e-03,2.7399444300e-01
455.250000,9.9940724334e-04,2.7734242475e-01
455.300000,1.0006004347e-03,2.6949397964e-01
455.350000,9.9899212272e-04,2.6740951569e-01
455.400000,9.9854743705e-04,2.7089195605e-01
455.450000,1.0001145743e-03,2.7049919981e-01
455.500000,1.0009434291e-03,2.7936229309e-01
455.550000,1.0005125351e-03,2.7747264408e-01
455.600000,9.9892751968e-04,2.7773928612e-01
455.650000,1.0004415171e-03,2.7542060549e-01
455.700000,9.9983085431e-04,2.6862355929e-01
455.750000,9.9985850648e-04,2.7169476753e-01
455.800000,9.9986779149e-04,2.6708556855e-01
455.850000,9.9962202567e-04,2.8023342986e-01
455.900000,1.0003249105e-03,2.7537909008e-01
455.950000,9.9953129185e-04,2.7388212712e-01
456.000000,9.9853672054e-04,2.7235080605e-01
456.050000,1.0016526894e-03,2.6604193659e-01
456.100000,1.0003950770e-03,2.7641565372e-01
456.150000,1.0008339776e-03,2.7851353386e-01
456.200000,1.0003787473e-03,2.7548554668e-01
456.250000,1.0000653518e-03,2.6948085597e-01
456.300000,9.9902669611e-04,2.8676199640e-01
456.350000,1.0003346335e-03,2.7840667119e-01
456.400000,9.9943484922e-04,2.7012409968e-01
456.450000,1.0008042351e-03,2.6464858257e-01
456.500000,1.0001997416e-03,2.7140223897e-01
456.550000,1.0011477672e-03,2.7231532169e-01
456.600000,1.0005235032e-03,2.6989078221e-01
456.650000,9.9945328428e-04,2.6234293711e-01
456.700000,1.0003038712e-03,2.7222630698e-01
456.750000,1.0006943973e-03,2.6864955585e-01
456.800000,9.9989036631e-04,2.7535767036e-01
456.850000,9.9877669221e-04,2.7656155270e-01
456.900000,1.0011341657e-03,2.6992762320e-01
456.950000,1.0013458114e-03,2.6633835687e-01
457.000000,1.0011545375e-03,2.7779849215e-01
457.050000,1.0004079260e-03,2.8604272850e-01
457.100000,9.9850858450e-04,2.6514524490e-01
457.150000,9.9963726416e-04,2.7579156709e-01
457.200000,1.0005296115e-03,2.7412493080e-01
457.250000,1.0008442301e-03,2.7340919964e-01
457.300000,9.9940429437e-04,2.6580119884e-01
457.350000,1.0011098193e-03,2.7053324257e-01
457.400000,9.9935863597e-04,2.7065113564e-01
457.450000,1.0006927214e-03,2.6736085674e-01
457.500000,9.9988551079e-04,2.7203855241e-01
457.550000,1.0018973022e-03,2.6404648667e-01
457.600000,9.9886849839e-04,2.6740384811e-01
457.650000,1.0015556519e-03,2.7489072755e-01
457.700000,1.0010787017e-03,2.7001304903e-01
457.750000,1.0022746044e-03,2.6778987200e-01
457.800000,9.9983063546e-04,2.7562870799e-01
457.850000,1.0005262469e-03,2.6502962197e-01
457.900000,9.9991613758e-04,2.7642831663e-01
457.950000,9.9915768663e-04,2.7745065499e-01
458.000000,9.9909581764e-04,2.6901671709e-01
458.050000,1.0008606076e-03,2.7289030617e-01
458.100000,9.9860222012e-04,2.7333074056e-01
458.150000,1.0003619606e-03,2.7881738021e-01
458.200000,1.0009571637e-03,2.6907461483e-01
458.250000,9.9935567960e-04,2.7681080013e-01
458.300000,9.9968039451e-04,2.7544206320e-01
458.350000,9.9892906691e-04,2.6550883919e-01
458.400000,9.9972251333e-04,2.8367980166e-01
458.450000,1.0021907660e-03,2.6710128637e-01
458.500000,1.0001910223e-03,2.7627801291e-01
458.550000,1.0001515905e-03,2.6873848096e-01
458.600000,1.0008473742e-03,2.6886545769e-01
458.650000,9.9932553571e-04,2.7475174065e-01
458.700000,1.0014426310e-03,2.7599153744e-01
458.750000,9.9939341824e-04,2.6871238094e-01
458.800000,1.0004726199e-03,2.7395515560e-01
458.850000,9.9972975389e-04,2.6604926664e-01
458.900000,9.9982871613e-04,2.6944600661e-01
458.950000,9.9965011091e-04,2.7271100892e-01
459.000000,9.9861908352e-04,2.7482052342e-01
459.050000,1.0012435865e-03,2.7413938220e-01
459.100000,1.0029074731e-03,2.6562406377e-01
459.150000,1.0016392735e-03,2.6882043589e-01
459.200000,9.9830691312e-04,2.5929079244e-01
459.250000,1.0006069828e-03,2.7318011102e-01
459.300000,1.0007185886e-03,2.6500869850e-01
459.350000,9.9971577013e-04,2.6667859903e-01
459.400000,9.9843439865e-04,2.7475194979e-01
459.450000,9.9990920201e-04,2.7602628908e-01
459.500000,9.9900031458e-04,2.6510412925e-01
459.550000,1.0000155216e-03,2.7586316635e-01
459.600000,1.0012419333e-03,2.7189565733e-01
459.650000,9.9856464799e-04,2.7882584894e-01
459.700000,1.0015480591e-03,2.6612397180e-01
459.750000,1.0018733741e-03,2.6440241817e-01
459.800000,9.9896135263e-04,2.7440467206e-01
459.850000,9.9955855070e-04,2.7694284980e-01
459.900000,1.0001034841e-03,2.7234009925e-01
459.950000,1.0010177612e-03,2.7657297099e-01
460.000000,1.0003372132e-03,2.6614033556e-01
460.050000,1.0006640802e-03,2.7215811042e-01
460.100000,9.9888609713e-04,2.7525830791e-01
460.150000,9.9945746554e-04,2.7039560538e-01
460.200000,1.0000249552e-03,2.7307004307e-01
460.250000,9.9959039869e-04,2.7060454491e-01
460.300000,1.0005177495e-03,2.7113314081e-01
460.350000,1.0012289316e-03,2.7112544365e-01
460.400000,9.9865040000e-04,2.7369875324e-01
460.450000,9.9832750732e-04,2.6967674444e-01
460.500000,9.9983434359e-04,2.6420611150e-01
460.550000,1.0002724395e-03,2.7472908800e-01
460.600000,9.9822247843e-04,2.7243317078e-01
460.650000,9.9867984368e-04,2.6665841060e-01
460.700000,9.9796890219e-04,2.7034578872e-01
460.750000,9.9975509416e-04,2.7961345670e-01
460.800000,1.0002418455e-03,2.8080816802e-01
460.850000,9.9935613268e-04,2.6736222519e-01
460.900000,9.9956361657e-04,2.7922992827e-01
460.950000,1.0003108441e-03,2.6499084225e-01
461.000000,9.9864578030e-04,2.7146141911e-01
461.050000,1.0008785787e-03,2.6059354835e-01
461.100000,1.0004608573e-03,2.7583133961e-01
461.150000,1.0017908957e-03,2.7222212990e-01
461.200000,9.9928041678e-04,2.6470437257e-01
461.250000,9.9891874048e-04,2.7603259185e-01
461.300000,1.0001696245e-03,2.6875622089e-01
461.350000,9.9853842065e-04,2.6769635348e-01
461.400000,9.9932321396e-04,2.6819071263e-01
461.450000,1.0003155438e-03,2.6499089894e-01
461.500000,1.0001836587e-03,2.7866568904e-01
461.550000,9.9975481695e-04,2.7052764327e-01
461.600000,1.0007748571e-03,2.8311897505e-01
461.650000,1.0004370820e-03,2.6946196618e-01
461.700000,9.9957833646e-04,2.7266703036e-01
461.750000,9.9935756482e-04,2.7253535186e-01
461.800000,1.0009676254e-03,2.7771771983e-01
461.850000,1.0011029202e-03,2.6297215009e-01
461.900000,9.9938318453e-04,2.7949348528e-01
461.950000,9.9886216601e-04,2.7354832491e-01
462.000000,1.0009069123e-03,2.7299219502e-01
462.050000,1.0005597093e-03,2.7799881938e-01
462.100000,9.9971283893e-04,2.7163258282e-01
462.150000,9.9797964296e-04,2.7444861715e-01
462.200000,1.0016812122e-03,2.6958736987e-01
462.250000,1.0002279595e-03,2.7320027164e-01
462.300000,9.9902982245e-04,2.7534835743e-01
462.350000,9.9955551956e-04,2.6865921259e-01
462.400000,9.9986396633e-04,2.7135737612e-01
462.450000,9.9979626171e-04,2.6521966069e-01
462.500000,9.9974677781e-04,2.7282506672e-01
462.550000,9.9903856749e-04,2.6934859401e-01
462.600000,1.0001163479e-03,2.7098659738e-01
462.650000,9.9988824000e-04,2.7511035745e-01
462.700000,1.0005214241e-03,2.6974420358e-01
462.750000,1.0009730071e-03,2.6526695124e-01
462.800000,9.9930352542e-04,2.7798372808e-01
462.850000,1.0020104925e-03,2.6854855019e-01
462.900000,9.9916335018e-04,2.6981045458e-01
462.950000,1.0005665283e-03,2.7126579094e-01
463.000000,9.9917888192e-04,2.7342925922e-01
463.050000,1.0003680564e-03,2.7221123931e-01
463.100000,1.0036752293e-03,2.6452933932e-01
463.150000,1.0012932665e-03,2.7679576658e-01
463.200000,9.9926795869e-04,2.7613037178e-01
463.250000,9.9822547793e-04,2.7520614011e-01
463.300000,9.9968021013e-04,2.8162845920e-01
463.350000,1.0003724685e-03,2.7356120736e-01
463.400000,9.9937046755e-04,2.7194203196e-01
463.450000,1.0001080670e-03,2.6460897480e-01
463.500000,9.9862219754e-04,2.6837245816e-01
463.550000,9.9985729042e-04,2.8313437147e-01
463.600000,9.9961031951e-04,2.7712161023e-01
463.650000,9.9822304147e-04,2.7142996097e-01
463.700000,1.0008137712e-03,2.7742008373e-01
463.750000,9.9833998611e-04,2.6627970678e-01
463.800000,9.9948375821e-04,2.7823664958e-01
463.850000,1.0011401069e-03,2.7647804011e-01
463.900000,9.9873581225e-04,2.7879084414e-01
463.950000,9.9934524370e-04,2.6597023414e-01
464.000000,1.0013242047e-03,2.6978220121e-01
464.050000,1.0010991318e-03,2.6820872865e-01
464.100000,1.0006848760e-03,2.7282875083e-01
464.150000,9.9929575322e-04,2.7139691842e-01
464.200000,9.9920212596e-04,2.7333922328e-01
464.250000,9.9972040530e-04,2.6437691865e-01
464.300000,9.9846301460e-04,2.7470273060e-01
464.350000,1.0003621323e-03,2.6832415327e-01
464.400000,9.9917642530e-04,2.7255652468e-01
464.450000,1.0008733205e-03,2.7079597615e-01
464.500000,9.9967605604e-04,2.7665429058e-01
464.550000,9.9806497825e-04,2.7068633537e-01
464.600000,1.0004367644e-03,2.7190511423e-01
464.650000,9.9969866260e-04,2.7621253355e-01
464.700000,9.9959327137e-04,2.7054528918e-01
464.750000,1.0012309701e-03,2.7280928678e-01
464.800000,9.9946014227e-04,2.7742956896e-01
464.850000,9.9946761381e-04,2.5974456061e-01
464.900000,1.0001975143e-03,2.7217529453e-01
464.950000,9.9874756681e-04,2.8187014020e-01
465.000000,1.0007279929e-03,2.7054200927e-01
465.050000,1.0004577783e-03,2.7175186897e-01
465.100000,9.9979209902e-04,2.7135467276e-01
465.150000,9.9897151933e-04,2.6837734692e-01
465.200000,9.9952515731e-04,2.6769256778e-01
465.250000,1.0007011929e-03,2.7252416062e-01
465.300000,1.0018589814e-03,2.6343775604e-01
465.350000,1.0017936610e-03,2.6948833866e-01
465.400000,9.9984634794e-04,2.6968304371e-01
465.450000,9.9968018482e-04,2.7272791062e-01
465.500000,9.9902041813e-04,2.7888048119e-01
465.550000,9.9997346565e-04,2.6882419257e-01
465.600000,9.9883971342e-04,2.6191848634e-01
465.650000,9.9971584996e-04,2.6832397212e-01
465.700000,1.0017702928e-03,2.6566310586e-01
465.750000,1.0005933364e-03,2.7317827478e-01
465.800000,9.9950395965e-04,2.6562708575e-01
465.850000,1.0002654613e-03,2.7692005461e-01
465.900000,9.9898016563e-04,2.6337101579e-01
465.950000,9.9831483974e-04,2.6134940480e-01
466.000000,1.0002787263e-03,2.7337124533e-01
466.050000,9.9859060934e-04,2.7529127107e-01
466.100000,9.9886977255e-04,2.8268296608e-01
466.150000,9.9907949350e-04,2.7375637743e-01
466.200000,9.9935299103e-04,2.7691635959e-01
466.250000,1.0001624270e-03,2.6905508575e-01
466.300000,9.9937008563e-04,2.6883681871e-01
466.350000,9.9950319777e-04,2.7060643084e-01
466.400000,1.0005344325e-03,2.7727050760e-01
466.450000,9.9918083513e-04,2.8779553803e-01
466.500000,9.9952772769e-04,2.7413500306e-01
466.550000,9.9981785491e-04,2.5840906217e-01
466.600000,1.0010440644e-03,2.7379495266e-01
466.650000,1.0017215778e-03,2.7012849940e-01
466.700000,1.0005924780e-03,2.6151603455e-01
466.750000,1.0000715961e-03,2.7288142578e-01
466.800000,1.0017090919e-03,2.6880674071e-01
466.850000,1.0000912923e-03,2.7638061570e-01
466.900000,1.0006088612e-03,2.6399281286e-01
466.950000,1.0017452663e-03,2.7536385944e-01
467.000000,1.0004551878e-03,2.7642341963e-01
467.050000,1.0009851149e-03,2.7064730866e-01
467.100000,9.9833643186e-04,2.7854608928e-01
467.150000,1.0003528667e-03,2.7239877651e-01
467.200000,1.0001089418e-03,2.7212554299e-01
467.250000,9.9970810570e-04,2.6819418668e-01
467.300000,1.0007886996e-03,2.7645165636e-01
467.350000,1.0021213844e-03,2.6282513797e-01
467.400000,9.9906301903e-04,2.6953466894e-01
467.450000,9.9922318032e-04,2.6903054603e-01
467.500000,1.0005796173e-03,2.8295962536e-01
467.550000,1.0007234431e-03,2.6957231215e-01
467.600000,9.9910475367e-04,2.6818680329e-01
467.650000,9.9919664971e-04,2.6825167847e-01
467.700000,1.0000174142e-03,2.7413827612e-01
467.750000,1.0010232829e-03,2.6468261040e-01
467.800000,1.0001519111e-03,2.7238120812e-01
467.850000,9.9945777390e-04,2.6750350705e-01
467.900000,1.0014537798e-03,2.7897333528e-01
467.950000,1.0001674698e-03,2.7478553819e-01
468.000000,9.9858251573e-04,2.6787193680e-01
468.050000,1.0003940956e-03,2.6915829041e-01
468.100000,1.0023660931e-03,2.7010590540e-01
468.150000,1.0000707008e-03,2.7943174320e-01
468.200000,9.9947599061e-04,2.7323158465e-01
468.250000,1.0008509397e-03,2.7530948325e-01
468.300000,1.0004113253e-03,2.7849730755e-01
468.350000,9.9884097985e-04,2.7874765240e-01
468.400000,1.0005917525e-03,2.7986898847e-01
468.450000,9.9997919587e-04,2.7372090090e-01
468.500000,9.9894207351e-04,2.7379856849e-01
468.550000,9.9936558234e-04,2.7897231115e-01
468.600000,1.0010251692e-03,2.7540785501e-01
468.650000,1.0006102356e-03,2.7902998890e-01
468.700000,1.0001964912e-03,2.7787086553e-01
468.750000,1.0012737440e-03,2.8416945381e-01
468.800000,9.9922036172e-04,2.7342331939e-01
468.850000,9.9873410663e-04,2.8453238294e-01
468.900000,1.0006185816e-03,2.7117773514e-01
468.950000,9.9871622975e-04,2.7186745666e-01
469.000000,1.0006984696e-03,2.6956007799e-01
469.050000,9.9950880169e-04,2.6751201710e-01
469.100000,9.9990487843e-04,2.6011621105e-01
469.150000,9.9976325432e-04,2.6847212488e-01
469.200000,9.9724406121e-04,2.7240466607e-01
469.250000,1.0012464560e-03,2.7450857100e-01
469.300000,1.0030165084e-03,2.8066505428e-01
469.350000,9.9999267919e-04,2.6557457449e-01
469.400000,1.0011374182e-03,2.6737249193e-01
469.450000,1.0002720660e-03,2.6913416038e-01
469.500000,1.0002877085e-03,2.7146156035e-01
469.550000,1.0019307990e-03,2.7421404710e-01
469.600000,9.9988262443e-04,2.7331578426e-01
469.650000,9.9941825063e-04,2.6772035067e-01
469.700000,9.9860529050e-04,2.7161234834e-01
469.750000,1.0019458203e-03,2.6996603663e-01
469.800000,1.0010591156e-03,2.6567307315e-01
469.850000,1.0009640827e-03,2.7365738332e-01
469.900000,1.0004133304e-03,2.6971536702e-01
469.950000,1.0002497549e-03,2.6979160133e-01
470.000000,9.9950525785e-04,2.7468990289e-01
470.050000,9.9806751775e-04,2.7669205103e-01
470.100000,9.9790651117e-04,2.8413357872e-01
470.150000,9.9919767508e-04,2.6766173071e-01
470.200000,9.9866922231e-04,2.7719241342e-01
470.250000,9.9920301376e-04,2.7810253490e-01
470.300000,1.0005220884e-03,2.6937888736e-01
470.350000,1.0009812549e-03,2.6819249158e-01
470.400000,9.9959262474e-04,2.7860941369e-01
470.450000,1.0001947902e-03,2.7972603396e-01
470.500000,1.0012817687e-03,2.7734962695e-01
470.550000,9.9881687505e-04,2.7129362257e-01
470.600000,9.9920670220e-04,2.8347328367e-01
470.650000,1.0018286181e-03,2.7481796116e-01
470.700000,1.0016922815e-03,2.7218030365e-01
470.750000,9.9976834074e-04,2.6881071733e-01
470.800000,9.9927164562e-04,2.7683246007e-01
470.850000,9.9775417744e-04,2.6662285705e-01
470.900000,9.9905060358e-04,2.6492710823e-01
470.950000,1.0005982422e-03,2.7945111942e-01
471.000000,1.0008640115e-03,2.7239129832e-01
471.050000,1.0005453116e-03,2.7237558832e-01
471.100000,1.0015700727e-03,2.6661267656e-01
471.150000,1.0011721018e-03,2.6987826704e-01
471.200000,1.0000739102e-03,2.7400662849e-01
471.250000,1.0023497431e-03,2.7810354531e-01
471.300000,1.0004498606e-03,2.6960649178e-01
471.350000,1.0012941492e-03,2.8120813751e-01
471.400000,9.9866688002e-04,2.7894619545e-01
471.450000,1.0014161919e-03,2.7591807077e-01
471.500000,9.9987010509e-04,2.7392788726e-01
471.550000,1.0000445692e-03,2.6661604155e-01
471.600000,9.9851642980e-04,2.6201310942e-01
471.650000,1.0017750342e-03,2.7297554020e-01
471.700000,9.9896949571e-04,2.7516029870e-01
471.750000,1.0000990515e-03,2.7170066020e-01
471.800000,1.0002557766e-03,2.7399828110e-01
471.850000,9.9975265829e-04,2.6584875233e-01
471.900000,9.9984720751e-04,2.7161194946e-01
471.950000,9.9875921778e-04,2.7581439680e-01
472.000000,9.9919776290e-04,2.6899992330e-01
472.050000,1.0008351638e-03,2.6368153564e-01
472.100000,9.9990644785e-04,2.7779563289e-01
472.150000,9.9769299079e-04,2.7080351158e-01
472.200000,9.9822386380e-04,2.6511932014e-01
472.250000,9.9909628762e-04,2.6805424904e-01
472.300000,9.9824895798e-04,2.6634174406e-01
472.350000,9.9946990141e-04,2.6589666375e-01
472.400000,9.9979836599e-04,2.7149336841e-01
472.450000,1.0011840771e-03,2.7750961971e-01
472.500000,1.0012595837e-03,2.6571907905e-01
472.550000,1.0004856778e-03,2.6256787935e-01
472.600000,1.0014806965e-03,2.6740201107e-01
472.650000,1.0005825963e-03,2.7674765900e-01
472.700000,9.9966464701e-04,2.7122736862e-01
472.750000,9.9969141586e-04,2.6821233681e-01
472.800000,1.0007197374e-03,2.7477332798e-01
472.850000,9.9996160198e-04,2.7002709143e-01
472.900000,9.9899378575e-04,2.7088789484e-01
472.950000,1.0011149357e-03,2.6809172884e-01
473.000000,1.0002859453e-03,2.7176740985e-01
473.050000,9.9992178893e-04,2.5762927276e-01
473.100000,1.0006234924e-03,2.6699176827e-01
473.150000,1.0008794973e-03,2.7271003966e-01
473.200000,1.0004016141e-03,2.6789210679e-01
473.250000,9.9893590944e-04,2.7174094743e-01
473.300000,1.0004290094e-03,2.7618754518e-01
473.350000,9.9957503909e-04,2.7223579591e-01
473.400000,9.9885504744e-04,2.7252119068e-01
473.450000,9.9905911709e-04,2.6780693005e-01
473.500000,1.0009139567e-03,2.7328970971e-01
473.550000,9.9937470172e-04,2.6364211149e-01
473.600000,9.9884460910e-04,2.7870726008e-01
473.650000,1.0001623818e-03,2.8139408907e-01
473.700000,1.0004278029e-03,2.6760955225e-01
473.750000,9.9877584558e-04,2.8623546506e-01
473.800000,1.0002694154e-03,2.6622938831e-01
473.850000,9.9987062845e-04,2.7233627376e-01
473.900000,1.0000589033e-03,2.7999786328e-01
473.950000,1.0005748516e-03,2.7446925862e-01
474.000000,9.9930446201e-04,2.8596735948e-01
474.050000,9.9932309673e-04,2.7979969094e-01
474.100000,1.0002802618e-03,2.6745713964e-01
474.150000,9.9871502489e-04,2.6897169216e-01
474.200000,1.0007336747e-03,2.7280082791e-01
474.250000,9.9902304727e-04,2.7391637046e-01
474.300000,1.0005665517e-03,2.7418674918e-01
474.350000,1.0013237199e-03,2.6647253756e-01
474.400000,9.9993279106e-04,2.7983362663e-01
474.450000,9.9952411859e-04,2.7832050234e-01
474.500000,1.0004298487e-03,2.8612513874e-01
474.550000,9.9950776769e-04,2.6745476284e-01
474.600000,9.9918946875e-04,2.7963950053e-01
474.650000,1.0003306307e-03,2.6273771797e-01
474.700000,1.0003674824e-03,2.7477531345e-01
474.750000,1.0004278289e-03,2.6293553991e-01
474.800000,1.0002032520e-03,2.7388712507e-01
474.850000,9.9975534476e-04,2.6816435609e-01
474.900000,9.9721396858e-04,2.7223946539e-01
474.950000,9.9805780287e-04,2.7748186977e-01
475.000000,1.0004402842e-03,2.7446346622e-01
475.050000,9.9759342712e-04,2.6374318518e-01
475.100000,9.9981008341e-04,2.6702922140e-01
475.150000,9.9917411074e-04,2.7142488795e-01
475.200000,9.9916306826e-04,2.6360835361e-01
475.250000,1.0003810404e-03,2.7518315770e-01
475.300000,1.0019499057e-03,2.7671035305e-01
475.350000,9.9975820027e-04,2.7306246271e-01
475.400000,1.0012798659e-03,2.6779401751e-01
475.450000,1.0006855264e-03,2.7354457616e-01
475.500000,1.0021532013e-03,2.7256965968e-01
475.550000,9.9982780067e-04,2.7284642752e-01
475.600000,1.0007002720e-03,2.7231147046e-01
475.650000,9.9980916929e-04,2.7561750543e-01
475.700000,1.0000346548e-03,2.7225638894e-01
475.750000,1.0010580371e-03,2.7622648766e-01
475.800000,9.9801459637e-04,2.6738271737e-01
475.850000,1.0010838652e-03,2.7719810088e-01
475.900000,9.9753682026e-04,2.7292321601e-01
475.950000,1.0000814005e-03,2.7524431272e-01
476.000000,9.9836598626e-04,2.7511756126e-01
476.050000,1.0007412009e-03,2.7180143288e-01
476.100000,9.9898322712e-04,2.7248929462e-01
476.150000,1.0009262585e-03,2.5751489402e-01
476.200000,1.0007872950e-03,2.7800733997e-01
476.250000,1.0016726020e-03,2.7874807550e-01
476.300000,1.0011375931e-03,2.7310335260e-01
476.350000,1.0020592303e-03,2.6760148184e-01
476.400000,9.9964233712e-04,2.7265495743e-01
476.450000,9.9636621040e-04,2.7409651785e-01
476.500000,1.0003869379e-03,2.7126388440e-01
476.550000,9.9972416439e-04,2.8290441352e-01
476.600000,1.0018543049e-03,2.6347251653e-01
476.650000,9.9871212208e-04,2.7920709690e-01
476.700000,9.9928542241e-04,2.7354546809e-01
476.750000,1.0002858338e-03,2.7556733144e-01
476.800000,1.0004660467e-03,2.6378116115e-01
476.850000,1.0015002822e-03,2.7281676493e-01
476.900000,9.9926135266e-04,2.7168379932e-01
476.950000,1.0016241245e-03,2.8367547300e-01
477.000000,9.9953327412e-04,2.6605899618e-01
477.050000,9.9847781869e-04,2.7382830535e-01
477.100000,1.0018360745e-03,2.6898246056e-01
477.150000,9.9817794577e-04,2.7030104893e-01
477.200000,1.0005412994e-03,2.7073190382e-01
477.250000,1.0013641381e-03,2.7609779147e-01
477.300000,9.9976694431e-04,2.7002947031e-01
477.350000,9.9999319322e-04,2.7102763009e-01
477.400000,1.0018458333e-03,2.7300100417e-01
477.450000,1.0000359917e-03,2.6737152827e-01
477.500000,9.9877865950e-04,2.7361477866e-01
477.550000,1.0002635157e-03,2.6995126566e-01
477.600000,1.0014706165e-03,2.7882892643e-01
477.650000,9.9943707792e-04,2.7438028537e-01
477.700000,9.9897048975e-04,2.6539304681e-01
477.750000,1.0006990150e-03,2.7129411768e-01
477.800000,1.0008180313e-03,2.7449771810e-01
477.850000,9.9997877909e-04,2.7402554161e-01
477.900000,9.9855055490e-04,2.6316317451e-01
477.950000,1.0011304652e-03,2.7633071947e-01
478.000000,9.9782385239e-04,2.7838697996e-01
478.050000,9.9960667178e-04,2.7045359065e-01
478.100000,1.0001998912e-03,2.7217644813e-01
478.150000,9.9980841341e-04,2.6031466757e-01
478.200000,9.9937008407e-04,2.7903088541e-01
478.250000,9.9959625450e-04,2.7024399104e-01
478.300000,9.9922609954e-04,2.8333863266e-01
478.350000,1.0007194577e-03,2.7311984493e-01
478.400000,9.9903273261e-04,2.6702905456e-01
478.450000,1.0012928353e-03,2.8098780205e-01
478.500000,1.0010614130e-03,2.6427432271e-01
478.550000,9.9943420480e-04,2.8205479428e-01
478.600000,9.9865548420e-04,2.6967244669e-01
478.650000,1.0002187288e-03,2.7770510995e-01
478.700000,9.9954011316e-04,2.6915147766e-01
478.750000,1.0002425101e-03,2.6863892361e-01
478.800000,9.9950410500e-04,2.8624493296e-01
478.850000,1.0007138630e-03,2.7177181906e-01
478.900000,9.9963399157e-04,2.7606616768e-01
478.950000,9.9790639846e-04,2.6746559102e-01
479.000000,9.9881384784e-04,2.7306579812e-01
479.050000,9.9976765143e-04,2.7454274609e-01
479.100000,1.0003624086e-03,2.7569940458e-01
479.150000,9.9993703392e-04,2.7487195165e-01
479.200000,9.9866842847e-04,2.7993445498e-01
479.250000,9.9997481919e-04,2.7245785312e-01
479.300000,1.0019335248e-03,2.7181753370e-01
479.350000,1.0027608236e-03,2.7146938224e-01
479.400000,1.0003276878e-03,2.7622332714e-01
479.450000,1.0008191078e-03,2.7806160465e-01
479.500000,9.9873895213e-04,2.6390762701e-01
479.550000,1.0008289425e-03,2.8270353616e-01
479.600000,1.0017976250e-03,2.7244355469e-01
479.650000,9.9921558764e-04,2.7272826626e-01
479.700000,9.9911091995e-04,2.6851508540e-01
479.750000,9.9883526157e-04,2.6723690773e-01
479.800000,9.9912318831e-04,2.6837287939e-01
479.850000,9.9938262000e-04,2.6272554266e-01
479.900000,9.9947783097e-04,2.6290255329e-01
479.950000,9.9834123060e-04,2.6738612135e-01
480.000000,9.9929348798e-04,2.7789686420e-01
480.050000,9.9996521107e-04,2.7095159899e-01
480.100000,9.9919713661e-04,2.7511630763e-01
480.150000,1.0000738418e-03,2.6696747661e-01
480.200000,9.9979976485e-04,2.5863571655e-01
480.250000,1.0017636422e-03,2.7521765569e-01
480.300000,9.9937433930e-04,2.6225368963e-01
480.350000,9.9941017877e-04,2.7150735736e-01
480.400000,1.0010295893e-03,2.6370394413e-01
480.450000,1.0004670521e-03,2.7568988918e-01
480.500000,1.0001318309e-03,2.7321242903e-01
480.550000,9.9980728972e-04,2.6804963711e-01
480.600000,1.0014527279e-03,2.7367918294e-01
480.650000,9.9950577324e-04,2.6825906260e-01
480.700000,1.0004416360e-03,2.7438916707e-01
480.750000,1.0010069720e-03,2.6307772443e-01
480.800000,1.0007652926e-03,2.7223029086e-01
480.850000,1.0009641855e-03,2.6250687319e-01
480.900000,9.9666884301e-04,2.6963232249e-01
480.950000,1.0004261164e-03,2.7790640825e-01
481.000000,9.9913127551e-04,2.7110079249e-01
481.050000,1.0019323187e-03,2.6210603181e-01
481.100000,1.0007514933e-03,2.7869772388e-01
481.150000,1.0003702890e-03,2.7386108932e-01
481.200000,9.9895643774e-04,2.7316975856e-01
481.250000,9.9948161117e-04,2.6799045278e-01
481.300000,9.9995715957e-04,2.6354668269e-01
481.350000,1.0003715866e-03,2.6723447482e-01
481.400000,1.0015676972e-03,2.7461049198e-01
481.450000,9.9960462480e-04,2.8190803242e-01
481.500000,1.0007144980e-03,2.6735584746e-01
481.550000,1.0001441364e-03,2.7493703703e-01
481.600000,1.0011553066e-03,2.7380152566e-01
481.650000,9.9971946932e-04,2.6886087801e-01
481.700000,9.9835017397e-04,2.7475215611e-01
481.750000,9.9883825906e-04,2.6512295990e-01
481.800000,1.0003631185e-03,2.6688768359e-01
481.850000,1.0003186030e-03,2.7401792603e-01
481.900000,9.9749016436e-04,2.7005135071e-01
481.950000,1.0007111665e-03,2.7573587885e-01
482.000000,9.9916599638e-04,2.7480436736e-01
482.050000,9.9830516992e-04,2.7245864879e-01
482.100000,9.9936118111e-04,2.6763518978e-01
482.150000,9.9965047100e-04,2.7371633792e-01
482.200000,1.0002845821e-03,2.7110752572e-01
482.250000,9.9947994233e-04,2.7169589632e-01
482.300000,9.9902889007e-04,2.7807697466e-01
482.350000,9.9906663045e-04,2.7056119223e-01
482.400000,1.0003874663e-03,2.6393974966e-01
482.450000,9.9917195476e-04,2.7382879190e-01
482.500000,1.0017742495e-03,2.7613332283e-01
482.550000,9.9776553413e-04,2.7051152153e-01
482.600000,1.0011716473e-03,2.6328126671e-01
482.650000,1.0006868243e-03,2.8226783588e-01
482.700000,9.9996722147e-04,2.6868897918e-01
482.750000,9.9985558740e-04,2.6500513030e-01
482.800000,1.0008098986e-03,2.6342335180e-01
482.850000,1.0016134436e-03,2.6879563461e-01
482.900000,9.9952007728e-04,2.6660849425e-01
482.950000,9.9949209683e-04,2.8461412519e-01
483.000000,9.9984441281e-04,2.6853416933e-01
483.050000,1.0007749198e-03,2.6815128224e-01
483.100000,9.9984955923e-04,2.7568576707e-01
483.150000,9.9982896239e-04,2.6685361370e-01
483.200000,1.0016331454e-03,2.7948227104e-01
483.250000,1.0002225200e-03,2.6671519084e-01
483.300000,9.9934141857e-04,2.7467441504e-01
483.350000,9.9986659523e-04,2.7245102954e-01
483.400000,9.9997868678e-04,2.6861791857e-01
483.450000,9.9822920884e-04,2.8380063166e-01
483.500000,1.0005235116e-03,2.7484172687e-01
483.550000,1.0001175605e-03,2.7987126840e-01
483.600000,1.0017634818e-03,2.6531271824e-01
483.650000,9.9955388209e-04,2.7717739577e-01
483.700000,1.0008905878e-03,2.7266904850e-01
483.750000,1.0002880311e-03,2.6990709121e-01
483.800000,1.0017006206e-03,2.7645531546e-01
483.850000,9.9928091462e-04,2.7407895795e-01
483.900000,1.0004889945e-03,2.7572298461e-01
483.950000,9.9922504654e-04,2.6142927613e-01
484.000000,9.9965997719e-04,2.7345953011e-01
484.050000,1.0000934294e-03,2.6184224554e-01
484.100000,1.0012358293e-03,2.7180840403e-01
484.150000,9.9904932122e-04,2.7350447257e-01
484.200000,1.0017821407e-03,2.7706311865e-01
484.250000,9.9676591644e-04,2.7133111627e-01
484.300000,1.0000592069e-03,2.6867060697e-01
484.350000,9.9993908865e-04,2.6957624741e-01
484.400000,1.0001022674e-03,2.8022311212e-01
484.450000,9.9950277809e-04,2.7054973884e-01
484.500000,9.9813079068e-04,2.7222160144e-01
484.550000,9.9936970440e-04,2.5975562725e-01
484.600000,9.9950895144e-04,2.7481383438e-01
484.650000,9.9889938494e-04,2.6640710852e-01
484.700000,1.0012719941e-03,2.7855470907e-01
484.750000,9.9899147223e-04,2.7422684119e-01
484.800000,1.0009618239e-03,2.7590320710e-01
484.850000,9.9930864068e-04,2.7079088917e-01
484.900000,1.0001786287e-03,2.6053998081e-01
484.950000,1.0010481398e-03,2.6328101377e-01
485.000000,9.9804017174e-04,2.6357287166e-01
485.050000,1.0011347091e-03,2.7767054194e-01
485.100000,1.0003149843e-03,2.7006993037e-01
485.150000,1.0001094883e-03,2.7711235491e-01
485.200000,9.9830793518e-04,2.7499121927e-01
485.250000,1.0006615356e-03,2.6686912399e-01
485.300000,1.0010726361e-03,2.6863260710e-01
485.350000,9.9932748903e-04,2.7904282646e-01
485.400000,1.0005513681e-03,2.6155751462e-01
485.450000,9.9996662924e-04,2.7771161017e-01
485.500000,9.9955423971e-04,2.7172242984e-01
485.550000,9.9939010125e-04,2.6886089071e-01
485.600000,9.9867002430e-04,2.8357962697e-01
485.650000,1.0005349840e-03,2.7218572060e-01
485.700000,1.0018591362e-03,2.7138858980e-01
485.750000,1.0009347250e-03,2.7373017634e-01
485.800000,1.0003228024e-03,2.7145805486e-01
485.850000,1.0007264032e-03,2.7160014411e-01
485.900000,1.0002531992e-03,2.6406777082e-01
485.950000,1.0012114168e-03,2.7942699203e-01
486.000000,9.9970998072e-04,2.6485061114e-01
486.050000,1.0002339704e-03,2.8158675701e-01
486.100000,1.0002158578e-03,2.6359947573e-01
486.150000,1.0012467746e-03,2.7183702769e-01
486.200000,9.9927593490e-04,2.7289654253e-01
486.250000,9.9940824188e-04,2.7243998529e-01
486.300000,9.9963881259e-04,2.7343157697e-01
486.350000,1.0005835189e-03,2.7301223288e-01
486.400000,1.0029742504e-03,2.7525499516e-01
486.450000,9.9932957133e-04,2.7642734634e-01
486.500000,9.9947618100e-04,2.7800345411e-01
486.550000,9.9898082208e-04,2.6784602471e-01
486.600000,9.9813931742e-04,2.6547161316e-01
486.650000,1.0002131072e-03,2.7143202058e-01
486.700000,1.0003233361e-03,2.6733601996e-01
486.750000,9.9998060965e-04,2.7040743809e-01
486.800000,9.9744757153e-04,2.6820265327e-01
486.850000,1.0002066465e-03,2.7638614506e-01
486.900000,1.0010011175e-03,2.6981496803e-01
486.950000,9.9999649732e-04,2.8002243493e-01
487.000000,9.9972938830e-04,2.6673516865e-01
487.050000,1.0009696155e-03,2.6789676802e-01
487.100000,1.0003362117e-03,2.6602626398e-01
487.150000,1.0005109728e-03,2.6746683340e-01
487.200000,9.9984179074e-04,2.7190217648e-01
487.250000,9.9917364149e-04,2.7013714730e-01
487.300000,9.9920371626e-04,2.6770288231e-01
487.350000,9.9822526879e-04,2.7147300239e-01
487.400000,1.0010399688e-03,2.7167988374e-01
487.450000,9.9985379593e-04,2.6454878403e-01
487.500000,1.0008864855e-03,2.5971663243e-01
487.550000,1.0017026568e-03,2.7471101948e-01
487.600000,9.9781445822e-04,2.5999433574e-01
487.650000,9.9962953579e-04,2.7873540987e-01
487.700000,1.0020004427e-03,2.6758157587e-01
487.750000,9.9938710574e-04,2.7357411578e-01
487.800000,1.0001306547e-03,2.7845564709e-01
487.850000,9.9866170171e-04,2.7059571851e-01
487.900000,1.0002361443e-03,2.7100131239e-01
487.950000,9.9952189790e-04,2.7261462565e-01
488.000000,1.0007187748e-03,2.7134921933e-01
488.050000,9.9889630999e-04,2.7504340188e-01
488.100000,1.0001591753e-03,2.7872107364e-01
488.150000,1.0001141060e-03,2.7318907955e-01
488.200000,9.9826815921e-04,2.8185414476e-01
488.250000,9.9968186536e-04,2.7755996794e-01
488.300000,1.0005813021e-03,2.7219880942e-01
488.350000,1.0005716412e-03,2.6928584566e-01
488.400000,1.0010691591e-03,2.6073699540e-01
488.450000,1.0003901399e-03,2.7190172404e-01
488.500000,9.9937013036e-04,2.6206476576e-01
488.550000,9.9940542997e-04,2.7150705939e-01
488.600000,1.0001821208e-03,2.6562696338e-01
488.650000,9.9972009982e-04,2.7927421541e-01
488.700000,1.0007464073e-03,2.7514171719e-01
488.750000,1.0014357332e-03,2.7644166818e-01
488.800000,1.0018221637e-03,2.7365146672e-01
488.850000,1.0000883362e-03,2.7086046798e-01
488.900000,9.9876435179e-04,2.6781489221e-01
488.950000,1.0000646218e-03,2.6927244428e-01
489.000000,9.9897276832e-04,2.6595693488e-01
489.050000,9.9935545533e-04,2.6687055496e-01
489.100000,1.0004137905e-03,2.7228783503e-01
489.150000,9.9985832348e-04,2.7259767323e-01
489.200000,1.0003365515e-03,2.7453390175e-01
489.250000,1.0011179978e-03,2.7246224222e-01
489.300000,1.0007968028e-03,2.6846217555e-01
489.350000,1.0003618630e-03,2.7610403769e-01
489.400000,1.0001735336e-03,2.7175028953e-01
489.450000,1.0006732432e-03,2.6681767601e-01
489.500000,9.9906146048e-04,2.6525208446e-01
489.550000,9.9985188198e-04,2.6761740850e-01
489.600000,1.0008097041e-03,2.7161086658e-01
489.650000,1.0011407802e-03,2.8123854711e-01
489.700000,1.0007425372e-03,2.7915013613e-01
489.750000,9.9906405799e-04,2.6597059334e-01
489.800000,9.9957948287e-04,2.7463836926e-01
489.850000,1.0016378975e-03,2.6997641996e-01
489.900000,1.0006052867e-03,2.7620086246e-01
489.950000,9.9916467530e-04,2.6310663728e-01
490.000000,1.0016314936e-03,2.7503015931e-01
490.050000,1.0005956617e-03,2.6944096961e-01
490.100000,1.0006064880e-03,2.7738799563e-01
490.150000,9.9864190170e-04,2.7498134972e-01
490.200000,9.9990031850e-04,2.7328171360e-01
490.250000,1.0001313425e-03,2.7189889908e-01
490.300000,9.9996779621e-04,2.7434297628e-01
490.350000,9.9933620991e-04,2.7021544341e-01
490.400000,1.0013827314e-03,2.7147719580e-01
490.450000,9.9846085554e-04,2.7525032427e-01
490.500000,9.9958994457e-04,2.6811926350e-01
490.550000,1.0001324326e-03,2.7658136653e-01
490.600000,9.9924406703e-04,2.6874586846e-01
490.650000,1.0001985126e-03,2.6125442681e-01
490.700000,9.9895010735e-04,2.7689562756e-01
490.750000,9.9964380031e-04,2.7280453744e-01
490.800000,9.9890749755e-04,2.6950243319e-01
490.850000,9.9802623033e-04,2.7351379785e-01
490.900000,9.9936106948e-04,2.6044852560e-01
490.950000,1.0009553826e-03,2.7521904203e-01
491.000000,1.0001361308e-03,2.7138247767e-01
491.050000,9.9907878099e-04,2.6669824213e-01
491.100000,1.0000772534e-03,2.6959496590e-01
491.150000,1.0017389239e-03,2.6731673552e-01
491.200000,9.9914818980e-04,2.7183077393e-01
491.250000,9.9960725924e-04,2.7597651512e-01
491.300000,9.9909209148e-04,2.6694270013e-01
491.350000,9.9915654296e-04,2.7369380139e-01
491.400000,1.0010120967e-03,2.7223856713e-01
491.450000,1.0014502075e-03,2.6624026691e-01
491.500000,9.9964927466e-04,2.7416888806e-01
491.550000,9.9811158590e-04,2.7061986236e-01
491.600000,9.9961430019e-04,2.7637765127e-01
491.650000,1.0000946306e-03,2.7493515731e-01
491.700000,1.0004843982e-03,2.7663687378e-01
491.750000,9.9934651278e-04,2.7091018655e-01
491.800000,1.0000451103e-03,2.6712245686e-01
491.850000,9.9987561239e-04,2.8300977496e-01
491.900000,1.0007077308e-03,2.5969540436e-01
491.950000,9.9826127175e-04,2.7471143504e-01
492.000000,1.0003858138e-03,2.8035933279e-01
492.050000,1.0016970898e-03,2.7332511248e-01
492.100000,9.9980723450e-04,2.6846191083e-01
492.150000,1.0020290640e-03,2.6981514656e-01
492.200000,9.9987475821e-04,2.6996637818e-01
492.250000,1.0000270938e-03,2.7156147417e-01
492.300000,9.9761787841e-04,2.6950481829e-01
492.350000,1.0007604948e-03,2.7425903030e-01
492.400000,1.0003946937e-03,2.7186530110e-01
492.450000,9.9961666712e-04,2.7755351493e-01
492.500000,1.0008390411e-03,2.6981092192e-01
492.550000,9.9948101500e-04,2.6983840789e-01
492.600000,9.9953577529e-04,2.6904703471e-01
492.650000,1.0010672048e-03,2.7485700699e-01
492.700000,9.9960010603e-04,2.6948502589e-01
492.750000,9.9992293082e-04,2.6115539750e-01
492.800000,9.9966617809e-04,2.7727188603e-01
492.850000,1.0005365010e-03,2.7960494700e-01
492.900000,9.9933542943e-04,2.6784586089e-01
492.950000,9.9939356282e-04,2.8274049960e-01
493.000000,9.9957961941e-04,2.6306738609e-01
493.050000,1.0001957484e-03,2.6561040892e-01
493.100000,1.0007830217e-03,2.5970090146e-01
493.150000,9.9900466422e-04,2.7594624297e-01
493.200000,9.9866776205e-04,2.7378208229e-01
493.250000,1.0016675303e-03,2.7963012856e-01
493.300000,9.9912929711e-04,2.6964267837e-01
493.350000,9.9960498402e-04,2.6022810876e-01
493.400000,9.9895907277e-04,2.6575843579e-01
493.450000,9.9813559669e-04,2.7596230380e-01
493.500000,9.9996248585e-04,2.7945953019e-01
493.550000,1.0010612080e-03,2.7610329823e-01
493.600000,9.9855650135e-04,2.7597645283e-01
493.650000,9.9974180816e-04,2.6871069939e-01
493.700000,9.9911237070e-04,2.7037579304e-01
493.750000,1.0000124709e-03,2.7595046749e-01
493.800000,9.9866115662e-04,2.6454048861e-01
493.850000,9.9993139340e-04,2.6531483395e-01
493.900000,1.0016748931e-03,2.6779810753e-01
493.950000,1.0007435325e-03,2.7007958068e-01
494.000000,9.9962416013e-04,2.7200711230e-01
494.050000,9.9959443207e-04,2.7010180256e-01
494.100000,9.9863384690e-04,2.7040583379e-01
494.150000,1.0030404473e-03,2.7211290017e-01
494.200000,9.9844638768e-04,2.6746147267e-01
494.250000,9.9950324322e-04,2.7623899394e-01
494.300000,1.0004541971e-03,2.7604938999e-01
494.350000,1.0001029595e-03,2.6968638197e-01
494.400000,1.0002956686e-03,2.7520882421e-01
494.450000,9.9996984366e-04,2.7168615190e-01
494.500000,9.9870944037e-04,2.8407814113e-01
494.550000,9.9897615463e-04,2.6017331394e-01
494.600000,1.0007932020e-03,2.7707823163e-01
494.650000,1.0006413999e-03,2.6195777564e-01
494.700000,1.0008001861e-03,2.7353091743e-01
494.750000,9.9992170640e-04,2.7312609911e-01
494.800000,1.0004517203e-03,2.7453711464e-01
494.850000,1.0005770228e-03,2.6451699753e-01
494.900000,9.9994270253e-04,2.7877794794e-01
494.950000,1.0007254989e-03,2.7356209642e-01
495.000000,1.0016454531e-03,2.7728214882e-01
495.050000,1.0003676628e-03,2.7198782546e-01
495.100000,9.9946567411e-04,2.7621698668e-01
495.150000,9.9987113152e-04,2.7294977776e-01
495.200000,1.0005508591e-03,2.8039318701e-01
495.250000,9.9901929648e-04,2.7112228132e-01
495.300000,1.0002162777e-03,2.8126601985e-01
495.350000,9.9992438047e-04,2.5997584134e-01
495.400000,9.9975855587e-04,2.7594207378e-01
495.450000,1.0011858644e-03,2.7225002915e-01
495.500000,9.9952058121e-04,2.7514730423e-01
495.550000,9.9888493043e-04,2.7708668130e-01
495.600000,9.9957767694e-04,2.7143481901e-01
495.650000,9.9880615383e-04,2.7661630455e-01
495.700000,9.9995251163e-04,2.6878578680e-01
495.750000,1.0022640781e-03,2.7176240833e-01
495.800000,9.9938193346e-04,2.7661886005e-01
495.850000,1.0006631934e-03,2.7476125890e-01
495.900000,9.9894449989e-04,2.7421144841e-01
495.950000,9.9898436516e-04,2.5923177085e-01
496.000000,1.0001960507e-03,2.6933485838e-01
496.050000,9.9980545505e-04,2.7358610217e-01
496.100000,9.9977984662e-04,2.6711315659e-01
496.150000,1.0007141823e-03,2.7056750832e-01
496.200000,9.9997353246e-04,2.6978015161e-01
496.250000,9.9714599879e-04,2.7878768137e-01
496.300000,9.9920057015e-04,2.7554606771e-01
496.350000,1.0003452754e-03,2.8952877249e-01
496.400000,9.9878307317e-04,2.6901029845e-01
496.450000,9.9987464140e-04,2.6716055417e-01
496.500000,1.0004566741e-03,2.6809608968e-01
496.550000,1.0010121228e-03,2.6799918926e-01
496.600000,1.0015471693e-03,2.7206361567e-01
496.650000,9.9842884906e-04,2.6596257469e-01
496.700000,1.0001281535e-03,2.7402079045e-01
496.750000,1.0019070257e-03,2.7562003306e-01
496.800000,1.0000566670e-03,2.8102941768e-01
496.850000,1.0000918993e-03,2.7631493497e-01
496.900000,9.9942910437e-04,2.6907544904e-01
496.950000,1.0002633426e-03,2.7374931686e-01
497.000000,9.9966995666e-04,2.8366599658e-01
497.050000,9.9965866337e-04,2.7622096899e-01
497.100000,1.0017869332e-03,2.7930647771e-01
497.150000,1.0000445718e-03,2.6858583009e-01
497.200000,1.0015386852e-03,2.6288815536e-01
497.250000,9.9823813961e-04,2.7521737039e-01
497.300000,9.9932072785e-04,2.5950533647e-01
497.350000,1.0007030814e-03,2.5800856086e-01
497.400000,1.0017567632e-03,2.7457141009e-01
497.450000,9.9915531826e-04,2.6168273026e-01
497.500000,1.0008817174e-03,2.7837192532e-01
497.550000,9.9842301544e-04,2.7849776102e-01
497.600000,1.0000928196e-03,2.6344856416e-01
497.650000,1.0001329485e-03,2.7168940286e-01
497.700000,9.9740300271e-04,2.7768413134e-01
497.750000,1.0011482989e-03,2.7560994414e-01
497.800000,9.9878619463e-04,2.7418928151e-01
497.850000,1.0001562266e-03,2.6605519495e-01
497.900000,9.9979662241e-04,2.7448272184e-01
497.950000,1.0005969566e-03,2.6513114012e-01
498.000000,1.0005121875e-03,2.6912155197e-01
498.050000,9.9909669595e-04,2.7710542924e-01
498.100000,9.9973866603e-04,2.6655345550e-01
498.150000,1.0000241341e-03,2.7264209326e-01
498.200000,1.0004153236e-03,2.6877939748e-01
498.250000,1.0002668030e-03,2.7244012505e-01
498.300000,9.9931197136e-04,2.7378112547e-01
498.350000,9.9765529050e-04,2.7542648495e-01
498.400000,9.9839385291e-04,2.6557281337e-01
498.450000,1.0016867056e-03,2.7310817394e-01
498.500000,9.9906108705e-04,2.7774375385e-01
498.550000,1.0004291414e-03,2.7760651913e-01
498.600000,1.0006570972e-03,2.7949485531e-01
498.650000,1.0007776799e-03,2.7450981498e-01
498.700000,1.0002764431e-03,2.7267416856e-01
498.750000,1.0000486828e-03,2.7294776119e-01
498.800000,1.0008636038e-03,2.7744205888e-01
498.850000,1.0017899361e-03,2.7888335928e-01
498.900000,1.0021350014e-03,2.7292465341e-01
498.950000,9.9894226852e-04,2.6894886365e-01
499.000000,1.0017263086e-03,2.7768343536e-01
499.050000,9.9952376798e-04,2.7530254339e-01
499.100000,9.9962412750e-04,2.6592992497e-01
499.150000,9.9762735707e-04,2.7442848149e-01
499.200000,9.9956411528e-04,2.7597736853e-01
499.250000,1.0009495823e-03,2.6792362046e-01
499.300000,9.9964543166e-04,2.6738505376e-01
499.350000,1.0004140541e-03,2.7430273526e-01
499.400000,1.0000822325e-03,2.7201802318e-01
499.450000,1.0018798809e-03,2.7199467348e-01
499.500000,9.9959720888e-04,2.6554917214e-01
499.550000,9.9944432119e-04,2.6535423110e-01
499.600000,1.0008472313e-03,2.7178809111e-01
499.650000,1.0001651885e-03,2.7747328612e-01
499.700000,1.0012111109e-03,2.6458297361e-01
499.750000,9.9910661131e-04,2.6672614031e-01
499.800000,1.0002112676e-03,2.7104489626e-01
499.850000,1.0006328840e-03,2.7227800929e-01
499.900000,9.9989949270e-04,2.7587607574e-01
499.950000,9.9995681256e-04,2.7921363930e-01
500.000000,1.0007030062e-03,2.7871733668e-01
500.050000,9.9870574692e-04,2.8385418204e-01
500.100000,1.0015617896e-03,2.6481352055e-01
500.150000,1.0015459560e-03,2.7224183406e-01
500.200000,1.0007714122e-03,2.7344166272e-01
500.250000,9.9995280253e-04,2.7572746123e-01
500.300000,1.0002052228e-03,2.6959232361e-01
500.350000,9.9910563933e-04,2.7134804210e-01
500.400000,1.0007413052e-03,2.7008772470e-01
500.450000,9.9957976616e-04,2.7405842341e-01
500.500000,1.0005538341e-03,2.6646365063e-01
500.550000,1.0008143841e-03,2.7575199044e-01
500.600000,1.0003402872e-03,2.7798928047e-01
500.650000,1.0013664587e-03,2.8300882494e-01
500.700000,9.9734669042e-04,2.6529908679e-01
500.750000,9.9976401951e-04,2.7531550841e-01
500.800000,9.9977825917e-04,2.6960048797e-01
500.850000,9.9946829960e-04,2.6721183549e-01
500.900000,9.9902616820e-04,2.7322373623e-01
500.950000,9.9868294116e-04,2.7442643506e-01
501.000000,9.9784892819e-04,2.6989203313e-01
501.050000,9.9859933216e-04,2.7111537172e-01
501.100000,1.0004340710e-03,2.7073434798e-01
501.150000,9.9983845486e-04,2.7249659107e-01
501.200000,1.0021489325e-03,2.7014502514e-01
501.250000,1.0025330200e-03,2.7085349523e-01
501.300000,9.9945601590e-04,2.6996519734e-01
501.350000,9.9852677888e-04,2.6723058091e-01
501.400000,1.0001379780e-03,2.8439747721e-01
501.450000,1.0010357405e-03,2.6917045324e-01
501.500000,9.9964321356e-04,2.6078958346e-01
501.550000,9.9875670386e-04,2.7524128577e-01
501.600000,1.0002642240e-03,2.6003768022e-01
501.650000,9.9830394919e-04,2.6608136769e-01
501.700000,9.9956045297e-04,2.7151499174e-01
501.750000,1.0006861360e-03,2.8088627014e-01
501.800000,1.0008983985e-03,2.7068699055e-01
501.850000,9.9838285690e-04,2.7288030715e-01
501.900000,9.9887370537e-04,2.6728045631e-01
501.950000,1.0013809244e-03,2.6967229411e-01
502.000000,1.0003728489e-03,2.7089384859e-01
502.050000,1.0005205065e-03,2.6860871126e-01
502.100000,9.9939654008e-04,2.5878817685e-01
502.150000,1.0001755247e-03,2.7230121723e-01
502.200000,1.0004515270e-03,2.7845200478e-01
502.250000,1.0013760099e-03,2.7573252209e-01
502.300000,1.0000191716e-03,2.8230842893e-01
502.350000,1.0005075476e-03,2.7351481198e-01
502.400000,9.9976776463e-04,2.7521008264e-01
502.450000,1.0009245240e-03,2.5918733760e-01
502.500000,9.9812557216e-04,2.6357369791e-01
502.550000,1.0003937873e-03,2.6399499675e-01
502.600000,9.9886209831e-04,2.7285274071e-01
502.650000,1.0013084418e-03,2.7163083810e-01
502.700000,9.9753425822e-04,2.6409671613e-01
502.750000,9.9780137843e-04,2.7800130538e-01
502.800000,9.9958187853e-04,2.7046628388e-01
502.850000,1.0007331858e-03,2.7119200456e-01
502.900000,1.0011350029e-03,2.6315975192e-01
502.950000,1.0000415781e-03,2.7388079901e-01
503.000000,9.9927694102e-04,2.5872199464e-01
503.050000,1.0002311833e-03,2.7895724424e-01
503.100000,1.0019911477e-03,2.7468052298e-01
503.150000,9.9996340149e-04,2.7617591031e-01
503.200000,9.9982409227e-04,2.6722342009e-01
503.250000,9.9957906582e-04,2.7210079111e-01
503.300000,1.0020298631e-03,2.6413634959e-01
503.350000,9.9798625982e-04,2.7590655092e-01
503.400000,1.0019733791e-03,2.6266280124e-01
503.450000,9.9715024001e-04,2.7859430706e-01
503.500000,1.0001877315e-03,2.7660136578e-01
503.550000,9.9876194303e-04,2.6976631832e-01
503.600000,9.9931953383e-04,2.7333592704e-01
503.650000,1.0014654570e-03,2.7538325486e-01
503.700000,9.9807777220e-04,2.7019689373e-01
503.750000,9.9835791257e-04,2.7006591802e-01
503.800000,1.0006902894e-03,2.6010327770e-01
503.850000,1.0008396330e-03,2.6664156159e-01
503.900000,1.0016101159e-03,2.7361403009e-01
503.950000,9.9944111852e-04,2.7257158271e-01
504.000000,9.9945987497e-04,2.6838721158e-01
504.050000,1.0005463579e-03,2.7610832849e-01
504.100000,9.9942877612e-04,2.6929631166e-01
504.150000,1.0005899350e-03,2.8080687175e-01
504.200000,1.0009830440e-03,2.6079445664e-01
504.250000,9.9846291642e-04,2.7801510514e-01
504.300000,1.0001055740e-03,2.7204668240e-01
504.350000,9.9969402159e-04,2.7365564560e-01
504.400000,9.9893089235e-04,2.6624700680e-01
504.450000,1.0012860768e-03,2.7958871528e-01
504.500000,9.9868183763e-04,2.7193835762e-01
504.550000,9.9924217427e-04,2.7735101613e-01
504.600000,9.9993758591e-04,2.7500216321e-01
504.650000,9.9878635873e-04,2.8298548113e-01
504.700000,1.0026216731e-03,2.7493285281e-01
504.750000,9.9872296692e-04,2.7741968475e-01
504.800000,1.0005133361e-03,2.7844044132e-01
504.850000,9.9986277414e-04,2.6929920419e-01
504.900000,1.0001491508e-03,2.7352962616e-01
504.950000,9.9853019563e-04,2.7245906257e-01
505.000000,1.0005176172e-03,2.7307793301e-01
505.050000,1.0013430361e-03,2.7163239991e-01
505.100000,9.9885748665e-04,2.6504979368e-01
505.150000,1.0005907222e-03,2.6863147110e-01
505.200000,9.9952194623e-04,2.7587027879e-01
505.250000,1.0009700841e-03,2.6496690249e-01
505.300000,9.9980770398e-04,2.7313317899e-01
505.350000,1.0001365664e-03,2.6823393363e-01
505.400000,1.0012744194e-03,2.6672130860e-01
505.450000,1.0005281813e-03,2.7185000924e-01
505.500000,9.9959180387e-04,2.7337342626e-01
505.550000,9.9955015356e-04,2.7051436477e-01
505.600000,9.9913649241e-04,2.6384712887e-01
505.650000,1.0005490168e-03,2.7333220892e-01
505.700000,9.9912502062e-04,2.6264617683e-01
505.750000,9.9883785294e-04,2.7629875457e-01
505.800000,9.9995671602e-04,2.7640249956e-01
505.850000,1.0000101322e-03,2.6584784764e-01
505.900000,1.0004703568e-03,2.7342932820e-01
505.950000,1.0002273085e-03,2.8176958174e-01
506.000000,9.9960497174e-04,2.7989384444e-01
506.050000,9.9920313942e-04,2.6484365911e-01
506.100000,1.0004819752e-03,2.6305764165e-01
506.150000,1.0008164147e-03,2.6808928792e-01
506.200000,9.9861143365e-04,2.6344561788e-01
506.250000,1.0002480130e-03,2.7427453095e-01
506.300000,9.9831695193e-04,2.7039975970e-01
506.350000,9.9882049604e-04,2.7413591086e-01
506.400000,9.9950733098e-04,2.8085184447e-01
506.450000,9.9892378546e-04,2.6664307083e-01
506.500000,9.9986645940e-04,2.6523010275e-01
506.550000,9.9970478999e-04,2.7220065666e-01
506.600000,1.0014302719e-03,2.7582368551e-01
506.650000,9.9855550795e-04,2.7883928036e-01
506.700000,1.0022951602e-03,2.7318609556e-01
506.750000,9.9898055621e-04,2.7749551168e-01
506.800000,9.9955245803e-04,2.7274384225e-01
506.850000,9.9986792390e-04,2.7485430804e-01
506.900000,9.9948699571e-04,2.7269248996e-01
506.950000,1.0005589191e-03,2.7074324404e-01
507.000000,1.0002725746e-03,2.7208050153e-01
507.050000,1.0015333295e-03,2.7588288724e-01
507.100000,9.9972656049e-04,2.7301934695e-01
507.150000,9.9948878618e-04,2.7553158083e-01
507.200000,9.9977329732e-04,2.7233802566e-01
507.250000,1.0008096898e-03,2.6763922457e-01
507.300000,9.9963204997e-04,2.7712196689e-01
507.350000,1.0006267620e-03,2.7240750140e-01
507.400000,1.0002913601e-03,2.7543413531e-01
507.450000,9.9815801727e-04,2.6557908465e-01
507.500000,1.0009167474e-03,2.7153541036e-01
507.550000,9.9940731908e-04,2.7216437653e-01
507.600000,9.9878944185e-04,2.7501135660e-01
507.650000,9.9927923449e-04,2.6902780330e-01
507.700000,1.0001490074e-03,2.7031535337e-01
507.750000,1.0011311833e-03,2.6939094644e-01
507.800000,1.0001786653e-03,2.7440759922e-01
507.850000,9.9986986637e-04,2.7121389316e-01
507.900000,9.9954592476e-04,2.7662197165e-01
507.950000,1.0009601037e-03,2.8257282508e-01
508.000000,9.9896521679e-04,2.7402810679e-01
508.050000,9.9899277238e-04,2.7415787719e-01
508.100000,1.0004201898e-03,2.6954113339e-01
508.150000,9.9811373021e-04,2.6749244702e-01
508.200000,1.0001620939e-03,2.7921432870e-01
508.250000,1.0008731501e-03,2.6956156846e-01
508.300000,1.0005938386e-03,2.6246057197e-01
508.350000,9.9963230660e-04,2.7466508239e-01
508.400000,9.9888957086e-04,2.8544892296e-01
508.450000,9.9979827269e-04,2.7642932220e-01
508.500000,1.0005731158e-03,2.7098231463e-01
508.550000,9.9796855203e-04,2.6959265191e-01
508.600000,1.0016373368e-03,2.7019947823e-01
508.650000,1.0001565173e-03,2.7109596799e-01
508.700000,9.9927923234e-04,2.8160891015e-01
508.750000,9.9957069587e-04,2.6427303010e-01
508.800000,1.0004164184e-03,2.7990195558e-01
508.850000,9.9978551080e-04,2.7163699799e-01
508.900000,1.0009975425e-03,2.7620905024e-01
508.950000,9.9931535917e-04,2.7092794434e-01
509.000000,9.9988434049e-04,2.6914183728e-01
509.050000,9.9864721794e-04,2.6183039318e-01
509.100000,1.0003894916e-03,2.6213130798e-01
509.150000,1.0015604419e-03,2.7058903796e-01
509.200000,1.0003475765e-03,2.7964366068e-01
509.250000,9.9935177479e-04,2.7056155152e-01
509.300000,1.0008284090e-03,2.7070252879e-01
509.350000,9.9918508129e-04,2.7309110809e-01
509.400000,1.0019835911e-03,2.7528046803e-01
509.450000,1.0008438776e-03,2.7406946439e-01
509.500000,1.0010656497e-03,2.7944604073e-01
509.550000,1.0006864699e-03,2.7627208822e-01
509.600000,9.9947182135e-04,2.7286399105e-01
509.650000,1.0000262915e-03,2.7691998760e-01
509.700000,1.0004378305e-03,2.7186159564e-01
509.750000,1.0003922216e-03,2.6524232493e-01
509.800000,9.9992553312e-04,2.7468625582e-01
509.850000,1.0001663514e-03,2.7667332603e-01
509.900000,9.9960788656e-04,2.8101738239e-01
509.950000,9.9896989652e-04,2.6902836279e-01
510.000000,9.9951842107e-04,2.6462126932e-01
510.050000,1.0013128155e-03,2.7180692138e-01
510.100000,9.9975058347e-04,2.6436681611e-01
510.150000,9.9962745031e-04,2.7336557586e-01
510.200000,1.0019969074e-03,2.7461383652e-01
510.250000,9.9990832611e-04,2.7190929816e-01
510.300000,9.9873446097e-04,2.7025956204e-01
510.350000,9.9961608997e-04,2.7207983705e-01
510.400000,1.0003949843e-03,2.6893094131e-01
510.450000,1.0004461796e-03,2.7101649942e-01
510.500000,9.9884351398e-04,2.6524215779e-01
510.550000,1.0005952961e-03,2.6834342575e-01
510.600000,9.9997956724e-04,2.7411941424e-01
510.650000,9.9985530361e-04,2.7243217620e-01
510.700000,1.0005807273e-03,2.6410222069e-01
510.750000,9.9964715532e-04,2.7304225708e-01
510.800000,1.0001886127e-03,2.7344648116e-01
510.850000,9.9939379776e-04,2.7577375536e-01
510.900000,1.0002135906e-03,2.7431625959e-01
510.950000,9.9999717871e-04,2.7404709765e-01
511.000000,9.9792605385e-04,2.7169029691e-01
511.050000,9.9954397849e-04,2.6175606978e-01
511.100000,9.9912741262e-04,2.6884916523e-01
511.150000,9.9914752367e-04,2.6141039287e-01
511.200000,9.9886982193e-04,2.6677625931e-01
511.250000,9.9924544818e-04,2.7224395455e-01
511.300000,9.9989413780e-04,2.7028846365e-01
511.350000,9.9963113022e-04,2.6498827921e-01
511.400000,9.9910883713e-04,2.8556183635e-01
511.450000,1.0009897452e-03,2.7313378611e-01
511.500000,1.0001780309e-03,2.7731792904e-01
511.550000,9.9872678293e-04,2.7641865911e-01
511.600000,9.9917783921e-04,2.7694181757e-01
511.650000,9.9849288134e-04,2.7453536763e-01
511.700000,9.9938128268e-04,2.8528556225e-01
511.750000,9.9987868845e-04,2.6531536672e-01
511.800000,1.0007979298e-03,2.6348312743e-01
511.850000,9.9813297181e-04,2.7462365833e-01
511.900000,9.9941404370e-04,2.8600582316e-01
511.950000,9.9885599590e-04,2.7689865192e-01
512.000000,9.9885880255e-04,2.7615956186e-01
512.050000,1.0003830566e-03,2.6514506628e-01
512.100000,9.9995511517e-04,2.7383822465e-01
512.150000,9.9938333221e-04,2.6731733975e-01
512.200000,1.0003989627e-03,2.6873144567e-01
512.250000,9.9896440557e-04,2.7565142180e-01
512.300000,9.9946446909e-04,2.6927225308e-01
512.350000,9.9960835157e-04,2.7237904027e-01
512.400000,9.9846749640e-04,2.7271810339e-01
512.450000,1.0001133065e-03,2.6915336719e-01
512.500000,9.9907781266e-04,2.7258269373e-01
512.550000,9.9972965750e-04,2.7367020782e-01
512.600000,9.9949758025e-04,2.8041656892e-01
512.650000,1.0006899308e-03,2.7506333286e-01
512.700000,1.0013460245e-03,2.7133232984e-01
512.750000,9.9878640173e-04,2.6736002049e-01
512.800000,1.0013337563e-03,2.7255640725e-01
512.850000,9.9915774460e-04,2.7505076456e-01
512.900000,9.9836600543e-04,2.7443713973e-01
512.950000,1.0005930719e-03,2.7397070112e-01
513.000000,1.0012180230e-03,2.7939210622e-01
513.050000,1.0012176764e-03,2.7493572874e-01
513.100000,1.0006031540e-03,2.6830636378e-01
513.150000,9.9821659312e-04,2.7508631763e-01
513.200000,1.0000534650e-03,2.6701901345e-01
513.250000,1.0006288240e-03,2.6994732209e-01
513.300000,9.9862432696e-04,2.7611047765e-01
513.350000,1.0004132726e-03,2.7288287242e-01
513.400000,9.9877812425e-04,2.5478994490e-01
513.450000,9.9950456357e-04,2.7112286684e-01
513.500000,1.0011250512e-03,2.7753553142e-01
513.550000,9.9887193179e-04,2.6272833162e-01
513.600000,9.9880431193e-04,2.6771961633e-01
513.650000,1.0001492379e-03,2.8117583545e-01
513.700000,1.0004560793e-03,2.6779110209e-01
513.750000,1.0003125109e-03,2.9002408074e-01
513.800000,1.0009511944e-03,2.7283324086e-01
513.850000,1.0014669139e-03,2.7736547002e-01
513.900000,1.0012788836e-03,2.7970214540e-01
513.950000,9.9900401899e-04,2.7138602512e-01
514.000000,1.0011830251e-03,2.7672760709e-01
514.050000,9.9935279055e-04,2.7320540469e-01
514.100000,1.0021912896e-03,2.8283961980e-01
514.150000,9.9985206232e-04,2.7403761563e-01
514.200000,9.9876903374e-04,2.6191576089e-01
514.250000,1.0014464579e-03,2.7478168933e-01
514.300000,9.9894202434e-04,2.6636363281e-01
514.350000,9.9982991668e-04,2.7342911383e-01
514.400000,1.0011239588e-03,2.7800730380e-01
514.450000,9.9965413320e-04,2.7363662418e-01
514.500000,1.0006664839e-03,2.7290628903e-01
514.550000,1.0006332674e-03,2.8523796290e-01
514.600000,1.0007314025e-03,2.7532626458e-01
514.650000,1.0006188111e-03,2.7877859693e-01
514.700000,1.0001511979e-03,2.7865664666e-01
514.750000,9.9956506138e-04,2.7719187774e-01
514.800000,9.9910031710e-04,2.7961047207e-01
514.850000,1.0002142968e-03,2.7062337948e-01
514.900000,9.9871023173e-04,2.7208937237e-01
514.950000,1.0017138047e-03,2.7466149472e-01
515.000000,9.9985406560e-04,2.7403212747e-01
515.050000,9.9897211872e-04,2.6871235694e-01
515.100000,9.9904615402e-04,2.7622651462e-01
515.150000,1.0003803433e-03,2.7552974949e-01
515.200000,1.0016499547e-03,2.7397145897e-01
515.250000,1.0005386430e-03,2.7047069437e-01
515.300000,9.9993458655e-04,2.6990470411e-01
515.350000,1.0005220843e-03,2.5588843403e-01
515.400000,1.0010536758e-03,2.7143152877e-01
515.450000,1.0000371179e-03,2.6585065816e-01
515.500000,1.0010127978e-03,2.7417956684e-01
515.550000,1.0008767263e-03,2.7543799203e-01
515.600000,9.9891891579e-04,2.6881630582e-01
515.650000,9.9896565945e-04,2.8277119242e-01
515.700000,9.9993783159e-04,2.7760969887e-01
515.750000,9.9840796020e-04,2.7786870233e-01
515.800000,9.9933048473e-04,2.6355962190e-01
515.850000,1.0005809357e-03,2.6781014801e-01
515.900000,1.0001764320e-03,2.6703966062e-01
515.950000,9.9928504883e-04,2.7325550138e-01
516.000000,1.0001211114e-03,2.7146447632e-01
516.050000,9.9942829863e-04,2.7004771066e-01
516.100000,1.0007012029e-03,2.7222944923e-01
516.150000,1.0003233055e-03,2.8072481221e-01
516.200000,1.0000385749e-03,2.7741622752e-01
516.250000,9.9997810217e-04,2.6289685313e-01
516.300000,1.0004826740e-03,2.5676566845e-01
516.350000,9.9922066903e-04,2.7143113274e-01
516.400000,9.9835729771e-04,2.7135002928e-01
516.450000,1.0009980022e-03,2.7108934745e-01
516.500000,9.9962213923e-04,2.8192326907e-01
516.550000,1.0016700124e-03,2.7721252616e-01
516.600000,1.0003768898e-03,2.6736148032e-01
516.650000,1.0002143975e-03,2.7269660832e-01
516.700000,1.0035474969e-03,2.7034508756e-01
516.750000,9.9962195447e-04,2.6763845916e-01
516.800000,9.9898791728e-04,2.7617655981e-01
516.850000,1.0000110718e-03,2.8326279253e-01
516.900000,1.0006694901e-03,2.7518951753e-01
516.950000,1.0005085612e-03,2.8068277730e-01
517.000000,1.0010921695e-03,2.7508939532e-01
517.050000,9.9957190664e-04,2.7529290121e-01
517.100000,1.0021381452e-03,2.6985789168e-01
517.150000,1.0019615093e-03,2.7584903994e-01
517.200000,1.0008975069e-03,2.7153793429e-01
517.250000,9.9786307988e-04,2.8040795019e-01
517.300000,1.0001428053e-03,2.7229913956e-01
517.350000,1.0002003797e-03,2.6907255453e-01
517.400000,1.0015810639e-03,2.6989539455e-01
517.450000,1.0006492209e-03,2.7204523647e-01
517.500000,1.0002846639e-03,2.7174648603e-01
517.550000,9.9814098259e-04,2.7470368970e-01
517.600000,1.0001923380e-03,2.7727946758e-01
517.650000,1.0001516250e-03,2.6534582519e-01
517.700000,9.9976447049e-04,2.8110043372e-01
517.750000,1.0009230589e-03,2.7298907014e-01
517.800000,1.0001211311e-03,2.7489233568e-01
517.850000,1.0017767765e-03,2.7838686634e-01
517.900000,9.9907050686e-04,2.6656336346e-01
517.950000,9.9930526585e-04,2.7592357632e-01
518.000000,9.9984434113e-04,2.6456069685e-01
518.050000,1.0004436363e-03,2.7114419336e-01
518.100000,1.0008072279e-03,2.8183142556e-01
518.150000,9.9997485485e-04,2.7338051438e-01
518.200000,9.9890732007e-04,2.6579663797e-01
518.250000,1.0003557367e-03,2.7276459128e-01
518.300000,1.0003736904e-03,2.7515008501e-01
518.350000,1.0008009236e-03,2.6793369988e-01
518.400000,1.0022314915e-03,2.7379081650e-01
518.450000,9.9905310828e-04,2.7911963031e-01
518.500000,9.9875149302e-04,2.7342855395e-01
518.550000,9.9969197002e-04,2.7511642612e-01
518.600000,9.9898345775e-04,2.6619619269e-01
518.650000,1.0006993522e-03,2.6817360238e-01
518.700000,9.9966174944e-04,2.6892943955e-01
518.750000,9.9911545461e-04,2.6925297346e-01
518.800000,1.0002374376e-03,2.7531327817e-01
518.850000,1.0000900958e-03,2.7493839295e-01
518.900000,1.0016681507e-03,2.7666107643e-01
518.950000,1.0011702253e-03,2.7605578055e-01
519.000000,1.0011039204e-03,2.6989670597e-01
519.050000,9.9831377628e-04,2.6865626670e-01
519.100000,1.0000301705e-03,2.7274084629e-01
519.150000,9.9896363358e-04,2.6799207933e-01
519.200000,9.9832772753e-04,2.7956451850e-01
519.250000,1.0012363692e-03,2.7190243123e-01
519.300000,9.9940380268e-04,2.7199548057e-01
519.350000,9.9908605152e-04,2.7364743670e-01
519.400000,1.0004331150e-03,2.7222071305e-01
519.450000,9.9973238758e-04,2.7551192826e-01
519.500000,9.9960021867e-04,2.8368539657e-01
519.550000,9.9816500487e-04,2.7691219059e-01
519.600000,9.9947870874e-04,2.7475783265e-01
519.650000,1.0011750015e-03,2.7481299701e-01
519.700000,1.0010080604e-03,2.6761214281e-01
519.750000,1.0002935852e-03,2.6801382900e-01
519.800000,1.0004374466e-03,2.6564066380e-01
519.850000,1.0001793699e-03,2.6765828067e-01
519.900000,9.9978807588e-04,2.7164119493e-01
519.950000,9.9866303015e-04,2.7845124398e-01
520.000000,9.9912667318e-04,2.7273879690e-01
520.050000,1.0001987688e-03,2.7538059780e-01
520.100000,1.0003908392e-03,2.6752746890e-01
520.150000,9.9808040262e-04,2.7165076683e-01
520.200000,9.9898714323e-04,2.6958035107e-01
520.250000,1.0004287734e-03,2.7264708117e-01
520.300000,1.0003793504e-03,2.7643982158e-01
520.350000,1.0001214574e-03,2.8374933208e-01
520.400000,9.9696453013e-04,2.6982567193e-01
520.450000,9.9976908458e-04,2.7877808763e-01
520.500000,1.0014875561e-03,2.7716656408e-01
520.550000,9.9964899458e-04,2.5805505860e-01
520.600000,1.0003602705e-03,2.6464798989e-01
520.650000,1.0006124682e-03,2.6895431641e-01
520.700000,1.0002598699e-03,2.6960139044e-01
520.750000,9.9828803893e-04,2.6761187462e-01
520.800000,9.9920400056e-04,2.7391648326e-01
520.850000,1.0011067867e-03,2.7245162756e-01
520.900000,1.0002240237e-03,2.7953768963e-01
520.950000,1.0014341020e-03,2.8047668449e-01
521.000000,1.0004955857e-03,2.7107584771e-01
521.050000,9.9878825877e-04,2.7891503783e-01
521.100000,1.0006583359e-03,2.7979149219e-01
521.150000,9.9879797038e-04,2.6236392960e-01
521.200000,1.0004812507e-03,2.7637738267e-01
521.250000,1.0002104783e-03,2.6310269753e-01
521.300000,9.9835909652e-04,2.6862809973e-01
521.350000,9.9887328769e-04,2.7406257735e-01
521.400000,1.0004933412e-03,2.7525513257e-01
521.450000,1.0000564173e-03,2.8442807499e-01
521.500000,9.9971806905e-04,2.6779351874e-01
521.550000,1.0005731947e-03,2.7211037236e-01
521.600000,1.0007859461e-03,2.6750758901e-01
521.650000,1.0015121298e-03,2.7147355455e-01
521.700000,9.9907595688e-04,2.6652676180e-01
521.750000,9.9948545200e-04,2.7276407684e-01
521.800000,9.9966734200e-04,2.7627279110e-01
521.850000,1.0002853593e-03,2.7444634467e-01
521.900000,9.9994731491e-04,2.6825723756e-01
521.950000,9.9880123732e-04,2.8449453415e-01
522.000000,9.9979751542e-04,2.6977345043e-01
522.050000,9.9843865638e-04,2.7478139036e-01
522.100000,1.0010390123e-03,2.7965857870e-01
522.150000,9.9877269928e-04,2.6311420844e-01
522.200000,1.0002444265e-03,2.7187004664e-01
522.250000,1.0000093450e-03,2.7538139851e-01
522.300000,1.0019634554e-03,2.8208720364e-01
522.350000,9.9985586795e-04,2.6825139869e-01
522.400000,9.9995020150e-04,2.6325709048e-01
522.450000,1.0000211700e-03,2.6848881164e-01
522.500000,9.9907796929e-04,2.7736962481e-01
522.550000,1.0011415610e-03,2.8200447324e-01
522.600000,9.9964109077e-04,2.7939085215e-01
522.650000,1.0008005967e-03,2.7208985846e-01
522.700000,9.9939267711e-04,2.7959050009e-01
522.750000,1.0006035557e-03,2.7115263841e-01
522.800000,9.9923159711e-04,2.7702264926e-01
522.850000,9.9874812381e-04,2.7140718781e-01
522.900000,1.0006031264e-03,2.8063765237e-01
522.950000,9.9951136599e-04,2.6845631992e-01
523.000000,1.0002323200e-03,2.7191664468e-01
523.050000,9.9975350785e-04,2.7478247546e-01
523.100000,1.0006948726e-03,2.6642542277e-01
523.150000,1.0015141526e-03,2.7110750817e-01
523.200000,9.9859616577e-04,2.7355594411e-01
523.250000,1.0005171721e-03,2.7730008005e-01
523.300000,1.0002569063e-03,2.6925945476e-01
523.350000,9.9926247377e-04,2.6919889696e-01
523.400000,9.9976214378e-04,2.7192533185e-01
523.450000,9.9817358882e-04,2.7085590990e-01
523.500000,9.9958513877e-04,2.8018472314e-01
523.550000,1.0013976544e-03,2.6632040994e-01
523.600000,1.0011097228e-03,2.8165117569e-01
523.650000,1.0007597192e-03,2.7254059297e-01
523.700000,1.0017571602e-03,2.6916278288e-01
523.750000,9.9956329680e-04,2.7708035382e-01
523.800000,1.0000996529e-03,2.7683068439e-01
523.850000,9.9925921595e-04,2.7807145947e-01
523.900000,9.9884907771e-04,2.7632140729e-01
523.950000,9.9888151137e-04,2.7651814897e-01
524.000000,1.0023730516e-03,2.7218514971e-01
524.050000,1.0004198679e-03,2.7445415819e-01
524.100000,9.9947129610e-04,2.6518183262e-01
524.150000,1.0003899099e-03,2.7376496871e-01
524.200000,9.9833679784e-04,2.7910998797e-01
524.250000,1.0023977434e-03,2.6360815108e-01
524.300000,1.0001664064e-03,2.7785934565e-01
524.350000,1.0010045574e-03,2.7484279108e-01
524.400000,9.9944471068e-04,2.6244698110e-01
524.450000,1.0000340381e-03,2.7825056356e-01
524.500000,9.9941158793e-04,2.7723690010e-01
524.550000,1.0000422031e-03,2.6508911588e-01
524.600000,1.0002040492e-03,2.7381932703e-01
524.650000,1.0001682460e-03,2.7554623192e-01
524.700000,1.0006590207e-03,2.7668549067e-01
524.750000,9.9924406147e-04,2.7655109344e-01
524.800000,9.9844987679e-04,2.7046440615e-01
524.850000,1.0010797187e-03,2.7757381252e-01
524.900000,1.0008742553e-03,2.8309293160e-01
524.950000,9.9941974510e-04,2.7332528121e-01
525.000000,9.9958234010e-04,2.6990171205e-01
525.050000,9.9942084361e-04,2.7490178845e-01
525.100000,1.0008632102e-03,2.7325673972e-01
525.150000,9.9975367292e-04,2.7208183355e-01
525.200000,1.0002677819e-03,2.6329041681e-01
525.250000,1.0011106268e-03,2.7183191078e-01
525.300000,1.0005638527e-03,2.7156041713e-01
525.350000,9.9810431605e-04,2.7098195720e-01
525.400000,9.9917412773e-04,2.7769675002e-01
525.450000,9.9999636653e-04,2.7256003316e-01
525.500000,9.9899582284e-04,2.7479263869e-01
525.550000,1.0006127155e-03,2.7621051212e-01
525.600000,9.9886840034e-04,2.7729598504e-01
525.650000,1.0012200861e-03,2.6126951040e-01
525.700000,1.0009774570e-03,2.7942474084e-01
525.750000,9.9830619424e-04,2.7544233268e-01
525.800000,9.9909394472e-04,2.6685143523e-01
525.850000,9.9870845723e-04,2.6780186394e-01
525.900000,9.9974822735e-04,2.6521441735e-01
525.950000,1.0011124812e-03,2.7702232449e-01
526.000000,1.0010776274e-03,2.6793172240e-01
526.050000,1.0001627225e-03,2.8213291499e-01
526.100000,9.9972643667e-04,2.7023871967e-01
526.150000,9.9863742563e-04,2.6502307734e-01
526.200000,9.9965801360e-04,2.7250845480e-01
526.250000,9.9855862922e-04,2.7333828257e-01
526.300000,1.0005456456e-03,2.6829071338e-01
526.350000,1.0004389932e-03,2.7324594587e-01
526.400000,9.9989037974e-04,2.7579847407e-01
526.450000,9.9835863208e-04,2.7026619198e-01
526.500000,1.0008729261e-03,2.7191247547e-01
526.550000,1.0014406395e-03,2.6712709323e-01
526.600000,9.9967781168e-04,2.7199878016e-01
526.650000,9.9986427166e-04,2.7132255965e-01
526.700000,9.9938911697e-04,2.6518182289e-01
526.750000,9.9851641368e-04,2.6258498307e-01
526.800000,1.0015790760e-03,2.6864059712e-01
526.850000,1.0003166112e-03,2.7983216134e-01
526.900000,9.9852147483e-04,2.6821489359e-01
526.950000,1.0003024659e-03,2.5879425424e-01
527.000000,9.9923421115e-04,2.7378923522e-01
527.050000,9.9778442601e-04,2.8054349236e-01
527.100000,9.9997710197e-04,2.6986311191e-01
527.150000,9.9927418002e-04,2.6848303538e-01
527.200000,1.0010184410e-03,2.8520983478e-01
527.250000,1.0001624617e-03,2.7001220187e-01
527.300000,9.9907961182e-04,2.7480838931e-01
527.350000,1.0003847143e-03,2.7501225058e-01
527.400000,1.0011595980e-03,2.7152075815e-01
527.450000,1.0000502300e-03,2.7240318535e-01
527.500000,1.0025552444e-03,2.7664540532e-01
527.550000,1.0006453432e-03,2.7893467173e-01
527.600000,1.0012550598e-03,2.7432098053e-01
527.650000,1.0002524477e-03,2.7664044561e-01
527.700000,9.9980518248e-04,2.7393962060e-01
527.750000,1.0001142412e-03,2.6358917326e-01
527.800000,1.0003754561e-03,2.7556990256e-01
527.850000,1.0008157626e-03,2.7449505896e-01
527.900000,9.9917171250e-04,2.8964603725e-01
527.950000,1.0009590834e-03,2.7454482452e-01
528.000000,9.9873716966e-04,2.6117970814e-01
528.050000,1.0018058164e-03,2.7592257345e-01
528.100000,9.9833297272e-04,2.6828741713e-01
528.150000,9.9883923188e-04,2.6855250124e-01
528.200000,1.0005347142e-03,2.7693016367e-01
528.250000,1.0005932287e-03,2.7468630028e-01
528.300000,9.9885064676e-04,2.7623893399e-01
528.350000,9.9839927044e-04,2.6092072431e-01
528.400000,9.9926325369e-04,2.7041761769e-01
528.450000,1.0000681027e-03,2.7466177004e-01
528.500000,9.9975504900e-04,2.7541764297e-01
528.550000,1.0005375645e-03,2.6815331575e-01
528.600000,1.0000722581e-03,2.6646884637e-01
528.650000,9.9975101558e-04,2.7557399643e-01
528.700000,1.0011167166e-03,2.7601449810e-01
528.750000,1.0001528183e-03,2.6761377426e-01
528.800000,9.9829586722e-04,2.6422439949e-01
528.850000,1.0007459190e-03,2.7703243458e-01
528.900000,1.0002165681e-03,2.5670742134e-01
528.950000,9.9988494586e-04,2.7406937518e-01
529.000000,9.9985630184e-04,2.7192880417e-01
529.050000,9.9894065083e-04,2.7297768979e-01
529.100000,1.0001354724e-03,2.7953541153e-01
529.150000,9.9937916059e-04,2.8094677021e-01
529.200000,9.9996923647e-04,2.7053752060e-01
529.250000,9.9828065121e-04,2.6639191883e-01
529.300000,1.0011011063e-03,2.7060410958e-01
529.350000,1.0000356683e-03,2.6433492321e-01
529.400000,9.9895682034e-04,2.6554426326e-01
529.450000,1.0007301509e-03,2.7881651907e-01
529.500000,1.0001276514e-03,2.7515341305e-01
529.550000,1.0005946553e-03,2.7572105539e-01
529.600000,9.9999359498e-04,2.7793835710e-01
529.650000,1.0005745627e-03,2.6674640001e-01
529.700000,9.9969410413e-04,2.6484303931e-01
529.750000,1.0005466540e-03,2.6775555054e-01
529.800000,9.9857053213e-04,2.6701627075e-01
529.850000,1.0004773897e-03,2.6284745063e-01
529.900000,9.9949800144e-04,2.6979687384e-01
529.950000,9.9908160770e-04,2.7432238346e-01
530.000000,1.0006555534e-03,2.7367844381e-01
530.050000,1.0012574731e-03,2.6572556042e-01
530.100000,1.0003660757e-03,2.8215934488e-01
530.150000,9.9927676937e-04,2.7619768241e-01
530.200000,9.9762394942e-04,2.7232456813e-01
530.250000,9.9937288834e-04,2.5987195281e-01
530.300000,9.9898979525e-04,2.7556072278e-01
530.350000,1.0008712816e-03,2.7639367731e-01
530.400000,9.9947534325e-04,2.7406090287e-01
530.450000,1.0009511441e-03,2.7047628816e-01
530.500000,1.0006501588e-03,2.7443054965e-01
530.550000,9.9982080044e-04,2.7294084769e-01
530.600000,9.9919611430e-04,2.6734276360e-01
530.650000,1.0001110659e-03,2.7000147411e-01
530.700000,9.9979014967e-04,2.7841394298e-01
530.750000,9.9970522925e-04,2.7386929128e-01
530.800000,9.9982424417e-04,2.7830490565e-01
530.850000,9.9992103979e-04,2.7270130691e-01
530.900000,9.9880963371e-04,2.7712083023e-01
530.950000,1.0013678517e-03,2.7015238766e-01
531.000000,1.0002054102e-03,2.7305366610e-01
531.050000,9.9995890031e-04,2.7711950383e-01
531.100000,1.0006605608e-03,2.7350043063e-01
531.150000,1.0003560784e-03,2.6560073488e-01
531.200000,1.0003582535e-03,2.7590304715e-01
531.250000,9.9902144030e-04,2.6286657736e-01
531.300000,9.9896837330e-04,2.6671900960e-01
531.350000,9.9919241646e-04,2.7186716938e-01
531.400000,1.0000298758e-03,2.6851406240e-01
531.450000,1.0004188651e-03,2.7017721257e-01
531.500000,1.0006094046e-03,2.6860668458e-01
531.550000,9.9965382179e-04,2.8219780567e-01
531.600000,9.9968592004e-04,2.7791171184e-01
531.650000,9.9908427723e-04,2.7580102069e-01
531.700000,1.0009693459e-03,2.6981061817e-01
531.750000,9.9888718836e-04,2.6295889492e-01
531.800000,9.9926347523e-04,2.6937163759e-01
531.850000,1.0003054862e-03,2.7254205816e-01
531.900000,9.9927902664e-04,2.6041947985e-01
531.950000,1.0009280669e-03,2.7621521884e-01
532.000000,9.9998276109e-04,2.6224124423e-01
532.050000,9.9970007812e-04,2.8829353140e-01
532.100000,9.9987358426e-04,2.6698192205e-01
532.150000,9.9973193608e-04,2.7483586825e-01
532.200000,9.9970578624e-04,2.7151217256e-01
532.250000,1.0001491078e-03,2.7264299404e-01
532.300000,9.9768543790e-04,2.7328003061e-01
532.350000,9.9902350962e-04,2.7969800189e-01
532.400000,1.0008184750e-03,2.7054563443e-01
532.450000,1.0002366891e-03,2.6747001701e-01
532.500000,1.0017408556e-03,2.8041584859e-01
532.550000,9.9949560417e-04,2.7695029300e-01
532.600000,9.9979591868e-04,2.6763083730e-01
532.650000,1.0005810402e-03,2.6950523895e-01
532.700000,9.9955416826e-04,2.6614437619e-01
532.750000,9.9999637198e-04,2.7589673795e-01
532.800000,1.0007569236e-03,2.6306146176e-01
532.850000,9.9872068185e-04,2.6291390153e-01
532.900000,1.0000722253e-03,2.7406945827e-01
532.950000,9.9909730305e-04,2.8686484602e-01
533.000000,9.9905953147e-04,2.7630986300e-01
533.050000,1.0020606835e-03,2.7425751647e-01
533.100000,1.0014048127e-03,2.7887943043e-01
533.150000,9.9959512853e-04,2.7048032684e-01
533.200000,1.0028163864e-03,2.6841729430e-01
533.250000,9.9947239923e-04,2.8321343454e-01
533.300000,1.0013446313e-03,2.7026710459e-01
533.350000,1.0015489144e-03,2.7885846210e-01
533.400000,9.9938341217e-04,2.7785087097e-01
533.450000,9.9878060630e-04,2.7211657195e-01
533.500000,1.0008147901e-03,2.7075540116e-01
533.550000,9.9848908981e-04,2.7714994123e-01
533.600000,1.0008376635e-03,2.7234200079e-01
533.650000,1.0002705161e-03,2.7563349020e-01
533.700000,9.9895414010e-04,2.6717397584e-01
533.750000,9.9860948578e-04,2.7240426828e-01
533.800000,1.0010281745e-03,2.6636576936e-01
533.850000,9.9940043269e-04,2.7048792754e-01
533.900000,1.0001238380e-03,2.6294684248e-01
533.950000,9.9914386458e-04,2.7647441447e-01
534.000000,1.0012337691e-03,2.6662214011e-01
534.050000,1.0005584374e-03,2.7472431671e-01
534.100000,9.9953643414e-04,2.7325430411e-01
534.150000,9.9998449162e-04,2.7139450976e-01
534.200000,1.0003546787e-03,2.6677092155e-01
534.250000,9.9960755463e-04,2.6979060070e-01
534.300000,1.0024351181e-03,2.7347547036e-01
534.350000,9.9960654755e-04,2.6865260956e-01
534.400000,1.0005335799e-03,2.7118526716e-01
534.450000,1.0023299440e-03,2.7033070054e-01
534.500000,9.9942701085e-04,2.6499542780e-01
534.550000,1.0008592357e-03,2.7110190420e-01
534.600000,9.9989295577e-04,2.7343057359e-01
534.650000,1.0004615270e-03,2.6915523301e-01
534.700000,1.0001088014e-03,2.7877833538e-01
534.750000,1.0006273162e-03,2.6618447014e-01
534.800000,1.0017694047e-03,2.7877941679e-01
534.850000,9.9949078654e-04,2.7970040595e-01
534.900000,9.9972757525e-04,2.6915625857e-01
534.950000,1.0005012711e-03,2.7024809227e-01
535.000000,1.0001434579e-03,2.8049442715e-01
535.050000,1.0001500494e-03,2.7665052676e-01
535.100000,1.0014706966e-03,2.7551617256e-01
535.150000,1.0015123160e-03,2.6977176586e-01
535.200000,9.9962256784e-04,2.6820457342e-01
535.250000,9.9807040309e-04,2.7761404958e-01
535.300000,9.9957814848e-04,2.7268077761e-01
535.350000,9.9961923301e-04,2.7271412662e-01
535.400000,1.0008758988e-03,2.6881952631e-01
535.450000,1.0016479432e-03,2.8171794014e-01
535.500000,9.9970353015e-04,2.7578277651e-01
535.550000,1.0011260588e-03,2.6961398696e-01
535.600000,9.9969668075e-04,2.8055839504e-01
535.650000,1.0006240691e-03,2.7019913011e-01
535.700000,1.0022956642e-03,2.7240852111e-01
535.750000,9.9823279618e-04,2.6573561826e-01
535.800000,9.9996742842e-04,2.7842884823e-01
535.850000,9.9940083994e-04,2.6848895298e-01
535.900000,1.0012201481e-03,2.6856214717e-01
535.950000,1.0009059493e-03,2.7506148582e-01
536.000000,9.9762152122e-04,2.6971766111e-01
536.050000,1.0007901498e-03,2.7557660135e-01
536.100000,1.0005839176e-03,2.7175646871e-01
536.150000,1.0014070707e-03,2.7742386118e-01
536.200000,9.9965314136e-04,2.7324551954e-01
536.250000,1.0004090575e-03,2.6832154805e-01
536.300000,1.0019154535e-03,2.6531101314e-01
536.350000,9.9832538585e-04,2.7430322502e-01
536.400000,9.9931008537e-04,2.7245928744e-01
536.450000,1.0004920965e-03,2.8492776094e-01
536.500000,9.9918394575e-04,2.6725477142e-01
536.550000,9.9983764232e-04,2.6660253004e-01
536.600000,9.9998811307e-04,2.6790656305e-01
536.650000,1.0015624120e-03,2.7746392119e-01
536.700000,1.0016644392e-03,2.7539657417e-01
536.750000,1.0001466811e-03,2.6999919031e-01
536.800000,9.9863908936e-04,2.7276152724e-01
536.850000,1.0006078983e-03,2.7151574561e-01
536.900000,1.0017898046e-03,2.7909728007e-01
536.950000,1.0004977257e-03,2.8568982878e-01
537.000000,9.9984943416e-04,2.7416396772e-01
537.050000,9.9831768166e-04,2.7695064661e-01
537.100000,1.0004947935e-03,2.6933201708e-01
537.150000,9.9997393242e-04,2.6940255124e-01
537.200000,9.9869403822e-04,2.7014195361e-01
537.250000,9.9865723876e-04,2.7395648603e-01
537.300000,1.0000347169e-03,2.6639322947e-01
537.350000,1.0001426016e-03,2.6754762385e-01
537.400000,1.0014591404e-03,2.5847760115e-01
537.450000,9.9918589192e-04,2.7604440647e-01
537.500000,9.9966755629e-04,2.7097622297e-01
537.550000,9.9807260595e-04,2.7376231113e-01
537.600000,1.0008237915e-03,2.7711831332e-01
537.650000,1.0012112395e-03,2.6905627225e-01
537.700000,9.9834781440e-04,2.7953368786e-01
537.750000,9.9951923543e-04,2.7248382527e-01
537.800000,9.9857188739e-04,2.7326795598e-01
537.850000,9.9973509568e-04,2.8140649905e-01
537.900000,9.9926384829e-04,2.7322420264e-01
537.950000,1.0025325305e-03,2.6831373343e-01
538.000000,1.0006727018e-03,2.7978690031e-01
538.050000,9.9948425196e-04,2.7291393182e-01
538.100000,9.9941287341e-04,2.7206435207e-01
538.150000,9.9976714015e-04,2.6588899798e-01
538.200000,9.9862824022e-04,2.7022253095e-01
538.250000,9.9993257142e-04,2.5887971205e-01
538.300000,9.9953495885e-04,2.7111391715e-01
538.350000,9.9926371930e-04,2.7154952356e-01
538.400000,1.0003559207e-03,2.7312131013e-01
538.450000,9.9970897407e-04,2.7820942412e-01
538.500000,9.9919195192e-04,2.6761430428e-01
538.550000,9.9919235752e-04,2.6651689909e-01
538.600000,9.9864080398e-04,2.7540934129e-01
538.650000,1.0016312441e-03,2.8045856898e-01
538.700000,9.9941480839e-04,2.7099838664e-01
538.750000,1.0011121823e-03,2.6956912985e-01
538.800000,9.9991160955e-04,2.6573313148e-01
538.850000,1.0009470193e-03,2.6336703459e-01
538.900000,9.9930796220e-04,2.7008583158e-01
538.950000,9.9944961253e-04,2.8571588745e-01
539.000000,9.9914467269e-04,2.7288038726e-01
539.050000,9.9886869638e-04,2.8181642766e-01
539.100000,9.9990948408e-04,2.7328080765e-01
539.150000,1.0003209092e-03,2.7032675780e-01
539.200000,1.0005681122e-03,2.8304894466e-01
539.250000,9.9837436455e-04,2.6986200131e-01
539.300000,1.0006348861e-03,2.7164802467e-01
539.350000,9.9931593993e-04,2.6816071331e-01
539.400000,9.9923345744e-04,2.7638405530e-01
539.450000,9.9819916066e-04,2.7704087538e-01
539.500000,9.9872133057e-04,2.7675527960e-01
539.550000,9.9992658680e-04,2.7806577502e-01
539.600000,9.9992908466e-04,2.7747843492e-01
539.650000,1.0006641673e-03,2.6908340484e-01
539.700000,1.0002217407e-03,2.7544079883e-01
539.750000,9.9936388786e-04,2.7806589495e-01
539.800000,1.0026972164e-03,2.7792583710e-01
539.850000,9.9742138530e-04,2.6713614806e-01
539.900000,1.0015814418e-03,2.7225175087e-01
539.950000,9.9990456287e-04,2.7475857956e-01
540.000000,9.9838197117e-04,2.6625149582e-01
540.050000,9.9961702734e-04,2.7207619880e-01
540.100000,1.0007580871e-03,2.7613384051e-01
540.150000,9.9960191183e-04,2.7452461863e-01
540.200000,9.9871188247e-04,2.7019288712e-01
540.250000,9.9993732061e-04,2.6671505920e-01
540.300000,1.0018386484e-03,2.6803929934e-01
540.350000,1.0000222219e-03,2.7194601804e-01
540.400000,1.0018028156e-03,2.8188481304e-01
540.450000,9.9990635968e-04,2.7536185003e-01
540.500000,1.0015044897e-03,2.8009479317e-01
540.550000,9.9996668849e-04,2.7426984261e-01
540.600000,9.9955611587e-04,2.7654049638e-01
540.650000,1.0001295826e-03,2.6089715873e-01
540.700000,9.9927811044e-04,2.6847711350e-01
540.750000,1.0000758597e-03,2.7771034661e-01
540.800000,9.9952621198e-04,2.6628782985e-01
540.850000,9.9991386923e-04,2.7522265312e-01
540.900000,1.0006770293e-03,2.6906697786e-01
540.950000,1.0004774843e-03,2.7587074534e-01
541.000000,9.9871211608e-04,2.7546947359e-01
541.050000,9.9940844094e-04,2.7939235949e-01
541.100000,9.9832246700e-04,2.7917818434e-01
541.150000,9.9993738724e-04,2.7397537374e-01
541.200000,1.0012890607e-03,2.7436507252e-01
541.250000,1.0006700886e-03,2.6723677001e-01
541.300000,1.0002459075e-03,2.7608134648e-01
541.350000,1.0007221809e-03,2.7837486088e-01
541.400000,9.9919670212e-04,2.7610792296e-01
541.450000,1.0014318439e-03,2.8310979334e-01
541.500000,9.9898150037e-04,2.7149642787e-01
541.550000,9.9926236001e-04,2.7605602345e-01
541.600000,9.9960601723e-04,2.7263688225e-01
541.650000,9.9947237777e-04,2.7899033237e-01
541.700000,9.9925368773e-04,2.6467181960e-01
541.750000,9.9994725533e-04,2.7218351081e-01
541.800000,1.0003795206e-03,2.7898112783e-01
541.850000,1.0010953309e-03,2.7099076162e-01
541.900000,9.9959391024e-04,2.6489689256e-01
541.950000,9.9883388898e-04,2.7985156493e-01
542.000000,1.0010179749e-03,2.7666898393e-01
542.050000,9.9813892182e-04,2.7584826638e-01
542.100000,1.0003140025e-03,2.7131858723e-01
542.150000,9.9864325397e-04,2.7514236694e-01
542.200000,1.0000877382e-03,2.6600729646e-01
542.250000,1.0011429466e-03,2.7471837162e-01
542.300000,1.0000175170e-03,2.8059800838e-01
542.350000,9.9954952299e-04,2.7179652345e-01
542.400000,9.9941335155e-04,2.7039627977e-01
542.450000,9.9876263005e-04,2.6366461291e-01
542.500000,9.9993672421e-04,2.7300914711e-01
542.550000,1.0005297371e-03,2.6968580603e-01
542.600000,1.0001194130e-03,2.6504127669e-01
542.650000,9.9877374604e-04,2.8320238895e-01
542.700000,9.9918921112e-04,2.7331969787e-01
542.750000,1.0009007976e-03,2.7434293965e-01
542.800000,1.0002008766e-03,2.7772003478e-01
542.850000,1.0004147588e-03,2.7210717335e-01
542.900000,9.9897318321e-04,2.7500477125e-01
542.950000,9.9963845603e-04,2.7104393913e-01
543.000000,1.0009726430e-03,2.7080532889e-01
543.050000,9.9894303719e-04,2.8117618731e-01
543.100000,1.0005701109e-03,2.7899412687e-01
543.150000,9.9914000435e-04,2.7277360719e-01
543.200000,9.9809650331e-04,2.7094308989e-01
543.250000,9.9917081640e-04,2.7734585080e-01
543.300000,9.9913134985e-04,2.7886584086e-01
543.350000,9.9993051835e-04,2.6965270745e-01
543.400000,1.0011233589e-03,2.7015302072e-01
543.450000,9.9999910945e-04,2.7709461356e-01
543.500000,9.9796410691e-04,2.6954869119e-01
543.550000,9.9904462470e-04,2.7116236334e-01
543.600000,1.0010538151e-03,2.6736507734e-01
543.650000,1.0004199799e-03,2.7970389984e-01
543.700000,1.0003438031e-03,2.6809744255e-01
543.750000,9.9850663434e-04,2.6755489741e-01
543.800000,1.0006045890e-03,2.7758121399e-01
543.850000,1.0004414716e-03,2.7737051410e-01
543.900000,1.0002302378e-03,2.7221693019e-01
543.950000,9.9945011209e-04,2.6310836387e-01
544.000000,1.0002786161e-03,2.7794717355e-01
544.050000,1.0015380262e-03,2.7176430088e-01
544.100000,9.9940199954e-04,2.6990682012e-01
544.150000,9.9878762897e-04,2.6628949609e-01
544.200000,1.0023728184e-03,2.7114759228e-01
544.250000,1.0006825945e-03,2.6119867103e-01
544.300000,1.0007424743e-03,2.7303162928e-01
544.350000,9.9982545148e-04,2.7483489056e-01
544.400000,1.0000298485e-03,2.6454064138e-01
544.450000,9.9859525980e-04,2.6653858254e-01
544.500000,1.0008691686e-03,2.7386897269e-01
544.550000,9.9829757252e-04,2.7079855435e-01
544.600000,1.0002494598e-03,2.6271993035e-01
544.650000,9.9954302327e-04,2.6923627623e-01
544.700000,9.9821421572e-04,2.6991762016e-01
544.750000,1.0011093320e-03,2.6710904566e-01
544.800000,9.9954020557e-04,2.6523546790e-01
544.850000,9.9924568629e-04,2.6794064448e-01
544.900000,9.9991038541e-04,2.7780323654e-01
544.950000,9.9926529964e-04,2.6935214908e-01
545.000000,9.9860544385e-04,2.6698997397e-01
545.050000,1.0003835456e-03,2.6481880620e-01
545.100000,1.0006997295e-03,2.7786864655e-01
545.150000,9.9965041399e-04,2.7344880068e-01
545.200000,9.9982888004e-04,2.7598001872e-01
545.250000,1.0010556396e-03,2.7604328390e-01
545.300000,9.9952497654e-04,2.8254769490e-01
545.350000,9.9858786659e-04,2.7186865603e-01
545.400000,1.0001625203e-03,2.7568496808e-01
545.450000,9.9821077614e-04,2.7805453758e-01
545.500000,9.9981366575e-04,2.6432897373e-01
545.550000,1.0005903041e-03,2.6311918986e-01
545.600000,1.0009385331e-03,2.6164497274e-01
545.650000,9.9892524760e-04,2.7580684788e-01
545.700000,1.0005359590e-03,2.6408492759e-01
545.750000,1.0003873658e-03,2.7457727545e-01
545.800000,1.0009651537e-03,2.7589931688e-01
545.850000,9.9972286155e-04,2.7962652464e-01
545.900000,1.0006874285e-03,2.6680558331e-01
545.950000,1.0013636084e-03,2.7398823894e-01
546.000000,9.9980504213e-04,2.6268456082e-01
546.050000,9.9980594829e-04,2.8784652308e-01
546.100000,1.0006366300e-03,2.8015660372e-01
546.150000,9.9957824718e-04,2.6459189549e-01
546.200000,1.0013170756e-03,2.6266991535e-01
546.250000,9.9683879656e-04,2.7522892464e-01
546.300000,9.9957421951e-04,2.6824814053e-01
546.350000,9.9982989898e-04,2.7533408889e-01
546.400000,9.9990661029e-04,2.7296826002e-01
546.450000,9.9843830285e-04,2.6534185192e-01
546.500000,9.9787602070e-04,2.7557519401e-01
546.550000,9.9876582619e-04,2.6664131434e-01
546.600000,9.9890638420e-04,2.7075921372e-01
546.650000,1.0003076026e-03,2.7706200550e-01
546.700000,1.0005773837e-03,2.7664637100e-01
546.750000,1.0008237863e-03,2.6670390275e-01
546.800000,1.0002089252e-03,2.8160794287e-01
546.850000,9.9996129643e-04,2.7729134092e-01
546.900000,1.0010600970e-03,2.8029952930e-01
546.950000,1.0003766689e-03,2.6597710145e-01
547.000000,1.0003807892e-03,2.6518615695e-01
547.050000,1.0001764809e-03,2.7686241462e-01
547.100000,9.9907312768e-04,2.7554812218e-01
547.150000,9.9896318063e-04,2.6273378274e-01
547.200000,1.0005377097e-03,2.7637878332e-01
547.250000,9.9965822360e-04,2.7427148354e-01
547.300000,9.9756177988e-04,2.7301242344e-01
547.350000,9.9977576987e-04,2.7701269053e-01
547.400000,1.0005007760e-03,2.6639649140e-01
547.450000,1.0003528953e-03,2.8521148001e-01
547.500000,9.9971259485e-04,2.7792002764e-01
547.550000,9.9890525220e-04,2.7454998394e-01
547.600000,9.9981901074e-04,2.6683200307e-01
547.650000,9.9969581330e-04,2.6853652031e-01
547.700000,9.9803693234e-04,2.6756843419e-01
547.750000,1.0002867261e-03,2.6723856757e-01
547.800000,1.0007810536e-03,2.7232137945e-01
547.850000,1.0004747427e-03,2.7747868143e-01
547.900000,9.9950771218e-04,2.8094694722e-01
547.950000,1.0015905405e-03,2.6590265143e-01
548.000000,9.9903511203e-04,2.7269342020e-01
548.050000,9.9879077909e-04,2.7362757502e-01
548.100000,1.0002468087e-03,2.7426002503e-01
548.150000,1.0008856377e-03,2.8289318114e-01
548.200000,9.9943401246e-04,2.7101370199e-01
548.250000,1.0003437489e-03,2.8021677206e-01
548.300000,1.0008212363e-03,2.7579346536e-01
548.350000,1.0006131076e-03,2.7619550106e-01
548.400000,1.0005481401e-03,2.7301340522e-01
548.450000,9.9818321343e-04,2.6996564476e-01
548.500000,9.9992691547e-04,2.6294048540e-01
548.550000,9.9799962098e-04,2.7424600786e-01
548.600000,1.0002602875e-03,2.6846476677e-01
548.650000,9.9954686136e-04,2.7542062016e-01
548.700000,1.0024438368e-03,2.7330334567e-01
548.750000,9.9980546680e-04,2.6367450873e-01
548.800000,1.0000269274e-03,2.7204910224e-01
548.850000,1.0010960123e-03,2.7455020357e-01
548.900000,1.0001365095e-03,2.6597886385e-01
548.950000,1.0000417124e-03,2.7773757203e-01
549.000000,1.0004426394e-03,2.6748470433e-01
549.050000,1.0011555625e-03,2.7278526760e-01
549.100000,1.0037253985e-03,2.7001874977e-01
549.150000,9.9944279234e-04,2.5832218800e-01
549.200000,9.9968933067e-04,2.7047331386e-01
549.250000,1.0016369820e-03,2.8098582338e-01
549.300000,1.0009895888e-03,2.7250641444e-01
549.350000,9.9986439622e-04,2.7522615707e-01
549.400000,1.0001604294e-03,2.7599486059e-01
549.450000,1.0013161495e-03,2.6974314133e-01
549.500000,9.9745805508e-04,2.7772861470e-01
549.550000,9.9856224252e-04,2.7637861604e-01
549.600000,9.9909782085e-04,2.7474316401e-01
549.650000,1.0001676716e-03,2.6691143645e-01
549.700000,1.0016340234e-03,2.7907406983e-01
549.750000,9.9970970751e-04,2.7231495569e-01
549.800000,1.0009647770e-03,2.7367493570e-01
549.850000,9.9973682368e-04,2.6607251179e-01
549.900000,1.0001377885e-03,2.8204288588e-01
549.950000,1.0001710418e-03,2.7409566051e-01
550.000000,9.9970876015e-04,2.7403166584e-01
550.050000,9.9898638023e-04,2.7437196919e-01
550.100000,9.9994947739e-04,2.6901780043e-01
550.150000,9.9878089999e-04,2.6801161480e-01
550.200000,1.0002794900e-03,2.7201867231e-01
550.250000,9.9871512175e-04,2.7040253993e-01
550.300000,9.9868935493e-04,2.7815874023e-01
550.350000,9.9898360314e-04,2.7558430602e-01
550.400000,1.0007146123e-03,2.7748839911e-01
550.450000,1.0004717365e-03,2.7470677668e-01
550.500000,1.0001817564e-03,2.7386418000e-01
550.550000,9.9901348094e-04,2.6914175562e-01
550.600000,1.0020461145e-03,2.6839732938e-01
550.650000,9.9942505084e-04,2.7086083610e-01
550.700000,9.9899265074e-04,2.7398113336e-01
550.750000,9.9866013451e-04,2.8046352818e-01
550.800000,9.9867587116e-04,2.7594336716e-01
550.850000,1.0001501682e-03,2.6826182961e-01
550.900000,1.0008904691e-03,2.6456620665e-01
550.950000,1.0013116274e-03,2.7584077552e-01
551.000000,9.9997396938e-04,2.8396389161e-01
551.050000,1.0004907927e-03,2.7021696634e-01
551.100000,9.9979587714e-04,2.7800805300e-01
551.150000,9.9995682287e-04,2.7478885118e-01
551.200000,1.0005669255e-03,2.7167683935e-01
551.250000,9.9927943820e-04,2.6740305867e-01
551.300000,1.0010192657e-03,2.6821386286e-01
551.350000,1.0008285660e-03,2.7830408498e-01
551.400000,1.0006173772e-03,2.7591989568e-01
551.450000,9.9952084633e-04,2.7103236452e-01
551.500000,9.9941508876e-04,2.6987535779e-01
551.550000,9.9856092433e-04,2.7077736596e-01
551.600000,9.9842132845e-04,2.7009919008e-01
551.650000,9.9933370552e-04,2.7227765439e-01
551.700000,1.0003837087e-03,2.6127153589e-01
551.750000,1.0001627918e-03,2.7511038454e-01
551.800000,1.0002249070e-03,2.7814467677e-01
551.850000,1.0001774683e-03,2.6636775241e-01
551.900000,1.0002392167e-03,2.7348808449e-01
551.950000,1.0005126935e-03,2.7724752972e-01
552.000000,1.0000060287e-03,2.7474368340e-01
552.050000,1.0003998625e-03,2.7294838122e-01
552.100000,1.0001198866e-03,2.7565971614e-01
552.150000,1.0008307015e-03,2.6940412543e-01
552.200000,1.0003045405e-03,2.7008205903e-01
552.250000,1.0014641868e-03,2.7327338020e-01
552.300000,1.0008747566e-03,2.7278703104e-01
552.350000,1.0014274576e-03,2.6731402712e-01
552.400000,1.0022149372e-03,2.7096323478e-01
552.450000,1.0007459485e-03,2.7666618664e-01
552.500000,9.9937168854e-04,2.7318076684e-01
552.550000,1.0004724811e-03,2.8311553843e-01
552.600000,9.9960596227e-04,2.7031290245e-01
552.650000,9.9903290950e-04,2.7015400369e-01
552.700000,9.9877916383e-04,2.7379909784e-01
552.750000,9.9826099936e-04,2.7592231580e-01
552.800000,1.0002987767e-03,2.8063663323e-01
552.850000,1.0006971520e-03,2.7118839824e-01
552.900000,1.0003473713e-03,2.7204092186e-01
552.950000,1.0004822664e-03,2.6573453710e-01
553.000000,9.9953056596e-04,2.7353584982e-01
553.050000,1.0004737619e-03,2.7286325048e-01
553.100000,1.0015614224e-03,2.8027677291e-01
553.150000,9.9868449890e-04,2.7327487783e-01
553.200000,1.0008000061e-03,2.7841102199e-01
553.250000,1.0002027289e-03,2.6585696214e-01
553.300000,1.0000843865e-03,2.6101626851e-01
553.350000,1.0024579845e-03,2.7239141994e-01
553.400000,1.0019633712e-03,2.7724015674e-01
553.450000,9.9892716557e-04,2.5538125394e-01
553.500000,1.0009641286e-03,2.7877884629e-01
553.550000,9.9888910515e-04,2.7960791636e-01
553.600000,1.0015580602e-03,2.7954755485e-01
553.650000,9.9876565155e-04,2.6946635762e-01
553.700000,1.0005519561e-03,2.8089819720e-01
553.750000,1.0005675990e-03,2.6967171436e-01
553.800000,9.9964493359e-04,2.7457572548e-01
553.850000,9.9925832997e-04,2.7255194637e-01
553.900000,1.0014960367e-03,2.7436238063e-01
553.950000,9.9928637660e-04,2.7123952019e-01
554.000000,9.9858200168e-04,2.7219116854e-01
554.050000,9.9951322740e-04,2.5136900212e-01
554.100000,9.9888555359e-04,2.7599684325e-01
554.150000,9.9832685647e-04,2.6543553235e-01
554.200000,1.0019269639e-03,2.6520628657e-01
554.250000,9.9930572043e-04,2.6206390334e-01
554.300000,1.0005697654e-03,2.7741962021e-01
554.350000,1.0011618921e-03,2.7754890794e-01
554.400000,9.9960047758e-04,2.6927623470e-01
554.450000,1.0013748563e-03,2.7269756739e-01
554.500000,9.9970689352e-04,2.6111705496e-01
554.550000,9.9828137448e-04,2.5998920157e-01
554.600000,9.9949134803e-04,2.7163423625e-01
554.650000,1.0000620871e-03,2.6361990396e-01
554.700000,1.0015934842e-03,2.6378624441e-01
554.750000,1.0013246062e-03,2.7808820954e-01
554.800000,9.9952877639e-04,2.6985503694e-01
554.850000,1.0006306124e-03,2.6812225129e-01
554.900000,1.0011399683e-03,2.6592921963e-01
554.950000,1.0025191704e-03,2.7319440694e-01
555.000000,9.9927167900e-04,2.6751675046e-01
555.050000,1.0010410192e-03,2.7706829460e-01
555.100000,9.9797259650e-04,2.7102289982e-01
555.150000,1.0016296679e-03,2.6817842867e-01
555.200000,1.0005149058e-03,2.8292748953e-01
555.250000,1.0001129611e-03,2.7015775454e-01
555.300000,1.0015859939e-03,2.6868507299e-01
555.350000,9.9823913741e-04,2.8199552585e-01
555.400000,9.9867482818e-04,2.6867696079e-01
555.450000,9.9969240226e-04,2.8700710286e-01
555.500000,1.0001927436e-03,2.6816497738e-01
555.550000,1.0010860394e-03,2.7427787601e-01
555.600000,9.9975733212e-04,2.6783132459e-01
555.650000,1.0001018841e-03,2.7883925398e-01
555.700000,1.0002662876e-03,2.7487346891e-01
555.750000,9.9800938614e-04,2.7279379063e-01
555.800000,1.0007982769e-03,2.7178565516e-01
555.850000,1.0012899716e-03,2.6860003304e-01
555.900000,1.0010034538e-03,2.7659316852e-01
555.950000,1.0005483320e-03,2.7631690978e-01
556.000000,1.0006967913e-03,2.6876112564e-01
556.050000,1.0008530211e-03,2.7536245896e-01
556.100000,9.9873889507e-04,2.6204631932e-01
556.150000,1.0005991094e-03,2.7771264129e-01
556.200000,9.9776095735e-04,2.6060795781e-01
556.250000,1.0004135711e-03,2.7609335315e-01
556.300000,9.9879931004e-04,2.7826436614e-01
556.350000,1.0012784873e-03,2.7593367751e-01
556.400000,9.9928160127e-04,2.7465111854e-01
556.450000,1.0001676046e-03,2.6748265397e-01
556.500000,9.9821682036e-04,2.6406975452e-01
556.550000,1.0012526037e-03,2.5968957606e-01
556.600000,1.0008051971e-03,2.7087381731e-01
556.650000,1.0004453094e-03,2.7948740927e-01
556.700000,1.0001820215e-03,2.7832237464e-01
556.750000,1.0013668328e-03,2.6218392561e-01
556.800000,1.0000471994e-03,2.5696961367e-01
556.850000,1.0008111891e-03,2.7477945202e-01
556.900000,9.9983928869e-04,2.6202077613e-01
556.950000,9.9817602067e-04,2.6417222502e-01
557.000000,1.0000344184e-03,2.6433855696e-01
557.050000,1.0018498014e-03,2.7037024564e-01
557.100000,9.9824504249e-04,2.8029078235e-01
557.150000,1.0011472176e-03,2.7911156176e-01
557.200000,1.0001019117e-03,2.8478807419e-01
557.250000,1.0003731373e-03,2.7347935942e-01
557.300000,1.0029168006e-03,2.6935812365e-01
557.350000,9.9909009132e-04,2.5954617880e-01
557.400000,1.0015394303e-03,2.7951165503e-01
557.450000,9.9925245206e-04,2.6604903317e-01
557.500000,1.0012808918e-03,2.7672168246e-01
557.550000,1.0006412701e-03,2.6728114902e-01
557.600000,1.0014710684e-03,2.6929856726e-01
557.650000,9.9967705569e-04,2.7396690424e-01
557.700000,1.0009781767e-03,2.6761528989e-01
557.750000,9.9978848483e-04,2.7082626722e-01
557.800000,9.9993307329e-04,2.7561278906e-01
557.850000,9.9989805935e-04,2.7696782924e-01
557.900000,1.0012701909e-03,2.6392903714e-01
557.950000,1.0008574883e-03,2.7621226416e-01
558.000000,9.9950856229e-04,2.6780797405e-01
558.050000,1.0011296049e-03,2.6705802259e-01
558.100000,1.0005605323e-03,2.6222377214e-01
558.150000,9.9929052062e-04,2.6634192909e-01
558.200000,9.9987918325e-04,2.7888964416e-01
558.250000,1.0007244602e-03,2.7163949758e-01
558.300000,9.9892637798e-04,2.6961661446e-01
558.350000,1.0000891401e-03,2.7101148801e-01
558.400000,1.0011328129e-03,2.6794486494e-01
558.450000,1.0007941654e-03,2.6199969010e-01
558.500000,1.0019413628e-03,2.8322254733e-01
558.550000,1.0007739698e-03,2.7710318754e-01
558.600000,9.9939712609e-04,2.6458476172e-01
558.650000,9.9892908572e-04,2.7002980611e-01
558.700000,9.9863725676e-04,2.7113219450e-01
558.750000,9.9869380806e-04,2.7882116997e-01
558.800000,9.9891536100e-04,2.6702732863e-01
558.850000,9.9916588586e-04,2.6662698408e-01
558.900000,9.9940295815e-04,2.6173565319e-01
558.950000,1.0001891645e-03,2.7877906019e-01
559.000000,1.0013402505e-03,2.7463363376e-01
559.050000,1.0023086230e-03,2.7757921556e-01
559.100000,1.0000346136e-03,2.6435548125e-01
559.150000,9.9914758443e-04,2.6916081074e-01
559.200000,9.9986008560e-04,2.7019894591e-01
559.250000,9.9929456673e-04,2.6474204014e-01
559.300000,9.9861025320e-04,2.7230920127e-01
559.350000,1.0011711948e-03,2.7344297060e-01
559.400000,1.0002593200e-03,2.7422565332e-01
559.450000,1.0017525494e-03,2.7971373398e-01
559.500000,9.9918273226e-04,2.6839403324e-01
559.550000,1.0004890321e-03,2.6209849429e-01
559.600000,9.9916008448e-04,2.7894510444e-01
559.650000,1.0010361357e-03,2.7704049056e-01
559.700000,1.0000832224e-03,2.7699087115e-01
559.750000,1.0018892111e-03,2.6504719617e-01
559.800000,9.9945800003e-04,2.6717265947e-01
559.850000,1.0007630931e-03,2.7285909333e-01
559.900000,9.9896556385e-04,2.7360867868e-01
559.950000,1.0012216793e-03,2.5911416793e-01
560.000000,1.0003947387e-03,2.6911271352e-01
560.050000,9.9945788749e-04,2.7143207128e-01
560.100000,1.0010653152e-03,2.7211760763e-01
560.150000,9.9999896677e-04,2.8258599120e-01
560.200000,9.9970805273e-04,2.7564426088e-01
560.250000,9.9920161919e-04,2.7400950619e-01
560.300000,9.9982094653e-04,2.7815637356e-01
560.350000,1.0002130218e-03,2.7410298521e-01
560.400000,9.9931946335e-04,2.7295950817e-01
560.450000,1.0000203723e-03,2.6509781868e-01
560.500000,9.9979800597e-04,2.8059174453e-01
560.550000,1.0005581198e-03,2.7343907069e-01
560.600000,1.0013164880e-03,2.7921767697e-01
560.650000,1.0003224213e-03,2.7670854403e-01
560.700000,1.0005498982e-03,2.7019279869e-01
560.750000,9.9858061015e-04,2.6912702520e-01
560.800000,1.0008481386e-03,2.8265097941e-01
560.850000,1.0025675880e-03,2.7196422517e-01
560.900000,1.0005420525e-03,2.6047701559e-01
560.950000,9.9878639938e-04,2.7251485618e-01
561.000000,1.0004559372e-03,2.6220927506e-01
561.050000,9.9943170715e-04,2.7560224245e-01
561.100000,9.9994385044e-04,2.7056510801e-01
561.150000,9.9905181497e-04,2.5887866162e-01
561.200000,9.9967631192e-04,2.6517291706e-01
561.250000,1.0004675411e-03,2.8019550206e-01
561.300000,1.0017477680e-03,2.6915451781e-01
561.350000,1.0006459716e-03,2.7708524670e-01
561.400000,9.9819916156e-04,2.7168934698e-01
561.450000,1.0002790930e-03,2.7054993166e-01
561.500000,1.0005714454e-03,2.6467327460e-01
561.550000,1.0011193902e-03,2.6728616599e-01
561.600000,9.9974942894e-04,2.8178004185e-01
561.650000,9.9944519234e-04,2.7723983876e-01
561.700000,9.9790634445e-04,2.7043532353e-01
561.750000,9.9863073227e-04,2.6712395224e-01
561.800000,1.0018052431e-03,2.7367800240e-01
561.850000,9.9894274511e-04,2.7728503682e-01
561.900000,1.0003742120e-03,2.7347936817e-01
561.950000,1.0003159033e-03,2.7760276000e-01
562.000000,9.9851736083e-04,2.7170424835e-01
562.050000,9.9972585995e-04,2.7657856790e-01
562.100000,1.0001433023e-03,2.6887316447e-01
562.150000,9.9973236782e-04,2.5764400922e-01
562.200000,9.9803593743e-04,2.6792180041e-01
562.250000,9.9951554853e-04,2.7950124856e-01
562.300000,1.0026643217e-03,2.7826848103e-01
562.350000,9.9991870489e-04,2.6354918891e-01
562.400000,1.0002190788e-03,2.7025472790e-01
562.450000,1.0008531301e-03,2.6694141297e-01
562.500000,1.0002997082e-03,2.7680895431e-01
562.550000,9.9858351578e-04,2.7604419530e-01
562.600000,1.0007731245e-03,2.7713117078e-01
562.650000,9.9970041033e-04,2.7010607385e-01
562.700000,9.9933694522e-04,2.6632250144e-01
562.750000,1.0012131336e-03,2.7092624224e-01
562.800000,9.9987536907e-04,2.7208152918e-01
562.850000,1.0004560542e-03,2.6953985821e-01
562.900000,1.0001676073e-03,2.6714839202e-01
562.950000,9.9929836813e-04,2.7908160202e-01
563.000000,1.0000049321e-03,2.7270771806e-01
563.050000,9.9954218428e-04,2.7616793521e-01
563.100000,1.0009579978e-03,2.7319998935e-01
563.150000,1.0005717555e-03,2.6551737181e-01
563.200000,9.9838157253e-04,2.6091684903e-01
563.250000,1.0001828023e-03,2.7049752804e-01
563.300000,9.9992259216e-04,2.7532566594e-01
563.350000,9.9951247602e-04,2.7045587719e-01
563.400000,1.0024607815e-03,2.7526233280e-01
563.450000,1.0007005837e-03,2.6667494894e-01
563.500000,1.0003501960e-03,2.7166608998e-01
563.550000,1.0011727272e-03,2.7289240394e-01
563.600000,9.9970492179e-04,2.7447746469e-01
563.650000,1.0000851080e-03,2.6899146618e-01
563.700000,1.0000184102e-03,2.6586096609e-01
563.750000,1.0007017562e-03,2.7482380024e-01
563.800000,1.0008199675e-03,2.6847727491e-01
563.850000,1.0000070534e-03,2.7989899433e-01
563.900000,1.0006838723e-03,2.6113908641e-01
563.950000,1.0000720469e-03,2.6862047137e-01
564.000000,9.9953314788e-04,2.6843341984e-01
564.050000,9.9947053642e-04,2.6903141785e-01
564.100000,9.9961315021e-04,2.6896844594e-01
564.150000,1.0006603686e-03,2.7742773434e-01
564.200000,1.0001325652e-03,2.6507989026e-01
564.250000,1.0000215977e-03,2.6771058882e-01
564.300000,9.9923013505e-04,2.7187042293e-01
564.350000,1.0002253913e-03,2.7404079178e-01
564.400000,1.0005569085e-03,2.7382416983e-01
564.450000,9.9968700376e-04,2.6699996426e-01
564.500000,1.0005601855e-03,2.6504652760e-01
564.550000,9.9981952002e-04,2.7401846782e-01
564.600000,9.9894502489e-04,2.6684403519e-01
564.650000,9.9874342521e-04,2.7355541780e-01
564.700000,1.0003677946e-03,2.7289538330e-01
564.750000,9.9907057083e-04,2.6868162541e-01
564.800000,9.9851477099e-04,2.7283358086e-01
564.850000,1.0001529799e-03,2.7100702395e-01
564.900000,1.0017330564e-03,2.7109148321e-01
564.950000,9.9957931774e-04,2.7267406665e-01
565.000000,1.0003034926e-03,2.6970776066e-01
565.050000,9.9966987793e-04,2.7538191217e-01
565.100000,9.9901139102e-04,2.7172763683e-01
565.150000,1.0006843506e-03,2.6280070428e-01
565.200000,9.9939257043e-04,2.7411244290e-01
565.250000,9.9982911549e-04,2.7364914137e-01
565.300000,9.9830289892e-04,2.6273959336e-01
565.350000,1.0001765036e-03,2.7722497407e-01
565.400000,1.0001254069e-03,2.7086615857e-01
565.450000,1.0005353526e-03,2.6985495542e-01
565.500000,1.0011816906e-03,2.7589179657e-01
565.550000,9.9875904741e-04,2.6829737777e-01
565.600000,1.0003994707e-03,2.7494652204e-01
565.650000,1.0002968673e-03,2.6668325211e-01
565.700000,1.0003301098e-03,2.7333441055e-01
565.750000,9.9883130379e-04,2.6732115443e-01
565.800000,1.0008407727e-03,2.7059614695e-01
565.850000,1.0014341064e-03,2.7320606430e-01
565.900000,9.9918806728e-04,2.7909942005e-01
565.950000,1.0001474033e-03,2.7404476176e-01
566.000000,9.9910299198e-04,2.8009392401e-01
566.050000,9.9822818917e-04,2.8264687462e-01
566.100000,9.9932927519e-04,2.7768707809e-01
566.150000,9.9974213747e-04,2.7705721492e-01
566.200000,9.9971205737e-04,2.7648114719e-01
566.250000,9.9908680744e-04,2.7536883252e-01
566.300000,9.9962144082e-04,2.7948104528e-01
566.350000,1.0004179675e-03,2.7240159822e-01
566.400000,1.0009697183e-03,2.7560995148e-01
566.450000,1.0003676476e-03,2.7508116882e-01
566.500000,9.9876693967e-04,2.6430812383e-01
566.550000,9.9863221699e-04,2.7308707311e-01
566.600000,1.0002406515e-03,2.8099716241e-01
566.650000,9.9912718134e-04,2.6235528664e-01
566.700000,9.9993400408e-04,2.7823385017e-01
566.750000,9.9925421745e-04,2.7516023182e-01
566.800000,9.9957114602e-04,2.7819955325e-01
566.850000,1.0000799032e-03,2.7092700757e-01
566.900000,1.0014504196e-03,2.6150005863e-01
566.950000,1.0002574420e-03,2.6969743141e-01
567.000000,1.0008469827e-03,2.7426721596e-01
567.050000,1.0004240557e-03,2.8227553857e-01
567.100000,9.9953006168e-04,2.6244773470e-01
567.150000,9.9940975847e-04,2.6822436145e-01
567.200000,1.0003852706e-03,2.7086019920e-01
567.250000,1.0023248933e-03,2.7670148683e-01
567.300000,9.9932171962e-04,2.7197383678e-01
567.350000,1.0013932912e-03,2.7168458575e-01
567.400000,1.0013653429e-03,2.6253483944e-01
567.450000,1.0020040193e-03,2.7925322298e-01
567.500000,1.0006132553e-03,2.6892940010e-01
567.550000,9.9967642668e-04,2.6743146423e-01
567.600000,9.9889865189e-04,2.7176373739e-01
567.650000,1.0002885571e-03,2.7183243173e-01
567.700000,1.0006581990e-03,2.7702051261e-01
567.750000,1.0001044915e-03,2.7337563136e-01
567.800000,1.0011186500e-03,2.7951806122e-01
567.850000,1.0006706044e-03,2.6987445286e-01
567.900000,1.0002174478e-03,2.7035611825e-01
567.950000,1.0005318332e-03,2.6981316153e-01
568.000000,9.9839633683e-04,2.7352586395e-01
568.050000,9.9986469264e-04,2.6144238167e-01
568.100000,9.9854830573e-04,2.6507240993e-01
568.150000,9.9842637397e-04,2.5717330406e-01
568.200000,1.0006976215e-03,2.7142243263e-01
568.250000,9.9932416613e-04,2.6118984771e-01
568.300000,1.0001247935e-03,2.6668985833e-01
568.350000,1.0000277072e-03,2.7180944044e-01
568.400000,9.9955339146e-04,2.7215080519e-01
568.450000,1.0014468259e-03,2.7623050071e-01
568.500000,1.0003615064e-03,2.7101534241e-01
568.550000,1.0005673354e-03,2.5936944244e-01
568.600000,9.9971550714e-04,2.7052120485e-01
568.650000,1.0018064154e-03,2.7573526983e-01
568.700000,9.9951932957e-04,2.6614237458e-01
568.750000,9.9864334419e-04,2.7190504730e-01
568.800000,9.9961298736e-04,2.6887254826e-01
568.850000,9.9925333305e-04,2.7041469318e-01
568.900000,1.0013043291e-03,2.6844943349e-01
568.950000,9.9751702981e-04,2.6551021254e-01
569.000000,9.9959987628e-04,2.6614352553e-01
569.050000,9.9881109708e-04,2.7358303791e-01
569.100000,1.0013382472e-03,2.6802353592e-01
569.150000,9.9921200677e-04,2.7914857623e-01
569.200000,1.0000856563e-03,2.5763021912e-01
569.250000,9.9799100636e-04,2.7207048061e-01
569.300000,1.0005594639e-03,2.6778419300e-01
569.350000,9.9895118588e-04,2.8330863623e-01
569.400000,1.0003724578e-03,2.6443744840e-01
569.450000,9.9860074833e-04,2.8368989470e-01
569.500000,9.9907145063e-04,2.7045039680e-01
569.550000,9.9970088812e-04,2.7388133074e-01
569.600000,9.9988128214e-04,2.7028110191e-01
569.650000,1.0014093694e-03,2.6461432139e-01
569.700000,9.9779351360e-04,2.6830694148e-01
569.750000,9.9850658544e-04,2.7350624493e-01
569.800000,9.9930352768e-04,2.7936918413e-01
569.850000,9.9929494432e-04,2.8686968819e-01
569.900000,9.9955571832e-04,2.7212612672e-01
569.950000,9.9925480183e-04,2.6627004077e-01
570.000000,1.0011009000e-03,2.7616670816e-01
570.050000,1.0004829635e-03,2.6186671492e-01
570.100000,1.0017562697e-03,2.7341324438e-01
570.150000,1.0012175527e-03,2.6840950991e-01
570.200000,9.9892448718e-04,2.6683065357e-01
570.250000,9.9967152766e-04,2.7460381118e-01
570.300000,1.0006607934e-03,2.7023978687e-01
570.350000,9.9924800032e-04,2.6765865132e-01
570.400000,9.9995969482e-04,2.7330257136e-01
570.450000,1.0007601571e-03,2.6278791462e-01
570.500000,9.9849553806e-04,2.6756591296e-01
570.550000,9.9865806777e-04,2.6967628270e-01
570.600000,1.0009439813e-03,2.6884343574e-01
570.650000,1.0006766057e-03,2.7776751835e-01
570.700000,9.9894202603e-04,2.6940328065e-01
570.750000,9.9923879907e-04,2.7291078134e-01
570.800000,1.0005520484e-03,2.7994658899e-01
570.850000,9.9965622739e-04,2.7865975030e-01
570.900000,1.0000501424e-03,2.6883502731e-01
570.950000,9.9881699014e-04,2.6886836130e-01
571.000000,9.9812271607e-04,2.6303473901e-01
571.050000,9.9870488175e-04,2.7069613034e-01
571.100000,9.9931417575e-04,2.6857781618e-01
571.150000,9.9925988087e-04,2.7461696427e-01
571.200000,9.9956471903e-04,2.6762646912e-01
571.250000,1.0002031085e-03,2.7588637983e-01
571.300000,9.9867114849e-04,2.7476870517e-01
571.350000,9.9967673569e-04,2.7832041685e-01
571.400000,1.0005474087e-03,2.7517983709e-01
571.450000,1.0013548833e-03,2.7765063062e-01
571.500000,9.9936583457e-04,2.6241925696e-01
571.550000,1.0009579912e-03,2.7929910376e-01
571.600000,1.0007022000e-03,2.7669821577e-01
571.650000,9.9987629013e-04,2.7239851556e-01
571.700000,9.9866864073e-04,2.6601838745e-01
571.750000,1.0012092130e-03,2.7928038629e-01
571.800000,9.9890565015e-04,2.7265606390e-01
571.850000,9.9862731713e-04,2.7320989122e-01
571.900000,9.9996159834e-04,2.6696604343e-01
571.950000,9.9998913535e-04,2.7393078743e-01
572.000000,1.0008238733e-03,2.7843426249e-01
572.050000,1.0009992420e-03,2.6836031592e-01
572.100000,9.9999804505e-04,2.6762212484e-01
572.150000,9.9834304189e-04,2.6931341354e-01
572.200000,9.9948732034e-04,2.7528323894e-01
572.250000,9.9875159489e-04,2.7719871490e-01
572.300000,9.9916350872e-04,2.6858235246e-01
572.350000,9.9850940256e-04,2.7460798121e-01
572.400000,1.0006982255e-03,2.7249851026e-01
572.450000,9.9997108246e-04,2.7010101556e-01
572.500000,9.9994838248e-04,2.7088412442e-01
572.550000,9.9944872156e-04,2.7367709031e-01
572.600000,1.0010121173e-03,2.6803477596e-01
572.650000,9.9811768191e-04,2.7617823246e-01
572.700000,9.9810820492e-04,2.7071286547e-01
572.750000,1.0003481890e-03,2.7587159098e-01
572.800000,9.9982473790e-04,2.6401862243e-01
572.850000,9.9930162165e-04,2.8400855183e-01
572.900000,9.9998524439e-04,2.8360333777e-01
572.950000,1.0011903582e-03,2.8465340559e-01
573.000000,1.0008348377e-03,2.7955467224e-01
573.050000,1.0000152137e-03,2.6965045142e-01
573.100000,1.0005997494e-03,2.6627673155e-01
573.150000,1.0003918034e-03,2.7442817861e-01
573.200000,1.0014356947e-03,2.7790190322e-01
573.250000,9.9981120417e-04,2.6549944100e-01
573.300000,1.0002683321e-03,2.6853446572e-01
573.350000,1.0017896203e-03,2.6708535062e-01
573.400000,1.0001817932e-03,2.6345745048e-01
573.450000,1.0006556080e-03,2.7827204274e-01
573.500000,1.0007460945e-03,2.6450360828e-01
573.550000,1.0017806131e-03,2.6891061909e-01
573.600000,9.9833228555e-04,2.8149540208e-01
573.650000,9.9966501733e-04,2.6652531107e-01
573.700000,9.9997778406e-04,2.6234389676e-01
573.750000,1.0001857563e-03,2.7022730163e-01
573.800000,1.0003094986e-03,2.7812249714e-01
573.850000,9.9974007621e-04,2.6865396593e-01
573.900000,9.9814179843e-04,2.6867108676e-01
573.950000,1.0007319753e-03,2.6801327871e-01
574.000000,1.0000433565e-03,2.7480266797e-01
574.050000,1.0004639168e-03,2.7356343809e-01
574.100000,1.0001635351e-03,2.7177849981e-01
574.150000,9.9936697950e-04,2.7359774154e-01
574.200000,1.0011349917e-03,2.7267205346e-01
574.250000,1.0013465078e-03,2.6960663350e-01
574.300000,1.0008702100e-03,2.7058761248e-01
574.350000,9.9915831449e-04,2.7812948986e-01
574.400000,9.9986134741e-04,2.6842864974e-01
574.450000,9.9995812975e-04,2.6843026708e-01
574.500000,9.9955638358e-04,2.6426353079e-01
574.550000,1.0011673716e-03,2.6973863232e-01
574.600000,9.9840952582e-04,2.7094841580e-01
574.650000,1.0000172013e-03,2.6688538500e-01
574.700000,1.0010304289e-03,2.6879226404e-01
574.750000,1.0012614899e-03,2.7647702628e-01
574.800000,9.9720100228e-04,2.7751177284e-01
574.850000,1.0010365944e-03,2.8169245583e-01
574.900000,9.9938517422e-04,2.6859079469e-01
574.950000,9.9844958703e-04,2.7210479417e-01
575.000000,1.0011685817e-03,2.6859664518e-01
575.050000,9.9875785249e-04,2.7368317723e-01
575.100000,9.9897947835e-04,2.7538602296e-01
575.150000,9.9881834220e-04,2.7040275320e-01
575.200000,9.9896228472e-04,2.8142125764e-01
575.250000,1.0002137069e-03,2.7726536464e-01
575.300000,9.9856220483e-04,2.6855935877e-01
575.350000,1.0009336921e-03,2.7110428335e-01
575.400000,9.9974463771e-04,2.7065955317e-01
575.450000,9.9981356870e-04,2.8021635912e-01
575.500000,9.9946899719e-04,2.7296671632e-01
575.550000,1.0005165877e-03,2.6439091579e-01
575.600000,1.0000604647e-03,2.7059319208e-01
575.650000,9.9931728243e-04,2.7262174722e-01
575.700000,1.0001410619e-03,2.7128974777e-01
575.750000,1.0013710114e-03,2.7554566983e-01
575.800000,9.9942200531e-04,2.7520554317e-01
575.850000,9.9890435503e-04,2.6989992035e-01
575.900000,9.9976538916e-04,2.7329763058e-01
575.950000,9.9932744264e-04,2.6911278262e-01
576.000000,1.0007805063e-03,2.6989042581e-01
576.050000,1.0017694059e-03,2.6725678950e-01
576.100000,9.9932336190e-04,2.7410106423e-01
576.150000,9.9915299917e-04,2.7164462902e-01
576.200000,1.0014834213e-03,2.7999395357e-01
576.250000,1.0006908024e-03,2.7306815210e-01
576.300000,1.0007133600e-03,2.6917684963e-01
576.350000,1.0016556266e-03,2.7580313187e-01
576.400000,1.0001656511e-03,2.7264510288e-01
576.450000,9.9827954993e-04,2.8530614530e-01
576.500000,9.9976247121e-04,2.6567233230e-01
576.550000,1.0009987285e-03,2.7965757039e-01
576.600000,1.0010182573e-03,2.6906632154e-01
576.650000,9.9932714119e-04,2.7089966182e-01
576.700000,9.9738366135e-04,2.6969357481e-01
576.750000,1.0006539995e-03,2.7643883843e-01
576.800000,9.9964336153e-04,2.7654715218e-01
576.850000,1.0005978764e-03,2.7714046248e-01
576.900000,1.0014859978e-03,2.6009737541e-01
576.950000,1.0005682559e-03,2.7184153281e-01
577.000000,9.9940052268e-04,2.7755078348e-01
577.050000,1.0009277019e-03,2.7724909475e-01
577.100000,9.9996524190e-04,2.7165317791e-01
577.150000,1.0025143572e-03,2.7705039132e-01
577.200000,1.0008817114e-03,2.7297374404e-01
577.250000,1.0004691308e-03,2.6589749679e-01
577.300000,9.9894241636e-04,2.6238969506e-01
577.350000,9.9941379703e-04,2.7505062877e-01
577.400000,1.0003242370e-03,2.7054069878e-01
577.450000,9.9983134077e-04,2.7018355640e-01
577.500000,1.0008948942e-03,2.7343462319e-01
577.550000,1.0000587110e-03,2.6817633295e-01
577.600000,1.0002631814e-03,2.7290910657e-01
577.650000,1.0002567105e-03,2.7757649544e-01
577.700000,9.9953557509e-04,2.7534975663e-01
577.750000,9.9965553195e-04,2.5867848739e-01
577.800000,1.0017258311e-03,2.7504159559e-01
577.850000,9.9961758786e-04,2.7406453357e-01
577.900000,1.0009763021e-03,2.6581828622e-01
577.950000,1.0012447256e-03,2.7571741574e-01
578.000000,1.0001682345e-03,2.7716704956e-01
578.050000,1.0001339515e-03,2.7321173091e-01
578.100000,1.0005482331e-03,2.7507290658e-01
578.150000,9.9900456934e-04,2.7323763400e-01
578.200000,1.0012615852e-03,2.7178625653e-01
578.250000,9.9913666317e-04,2.6898276008e-01
578.300000,9.9981091876e-04,2.6747535720e-01
578.350000,1.0011303585e-03,2.6398702205e-01
578.400000,1.0003718839e-03,2.7289258180e-01
578.450000,9.9970796487e-04,2.7800567677e-01
578.500000,1.0005615162e-03,2.7153197570e-01
578.550000,9.9911149172e-04,2.7838834932e-01
578.600000,1.0000582203e-03,2.6278246126e-01
578.650000,1.0007293970e-03,2.6857634311e-01
578.700000,9.9876504354e-04,2.6559186608e-01
578.750000,1.0002530287e-03,2.6761974556e-01
578.800000,9.9971479045e-04,2.5924546183e-01
578.850000,9.9927019522e-04,2.7032709016e-01
578.900000,1.0001107801e-03,2.7749916683e-01
578.950000,1.0011705724e-03,2.7490943714e-01
579.000000,1.0005195313e-03,2.7172115830e-01
579.050000,9.9969421925e-04,2.7149152334e-01
579.100000,9.9996062255e-04,2.7119600788e-01
579.150000,9.9994449159e-04,2.7170314499e-01
579.200000,1.0009878527e-03,2.5875201034e-01
579.250000,9.9888140960e-04,2.7533718707e-01
579.300000,9.9927827222e-04,2.6971252791e-01
579.350000,9.9932461401e-04,2.7471568824e-01
579.400000,9.9727245593e-04,2.7604136080e-01
579.450000,9.9932801381e-04,2.7380912179e-01
579.500000,9.9992481272e-04,2.6903321105e-01
579.550000,1.0016359778e-03,2.6574390580e-01
579.600000,1.0001389766e-03,2.6446293782e-01
579.650000,1.0005127074e-03,2.7840750878e-01
579.700000,1.0008541044e-03,2.6520399197e-01
579.750000,9.9917623348e-04,2.8259963976e-01
579.800000,9.9813265693e-04,2.6922358623e-01
579.850000,1.0005277941e-03,2.7204680382e-01
579.900000,1.0026270807e-03,2.6911326819e-01
579.950000,9.9987864830e-04,2.7176737471e-01
580.000000,1.0005105001e-03,2.7670507850e-01
580.050000,1.0003608439e-03,2.6691588423e-01
580.100000,1.0000694784e-03,2.6974715312e-01
580.150000,9.9921528929e-04,2.7826796539e-01
580.200000,9.9863388123e-04,2.8092043186e-01
580.250000,1.0011458616e-03,2.7852483037e-01
580.300000,9.9969538604e-04,2.7556455487e-01
580.350000,1.0014178815e-03,2.7403562197e-01
580.400000,9.9973677541e-04,2.7488843055e-01
580.450000,9.9941626340e-04,2.7030667181e-01
580.500000,1.0015344051e-03,2.8403209238e-01
580.550000,1.0000839101e-03,2.8020471586e-01
580.600000,1.0010532709e-03,2.8111582323e-01
580.650000,9.9880389866e-04,2.6226306912e-01
580.700000,1.0001744099e-03,2.7157877480e-01
580.750000,9.9924090388e-04,2.7050043994e-01
580.800000,1.0006894507e-03,2.6268564299e-01
580.850000,1.0012051182e-03,2.5783035997e-01
580.900000,1.0013659244e-03,2.7061828792e-01
580.950000,1.0012405823e-03,2.7279277106e-01
581.000000,1.0008263632e-03,2.7000080860e-01
581.050000,9.9961083430e-04,2.8208928236e-01
581.100000,9.9757134524e-04,2.7134446298e-01
581.150000,9.9969307552e-04,2.7217862831e-01
581.200000,1.0001901395e-03,2.7368119129e-01
581.250000,1.0004319960e-03,2.7131485212e-01
581.300000,1.0004888443e-03,2.8007562407e-01
581.350000,1.0007371237e-03,2.6727911799e-01
581.400000,1.0007641165e-03,2.7720940033e-01
581.450000,9.9946338117e-04,2.7933716624e-01
581.500000,9.9967545683e-04,2.7476747750e-01
581.550000,9.9955208114e-04,2.6871700007e-01
581.600000,9.9841162190e-04,2.7698297327e-01
581.650000,1.0010196258e-03,2.6813784026e-01
581.700000,1.0009278192e-03,2.7251960579e-01
581.750000,1.0007334582e-03,2.7277058792e-01
581.800000,1.0001691214e-03,2.6706436656e-01
581.850000,1.0001707757e-03,2.7599504792e-01
581.900000,9.9983798523e-04,2.6833121162e-01
581.950000,9.9978356495e-04,2.7703994825e-01
582.000000,1.0008936922e-03,2.6579367988e-01
582.050000,9.9940054599e-04,2.7623714678e-01
582.100000,1.0003254801e-03,2.7196518067e-01
582.150000,1.0004108286e-03,2.6805063691e-01
582.200000,9.9819069218e-04,2.8047167358e-01
582.250000,9.9893761506e-04,2.7000687309e-01
582.300000,1.0005037800e-03,2.6704917119e-01
582.350000,1.0000808090e-03,2.7387795454e-01
582.400000,1.0022922021e-03,2.8204363108e-01
582.450000,9.9999392763e-04,2.7542606457e-01
582.500000,1.0007578143e-03,2.6360647976e-01
582.550000,9.9980820834e-04,2.6584392149e-01
582.600000,9.9976287507e-04,2.7693556681e-01
582.650000,1.0006303228e-03,2.6606206240e-01
582.700000,9.9950246718e-04,2.7206186153e-01
582.750000,1.0012125314e-03,2.7541167724e-01
582.800000,1.0012504073e-03,2.7096188519e-01
582.850000,9.9924651382e-04,2.7091051602e-01
582.900000,1.0001888653e-03,2.6867783333e-01
582.950000,1.0009544911e-03,2.7914885820e-01
583.000000,1.0018555470e-03,2.8356045596e-01
583.050000,9.9771082949e-04,2.7249799444e-01
583.100000,9.9834989537e-04,2.7646609588e-01
583.150000,9.9978388154e-04,2.7424166624e-01
583.200000,1.0015363337e-03,2.6749923640e-01
583.250000,1.0010449314e-03,2.7464236920e-01
583.300000,1.0009404617e-03,2.6780093884e-01
583.350000,9.9914573242e-04,2.6960177342e-01
583.400000,9.9908680570e-04,2.7118298299e-01
583.450000,1.0009553729e-03,2.6952646505e-01
583.500000,1.0004792571e-03,2.7221347196e-01
583.550000,9.9882002187e-04,2.7720360858e-01
583.600000,9.9894583850e-04,2.7651562994e-01
583.650000,1.0021750680e-03,2.7303468438e-01
583.700000,9.9801618264e-04,2.6935955268e-01
583.750000,1.0007414697e-03,2.7492964646e-01
583.800000,1.0002272769e-03,2.6936241770e-01
583.850000,1.0000833978e-03,2.7912512361e-01
583.900000,9.9819166642e-04,2.7396965988e-01
583.950000,1.0010630669e-03,2.7279746442e-01
584.000000,9.9961348962e-04,2.7638901621e-01
584.050000,1.0012762264e-03,2.6674749248e-01
584.100000,1.0010102540e-03,2.5993516889e-01
584.150000,1.0011511982e-03,2.7712086442e-01
584.200000,1.0008731485e-03,2.7137184907e-01
584.250000,9.9844470617e-04,2.6871615677e-01
584.300000,1.0001169482e-03,2.7678200355e-01
584.350000,1.0006391204e-03,2.7489841658e-01
584.400000,1.0015463694e-03,2.7571197728e-01
584.450000,9.9795491853e-04,2.6899157655e-01
584.500000,1.0002708108e-03,2.6825419237e-01
584.550000,9.9903941978e-04,2.7588390065e-01
584.600000,9.9986418049e-04,2.7692081084e-01
584.650000,1.0001558495e-03,2.6672164046e-01
584.700000,9.9984071461e-04,2.7195618024e-01
584.750000,9.9862301812e-04,2.6873775654e-01
584.800000,1.0015732879e-03,2.8300362903e-01
584.850000,9.9933672148e-04,2.7543803170e-01
584.900000,9.9946958551e-04,2.7849387195e-01
584.950000,9.9869852233e-04,2.7066600544e-01
585.000000,1.0016662168e-03,2.5301289233e-01
585.050000,9.9849414433e-04,2.7008998535e-01
585.100000,1.0019196563e-03,2.7030751213e-01
585.150000,1.0005471233e-03,2.6441618112e-01
585.200000,9.9934806458e-04,2.8050149497e-01
585.250000,1.0002929706e-03,2.7799863522e-01
585.300000,1.0004981826e-03,2.6802027828e-01
585.350000,1.0006954839e-03,2.7311550501e-01
585.400000,9.9995708301e-04,2.7011892710e-01
585.450000,9.9913982498e-04,2.7650372165e-01
585.500000,1.0000609393e-03,2.7917775747e-01
585.550000,9.9889898939e-04,2.7027902637e-01
585.600000,1.0014257130e-03,2.8045204967e-01
585.650000,1.0008710187e-03,2.6629377852e-01
585.700000,9.9970842732e-04,2.7008802903e-01
585.750000,1.0010136818e-03,2.6533394108e-01
585.800000,9.9967689320e-04,2.7733667023e-01
585.850000,1.0006037203e-03,2.6669232009e-01
585.900000,9.9996536028e-04,2.7632574753e-01
585.950000,9.9913251890e-04,2.6868245463e-01
586.000000,1.0006070957e-03,2.6907202326e-01
586.050000,1.0018310123e-03,2.7511235511e-01
586.100000,1.0003137792e-03,2.7455746789e-01
586.150000,9.9845851264e-04,2.7130661142e-01
586.200000,1.0006550096e-03,2.7000590433e-01
586.250000,9.9989845517e-04,2.7870483857e-01
586.300000,1.0008295885e-03,2.6844304764e-01
586.350000,1.0011560032e-03,2.7732502212e-01
586.400000,1.0003157732e-03,2.7972366847e-01
586.450000,9.9895342546e-04,2.6930580483e-01
586.500000,9.9897559642e-04,2.7070476080e-01
586.550000,1.0017780942e-03,2.7553237399e-01
586.600000,9.9954323387e-04,2.7306533896e-01
586.650000,9.9906546106e-04,2.7230002851e-01
586.700000,1.0005175766e-03,2.6577315733e-01
586.750000,1.0011091884e-03,2.7026109455e-01
586.800000,1.0006620595e-03,2.7766071582e-01
586.850000,9.9713384641e-04,2.7862947577e-01
586.900000,1.0009688052e-03,2.7881036562e-01
586.950000,1.0009837340e-03,2.7016542520e-01
587.000000,1.0005018940e-03,2.7755875910e-01
587.050000,1.0005122176e-03,2.7609794959e-01
587.100000,1.0001404839e-03,2.6593299472e-01
587.150000,9.9891347083e-04,2.6544857888e-01
587.200000,1.0013630343e-03,2.7337915478e-01
587.250000,9.9935027386e-04,2.7099832928e-01
587.300000,1.0030333273e-03,2.7572875099e-01
587.350000,1.0001400911e-03,2.6895965125e-01
587.400000,1.0009005545e-03,2.6652782069e-01
587.450000,1.0005532276e-03,2.7326595976e-01
587.500000,1.0015854131e-03,2.7754079545e-01
587.550000,9.9869558647e-04,2.7911056911e-01
587.600000,1.0007947840e-03,2.6980146314e-01
587.650000,1.0011595520e-03,2.6768492355e-01
587.700000,1.0003330427e-03,2.8007180517e-01
587.750000,1.0007129699e-03,2.7382797738e-01
587.800000,9.9948039592e-04,2.7504090175e-01
587.850000,1.0020447912e-03,2.6968581536e-01
587.900000,9.9948745637e-04,2.8459311501e-01
587.950000,1.0004347967e-03,2.7956588834e-01
588.000000,1.0005158557e-03,2.6238970295e-01
588.050000,9.9962034691e-04,2.7092974693e-01
588.100000,1.0001044160e-03,2.8080990268e-01
588.150000,1.0007434467e-03,2.6386590259e-01
588.200000,1.0008394860e-03,2.7926945773e-01
588.250000,9.9982171944e-04,2.8233380103e-01
588.300000,1.0006762318e-03,2.7021852235e-01
588.350000,1.0013095415e-03,2.6158442120e-01
588.400000,9.9919691985e-04,2.7506424914e-01
588.450000,9.9855222611e-04,2.8111821498e-01
588.500000,9.9957909528e-04,2.7490877821e-01
588.550000,9.9868932366e-04,2.6648992448e-01
588.600000,9.9998028594e-04,2.7814961559e-01
588.650000,9.9969133170e-04,2.7566175037e-01
588.700000,9.9973010852e-04,2.6837365919e-01
588.750000,1.0020534502e-03,2.7323632599e-01
588.800000,1.0010254378e-03,2.8023162094e-01
588.850000,9.9822908415e-04,2.6684763600e-01
588.900000,1.0009457811e-03,2.7366931795e-01
588.950000,1.0001890091e-03,2.7423103927e-01
589.000000,9.9956589580e-04,2.7803466746e-01
589.050000,9.9979268002e-04,2.6631387173e-01
589.100000,9.9823624777e-04,2.7615897879e-01
589.150000,1.0008460909e-03,2.6696897237e-01
589.200000,9.9977235432e-04,2.8604338873e-01
589.250000,1.0005446228e-03,2.8256892418e-01
589.300000,1.0004068090e-03,2.7424952288e-01
589.350000,9.9916875056e-04,2.7554420805e-01
589.400000,1.0008178134e-03,2.6699548086e-01
589.450000,1.0008026119e-03,2.6889552191e-01
589.500000,9.9998200937e-04,2.7862744348e-01
589.550000,1.0008050470e-03,2.7617646379e-01
589.600000,1.0005462099e-03,2.7479481272e-01
589.650000,9.9958989399e-04,2.7608753638e-01
589.700000,9.9748068320e-04,2.6373928849e-01
589.750000,9.9918909362e-04,2.7642279524e-01
589.800000,9.9935119526e-04,2.8283327754e-01
589.850000,9.9955243196e-04,2.7723348042e-01
589.900000,9.9990930061e-04,2.7456108085e-01
589.950000,9.9988808022e-04,2.7884868039e-01
590.000000,1.0020784830e-03,2.7445226285e-01
590.050000,9.9836395950e-04,2.6745975976e-01
590.100000,1.0002904091e-03,2.6426779861e-01
590.150000,1.0003603482e-03,2.7359188240e-01
590.200000,1.0006300656e-03,2.7574409486e-01
590.250000,9.9892658555e-04,2.6715747557e-01
590.300000,1.0006378169e-03,2.7703670571e-01
590.350000,9.9969557938e-04,2.7110178473e-01
590.400000,1.0000504469e-03,2.6360687962e-01
590.450000,9.9979711586e-04,2.6862531591e-01
590.500000,9.9970149681e-04,2.6591108539e-01
590.550000,1.0018653638e-03,2.7846943848e-01
590.600000,9.9988464054e-04,2.8329515475e-01
590.650000,1.0013316220e-03,2.8117792346e-01
590.700000,9.9990437688e-04,2.7480525245e-01
590.750000,1.0011377875e-03,2.7797317112e-01
590.800000,1.0002832511e-03,2.7374009363e-01
590.850000,9.9986894140e-04,2.6336618446e-01
590.900000,9.9940676726e-04,2.8198079820e-01
590.950000,1.0000472602e-03,2.7730837298e-01
591.000000,9.9854284339e-04,2.6717901724e-01
591.050000,9.9937996455e-04,2.7033362156e-01
591.100000,1.0001143729e-03,2.7590257000e-01
591.150000,9.9927749425e-04,2.7522440890e-01
591.200000,1.0003719557e-03,2.8079435649e-01
591.250000,9.9883368990e-04,2.6051874803e-01
591.300000,1.0001142631e-03,2.6463054333e-01
591.350000,9.9909756600e-04,2.6658045578e-01
591.400000,1.0010308777e-03,2.6303858431e-01
591.450000,9.9900666264e-04,2.7403543071e-01
591.500000,9.9999210026e-04,2.7257095209e-01
591.550000,1.0003598334e-03,2.7596259631e-01
591.600000,9.9978142413e-04,2.6837336942e-01
591.650000,9.9981062057e-04,2.7546624056e-01
591.700000,1.0012378916e-03,2.6771669423e-01
591.750000,1.0000206901e-03,2.7416438640e-01
591.800000,1.0000478534e-03,2.7219232652e-01
591.850000,9.9943551457e-04,2.7464677820e-01
591.900000,1.0001995578e-03,2.8069799463e-01
591.950000,9.9837614253e-04,2.6698193203e-01
592.000000,1.0007340722e-03,2.7027788033e-01
592.050000,9.9968170686e-04,2.7259377919e-01
592.100000,9.9987441428e-04,2.7536179152e-01
592.150000,1.0013193411e-03,2.6883531997e-01
592.200000,9.9921887892e-04,2.6906873632e-01
592.250000,1.0006238926e-03,2.6732541312e-01
592.300000,1.0009586566e-03,2.6911676575e-01
592.350000,1.0004143375e-03,2.7308399787e-01
592.400000,1.0009478334e-03,2.6782117166e-01
592.450000,9.9949099389e-04,2.7830578830e-01
592.500000,9.9869468755e-04,2.6962862009e-01
592.550000,9.9993426710e-04,2.7712815390e-01
592.600000,1.0001297737e-03,2.7840950306e-01
592.650000,9.9937346573e-04,2.7457633192e-01
592.700000,1.0011438936e-03,2.7369664030e-01
592.750000,1.0000679799e-03,2.7792163115e-01
592.800000,9.9976551780e-04,2.6427521005e-01
592.850000,1.0005906345e-03,2.7328710324e-01
592.900000,9.9960120978e-04,2.7561735811e-01
592.950000,1.0008512329e-03,2.7273788354e-01
593.000000,1.0011725539e-03,2.7160281181e-01
593.050000,1.0007292586e-03,2.7558842191e-01
593.100000,9.9928628087e-04,2.6271038122e-01
593.150000,9.9919795184e-04,2.7586817987e-01
593.200000,9.9832732919e-04,2.7423263732e-01
593.250000,1.0011520835e-03,2.6636039906e-01
593.300000,1.0014567919e-03,2.7450316808e-01
593.350000,1.0000948832e-03,2.7210558742e-01
593.400000,9.9883511407e-04,2.6560780032e-01
593.450000,9.9878201713e-04,2.7945427917e-01
593.500000,9.9920492627e-04,2.7786154260e-01
593.550000,1.0008200948e-03,2.7048918922e-01
593.600000,9.9856970016e-04,2.6468825113e-01
593.650000,1.0011843463e-03,2.7425952093e-01
593.700000,9.9963247352e-04,2.7586604900e-01
593.750000,9.9921401342e-04,2.7719507699e-01
593.800000,1.0000444368e-03,2.6699531375e-01
593.850000,9.9933424972e-04,2.7989313524e-01
593.900000,1.0009925390e-03,2.7859008138e-01
593.950000,1.0005746884e-03,2.7760818776e-01
594.000000,1.0010422328e-03,2.7213009136e-01
594.050000,9.9963189801e-04,2.7693826198e-01
594.100000,1.0036551673e-03,2.5871103593e-01
594.150000,9.9981123907e-04,2.8216064838e-01
594.200000,9.9950546292e-04,2.7093093791e-01
594.250000,1.0017442066e-03,2.7959253188e-01
594.300000,9.9960658030e-04,2.7970905492e-01
594.350000,9.9972405385e-04,2.6549349935e-01
594.400000,9.9828196171e-04,2.7106938448e-01
594.450000,1.0009159878e-03,2.8021954715e-01
594.500000,1.0007447335e-03,2.7249916926e-01
594.550000,1.0010949420e-03,2.7607103275e-01
594.600000,9.9887342537e-04,2.7285610890e-01
594.650000,9.9883039038e-04,2.7114177907e-01
594.700000,1.0003125312e-03,2.6700034012e-01
594.750000,1.0021227635e-03,2.6829941560e-01
594.800000,1.0012244500e-03,2.6717213718e-01
594.850000,1.0006339612e-03,2.6854076499e-01
594.900000,1.0001975497e-03,2.7009289940e-01
594.950000,9.9978909671e-04,2.7303264885e-01
595.000000,9.9674681397e-04,2.7926552112e-01
595.050000,1.0002986265e-03,2.7373715274e-01
595.100000,1.0019600468e-03,2.7116464238e-01
595.150000,9.9900959872e-04,2.7056661991e-01
595.200000,9.9904039661e-04,2.7569949740e-01
595.250000,1.0004332504e-03,2.6253432162e-01
595.300000,9.9992460024e-04,2.6969825678e-01
595.350000,9.9941669712e-04,2.6804297470e-01
595.400000,1.0001155020e-03,2.7406005349e-01
595.450000,1.0005242228e-03,2.8087659838e-01
595.500000,1.0002400435e-03,2.6962969255e-01
595.550000,1.0009465183e-03,2.7813697538e-01
595.600000,1.0014425497e-03,2.6830487979e-01
595.650000,9.9964853620e-04,2.7727066206e-01
595.700000,9.9857203691e-04,2.7335253632e-01
595.750000,9.9889738845e-04,2.6194454022e-01
595.800000,9.9897997169e-04,2.7034886529e-01
595.850000,9.9992580296e-04,2.7751983672e-01
595.900000,9.9961065996e-04,2.7498449725e-01
595.950000,9.9879384380e-04,2.7725763969e-01
596.000000,1.0004926870e-03,2.7088893855e-01
596.050000,9.9926741058e-04,2.8215946602e-01
596.100000,1.0016634283e-03,2.6660234490e-01
596.150000,1.0002184383e-03,2.7816305886e-01
596.200000,9.9904867284e-04,2.7343762617e-01
596.250000,1.0010774822e-03,2.7224607185e-01
596.300000,9.9899110438e-04,2.7282933360e-01
596.350000,1.0000048394e-03,2.6586351972e-01
596.400000,1.0008524523e-03,2.8308660000e-01
596.450000,9.9860172457e-04,2.7160867635e-01
596.500000,9.9963297612e-04,2.7296038331e-01
596.550000,9.9894294881e-04,2.6314962035e-01
596.600000,9.9949111576e-04,2.7894417818e-01
596.650000,9.9992749980e-04,2.7354087843e-01
596.700000,9.9982523518e-04,2.7916048842e-01
596.750000,1.0008155901e-03,2.7386789079e-01
596.800000,9.9891409394e-04,2.5498592675e-01
596.850000,1.0010556361e-03,2.7813031005e-01
596.900000,9.9828497702e-04,2.7660891970e-01
596.950000,9.9986675413e-04,2.7262908374e-01
597.000000,1.0001909916e-03,2.8195480961e-01
597.050000,1.0002241391e-03,2.8008332895e-01
597.100000,1.0014569978e-03,2.7392686417e-01
597.150000,9.9784082614e-04,2.7411070335e-01
597.200000,9.9901622004e-04,2.7847251168e-01
597.250000,9.9954590048e-04,2.6726679816e-01
597.300000,1.0017452997e-03,2.7686965084e-01
597.350000,1.0004826405e-03,2.6875446382e-01
597.400000,1.0002128984e-03,2.7757631647e-01
597.450000,9.9968717457e-04,2.7449793907e-01
597.500000,9.9796868372e-04,2.6774631331e-01
597.550000,9.9867710659e-04,2.8237014473e-01
597.600000,9.9964809444e-04,2.7115962648e-01
597.650000,9.9913647636e-04,2.7958117688e-01
597.700000,1.0004900170e-03,2.6557345449e-01
597.750000,9.9964644458e-04,2.6730077151e-01
597.800000,9.9975353134e-04,2.7909239091e-01
597.850000,9.9959945847e-04,2.7233630211e-01
597.900000,9.9838781335e-04,2.7976580242e-01
597.950000,1.0003618046e-03,2.8384881290e-01
598.000000,9.9999885800e-04,2.7266167406e-01
598.050000,9.9975708113e-04,2.6626049773e-01
598.100000,1.0008906826e-03,2.6888880943e-01
598.150000,9.9842394569e-04,2.7317003543e-01
598.200000,9.9966769849e-04,2.7569851515e-01
598.250000,1.0007275051e-03,2.7866917012e-01
598.300000,1.0013688959e-03,2.6501017356e-01
598.350000,1.0002379090e-03,2.8238577910e-01
598.400000,1.0004100131e-03,2.7155466267e-01
598.450000,1.0013266317e-03,2.7715280100e-01
598.500000,9.9970305127e-04,2.7121311119e-01
598.550000,9.9851616727e-04,2.7273628729e-01
598.600000,9.9850730063e-04,2.6679344968e-01
598.650000,1.0003727831e-03,2.6682013772e-01
598.700000,9.9987919176e-04,2.7132584764e-01
598.750000,9.9854205844e-04,2.7862398008e-01
598.800000,1.0004928664e-03,2.7668465203e-01
598.850000,1.0016053033e-03,2.6988888986e-01
598.900000,9.9919428415e-04,2.7115919965e-01
598.950000,1.0006857934e-03,2.6550422290e-01
599.000000,1.0022493396e-03,2.6856499734e-01
599.050000,9.9905887920e-04,2.6905344438e-01
599.100000,9.9912797538e-04,2.7333197532e-01
599.150000,1.0000612759e-03,2.8280260108e-01
599.200000,1.0006974205e-03,2.7594058096e-01
599.250000,9.9963975495e-04,2.7295915813e-01
599.300000,1.0004288928e-03,2.6803236448e-01
599.350000,1.0000623501e-03,2.7022878383e-01
599.400000,9.9756304122e-04,2.6926904970e-01
599.450000,1.0014426610e-03,2.7347208796e-01
599.500000,1.0005979525e-03,2.7921823306e-01
599.550000,9.9838040551e-04,2.7233383350e-01
599.600000,1.0015659833e-03,2.6287643326e-01
599.650000,9.9742122017e-04,2.6641929968e-01
599.700000,9.9987289328e-04,2.7889986343e-01
599.750000,1.0003833950e-03,2.6996814420e-01
599.800000,1.0010185123e-03,2.7958809765e-01
599.850000,9.9818818336e-04,2.7217846521e-01
599.900000,1.0005167393e-03,2.7427761411e-01
599.950000,9.9890687886e-04,2.7125285319e-01
600.000000,9.9886295175e-04,2.7043053291e-01
