Time [s],Displacement [m],Force [N]
0.000000,0.0000000000e+00,-1.4583199349e-05
0.050000,3.8795491619e-06,8.3470104576e-02
0.100000,1.0614669732e-05,1.5095617591e-01
0.150000,1.6271429123e-05,2.3078430159e-01
0.200000,1.9140668065e-05,2.8700685053e-01
0.250000,2.5378185707e-05,3.6291457812e-01
0.300000,3.1642355217e-05,4.1290591507e-01
0.350000,3.5538548646e-05,4.7213416257e-01
0.400000,4.0733564929e-05,5.3546163982e-01
0.450000,4.4506798249e-05,5.8490903974e-01
0.500000,4.9516335654e-05,6.4354527336e-01
0.550000,5.3892026344e-05,6.9496853871e-01
0.600000,6.0602550848e-05,7.5584473734e-01
0.650000,6.3937373627e-05,7.8304623176e-01
0.700000,7.0180873577e-05,8.8469607994e-01
0.750000,7.4729354587e-05,9.6362002521e-01
0.800000,7.8501065214e-05,9.4622297362e-01
0.850000,8.5713492074e-05,1.0463538095e+00
0.900000,9.0816064914e-05,1.0856076687e+00
0.950000,9.5441481807e-05,1.1301922999e+00
1.000000,1.0002661379e-04,1.1701157732e+00
1.050000,1.0518097137e-04,1.2121393093e+00
1.100000,1.0959072346e-04,1.2658292694e+00
1.150000,1.1328094726e-04,1.2973533964e+00
1.200000,1.2100545954e-04,1.3480820912e+00
1.250000,1.2459084166e-04,1.4400509687e+00
1.300000,1.2915241027e-04,1.4543846578e+00
1.350000,1.3485415969e-04,1.5503448276e+00
1.400000,1.3897783259e-04,1.5427592683e+00
1.450000,1.4563838147e-04,1.6700464974e+00
1.500000,1.4857614050e-04,1.6290370547e+00
1.550000,1.5573079838e-04,1.6865964312e+00
1.600000,1.6027028068e-04,1.7736490307e+00
1.650000,1.6648096411e-04,1.7892327087e+00
1.700000,1.7038031009e-04,1.9092987289e+00
1.750000,1.7416937955e-04,1.8780811153e+00
1.800000,1.7962845107e-04,1.9287995333e+00
1.850000,1.8586351236e-04,2.0237604007e+00
1.900000,1.9130577785e-04,2.0274911403e+00
1.950000,1.9437170829e-04,2.0805185249e+00
2.000000,2.0139118158e-04,2.1718595218e+00
2.050000,2.0496951542e-04,2.1528212845e+00
2.100000,2.1038752462e-04,2.2511765055e+00
2.150000,2.1598937883e-04,2.2588401236e+00
2.200000,2.1860973802e-04,2.3368746297e+00
2.250000,2.2566694583e-04,2.3169179443e+00
2.300000,2.2943031479e-04,2.4426649024e+00
2.350000,2.3624305012e-04,2.3917118082e+00
2.400000,2.4066134695e-04,2.4840820194e+00
2.450000,2.4511510210e-04,2.5030213340e+00
2.500000,2.4975994360e-04,2.5866744032e+00
2.550000,2.5377841556e-04,2.6784491781e+00
2.600000,2.6175714443e-04,2.6797647058e+00
2.650000,2.6566596971e-04,2.6850631186e+00
2.700000,2.6878295045e-04,2.7270382868e+00
2.750000,2.7596429500e-04,2.6997177029e+00
2.800000,2.8277672731e-04,2.8541247542e+00
2.850000,2.8420339877e-04,2.8902391074e+00
2.900000,2.8956087362e-04,2.7667481244e+00
2.950000,2.9537748212e-04,2.9299261487e+00
3.000000,3.0091568056e-04,2.9260313110e+00
3.050000,3.0486489224e-04,2.9903043852e+00
3.100000,3.0963508368e-04,2.9424952640e+00
3.150000,3.1613337588e-04,3.0373793177e+00
3.200000,3.1837619524e-04,3.1568745433e+00
3.250000,3.2387821209e-04,3.0918279069e+00
3.300000,3.3161802454e-04,3.1303549720e+00
3.350000,3.3338110119e-04,3.1485550065e+00
3.400000,3.4008487984e-04,3.1890261675e+00
3.450000,3.4638046857e-04,3.2451964405e+00
3.500000,3.5030428641e-04,3.2526850771e+00
3.550000,3.5531316059e-04,3.2760833119e+00
3.600000,3.6038023343e-04,3.4602078996e+00
3.650000,3.6515479311e-04,3.4185184897e+00
3.700000,3.7031802226e-04,3.4404741437e+00
3.750000,3.7449525012e-04,3.5342009181e+00
3.800000,3.7933084272e-04,3.6337536129e+00
3.850000,3.8511088908e-04,3.5914942289e+00
3.900000,3.9006573341e-04,3.5628659287e+00
3.950000,3.9513824282e-04,3.5829344770e+00
4.000000,3.9955647149e-04,3.5326604884e+00
4.050000,4.0664354597e-04,3.6907215607e+00
4.100000,4.1031029279e-04,3.7611212082e+00
4.150000,4.1275261100e-04,3.7123467614e+00
4.200000,4.1897278424e-04,3.6166925741e+00
4.250000,4.2565057106e-04,3.6837026658e+00
4.300000,4.3099575497e-04,3.8408412496e+00
4.350000,4.3383303913e-04,3.8870643880e+00
4.400000,4.4019366568e-04,3.8468166221e+00
4.450000,4.4534713758e-04,3.9774437267e+00
4.500000,4.5022421194e-04,3.9160717719e+00
4.550000,4.5403092321e-04,4.0662667804e+00
4.600000,4.6110449656e-04,4.0054471877e+00
4.650000,4.6279568286e-04,4.0726590302e+00
4.700000,4.7082459360e-04,4.0072847820e+00
4.750000,4.7312995135e-04,4.0147809222e+00
4.800000,4.7953405775e-04,4.0170588731e+00
4.850000,4.8502978124e-04,4.1173255696e+00
4.900000,4.9051408330e-04,4.2905624451e+00
4.950000,4.9359932043e-04,4.1171862837e+00
5.000000,5.0034143641e-04,4.1860213225e+00
5.050000,5.0429378323e-04,4.3263208855e+00
5.100000,5.1048820542e-04,4.2341733453e+00
5.150000,5.1666239642e-04,4.3056352237e+00
5.200000,5.1909432029e-04,4.4165525163e+00
5.250000,5.2530385506e-04,4.4819381700e+00
5.300000,5.2799254709e-04,4.4575693669e+00
5.350000,5.3444807405e-04,4.4233661762e+00
5.400000,5.3796385022e-04,4.3452810414e+00
5.450000,5.4587413872e-04,4.3439304786e+00
5.500000,5.4949351531e-04,4.6391012149e+00
5.550000,5.5612232702e-04,4.4530200291e+00
5.600000,5.5862044023e-04,4.7469981079e+00
5.650000,5.6511437408e-04,4.5263858265e+00
5.700000,5.6902983763e-04,4.5849354604e+00
5.750000,5.7431565959e-04,4.7493225498e+00
5.800000,5.7834091489e-04,4.6677138130e+00
5.850000,5.8591712951e-04,4.7406956953e+00
5.900000,5.9057340510e-04,4.6515760804e+00
5.950000,5.9527017986e-04,4.7578637604e+00
6.000000,6.0050557406e-04,4.7859690195e+00
6.050000,6.0422984070e-04,4.8032848424e+00
6.100000,6.1137001921e-04,4.6068764502e+00
6.150000,6.1561945293e-04,4.5225296087e+00
6.200000,6.2160925796e-04,4.8495217481e+00
6.250000,6.2555048318e-04,4.5694468041e+00
6.300000,6.2996261149e-04,4.9047204928e+00
6.350000,6.3337524209e-04,4.8090343844e+00
6.400000,6.3902961793e-04,5.0553570384e+00
6.450000,6.4565409395e-04,4.6829893781e+00
6.500000,6.5020919306e-04,4.9844573254e+00
6.550000,6.5545538611e-04,5.0739208298e+00
6.600000,6.5929991225e-04,5.0273084066e+00
6.650000,6.6434571706e-04,5.0816367485e+00
6.700000,6.7027291940e-04,4.9975482684e+00
6.750000,6.7437689875e-04,5.0968930044e+00
6.800000,6.7934918408e-04,5.1554699792e+00
6.850000,6.8269134216e-04,5.1044959640e+00
6.900000,6.9037301577e-04,5.0864389200e+00
6.950000,6.9406663667e-04,5.0764437403e+00
7.000000,6.9793813291e-04,5.3057414809e+00
7.050000,7.0443822170e-04,5.2642674893e+00
7.100000,7.1031571466e-04,5.1643716610e+00
7.150000,7.1553607988e-04,5.2713946211e+00
7.200000,7.1937110062e-04,5.2236981284e+00
7.250000,7.2363495441e-04,5.1488987004e+00
7.300000,7.2999056063e-04,5.3141333296e+00
7.350000,7.3419983119e-04,5.3297545821e+00
7.400000,7.3930828033e-04,5.5301444461e+00
7.450000,7.4378104706e-04,5.3550895461e+00
7.500000,7.5011119827e-04,5.4410114107e+00
7.550000,7.5414246796e-04,5.2884417053e+00
7.600000,7.5986361218e-04,5.5627573480e+00
7.650000,7.6640158627e-04,5.6418620277e+00
7.700000,7.6886616159e-04,5.5602718570e+00
7.750000,7.7550026164e-04,5.3730512054e+00
7.800000,7.7990235175e-04,5.5242661198e+00
7.850000,7.8435677072e-04,5.5034792846e+00
7.900000,7.9017498285e-04,5.6084660668e+00
7.950000,7.9627047803e-04,5.3531548884e+00
8.000000,8.0150853310e-04,5.6789939738e+00
8.050000,8.0580240480e-04,5.5650061673e+00
8.100000,8.1108947089e-04,5.5725581564e+00
8.150000,8.1212172704e-04,5.5925868963e+00
8.200000,8.2081950027e-04,5.5489237225e+00
8.250000,8.2486844392e-04,5.6560476452e+00
8.300000,8.2957807726e-04,5.7772320287e+00
8.350000,8.3639791262e-04,5.7773810844e+00
8.400000,8.4087503167e-04,5.6795937897e+00
8.450000,8.4378693004e-04,5.9246944545e+00
8.500000,8.5307402512e-04,5.6642058793e+00
8.550000,8.5611691536e-04,5.5437847973e+00
8.600000,8.6002462108e-04,5.6380479433e+00
8.650000,8.6438763839e-04,5.9015060273e+00
8.700000,8.6888863942e-04,6.0097524229e+00
8.750000,8.7606088697e-04,5.9013104566e+00
8.800000,8.7816280694e-04,5.7741800216e+00
8.850000,8.8432455123e-04,5.9180279721e+00
8.900000,8.8938021243e-04,5.8904209314e+00
8.950000,8.9478314554e-04,5.8649708423e+00
9.000000,9.0146507815e-04,5.7603201524e+00
9.050000,9.0462988280e-04,5.9287720370e+00
9.100000,9.1138484963e-04,5.8902508136e+00
9.150000,9.1228143165e-04,5.9502079588e+00
9.200000,9.1845918406e-04,5.8751831738e+00
9.250000,9.2512846922e-04,6.0153625362e+00
9.300000,9.3003242150e-04,6.0087405741e+00
9.350000,9.3659153161e-04,6.3707765415e+00
9.400000,9.4022914003e-04,6.1280636930e+00
9.450000,9.4376005537e-04,6.0445445225e+00
9.500000,9.5125779165e-04,5.9910037460e+00
9.550000,9.5390545020e-04,6.0864053796e+00
9.600000,9.5898775177e-04,6.3071108013e+00
9.650000,9.6645376068e-04,6.2883577554e+00
9.700000,9.6901659247e-04,6.0819057567e+00
9.750000,9.7478633079e-04,6.3134890733e+00
9.800000,9.7968922493e-04,6.0522605564e+00
9.850000,9.8529824028e-04,6.2506827096e+00
9.900000,9.8860838760e-04,6.2710036484e+00
9.950000,9.9715156144e-04,6.2888385465e+00
10.000000,9.9895227644e-04,6.4398819776e+00
10.050000,9.9988753213e-04,6.1543611953e+00
10.100000,9.9981981820e-04,6.1009219767e+00
10.150000,9.9934397298e-04,6.1023444443e+00
10.200000,1.0004480228e-03,6.1847974520e+00
10.250000,9.9951754858e-04,6.0389537487e+00
10.300000,1.0001443559e-03,5.8256918145e+00
10.350000,1.0024553805e-03,5.8954585158e+00
10.400000,9.9879966696e-04,5.8888346971e+00
10.450000,9.9900489883e-04,5.9431728923e+00
10.500000,9.9922834940e-04,5.6284934120e+00
10.550000,9.9819589097e-04,5.7892563755e+00
10.600000,9.9984451476e-04,5.7345129760e+00
10.650000,1.0006274291e-03,5.7079379622e+00
10.700000,1.0002979527e-03,5.5820590650e+00
10.750000,9.9981696065e-04,5.5104011468e+00
10.800000,1.0019830537e-03,5.6438209613e+00
10.850000,1.0009835142e-03,5.6210956719e+00
10.900000,9.9943467097e-04,5.5988622931e+00
10.950000,1.0013769491e-03,5.3498142406e+00
11.000000,1.0008729408e-03,5.4367912383e+00
11.050000,9.9841767350e-04,5.3523103168e+00
11.100000,9.9951257997e-04,5.4671089845e+00
11.150000,9.9982383090e-04,5.2487456756e+00
11.200000,1.0018015840e-03,5.5601413773e+00
11.250000,9.9838233743e-04,5.0802160108e+00
11.300000,1.0001293427e-03,5.2329909194e+00
11.350000,1.0008480001e-03,5.1056687564e+00
11.400000,9.9999572297e-04,5.0941461257e+00
11.450000,1.0003860717e-03,5.1371681561e+00
11.500000,1.0010154081e-03,5.2037615097e+00
11.550000,9.9984397236e-04,5.1095441612e+00
11.600000,1.0002075500e-03,4.9874116368e+00
11.650000,1.0004838406e-03,4.8323069460e+00
11.700000,9.9822517292e-04,4.9060748534e+00
11.750000,9.9897875688e-04,4.7381987680e+00
11.800000,9.9979954316e-04,4.8137897834e+00
11.850000,1.0019580653e-03,4.9339334144e+00
11.900000,1.0003719669e-03,4.6685257681e+00
11.950000,1.0003986868e-03,4.7256325528e+00
12.000000,9.9923317978e-04,4.5892730716e+00
12.050000,1.0015165312e-03,4.4658203454e+00
12.100000,9.9917440548e-04,4.4326995482e+00
12.150000,1.0001100873e-03,4.7725076645e+00
12.200000,1.0014258169e-03,4.6967738505e+00
12.250000,9.9777413793e-04,4.6514786544e+00
12.300000,1.0006605784e-03,4.3755245548e+00
12.350000,1.0001018088e-03,4.3647403979e+00
12.400000,9.9940484872e-04,4.5287665947e+00
12.450000,9.9946060007e-04,4.5226555882e+00
12.500000,9.9894534655e-04,4.4406582270e+00
12.550000,1.0000614056e-03,4.5016833924e+00
12.600000,1.0021263575e-03,4.3710044990e+00
12.650000,9.9992647057e-04,4.2133699251e+00
12.700000,1.0021978465e-03,4.3981295782e+00
12.750000,1.0003523173e-03,4.3837093622e+00
12.800000,1.0005795750e-03,4.3887131681e+00
12.850000,1.0002317413e-03,4.2307621606e+00
12.900000,9.9933358988e-04,4.2143855087e+00
12.950000,9.9818849349e-04,4.1690807209e+00
13.000000,1.0002104242e-03,4.2656563163e+00
13.050000,9.9773871249e-04,4.1596677260e+00
13.100000,1.0009277367e-03,4.1339780480e+00
13.150000,9.9973469819e-04,4.1576120260e+00
13.200000,1.0011484104e-03,4.1854181551e+00
13.250000,1.0005127909e-03,3.9645662692e+00
13.300000,9.9905182498e-04,4.0618736132e+00
13.350000,1.0002997798e-03,3.9445728569e+00
13.400000,1.0006152324e-03,3.9822869818e+00
13.450000,1.0009399967e-03,3.9056145249e+00
13.500000,1.0010464445e-03,3.8922307595e+00
13.550000,1.0002242155e-03,3.8515307033e+00
13.600000,9.9857204138e-04,3.7880582843e+00
13.650000,1.0007331434e-03,3.7713850049e+00
13.700000,1.0003803428e-03,3.7636646560e+00
13.750000,9.9846340174e-04,3.7098793081e+00
13.800000,1.0011294931e-03,3.7034874332e+00
13.850000,9.9893238714e-04,3.8339071141e+00
13.900000,9.9792734192e-04,3.6461822053e+00
13.950000,1.0006704446e-03,3.6156106419e+00
14.000000,1.0003133940e-03,3.7045549547e+00
14.050000,1.0008968611e-03,3.7298624601e+00
14.100000,1.0001256053e-03,3.7156240528e+00
14.150000,1.0006050508e-03,3.6992193147e+00
14.200000,9.9638303310e-04,3.6253793445e+00
14.250000,9.9961999988e-04,3.4868548549e+00
14.300000,9.9960388203e-04,3.5215134221e+00
14.350000,1.0010603229e-03,3.5125707682e+00
14.400000,9.9861568379e-04,3.5729358193e+00
14.450000,1.0008847716e-03,3.5049341870e+00
14.500000,1.0012804155e-03,3.4822695681e+00
14.550000,1.0012676690e-03,3.4924114160e+00
14.600000,1.0012799366e-03,3.3918792437e+00
14.650000,9.9966227770e-04,3.4753943379e+00
14.700000,1.0009799788e-03,3.4583502075e+00
14.750000,9.9952249151e-04,3.4312708498e+00
14.800000,1.0002119516e-03,3.4321332718e+00
14.850000,9.9886306750e-04,3.2801131098e+00
14.900000,1.0004587541e-03,3.1828914436e+00
14.950000,9.9973558756e-04,3.3692563367e+00
15.000000,1.0004222603e-03,3.2509742887e+00
15.050000,9.9999492710e-04,3.3563147096e+00
15.100000,1.0001559876e-03,3.1930266913e+00
15.150000,9.9970184484e-04,3.3505765976e+00
15.200000,1.0005469172e-03,3.2358602630e+00
15.250000,9.9997898753e-04,3.2129245444e+00
15.300000,1.0008749246e-03,3.2572975422e+00
15.350000,1.0005085357e-03,3.1533351498e+00
15.400000,1.0014935110e-03,3.1303918027e+00
15.450000,1.0002145847e-03,3.1351135586e+00
15.500000,9.9972787744e-04,3.1072875652e+00
15.550000,9.9986216944e-04,3.2225905829e+00
15.600000,1.0007770513e-03,3.0995548573e+00
15.650000,1.0017275721e-03,3.0549237691e+00
15.700000,1.0002989798e-03,3.0750120665e+00
15.750000,1.0000749384e-03,3.1633433851e+00
15.800000,1.0005831206e-03,2.9607853841e+00
15.850000,9.9915744386e-04,3.0713786294e+00
15.900000,9.9956858200e-04,2.9574018345e+00
15.950000,9.9998801423e-04,2.9888495092e+00
16.000000,9.9852646231e-04,2.9777808533e+00
16.050000,9.9943451562e-04,3.0494303315e+00
16.100000,1.0001183949e-03,2.9573869465e+00
16.150000,9.9991499974e-04,2.9640937734e+00
16.200000,9.9903264719e-04,2.8994707520e+00
16.250000,9.9968960681e-04,2.8828951777e+00
16.300000,1.0026028759e-03,2.8543358807e+00
16.350000,1.0012403695e-03,2.8494759490e+00
16.400000,9.9980448466e-04,2.8733691563e+00
16.450000,9.9861672775e-04,2.8792457900e+00
16.500000,1.0007726054e-03,2.7335324704e+00
16.550000,1.0011426132e-03,2.9060141192e+00
16.600000,9.9925295733e-04,2.8895612476e+00
16.650000,9.9949811591e-04,2.7613323131e+00
16.700000,9.9943106572e-04,2.7580849226e+00
16.750000,1.0007913132e-03,2.8723795844e+00
16.800000,9.9800132844e-04,2.7621736688e+00
16.850000,9.9904005415e-04,2.7618978441e+00
16.900000,1.0001914137e-03,2.7935072397e+00
16.950000,9.9901309081e-04,2.7074030699e+00
17.000000,9.9906666872e-04,2.7303984511e+00
17.050000,9.9969004397e-04,2.7242848907e+00
17.100000,1.0016060234e-03,2.6779787031e+00
17.150000,1.0004993989e-03,2.6115849590e+00
17.200000,9.9857296904e-04,2.6707280463e+00
17.250000,1.0002563044e-03,2.6330665653e+00
17.300000,9.9938277080e-04,2.6874003204e+00
17.350000,9.9892174668e-04,2.7220135821e+00
17.400000,9.9933678453e-04,2.6963973010e+00
17.450000,1.0000606358e-03,2.6421114313e+00
17.500000,1.0000375811e-03,2.6062061440e+00
17.550000,1.0008471129e-03,2.6516290801e+00
17.600000,1.0005413899e-03,2.6725103794e+00
17.650000,1.0007919443e-03,2.5516457763e+00
17.700000,1.0013609103e-03,2.5517658221e+00
17.750000,9.9901787150e-04,2.6863475596e+00
17.800000,1.0004981524e-03,2.5553492854e+00
17.850000,1.0010990780e-03,2.4674125582e+00
17.900000,1.0016203386e-03,2.5166326092e+00
17.950000,9.9990194272e-04,2.6197810931e+00
18.000000,1.0000964595e-03,2.5382474747e+00
18.050000,1.0003912614e-03,2.5329021194e+00
18.100000,1.0007539118e-03,2.4525537728e+00
18.150000,9.9790500086e-04,2.5183614580e+00
18.200000,1.0007962544e-03,2.5211266753e+00
18.250000,1.0009660523e-03,2.4300775877e+00
18.300000,9.9972682241e-04,2.4099662603e+00
18.350000,9.9912199519e-04,2.4422259957e+00
18.400000,1.0015582826e-03,2.4418026321e+00
18.450000,1.0005530848e-03,2.4194420591e+00
18.500000,9.9853751214e-04,2.4344468903e+00
18.550000,1.0001916304e-03,2.4732284993e+00
18.600000,9.9898395199e-04,2.4599341651e+00
18.650000,9.9967327315e-04,2.4809642184e+00
18.700000,9.9966444728e-04,2.3860934396e+00
18.750000,9.9914601289e-04,2.4572992502e+00
18.800000,1.0007009276e-03,2.3652159779e+00
18.850000,9.9930478830e-04,2.4112278773e+00
18.900000,9.9929127162e-04,2.4034947918e+00
18.950000,9.9834400065e-04,2.4049594069e+00
19.000000,9.9975891465e-04,2.3127286232e+00
19.050000,1.0010768030e-03,2.3151657328e+00
19.100000,1.0007802691e-03,2.3059454639e+00
19.150000,1.0002283203e-03,2.3069995576e+00
19.200000,9.9995826206e-04,2.3523630970e+00
19.250000,1.0008952838e-03,2.3004982082e+00
19.300000,9.9973521522e-04,2.2731617972e+00
19.350000,1.0006498411e-03,2.2973846264e+00
19.400000,9.9861666808e-04,2.2793544857e+00
19.450000,1.0002332496e-03,2.2821314661e+00
19.500000,9.9946602154e-04,2.3438457483e+00
19.550000,9.9877889525e-04,2.2949243371e+00
19.600000,9.9855991514e-04,2.3489745904e+00
19.650000,9.9814069694e-04,2.2765543032e+00
19.700000,1.0012854862e-03,2.3029740443e+00
19.750000,1.0006503544e-03,2.2325674976e+00
19.800000,1.0015946291e-03,2.3269052775e+00
19.850000,1.0001446597e-03,2.3111050001e+00
19.900000,1.0016776450e-03,2.2689105762e+00
19.950000,1.0000295819e-03,2.2195129648e+00
20.000000,1.0005916459e-03,2.1911840247e+00
20.050000,1.0002471242e-03,2.1615368995e+00
20.100000,9.9922299783e-04,2.1289539450e+00
20.150000,1.0007226599e-03,2.2136342442e+00
20.200000,9.9999928018e-04,2.2701534349e+00
20.250000,9.9777605606e-04,2.1523049497e+00
20.300000,9.9990890994e-04,2.2316683811e+00
20.350000,1.0004356524e-03,2.1464460899e+00
20.400000,9.9991093273e-04,2.1988775113e+00
20.450000,1.0006734273e-03,2.2204561555e+00
20.500000,9.9933834134e-04,2.1247653435e+00
20.550000,9.9874875683e-04,2.1888631538e+00
20.600000,9.9952458679e-04,2.1629595467e+00
20.650000,9.9939180393e-04,2.1367690407e+00
20.700000,1.0011387066e-03,2.0910440019e+00
20.750000,9.9962609802e-04,2.1340843911e+00
20.800000,1.0001981219e-03,2.1212721561e+00
20.850000,9.9957065865e-04,2.2107032196e+00
20.900000,1.0003291221e-03,2.0631994593e+00
20.950000,9.9920767239e-04,2.1425546486e+00
21.000000,9.9999795116e-04,2.0738301085e+00
21.050000,1.0004149795e-03,2.0882617321e+00
21.100000,1.0001300333e-03,2.0991569501e+00
21.150000,9.9779516299e-04,2.0769287916e+00
21.200000,1.0013250472e-03,2.1275776272e+00
21.250000,9.9998187408e-04,2.0429036651e+00
21.300000,1.0011257339e-03,2.0977722583e+00
21.350000,1.0009954059e-03,2.0531641004e+00
21.400000,9.9940702160e-04,1.9988446767e+00
21.450000,1.0002598123e-03,2.1168574594e+00
21.500000,1.0014069243e-03,2.0157249275e+00
21.550000,1.0014897992e-03,2.0579561422e+00
21.600000,1.0016639521e-03,2.0362359167e+00
21.650000,1.0008050886e-03,2.0089037934e+00
21.700000,1.0019581633e-03,2.1054268745e+00
21.750000,1.0001965153e-03,2.1177112408e+00
21.800000,1.0001437422e-03,1.9882869767e+00
21.850000,9.9953658150e-04,2.0801127583e+00
21.900000,9.9911206920e-04,2.0658381256e+00
21.950000,1.0006865053e-03,2.0179453727e+00
22.000000,1.0000991868e-03,2.0068540306e+00
22.050000,1.0005823963e-03,1.9811074833e+00
22.100000,1.0011441295e-03,1.9382219143e+00
22.150000,1.0014780159e-03,1.9926341488e+00
22.200000,9.9965543709e-04,2.0603624327e+00
22.250000,1.0005579176e-03,1.9711009867e+00
22.300000,1.0000652829e-03,1.9980827883e+00
22.350000,9.9986637869e-04,1.9530630933e+00
22.400000,1.0004556429e-03,1.9580205628e+00
22.450000,9.9941965437e-04,1.9217336259e+00
22.500000,9.9982514169e-04,1.9878673751e+00
22.550000,9.9795908092e-04,1.9407903810e+00
22.600000,1.0007605080e-03,1.9817385417e+00
22.650000,1.0002275913e-03,1.9688108621e+00
22.700000,9.9950156870e-04,1.9157965018e+00
22.750000,9.9933142097e-04,1.9625747918e+00
22.800000,1.0004766733e-03,2.0122296268e+00
22.850000,1.0006433713e-03,1.9239888526e+00
22.900000,9.9988244964e-04,1.9677789136e+00
22.950000,9.9891762016e-04,1.9038480632e+00
23.000000,1.0011906261e-03,1.9913111580e+00
23.050000,1.0022091154e-03,1.9439639896e+00
23.100000,1.0006248028e-03,1.9438481868e+00
23.150000,1.0003689693e-03,1.9244836772e+00
23.200000,9.9917291742e-04,1.8762682671e+00
23.250000,1.0005125789e-03,1.9688958898e+00
23.300000,9.9974532309e-04,1.9529414676e+00
23.350000,9.9918952588e-04,1.9288385862e+00
23.400000,1.0012247886e-03,1.9404068712e+00
23.450000,1.0002198301e-03,1.9270736865e+00
23.500000,9.9996440203e-04,1.9717236089e+00
23.550000,1.0002827330e-03,1.9324269198e+00
23.600000,9.9873039071e-04,1.8624364715e+00
23.650000,1.0000052109e-03,1.8599647141e+00
23.700000,9.9844150428e-04,1.9016556487e+00
23.750000,1.0009911291e-03,1.9246644948e+00
23.800000,1.0008546137e-03,1.9412632347e+00
23.850000,9.9921550125e-04,1.9498002748e+00
23.900000,9.9931083883e-04,1.9591208660e+00
23.950000,9.9886341401e-04,1.8586603682e+00
24.000000,9.9865040925e-04,1.9647243009e+00
24.050000,1.0000281147e-03,1.8788477910e+00
24.100000,9.9969964550e-04,1.8476890754e+00
24.150000,1.0009415641e-03,1.8083984905e+00
24.200000,9.9964831530e-04,1.9063367513e+00
24.250000,9.9863734207e-04,1.8280404706e+00
24.300000,9.9943462216e-04,1.8486328528e+00
24.350000,1.0007108412e-03,1.8479761757e+00
24.400000,1.0014188248e-03,1.7771489206e+00
24.450000,9.9862371597e-04,1.8719457490e+00
24.500000,9.9874343107e-04,1.8863402474e+00
24.550000,9.9911258612e-04,1.8311210652e+00
24.600000,9.9882687503e-04,1.8468557342e+00
24.650000,1.0007992098e-03,1.8059645530e+00
24.700000,9.9881196659e-04,1.9105080209e+00
24.750000,9.9911339289e-04,1.8680132251e+00
24.800000,9.9866776999e-04,1.8630450830e+00
24.850000,9.9849009079e-04,1.9079822357e+00
24.900000,1.0013332684e-03,1.8451751280e+00
24.950000,9.9884227384e-04,1.8041973464e+00
25.000000,1.0010555540e-03,1.8422814343e+00
25.050000,9.9910412756e-04,1.8034866422e+00
25.100000,9.9976224394e-04,1.8884101109e+00
25.150000,9.9915153768e-04,1.8634295559e+00
25.200000,9.9893523500e-04,1.8313623017e+00
25.250000,1.0004042027e-03,1.7467471667e+00
25.300000,9.9864851165e-04,1.8376520373e+00
25.350000,9.9937549692e-04,1.8129913642e+00
25.400000,9.9939700067e-04,1.8156683382e+00
25.450000,1.0004012869e-03,1.8205812501e+00
25.500000,9.9954725262e-04,1.7722399772e+00
25.550000,9.9996167258e-04,1.7419959069e+00
25.600000,9.9946615278e-04,1.7547085520e+00
25.650000,9.9914245793e-04,1.8667968712e+00
25.700000,1.0015318046e-03,1.7815468691e+00
25.750000,9.9927024585e-04,1.7556609517e+00
25.800000,9.9974048882e-04,1.8181580377e+00
25.850000,1.0006023502e-03,1.7834348000e+00
25.900000,1.0013745784e-03,1.8980873879e+00
25.950000,9.9894439467e-04,1.7829549496e+00
26.000000,9.9914381219e-04,1.7134259449e+00
26.050000,1.0009010522e-03,1.7270834700e+00
26.100000,9.9932946566e-04,1.7868773355e+00
26.150000,9.9881424002e-04,1.7819102039e+00
26.200000,9.9881257659e-04,1.7686417047e+00
26.250000,1.0018723723e-03,1.7729664813e+00
26.300000,9.9860291382e-04,1.8149577203e+00
26.350000,1.0005579500e-03,1.8134283659e+00
26.400000,1.0004879557e-03,1.7434305811e+00
26.450000,1.0012351840e-03,1.7278344345e+00
26.500000,1.0001816948e-03,1.8032951742e+00
26.550000,9.9720360445e-04,1.7470816880e+00
26.600000,1.0010692219e-03,1.7792833828e+00
26.650000,9.9967480639e-04,1.7465751901e+00
26.700000,9.9896878386e-04,1.7418438663e+00
26.750000,1.0016939682e-03,1.7767812829e+00
26.800000,1.0000095360e-03,1.7797801426e+00
26.850000,9.9991648846e-04,1.7190207657e+00
26.900000,1.0026314698e-03,1.7893899161e+00
26.950000,1.0014872606e-03,1.7215543344e+00
27.000000,9.9941204878e-04,1.7427481616e+00
27.050000,1.0003062940e-03,1.7830621415e+00
27.100000,9.9948965982e-04,1.6762246499e+00
27.150000,1.0000410776e-03,1.7112212959e+00
27.200000,1.0019838053e-03,1.7651534082e+00
27.250000,1.0007423923e-03,1.6786234663e+00
27.300000,9.9975240815e-04,1.7109800453e+00
27.350000,1.0001629086e-03,1.7458503488e+00
27.400000,1.0008558159e-03,1.7087381958e+00
27.450000,1.0001378559e-03,1.8158650814e+00
27.500000,1.0018480374e-03,1.7312398717e+00
27.550000,9.9883936781e-04,1.7875057346e+00
27.600000,9.9962331376e-04,1.7225627398e+00
27.650000,9.9940940798e-04,1.7549853766e+00
27.700000,1.0008823392e-03,1.7950221699e+00
27.750000,9.9987241950e-04,1.7247580355e+00
27.800000,9.9889716576e-04,1.7014065971e+00
27.850000,1.0005133920e-03,1.7455216612e+00
27.900000,9.9981733060e-04,1.6904710862e+00
27.950000,1.0003732167e-03,1.7201682622e+00
28.000000,1.0009011832e-03,1.6797144588e+00
28.050000,1.0002303913e-03,1.7394926636e+00
28.100000,9.9946391941e-04,1.7003785936e+00
28.150000,9.9873041336e-04,1.7633131566e+00
28.200000,9.9926473890e-04,1.7061697936e+00
28.250000,1.0003359193e-03,1.6945008332e+00
28.300000,1.0003909499e-03,1.6795886810e+00
28.350000,9.9888927584e-04,1.7568985112e+00
28.400000,1.0003320530e-03,1.7669089399e+00
28.450000,1.0007669740e-03,1.7091370473e+00
28.500000,9.9968983638e-04,1.7413150230e+00
28.550000,1.0002220535e-03,1.7686128939e+00
28.600000,9.9952752907e-04,1.7055807212e+00
28.650000,1.0004665210e-03,1.7392935333e+00
28.700000,9.9978822888e-04,1.7544012707e+00
28.750000,9.9927923782e-04,1.6782918121e+00
28.800000,1.0000734553e-03,1.6526844143e+00
28.850000,1.0015815966e-03,1.6990535253e+00
28.900000,1.0017530057e-03,1.6934736425e+00
28.950000,9.9804142751e-04,1.7405528679e+00
29.000000,9.9953074307e-04,1.7196549417e+00
29.050000,1.0011738220e-03,1.7438404144e+00
29.100000,1.0007770825e-03,1.7655958334e+00
29.150000,9.9911280521e-04,1.7348787901e+00
29.200000,9.9967337884e-04,1.6817041580e+00
29.250000,1.0013589775e-03,1.7059676686e+00
29.300000,1.0001739776e-03,1.6699072038e+00
29.350000,1.0010906045e-03,1.7237843438e+00
29.400000,9.9954245451e-04,1.6954310842e+00
29.450000,1.0008306771e-03,1.6652835481e+00
29.500000,9.9951003207e-04,1.6225153241e+00
29.550000,9.9843371345e-04,1.6863653877e+00
29.600000,9.9886612416e-04,1.6988867230e+00
29.650000,9.9943555085e-04,1.6699456859e+00
29.700000,9.9984390750e-04,1.7368293499e+00
29.750000,9.9966752044e-04,1.7116468626e+00
29.800000,1.0002048384e-03,1.7290843402e+00
29.850000,9.9851478406e-04,1.7376777878e+00
29.900000,1.0004898047e-03,1.6129783801e+00
29.950000,9.9888557526e-04,1.6123464895e+00
30.000000,9.9988942339e-04,1.6423366214e+00
30.050000,1.0007698526e-03,1.6599500910e+00
30.100000,1.0015140752e-03,1.7153339764e+00
30.150000,1.0003134175e-03,1.6591920983e+00
30.200000,9.9878750571e-04,1.7221435096e+00
30.250000,1.0000560880e-03,1.7204831400e+00
30.300000,9.9995697029e-04,1.6658973172e+00
30.350000,9.9930544045e-04,1.6680184840e+00
30.400000,9.9989029416e-04,1.6769672323e+00
30.450000,1.0000998418e-03,1.7192596909e+00
30.500000,1.0011728994e-03,1.6598072203e+00
30.550000,1.0006551209e-03,1.7008841064e+00
30.600000,1.0003507298e-03,1.5888764043e+00
30.650000,9.9932494474e-04,1.6466394275e+00
30.700000,9.9951287791e-04,1.6858219245e+00
30.750000,9.9996184664e-04,1.7272672859e+00
30.800000,9.9997509310e-04,1.6430625073e+00
30.850000,1.0015326798e-03,1.6560974305e+00
30.900000,9.9960502179e-04,1.6859419075e+00
30.950000,9.9876646466e-04,1.6876822790e+00
31.000000,1.0004916855e-03,1.6452012638e+00
31.050000,1.0008814272e-03,1.6547544947e+00
31.100000,9.9919501057e-04,1.6641511039e+00
31.150000,1.0007652121e-03,1.7166377363e+00
31.200000,9.9965351359e-04,1.7162281467e+00
31.250000,1.0008185181e-03,1.6707902380e+00
31.300000,1.0018683243e-03,1.6622299372e+00
31.350000,9.9968900784e-04,1.6942265983e+00
31.400000,9.9934440293e-04,1.6276256969e+00
31.450000,1.0006361310e-03,1.6653494334e+00
31.500000,9.9944803047e-04,1.7077874783e+00
31.550000,1.0008425878e-03,1.6963458948e+00
31.600000,1.0001692649e-03,1.6355266857e+00
31.650000,9.9955810919e-04,1.7522708914e+00
31.700000,9.9947256453e-04,1.6951550895e+00
31.750000,9.9916043316e-04,1.6386549789e+00
31.800000,1.0013865209e-03,1.6486615506e+00
31.850000,1.0009242807e-03,1.7437024826e+00
31.900000,9.9850673429e-04,1.7089160087e+00
31.950000,9.9909306196e-04,1.6384130556e+00
32.000000,1.0005884246e-03,1.6518489723e+00
32.050000,1.0004568885e-03,1.6844539388e+00
32.100000,1.0003133261e-03,1.7155987030e+00
32.150000,9.9954499651e-04,1.6253062572e+00
32.200000,1.0002497675e-03,1.6584115206e+00
32.250000,9.9950875172e-04,1.6765710768e+00
32.300000,1.0003520678e-03,1.6504266559e+00
32.350000,1.0018157501e-03,1.6923825722e+00
32.400000,1.0025789865e-03,1.6510702302e+00
32.450000,1.0001380310e-03,1.6558817320e+00
32.500000,9.9826338379e-04,1.6714041298e+00
32.550000,9.9872469413e-04,1.6419867828e+00
32.600000,9.9972959592e-04,1.6108307972e+00
32.650000,9.9978229543e-04,1.5899071421e+00
32.700000,1.0001989288e-03,1.6337598388e+00
32.750000,1.0006015889e-03,1.6748006228e+00
32.800000,1.0012914703e-03,1.6193793977e+00
32.850000,1.0013246152e-03,1.6522502070e+00
32.900000,1.0003148865e-03,1.6849469222e+00
32.950000,1.0013402327e-03,1.7199907818e+00
33.000000,1.0001196237e-03,1.6385793320e+00
33.050000,9.9928900954e-04,1.6799160976e+00
33.100000,1.0003358764e-03,1.6352839155e+00
33.150000,1.0013350670e-03,1.6834462573e+00
33.200000,9.9987589974e-04,1.6675605931e+00
33.250000,9.9984276496e-04,1.6136073668e+00
33.300000,1.0004073399e-03,1.6822797048e+00
33.350000,9.9981238576e-04,1.5895331504e+00
33.400000,9.9898055867e-04,1.5812942334e+00
33.450000,1.0001138060e-03,1.6298239734e+00
33.500000,1.0006063116e-03,1.6743406998e+00
33.550000,1.0004337084e-03,1.6812684619e+00
33.600000,9.9904594118e-04,1.6187789026e+00
33.650000,9.9914912211e-04,1.6337042015e+00
33.700000,9.9792874529e-04,1.6745947854e+00
33.750000,1.0010989826e-03,1.5683106928e+00
33.800000,1.0002822622e-03,1.6378894721e+00
33.850000,1.0009094125e-03,1.6149479946e+00
33.900000,1.0009602509e-03,1.6282252531e+00
33.950000,9.9930304511e-04,1.6568682354e+00
34.000000,1.0016452348e-03,1.6629094322e+00
34.050000,9.9946102907e-04,1.5812935236e+00
34.100000,1.0000134821e-03,1.6842003645e+00
34.150000,9.9993074289e-04,1.6493542434e+00
34.200000,9.9828926297e-04,1.6328841553e+00
34.250000,1.0004549940e-03,1.6001954496e+00
34.300000,9.9979998620e-04,1.6035251651e+00
34.350000,1.0004011399e-03,1.6430500718e+00
34.400000,9.9997959689e-04,1.5497619824e+00
34.450000,1.0002114879e-03,1.6243528764e+00
34.500000,1.0000880501e-03,1.6718825076e+00
34.550000,9.9893200682e-04,1.6442787038e+00
34.600000,9.9942739904e-04,1.6620633804e+00
34.650000,9.9999833302e-04,1.6416092377e+00
34.700000,9.9944508688e-04,1.6512911741e+00
34.750000,9.9786986830e-04,1.5478831831e+00
34.800000,1.0011729434e-03,1.5661881178e+00
34.850000,1.0000396413e-03,1.6774626078e+00
34.900000,9.9978508220e-04,1.6255451843e+00
34.950000,1.0006942608e-03,1.5811289784e+00
35.000000,1.0003640909e-03,1.6576892269e+00
35.050000,1.0010110642e-03,1.6202299875e+00
35.100000,1.0007564652e-03,1.6489031013e+00
35.150000,9.9973468984e-04,1.5974326206e+00
35.200000,9.9942772571e-04,1.5826415649e+00
35.250000,1.0008617760e-03,1.6419204535e+00
35.300000,9.9916197803e-04,1.6328929111e+00
35.350000,1.0002576554e-03,1.6039197596e+00
35.400000,9.9924772891e-04,1.6005849424e+00
35.450000,1.0004183241e-03,1.6275381132e+00
35.500000,9.9989105431e-04,1.5944517553e+00
35.550000,9.9979860335e-04,1.6185997384e+00
35.600000,9.9959616488e-04,1.5745081578e+00
35.650000,9.9928014339e-04,1.7052235698e+00
35.700000,9.9903670586e-04,1.6470327053e+00
35.750000,9.9960608877e-04,1.6250491381e+00
35.800000,9.9858109068e-04,1.6455574059e+00
35.850000,9.9936905514e-04,1.6217733031e+00
35.900000,1.0000156467e-03,1.6590435161e+00
35.950000,1.0014539623e-03,1.6027390151e+00
36.000000,9.9985265395e-04,1.6213483724e+00
36.050000,1.0010630867e-03,1.6603837109e+00
36.100000,1.0005311409e-03,1.6319330248e+00
36.150000,1.0001250006e-03,1.6381010401e+00
36.200000,9.9857078991e-04,1.6454953698e+00
36.250000,9.9852470585e-04,1.5853877454e+00
36.300000,9.9897248597e-04,1.6052777404e+00
36.350000,1.0000805603e-03,1.5775618894e+00
36.400000,9.9908549477e-04,1.6276859667e+00
36.450000,1.0011899842e-03,1.6471405340e+00
36.500000,9.9953620428e-04,1.6345256538e+00
36.550000,9.9941965749e-04,1.6140627164e+00
36.600000,9.9870604566e-04,1.6224111401e+00
36.650000,1.0009790708e-03,1.5968198851e+00
36.700000,9.9900583450e-04,1.6731400137e+00
36.750000,1.0004538839e-03,1.6426601252e+00
36.800000,9.9947248330e-04,1.6139200583e+00
36.850000,9.9979700688e-04,1.6405797441e+00
36.900000,1.0008938716e-03,1.6014483610e+00
36.950000,1.0008264818e-03,1.5261912166e+00
37.000000,9.9947803997e-04,1.5976444040e+00
37.050000,1.0007167150e-03,1.5823715274e+00
37.100000,9.9931807277e-04,1.6759888589e+00
37.150000,9.9999110199e-04,1.6403706830e+00
37.200000,1.0005708091e-03,1.6091968193e+00
37.250000,1.0007260324e-03,1.6264494159e+00
37.300000,1.0000658388e-03,1.6705142019e+00
37.350000,1.0011183642e-03,1.6558425142e+00
37.400000,1.0006703936e-03,1.6650829966e+00
37.450000,9.9809777771e-04,1.6279719065e+00
37.500000,9.9878620170e-04,1.6623379678e+00
37.550000,9.9826625445e-04,1.6738529329e+00
37.600000,9.9927904649e-04,1.6428689702e+00
37.650000,9.9922883472e-04,1.5788146542e+00
37.700000,1.0013249793e-03,1.5953788814e+00
37.750000,1.0002207363e-03,1.6218734548e+00
37.800000,1.0016255975e-03,1.6290429050e+00
37.850000,9.9988131159e-04,1.6206611020e+00
37.900000,1.0006969276e-03,1.5832100921e+00
37.950000,1.0003488955e-03,1.6690976323e+00
38.000000,1.0005667970e-03,1.6515044438e+00
38.050000,9.9917487805e-04,1.5970700356e+00
38.100000,1.0004691153e-03,1.5930824017e+00
38.150000,1.0006551700e-03,1.6072820092e+00
38.200000,1.0005394023e-03,1.5641908899e+00
38.250000,9.9772491699e-04,1.6061828016e+00
38.300000,9.9941600718e-04,1.6423123679e+00
38.350000,9.9930957645e-04,1.6252935954e+00
38.400000,9.9995472768e-04,1.6048590950e+00
38.450000,1.0001166949e-03,1.6430622537e+00
38.500000,9.9912377016e-04,1.6413939454e+00
38.550000,9.9880273651e-04,1.6457824189e+00
38.600000,1.0005800295e-03,1.6449167622e+00
38.650000,1.0003995471e-03,1.6474005449e+00
38.700000,1.0012164434e-03,1.6133561071e+00
38.750000,9.9792012850e-04,1.6604551199e+00
38.800000,1.0001523462e-03,1.6059721227e+00
38.850000,9.9983735175e-04,1.6103265896e+00
38.900000,9.9973414559e-04,1.6161711623e+00
38.950000,9.9989146699e-04,1.6118785631e+00
39.000000,1.0005799550e-03,1.5703920926e+00
39.050000,9.9989898481e-04,1.6123634831e+00
39.100000,1.0005703856e-03,1.6182848047e+00
39.150000,9.9904769390e-04,1.6205589536e+00
39.200000,9.9939948329e-04,1.5976655680e+00
39.250000,9.9907827150e-04,1.6467571171e+00
39.300000,1.0008208416e-03,1.6079074561e+00
39.350000,9.9994735100e-04,1.5814147414e+00
39.400000,9.9941023020e-04,1.5847998646e+00
39.450000,9.9966888487e-04,1.6075895588e+00
39.500000,1.0002214609e-03,1.6183042937e+00
39.550000,1.0010362952e-03,1.6188124785e+00
39.600000,1.0010940726e-03,1.5915093972e+00
39.650000,1.0004584761e-03,1.6090811524e+00
39.700000,9.9986243361e-04,1.6453042456e+00
39.750000,9.9884188055e-04,1.5866457740e+00
39.800000,9.9828243102e-04,1.5914110387e+00
39.850000,1.0023414612e-03,1.6009660369e+00
39.900000,1.0010038038e-03,1.5800384578e+00
39.950000,9.9878555261e-04,1.6129858278e+00
40.000000,9.9885541537e-04,1.5604178589e+00
40.050000,9.9886152752e-04,1.5668992264e+00
40.100000,1.0002008701e-03,1.5944593978e+00
40.150000,9.9840368725e-04,1.5617730642e+00
40.200000,9.9982918915e-04,1.6499980343e+00
40.250000,9.9962069878e-04,1.5444412218e+00
40.300000,1.0006749391e-03,1.6257298007e+00
40.350000,9.9919356590e-04,1.5640001261e+00
40.400000,1.0009404678e-03,1.6151593664e+00
40.450000,9.9950962528e-04,1.6531991239e+00
40.500000,9.9751400542e-04,1.6304927270e+00
40.550000,1.0010242652e-03,1.6056936171e+00
40.600000,1.0002482895e-03,1.5864014169e+00
40.650000,1.0007954841e-03,1.5706135371e+00
40.700000,1.0002422298e-03,1.6224551923e+00
40.750000,1.0011233699e-03,1.6180272283e+00
40.800000,9.9807986812e-04,1.5890134959e+00
40.850000,1.0010183427e-03,1.5905338169e+00
40.900000,1.0002863726e-03,1.6165760945e+00
40.950000,1.0015750424e-03,1.5986395666e+00
41.000000,1.0020661175e-03,1.6245229248e+00
41.050000,9.9960449661e-04,1.6056962171e+00
41.100000,1.0002927700e-03,1.5820052069e+00
41.150000,1.0010171070e-03,1.6064694177e+00
41.200000,1.0011700067e-03,1.4942769842e+00
41.250000,9.9923213391e-04,1.6037145773e+00
41.300000,1.0001114875e-03,1.5883477274e+00
41.350000,1.0008269898e-03,1.5188185044e+00
41.400000,1.0001861484e-03,1.6206120724e+00
41.450000,9.9824507001e-04,1.6020295604e+00
41.500000,1.0010193572e-03,1.6271065430e+00
41.550000,9.9994562159e-04,1.5534061955e+00
41.600000,1.0012945458e-03,1.5760299208e+00
41.650000,9.9952217376e-04,1.5912179887e+00
41.700000,9.9959784110e-04,1.6210298876e+00
41.750000,9.9897110301e-04,1.6000943604e+00
41.800000,9.9832764834e-04,1.5561539596e+00
41.850000,9.9818157425e-04,1.5496954342e+00
41.900000,9.9798778903e-04,1.6050667477e+00
41.950000,1.0001616223e-03,1.6983424948e+00
42.000000,9.9875216195e-04,1.6425471279e+00
42.050000,9.9888498699e-04,1.5315199893e+00
42.100000,9.9939606924e-04,1.5919814282e+00
42.150000,9.9976431154e-04,1.6097311769e+00
42.200000,1.0000112525e-03,1.6169329084e+00
42.250000,1.0000884245e-03,1.6413149676e+00
42.300000,9.9963641321e-04,1.6150737497e+00
42.350000,9.9979411542e-04,1.6344147537e+00
42.400000,9.9938450691e-04,1.5792703124e+00
42.450000,1.0010089655e-03,1.5802507187e+00
42.500000,9.9979384120e-04,1.5645251871e+00
42.550000,9.9945417243e-04,1.4947446760e+00
42.600000,1.0004445558e-03,1.6204539878e+00
42.650000,9.9891857192e-04,1.6149782486e+00
42.700000,9.9925023558e-04,1.5355886945e+00
42.750000,1.0016835538e-03,1.6738219954e+00
42.800000,9.9958653459e-04,1.5917868765e+00
42.850000,9.9975147785e-04,1.5929490507e+00
42.900000,1.0007999548e-03,1.6754175982e+00
42.950000,1.0013363881e-03,1.5910335404e+00
43.000000,1.0002266491e-03,1.6030689268e+00
43.050000,1.0005591173e-03,1.6074300791e+00
43.100000,9.9976180370e-04,1.6231479973e+00
43.150000,1.0013716412e-03,1.6214969193e+00
43.200000,1.0003641683e-03,1.6309481140e+00
43.250000,1.0002060244e-03,1.6444010930e+00
43.300000,1.0009223472e-03,1.6007438807e+00
43.350000,1.0005103486e-03,1.6159131665e+00
43.400000,1.0010820428e-03,1.6350863885e+00
43.450000,9.9960078953e-04,1.6096137880e+00
43.500000,9.9896659550e-04,1.5678374496e+00
43.550000,9.9818806924e-04,1.5986422350e+00
43.600000,9.9819451949e-04,1.6292417649e+00
43.650000,9.9955792768e-04,1.6203428590e+00
43.700000,1.0005308626e-03,1.5849714027e+00
43.750000,1.0000428911e-03,1.5724073369e+00
43.800000,9.9981394452e-04,1.6326487943e+00
43.850000,1.0018925571e-03,1.6116948756e+00
43.900000,1.0007396339e-03,1.6332054678e+00
43.950000,1.0013916265e-03,1.6136052948e+00
44.000000,1.0008509780e-03,1.5533451053e+00
44.050000,1.0009498030e-03,1.6016845735e+00
44.100000,1.0006365773e-03,1.5377745333e+00
44.150000,1.0008490925e-03,1.6034373238e+00
44.200000,9.9736831699e-04,1.5783210699e+00
44.250000,9.9836741052e-04,1.6102076315e+00
44.300000,1.0008807513e-03,1.6233061875e+00
44.350000,9.9946805009e-04,1.6663960572e+00
44.400000,1.0006161380e-03,1.6425201370e+00
44.450000,1.0003070120e-03,1.5866308074e+00
44.500000,9.9996162070e-04,1.6001983249e+00
44.550000,1.0006604330e-03,1.5759202920e+00
44.600000,1.0000386943e-03,1.5725640608e+00
44.650000,1.0002131071e-03,1.5857299954e+00
44.700000,1.0012166867e-03,1.6067643466e+00
44.750000,1.0010334647e-03,1.6009972472e+00
44.800000,9.9976805458e-04,1.5305557156e+00
44.850000,9.9900786607e-04,1.6136955310e+00
44.900000,1.0006175119e-03,1.6223983461e+00
44.950000,9.9867253863e-04,1.6148151684e+00
45.000000,1.0007866526e-03,1.7272809221e+00
45.050000,1.0002495755e-03,1.5963111422e+00
45.100000,9.9914365167e-04,1.5800487486e+00
45.150000,9.9843116113e-04,1.6064009256e+00
45.200000,1.0013249586e-03,1.5869397749e+00
45.250000,1.0007950062e-03,1.5810921020e+00
45.300000,9.9979245415e-04,1.6231904582e+00
45.350000,1.0006164453e-03,1.5442609703e+00
45.400000,1.0017855904e-03,1.6061682110e+00
45.450000,1.0013992180e-03,1.5576979816e+00
45.500000,9.9911928053e-04,1.5622601506e+00
45.550000,9.9919046515e-04,1.6161283867e+00
45.600000,9.9951399975e-04,1.6617293671e+00
45.650000,9.9964526356e-04,1.6060496374e+00
45.700000,9.9828111159e-04,1.5853997990e+00
45.750000,9.9913503653e-04,1.5789386433e+00
45.800000,1.0010913023e-03,1.6585873087e+00
45.850000,1.0010022070e-03,1.6731603186e+00
45.900000,1.0008543749e-03,1.5947692512e+00
45.950000,1.0002137000e-03,1.6125765404e+00
46.000000,9.9944919690e-04,1.6072252003e+00
46.050000,9.9887181165e-04,1.5342752886e+00
46.100000,9.9931486482e-04,1.6557140406e+00
46.150000,9.9820087923e-04,1.6008833123e+00
46.200000,9.9795013137e-04,1.6536770035e+00
46.250000,1.0004113525e-03,1.6064916023e+00
46.300000,1.0006241347e-03,1.6364362838e+00
46.350000,9.9806693029e-04,1.6490899654e+00
46.400000,9.9935180456e-04,1.5899504695e+00
46.450000,1.0008752663e-03,1.6385527792e+00
46.500000,1.0005274821e-03,1.5901634588e+00
46.550000,1.0009000457e-03,1.5592588593e+00
46.600000,9.9950068907e-04,1.6300226284e+00
46.650000,1.0004781219e-03,1.6298508688e+00
46.700000,1.0032308274e-03,1.5607258386e+00
46.750000,1.0011301189e-03,1.6305735524e+00
46.800000,1.0004019991e-03,1.6127786218e+00
46.850000,9.9935391654e-04,1.5810639839e+00
46.900000,1.0003656683e-03,1.5901061288e+00
46.950000,9.9996967018e-04,1.6255961486e+00
47.000000,9.9863115017e-04,1.6282437364e+00
47.050000,1.0001348457e-03,1.6143473142e+00
47.100000,9.9828244310e-04,1.5948712098e+00
47.150000,1.0011175931e-03,1.6017421128e+00
47.200000,9.9946143651e-04,1.6301774033e+00
47.250000,1.0012304992e-03,1.5971650067e+00
47.300000,1.0007572365e-03,1.5741013162e+00
47.350000,9.9987814442e-04,1.6212074457e+00
47.400000,9.9991089810e-04,1.6107191958e+00
47.450000,9.9856686400e-04,1.6026938892e+00
47.500000,1.0006970591e-03,1.5678974519e+00
47.550000,1.0013159569e-03,1.5757413168e+00
47.600000,1.0000826204e-03,1.5694220804e+00
47.650000,1.0011418118e-03,1.5668108046e+00
47.700000,1.0001604551e-03,1.6306886937e+00
47.750000,9.9985676640e-04,1.6090890302e+00
47.800000,9.9937857374e-04,1.5900720297e+00
47.850000,9.9955837192e-04,1.6329481866e+00
47.900000,1.0008892362e-03,1.6288040688e+00
47.950000,1.0006419583e-03,1.5599781566e+00
48.000000,9.9973045257e-04,1.6456717389e+00
48.050000,9.9807473438e-04,1.6097488862e+00
48.100000,9.9836857321e-04,1.5858434724e+00
48.150000,1.0008813769e-03,1.6100352563e+00
48.200000,1.0009766484e-03,1.6188371120e+00
48.250000,9.9931800542e-04,1.5625549204e+00
48.300000,1.0006898780e-03,1.6217240226e+00
48.350000,9.9910124412e-04,1.6377987682e+00
48.400000,1.0011331744e-03,1.6466858862e+00
48.450000,9.9907430607e-04,1.6177349651e+00
48.500000,9.9966378801e-04,1.6041298889e+00
48.550000,1.0001858963e-03,1.6008630261e+00
48.600000,9.9928057076e-04,1.5897622379e+00
48.650000,9.9833712434e-04,1.5968362387e+00
48.700000,1.0011179412e-03,1.6235460199e+00
48.750000,9.9948512770e-04,1.6110286107e+00
48.800000,9.9928303024e-04,1.6032631156e+00
48.850000,1.0016630520e-03,1.5590408825e+00
48.900000,1.0000498162e-03,1.5944285619e+00
48.950000,1.0012388421e-03,1.5794025814e+00
49.000000,9.9898010673e-04,1.5682668082e+00
49.050000,9.9858678386e-04,1.6362572111e+00
49.100000,1.0003879830e-03,1.5869093284e+00
49.150000,1.0011711992e-03,1.5884584534e+00
49.200000,1.0009423164e-03,1.6064753702e+00
49.250000,1.0017486209e-03,1.6289743580e+00
49.300000,9.9943125433e-04,1.5907759318e+00
49.350000,1.0007394382e-03,1.5916929996e+00
49.400000,1.0003629899e-03,1.6749572761e+00
49.450000,9.9854034547e-04,1.6220763658e+00
49.500000,9.9883721711e-04,1.5771555890e+00
49.550000,1.0013138209e-03,1.5700954703e+00
49.600000,1.0005970024e-03,1.5867251112e+00
49.650000,1.0009381623e-03,1.5388051599e+00
49.700000,9.9997562660e-04,1.5903104996e+00
49.750000,1.0012473380e-03,1.5858716576e+00
49.800000,9.9967918206e-04,1.6098988227e+00
49.850000,9.9947003873e-04,1.6419564758e+00
49.900000,1.0005378267e-03,1.6151026872e+00
49.950000,1.0015325354e-03,1.5727564769e+00
50.000000,1.0013248502e-03,1.5391184729e+00
50.050000,1.0003629860e-03,1.6699208256e+00
50.100000,9.9796333462e-04,1.6255508961e+00
50.150000,9.9976709914e-04,1.5617572938e+00
50.200000,1.0011433952e-03,1.5830667423e+00
50.250000,1.0019469276e-03,1.5724583051e+00
50.300000,9.9920304858e-04,1.5907072205e+00
50.350000,9.9996140291e-04,1.6096825331e+00
50.400000,1.0007239023e-03,1.6433849727e+00
50.450000,9.9906763061e-04,1.5659607865e+00
50.500000,9.9821927948e-04,1.6347374093e+00
50.550000,9.9949650510e-04,1.5456269328e+00
50.600000,1.0002922845e-03,1.5901797844e+00
50.650000,1.0009372822e-03,1.6584609021e+00
50.700000,9.9996536869e-04,1.5628190027e+00
50.750000,9.9996327876e-04,1.6571004735e+00
50.800000,1.0011573992e-03,1.6332890590e+00
50.850000,1.0002651247e-03,1.5411120102e+00
50.900000,9.9859237212e-04,1.6130608277e+00
50.950000,1.0015652299e-03,1.6462811091e+00
51.000000,9.9934444718e-04,1.5737081209e+00
51.050000,9.9840363291e-04,1.6378442319e+00
51.100000,1.0000484597e-03,1.6437969259e+00
51.150000,9.9977249687e-04,1.6061782261e+00
51.200000,1.0004616227e-03,1.5415154142e+00
51.250000,9.9960052621e-04,1.5702084378e+00
51.300000,1.0019343393e-03,1.5887699329e+00
51.350000,1.0001376607e-03,1.6472509275e+00
51.400000,9.9959347075e-04,1.5679298890e+00
51.450000,9.9922024294e-04,1.5619006607e+00
51.500000,1.0004466766e-03,1.5710027367e+00
51.550000,9.9915882987e-04,1.5934594209e+00
51.600000,9.9809838059e-04,1.6032640542e+00
51.650000,9.9912221749e-04,1.5920133237e+00
51.700000,1.0005744606e-03,1.6192492251e+00
51.750000,9.9868374337e-04,1.5347430597e+00
51.800000,9.9986957087e-04,1.5673395713e+00
51.850000,9.9929186302e-04,1.6739935223e+00
51.900000,9.9858006526e-04,1.6804777501e+00
51.950000,9.9918355496e-04,1.6082797791e+00
52.000000,9.9865476363e-04,1.5777035523e+00
52.050000,1.0003908923e-03,1.5815381341e+00
52.100000,1.0016313039e-03,1.6278166019e+00
52.150000,1.0006481320e-03,1.6147994269e+00
52.200000,1.0006661494e-03,1.5647651018e+00
52.250000,1.0003816836e-03,1.6405136636e+00
52.300000,1.0002164679e-03,1.5642374237e+00
52.350000,9.9869214731e-04,1.6503610550e+00
52.400000,1.0003560351e-03,1.5722662982e+00
52.450000,9.9998991818e-04,1.5520522390e+00
52.500000,1.0004299246e-03,1.5553045826e+00
52.550000,1.0000099686e-03,1.5844269505e+00
52.600000,9.9917218963e-04,1.5766524118e+00
52.650000,1.0015416623e-03,1.6054160664e+00
52.700000,1.0004263539e-03,1.6154003495e+00
52.750000,9.9963789842e-04,1.5725027601e+00
52.800000,9.9958436413e-04,1.6078693373e+00
52.850000,9.9953750979e-04,1.6316379778e+00
52.900000,9.9882792382e-04,1.5655625221e+00
52.950000,1.0005383508e-03,1.5986821162e+00
53.000000,9.9807448484e-04,1.6084688413e+00
53.050000,9.9957332905e-04,1.5826111568e+00
53.100000,9.9958594761e-04,1.5515249072e+00
53.150000,1.0004073882e-03,1.6177634139e+00
53.200000,1.0002892870e-03,1.5816278118e+00
53.250000,9.9851244898e-04,1.5631657311e+00
53.300000,9.9799729323e-04,1.6120719345e+00
53.350000,1.0016160632e-03,1.6071257371e+00
53.400000,9.9910478261e-04,1.5598995170e+00
53.450000,9.9929979696e-04,1.6669808758e+00
53.500000,9.9895828895e-04,1.6734286215e+00
53.550000,9.9983878619e-04,1.6342544195e+00
53.600000,1.0001469925e-03,1.5798530271e+00
53.650000,9.9765577959e-04,1.6059453961e+00
53.700000,1.0001126276e-03,1.6418913710e+00
53.750000,9.9933617507e-04,1.5863079536e+00
53.800000,9.9910112891e-04,1.6102161803e+00
53.850000,1.0013702202e-03,1.6288958015e+00
53.900000,9.9971716260e-04,1.5947180659e+00
53.950000,1.0006203038e-03,1.6056764860e+00
54.000000,1.0013728949e-03,1.5623245570e+00
54.050000,1.0002467870e-03,1.6495000600e+00
54.100000,9.9946402845e-04,1.6438464454e+00
54.150000,1.0000275116e-03,1.6532995965e+00
54.200000,9.9967368679e-04,1.6650266193e+00
54.250000,9.9930804966e-04,1.6591017355e+00
54.300000,9.9948735953e-04,1.6495201499e+00
54.350000,9.9975541018e-04,1.6044667533e+00
54.400000,1.0033026789e-03,1.5721148349e+00
54.450000,1.0001784263e-03,1.6359970185e+00
54.500000,9.9901954569e-04,1.6922058730e+00
54.550000,9.9951939622e-04,1.5659539820e+00
54.600000,9.9904436942e-04,1.6194191292e+00
54.650000,9.9985672892e-04,1.5893522445e+00
54.700000,1.0001255070e-03,1.5593363689e+00
54.750000,9.9888365180e-04,1.5920281893e+00
54.800000,9.9659763350e-04,1.5887537467e+00
54.850000,9.9760560829e-04,1.5863095524e+00
54.900000,9.9965055761e-04,1.5891947258e+00
54.950000,1.0015270241e-03,1.5623887206e+00
55.000000,9.9966450517e-04,1.5726246919e+00
55.050000,9.9896069124e-04,1.6313320034e+00
55.100000,9.9953246438e-04,1.5755410722e+00
55.150000,1.0001932795e-03,1.6005509036e+00
55.200000,9.9847237324e-04,1.5745304037e+00
55.250000,1.0011347616e-03,1.6374250482e+00
55.300000,1.0007910193e-03,1.5313177940e+00
55.350000,9.9855724089e-04,1.6086963631e+00
55.400000,1.0013520111e-03,1.5517318559e+00
55.450000,9.9933404260e-04,1.5597417362e+00
55.500000,9.9960121486e-04,1.5207578331e+00
55.550000,1.0014343854e-03,1.6047711022e+00
55.600000,9.9942688295e-04,1.6255332834e+00
55.650000,1.0011861624e-03,1.5988414560e+00
55.700000,1.0006341468e-03,1.5778564831e+00
55.750000,9.9997098381e-04,1.6143338288e+00
55.800000,9.9985746301e-04,1.6068792519e+00
55.850000,9.9980581106e-04,1.6269968851e+00
55.900000,9.9900319545e-04,1.6007810604e+00
55.950000,1.0009863881e-03,1.5743176999e+00
56.000000,1.0005974954e-03,1.5871679318e+00
56.050000,9.9969695290e-04,1.5985384942e+00
56.100000,9.9924185211e-04,1.6120589348e+00
56.150000,9.9973283858e-04,1.6456800346e+00
56.200000,9.9733253336e-04,1.6085198688e+00
56.250000,1.0009149566e-03,1.5777679506e+00
56.300000,1.0011012978e-03,1.6021009705e+00
56.350000,9.9841304702e-04,1.5462245221e+00
56.400000,9.9932475312e-04,1.6232136910e+00
56.450000,9.9851271153e-04,1.6598073113e+00
56.500000,1.0016900695e-03,1.5576840905e+00
56.550000,9.9909460287e-04,1.6191972081e+00
56.600000,9.9910025377e-04,1.5549358078e+00
56.650000,1.0012536361e-03,1.5890407530e+00
56.700000,9.9991481121e-04,1.6349501854e+00
56.750000,9.9902409322e-04,1.6283383383e+00
56.800000,1.0003327154e-03,1.5571444884e+00
56.850000,9.9958999614e-04,1.6049452776e+00
56.900000,1.0005009703e-03,1.5878444983e+00
56.950000,1.0003161047e-03,1.6755674921e+00
57.000000,9.9904055326e-04,1.5798040433e+00
57.050000,1.0003734205e-03,1.6040145628e+00
57.100000,1.0001920351e-03,1.5926947834e+00
57.150000,9.9964820739e-04,1.6552373489e+00
57.200000,9.9979893593e-04,1.6174973717e+00
57.250000,9.9862036900e-04,1.5837818979e+00
57.300000,1.0005416451e-03,1.5202192097e+00
57.350000,1.0014311352e-03,1.6456625059e+00
57.400000,9.9932462861e-04,1.5781863497e+00
57.450000,9.9916214386e-04,1.5902185743e+00
57.500000,1.0013699610e-03,1.6122458188e+00
57.550000,1.0002825990e-03,1.5922694095e+00
57.600000,1.0007691126e-03,1.6129821864e+00
57.650000,1.0016293974e-03,1.5468173916e+00
57.700000,9.9981501555e-04,1.5492238111e+00
57.750000,1.0001613794e-03,1.5943284807e+00
57.800000,1.0006767723e-03,1.6142308032e+00
57.850000,9.9799429694e-04,1.6030510641e+00
57.900000,1.0020364394e-03,1.6591733463e+00
57.950000,9.9804746577e-04,1.6285583529e+00
58.000000,9.9968392641e-04,1.6185890021e+00
58.050000,1.0014417092e-03,1.5911416268e+00
58.100000,9.9875117617e-04,1.5616106931e+00
58.150000,1.0006866880e-03,1.5662706357e+00
58.200000,1.0017414244e-03,1.5677207689e+00
58.250000,1.0000219571e-03,1.6146316125e+00
58.300000,9.9928174553e-04,1.5661651486e+00
58.350000,1.0015067176e-03,1.6023705832e+00
58.400000,9.9902409752e-04,1.6294871032e+00
58.450000,1.0007770731e-03,1.6323298575e+00
58.500000,1.0012862627e-03,1.5743257397e+00
58.550000,1.0017832229e-03,1.6308602033e+00
58.600000,9.9910901211e-04,1.5624109754e+00
58.650000,9.9817679578e-04,1.6525725538e+00
58.700000,1.0006334459e-03,1.5558336080e+00
58.750000,9.9937163370e-04,1.5545457663e+00
58.800000,9.9999884559e-04,1.5405019054e+00
58.850000,1.0009934996e-03,1.5755459486e+00
58.900000,9.9858166635e-04,1.5951966917e+00
58.950000,1.0005395206e-03,1.6210566961e+00
59.000000,1.0012533560e-03,1.6080036453e+00
59.050000,9.9832325941e-04,1.5525471501e+00
59.100000,9.9881098360e-04,1.6177697458e+00
59.150000,9.9874717419e-04,1.6321684932e+00
59.200000,9.9731585431e-04,1.6025977997e+00
59.250000,1.0001373663e-03,1.5847287572e+00
59.300000,9.9867819381e-04,1.5872940793e+00
59.350000,1.0007211187e-03,1.6534882653e+00
59.400000,9.9885996045e-04,1.6060579436e+00
59.450000,9.9930933386e-04,1.6130971514e+00
59.500000,1.0023551205e-03,1.5727121925e+00
59.550000,9.9961821549e-04,1.6244458940e+00
59.600000,1.0002662893e-03,1.5780408186e+00
59.650000,9.9980156362e-04,1.6177201060e+00
59.700000,1.0012032204e-03,1.5618533615e+00
59.750000,1.0001242528e-03,1.5955912389e+00
59.800000,1.0005951442e-03,1.5540044029e+00
59.850000,1.0029852301e-03,1.5356235529e+00
59.900000,1.0007532418e-03,1.5776694756e+00
59.950000,1.0002594363e-03,1.5996433626e+00
60.000000,9.9997350208e-04,1.6504090334e+00
60.050000,1.0010983369e-03,1.6075798930e+00
60.100000,1.0005272156e-03,1.6107015683e+00
60.150000,9.9947686687e-04,1.6283461841e+00
60.200000,9.9809100880e-04,1.6257982529e+00
60.250000,9.9978806693e-04,1.5828187170e+00
60.300000,9.9857308195e-04,1.5692273934e+00
60.350000,1.0005512958e-03,1.6296143337e+00
60.400000,9.9828308809e-04,1.6367154926e+00
60.450000,1.0015025928e-03,1.6441636590e+00
60.500000,9.9845096529e-04,1.6282518264e+00
60.550000,1.0001411699e-03,1.6084278562e+00
60.600000,1.0015426634e-03,1.5740049541e+00
60.650000,1.0010989869e-03,1.5917625322e+00
60.700000,1.0008713664e-03,1.5261664298e+00
60.750000,9.9842820608e-04,1.6332879886e+00
60.800000,9.9938341003e-04,1.6706231497e+00
60.850000,1.0003513325e-03,1.5843638959e+00
60.900000,9.9908410521e-04,1.6419995584e+00
60.950000,1.0002027729e-03,1.6296544151e+00
61.000000,1.0001439093e-03,1.5776640016e+00
61.050000,9.9990391985e-04,1.6587777462e+00
61.100000,1.0007724247e-03,1.5986665705e+00
61.150000,1.0013599818e-03,1.5955173870e+00
61.200000,9.9937058164e-04,1.5821968498e+00
61.250000,9.9985554442e-04,1.6579699182e+00
61.300000,9.9701471113e-04,1.6096278145e+00
61.350000,9.9904130780e-04,1.6620947305e+00
61.400000,1.0004821648e-03,1.5927667527e+00
61.450000,1.0023793138e-03,1.6226231754e+00
61.500000,9.9811625088e-04,1.6525238847e+00
61.550000,9.9949206180e-04,1.5674869495e+00
61.600000,9.9946611135e-04,1.6164781149e+00
61.650000,1.0018691556e-03,1.5985415770e+00
61.700000,1.0020383769e-03,1.5649516030e+00
61.750000,9.9843612043e-04,1.6506969218e+00
61.800000,1.0005141636e-03,1.6769761006e+00
61.850000,1.0009266528e-03,1.5567689306e+00
61.900000,1.0018149800e-03,1.6284542264e+00
61.950000,9.9992161827e-04,1.6141538002e+00
62.000000,1.0003326210e-03,1.6099595013e+00
62.050000,9.9696722251e-04,1.6111648213e+00
62.100000,1.0001412132e-03,1.6005200206e+00
62.150000,9.9941779726e-04,1.6057680381e+00
62.200000,9.9852610060e-04,1.6572872617e+00
62.250000,1.0016387783e-03,1.5353169119e+00
62.300000,9.9925043368e-04,1.6008867770e+00
62.350000,1.0004386767e-03,1.5859896040e+00
62.400000,1.0019265487e-03,1.5896394609e+00
62.450000,1.0002072716e-03,1.6193346773e+00
62.500000,1.0005703531e-03,1.5477315841e+00
62.550000,9.9828448119e-04,1.5816645892e+00
62.600000,9.9957708025e-04,1.6156895527e+00
62.650000,1.0014811374e-03,1.5706992601e+00
62.700000,9.9814770863e-04,1.6074584018e+00
62.750000,9.9948386915e-04,1.5353757059e+00
62.800000,1.0015987425e-03,1.6168725327e+00
62.850000,9.9903727382e-04,1.5630162186e+00
62.900000,9.9932092379e-04,1.6067086472e+00
62.950000,1.0004536839e-03,1.5910702755e+00
63.000000,1.0001138345e-03,1.6104479219e+00
63.050000,1.0007590525e-03,1.6130124432e+00
63.100000,9.9935256452e-04,1.5818727792e+00
63.150000,9.9945427162e-04,1.6840428421e+00
63.200000,9.9951750129e-04,1.6581109222e+00
63.250000,9.9977486812e-04,1.5707830460e+00
63.300000,9.9964139322e-04,1.5749677880e+00
63.350000,9.9891108804e-04,1.5653095455e+00
63.400000,1.0006774990e-03,1.5825126473e+00
63.450000,9.9864451578e-04,1.6432845475e+00
63.500000,9.9988019498e-04,1.5661300089e+00
63.550000,9.9913147491e-04,1.5710729236e+00
63.600000,1.0016196465e-03,1.6591223375e+00
63.650000,9.9918783257e-04,1.6123777020e+00
63.700000,1.0028935157e-03,1.6001514683e+00
63.750000,9.9939308368e-04,1.6140235393e+00
63.800000,1.0014958791e-03,1.6077497585e+00
63.850000,1.0003134756e-03,1.6328169811e+00
63.900000,1.0005842476e-03,1.6034995411e+00
63.950000,1.0007298345e-03,1.5847790429e+00
64.000000,1.0009511595e-03,1.6117793777e+00
64.050000,9.9990488900e-04,1.6234417087e+00
64.100000,1.0007896642e-03,1.6269514654e+00
64.150000,9.9937607322e-04,1.5978235184e+00
64.200000,1.0018162672e-03,1.5829858581e+00
64.250000,9.9996906749e-04,1.6237336664e+00
64.300000,1.0019132222e-03,1.6129675499e+00
64.350000,1.0002704838e-03,1.5950849977e+00
64.400000,9.9976390225e-04,1.5889537753e+00
64.450000,9.9991221519e-04,1.6634546612e+00
64.500000,9.9929109787e-04,1.5788207182e+00
64.550000,9.9750147063e-04,1.6092770351e+00
64.600000,9.9907857010e-04,1.6223200577e+00
64.650000,1.0003295659e-03,1.6024766511e+00
64.700000,1.0001314423e-03,1.6375344627e+00
64.750000,9.9882221485e-04,1.6318024042e+00
64.800000,1.0009590211e-03,1.5929997944e+00
64.850000,9.9992629984e-04,1.6391938938e+00
64.900000,1.0001848948e-03,1.5648841043e+00
64.950000,9.9805281687e-04,1.5804802296e+00
65.000000,9.9930174798e-04,1.5946777457e+00
65.050000,1.0019747019e-03,1.6392730085e+00
65.100000,9.9833555050e-04,1.5565293606e+00
65.150000,1.0007330217e-03,1.6043925573e+00
65.200000,9.9881981369e-04,1.6014748424e+00
65.250000,9.9970533635e-04,1.5976091283e+00
65.300000,1.0007912051e-03,1.6041084434e+00
65.350000,1.0030472318e-03,1.5710353532e+00
65.400000,1.0009804615e-03,1.5577880617e+00
65.450000,1.0004078690e-03,1.5896649108e+00
65.500000,9.9990841119e-04,1.6241049778e+00
65.550000,1.0004613611e-03,1.5752493758e+00
65.600000,9.9953153999e-04,1.5909770021e+00
65.650000,1.0000838294e-03,1.6274391627e+00
65.700000,1.0003694255e-03,1.5740993020e+00
65.750000,1.0007416041e-03,1.5915899824e+00
65.800000,9.9989238375e-04,1.6216258824e+00
65.850000,9.9903294484e-04,1.6381918909e+00
65.900000,1.0006037549e-03,1.6006649984e+00
65.950000,9.9918077449e-04,1.5943619860e+00
66.000000,1.0007503540e-03,1.6074071818e+00
66.050000,9.9983136595e-04,1.6119694499e+00
66.100000,1.0007225482e-03,1.5509469565e+00
66.150000,9.9993724595e-04,1.5869908259e+00
66.200000,9.9933283266e-04,1.6377937796e+00
66.250000,9.9991535535e-04,1.6454133525e+00
66.300000,1.0009618014e-03,1.6343267158e+00
66.350000,9.9960250241e-04,1.6165716869e+00
66.400000,9.9903193325e-04,1.5781134544e+00
66.450000,1.0007508492e-03,1.5837231158e+00
66.500000,1.0012279441e-03,1.6269480612e+00
66.550000,1.0012729778e-03,1.5569476877e+00
66.600000,1.0001047487e-03,1.5876838918e+00
66.650000,1.0002988895e-03,1.5781858905e+00
66.700000,9.9996679842e-04,1.5436614315e+00
66.750000,9.9986794805e-04,1.5918258458e+00
66.800000,9.9911214735e-04,1.5923044240e+00
66.850000,1.0001000097e-03,1.5495273959e+00
66.900000,1.0021543982e-03,1.5838170539e+00
66.950000,9.9987999736e-04,1.6055980328e+00
67.000000,1.0001395986e-03,1.5861698810e+00
67.050000,1.0008704101e-03,1.5791644278e+00
67.100000,1.0004603218e-03,1.6123045521e+00
67.150000,1.0000632577e-03,1.5930561897e+00
67.200000,1.0014244679e-03,1.5700707019e+00
67.250000,9.9901811686e-04,1.5857660321e+00
67.300000,9.9827361448e-04,1.5469488993e+00
67.350000,1.0006648531e-03,1.5594518848e+00
67.400000,1.0007990969e-03,1.6112599507e+00
67.450000,1.0000509764e-03,1.6392926335e+00
67.500000,1.0011401355e-03,1.5985806905e+00
67.550000,1.0009153786e-03,1.5994905367e+00
67.600000,9.9888744842e-04,1.5940165120e+00
67.650000,1.0000507308e-03,1.5544187622e+00
67.700000,9.9984398744e-04,1.6220392178e+00
67.750000,9.9878625626e-04,1.6341151670e+00
67.800000,9.9941520092e-04,1.5948461769e+00
67.850000,1.0005317568e-03,1.6155089062e+00
67.900000,1.0004360530e-03,1.6096449796e+00
67.950000,9.9816099183e-04,1.6241867563e+00
68.000000,9.9859009003e-04,1.5815190018e+00
68.050000,1.0000924670e-03,1.5651128627e+00
68.100000,1.0008652944e-03,1.5677576181e+00
68.150000,1.0006622014e-03,1.6051097810e+00
68.200000,9.9856990861e-04,1.6657001946e+00
68.250000,9.9953387882e-04,1.6482723791e+00
68.300000,9.9860689077e-04,1.6220907017e+00
68.350000,9.9998354182e-04,1.5718498361e+00
68.400000,9.9917089076e-04,1.5998127453e+00
68.450000,1.0000075701e-03,1.5717833526e+00
68.500000,1.0024425165e-03,1.5947112629e+00
68.550000,9.9827935243e-04,1.5935895248e+00
68.600000,9.9996985121e-04,1.5591699951e+00
68.650000,1.0000196243e-03,1.5898115159e+00
68.700000,9.9982256096e-04,1.5888979369e+00
68.750000,9.9975336431e-04,1.5347886101e+00
68.800000,9.9913087091e-04,1.6250910696e+00
68.850000,9.9992633921e-04,1.5744360134e+00
68.900000,1.0003512235e-03,1.6572629169e+00
68.950000,9.9871494566e-04,1.6056256261e+00
69.000000,9.9896895485e-04,1.6561014558e+00
69.050000,1.0013584811e-03,1.5886080507e+00
69.100000,9.9934671994e-04,1.6462373490e+00
69.150000,1.0013814368e-03,1.5713967507e+00
69.200000,1.0001442821e-03,1.5700402435e+00
69.250000,1.0010658097e-03,1.5857417647e+00
69.300000,9.9951522739e-04,1.6059056949e+00
69.350000,1.0007179325e-03,1.6044424706e+00
69.400000,9.9929057944e-04,1.6340308083e+00
69.450000,1.0002103827e-03,1.6068273624e+00
69.500000,9.9956645539e-04,1.6702517764e+00
69.550000,1.0005485179e-03,1.5881622090e+00
69.600000,1.0008508359e-03,1.5713222475e+00
69.650000,9.9903230422e-04,1.6233133255e+00
69.700000,1.0029449511e-03,1.5588265805e+00
69.750000,1.0028245366e-03,1.5861391073e+00
69.800000,9.9858400054e-04,1.5386421019e+00
69.850000,1.0006083045e-03,1.6123264195e+00
69.900000,9.9926725201e-04,1.6125741609e+00
69.950000,1.0000707983e-03,1.6210546734e+00
70.000000,1.0000719451e-03,1.6041305176e+00
70.050000,9.9917547432e-04,1.6202632428e+00
70.100000,9.9986707844e-04,1.6247299476e+00
70.150000,9.9995407001e-04,1.5226830446e+00
70.200000,1.0003869910e-03,1.5829708512e+00
70.250000,9.9808071988e-04,1.6312749678e+00
70.300000,9.9926794276e-04,1.5586906917e+00
70.350000,9.9988478137e-04,1.5525363864e+00
70.400000,9.9872390251e-04,1.6341751893e+00
70.450000,1.0003653352e-03,1.6339961086e+00
70.500000,1.0012876824e-03,1.6382477590e+00
70.550000,9.9952485464e-04,1.6018740557e+00
70.600000,1.0015716281e-03,1.5292061096e+00
70.650000,1.0005485660e-03,1.6309171004e+00
70.700000,9.9944893551e-04,1.6004951891e+00
70.750000,1.0000389337e-03,1.5978060262e+00
70.800000,9.9889213748e-04,1.5858877161e+00
70.850000,9.9844333385e-04,1.6283654898e+00
70.900000,1.0004525163e-03,1.5775719795e+00
70.950000,9.9961604995e-04,1.5951869196e+00
71.000000,9.9883357586e-04,1.6257695624e+00
71.050000,9.9929343863e-04,1.5705286133e+00
71.100000,1.0009050510e-03,1.5789317001e+00
71.150000,9.9927103301e-04,1.6147293469e+00
71.200000,1.0014323480e-03,1.6243796809e+00
71.250000,9.9956086581e-04,1.5849581383e+00
71.300000,1.0002351699e-03,1.5979765972e+00
71.350000,9.9989023232e-04,1.5993162370e+00
71.400000,1.0009090983e-03,1.6044429162e+00
71.450000,9.9988395766e-04,1.5492174613e+00
71.500000,1.0009388505e-03,1.5927355031e+00
71.550000,9.9911386444e-04,1.6298511252e+00
71.600000,1.0009095904e-03,1.5934344069e+00
71.650000,9.9973104860e-04,1.6096675070e+00
71.700000,1.0003683554e-03,1.5748090517e+00
71.750000,1.0008281134e-03,1.6139918970e+00
71.800000,9.9832542040e-04,1.5422922586e+00
71.850000,9.9939047195e-04,1.5895244004e+00
71.900000,1.0014525726e-03,1.6545146015e+00
71.950000,1.0004063503e-03,1.5715735787e+00
72.000000,9.9929995302e-04,1.5436586518e+00
72.050000,9.9961184691e-04,1.6071791135e+00
72.100000,1.0016000736e-03,1.6029051418e+00
72.150000,1.0000615000e-03,1.5952145425e+00
72.200000,9.9867500345e-04,1.6359331974e+00
72.250000,9.9889876857e-04,1.6247272290e+00
72.300000,9.9997525538e-04,1.5774709281e+00
72.350000,9.9973836765e-04,1.5817740641e+00
72.400000,1.0005487119e-03,1.6095959344e+00
72.450000,1.0000481895e-03,1.5742413223e+00
72.500000,1.0009924567e-03,1.6089523857e+00
72.550000,1.0015325407e-03,1.5970029585e+00
72.600000,9.9906474747e-04,1.5654962147e+00
72.650000,1.0000164640e-03,1.6316492752e+00
72.700000,9.9966673140e-04,1.5867848432e+00
72.750000,1.0029429656e-03,1.5461063392e+00
72.800000,1.0018270775e-03,1.5783098792e+00
72.850000,9.9886775530e-04,1.6238423249e+00
72.900000,1.0006444003e-03,1.6528693317e+00
72.950000,1.0000231560e-03,1.5511666898e+00
73.000000,9.9961837466e-04,1.5728257019e+00
73.050000,1.0006428762e-03,1.6068543760e+00
73.100000,9.9917461918e-04,1.5783921874e+00
73.150000,1.0009763172e-03,1.6325287573e+00
73.200000,9.9891411645e-04,1.6269263601e+00
73.250000,9.9977064023e-04,1.5382406660e+00
73.300000,9.9997359220e-04,1.6337128245e+00
73.350000,9.9856076967e-04,1.6040285384e+00
73.400000,1.0006314332e-03,1.6245358014e+00
73.450000,1.0004933071e-03,1.5806743680e+00
73.500000,9.9929794007e-04,1.6261882040e+00
73.550000,9.9908197249e-04,1.6311567802e+00
73.600000,9.9948965020e-04,1.6058960943e+00
73.650000,1.0006528624e-03,1.6044632776e+00
73.700000,1.0000997227e-03,1.6035559311e+00
73.750000,9.9969287972e-04,1.5723811768e+00
73.800000,1.0006712504e-03,1.6310576767e+00
73.850000,1.0004191843e-03,1.6006007261e+00
73.900000,1.0003568569e-03,1.5956370436e+00
73.950000,1.0003602054e-03,1.6507508412e+00
74.000000,1.0002858015e-03,1.6082633264e+00
74.050000,1.0005003062e-03,1.6076065077e+00
74.100000,1.0000007516e-03,1.5876620410e+00
74.150000,9.9927461337e-04,1.5614461290e+00
74.200000,9.9820906623e-04,1.6003777410e+00
74.250000,9.9996110333e-04,1.6686517615e+00
74.300000,1.0001139328e-03,1.5805754954e+00
74.350000,1.0003792449e-03,1.6282504981e+00
74.400000,1.0007340321e-03,1.6665750893e+00
74.450000,1.0003693972e-03,1.5601787564e+00
74.500000,9.9910802566e-04,1.5601753032e+00
74.550000,1.0004126813e-03,1.6119275103e+00
74.600000,9.9986627139e-04,1.6382719860e+00
74.650000,1.0001326676e-03,1.5909018974e+00
74.700000,1.0009727938e-03,1.6503048054e+00
74.750000,9.9884953240e-04,1.6067041403e+00
74.800000,1.0008477310e-03,1.5716951667e+00
74.850000,1.0001846815e-03,1.5950402830e+00
74.900000,9.9991809134e-04,1.6173883471e+00
74.950000,1.0001306653e-03,1.5844580232e+00
75.000000,1.0004508096e-03,1.5928494983e+00
75.050000,9.9931037892e-04,1.6195485891e+00
75.100000,1.0000865751e-03,1.5683928493e+00
75.150000,9.9959421519e-04,1.5334642664e+00
75.200000,9.9832731698e-04,1.5873192508e+00
75.250000,9.9880182460e-04,1.5892751697e+00
75.300000,9.9944607113e-04,1.6401283026e+00
75.350000,1.0002836467e-03,1.6216675780e+00
75.400000,1.0000462348e-03,1.5552859822e+00
75.450000,1.0007154452e-03,1.5522195702e+00
75.500000,1.0015799847e-03,1.6004195550e+00
75.550000,1.0009140726e-03,1.5294102322e+00
75.600000,9.9959831905e-04,1.6061434932e+00
75.650000,1.0024511474e-03,1.6289619224e+00
75.700000,1.0001093485e-03,1.5975878741e+00
75.750000,9.9932486091e-04,1.6314350202e+00
75.800000,1.0000433166e-03,1.6059620085e+00
75.850000,9.9976318817e-04,1.6324314975e+00
75.900000,1.0000756328e-03,1.5566118626e+00
75.950000,1.0015936391e-03,1.6131745644e+00
76.000000,9.9905319405e-04,1.6482206560e+00
76.050000,9.9835051706e-04,1.6193499423e+00
76.100000,9.9898078017e-04,1.5846880685e+00
76.150000,1.0006913744e-03,1.6132060974e+00
76.200000,9.9977371265e-04,1.6034959139e+00
76.250000,1.0017152715e-03,1.6099073565e+00
76.300000,9.9853321009e-04,1.6229855689e+00
76.350000,9.9959581130e-04,1.6091318357e+00
76.400000,9.9939070890e-04,1.6813078792e+00
76.450000,1.0007263253e-03,1.6158644380e+00
76.500000,1.0024550169e-03,1.5799240258e+00
76.550000,9.9959695606e-04,1.6427190183e+00
76.600000,9.9900241104e-04,1.6022486562e+00
76.650000,1.0002663011e-03,1.6188816046e+00
76.700000,1.0016254954e-03,1.5814226022e+00
76.750000,9.9944980476e-04,1.6083525676e+00
76.800000,9.9855664820e-04,1.6090764493e+00
76.850000,9.9977233517e-04,1.5589238141e+00
76.900000,1.0030314996e-03,1.6100672683e+00
76.950000,9.9929977369e-04,1.5786927928e+00
77.000000,1.0003537610e-03,1.5695558611e+00
77.050000,9.9848953711e-04,1.6348999348e+00
77.100000,9.9953609375e-04,1.6462886430e+00
77.150000,1.0019790432e-03,1.5913436852e+00
77.200000,9.9743967188e-04,1.6515961054e+00
77.250000,9.9864603349e-04,1.5836820562e+00
77.300000,1.0009568547e-03,1.5942652826e+00
77.350000,9.9962695641e-04,1.6050253458e+00
77.400000,9.9919749356e-04,1.5723035227e+00
77.450000,9.9916235500e-04,1.6276388319e+00
77.500000,9.9999521007e-04,1.6373328674e+00
77.550000,1.0000112935e-03,1.5552458765e+00
77.600000,1.0002378425e-03,1.6244026678e+00
77.650000,1.0004371828e-03,1.6177944118e+00
77.700000,9.9952896074e-04,1.5384254721e+00
77.750000,1.0009001431e-03,1.5901938209e+00
77.800000,9.9951328537e-04,1.5651021903e+00
77.850000,9.9841186970e-04,1.6215930382e+00
77.900000,9.9948440963e-04,1.5977320463e+00
77.950000,9.9998092676e-04,1.6628157826e+00
78.000000,9.9959196784e-04,1.5887672305e+00
78.050000,9.9852944150e-04,1.5956309399e+00
78.100000,9.9930374424e-04,1.6556045045e+00
78.150000,9.9875314857e-04,1.6248252226e+00
78.200000,1.0005352815e-03,1.5423929528e+00
78.250000,9.9955243451e-04,1.5726636042e+00
78.300000,9.9935751966e-04,1.6309779815e+00
78.350000,1.0009232946e-03,1.5937035063e+00
78.400000,9.9876892976e-04,1.6074985376e+00
78.450000,9.9967031480e-04,1.5762400546e+00
78.500000,1.0023415203e-03,1.6057796897e+00
78.550000,1.0030114852e-03,1.6082437945e+00
78.600000,1.0007228628e-03,1.5367395328e+00
78.650000,1.0002431683e-03,1.5923197533e+00
78.700000,1.0012427087e-03,1.5706234137e+00
78.750000,9.9961390279e-04,1.5515757943e+00
78.800000,1.0015162262e-03,1.5644423012e+00
78.850000,1.0027038638e-03,1.6218799204e+00
78.900000,1.0013027680e-03,1.5883559321e+00
78.950000,9.9950711936e-04,1.5832276071e+00
79.000000,1.0000830727e-03,1.6138651366e+00
79.050000,9.9970437164e-04,1.5388407975e+00
79.100000,9.9819688878e-04,1.6209588164e+00
79.150000,9.9920558081e-04,1.5917374194e+00
79.200000,1.0010692650e-03,1.5949259940e+00
79.250000,9.9997139997e-04,1.5884896183e+00
79.300000,9.9877212705e-04,1.6099698556e+00
79.350000,9.9903748477e-04,1.5786089407e+00
79.400000,1.0008315556e-03,1.5668656518e+00
79.450000,1.0008324799e-03,1.6368204242e+00
79.500000,1.0003797084e-03,1.5833802772e+00
79.550000,9.9950708820e-04,1.6210604841e+00
79.600000,9.9937222304e-04,1.6074815552e+00
79.650000,9.9649721604e-04,1.5567032922e+00
79.700000,1.0010465755e-03,1.6406151422e+00
79.750000,9.9994645198e-04,1.5794527148e+00
79.800000,1.0006530201e-03,1.5879689921e+00
79.850000,1.0004749745e-03,1.6164902485e+00
79.900000,9.9936452264e-04,1.6475869209e+00
79.950000,1.0000583532e-03,1.6796161169e+00
80.000000,1.0003186465e-03,1.6244867291e+00
80.050000,9.9985381495e-04,1.5800354941e+00
80.100000,9.9973175173e-04,1.6540388940e+00
80.150000,9.9985991527e-04,1.5904012824e+00
80.200000,1.0005200670e-03,1.5822257907e+00
80.250000,9.9891256475e-04,1.6307820701e+00
80.300000,1.0004624941e-03,1.5588206802e+00
80.350000,9.9880582225e-04,1.6139882615e+00
80.400000,9.9975054751e-04,1.6095171866e+00
80.450000,1.0014600723e-03,1.6452719734e+00
80.500000,1.0007906823e-03,1.6013634795e+00
80.550000,1.0014739128e-03,1.5977428308e+00
80.600000,1.0012336357e-03,1.5931495925e+00
80.650000,9.9968243309e-04,1.5442555336e+00
80.700000,1.0031770105e-03,1.6395665482e+00
80.750000,9.9985376056e-04,1.6126451336e+00
80.800000,9.9894100384e-04,1.5616306222e+00
80.850000,1.0002657090e-03,1.5798103522e+00
80.900000,9.9770379721e-04,1.6570199658e+00
80.950000,1.0001205509e-03,1.6112474569e+00
81.000000,9.9881769900e-04,1.5507100803e+00
81.050000,9.9873592418e-04,1.6747255496e+00
81.100000,9.9979206975e-04,1.6045762091e+00
81.150000,9.9794628321e-04,1.5395538153e+00
81.200000,9.9915407376e-04,1.6122050999e+00
81.250000,1.0023921576e-03,1.6330603784e+00
81.300000,9.9985760463e-04,1.6009341616e+00
81.350000,9.9921087179e-04,1.6219748708e+00
81.400000,9.9969833580e-04,1.6470255296e+00
81.450000,9.9796816776e-04,1.6272158507e+00
81.500000,9.9868193628e-04,1.5919891529e+00
81.550000,9.9911313619e-04,1.5896410940e+00
81.600000,9.9988662648e-04,1.5470313086e+00
81.650000,1.0005537633e-03,1.5629551738e+00
81.700000,9.9990935949e-04,1.6380132927e+00
81.750000,9.9840751759e-04,1.6213061579e+00
81.800000,1.0000034527e-03,1.6708758595e+00
81.850000,1.0006123121e-03,1.6024817143e+00
81.900000,9.9927450737e-04,1.6083922772e+00
81.950000,9.9939246936e-04,1.5872675489e+00
82.000000,9.9994717308e-04,1.5814609144e+00
82.050000,1.0015396777e-03,1.6119812847e+00
82.100000,1.0004769942e-03,1.6177705870e+00
82.150000,1.0005968825e-03,1.5940266556e+00
82.200000,9.9961044184e-04,1.6065237735e+00
82.250000,1.0006658152e-03,1.6428323923e+00
82.300000,1.0011085590e-03,1.5664469978e+00
82.350000,9.9866506175e-04,1.5885363676e+00
82.400000,1.0003627488e-03,1.5834068367e+00
82.450000,9.9938476988e-04,1.6233257953e+00
82.500000,9.9845118150e-04,1.6484448853e+00
82.550000,9.9958665525e-04,1.5967714948e+00
82.600000,9.9945799500e-04,1.6132074607e+00
82.650000,1.0012568918e-03,1.6297151758e+00
82.700000,9.9969700819e-04,1.6036438986e+00
82.750000,9.9837570508e-04,1.6263263496e+00
82.800000,1.0011184559e-03,1.6501828481e+00
82.850000,9.9972481900e-04,1.6368487316e+00
82.900000,9.9927754441e-04,1.5736387760e+00
82.950000,9.9930856005e-04,1.5954150443e+00
83.000000,1.0001826625e-03,1.5682749536e+00
83.050000,1.0014357036e-03,1.5760131730e+00
83.100000,1.0013998312e-03,1.5877446629e+00
83.150000,9.9950247909e-04,1.6086468566e+00
83.200000,1.0009299118e-03,1.5763695408e+00
83.250000,9.9956702381e-04,1.6344983941e+00
83.300000,9.9995329687e-04,1.6356023854e+00
83.350000,1.0011578104e-03,1.6303744319e+00
83.400000,9.9996259523e-04,1.5880592976e+00
83.450000,9.9904980191e-04,1.5999008055e+00
83.500000,1.0003828031e-03,1.5796537247e+00
83.550000,1.0009292388e-03,1.5920677289e+00
83.600000,9.9981136539e-04,1.6287096707e+00
83.650000,9.9879667559e-04,1.6766477071e+00
83.700000,9.9961540193e-04,1.5997508523e+00
83.750000,9.9822949443e-04,1.6429932037e+00
83.800000,1.0003961981e-03,1.6552798139e+00
83.850000,9.9787629675e-04,1.6064167733e+00
83.900000,1.0004281936e-03,1.6485707650e+00
83.950000,1.0009853384e-03,1.5738350654e+00
84.000000,9.9911343056e-04,1.6357505283e+00
84.050000,9.9852100902e-04,1.6099129062e+00
84.100000,9.9953821175e-04,1.6062570618e+00
84.150000,1.0001392145e-03,1.6098563548e+00
84.200000,1.0011895926e-03,1.5750127180e+00
84.250000,9.9974154910e-04,1.6038226014e+00
84.300000,9.9953495407e-04,1.5981403227e+00
84.350000,1.0015012238e-03,1.6032340055e+00
84.400000,1.0004531940e-03,1.5917132668e+00
84.450000,9.9956952950e-04,1.6135792830e+00
84.500000,9.9994494995e-04,1.6524933950e+00
84.550000,9.9929578142e-04,1.6426037195e+00
84.600000,9.9968583400e-04,1.6426899566e+00
84.650000,1.0016139928e-03,1.5966176617e+00
84.700000,1.0006747215e-03,1.6544626873e+00
84.750000,9.9986780500e-04,1.6250192072e+00
84.800000,1.0011629647e-03,1.5650400896e+00
84.850000,9.9941371490e-04,1.6440575206e+00
84.900000,1.0014771756e-03,1.6019484193e+00
84.950000,1.0008915790e-03,1.6677781212e+00
85.000000,9.9941980389e-04,1.5619456587e+00
85.050000,1.0009394007e-03,1.5544146555e+00
85.100000,9.9993492986e-04,1.6256952132e+00
85.150000,1.0009017883e-03,1.5557846697e+00
85.200000,1.0000174226e-03,1.5570345141e+00
85.250000,1.0018768813e-03,1.6454156768e+00
85.300000,9.9932772878e-04,1.6053319692e+00
85.350000,1.0001126013e-03,1.6270277796e+00
85.400000,1.0009441145e-03,1.6191296682e+00
85.450000,9.9940513988e-04,1.5475871865e+00
85.500000,1.0000182953e-03,1.5080291390e+00
85.550000,9.9986032972e-04,1.5378139893e+00
85.600000,1.0001340542e-03,1.6146900170e+00
85.650000,1.0005128477e-03,1.6695819787e+00
85.700000,1.0014078766e-03,1.6182612377e+00
85.750000,1.0017975715e-03,1.5468049818e+00
85.800000,9.9960746389e-04,1.6249783914e+00
85.850000,1.0009630275e-03,1.5977530134e+00
85.900000,9.9913270483e-04,1.6110093599e+00
85.950000,9.9953800424e-04,1.6139736738e+00
86.000000,9.9883447300e-04,1.6047226559e+00
86.050000,1.0009262787e-03,1.6554585171e+00
86.100000,1.0001018598e-03,1.6365061583e+00
86.150000,1.0011100720e-03,1.5989391486e+00
86.200000,9.9927495159e-04,1.5819762335e+00
86.250000,1.0002009771e-03,1.6075251697e+00
86.300000,1.0008267615e-03,1.5959819420e+00
86.350000,1.0003247810e-03,1.5993034728e+00
86.400000,1.0002515319e-03,1.6312526143e+00
86.450000,9.9962993261e-04,1.5122207729e+00
86.500000,1.0000212784e-03,1.5305217770e+00
86.550000,9.9945800473e-04,1.5983554449e+00
86.600000,9.9981655231e-04,1.5986091063e+00
86.650000,9.9917784371e-04,1.5930362644e+00
86.700000,1.0000836323e-03,1.6310864456e+00
86.750000,9.9958893501e-04,1.6198486643e+00
86.800000,9.9996426791e-04,1.5762976825e+00
86.850000,1.0011554665e-03,1.5573634162e+00
86.900000,9.9821864902e-04,1.5823882892e+00
86.950000,9.9984608391e-04,1.5651552511e+00
87.000000,9.9975752972e-04,1.5944031804e+00
87.050000,1.0001757368e-03,1.6028663764e+00
87.100000,9.9855243008e-04,1.6215004204e+00
87.150000,9.9978554874e-04,1.5985398903e+00
87.200000,9.9861402991e-04,1.6291892015e+00
87.250000,9.9779805050e-04,1.6412040626e+00
87.300000,9.9910178463e-04,1.5871423507e+00
87.350000,1.0001628635e-03,1.6123267673e+00
87.400000,1.0002605628e-03,1.5433762162e+00
87.450000,1.0008632923e-03,1.6659424791e+00
87.500000,9.9949957218e-04,1.5650431639e+00
87.550000,1.0021204344e-03,1.5467965402e+00
87.600000,9.9860172989e-04,1.5934429935e+00
87.650000,9.9929418280e-04,1.6440090885e+00
87.700000,9.9867760850e-04,1.5541681346e+00
87.750000,9.9983741591e-04,1.6007070794e+00
87.800000,1.0006702703e-03,1.5478698083e+00
87.850000,9.9912502314e-04,1.6279082399e+00
87.900000,9.9987430406e-04,1.6095661513e+00
87.950000,9.9990827725e-04,1.5533180776e+00
88.000000,9.9998251955e-04,1.5399555428e+00
88.050000,9.9956668840e-04,1.6442602322e+00
88.100000,9.9865855213e-04,1.5486530574e+00
88.150000,1.0002933175e-03,1.6605859851e+00
88.200000,9.9838300384e-04,1.5587166273e+00
88.250000,1.0004095518e-03,1.5978263445e+00
88.300000,9.9865314188e-04,1.6179782339e+00
88.350000,1.0003202638e-03,1.5949474093e+00
88.400000,1.0007790675e-03,1.6070848190e+00
88.450000,1.0004659132e-03,1.6061955105e+00
88.500000,9.9954457147e-04,1.6041792246e+00
88.550000,1.0008532202e-03,1.5743353615e+00
88.600000,9.9890628012e-04,1.5856627316e+00
88.650000,9.9916429023e-04,1.6413462622e+00
88.700000,1.0003484309e-03,1.6656862342e+00
88.750000,9.9969597604e-04,1.6521650960e+00
88.800000,1.0008066449e-03,1.6144934938e+00
88.850000,9.9937807555e-04,1.5810627285e+00
88.900000,1.0011227018e-03,1.6232603967e+00
88.950000,1.0005070676e-03,1.6516416608e+00
89.000000,9.9871325173e-04,1.5691042063e+00
89.050000,9.9906059149e-04,1.6068279199e+00
89.100000,9.9929467395e-04,1.5733184593e+00
89.150000,1.0012416235e-03,1.5515712887e+00
89.200000,9.9996348173e-04,1.5927192477e+00
89.250000,1.0007070981e-03,1.5669711631e+00
89.300000,9.9731040405e-04,1.5814445835e+00
89.350000,1.0024910129e-03,1.6128683869e+00
89.400000,9.9864539552e-04,1.5863570954e+00
89.450000,9.9965928889e-04,1.6304401776e+00
89.500000,9.9978878345e-04,1.6010165489e+00
89.550000,1.0000106355e-03,1.5852262723e+00
89.600000,9.9802142429e-04,1.6093866656e+00
89.650000,1.0024326885e-03,1.5796783297e+00
89.700000,1.0003590309e-03,1.6041088200e+00
89.750000,1.0005009721e-03,1.5933675346e+00
89.800000,9.9989277574e-04,1.5490516763e+00
89.850000,1.0010886194e-03,1.6183205957e+00
89.900000,9.9933150547e-04,1.5591414850e+00
89.950000,9.9809343402e-04,1.6056475002e+00
90.000000,1.0014446732e-03,1.5738016648e+00
90.050000,9.9904661344e-04,1.5903755709e+00
90.100000,1.0004662480e-03,1.5948178222e+00
90.150000,1.0008284300e-03,1.5745791602e+00
90.200000,1.0004277111e-03,1.5985695148e+00
90.250000,9.9879964536e-04,1.6177426704e+00
90.300000,9.9991726047e-04,1.6072193517e+00
90.350000,1.0003168351e-03,1.6144576655e+00
90.400000,1.0013357483e-03,1.6425206309e+00
90.450000,1.0011104155e-03,1.6438100295e+00
90.500000,9.9958036049e-04,1.5772905413e+00
90.550000,9.9951781895e-04,1.6006302942e+00
90.600000,1.0017784471e-03,1.5642533509e+00
90.650000,9.9958355715e-04,1.6067623391e+00
90.700000,9.9893240192e-04,1.5669549814e+00
90.750000,9.9912581776e-04,1.6389046841e+00
90.800000,1.0002832430e-03,1.6016033961e+00
90.850000,9.9996311130e-04,1.6574431946e+00
90.900000,9.9914311243e-04,1.6183734911e+00
90.950000,1.0007042148e-03,1.5646542105e+00
91.000000,9.9835468615e-04,1.5694931968e+00
91.050000,1.0007452839e-03,1.6272053106e+00
91.100000,1.0003809042e-03,1.6078349178e+00
91.150000,1.0005410102e-03,1.6284772780e+00
91.200000,9.9951517387e-04,1.5786571126e+00
91.250000,9.9940231936e-04,1.5922831356e+00
91.300000,1.0006208813e-03,1.5526830676e+00
91.350000,1.0006500357e-03,1.6146271025e+00
91.400000,9.9958530768e-04,1.6129013776e+00
91.450000,9.9972524387e-04,1.6070983653e+00
91.500000,1.0009577272e-03,1.6041418828e+00
91.550000,9.9997331824e-04,1.6042806403e+00
91.600000,1.0014432133e-03,1.5831755960e+00
91.650000,9.9992146089e-04,1.6445063231e+00
91.700000,1.0000699456e-03,1.6414112233e+00
91.750000,1.0006044302e-03,1.5657927265e+00
91.800000,9.9948363051e-04,1.5562329291e+00
91.850000,9.9958751179e-04,1.5755566106e+00
91.900000,1.0002038255e-03,1.6100387979e+00
91.950000,1.0005237147e-03,1.5840173283e+00
92.000000,1.0013354432e-03,1.5119346461e+00
92.050000,1.0003694411e-03,1.5964041694e+00
92.100000,1.0006082357e-03,1.5648297935e+00
92.150000,9.9947946017e-04,1.5723821988e+00
92.200000,1.0000193869e-03,1.6164418927e+00
92.250000,9.9898736491e-04,1.5411483974e+00
92.300000,1.0008218887e-03,1.6053034422e+00
92.350000,1.0002644098e-03,1.5429341140e+00
92.400000,1.0009318404e-03,1.5699064959e+00
92.450000,9.9813967397e-04,1.6347699473e+00
92.500000,1.0000685203e-03,1.5865569637e+00
92.550000,9.9996741316e-04,1.5747939652e+00
92.600000,1.0009023407e-03,1.6386046587e+00
92.650000,9.9793271925e-04,1.5827820969e+00
92.700000,9.9994557696e-04,1.6313261563e+00
92.750000,9.9981690016e-04,1.5836149366e+00
92.800000,9.9867765490e-04,1.5581641348e+00
92.850000,1.0003538515e-03,1.6318103188e+00
92.900000,1.0034578555e-03,1.6262030377e+00
92.950000,1.0005928322e-03,1.6405424702e+00
93.000000,9.9987382078e-04,1.6113497588e+00
93.050000,9.9924226338e-04,1.6393433283e+00
93.100000,1.0008233043e-03,1.6026164826e+00
93.150000,1.0017634913e-03,1.5960303723e+00
93.200000,9.9839278656e-04,1.6099164892e+00
93.250000,9.9949113107e-04,1.6401300279e+00
93.300000,9.9908099172e-04,1.5730533467e+00
93.350000,9.9973285052e-04,1.6275891081e+00
93.400000,9.9918934193e-04,1.6122233661e+00
93.450000,9.9995734450e-04,1.6194089745e+00
93.500000,1.0001660878e-03,1.6369134020e+00
93.550000,9.9880159934e-04,1.5992402162e+00
93.600000,1.0013316377e-03,1.6402522693e+00
93.650000,9.9934908466e-04,1.5452179230e+00
93.700000,1.0007236462e-03,1.5728330033e+00
93.750000,1.0012124444e-03,1.5844945751e+00
93.800000,1.0002349436e-03,1.6518739752e+00
93.850000,1.0005787693e-03,1.6081606505e+00
93.900000,1.0000699255e-03,1.5861432180e+00
93.950000,1.0023974035e-03,1.6701084208e+00
94.000000,9.9890478947e-04,1.5638405402e+00
94.050000,9.9903943132e-04,1.6178789574e+00
94.100000,1.0007601611e-03,1.6321779113e+00
94.150000,1.0016122640e-03,1.6035377252e+00
94.200000,1.0013060253e-03,1.5693683287e+00
94.250000,1.0013835950e-03,1.6381308295e+00
94.300000,1.0004610615e-03,1.6059203333e+00
94.350000,9.9768475873e-04,1.5545009372e+00
94.400000,9.9994421891e-04,1.6004358508e+00
94.450000,9.9904369214e-04,1.6363797551e+00
94.500000,1.0014516432e-03,1.5893809795e+00
94.550000,1.0002041734e-03,1.6353156884e+00
94.600000,1.0014085179e-03,1.6304781126e+00
94.650000,1.0003830849e-03,1.5985390141e+00
94.700000,9.9821380319e-04,1.5668137783e+00
94.750000,9.9952772099e-04,1.6294687412e+00
94.800000,9.9864607699e-04,1.6242434677e+00
94.850000,9.9999769508e-04,1.5922509109e+00
94.900000,9.9834211490e-04,1.6096261450e+00
94.950000,9.9845984174e-04,1.6141515480e+00
95.000000,9.9956312112e-04,1.5970673657e+00
95.050000,9.9912733295e-04,1.6185721608e+00
95.100000,1.0009799919e-03,1.5956660089e+00
95.150000,9.9998821367e-04,1.6330715781e+00
95.200000,1.0000495120e-03,1.5850322657e+00
95.250000,1.0009586045e-03,1.6016688859e+00
95.300000,1.0018415674e-03,1.5492430808e+00
95.350000,1.0004278770e-03,1.5983386681e+00
95.400000,1.0017400855e-03,1.6135879043e+00
95.450000,1.0001853516e-03,1.6116750065e+00
95.500000,1.0016294965e-03,1.6270386517e+00
95.550000,9.9985860906e-04,1.6660210642e+00
95.600000,1.0006795973e-03,1.6328000437e+00
95.650000,9.9871179360e-04,1.6283520124e+00
95.700000,9.9987497688e-04,1.6294193503e+00
95.750000,1.0015696000e-03,1.5720471550e+00
95.800000,9.9957660077e-04,1.6602052245e+00
95.850000,9.9756486229e-04,1.5802090253e+00
95.900000,1.0007366150e-03,1.5369606196e+00
95.950000,9.9977409622e-04,1.6104438302e+00
96.000000,1.0005161466e-03,1.5688264782e+00
96.050000,9.9929007484e-04,1.6197703395e+00
96.100000,1.0009722582e-03,1.5790865985e+00
96.150000,1.0008502974e-03,1.6251000844e+00
96.200000,9.9912899732e-04,1.5689700302e+00
96.250000,9.9842592719e-04,1.6180271452e+00
96.300000,1.0002449094e-03,1.5928471302e+00
96.350000,1.0005683864e-03,1.5505221246e+00
96.400000,9.9914485811e-04,1.6380226249e+00
96.450000,9.9986227192e-04,1.5594223493e+00
96.500000,1.0010281995e-03,1.5655738900e+00
96.550000,9.9847430546e-04,1.6006762158e+00
96.600000,9.9855846948e-04,1.5546431022e+00
96.650000,9.9980953320e-04,1.6279432530e+00
96.700000,9.9904786638e-04,1.5656496556e+00
96.750000,9.9983141634e-04,1.6210011483e+00
96.800000,1.0013991671e-03,1.5588741090e+00
96.850000,1.0003964966e-03,1.6064002217e+00
96.900000,1.0008403847e-03,1.6053206777e+00
96.950000,9.9945233514e-04,1.6104294098e+00
97.000000,9.9988316023e-04,1.6055203070e+00
97.050000,1.0000448969e-03,1.5812492879e+00
97.100000,9.9954594916e-04,1.6450023562e+00
97.150000,9.9915539164e-04,1.6407398802e+00
97.200000,9.9989411038e-04,1.5993703045e+00
97.250000,1.0002554480e-03,1.6146512948e+00
97.300000,9.9938243071e-04,1.5872531169e+00
97.350000,1.0004887120e-03,1.5643915944e+00
97.400000,9.9944905766e-04,1.5193715268e+00
97.450000,1.0009260273e-03,1.5167656520e+00
97.500000,1.0016158346e-03,1.6049123167e+00
97.550000,1.0007646075e-03,1.5980914827e+00
97.600000,1.0011907145e-03,1.6056611862e+00
97.650000,1.0005543378e-03,1.6238373075e+00
97.700000,1.0003960817e-03,1.5590094072e+00
97.750000,1.0007504373e-03,1.6708170712e+00
97.800000,9.9954180434e-04,1.5901020101e+00
97.850000,1.0007485868e-03,1.5758036695e+00
97.900000,1.0002787412e-03,1.6299652713e+00
97.950000,9.9952580944e-04,1.5467061532e+00
98.000000,1.0001473266e-03,1.6068805968e+00
98.050000,9.9903033885e-04,1.6027364729e+00
98.100000,1.0016698517e-03,1.5926497001e+00
98.150000,9.9974632566e-04,1.6313681759e+00
98.200000,1.0006335068e-03,1.5704709043e+00
98.250000,9.9796671765e-04,1.6258056665e+00
98.300000,9.9962309308e-04,1.5978483010e+00
98.350000,1.0006128053e-03,1.6542662797e+00
98.400000,1.0009148012e-03,1.6174430146e+00
98.450000,9.9998169616e-04,1.5831030211e+00
98.500000,1.0005730882e-03,1.5857517733e+00
98.550000,9.9994865090e-04,1.5811561789e+00
98.600000,1.0010717073e-03,1.5488457242e+00
98.650000,9.9857845121e-04,1.6233329329e+00
98.700000,1.0000111926e-03,1.5905474589e+00
98.750000,9.9828042442e-04,1.5642394417e+00
98.800000,1.0003318164e-03,1.5884031577e+00
98.850000,9.9973506853e-04,1.5991955833e+00
98.900000,9.9925569931e-04,1.5866215478e+00
98.950000,9.9960340873e-04,1.5735327676e+00
99.000000,1.0002206110e-03,1.6026449604e+00
99.050000,9.9943644915e-04,1.5707349320e+00
99.100000,1.0009624928e-03,1.5940267044e+00
99.150000,9.9969252858e-04,1.6055370850e+00
99.200000,1.0005876510e-03,1.5986634071e+00
99.250000,9.9905134414e-04,1.5888004051e+00
99.300000,9.9928848800e-04,1.6224670885e+00
99.350000,9.9900634288e-04,1.5578532050e+00
99.400000,1.0015457134e-03,1.6322446353e+00
99.450000,9.9926836431e-04,1.5873326344e+00
99.500000,1.0006482226e-03,1.6343046582e+00
99.550000,1.0016317824e-03,1.6477512208e+00
99.600000,9.9865953964e-04,1.6727122520e+00
99.650000,9.9950869634e-04,1.6243054103e+00
99.700000,9.9987801700e-04,1.5802457897e+00
99.750000,1.0009748740e-03,1.6316340106e+00
99.800000,9.9947864290e-04,1.5832711096e+00
99.850000,1.0000063169e-03,1.6412579257e+00
99.900000,1.0006630951e-03,1.6035286958e+00
99.950000,9.9944873125e-04,1.6037124032e+00
100.000000,9.9884165699e-04,1.6001103967e+00
100.050000,1.0012421245e-03,1.6124803651e+00
100.100000,9.9967017003e-04,1.5990661554e+00
100.150000,9.9876905128e-04,1.6023859341e+00
100.200000,9.9864141288e-04,1.5511072075e+00
100.250000,1.0005209637e-03,1.6177073131e+00
100.300000,9.9832781078e-04,1.6386294556e+00
100.350000,1.0012279660e-03,1.6183896034e+00
100.400000,9.9902180962e-04,1.6261572998e+00
100.450000,1.0002921112e-03,1.5957952003e+00
100.500000,1.0010058735e-03,1.6022549637e+00
100.550000,9.9917912702e-04,1.5637247627e+00
100.600000,1.0007766045e-03,1.5990115731e+00
100.650000,9.9914142810e-04,1.5411796811e+00
100.700000,1.0006552737e-03,1.6098115884e+00
100.750000,1.0004932520e-03,1.5747429451e+00
100.800000,1.0002622596e-03,1.6445684820e+00
100.850000,1.0022315837e-03,1.6534832321e+00
100.900000,9.9912101285e-04,1.5972104464e+00
100.950000,9.9836186052e-04,1.6175936163e+00
101.000000,9.9906302606e-04,1.5960314058e+00
101.050000,9.9986023147e-04,1.5574693442e+00
101.100000,9.9878917974e-04,1.5783799805e+00
101.150000,9.9985473042e-04,1.6117902097e+00
101.200000,9.9923899953e-04,1.5837306340e+00
101.250000,1.0017213600e-03,1.5837960099e+00
101.300000,1.0022949640e-03,1.6124607733e+00
101.350000,1.0006275604e-03,1.6229805951e+00
101.400000,1.0002201821e-03,1.6042576828e+00
101.450000,1.0016756962e-03,1.5561883602e+00
101.500000,1.0004098785e-03,1.6377355571e+00
101.550000,1.0008648253e-03,1.5800380603e+00
101.600000,1.0004391661e-03,1.6029015721e+00
101.650000,1.0009978843e-03,1.5664896040e+00
101.700000,9.9772488003e-04,1.5590459293e+00
101.750000,9.9972806996e-04,1.5917455897e+00
101.800000,1.0007233379e-03,1.6134171636e+00
101.850000,9.9925190601e-04,1.6224027818e+00
101.900000,1.0001061038e-03,1.5717606469e+00
101.950000,9.9999869908e-04,1.5536593800e+00
102.000000,1.0016172408e-03,1.5729930659e+00
102.050000,1.0006861430e-03,1.6308476915e+00
102.100000,9.9985061730e-04,1.5873728489e+00
102.150000,1.0008480708e-03,1.5472875141e+00
102.200000,9.9980072017e-04,1.5985741666e+00
102.250000,1.0006966779e-03,1.6051535625e+00
102.300000,1.0001360242e-03,1.5746814905e+00
102.350000,9.9781842670e-04,1.5905288192e+00
102.400000,9.9994850074e-04,1.5430181793e+00
102.450000,9.9904666472e-04,1.5981461637e+00
102.500000,9.9975400031e-04,1.5542571213e+00
102.550000,9.9944106425e-04,1.6234554743e+00
102.600000,1.0007276186e-03,1.6250650593e+00
102.650000,1.0001643691e-03,1.5958845112e+00
102.700000,1.0003190706e-03,1.5597591636e+00
102.750000,9.9838422804e-04,1.5930101209e+00
102.800000,1.0011816530e-03,1.5497730950e+00
102.850000,9.9926505491e-04,1.6065426338e+00
102.900000,9.9954140102e-04,1.5963812724e+00
102.950000,1.0006573083e-03,1.6604613189e+00
103.000000,9.9886985857e-04,1.5672759556e+00
103.050000,9.9990199895e-04,1.5877801049e+00
103.100000,9.9985158612e-04,1.6062334154e+00
103.150000,9.9939977450e-04,1.6000612644e+00
103.200000,9.9926270756e-04,1.6135733547e+00
103.250000,1.0001023012e-03,1.6045779607e+00
103.300000,9.9999420740e-04,1.6290814600e+00
103.350000,9.9824184274e-04,1.6030904824e+00
103.400000,1.0010486678e-03,1.6258232759e+00
103.450000,1.0013591837e-03,1.5612051704e+00
103.500000,1.0008107695e-03,1.6022604239e+00
103.550000,1.0004166907e-03,1.6226894411e+00
103.600000,9.9934118434e-04,1.6138616526e+00
103.650000,9.9991515804e-04,1.6395129508e+00
103.700000,9.9914197311e-04,1.5687742249e+00
103.750000,9.9998920739e-04,1.6201785498e+00
103.800000,9.9932867768e-04,1.6075279872e+00
103.850000,9.9875934740e-04,1.6045782794e+00
103.900000,1.0001046220e-03,1.5848536934e+00
103.950000,1.0000777033e-03,1.6261047458e+00
104.000000,9.9994715085e-04,1.5695832949e+00
104.050000,1.0015641606e-03,1.6219625757e+00
104.100000,1.0003307799e-03,1.5829219837e+00
104.150000,9.9852154722e-04,1.6024765507e+00
104.200000,9.9935376188e-04,1.5758027209e+00
104.250000,9.9976047366e-04,1.5787063659e+00
104.300000,1.0005028442e-03,1.6075769045e+00
104.350000,9.9893849603e-04,1.5345118111e+00
104.400000,9.9905531680e-04,1.5448841142e+00
104.450000,9.9943707755e-04,1.5784138051e+00
104.500000,9.9930001162e-04,1.5874441097e+00
104.550000,9.9999975528e-04,1.5985472594e+00
104.600000,9.9993267734e-04,1.6033307830e+00
104.650000,9.9943195291e-04,1.5991839536e+00
104.700000,1.0016585681e-03,1.5767109833e+00
104.750000,1.0001678225e-03,1.5792293639e+00
104.800000,9.9803867180e-04,1.6333719382e+00
104.850000,9.9914222938e-04,1.5441874779e+00
104.900000,1.0002169490e-03,1.6845152162e+00
104.950000,9.9929186005e-04,1.6087193150e+00
105.000000,9.9973042180e-04,1.5866417140e+00
105.050000,9.9943043941e-04,1.5758663860e+00
105.100000,9.9979762878e-04,1.6101404460e+00
105.150000,9.9915973212e-04,1.6083597050e+00
105.200000,9.9951531250e-04,1.5923648772e+00
105.250000,9.9933492323e-04,1.6035312762e+00
105.300000,9.9884723451e-04,1.5610694940e+00
105.350000,1.0006558745e-03,1.6092815502e+00
105.400000,9.9939452374e-04,1.6191313743e+00
105.450000,9.9888957392e-04,1.6065540154e+00
105.500000,1.0016759942e-03,1.5989447841e+00
105.550000,1.0000921343e-03,1.5868143043e+00
105.600000,9.9773814829e-04,1.5825869923e+00
105.650000,9.9988312988e-04,1.5846394807e+00
105.700000,1.0007108006e-03,1.5816314091e+00
105.750000,1.0005340485e-03,1.5794880487e+00
105.800000,9.9910398981e-04,1.5924868596e+00
105.850000,1.0001445715e-03,1.6392755670e+00
105.900000,9.9973127354e-04,1.6415470730e+00
105.950000,9.9910203977e-04,1.5985791503e+00
106.000000,1.0005134384e-03,1.5358205981e+00
106.050000,1.0002155120e-03,1.5979135493e+00
106.100000,9.9982412046e-04,1.5474771322e+00
106.150000,9.9911743792e-04,1.5990921889e+00
106.200000,9.9808207954e-04,1.5817218093e+00
106.250000,9.9982833258e-04,1.5445302188e+00
106.300000,9.9924642195e-04,1.5920088255e+00
106.350000,1.0021805835e-03,1.5411110085e+00
106.400000,9.9985530711e-04,1.6098209905e+00
106.450000,1.0014669461e-03,1.5400435042e+00
106.500000,9.9923825028e-04,1.5839959181e+00
106.550000,9.9900973294e-04,1.6264958625e+00
106.600000,9.9790613903e-04,1.6164648067e+00
106.650000,9.9981728447e-04,1.5904143620e+00
106.700000,1.0012369842e-03,1.5811405920e+00
106.750000,9.9946325339e-04,1.5856352850e+00
106.800000,1.0009985475e-03,1.6325811432e+00
106.850000,1.0002077189e-03,1.6566335225e+00
106.900000,9.9813881974e-04,1.5583956826e+00
106.950000,9.9999357254e-04,1.5714247076e+00
107.000000,9.9963247802e-04,1.6148578558e+00
107.050000,9.9900725010e-04,1.6638704746e+00
107.100000,1.0004398695e-03,1.5558984893e+00
107.150000,9.9965663394e-04,1.6374239303e+00
107.200000,9.9977961752e-04,1.5886095170e+00
107.250000,1.0004392418e-03,1.6530513696e+00
107.300000,9.9984240851e-04,1.6001690630e+00
107.350000,9.9858649770e-04,1.5847874880e+00
107.400000,9.9934252674e-04,1.6246179413e+00
107.450000,1.0010082989e-03,1.5770253072e+00
107.500000,1.0000901762e-03,1.5876073512e+00
107.550000,1.0006637290e-03,1.6366344531e+00
107.600000,9.9998684913e-04,1.6364652092e+00
107.650000,9.9998957411e-04,1.6284049511e+00
107.700000,1.0003392022e-03,1.5645642038e+00
107.750000,1.0009410975e-03,1.5546025914e+00
107.800000,1.0001154073e-03,1.6046723244e+00
107.850000,9.9955001026e-04,1.6186317331e+00
107.900000,1.0015577798e-03,1.5891039133e+00
107.950000,9.9934000918e-04,1.5892339297e+00
108.000000,1.0004582209e-03,1.5774948060e+00
108.050000,9.9983300971e-04,1.5917721541e+00
108.100000,9.9904401358e-04,1.6141764260e+00
108.150000,1.0010883504e-03,1.6223991920e+00
108.200000,9.9889837721e-04,1.6144084261e+00
108.250000,1.0004083298e-03,1.6075212232e+00
108.300000,1.0004431053e-03,1.5635961408e+00
108.350000,1.0000871294e-03,1.6093662618e+00
108.400000,9.9944059411e-04,1.5467665485e+00
108.450000,9.9872054524e-04,1.5979095518e+00
108.500000,9.9880170336e-04,1.5707059950e+00
108.550000,1.0010078033e-03,1.6004213340e+00
108.600000,1.0004840514e-03,1.5567555563e+00
108.650000,1.0009336950e-03,1.5240631549e+00
108.700000,1.0007087215e-03,1.5928115284e+00
108.750000,9.9940457651e-04,1.5780170961e+00
108.800000,9.9822604456e-04,1.6210144256e+00
108.850000,1.0001223298e-03,1.5862345159e+00
108.900000,1.0019677587e-03,1.6093618102e+00
108.950000,9.9853696656e-04,1.6326930736e+00
109.000000,1.0005968146e-03,1.6095540907e+00
109.050000,9.9970941167e-04,1.5862205908e+00
109.100000,9.9925259314e-04,1.6190507852e+00
109.150000,1.0014104869e-03,1.5983620336e+00
109.200000,1.0000896255e-03,1.5537824377e+00
109.250000,1.0000915680e-03,1.6076128736e+00
109.300000,1.0008047802e-03,1.5984097938e+00
109.350000,9.9992894157e-04,1.5863048464e+00
109.400000,9.9879314816e-04,1.6559337520e+00
109.450000,9.9935758142e-04,1.6473356391e+00
109.500000,1.0014022800e-03,1.5845216925e+00
109.550000,9.9888045954e-04,1.5792801687e+00
109.600000,9.9634896164e-04,1.6282609429e+00
109.650000,1.0009772467e-03,1.5917999348e+00
109.700000,9.9997364249e-04,1.6421215510e+00
109.750000,9.9942363936e-04,1.6529714353e+00
109.800000,9.9832998195e-04,1.5934330108e+00
109.850000,9.9949304081e-04,1.6154908222e+00
109.900000,1.0016422233e-03,1.5990214477e+00
109.950000,9.9927949690e-04,1.6159922851e+00
110.000000,1.0019991187e-03,1.5843913665e+00
110.050000,1.0012484586e-03,1.6457824805e+00
110.100000,1.0012171308e-03,1.6004570824e+00
110.150000,9.9833605564e-04,1.5689620371e+00
110.200000,1.0001973509e-03,1.5997267133e+00
110.250000,9.9952564783e-04,1.6723351236e+00
110.300000,1.0004877942e-03,1.6027491363e+00
110.350000,9.9945878595e-04,1.6336427523e+00
110.400000,1.0013568494e-03,1.5761364064e+00
110.450000,1.0007139511e-03,1.5553057374e+00
110.500000,9.9896582149e-04,1.6252797140e+00
110.550000,9.9885484799e-04,1.5850126977e+00
110.600000,9.9954060598e-04,1.5746225411e+00
110.650000,9.9963091387e-04,1.6259609989e+00
110.700000,9.9874133030e-04,1.6082228835e+00
110.750000,9.9987476583e-04,1.5823087624e+00
110.800000,1.0015942810e-03,1.6031981124e+00
110.850000,1.0017591641e-03,1.5925291269e+00
110.900000,9.9996131072e-04,1.6550927313e+00
110.950000,9.9983923709e-04,1.6037234729e+00
111.000000,9.9989179111e-04,1.6349312436e+00
111.050000,9.9889223889e-04,1.5848577834e+00
111.100000,1.0005259923e-03,1.5105532511e+00
111.150000,9.9953574350e-04,1.5910654235e+00
111.200000,9.9820997009e-04,1.6165925461e+00
111.250000,9.9814278362e-04,1.5582850317e+00
111.300000,1.0013575756e-03,1.5829518098e+00
111.350000,9.9946041891e-04,1.6174141513e+00
111.400000,1.0004642928e-03,1.5897670734e+00
111.450000,9.9956592044e-04,1.6186370015e+00
111.500000,1.0005741693e-03,1.6199711248e+00
111.550000,9.9901877001e-04,1.6177454703e+00
111.600000,1.0022048904e-03,1.6232044933e+00
111.650000,9.9936494559e-04,1.5942420747e+00
111.700000,1.0013528090e-03,1.5873859867e+00
111.750000,1.0009985304e-03,1.6058308392e+00
111.800000,9.9905293730e-04,1.6282310721e+00
111.850000,9.9927006572e-04,1.5938197204e+00
111.900000,9.9844704020e-04,1.5331560237e+00
111.950000,1.0005595512e-03,1.5704085516e+00
112.000000,1.0003923297e-03,1.6234773659e+00
112.050000,9.9784941841e-04,1.5524088344e+00
112.100000,1.0018270911e-03,1.5247901625e+00
112.150000,9.9998674282e-04,1.6469746985e+00
112.200000,9.9925754767e-04,1.5769929066e+00
112.250000,9.9997495647e-04,1.5948818328e+00
112.300000,1.0009487151e-03,1.6009150915e+00
112.350000,1.0010505461e-03,1.5965810931e+00
112.400000,9.9947070999e-04,1.5938006090e+00
112.450000,1.0001415026e-03,1.5936795450e+00
112.500000,1.0004425357e-03,1.5740584610e+00
112.550000,1.0009586353e-03,1.6548574098e+00
112.600000,1.0009536389e-03,1.6056314748e+00
112.650000,1.0013644679e-03,1.6181573626e+00
112.700000,1.0013026026e-03,1.6593942481e+00
112.750000,9.9886699729e-04,1.5705313041e+00
112.800000,9.9906058504e-04,1.6312065321e+00
112.850000,9.9990496025e-04,1.6589097447e+00
112.900000,1.0028585238e-03,1.5425543682e+00
112.950000,9.9925213555e-04,1.6296821821e+00
113.000000,1.0007974301e-03,1.5524443230e+00
113.050000,1.0000911519e-03,1.5418473771e+00
113.100000,9.9881666898e-04,1.5757487943e+00
113.150000,9.9921407733e-04,1.6189221537e+00
113.200000,9.9936104417e-04,1.6243349153e+00
113.250000,1.0008130103e-03,1.5978405855e+00
113.300000,9.9920515270e-04,1.6033650824e+00
113.350000,1.0004269033e-03,1.5818791451e+00
113.400000,1.0004878381e-03,1.5585562496e+00
113.450000,9.9972147122e-04,1.6651649461e+00
113.500000,1.0004586462e-03,1.5641111890e+00
113.550000,9.9876842914e-04,1.6531361538e+00
113.600000,9.9964379493e-04,1.6571100431e+00
113.650000,9.9867255635e-04,1.5695181384e+00
113.700000,1.0002867136e-03,1.5911705221e+00
113.750000,1.0010730792e-03,1.5638594584e+00
113.800000,9.9909654173e-04,1.5695481088e+00
113.850000,1.0001791104e-03,1.5042907583e+00
113.900000,9.9919135045e-04,1.6168482422e+00
113.950000,1.0018029152e-03,1.6240830979e+00
114.000000,1.0002706223e-03,1.5857348252e+00
114.050000,1.0008933500e-03,1.5976609715e+00
114.100000,1.0017102371e-03,1.6425806477e+00
114.150000,9.9845184772e-04,1.5483021788e+00
114.200000,1.0006777339e-03,1.5921013260e+00
114.250000,1.0000865803e-03,1.5903794189e+00
114.300000,1.0009602040e-03,1.5646168053e+00
114.350000,9.9782123746e-04,1.5884512883e+00
114.400000,1.0007150889e-03,1.6438711242e+00
114.450000,9.9858760717e-04,1.5842248452e+00
114.500000,9.9929344669e-04,1.5929525472e+00
114.550000,9.9962164053e-04,1.6064636793e+00
114.600000,1.0005057342e-03,1.5860991849e+00
114.650000,9.9999044469e-04,1.5836463994e+00
114.700000,1.0002829264e-03,1.5839317317e+00
114.750000,9.9907860775e-04,1.6204061670e+00
114.800000,1.0000347600e-03,1.6030611858e+00
114.850000,1.0009048643e-03,1.5851928076e+00
114.900000,9.9978644773e-04,1.6246885398e+00
114.950000,1.0007107494e-03,1.6252016259e+00
115.000000,1.0001268962e-03,1.5878202409e+00
115.050000,9.9989702004e-04,1.5610533454e+00
115.100000,1.0005506977e-03,1.5917384172e+00
115.150000,1.0003421596e-03,1.5900605237e+00
115.200000,1.0007312571e-03,1.5172059384e+00
115.250000,9.9686451461e-04,1.5875382279e+00
115.300000,9.9851118070e-04,1.5655136206e+00
115.350000,9.9836820562e-04,1.5515992739e+00
115.400000,9.9988658869e-04,1.5922488494e+00
115.450000,1.0010383219e-03,1.6087027680e+00
115.500000,1.0007654905e-03,1.6104173206e+00
115.550000,1.0001006641e-03,1.6289143388e+00
115.600000,9.9776655224e-04,1.6190617242e+00
115.650000,9.9976517636e-04,1.5989140501e+00
115.700000,9.9965330697e-04,1.5743980208e+00
115.750000,9.9805898391e-04,1.6485701716e+00
115.800000,9.9956064145e-04,1.5870906220e+00
115.850000,1.0004669385e-03,1.5688516240e+00
115.900000,1.0004145634e-03,1.6585918597e+00
115.950000,9.9821621285e-04,1.6206396147e+00
116.000000,9.9966736080e-04,1.6181889145e+00
116.050000,9.9848690573e-04,1.5635143679e+00
116.100000,1.0008493867e-03,1.6124521414e+00
116.150000,9.9954482302e-04,1.6172047216e+00
116.200000,1.0008700031e-03,1.6015012798e+00
116.250000,1.0007359752e-03,1.5627610114e+00
116.300000,9.9883857678e-04,1.5668889781e+00
116.350000,1.0007033524e-03,1.6089092937e+00
116.400000,1.0007318611e-03,1.5748264332e+00
116.450000,9.9919681043e-04,1.5838005342e+00
116.500000,1.0014741490e-03,1.5989606721e+00
116.550000,9.9994144427e-04,1.5829545228e+00
116.600000,1.0006998813e-03,1.6532253028e+00
116.650000,9.9847018105e-04,1.5764899621e+00
116.700000,1.0001389220e-03,1.5513977397e+00
116.750000,1.0008954150e-03,1.6251128869e+00
116.800000,1.0006838026e-03,1.6168343933e+00
116.850000,9.9998426440e-04,1.6061630285e+00
116.900000,9.9887773972e-04,1.6336808050e+00
116.950000,9.9925873932e-04,1.5859029512e+00
117.000000,9.9911080819e-04,1.5582008253e+00
117.050000,9.9934079125e-04,1.6038857227e+00
117.100000,1.0011313816e-03,1.6115087427e+00
117.150000,1.0010111692e-03,1.6116708773e+00
117.200000,1.0005304748e-03,1.5885214305e+00
117.250000,1.0007607747e-03,1.5597314119e+00
117.300000,9.9994078903e-04,1.6201998145e+00
117.350000,9.9794820905e-04,1.5716890429e+00
117.400000,9.9958746888e-04,1.6087559786e+00
117.450000,9.9983504095e-04,1.6146932784e+00
117.500000,1.0011004283e-03,1.5807648786e+00
117.550000,9.9978422872e-04,1.5847746618e+00
117.600000,1.0003797097e-03,1.5608935440e+00
117.650000,1.0001455560e-03,1.6232211829e+00
117.700000,9.9981136956e-04,1.5823163160e+00
117.750000,1.0010863916e-03,1.5621873339e+00
117.800000,9.9943931583e-04,1.6182080586e+00
117.850000,9.9851552801e-04,1.6101333001e+00
117.900000,9.9954754314e-04,1.5771010987e+00
117.950000,1.0001761609e-03,1.6049833373e+00
118.000000,1.0001084605e-03,1.5321195460e+00
118.050000,1.0005247235e-03,1.6115983643e+00
118.100000,1.0005496278e-03,1.5384813336e+00
118.150000,9.9953738802e-04,1.6450959871e+00
118.200000,9.9950943337e-04,1.5930126097e+00
118.250000,1.0016643371e-03,1.5698313956e+00
118.300000,1.0004013618e-03,1.6425071558e+00
118.350000,1.0010737207e-03,1.5995736827e+00
118.400000,1.0010149131e-03,1.5907900833e+00
118.450000,9.9962116674e-04,1.5671076650e+00
118.500000,9.9939782194e-04,1.5724031674e+00
118.550000,9.9912114993e-04,1.5887087205e+00
118.600000,9.9790448613e-04,1.6163658428e+00
118.650000,9.9925605974e-04,1.6875559019e+00
118.700000,9.9850412197e-04,1.5444473221e+00
118.750000,9.9941416904e-04,1.5905070021e+00
118.800000,1.0001304897e-03,1.5793165473e+00
118.850000,9.9999494480e-04,1.5914654130e+00
118.900000,9.9926094502e-04,1.6054315495e+00
118.950000,9.9918635695e-04,1.6307461640e+00
119.000000,1.0013180030e-03,1.5936396294e+00
119.050000,9.9842801187e-04,1.5596602396e+00
119.100000,9.9950607401e-04,1.6011782004e+00
119.150000,1.0002798173e-03,1.5910108661e+00
119.200000,1.0006267101e-03,1.5659724233e+00
119.250000,1.0009551923e-03,1.6096612849e+00
119.300000,1.0009583998e-03,1.5559873739e+00
119.350000,1.0007485003e-03,1.6741368470e+00
119.400000,9.9949195652e-04,1.5984877755e+00
119.450000,9.9998454705e-04,1.5629374442e+00
119.500000,9.9992016128e-04,1.6377599908e+00
119.550000,9.9981459156e-04,1.6039148391e+00
119.600000,9.9903888848e-04,1.6095573624e+00
119.650000,9.9800516825e-04,1.6024006099e+00
119.700000,9.9849575832e-04,1.5758018814e+00
119.750000,9.9900994768e-04,1.6317263447e+00
119.800000,9.9864871875e-04,1.6728308903e+00
119.850000,1.0011816429e-03,1.6030504229e+00
119.900000,9.9903999251e-04,1.5947749613e+00
119.950000,9.9813552660e-04,1.5971712427e+00
120.000000,9.9946043312e-04,1.5773589566e+00
120.050000,1.0003296405e-03,1.6011850299e+00
120.100000,9.9952915633e-04,1.5344798187e+00
120.150000,9.9880151312e-04,1.6393516727e+00
120.200000,9.9988252485e-04,1.6254959432e+00
120.250000,9.9988794296e-04,1.6479029707e+00
120.300000,9.9988425515e-04,1.6049008906e+00
120.350000,1.0009546579e-03,1.5813244940e+00
120.400000,9.9858618645e-04,1.6031874403e+00
120.450000,9.9840299107e-04,1.5687037773e+00
120.500000,9.9936238074e-04,1.6148249691e+00
120.550000,1.0003030509e-03,1.6399111014e+00
120.600000,1.0017065702e-03,1.6304335883e+00
120.650000,9.9943287729e-04,1.5933576791e+00
120.700000,1.0007219275e-03,1.6223227949e+00
120.750000,9.9990962649e-04,1.5558358207e+00
120.800000,1.0000528734e-03,1.5996258715e+00
120.850000,9.9970573190e-04,1.6411211607e+00
120.900000,1.0002044925e-03,1.5668017888e+00
120.950000,9.9954955308e-04,1.6049382210e+00
121.000000,1.0010841916e-03,1.5484460285e+00
121.050000,9.9995879161e-04,1.6549219721e+00
121.100000,9.9930590245e-04,1.6228141120e+00
121.150000,9.9917881621e-04,1.5759025718e+00
121.200000,1.0012314024e-03,1.5836792919e+00
121.250000,1.0002796820e-03,1.6692651150e+00
121.300000,9.9921594521e-04,1.6410996974e+00
121.350000,1.0012984177e-03,1.6521886983e+00
121.400000,9.9683370836e-04,1.6499036536e+00
121.450000,1.0018450827e-03,1.6254821130e+00
121.500000,1.0011216955e-03,1.6066784871e+00
121.550000,1.0005835519e-03,1.6165808225e+00
121.600000,1.0013532271e-03,1.6146816113e+00
121.650000,1.0000963720e-03,1.6024978449e+00
121.700000,1.0008232183e-03,1.6390464717e+00
121.750000,9.9974902534e-04,1.5637873643e+00
121.800000,9.9985380818e-04,1.6030164170e+00
121.850000,1.0007918339e-03,1.6139600718e+00
121.900000,9.9969835943e-04,1.5659523062e+00
121.950000,1.0008012390e-03,1.5969773900e+00
122.000000,9.9994982515e-04,1.5998887055e+00
122.050000,1.0008867272e-03,1.6394175840e+00
122.100000,1.0013000733e-03,1.5899059567e+00
122.150000,1.0007407839e-03,1.6114645390e+00
122.200000,1.0001741687e-03,1.5759187054e+00
122.250000,1.0022124943e-03,1.6376730760e+00
122.300000,9.9977993182e-04,1.5821583279e+00
122.350000,9.9960330012e-04,1.5752693807e+00
122.400000,1.0005153986e-03,1.6508385742e+00
122.450000,1.0000756125e-03,1.5753359228e+00
122.500000,9.9913452951e-04,1.5987155072e+00
122.550000,1.0003841141e-03,1.5274790185e+00
122.600000,1.0018835972e-03,1.6346137296e+00
122.650000,9.9943519152e-04,1.6015258799e+00
122.700000,9.9978220142e-04,1.5861618319e+00
122.750000,9.9995599530e-04,1.6306040749e+00
122.800000,9.9935139533e-04,1.5669816841e+00
122.850000,9.9821994578e-04,1.5940994082e+00
122.900000,9.9977948897e-04,1.6073402484e+00
122.950000,9.9968567111e-04,1.6049675872e+00
123.000000,1.0014539399e-03,1.5838848175e+00
123.050000,9.9984887098e-04,1.5937151314e+00
123.100000,9.9877736133e-04,1.6081497695e+00
123.150000,1.0007619378e-03,1.6880279806e+00
123.200000,1.0005941268e-03,1.5252991098e+00
123.250000,9.9937507687e-04,1.5977733882e+00
123.300000,9.9840841809e-04,1.5721902474e+00
123.350000,1.0010539910e-03,1.5526972706e+00
123.400000,1.0005763966e-03,1.6521656250e+00
123.450000,9.9793276696e-04,1.6228136698e+00
123.500000,9.9843430829e-04,1.5424986539e+00
123.550000,9.9817449479e-04,1.5625601674e+00
123.600000,9.9993593517e-04,1.5892341164e+00
123.650000,9.9961019625e-04,1.6037994556e+00
123.700000,1.0012608619e-03,1.6011749523e+00
123.750000,1.0007118059e-03,1.5926969246e+00
123.800000,9.9951903678e-04,1.5850159049e+00
123.850000,1.0003514642e-03,1.5853447583e+00
123.900000,9.9899363973e-04,1.6278131218e+00
123.950000,1.0009391508e-03,1.6378648578e+00
124.000000,1.0003742600e-03,1.5982847433e+00
124.050000,9.9993365470e-04,1.5890978801e+00
124.100000,9.9862571964e-04,1.5954718558e+00
124.150000,9.9983861626e-04,1.5601788512e+00
124.200000,1.0010201885e-03,1.6296042871e+00
124.250000,9.9981494203e-04,1.6286574670e+00
124.300000,9.9835596116e-04,1.6148319028e+00
124.350000,9.9865169792e-04,1.5740212821e+00
124.400000,9.9861909518e-04,1.6097183987e+00
124.450000,9.9929350432e-04,1.6399028560e+00
124.500000,1.0022675557e-03,1.5975035165e+00
124.550000,1.0010122956e-03,1.5875627385e+00
124.600000,1.0004188826e-03,1.6143247214e+00
124.650000,1.0003183537e-03,1.6007235887e+00
124.700000,1.0008698508e-03,1.5712844092e+00
124.750000,9.9941749517e-04,1.5719237320e+00
124.800000,9.9987143182e-04,1.5609124982e+00
124.850000,1.0008712679e-03,1.6025884133e+00
124.900000,9.9873127557e-04,1.5949869428e+00
124.950000,9.9936111194e-04,1.5972667041e+00
125.000000,9.9925389082e-04,1.5561326927e+00
125.050000,9.9808793326e-04,1.5929291095e+00
125.100000,1.0002597673e-03,1.5997015254e+00
125.150000,9.9970838584e-04,1.5776728130e+00
125.200000,1.0003361823e-03,1.5874061597e+00
125.250000,9.9900245551e-04,1.5683904029e+00
125.300000,1.0012766379e-03,1.6250655137e+00
125.350000,9.9951283274e-04,1.5826799213e+00
125.400000,9.9869109222e-04,1.6121199556e+00
125.450000,1.0008147786e-03,1.5944645327e+00
125.500000,1.0013035059e-03,1.6494166883e+00
125.550000,9.9979648842e-04,1.6294016228e+00
125.600000,1.0000846424e-03,1.6038859061e+00
125.650000,9.9900416055e-04,1.5657026670e+00
125.700000,9.9883334975e-04,1.6494365208e+00
125.750000,1.0006631676e-03,1.6504106672e+00
125.800000,9.9955077541e-04,1.6392863228e+00
125.850000,9.9977814320e-04,1.6838928435e+00
125.900000,1.0010531852e-03,1.6301118741e+00
125.950000,1.0010551053e-03,1.6267122053e+00
126.000000,9.9844487952e-04,1.5887043869e+00
126.050000,9.9844574522e-04,1.6449555198e+00
126.100000,1.0004386908e-03,1.5652539174e+00
126.150000,9.9936942233e-04,1.6336449975e+00
126.200000,1.0017051653e-03,1.5996217925e+00
126.250000,9.9938951146e-04,1.6409248886e+00
126.300000,1.0002723767e-03,1.6427398025e+00
126.350000,9.9832527580e-04,1.5943609680e+00
126.400000,9.9898005547e-04,1.6337728423e+00
126.450000,9.9872254222e-04,1.6237860745e+00
126.500000,1.0015022644e-03,1.5797790263e+00
126.550000,9.9955022596e-04,1.6055918630e+00
126.600000,9.9883035995e-04,1.5910959358e+00
126.650000,9.9899843998e-04,1.6726180190e+00
126.700000,1.0000859131e-03,1.6229521175e+00
126.750000,1.0000211562e-03,1.6544542597e+00
126.800000,9.9930981613e-04,1.5871923924e+00
126.850000,9.9842668441e-04,1.5472178155e+00
126.900000,1.0016050455e-03,1.5822219427e+00
126.950000,1.0005231214e-03,1.6017242087e+00
127.000000,1.0009923300e-03,1.5793670135e+00
127.050000,1.0011068855e-03,1.6116767689e+00
127.100000,1.0001274932e-03,1.6407871813e+00
127.150000,9.9838144394e-04,1.5667852206e+00
127.200000,1.0003078202e-03,1.6155735210e+00
127.250000,1.0017632602e-03,1.5718766873e+00
127.300000,1.0006794265e-03,1.5680828260e+00
127.350000,1.0002821070e-03,1.5824621019e+00
127.400000,9.9908080647e-04,1.5886611181e+00
127.450000,9.9874172147e-04,1.6120392870e+00
127.500000,9.9927682042e-04,1.6197945560e+00
127.550000,9.9999853285e-04,1.6372370585e+00
127.600000,9.9760151857e-04,1.6293156914e+00
127.650000,9.9866111543e-04,1.5549366282e+00
127.700000,1.0000930519e-03,1.5243002039e+00
127.750000,9.9770320526e-04,1.6179494752e+00
127.800000,9.9984668536e-04,1.6293880277e+00
127.850000,9.9971314404e-04,1.5993895419e+00
127.900000,9.9953202133e-04,1.6165087151e+00
127.950000,9.9772411064e-04,1.5953948929e+00
128.000000,9.9730303330e-04,1.5638745522e+00
128.050000,9.9955526585e-04,1.6613840226e+00
128.100000,1.0005335548e-03,1.5902572604e+00
128.150000,9.9934732927e-04,1.6201878254e+00
128.200000,9.9982425594e-04,1.6067317274e+00
128.250000,1.0022845795e-03,1.5899784817e+00
128.300000,9.9919851459e-04,1.5972214740e+00
128.350000,9.9927880288e-04,1.5967861512e+00
128.400000,9.9948928629e-04,1.6320658292e+00
128.450000,1.0007472001e-03,1.5791139600e+00
128.500000,9.9962767674e-04,1.6441766164e+00
128.550000,1.0007668178e-03,1.6210851651e+00
128.600000,1.0002227498e-03,1.5741735592e+00
128.650000,1.0002439385e-03,1.5901105360e+00
128.700000,9.9959412703e-04,1.5398580625e+00
128.750000,1.0002931306e-03,1.6338626325e+00
128.800000,1.0001476880e-03,1.6244266678e+00
128.850000,9.9909291292e-04,1.6253433844e+00
128.900000,1.0005313105e-03,1.5726304771e+00
128.950000,9.9875291320e-04,1.6100443652e+00
129.000000,9.9954202727e-04,1.6094332326e+00
129.050000,9.9807999272e-04,1.6273070932e+00
129.100000,1.0012743462e-03,1.6075049121e+00
129.150000,9.9824263255e-04,1.6381034484e+00
129.200000,1.0005017800e-03,1.5517852661e+00
129.250000,1.0000029249e-03,1.6519624931e+00
129.300000,1.0003791664e-03,1.6262761695e+00
129.350000,9.9840379655e-04,1.4926042538e+00
129.400000,1.0003538981e-03,1.6503733968e+00
129.450000,1.0015614679e-03,1.6092993360e+00
129.500000,9.9957435477e-04,1.6299585125e+00
129.550000,9.9816218212e-04,1.6144441694e+00
129.600000,9.9897973878e-04,1.5855316072e+00
129.650000,9.9984546551e-04,1.6018765576e+00
129.700000,9.9955113187e-04,1.5745058579e+00
129.750000,1.0016896409e-03,1.6145950749e+00
129.800000,9.9941002381e-04,1.5985841966e+00
129.850000,9.9946680268e-04,1.6128655978e+00
129.900000,9.9943910492e-04,1.5858263961e+00
129.950000,9.9897819763e-04,1.5878440876e+00
130.000000,1.0001327556e-03,1.6335280515e+00
130.050000,9.9991389318e-04,1.6091643618e+00
130.100000,1.0009177020e-03,1.6030020932e+00
130.150000,9.9941283407e-04,1.6002816855e+00
130.200000,9.9980673518e-04,1.5786656151e+00
130.250000,9.9927736006e-04,1.6288894469e+00
130.300000,1.0007173416e-03,1.6459995456e+00
130.350000,9.9944823379e-04,1.5901231923e+00
130.400000,1.0001225630e-03,1.5509617052e+00
130.450000,9.9999229591e-04,1.5913707909e+00
130.500000,1.0001098647e-03,1.6627995850e+00
130.550000,9.9887570838e-04,1.6087775352e+00
130.600000,1.0005596537e-03,1.6146970400e+00
130.650000,9.9908647105e-04,1.6371667923e+00
130.700000,1.0002984336e-03,1.6291378240e+00
130.750000,1.0000723323e-03,1.5540375467e+00
130.800000,1.0001307299e-03,1.6240326199e+00
130.850000,9.9839226496e-04,1.6105731043e+00
130.900000,1.0014599463e-03,1.5702098444e+00
130.950000,9.9972241494e-04,1.5661861063e+00
131.000000,1.0011921360e-03,1.6459496791e+00
131.050000,1.0003827556e-03,1.6412512197e+00
131.100000,1.0021100461e-03,1.6665544230e+00
131.150000,9.9983362707e-04,1.6013423961e+00
131.200000,9.9965604930e-04,1.5314204526e+00
131.250000,1.0002602463e-03,1.6667032574e+00
131.300000,9.9794422441e-04,1.6346618736e+00
131.350000,1.0005347548e-03,1.5857119875e+00
131.400000,1.0006067555e-03,1.5920280446e+00
131.450000,1.0000402828e-03,1.6057940723e+00
131.500000,1.0007701933e-03,1.6239585478e+00
131.550000,1.0009668084e-03,1.6274191349e+00
131.600000,1.0010037549e-03,1.6017785629e+00
131.650000,1.0021141166e-03,1.6157864565e+00
131.700000,9.9981059483e-04,1.6198733536e+00
131.750000,1.0011545415e-03,1.6086356853e+00
131.800000,9.9948728581e-04,1.6012953493e+00
131.850000,9.9941765836e-04,1.6098902758e+00
131.900000,9.9969120234e-04,1.6168467643e+00
131.950000,1.0011864223e-03,1.5743963484e+00
132.000000,1.0006513765e-03,1.6305622270e+00
132.050000,9.9888832460e-04,1.5917482919e+00
132.100000,9.9909270564e-04,1.6800306672e+00
132.150000,1.0009829763e-03,1.6402328013e+00
132.200000,9.9705028046e-04,1.6253628101e+00
132.250000,9.9989509320e-04,1.5130752405e+00
132.300000,9.9975177254e-04,1.6109754254e+00
132.350000,1.0004564928e-03,1.5820543926e+00
132.400000,1.0004324157e-03,1.5940443778e+00
132.450000,1.0003487576e-03,1.5696235998e+00
132.500000,9.9791260652e-04,1.6106589119e+00
132.550000,9.9779292552e-04,1.5614480959e+00
132.600000,1.0000191440e-03,1.6360370711e+00
132.650000,9.9784411782e-04,1.6551055572e+00
132.700000,9.9818735808e-04,1.6258837876e+00
132.750000,9.9965073025e-04,1.6510790802e+00
132.800000,1.0013463758e-03,1.6155462860e+00
132.850000,9.9909245432e-04,1.5610201575e+00
132.900000,9.9961212226e-04,1.6273500902e+00
132.950000,9.9973827054e-04,1.5800961211e+00
133.000000,1.0000270088e-03,1.5991639238e+00
133.050000,9.9951462298e-04,1.6183047103e+00
133.100000,1.0005527303e-03,1.5570380074e+00
133.150000,1.0003801546e-03,1.5512470374e+00
133.200000,1.0014551654e-03,1.6123547152e+00
133.250000,9.9814307040e-04,1.6195871601e+00
133.300000,9.9910447933e-04,1.6182473918e+00
133.350000,1.0012460265e-03,1.6287310619e+00
133.400000,9.9969003115e-04,1.6122180888e+00
133.450000,1.0008995611e-03,1.6165926459e+00
133.500000,9.9968457439e-04,1.6355748870e+00
133.550000,9.9950474222e-04,1.5716648169e+00
133.600000,9.9961791844e-04,1.5872015669e+00
133.650000,1.0008964657e-03,1.6122880790e+00
133.700000,1.0004682037e-03,1.6071933413e+00
133.750000,1.0005059504e-03,1.6422819629e+00
133.800000,1.0003945340e-03,1.6159930894e+00
133.850000,1.0003170018e-03,1.5799284110e+00
133.900000,9.9905399164e-04,1.5679492085e+00
133.950000,1.0004100856e-03,1.5843109041e+00
134.000000,9.9990538291e-04,1.6478338507e+00
134.050000,9.9996600842e-04,1.5939702211e+00
134.100000,9.9831098307e-04,1.6536179550e+00
134.150000,9.9883019040e-04,1.5751910122e+00
134.200000,9.9787508077e-04,1.6284354863e+00
134.250000,1.0003137927e-03,1.6185315239e+00
134.300000,9.9847240097e-04,1.6281613857e+00
134.350000,9.9828545656e-04,1.5810713022e+00
134.400000,1.0019783126e-03,1.5553234844e+00
134.450000,1.0015353751e-03,1.6355069754e+00
134.500000,9.9982363198e-04,1.6459105444e+00
134.550000,1.0009805019e-03,1.5935385951e+00
134.600000,1.0006937863e-03,1.6118717857e+00
134.650000,9.9992742533e-04,1.6366834323e+00
134.700000,1.0009388776e-03,1.6294815047e+00
134.750000,1.0003062140e-03,1.6422112941e+00
134.800000,9.9986354996e-04,1.5991111778e+00
134.850000,9.9972346615e-04,1.5760220153e+00
134.900000,1.0000862898e-03,1.5641484863e+00
134.950000,9.9866169804e-04,1.5966285578e+00
135.000000,9.9831309404e-04,1.5698192628e+00
135.050000,9.9946005247e-04,1.5966218906e+00
135.100000,9.9944604830e-04,1.5837634448e+00
135.150000,1.0016097022e-03,1.6039772868e+00
135.200000,9.9967400303e-04,1.5924476640e+00
135.250000,1.0001731792e-03,1.6349719973e+00
135.300000,9.9999263514e-04,1.5853376047e+00
135.350000,1.0006064399e-03,1.5075702302e+00
135.400000,1.0004118676e-03,1.6102165152e+00
135.450000,1.0013399076e-03,1.6097242729e+00
135.500000,9.9934950545e-04,1.5950189494e+00
135.550000,1.0008584550e-03,1.6403040498e+00
135.600000,1.0015347549e-03,1.5986966478e+00
135.650000,1.0004879802e-03,1.5657635220e+00
135.700000,9.9856941023e-04,1.5887277967e+00
135.750000,9.9999369238e-04,1.5877274724e+00
135.800000,1.0019716374e-03,1.6195169545e+00
135.850000,9.9963404193e-04,1.5858147560e+00
135.900000,1.0013444555e-03,1.5744679532e+00
135.950000,9.9934729858e-04,1.6539537967e+00
136.000000,9.9929919799e-04,1.5620310337e+00
136.050000,9.9825131760e-04,1.6434629408e+00
136.100000,9.9913571677e-04,1.6093720493e+00
136.150000,1.0010070123e-03,1.6360294876e+00
136.200000,9.9928075234e-04,1.6427779130e+00
136.250000,1.0004106246e-03,1.6290117648e+00
136.300000,9.9912885900e-04,1.6179780644e+00
136.350000,9.9932541690e-04,1.6487338150e+00
136.400000,9.9979103333e-04,1.5787028828e+00
136.450000,1.0008062959e-03,1.6570158939e+00
136.500000,9.9974553507e-04,1.6143424949e+00
136.550000,1.0015304101e-03,1.5978610505e+00
136.600000,1.0010551373e-03,1.6435978122e+00
136.650000,9.9916508231e-04,1.6050269578e+00
136.700000,1.0004976778e-03,1.6338963712e+00
136.750000,1.0014517029e-03,1.6100468881e+00
136.800000,9.9916215775e-04,1.5886268170e+00
136.850000,9.9898683538e-04,1.5449769840e+00
136.900000,9.9854674318e-04,1.6584631286e+00
136.950000,1.0009224533e-03,1.6736795825e+00
137.000000,9.9836137694e-04,1.6407407703e+00
137.050000,1.0000067889e-03,1.5565136923e+00
137.100000,1.0000152319e-03,1.6050004774e+00
137.150000,9.9952369996e-04,1.5883224265e+00
137.200000,9.9943388893e-04,1.6069473576e+00
137.250000,9.9864797784e-04,1.6343816853e+00
137.300000,1.0005701490e-03,1.5685457491e+00
137.350000,1.0004223577e-03,1.5561447459e+00
137.400000,1.0009054776e-03,1.6540126022e+00
137.450000,1.0012485864e-03,1.5591806891e+00
137.500000,9.9839092819e-04,1.6227345159e+00
137.550000,9.9923034139e-04,1.5950500341e+00
137.600000,9.9980265662e-04,1.6234898198e+00
137.650000,1.0015723760e-03,1.6416511676e+00
137.700000,1.0006152263e-03,1.5901493543e+00
137.750000,9.9833938306e-04,1.6394908639e+00
137.800000,1.0005170474e-03,1.6038990034e+00
137.850000,1.0003258347e-03,1.5634472354e+00
137.900000,9.9925225165e-04,1.6182765127e+00
137.950000,9.9975875704e-04,1.5575735671e+00
138.000000,1.0021760300e-03,1.5914811336e+00
138.050000,9.9944600686e-04,1.5239349422e+00
138.100000,9.9988053434e-04,1.6332014127e+00
138.150000,9.9935389534e-04,1.5507135516e+00
138.200000,9.9955440750e-04,1.5978669741e+00
138.250000,1.0027606657e-03,1.6242952018e+00
138.300000,9.9973671361e-04,1.6213384439e+00
138.350000,9.9924822886e-04,1.5950496518e+00
138.400000,1.0006493471e-03,1.5758750532e+00
138.450000,1.0015754557e-03,1.5880248281e+00
138.500000,9.9904072765e-04,1.6364531588e+00
138.550000,9.9985735278e-04,1.5779389427e+00
138.600000,1.0007125823e-03,1.6096340127e+00
138.650000,1.0006861686e-03,1.5838564323e+00
138.700000,1.0003915256e-03,1.6002609950e+00
138.750000,9.9993618128e-04,1.5933982262e+00
138.800000,1.0006055036e-03,1.5675002902e+00
138.850000,9.9977556656e-04,1.6625876732e+00
138.900000,1.0003704898e-03,1.5873775232e+00
138.950000,1.0016314605e-03,1.6004786877e+00
139.000000,1.0005195774e-03,1.5641769996e+00
139.050000,9.9956337684e-04,1.6090804097e+00
139.100000,9.9909469813e-04,1.6424386988e+00
139.150000,1.0015436830e-03,1.6064253336e+00
139.200000,1.0000527544e-03,1.6091652066e+00
139.250000,1.0006747343e-03,1.6216157372e+00
139.300000,9.9920922282e-04,1.6041733498e+00
139.350000,9.9979223604e-04,1.5571602245e+00
139.400000,9.9925392413e-04,1.6009087351e+00
139.450000,1.0012448082e-03,1.5948160678e+00
139.500000,9.9898575579e-04,1.6370859014e+00
139.550000,9.9873994230e-04,1.5859972665e+00
139.600000,9.9996987702e-04,1.6212219345e+00
139.650000,1.0001422226e-03,1.5842550181e+00
139.700000,9.9953531521e-04,1.6093183578e+00
139.750000,1.0002266400e-03,1.6365511913e+00
139.800000,9.9986424349e-04,1.6185620223e+00
139.850000,9.9949909132e-04,1.6238808120e+00
139.900000,9.9983465799e-04,1.6192384989e+00
139.950000,9.9929975244e-04,1.6183619910e+00
140.000000,1.0003578472e-03,1.5955945956e+00
140.050000,9.9863561399e-04,1.6554537502e+00
140.100000,1.0010253024e-03,1.6078736625e+00
140.150000,9.9872764599e-04,1.6114319243e+00
140.200000,9.9909605874e-04,1.5733613780e+00
140.250000,1.0002713490e-03,1.6347863860e+00
140.300000,9.9755941779e-04,1.5936076780e+00
140.350000,1.0003999967e-03,1.6221537317e+00
140.400000,9.9967403420e-04,1.6188423526e+00
140.450000,1.0007737735e-03,1.6319134139e+00
140.500000,1.0020149805e-03,1.6142044360e+00
140.550000,9.9949590578e-04,1.6011028763e+00
140.600000,9.9792306197e-04,1.6097555963e+00
140.650000,1.0010566498e-03,1.5845642060e+00
140.700000,9.9974360223e-04,1.6135004307e+00
140.750000,1.0004040921e-03,1.5716905964e+00
140.800000,1.0008805976e-03,1.6070811390e+00
140.850000,1.0007475679e-03,1.5815449893e+00
140.900000,1.0020521746e-03,1.5816322612e+00
140.950000,1.0006066125e-03,1.6097557440e+00
141.000000,1.0004428657e-03,1.5954342530e+00
141.050000,1.0009987069e-03,1.6155162918e+00
141.100000,1.0001556642e-03,1.5951577413e+00
141.150000,1.0003971177e-03,1.5358274596e+00
141.200000,9.9912691429e-04,1.6114089613e+00
141.250000,1.0007415458e-03,1.5523271768e+00
141.300000,9.9766289894e-04,1.5546608264e+00
141.350000,9.9913556613e-04,1.5790034498e+00
141.400000,1.0021090254e-03,1.6232662243e+00
141.450000,9.9977890095e-04,1.5666461314e+00
141.500000,9.9800540887e-04,1.6075642516e+00
141.550000,1.0001085323e-03,1.6256194375e+00
141.600000,1.0007354357e-03,1.6297552276e+00
141.650000,9.9877069445e-04,1.5983464805e+00
141.700000,9.9967009001e-04,1.6307019559e+00
141.750000,9.9909812283e-04,1.6104586168e+00
141.800000,1.0002634537e-03,1.6157045319e+00
141.850000,9.9970944939e-04,1.6120520672e+00
141.900000,9.9946657768e-04,1.6448980398e+00
141.950000,9.9884338274e-04,1.6499475703e+00
142.000000,9.9832275005e-04,1.6247784519e+00
142.050000,9.9880077304e-04,1.6491371515e+00
142.100000,1.0005392688e-03,1.5897565986e+00
142.150000,1.0008319011e-03,1.5572985632e+00
142.200000,9.9869260889e-04,1.5489854201e+00
142.250000,9.9892518863e-04,1.5888544237e+00
142.300000,9.9857035835e-04,1.5976002146e+00
142.350000,1.0006189477e-03,1.5734286155e+00
142.400000,9.9937751512e-04,1.6052768721e+00
142.450000,9.9946684324e-04,1.5736418685e+00
142.500000,1.0000887090e-03,1.6448142857e+00
142.550000,9.9875690659e-04,1.5802557926e+00
142.600000,9.9825641550e-04,1.6111039935e+00
142.650000,1.0000989042e-03,1.5320778190e+00
142.700000,9.9926351244e-04,1.5824806898e+00
142.750000,1.0016659940e-03,1.6355888018e+00
142.800000,9.9995779073e-04,1.6054764887e+00
142.850000,9.9934003781e-04,1.7015273598e+00
142.900000,9.9902581653e-04,1.5413253300e+00
142.950000,1.0000866466e-03,1.6293865392e+00
143.000000,1.0005096413e-03,1.6080086422e+00
143.050000,9.9902463864e-04,1.6198879726e+00
143.100000,1.0005474598e-03,1.5616072953e+00
143.150000,9.9923397290e-04,1.5818369344e+00
143.200000,1.0004232060e-03,1.6243339698e+00
143.250000,9.9884819937e-04,1.5888590404e+00
143.300000,9.9950912813e-04,1.6066572041e+00
143.350000,1.0002031408e-03,1.5984842376e+00
143.400000,1.0022516132e-03,1.5703746553e+00
143.450000,1.0006353310e-03,1.6008301178e+00
143.500000,9.9986984046e-04,1.6045323257e+00
143.550000,1.0010926760e-03,1.6072801520e+00
143.600000,9.9826354290e-04,1.6466435465e+00
143.650000,1.0002369572e-03,1.6497702451e+00
143.700000,9.9900374509e-04,1.5627505544e+00
143.750000,1.0006136875e-03,1.5761248587e+00
143.800000,1.0009198098e-03,1.5944518719e+00
143.850000,9.9965449060e-04,1.6181702055e+00
143.900000,1.0005437572e-03,1.6019789027e+00
143.950000,1.0006733455e-03,1.5844571369e+00
144.000000,1.0006737028e-03,1.5448649139e+00
144.050000,1.0005245779e-03,1.6303649284e+00
144.100000,1.0002763546e-03,1.5846356276e+00
144.150000,9.9882571140e-04,1.6247936733e+00
144.200000,9.9960628842e-04,1.6165909786e+00
144.250000,9.9820316367e-04,1.5874889161e+00
144.300000,1.0004657109e-03,1.5313926150e+00
144.350000,9.9908804439e-04,1.5655067240e+00
144.400000,9.9997917149e-04,1.6334038326e+00
144.450000,1.0003239613e-03,1.6052703202e+00
144.500000,1.0010498830e-03,1.5796644728e+00
144.550000,9.9927306130e-04,1.6105500431e+00
144.600000,9.9917706122e-04,1.6051263881e+00
144.650000,9.9960965039e-04,1.6131057212e+00
144.700000,9.9995233721e-04,1.5844403461e+00
144.750000,1.0007996514e-03,1.6577438036e+00
144.800000,1.0003533561e-03,1.6012493201e+00
144.850000,1.0009185350e-03,1.6172476272e+00
144.900000,1.0007670046e-03,1.6017913914e+00
144.950000,9.9830423654e-04,1.6133591649e+00
145.000000,1.0006446988e-03,1.5954078957e+00
145.050000,1.0014664880e-03,1.5638773942e+00
145.100000,1.0009499651e-03,1.6406448786e+00
145.150000,9.9945496656e-04,1.6050230848e+00
145.200000,1.0001180438e-03,1.5490879231e+00
145.250000,9.9898143562e-04,1.5969450450e+00
145.300000,1.0011317386e-03,1.5962275601e+00
145.350000,9.9992469819e-04,1.5945562918e+00
145.400000,9.9837868854e-04,1.5989910441e+00
145.450000,1.0008680698e-03,1.6066962496e+00
145.500000,9.9975084351e-04,1.6328630177e+00
145.550000,9.9832690369e-04,1.5893113208e+00
145.600000,1.0008365160e-03,1.5690953971e+00
145.650000,1.0000277724e-03,1.5857006442e+00
145.700000,9.9861750160e-04,1.5964676798e+00
145.750000,9.9981340584e-04,1.5966853487e+00
145.800000,1.0003166584e-03,1.5408909951e+00
145.850000,9.9866753269e-04,1.6163893381e+00
145.900000,9.9841828360e-04,1.6180799243e+00
145.950000,9.9877252378e-04,1.6189559543e+00
146.000000,9.9949999801e-04,1.5923241348e+00
146.050000,1.0023349781e-03,1.6183688176e+00
146.100000,9.9970366956e-04,1.6612277315e+00
146.150000,9.9872995325e-04,1.5967712471e+00
146.200000,1.0018549651e-03,1.5725722898e+00
146.250000,9.9969355185e-04,1.5953950268e+00
146.300000,1.0009896689e-03,1.6606657575e+00
146.350000,1.0018876545e-03,1.6667508236e+00
146.400000,9.9997799164e-04,1.5861431660e+00
146.450000,1.0009501075e-03,1.6475952487e+00
146.500000,1.0010368350e-03,1.5960283018e+00
146.550000,9.9943691918e-04,1.5985065224e+00
146.600000,9.9774901128e-04,1.6421505865e+00
146.650000,9.9799183711e-04,1.5567337192e+00
146.700000,9.9897225355e-04,1.6294393326e+00
146.750000,1.0009430954e-03,1.5704401948e+00
146.800000,1.0016147078e-03,1.6064391945e+00
146.850000,1.0002994778e-03,1.6250846536e+00
146.900000,9.9927774268e-04,1.5862578599e+00
146.950000,1.0010788454e-03,1.5549396686e+00
147.000000,9.9955593362e-04,1.5547148473e+00
147.050000,1.0013566884e-03,1.5877343009e+00
147.100000,1.0001521056e-03,1.6813922113e+00
147.150000,9.9910936479e-04,1.5711563936e+00
147.200000,1.0015441741e-03,1.5936196155e+00
147.250000,1.0000253288e-03,1.6303961625e+00
147.300000,1.0008770379e-03,1.5367815233e+00
147.350000,1.0005179543e-03,1.6125363582e+00
147.400000,9.9885688224e-04,1.5798947425e+00
147.450000,9.9960761063e-04,1.5587030342e+00
147.500000,1.0006216225e-03,1.6123716096e+00
147.550000,9.9857926757e-04,1.6080877340e+00
147.600000,9.9997693780e-04,1.6011458255e+00
147.650000,1.0000896814e-03,1.5784496567e+00
147.700000,1.0001353091e-03,1.6340353549e+00
147.750000,9.9973583032e-04,1.5443529161e+00
147.800000,1.0001918736e-03,1.5798244417e+00
147.850000,1.0009188611e-03,1.6186784174e+00
147.900000,1.0004980932e-03,1.6326487747e+00
147.950000,1.0006218611e-03,1.6545536502e+00
148.000000,1.0000089965e-03,1.5833691647e+00
148.050000,1.0000725651e-03,1.5298488750e+00
148.100000,9.9807867052e-04,1.6422316529e+00
148.150000,9.9903416136e-04,1.5995822105e+00
148.200000,1.0005368920e-03,1.6234429707e+00
148.250000,1.0002199174e-03,1.6541130697e+00
148.300000,9.9971789815e-04,1.5840404198e+00
148.350000,9.9976664187e-04,1.6025153479e+00
148.400000,9.9884954690e-04,1.6088102357e+00
148.450000,1.0001655523e-03,1.6111964749e+00
148.500000,1.0020827811e-03,1.5743175048e+00
148.550000,1.0009018445e-03,1.5899102195e+00
148.600000,9.9961855661e-04,1.6117895047e+00
148.650000,1.0004827274e-03,1.6122943513e+00
148.700000,9.9883703138e-04,1.5853913503e+00
148.750000,1.0008010868e-03,1.5591180529e+00
148.800000,1.0014425419e-03,1.5984546383e+00
148.850000,1.0009131997e-03,1.6292713046e+00
148.900000,1.0004988537e-03,1.5654560007e+00
148.950000,1.0017484585e-03,1.6436560835e+00
149.000000,9.9994333161e-04,1.5817745323e+00
149.050000,1.0007469198e-03,1.5701058961e+00
149.100000,1.0011744082e-03,1.6044200232e+00
149.150000,9.9927162734e-04,1.5999744214e+00
149.200000,9.9931476916e-04,1.6148664177e+00
149.250000,1.0003399250e-03,1.5578686862e+00
149.300000,1.0013518970e-03,1.6086217280e+00
149.350000,9.9910119570e-04,1.5644427775e+00
149.400000,9.9987113975e-04,1.5834670758e+00
149.450000,9.9995417955e-04,1.5971897436e+00
149.500000,9.9890531678e-04,1.5473341800e+00
149.550000,1.0016199267e-03,1.6231709720e+00
149.600000,9.9963137123e-04,1.6405568250e+00
149.650000,1.0002746688e-03,1.6346401776e+00
149.700000,9.9907176788e-04,1.5884325998e+00
149.750000,1.0000155637e-03,1.5983632343e+00
149.800000,9.9807363709e-04,1.5581682704e+00
149.850000,1.0000804041e-03,1.5855113138e+00
149.900000,1.0001414654e-03,1.5498892970e+00
149.950000,1.0013610028e-03,1.6945322327e+00
150.000000,9.9960319582e-04,1.5884953851e+00
150.050000,1.0015927181e-03,1.6313729950e+00
150.100000,9.9941846147e-04,1.5918966014e+00
150.150000,1.0019547331e-03,1.6323255859e+00
150.200000,1.0015043215e-03,1.6157655149e+00
150.250000,9.9813591841e-04,1.6250720319e+00
150.300000,9.9908120301e-04,1.5688550285e+00
150.350000,1.0005798501e-03,1.6169050457e+00
150.400000,9.9979406313e-04,1.5872511432e+00
150.450000,9.9985553940e-04,1.5578156548e+00
150.500000,1.0000161521e-03,1.6336643055e+00
150.550000,9.9880324864e-04,1.5970881986e+00
150.600000,1.0002781505e-03,1.6237693296e+00
150.650000,9.9979270936e-04,1.5976903424e+00
150.700000,9.9885758447e-04,1.5903345480e+00
150.750000,9.9769897556e-04,1.6076177793e+00
150.800000,1.0006095858e-03,1.6092918362e+00
150.850000,1.0012608959e-03,1.6090935293e+00
150.900000,9.9956387866e-04,1.6630480352e+00
150.950000,1.0000210839e-03,1.6479273294e+00
151.000000,1.0000378175e-03,1.5985757854e+00
151.050000,1.0010902515e-03,1.5863505065e+00
151.100000,1.0002137718e-03,1.5803814637e+00
151.150000,1.0006556505e-03,1.6186154477e+00
151.200000,9.9856761987e-04,1.6294193010e+00
151.250000,1.0008518861e-03,1.5899428973e+00
151.300000,1.0003617227e-03,1.5586442923e+00
151.350000,1.0006656146e-03,1.6228516532e+00
151.400000,1.0003165971e-03,1.5811870610e+00
151.450000,1.0008722952e-03,1.5811224141e+00
151.500000,1.0012106244e-03,1.6182485565e+00
151.550000,9.9700120877e-04,1.6566842968e+00
151.600000,9.9800377673e-04,1.5839945726e+00
151.650000,9.9900223097e-04,1.6069994141e+00
151.700000,1.0008940450e-03,1.5507775547e+00
151.750000,9.9991330486e-04,1.6592459021e+00
151.800000,1.0005403565e-03,1.5827132801e+00
151.850000,1.0004396048e-03,1.6226977033e+00
151.900000,9.9898073060e-04,1.5785761834e+00
151.950000,1.0004691705e-03,1.5910152683e+00
152.000000,9.9925907133e-04,1.5634361490e+00
152.050000,1.0000448490e-03,1.5764099076e+00
152.100000,9.9943135935e-04,1.5887905273e+00
152.150000,9.9966193801e-04,1.6116415401e+00
152.200000,9.9934417301e-04,1.5859024959e+00
152.250000,9.9884407305e-04,1.5933535871e+00
152.300000,9.9949927389e-04,1.6078537653e+00
152.350000,9.9997722679e-04,1.5497231190e+00
152.400000,1.0000554014e-03,1.6423626428e+00
152.450000,9.9888396350e-04,1.6663917684e+00
152.500000,9.9956231132e-04,1.5986188330e+00
152.550000,9.9862391717e-04,1.6393759063e+00
152.600000,9.9908618481e-04,1.6341628903e+00
152.650000,1.0008452703e-03,1.6217328162e+00
152.700000,9.9895372515e-04,1.5827044167e+00
152.750000,1.0000703854e-03,1.6350521448e+00
152.800000,9.9938159703e-04,1.6161838460e+00
152.850000,9.9940180530e-04,1.6498779809e+00
152.900000,9.9868613097e-04,1.6377985101e+00
152.950000,1.0005976580e-03,1.5946960427e+00
153.000000,9.9930249315e-04,1.5938066457e+00
153.050000,9.9905418066e-04,1.6086663562e+00
153.100000,9.9882851331e-04,1.5126515948e+00
153.150000,9.9842995654e-04,1.6073271896e+00
153.200000,9.9980197674e-04,1.6340201936e+00
153.250000,9.9872651275e-04,1.5742398833e+00
153.300000,9.9829506892e-04,1.5762118082e+00
153.350000,1.0000664222e-03,1.5598670870e+00
153.400000,1.0002557087e-03,1.6101915133e+00
153.450000,1.0009394918e-03,1.6214754839e+00
153.500000,1.0002001159e-03,1.6478661274e+00
153.550000,9.9879302543e-04,1.6262722403e+00
153.600000,1.0020734493e-03,1.6048558599e+00
153.650000,9.9893002106e-04,1.5825933940e+00
153.700000,9.9930288752e-04,1.6209871858e+00
153.750000,1.0010027712e-03,1.6256515273e+00
153.800000,9.9939068058e-04,1.5727505848e+00
153.850000,9.9976834465e-04,1.6062311523e+00
153.900000,9.9943410119e-04,1.5726429544e+00
153.950000,9.9921676817e-04,1.5482651507e+00
154.000000,1.0006505655e-03,1.6110024461e+00
154.050000,9.9960210674e-04,1.5787211361e+00
154.100000,1.0003401617e-03,1.5817586412e+00
154.150000,9.9867837273e-04,1.6259615789e+00
154.200000,1.0005325868e-03,1.5935324578e+00
154.250000,9.9800593450e-04,1.5954801536e+00
154.300000,1.0019139026e-03,1.5310971947e+00
154.350000,9.9951241567e-04,1.5774587816e+00
154.400000,9.9918470407e-04,1.5518985698e+00
154.450000,1.0003972299e-03,1.5886144798e+00
154.500000,1.0015357887e-03,1.5801957052e+00
154.550000,1.0001613149e-03,1.5893191799e+00
154.600000,9.9753458651e-04,1.6152444986e+00
154.650000,1.0000501428e-03,1.6516015771e+00
154.700000,1.0016566253e-03,1.6431674352e+00
154.750000,1.0006215999e-03,1.5630175337e+00
154.800000,9.9896476512e-04,1.5785938432e+00
154.850000,9.9845558435e-04,1.6107325266e+00
154.900000,9.9973740100e-04,1.5812962795e+00
154.950000,1.0007719869e-03,1.5951317817e+00
155.000000,1.0018166406e-03,1.6185373445e+00
155.050000,9.9884781006e-04,1.5609294861e+00
155.100000,9.9914875210e-04,1.5651866444e+00
155.150000,1.0005323937e-03,1.6297828504e+00
155.200000,9.9962610573e-04,1.5600629629e+00
155.250000,1.0012055078e-03,1.5959192688e+00
155.300000,1.0012521271e-03,1.5931324962e+00
155.350000,9.9846860148e-04,1.5953291617e+00
155.400000,1.0004112158e-03,1.6301946116e+00
155.450000,1.0005004208e-03,1.5669128229e+00
155.500000,1.0003299775e-03,1.6546704771e+00
155.550000,1.0015461488e-03,1.6464080517e+00
155.600000,9.9841493680e-04,1.5729577200e+00
155.650000,9.9963210892e-04,1.5647407325e+00
155.700000,9.9997304345e-04,1.6191202928e+00
155.750000,9.9865804333e-04,1.6375896495e+00
155.800000,1.0008648562e-03,1.6276282223e+00
155.850000,1.0006851882e-03,1.5821035690e+00
155.900000,9.9969818597e-04,1.6168507753e+00
155.950000,1.0017159914e-03,1.6121061483e+00
156.000000,1.0002647098e-03,1.5451016780e+00
156.050000,9.9922207346e-04,1.6040874324e+00
156.100000,9.9987519030e-04,1.5613668449e+00
156.150000,9.9715744039e-04,1.5545569144e+00
156.200000,9.9867924510e-04,1.6284547558e+00
156.250000,9.9862941813e-04,1.6307758292e+00
156.300000,1.0014027809e-03,1.6156097573e+00
156.350000,9.9915161994e-04,1.6705075042e+00
156.400000,9.9922065312e-04,1.6566202299e+00
156.450000,9.9985860257e-04,1.6074401756e+00
156.500000,1.0009423145e-03,1.5315940547e+00
156.550000,9.9979708541e-04,1.6232526853e+00
156.600000,9.9880956581e-04,1.5921409591e+00
156.650000,1.0009194819e-03,1.6521250579e+00
156.700000,1.0006847307e-03,1.6397423029e+00
156.750000,9.9999643454e-04,1.5782377350e+00
156.800000,1.0004991109e-03,1.6133018558e+00
156.850000,9.9944822331e-04,1.5919638599e+00
156.900000,1.0003241716e-03,1.6402420881e+00
156.950000,9.9979846146e-04,1.6080116629e+00
157.000000,9.9911107625e-04,1.6046237920e+00
157.050000,1.0010106866e-03,1.6046352047e+00
157.100000,9.9856878660e-04,1.6497116249e+00
157.150000,9.9857205116e-04,1.5494564505e+00
157.200000,9.9984346751e-04,1.5948365878e+00
157.250000,1.0001110200e-03,1.6122491728e+00
157.300000,1.0014882008e-03,1.6079026271e+00
157.350000,9.9966728835e-04,1.5183492883e+00
157.400000,1.0003694421e-03,1.6039185444e+00
157.450000,9.9938841282e-04,1.6325481413e+00
157.500000,1.0001594729e-03,1.6563685600e+00
157.550000,9.9956631852e-04,1.5439901713e+00
157.600000,9.9947134544e-04,1.6020505051e+00
157.650000,9.9867488621e-04,1.5896564967e+00
157.700000,9.9914533639e-04,1.5932597097e+00
157.750000,1.0007852918e-03,1.6376487065e+00
157.800000,9.9942582795e-04,1.6154089891e+00
157.850000,9.9988236295e-04,1.6028262876e+00
157.900000,9.9949458999e-04,1.6116667022e+00
157.950000,9.9965364837e-04,1.5624912320e+00
158.000000,1.0017369247e-03,1.6088362228e+00
158.050000,1.0010472899e-03,1.5922446299e+00
158.100000,1.0008044660e-03,1.6072149855e+00
158.150000,9.9952511023e-04,1.5669371400e+00
158.200000,9.9993503877e-04,1.6527065065e+00
158.250000,1.0011093313e-03,1.6189631405e+00
158.300000,1.0004796979e-03,1.6132560303e+00
158.350000,9.9833199217e-04,1.6460563637e+00
158.400000,9.9958081115e-04,1.5836211713e+00
158.450000,1.0008033772e-03,1.6188659221e+00
158.500000,9.9977117584e-04,1.6213348287e+00
158.550000,9.9897550117e-04,1.6244908016e+00
158.600000,9.9908891146e-04,1.5887134773e+00
158.650000,1.0007728284e-03,1.6420979010e+00
158.700000,9.9856375227e-04,1.5832940946e+00
158.750000,9.9923846461e-04,1.5826695860e+00
158.800000,1.0001014955e-03,1.5726971289e+00
158.850000,9.9808201528e-04,1.6333336415e+00
158.900000,9.9988927589e-04,1.6218291317e+00
158.950000,1.0013601496e-03,1.5561639077e+00
159.000000,9.9997656422e-04,1.5876947522e+00
159.050000,1.0002573695e-03,1.6358405521e+00
159.100000,1.0012724231e-03,1.6142640510e+00
159.150000,9.9900977020e-04,1.6694864213e+00
159.200000,9.9894012047e-04,1.6802672365e+00
159.250000,9.9903980360e-04,1.5577032225e+00
159.300000,9.9730338743e-04,1.5854615836e+00
159.350000,1.0004099917e-03,1.6341718125e+00
159.400000,9.9732763154e-04,1.5515572066e+00
159.450000,1.0003536995e-03,1.6505806964e+00
159.500000,1.0008432209e-03,1.6325764359e+00
159.550000,1.0005678344e-03,1.6122120101e+00
159.600000,9.9942747988e-04,1.6139144615e+00
159.650000,1.0001443794e-03,1.5879587291e+00
159.700000,1.0013768647e-03,1.5308127189e+00
159.750000,1.0004569019e-03,1.6395815046e+00
159.800000,9.9969836091e-04,1.6014134819e+00
159.850000,1.0014355629e-03,1.6403818515e+00
159.900000,9.9987267651e-04,1.5722094675e+00
159.950000,1.0009178659e-03,1.5915765637e+00
160.000000,9.9993073897e-04,1.5547080152e+00
160.050000,9.9906054492e-04,1.5617299724e+00
160.100000,1.0003901414e-03,1.5437919107e+00
160.150000,1.0009409454e-03,1.5367532449e+00
160.200000,9.9776396071e-04,1.6260187221e+00
160.250000,1.0028552552e-03,1.5285974344e+00
160.300000,9.9959132403e-04,1.6236200133e+00
160.350000,9.9943392174e-04,1.5974897309e+00
160.400000,1.0001041903e-03,1.5886792840e+00
160.450000,1.0008378206e-03,1.5964806546e+00
160.500000,1.0003749072e-03,1.6557305109e+00
160.550000,1.0002541720e-03,1.5893817011e+00
160.600000,1.0011925312e-03,1.5748996278e+00
160.650000,1.0000181165e-03,1.6033765766e+00
160.700000,9.9812007798e-04,1.5807106136e+00
160.750000,9.9884606740e-04,1.5885073111e+00
160.800000,1.0004310590e-03,1.5834845665e+00
160.850000,1.0012308271e-03,1.5696444074e+00
160.900000,1.0008794568e-03,1.5897124681e+00
160.950000,1.0024307212e-03,1.6216108859e+00
161.000000,1.0023485050e-03,1.6160063049e+00
161.050000,9.9693751037e-04,1.5869958661e+00
161.100000,1.0008866422e-03,1.6271974402e+00
161.150000,1.0006273319e-03,1.6360877371e+00
161.200000,1.0006012408e-03,1.6420907507e+00
161.250000,9.9987274662e-04,1.6077195090e+00
161.300000,9.9985010441e-04,1.5926878598e+00
161.350000,9.9972605232e-04,1.6396944113e+00
161.400000,1.0004066293e-03,1.6124677109e+00
161.450000,1.0012734492e-03,1.5662835904e+00
161.500000,1.0004863620e-03,1.6127462399e+00
161.550000,1.0007810070e-03,1.5568727150e+00
161.600000,9.9960468141e-04,1.6127593448e+00
161.650000,1.0015733932e-03,1.6213788705e+00
161.700000,9.9939567521e-04,1.5696556609e+00
161.750000,9.9936674841e-04,1.6078980785e+00
161.800000,9.9972623536e-04,1.5325331189e+00
161.850000,1.0009735335e-03,1.6386402332e+00
161.900000,9.9842058994e-04,1.5997342305e+00
161.950000,1.0003509278e-03,1.5970327743e+00
162.000000,1.0001240311e-03,1.5926030495e+00
162.050000,1.0017866649e-03,1.5868303891e+00
162.100000,1.0004912472e-03,1.5789077526e+00
162.150000,9.9866492796e-04,1.6077514770e+00
162.200000,1.0014558846e-03,1.5831702549e+00
162.250000,1.0010459322e-03,1.6360874801e+00
162.300000,1.0030099169e-03,1.5534914792e+00
162.350000,1.0028410662e-03,1.6276501142e+00
162.400000,1.0002122870e-03,1.6002254666e+00
162.450000,9.9986770237e-04,1.6197017477e+00
162.500000,9.9954252920e-04,1.5814678763e+00
162.550000,9.9899365798e-04,1.5738953557e+00
162.600000,1.0002010255e-03,1.5379851494e+00
162.650000,9.9957669242e-04,1.5055050525e+00
162.700000,9.9989746443e-04,1.6677558465e+00
162.750000,1.0003206304e-03,1.6204931250e+00
162.800000,9.9952571521e-04,1.5923585661e+00
162.850000,9.9974240424e-04,1.6462351982e+00
162.900000,9.9976987149e-04,1.6269694222e+00
162.950000,1.0012258588e-03,1.6025347831e+00
163.000000,9.9961628359e-04,1.5960303432e+00
163.050000,1.0025480423e-03,1.6085912189e+00
163.100000,9.9876845743e-04,1.6140792651e+00
163.150000,1.0022938096e-03,1.6437779370e+00
163.200000,9.9873556011e-04,1.5795001140e+00
163.250000,1.0011120935e-03,1.5552436280e+00
163.300000,1.0002322173e-03,1.5609043118e+00
163.350000,9.9952539014e-04,1.5812485178e+00
163.400000,1.0001985594e-03,1.5960129876e+00
163.450000,1.0017451486e-03,1.5313487722e+00
163.500000,1.0014428398e-03,1.6028045668e+00
163.550000,9.9840957829e-04,1.5806114504e+00
163.600000,1.0015959439e-03,1.6453403469e+00
163.650000,9.9844892914e-04,1.5918482854e+00
163.700000,1.0002200330e-03,1.5510118134e+00
163.750000,9.9853984272e-04,1.6430060522e+00
163.800000,9.9849465861e-04,1.5916920380e+00
163.850000,9.9984609804e-04,1.6206744911e+00
163.900000,9.9957420134e-04,1.6774826826e+00
163.950000,1.0005931556e-03,1.5960170932e+00
164.000000,9.9882137703e-04,1.5982122918e+00
164.050000,1.0001987272e-03,1.6065997376e+00
164.100000,1.0003366921e-03,1.5552853719e+00
164.150000,9.9929356772e-04,1.5922859244e+00
164.200000,9.9797048370e-04,1.6172590460e+00
164.250000,9.9939433878e-04,1.6236835508e+00
164.300000,9.9769465327e-04,1.5760283664e+00
164.350000,1.0003155018e-03,1.5890427203e+00
164.400000,9.9997242798e-04,1.6146655577e+00
164.450000,1.0008939418e-03,1.5985231172e+00
164.500000,9.9934139680e-04,1.5454884591e+00
164.550000,1.0001241655e-03,1.5758141845e+00
164.600000,1.0005935387e-03,1.6321007866e+00
164.650000,1.0028951817e-03,1.6574089693e+00
164.700000,9.9867016516e-04,1.5521835278e+00
164.750000,9.9941880679e-04,1.6022889227e+00
164.800000,9.9925833054e-04,1.5691103994e+00
164.850000,9.9932210453e-04,1.5840673265e+00
164.900000,1.0006940239e-03,1.6482103461e+00
164.950000,9.9971761521e-04,1.5878424116e+00
165.000000,9.9808889550e-04,1.5712754219e+00
165.050000,1.0024424923e-03,1.5956192446e+00
165.100000,9.9881896301e-04,1.5795105539e+00
165.150000,9.9972710832e-04,1.6372232579e+00
165.200000,1.0000342746e-03,1.6209297915e+00
165.250000,9.9932214570e-04,1.6005087673e+00
165.300000,9.9791014298e-04,1.6070881364e+00
165.350000,1.0006067842e-03,1.6017890128e+00
165.400000,9.9975829965e-04,1.6033204786e+00
165.450000,9.9731038288e-04,1.5927856508e+00
165.500000,9.9915134646e-04,1.6127121758e+00
165.550000,1.0002067073e-03,1.5749759875e+00
165.600000,9.9890511651e-04,1.5867922977e+00
165.650000,9.9950713136e-04,1.6179016621e+00
165.700000,1.0018612862e-03,1.5807733146e+00
165.750000,1.0001745756e-03,1.6082739940e+00
165.800000,1.0012829663e-03,1.6446308648e+00
165.850000,9.9938722406e-04,1.5636474360e+00
165.900000,9.9979804507e-04,1.6076767770e+00
165.950000,9.9896571246e-04,1.6301262880e+00
166.000000,9.9933717621e-04,1.6241638917e+00
166.050000,9.9835264040e-04,1.6268723127e+00
166.100000,1.0008809207e-03,1.5631239678e+00
166.150000,1.0003767215e-03,1.6490406256e+00
166.200000,1.0009116705e-03,1.5918628712e+00
166.250000,9.9853270861e-04,1.6518858714e+00
166.300000,1.0010832677e-03,1.5964484961e+00
166.350000,9.9933004806e-04,1.6417605997e+00
166.400000,1.0000511833e-03,1.5763400451e+00
166.450000,9.9889859758e-04,1.6145322347e+00
166.500000,1.0010114061e-03,1.5861603454e+00
166.550000,1.0000621432e-03,1.5452054838e+00
166.600000,1.0006186093e-03,1.6426201086e+00
166.650000,9.9874098078e-04,1.5986511643e+00
166.700000,9.9881157660e-04,1.6176436143e+00
166.750000,1.0002301216e-03,1.5884803888e+00
166.800000,1.0015644705e-03,1.6717321872e+00
166.850000,9.9957629778e-04,1.6310153943e+00
166.900000,1.0004931199e-03,1.5743934596e+00
166.950000,9.9991438073e-04,1.6394467220e+00
167.000000,9.9954507516e-04,1.5835646722e+00
167.050000,9.9822828028e-04,1.6460110677e+00
167.100000,9.9837360449e-04,1.5895921230e+00
167.150000,1.0000288055e-03,1.5806471850e+00
167.200000,1.0005521105e-03,1.5824786433e+00
167.250000,9.9888903119e-04,1.5535526679e+00
167.300000,1.0011033797e-03,1.5934261809e+00
167.350000,9.9998312073e-04,1.6154962305e+00
167.400000,9.9879164620e-04,1.6076142520e+00
167.450000,9.9895578809e-04,1.5703087392e+00
167.500000,1.0008017097e-03,1.6659959443e+00
167.550000,9.9927819397e-04,1.5715264650e+00
167.600000,9.9997155268e-04,1.6156651162e+00
167.650000,9.9976719442e-04,1.6344262836e+00
167.700000,9.9836906442e-04,1.6036083014e+00
167.750000,9.9915885547e-04,1.5632835851e+00
167.800000,1.0018764924e-03,1.5905141899e+00
167.850000,9.9980202802e-04,1.5960952772e+00
167.900000,9.9974253008e-04,1.6037584744e+00
167.950000,9.9936108938e-04,1.5477488263e+00
168.000000,9.9891436676e-04,1.6164209487e+00
168.050000,1.0005146474e-03,1.5658830628e+00
168.100000,9.9900296328e-04,1.5981911556e+00
168.150000,9.9926232240e-04,1.5989934908e+00
168.200000,9.9996684772e-04,1.5760837468e+00
168.250000,1.0009762311e-03,1.5088801608e+00
168.300000,9.9942272589e-04,1.6008759546e+00
168.350000,9.9946583877e-04,1.5975833920e+00
168.400000,1.0007202427e-03,1.5551112304e+00
168.450000,1.0003689926e-03,1.6177101328e+00
168.500000,1.0000775373e-03,1.5593106751e+00
168.550000,1.0021274405e-03,1.5969314641e+00
168.600000,9.9951327871e-04,1.6099792200e+00
168.650000,1.0005902781e-03,1.5909768425e+00
168.700000,9.9907768322e-04,1.6013323720e+00
168.750000,9.9907429233e-04,1.5773088711e+00
168.800000,9.9957042518e-04,1.5953640865e+00
168.850000,9.9985056717e-04,1.5542001201e+00
168.900000,1.0005301306e-03,1.5302492678e+00
168.950000,9.9888612301e-04,1.5572585199e+00
169.000000,9.9911195822e-04,1.6457693190e+00
169.050000,9.9808759489e-04,1.5880584918e+00
169.100000,1.0018603205e-03,1.6295032047e+00
169.150000,9.9846443173e-04,1.6024755716e+00
169.200000,1.0003397133e-03,1.5398475630e+00
169.250000,9.9975638238e-04,1.6052865863e+00
169.300000,9.9964552153e-04,1.5529166529e+00
169.350000,1.0004516371e-03,1.5841214613e+00
169.400000,9.9892111711e-04,1.5909059978e+00
169.450000,1.0018396489e-03,1.6074614095e+00
169.500000,9.9949877006e-04,1.5616348469e+00
169.550000,1.0022317343e-03,1.6241296298e+00
169.600000,1.0003196839e-03,1.5966398777e+00
169.650000,1.0018961928e-03,1.5553833184e+00
169.700000,1.0002942264e-03,1.6166225103e+00
169.750000,1.0008410546e-03,1.6133473549e+00
169.800000,9.9955763180e-04,1.6370880086e+00
169.850000,1.0006361515e-03,1.6303963705e+00
169.900000,1.0002694286e-03,1.6370349621e+00
169.950000,1.0024070475e-03,1.6633990251e+00
170.000000,9.9956796307e-04,1.6085196521e+00
170.050000,9.9960366538e-04,1.5500459121e+00
170.100000,1.0024556327e-03,1.6068370872e+00
170.150000,1.0005791606e-03,1.5993277891e+00
170.200000,1.0006480169e-03,1.5816976976e+00
170.250000,9.9925906894e-04,1.5836449163e+00
170.300000,1.0024603622e-03,1.6297543557e+00
170.350000,9.9870764234e-04,1.6048359059e+00
170.400000,1.0010973187e-03,1.5920777979e+00
170.450000,9.9851013220e-04,1.5930544186e+00
170.500000,1.0015172425e-03,1.6000799171e+00
170.550000,1.0004883945e-03,1.6009274730e+00
170.600000,1.0012992132e-03,1.5455590686e+00
170.650000,1.0001614025e-03,1.6066163853e+00
170.700000,1.0008324282e-03,1.6220001638e+00
170.750000,9.9917167008e-04,1.5884348477e+00
170.800000,1.0002283411e-03,1.6278775964e+00
170.850000,1.0017675630e-03,1.5659013662e+00
170.900000,1.0000134816e-03,1.6535411640e+00
170.950000,1.0000401761e-03,1.6292357632e+00
171.000000,9.9944581584e-04,1.6206239720e+00
171.050000,9.9947127773e-04,1.5698015435e+00
171.100000,9.9866553076e-04,1.6097222359e+00
171.150000,9.9994210444e-04,1.5397300541e+00
171.200000,9.9974423862e-04,1.6149047981e+00
171.250000,1.0007281699e-03,1.6468395505e+00
171.300000,9.9958724987e-04,1.6235840693e+00
171.350000,9.9709846640e-04,1.6050156910e+00
171.400000,1.0007455539e-03,1.6036247192e+00
171.450000,1.0015123091e-03,1.5951579475e+00
171.500000,1.0005303367e-03,1.5813763972e+00
171.550000,1.0009428893e-03,1.6033255216e+00
171.600000,1.0001965680e-03,1.5476079780e+00
171.650000,1.0017107157e-03,1.5925599093e+00
171.700000,1.0009798596e-03,1.6026227343e+00
171.750000,9.9908070914e-04,1.5793255104e+00
171.800000,1.0016243934e-03,1.5257179517e+00
171.850000,9.9979305789e-04,1.5328755461e+00
171.900000,1.0021908526e-03,1.5889280376e+00
171.950000,1.0000362960e-03,1.5843272894e+00
172.000000,9.9964816406e-04,1.6323898688e+00
172.050000,9.9996992118e-04,1.5896766554e+00
172.100000,9.9975961670e-04,1.6162017651e+00
172.150000,1.0014666659e-03,1.6400857284e+00
172.200000,9.9917248431e-04,1.5948556962e+00
172.250000,1.0004992076e-03,1.6192332678e+00
172.300000,9.9918031067e-04,1.5600435141e+00
172.350000,1.0008792077e-03,1.6396137202e+00
172.400000,9.9828955035e-04,1.5817751600e+00
172.450000,1.0016482358e-03,1.5819596083e+00
172.500000,9.9976886949e-04,1.5625205298e+00
172.550000,9.9960430121e-04,1.5948772480e+00
172.600000,1.0001114603e-03,1.6183983563e+00
172.650000,1.0009323000e-03,1.6295143248e+00
172.700000,1.0007004965e-03,1.5549819374e+00
172.750000,9.9864866369e-04,1.6186004545e+00
172.800000,1.0008262481e-03,1.5653433324e+00
172.850000,9.9957595515e-04,1.6510363793e+00
172.900000,9.9953811951e-04,1.6271826375e+00
172.950000,9.9947340492e-04,1.5986192326e+00
173.000000,9.9975720277e-04,1.5786913258e+00
173.050000,1.0003685092e-03,1.6310237446e+00
173.100000,1.0007861483e-03,1.5588970919e+00
173.150000,9.9981487352e-04,1.6119983489e+00
173.200000,1.0012559963e-03,1.5717839212e+00
173.250000,9.9912259721e-04,1.6227637956e+00
173.300000,9.9968945144e-04,1.6222707252e+00
173.350000,9.9954499608e-04,1.5745691720e+00
173.400000,9.9994242185e-04,1.5856405153e+00
173.450000,9.9784652162e-04,1.6264957455e+00
173.500000,9.9979530192e-04,1.5987814717e+00
173.550000,1.0007864292e-03,1.6182848889e+00
173.600000,1.0013250232e-03,1.6396780714e+00
173.650000,1.0002943701e-03,1.6246391921e+00
173.700000,1.0007884571e-03,1.6045123923e+00
173.750000,1.0000654928e-03,1.6207959551e+00
173.800000,1.0003826011e-03,1.5748243208e+00
173.850000,9.9857879657e-04,1.6272817640e+00
173.900000,1.0003937568e-03,1.6233655387e+00
173.950000,9.9796006881e-04,1.5844514005e+00
174.000000,9.9988775998e-04,1.5895820458e+00
174.050000,9.9944085570e-04,1.6002685500e+00
174.100000,1.0011599709e-03,1.6314336418e+00
174.150000,9.9935960409e-04,1.6163915787e+00
174.200000,1.0016211608e-03,1.5525179056e+00
174.250000,1.0010776193e-03,1.5966665504e+00
174.300000,1.0014535396e-03,1.5997434116e+00
174.350000,9.9910791105e-04,1.6129457879e+00
174.400000,1.0001999833e-03,1.6356317132e+00
174.450000,9.9910437983e-04,1.5642641142e+00
174.500000,1.0009660513e-03,1.6407606222e+00
174.550000,9.9993114015e-04,1.6055259728e+00
174.600000,9.9947102346e-04,1.6279126352e+00
174.650000,1.0008343962e-03,1.6097950557e+00
174.700000,9.9892823093e-04,1.5373331729e+00
174.750000,9.9843033310e-04,1.5970600238e+00
174.800000,1.0002849548e-03,1.5873215837e+00
174.850000,9.9921299066e-04,1.6203672954e+00
174.900000,1.0006019311e-03,1.6244488899e+00
174.950000,9.9969689212e-04,1.5977824300e+00
175.000000,1.0013723548e-03,1.5413829675e+00
175.050000,9.9968572326e-04,1.6196146402e+00
175.100000,9.9987824329e-04,1.5728135417e+00
175.150000,1.0010824231e-03,1.6206797833e+00
175.200000,9.9926487762e-04,1.5625706410e+00
175.250000,1.0007607146e-03,1.5398477619e+00
175.300000,9.9966825976e-04,1.5702113390e+00
175.350000,1.0018839487e-03,1.6246378784e+00
175.400000,9.9823545542e-04,1.6210371578e+00
175.450000,9.9932194714e-04,1.6358445994e+00
175.500000,1.0000462976e-03,1.5873627335e+00
175.550000,1.0005311384e-03,1.5807626186e+00
175.600000,9.9921797968e-04,1.5711031841e+00
175.650000,9.9959267109e-04,1.5886115749e+00
175.700000,9.9982282055e-04,1.5863953781e+00
175.750000,1.0006942672e-03,1.5633737521e+00
175.800000,1.0001094449e-03,1.6088084355e+00
175.850000,1.0000361044e-03,1.6079743982e+00
175.900000,9.9796013071e-04,1.6088014633e+00
175.950000,1.0014345045e-03,1.5230694751e+00
176.000000,9.9941662752e-04,1.6264320596e+00
176.050000,1.0004281536e-03,1.6442454333e+00
176.100000,1.0013261443e-03,1.5588907146e+00
176.150000,1.0007621124e-03,1.6308203615e+00
176.200000,1.0014039646e-03,1.6334397402e+00
176.250000,1.0012493885e-03,1.5827568403e+00
176.300000,9.9962576374e-04,1.5414652256e+00
176.350000,9.9932407067e-04,1.5585226916e+00
176.400000,9.9830080690e-04,1.5961051340e+00
176.450000,1.0004610959e-03,1.6054692204e+00
176.500000,9.9880092592e-04,1.6048957494e+00
176.550000,1.0032031395e-03,1.5294307072e+00
176.600000,1.0010665285e-03,1.6257467922e+00
176.650000,1.0000714832e-03,1.6123443240e+00
176.700000,1.0000393235e-03,1.6252835127e+00
176.750000,9.9918261612e-04,1.6237676294e+00
176.800000,9.9951278427e-04,1.5875080614e+00
176.850000,1.0017284868e-03,1.6092933796e+00
176.900000,1.0004071485e-03,1.5956855900e+00
176.950000,9.9952384087e-04,1.5425809041e+00
177.000000,1.0005371122e-03,1.5980507641e+00
177.050000,1.0012796451e-03,1.5851039537e+00
177.100000,1.0009118265e-03,1.6434478231e+00
177.150000,9.9978440348e-04,1.5708020075e+00
177.200000,9.9922328400e-04,1.6275210659e+00
177.250000,1.0011433245e-03,1.5929878439e+00
177.300000,9.9848028715e-04,1.6007218791e+00
177.350000,1.0002987161e-03,1.5713852781e+00
177.400000,1.0012586184e-03,1.6187052956e+00
177.450000,1.0005119435e-03,1.6308909567e+00
177.500000,9.9903350342e-04,1.6277484234e+00
177.550000,1.0000981810e-03,1.6357346424e+00
177.600000,1.0016732412e-03,1.5833262084e+00
177.650000,9.9977615333e-04,1.6159469095e+00
177.700000,1.0000230857e-03,1.6126747224e+00
177.750000,1.0003133374e-03,1.6444812584e+00
177.800000,9.9909374305e-04,1.5754695108e+00
177.850000,9.9876207393e-04,1.6493377715e+00
177.900000,1.0000899861e-03,1.6148390503e+00
177.950000,9.9993752406e-04,1.5864010007e+00
178.000000,9.9842681704e-04,1.6019895266e+00
178.050000,9.9978692158e-04,1.6443455428e+00
178.100000,1.0001621661e-03,1.6487174708e+00
178.150000,1.0003393196e-03,1.5312362986e+00
178.200000,1.0002715007e-03,1.6200509516e+00
178.250000,9.9848837158e-04,1.6281289664e+00
178.300000,9.9933442943e-04,1.6204377842e+00
178.350000,1.0009087600e-03,1.6302233415e+00
178.400000,9.9897943504e-04,1.5627232392e+00
178.450000,1.0005183366e-03,1.6334154601e+00
178.500000,1.0005421745e-03,1.5657689609e+00
178.550000,1.0004562519e-03,1.5564407822e+00
178.600000,1.0007548164e-03,1.6276916781e+00
178.650000,1.0004286066e-03,1.6060497016e+00
178.700000,1.0006328576e-03,1.5386016151e+00
178.750000,9.9856187797e-04,1.6444113322e+00
178.800000,9.9965202461e-04,1.6657120984e+00
178.850000,9.9981235115e-04,1.6571269404e+00
178.900000,9.9970586005e-04,1.6045847122e+00
178.950000,1.0000892311e-03,1.5949669439e+00
179.000000,1.0015257767e-03,1.6264993952e+00
179.050000,9.9886088114e-04,1.5403121232e+00
179.100000,1.0001972367e-03,1.6317104822e+00
179.150000,9.9957952334e-04,1.6071468177e+00
179.200000,9.9988510812e-04,1.5741981275e+00
179.250000,1.0000229383e-03,1.6008189658e+00
179.300000,9.9974261531e-04,1.5731307345e+00
179.350000,9.9988866423e-04,1.6147519553e+00
179.400000,1.0017393234e-03,1.6422829164e+00
179.450000,9.9859276611e-04,1.5935388251e+00
179.500000,9.9922324271e-04,1.5868523465e+00
179.550000,1.0018059639e-03,1.5464475716e+00
179.600000,9.9936507120e-04,1.5795757434e+00
179.650000,1.0000928461e-03,1.6213038672e+00
179.700000,1.0001155371e-03,1.5954341326e+00
179.750000,9.9820540933e-04,1.6263167663e+00
179.800000,9.9872105314e-04,1.6107753693e+00
179.850000,9.9980651434e-04,1.5239645494e+00
179.900000,9.9969490265e-04,1.5577718303e+00
179.950000,9.9836040828e-04,1.6600064288e+00
180.000000,9.9934198885e-04,1.5893015270e+00
180.050000,9.9977882447e-04,1.6180195777e+00
180.100000,1.0015314056e-03,1.6120893457e+00
180.150000,9.9895111282e-04,1.5586276011e+00
180.200000,1.0005267374e-03,1.5656512327e+00
180.250000,9.9870409405e-04,1.5807772811e+00
180.300000,1.0010626585e-03,1.6032911882e+00
180.350000,1.0005426625e-03,1.6038786396e+00
180.400000,1.0004541406e-03,1.6323435065e+00
180.450000,1.0012054562e-03,1.6139473388e+00
180.500000,1.0008200573e-03,1.6339047885e+00
180.550000,1.0011979053e-03,1.6821228116e+00
180.600000,9.9893579434e-04,1.6796001996e+00
180.650000,9.9957149059e-04,1.5715840692e+00
180.700000,1.0007935803e-03,1.5723394904e+00
180.750000,9.9906355675e-04,1.6162700467e+00
180.800000,1.0018322296e-03,1.6256639040e+00
180.850000,9.9999952373e-04,1.6255927562e+00
180.900000,9.9919500370e-04,1.6183886472e+00
180.950000,9.9886909781e-04,1.6780462381e+00
181.000000,1.0000182722e-03,1.5819376461e+00
181.050000,1.0003432604e-03,1.5966069102e+00
181.100000,1.0015405036e-03,1.6683327835e+00
181.150000,1.0007023071e-03,1.6048352434e+00
181.200000,9.9914805340e-04,1.6159388163e+00
181.250000,9.9947866558e-04,1.5800670218e+00
181.300000,9.9951854534e-04,1.6053429437e+00
181.350000,1.0008283425e-03,1.6262534151e+00
181.400000,1.0012112833e-03,1.6492743517e+00
181.450000,1.0000493412e-03,1.6409738243e+00
181.500000,9.9940875926e-04,1.5902923641e+00
181.550000,1.0007283535e-03,1.5594109723e+00
181.600000,1.0002892445e-03,1.5577112043e+00
181.650000,1.0001726649e-03,1.6197785785e+00
181.700000,1.0004253263e-03,1.6408420869e+00
181.750000,1.0001288072e-03,1.6138908725e+00
181.800000,1.0004681236e-03,1.5997568461e+00
181.850000,1.0001543790e-03,1.5561562552e+00
181.900000,9.9854656322e-04,1.6159909069e+00
181.950000,9.9988954622e-04,1.6404980293e+00
182.000000,1.0000195638e-03,1.6255924061e+00
182.050000,9.9954560830e-04,1.6046135809e+00
182.100000,9.9909089649e-04,1.6267977902e+00
182.150000,9.9886618919e-04,1.6000340469e+00
182.200000,9.9813284818e-04,1.6242995704e+00
182.250000,1.0000455476e-03,1.6066354606e+00
182.300000,9.9990396034e-04,1.5759904413e+00
182.350000,1.0000615894e-03,1.5492440171e+00
182.400000,9.9989232250e-04,1.5638900799e+00
182.450000,9.9866947857e-04,1.6140184577e+00
182.500000,9.9874345174e-04,1.5837373649e+00
182.550000,1.0002223791e-03,1.5585987388e+00
182.600000,1.0027013213e-03,1.5975411099e+00
182.650000,9.9973308678e-04,1.6032660101e+00
182.700000,1.0000650661e-03,1.6004185485e+00
182.750000,9.9789911430e-04,1.5573685295e+00
182.800000,9.9920805832e-04,1.6801054333e+00
182.850000,1.0005818879e-03,1.5772400913e+00
182.900000,9.9845234710e-04,1.5830601014e+00
182.950000,1.0005519021e-03,1.5903167978e+00
183.000000,9.9873656586e-04,1.6296368445e+00
183.050000,1.0002313622e-03,1.5714265375e+00
183.100000,9.9956424028e-04,1.6703233907e+00
183.150000,1.0003553535e-03,1.6020189270e+00
183.200000,1.0008457045e-03,1.6725435086e+00
183.250000,9.9974137052e-04,1.6104049113e+00
183.300000,9.9898907141e-04,1.6132938522e+00
183.350000,9.9996630277e-04,1.5715181185e+00
183.400000,9.9947663821e-04,1.6527734648e+00
183.450000,9.9781956012e-04,1.5828573683e+00
183.500000,9.9960184266e-04,1.5984932681e+00
183.550000,9.9870170980e-04,1.6123848427e+00
183.600000,1.0000284680e-03,1.6037501660e+00
183.650000,1.0015290315e-03,1.6423868114e+00
183.700000,9.9987895750e-04,1.6225405173e+00
183.750000,9.9922512287e-04,1.6011063129e+00
183.800000,1.0006520140e-03,1.5904873487e+00
183.850000,9.9906592721e-04,1.6478454255e+00
183.900000,1.0005131507e-03,1.6493104142e+00
183.950000,1.0004450493e-03,1.6429493810e+00
184.000000,9.9965020960e-04,1.6291673889e+00
184.050000,1.0002658851e-03,1.6850788027e+00
184.100000,1.0000111958e-03,1.5570871488e+00
184.150000,1.0001289737e-03,1.6481432330e+00
184.200000,9.9970544016e-04,1.6059020897e+00
184.250000,9.9856159795e-04,1.5620298909e+00
184.300000,9.9991227657e-04,1.5799411356e+00
184.350000,1.0012904020e-03,1.6107156291e+00
184.400000,1.0000394956e-03,1.6276852637e+00
184.450000,1.0002568368e-03,1.5771072282e+00
184.500000,1.0015332589e-03,1.5915396757e+00
184.550000,9.9962660622e-04,1.6738087999e+00
184.600000,9.9958778896e-04,1.5825869770e+00
184.650000,9.9873132112e-04,1.6108096005e+00
184.700000,9.9817107560e-04,1.5914948412e+00
184.750000,1.0006747671e-03,1.5734183032e+00
184.800000,9.9913393189e-04,1.5890165564e+00
184.850000,1.0000538768e-03,1.5883096209e+00
184.900000,1.0015741650e-03,1.5616951608e+00
184.950000,9.9865154306e-04,1.5971815053e+00
185.000000,1.0012896080e-03,1.5827530163e+00
185.050000,1.0010348374e-03,1.5978801819e+00
185.100000,9.9950852261e-04,1.6841437241e+00
185.150000,9.9974368275e-04,1.6608835956e+00
185.200000,9.9987745029e-04,1.5805746270e+00
185.250000,1.0012378644e-03,1.6258903206e+00
185.300000,9.9987502789e-04,1.6156641680e+00
185.350000,9.9898523131e-04,1.5797225315e+00
185.400000,9.9937053086e-04,1.5982921302e+00
185.450000,9.9951879888e-04,1.5377913029e+00
185.500000,9.9973058347e-04,1.6387496250e+00
185.550000,1.0006400345e-03,1.5960782595e+00
185.600000,9.9949826014e-04,1.6456633458e+00
185.650000,1.0017555403e-03,1.5633069094e+00
185.700000,1.0021458238e-03,1.5416678726e+00
185.750000,1.0001210148e-03,1.6077929150e+00
185.800000,1.0001980603e-03,1.5317596804e+00
185.850000,9.9865039555e-04,1.6382618187e+00
185.900000,1.0004315172e-03,1.6307223218e+00
185.950000,9.9964162561e-04,1.5613825976e+00
186.000000,1.0011100338e-03,1.5718896856e+00
186.050000,1.0014118511e-03,1.5517187183e+00
186.100000,1.0008403544e-03,1.5690831476e+00
186.150000,9.9738951679e-04,1.5659834952e+00
186.200000,9.9829558767e-04,1.5983094642e+00
186.250000,9.9968924898e-04,1.5958802388e+00
186.300000,9.9829760033e-04,1.5941938677e+00
186.350000,1.0015906622e-03,1.6203197802e+00
186.400000,1.0004388343e-03,1.5887328180e+00
186.450000,9.9997218137e-04,1.6732195243e+00
186.500000,9.9952828110e-04,1.6029420874e+00
186.550000,9.9969214501e-04,1.5737751547e+00
186.600000,9.9933179296e-04,1.5761089554e+00
186.650000,1.0005157747e-03,1.6368285795e+00
186.700000,1.0001464224e-03,1.5808996103e+00
186.750000,1.0010001851e-03,1.5426650724e+00
186.800000,9.9949102740e-04,1.6364373333e+00
186.850000,9.9955243332e-04,1.6252301211e+00
186.900000,9.9907176883e-04,1.6027818277e+00
186.950000,1.0004621991e-03,1.6219311811e+00
187.000000,9.9876467904e-04,1.6305166830e+00
187.050000,1.0007393205e-03,1.5665411733e+00
187.100000,9.9934293973e-04,1.6095928121e+00
187.150000,1.0013240532e-03,1.5918714739e+00
187.200000,9.9925847541e-04,1.6325035014e+00
187.250000,1.0006683165e-03,1.5709826057e+00
187.300000,9.9946352892e-04,1.5745105795e+00
187.350000,1.0007624575e-03,1.6461899609e+00
187.400000,9.9970107309e-04,1.5834291660e+00
187.450000,1.0006244446e-03,1.6032739229e+00
187.500000,9.9942859346e-04,1.5807911230e+00
187.550000,9.9942844383e-04,1.6635721370e+00
187.600000,1.0021638622e-03,1.5626810016e+00
187.650000,1.0021167940e-03,1.6025287245e+00
187.700000,1.0003182049e-03,1.5876972399e+00
187.750000,1.0012727632e-03,1.5574038108e+00
187.800000,1.0007128844e-03,1.5996921763e+00
187.850000,9.9950722045e-04,1.6161720668e+00
187.900000,1.0013874403e-03,1.6190718442e+00
187.950000,1.0015932528e-03,1.5766108296e+00
188.000000,1.0001518324e-03,1.5982725431e+00
188.050000,9.9652128084e-04,1.6137483098e+00
188.100000,1.0003161951e-03,1.5800861534e+00
188.150000,9.9855891609e-04,1.5859864087e+00
188.200000,9.9878956420e-04,1.6353069797e+00
188.250000,1.0018063284e-03,1.5981081360e+00
188.300000,9.9947919672e-04,1.6254042246e+00
188.350000,1.0005329134e-03,1.6200218216e+00
188.400000,9.9997787019e-04,1.5934380993e+00
188.450000,9.9963464502e-04,1.6011711354e+00
188.500000,9.9894299809e-04,1.5746838895e+00
188.550000,9.9878471552e-04,1.6307679590e+00
188.600000,1.0004518298e-03,1.6072203990e+00
188.650000,9.9868557315e-04,1.5820953581e+00
188.700000,9.9889111414e-04,1.5557157822e+00
188.750000,1.0017474977e-03,1.5783158120e+00
188.800000,9.9913425860e-04,1.6246950933e+00
188.850000,1.0016182350e-03,1.6236420148e+00
188.900000,1.0002132381e-03,1.5626546682e+00
188.950000,1.0014298859e-03,1.6007055785e+00
189.000000,1.0003257765e-03,1.6181467208e+00
189.050000,1.0009450017e-03,1.5457053743e+00
189.100000,1.0016528066e-03,1.6195831972e+00
189.150000,1.0016216166e-03,1.6280095722e+00
189.200000,1.0002767538e-03,1.5839432631e+00
189.250000,9.9976112155e-04,1.6144448425e+00
189.300000,9.9799771282e-04,1.5644816216e+00
189.350000,1.0006356241e-03,1.6062912430e+00
189.400000,1.0003785837e-03,1.5894364384e+00
189.450000,1.0018391768e-03,1.5781690221e+00
189.500000,9.9913219028e-04,1.5539652586e+00
189.550000,9.9968960791e-04,1.6131315694e+00
189.600000,1.0010691796e-03,1.6523392552e+00
189.650000,1.0003099920e-03,1.6197330630e+00
189.700000,9.9933948888e-04,1.5971998677e+00
189.750000,1.0002083774e-03,1.6353683381e+00
189.800000,1.0013734004e-03,1.5229663645e+00
189.850000,1.0006181194e-03,1.5826138766e+00
189.900000,1.0007573939e-03,1.5906102648e+00
189.950000,9.9948383363e-04,1.5977051668e+00
190.000000,9.9984703574e-04,1.6277611603e+00
190.050000,1.0005222141e-03,1.6778446402e+00
190.100000,9.9969367464e-04,1.5851165154e+00
190.150000,1.0010666155e-03,1.5594484196e+00
190.200000,1.0001608441e-03,1.5740542967e+00
190.250000,9.9887160004e-04,1.6307329845e+00
190.300000,1.0000808686e-03,1.6081008740e+00
190.350000,9.9967536977e-04,1.5637412162e+00
190.400000,1.0004524869e-03,1.6264825243e+00
190.450000,9.9955027250e-04,1.6277908800e+00
190.500000,9.9986451604e-04,1.6045536436e+00
190.550000,1.0001161560e-03,1.5714357926e+00
190.600000,1.0012669241e-03,1.6134988987e+00
190.650000,1.0003986720e-03,1.6194531071e+00
190.700000,1.0001410383e-03,1.5833208352e+00
190.750000,9.9979896800e-04,1.6199912046e+00
190.800000,9.9797067584e-04,1.5985026815e+00
190.850000,9.9977068885e-04,1.6569553347e+00
190.900000,1.0007582784e-03,1.6538652075e+00
190.950000,9.9968485118e-04,1.6050809481e+00
191.000000,1.0003192890e-03,1.6076500294e+00
191.050000,9.9798043800e-04,1.5693519628e+00
191.100000,9.9834816254e-04,1.5984213767e+00
191.150000,1.0002525824e-03,1.6689631091e+00
191.200000,9.9871088341e-04,1.6256110342e+00
191.250000,9.9932975897e-04,1.6002836548e+00
191.300000,9.9792105413e-04,1.5799145967e+00
191.350000,1.0009210642e-03,1.6485170151e+00
191.400000,1.0007472184e-03,1.6156942463e+00
191.450000,9.9923711717e-04,1.6408868943e+00
191.500000,1.0000574612e-03,1.6520129356e+00
191.550000,9.9971133904e-04,1.5381444380e+00
191.600000,1.0000187924e-03,1.6317999563e+00
191.650000,9.9951075002e-04,1.6189162726e+00
191.700000,1.0000445720e-03,1.6523047906e+00
191.750000,1.0015196813e-03,1.5763524829e+00
191.800000,1.0013577479e-03,1.5535074300e+00
191.850000,9.9978313810e-04,1.5497311868e+00
191.900000,9.9930286355e-04,1.6351432045e+00
191.950000,9.9899048284e-04,1.6194547477e+00
192.000000,9.9945142015e-04,1.6475195873e+00
192.050000,1.0001368220e-03,1.6095029067e+00
192.100000,1.0003016255e-03,1.6097274160e+00
192.150000,1.0003204595e-03,1.5925221888e+00
192.200000,1.0007325883e-03,1.5792205498e+00
192.250000,1.0000344079e-03,1.6134057724e+00
192.300000,1.0003457767e-03,1.6327201927e+00
192.350000,1.0007117732e-03,1.6219225634e+00
192.400000,9.9937353353e-04,1.5853599633e+00
192.450000,9.9990029949e-04,1.5986909439e+00
192.500000,9.9949236680e-04,1.5842212560e+00
192.550000,1.0001697225e-03,1.6541539476e+00
192.600000,9.9947868951e-04,1.6136299178e+00
192.650000,1.0005852592e-03,1.6376985441e+00
192.700000,1.0003663436e-03,1.6233471968e+00
192.750000,9.9939586658e-04,1.6350686022e+00
192.800000,1.0012217123e-03,1.6729591265e+00
192.850000,1.0004333404e-03,1.6823530073e+00
192.900000,1.0011530193e-03,1.6228704532e+00
192.950000,9.9998827628e-04,1.5758743387e+00
193.000000,9.9976042129e-04,1.6472023015e+00
193.050000,1.0004602717e-03,1.5649475627e+00
193.100000,1.0004177664e-03,1.5568110967e+00
193.150000,1.0005706552e-03,1.6349920404e+00
193.200000,9.9893476896e-04,1.6422070477e+00
193.250000,9.9916373097e-04,1.6153221110e+00
193.300000,9.9901438480e-04,1.5622358830e+00
193.350000,1.0017764223e-03,1.5969857409e+00
193.400000,9.9887318149e-04,1.5688462944e+00
193.450000,9.9980225248e-04,1.5827301332e+00
193.500000,9.9924523964e-04,1.6274985122e+00
193.550000,9.9958864003e-04,1.6419026101e+00
193.600000,1.0005898974e-03,1.5543043272e+00
193.650000,9.9874040899e-04,1.6103208109e+00
193.700000,9.9926126001e-04,1.5909974895e+00
193.750000,1.0005716809e-03,1.6141412311e+00
193.800000,1.0006983308e-03,1.6558967117e+00
193.850000,9.9889008481e-04,1.6351647391e+00
193.900000,1.0014316247e-03,1.5839719415e+00
193.950000,1.0002891046e-03,1.6262901653e+00
194.000000,9.9985654442e-04,1.5565341822e+00
194.050000,9.9844715727e-04,1.6145194006e+00
194.100000,1.0009825789e-03,1.5559065258e+00
194.150000,1.0010389805e-03,1.5937942521e+00
194.200000,9.9976344296e-04,1.6034301905e+00
194.250000,9.9984557383e-04,1.5816547619e+00
194.300000,9.9957801128e-04,1.6034706259e+00
194.350000,1.0007206934e-03,1.5790554696e+00
194.400000,9.9991010371e-04,1.5733175704e+00
194.450000,9.9998594229e-04,1.5606906153e+00
194.500000,1.0009062494e-03,1.5695370119e+00
194.550000,9.9929694777e-04,1.5937330061e+00
194.600000,9.9937560980e-04,1.5532532432e+00
194.650000,9.9952228442e-04,1.6701692726e+00
194.700000,1.0007105460e-03,1.5655759879e+00
194.750000,9.9993132678e-04,1.5274151478e+00
194.800000,9.9971690329e-04,1.5977306701e+00
194.850000,1.0000973408e-03,1.6342184819e+00
194.900000,9.9952780014e-04,1.6152603941e+00
194.950000,9.9894930654e-04,1.5558547276e+00
195.000000,9.9938667949e-04,1.5553891321e+00
195.050000,1.0019671426e-03,1.6562434028e+00
195.100000,1.0002921213e-03,1.6465184991e+00
195.150000,9.9989442854e-04,1.6043731401e+00
195.200000,9.9945258629e-04,1.6136323533e+00
195.250000,9.9882725090e-04,1.5621826103e+00
195.300000,1.0006704644e-03,1.6582722009e+00
195.350000,9.9963903778e-04,1.6070465794e+00
195.400000,1.0002850492e-03,1.5790766983e+00
195.450000,9.9984639836e-04,1.6160482317e+00
195.500000,9.9917735062e-04,1.5624233763e+00
195.550000,1.0015176542e-03,1.6189260079e+00
195.600000,9.9885597735e-04,1.6479209074e+00
195.650000,1.0003038198e-03,1.5963358726e+00
195.700000,9.9850540377e-04,1.5483292930e+00
195.750000,1.0006775812e-03,1.6039743187e+00
195.800000,1.0000626884e-03,1.6301053114e+00
195.850000,1.0014419942e-03,1.6209853607e+00
195.900000,9.9968923806e-04,1.5828817932e+00
195.950000,9.9810984339e-04,1.5831958461e+00
196.000000,1.0003590292e-03,1.6316183821e+00
196.050000,1.0016519061e-03,1.5895971655e+00
196.100000,9.9914790624e-04,1.6405680195e+00
196.150000,1.0009911143e-03,1.5805360998e+00
196.200000,1.0012096730e-03,1.5984009666e+00
196.250000,9.9955944572e-04,1.5908696081e+00
196.300000,1.0012730071e-03,1.6447597179e+00
196.350000,9.9884228117e-04,1.5905082778e+00
196.400000,9.9889590436e-04,1.5780136640e+00
196.450000,1.0003156306e-03,1.5930078412e+00
196.500000,9.9846573000e-04,1.5413367650e+00
196.550000,9.9882936171e-04,1.6076597564e+00
196.600000,9.9891983361e-04,1.6424680228e+00
196.650000,9.9911832146e-04,1.5958264488e+00
196.700000,1.0011671451e-03,1.6633334905e+00
196.750000,9.9934729742e-04,1.6142796389e+00
196.800000,9.9915039650e-04,1.5815354218e+00
196.850000,9.9901768513e-04,1.5723785213e+00
196.900000,1.0018896472e-03,1.6097462965e+00
196.950000,1.0005724767e-03,1.5837110949e+00
197.000000,1.0011648796e-03,1.5722218403e+00
197.050000,9.9933762780e-04,1.5779946500e+00
197.100000,1.0009460738e-03,1.5627769547e+00
197.150000,9.9906660935e-04,1.5786387209e+00
197.200000,9.9963108725e-04,1.5471040934e+00
197.250000,9.9968091724e-04,1.5247988588e+00
197.300000,1.0003988916e-03,1.5810324700e+00
197.350000,9.9895931901e-04,1.6136721708e+00
197.400000,9.9879773576e-04,1.5721968090e+00
197.450000,9.9891617510e-04,1.6055422250e+00
197.500000,1.0017150530e-03,1.5936881526e+00
197.550000,1.0010973660e-03,1.5785437392e+00
197.600000,1.0002161055e-03,1.5273791590e+00
197.650000,1.0002177741e-03,1.6006452497e+00
197.700000,1.0001859796e-03,1.5785638590e+00
197.750000,9.9912615599e-04,1.5726570384e+00
197.800000,9.9919078333e-04,1.5730778538e+00
197.850000,1.0017926342e-03,1.6229321614e+00
197.900000,1.0018307631e-03,1.5905280574e+00
197.950000,9.9958634078e-04,1.5884833799e+00
198.000000,9.9978947900e-04,1.5690901229e+00
198.050000,9.9988273513e-04,1.5830132643e+00
198.100000,1.0001889306e-03,1.5935974623e+00
198.150000,1.0006641498e-03,1.5760491862e+00
198.200000,9.9892364138e-04,1.6385894420e+00
198.250000,9.9869285890e-04,1.5975163871e+00
198.300000,1.0002644700e-03,1.6555774936e+00
198.350000,9.9960753666e-04,1.6202609627e+00
198.400000,9.9816070883e-04,1.5907225552e+00
198.450000,1.0005010249e-03,1.5464411037e+00
198.500000,1.0004035510e-03,1.5803490217e+00
198.550000,1.0005413266e-03,1.5600451820e+00
198.600000,9.9921540459e-04,1.5805051009e+00
198.650000,9.9988644568e-04,1.6076442850e+00
198.700000,1.0000119243e-03,1.6376377591e+00
198.750000,9.9921360532e-04,1.5803279261e+00
198.800000,9.9902228560e-04,1.5609372419e+00
198.850000,1.0002062679e-03,1.6223096383e+00
198.900000,9.9985253115e-04,1.6188201887e+00
198.950000,1.0010312930e-03,1.5682424991e+00
199.000000,9.9814442354e-04,1.5990756445e+00
199.050000,9.9918000435e-04,1.6394342790e+00
199.100000,9.9922925748e-04,1.6174266400e+00
199.150000,9.9856251976e-04,1.6598628409e+00
199.200000,9.9936775321e-04,1.5964581090e+00
199.250000,9.9974958717e-04,1.5618484969e+00
199.300000,9.9788573443e-04,1.5835859089e+00
199.350000,1.0013639744e-03,1.5809709918e+00
199.400000,9.9972054202e-04,1.5939365521e+00
199.450000,1.0011835999e-03,1.6031846184e+00
199.500000,9.9942888547e-04,1.5921856976e+00
199.550000,9.9978703001e-04,1.5939217775e+00
199.600000,9.9780232030e-04,1.6005729388e+00
199.650000,9.9767845356e-04,1.6115310732e+00
199.700000,9.9997576611e-04,1.5827030206e+00
199.750000,9.9976305332e-04,1.5862616778e+00
199.800000,9.9938775273e-04,1.6036181739e+00
199.850000,1.0006478487e-03,1.5645992109e+00
199.900000,1.0013449189e-03,1.6044435156e+00
199.950000,1.0002820728e-03,1.5797808115e+00
200.000000,1.0014425454e-03,1.5596255493e+00
200.050000,1.0008411402e-03,1.6096269768e+00
200.100000,9.9952796975e-04,1.5786429591e+00
200.150000,9.9888315319e-04,1.6077774201e+00
200.200000,9.9973850374e-04,1.5831033093e+00
200.250000,9.9996415082e-04,1.5705853182e+00
200.300000,1.0010719933e-03,1.5980786361e+00
200.350000,1.0006185247e-03,1.6032583476e+00
200.400000,1.0001498314e-03,1.6046746777e+00
200.450000,1.0011996161e-03,1.5619934956e+00
200.500000,9.9940459832e-04,1.5132383957e+00
200.550000,1.0006961771e-03,1.6207776934e+00
200.600000,9.9900956880e-04,1.6053432939e+00
200.650000,9.9947241660e-04,1.5748829637e+00
200.700000,9.9944737716e-04,1.5676595744e+00
200.750000,1.0005314824e-03,1.6143692507e+00
200.800000,1.0007754400e-03,1.5406196382e+00
200.850000,1.0006937891e-03,1.5756292744e+00
200.900000,1.0000232523e-03,1.6481165702e+00
200.950000,9.9979597932e-04,1.5837151118e+00
201.000000,9.9905491020e-04,1.6425140431e+00
201.050000,1.0000914674e-03,1.5884095470e+00
201.100000,1.0000388242e-03,1.6329892626e+00
201.150000,9.9993143940e-04,1.5760811559e+00
201.200000,9.9930424528e-04,1.5864125327e+00
201.250000,9.9949068461e-04,1.6340285682e+00
201.300000,1.0005637746e-03,1.5344520202e+00
201.350000,9.9837409113e-04,1.6014693141e+00
201.400000,1.0019892698e-03,1.5931157294e+00
201.450000,9.9904820241e-04,1.5537006148e+00
201.500000,9.9725577031e-04,1.6616746215e+00
201.550000,9.9919788659e-04,1.5771182483e+00
201.600000,1.0004443713e-03,1.5783770931e+00
201.650000,1.0001332442e-03,1.5853668922e+00
201.700000,9.9951235803e-04,1.5780846688e+00
201.750000,9.9999669993e-04,1.6418506144e+00
201.800000,9.9850054115e-04,1.5933241317e+00
201.850000,1.0004061776e-03,1.6182919960e+00
201.900000,9.9984489235e-04,1.6106500988e+00
201.950000,9.9977348468e-04,1.6044286916e+00
202.000000,9.9923002685e-04,1.6031075975e+00
202.050000,1.0008305482e-03,1.6188765954e+00
202.100000,1.0001869124e-03,1.5456771040e+00
202.150000,9.9957944155e-04,1.5884166749e+00
202.200000,9.9919837130e-04,1.6470541708e+00
202.250000,1.0002356618e-03,1.5647190168e+00
202.300000,1.0004670354e-03,1.5690359445e+00
202.350000,1.0009141469e-03,1.6111387769e+00
202.400000,9.9959728002e-04,1.5360092181e+00
202.450000,1.0007692844e-03,1.6046077355e+00
202.500000,1.0010852071e-03,1.6084125254e+00
202.550000,9.9934036358e-04,1.5783303510e+00
202.600000,1.0009268323e-03,1.6162128757e+00
202.650000,9.9892199481e-04,1.5311957507e+00
202.700000,1.0001864117e-03,1.6454328347e+00
202.750000,9.9989506387e-04,1.5514596448e+00
202.800000,1.0005046105e-03,1.6071222563e+00
202.850000,9.9898122701e-04,1.6030064518e+00
202.900000,9.9972447346e-04,1.6153446198e+00
202.950000,1.0015297250e-03,1.5644455669e+00
203.000000,1.0006533232e-03,1.6329025228e+00
203.050000,9.9919542842e-04,1.5662363099e+00
203.100000,9.9863999540e-04,1.6407411963e+00
203.150000,1.0006291506e-03,1.6310606433e+00
203.200000,1.0001558277e-03,1.6002492867e+00
203.250000,1.0002021482e-03,1.5239868148e+00
203.300000,9.9927831734e-04,1.6252185630e+00
203.350000,1.0001750301e-03,1.5642870022e+00
203.400000,1.0020232741e-03,1.6485379343e+00
203.450000,1.0014412473e-03,1.5918753815e+00
203.500000,1.0008299036e-03,1.5778702814e+00
203.550000,1.0014077377e-03,1.5973367987e+00
203.600000,1.0006283361e-03,1.6340618894e+00
203.650000,9.9982350381e-04,1.5930483654e+00
203.700000,1.0013600078e-03,1.5968205874e+00
203.750000,1.0004876283e-03,1.5981959401e+00
203.800000,1.0004039972e-03,1.5775254572e+00
203.850000,1.0013156261e-03,1.5935726441e+00
203.900000,9.9955274587e-04,1.5577834821e+00
203.950000,1.0003596836e-03,1.5957909985e+00
204.000000,1.0006703760e-03,1.5953390005e+00
204.050000,1.0003177757e-03,1.5410606571e+00
204.100000,9.9962604815e-04,1.5992285012e+00
204.150000,9.9901132000e-04,1.6112841714e+00
204.200000,1.0004185784e-03,1.5514275048e+00
204.250000,1.0009177014e-03,1.6527726779e+00
204.300000,1.0017744722e-03,1.5740340534e+00
204.350000,1.0002351523e-03,1.6045033786e+00
204.400000,9.9902990317e-04,1.6131211652e+00
204.450000,9.9958771079e-04,1.6173700997e+00
204.500000,1.0002186753e-03,1.6475675111e+00
204.550000,1.0014754305e-03,1.6048078528e+00
204.600000,9.9970530238e-04,1.6000116413e+00
204.650000,9.9875627022e-04,1.5920965555e+00
204.700000,9.9945956414e-04,1.5468454092e+00
204.750000,9.9983922819e-04,1.5899627674e+00
204.800000,9.9911273981e-04,1.5625411118e+00
204.850000,9.9937737944e-04,1.6125913508e+00
204.900000,1.0009055378e-03,1.6813619798e+00
204.950000,9.9962654540e-04,1.5430637345e+00
205.000000,9.9933193030e-04,1.5886838973e+00
205.050000,9.9922964736e-04,1.5850873458e+00
205.100000,9.9861402802e-04,1.5624229981e+00
205.150000,1.0008320782e-03,1.6376931065e+00
205.200000,9.9922158226e-04,1.6228594745e+00
205.250000,9.9875149431e-04,1.5767504707e+00
205.300000,1.0005999574e-03,1.5885776120e+00
205.350000,9.9820327089e-04,1.6268622749e+00
205.400000,1.0011867131e-03,1.6052603269e+00
205.450000,1.0004230559e-03,1.6114945859e+00
205.500000,9.9864361252e-04,1.5649760420e+00
205.550000,1.0002323568e-03,1.6425080764e+00
205.600000,1.0001107716e-03,1.6069572288e+00
205.650000,1.0017569074e-03,1.5506063850e+00
205.700000,9.9994030877e-04,1.5776968248e+00
205.750000,9.9974769991e-04,1.5867895853e+00
205.800000,1.0007194859e-03,1.5945964468e+00
205.850000,1.0011390409e-03,1.6127728134e+00
205.900000,9.9893314079e-04,1.5973051918e+00
205.950000,1.0008792504e-03,1.6259786379e+00
206.000000,9.9722462993e-04,1.6034580214e+00
206.050000,9.9904984362e-04,1.5852691385e+00
206.100000,9.9977393111e-04,1.5878985417e+00
206.150000,1.0017771026e-03,1.6386773268e+00
206.200000,9.9927096695e-04,1.6523170581e+00
206.250000,9.9932724430e-04,1.6074564219e+00
206.300000,9.9920519256e-04,1.5429894597e+00
206.350000,9.9949961080e-04,1.5668207226e+00
206.400000,1.0004618466e-03,1.5609529534e+00
206.450000,9.9916626458e-04,1.6230331447e+00
206.500000,9.9932435506e-04,1.5832695692e+00
206.550000,1.0000963148e-03,1.6005452389e+00
206.600000,1.0024873936e-03,1.6459582327e+00
206.650000,1.0011764726e-03,1.6442053971e+00
206.700000,9.9963072588e-04,1.6425597610e+00
206.750000,1.0015432327e-03,1.5387820942e+00
206.800000,9.9818166371e-04,1.6040592137e+00
206.850000,9.9989998147e-04,1.5775359289e+00
206.900000,1.0013310064e-03,1.5905057226e+00
206.950000,9.9980762259e-04,1.6027960572e+00
207.000000,9.9819514896e-04,1.5474120602e+00
207.050000,1.0038017103e-03,1.5886239348e+00
207.100000,1.0012916532e-03,1.5620639502e+00
207.150000,9.9883422413e-04,1.5740003225e+00
207.200000,9.9992492331e-04,1.6134325136e+00
207.250000,1.0004409678e-03,1.5791843565e+00
207.300000,1.0001322531e-03,1.6292778263e+00
207.350000,1.0005015775e-03,1.5762839080e+00
207.400000,9.9972011645e-04,1.6699893769e+00
207.450000,1.0001230135e-03,1.6347883802e+00
207.500000,1.0007875852e-03,1.6429049747e+00
207.550000,9.9976362643e-04,1.6077996260e+00
207.600000,9.9885105341e-04,1.6335298412e+00
207.650000,9.9922854939e-04,1.6246702836e+00
207.700000,9.9931585024e-04,1.6217746329e+00
207.750000,1.0011915428e-03,1.5507999449e+00
207.800000,9.9930912133e-04,1.6066352554e+00
207.850000,9.9782387021e-04,1.6057602172e+00
207.900000,9.9946476637e-04,1.5940625615e+00
207.950000,9.9799352753e-04,1.6335929456e+00
208.000000,1.0001120280e-03,1.5622723070e+00
208.050000,1.0015258877e-03,1.6104588675e+00
208.100000,9.9905813404e-04,1.5498449013e+00
208.150000,9.9974237419e-04,1.6500627110e+00
208.200000,1.0009328799e-03,1.5893779869e+00
208.250000,1.0013934995e-03,1.5754983819e+00
208.300000,1.0000290998e-03,1.5633002387e+00
208.350000,1.0007467799e-03,1.6026821666e+00
208.400000,9.9987304291e-04,1.6227049344e+00
208.450000,9.9995516760e-04,1.6531439530e+00
208.500000,1.0006106395e-03,1.5936956707e+00
208.550000,1.0000527266e-03,1.5721543676e+00
208.600000,1.0001799629e-03,1.6227503986e+00
208.650000,1.0010606852e-03,1.6243057700e+00
208.700000,9.9915930928e-04,1.5568277079e+00
208.750000,9.9921452689e-04,1.6178129503e+00
208.800000,9.9963325153e-04,1.6048673679e+00
208.850000,1.0016640565e-03,1.6359640055e+00
208.900000,1.0005616698e-03,1.5493574719e+00
208.950000,1.0006443124e-03,1.5710192113e+00
209.000000,1.0007267977e-03,1.5927242492e+00
209.050000,9.9910528026e-04,1.5778305373e+00
209.100000,9.9911738282e-04,1.5924601408e+00
209.150000,9.9996108178e-04,1.6604591279e+00
209.200000,9.9800621656e-04,1.6429232715e+00
209.250000,1.0001748524e-03,1.5991319023e+00
209.300000,9.9971792060e-04,1.6476713173e+00
209.350000,9.9902739069e-04,1.5551973073e+00
209.400000,1.0015034797e-03,1.5978537490e+00
209.450000,1.0005542860e-03,1.5982996452e+00
209.500000,1.0021715476e-03,1.6546536735e+00
209.550000,9.9957320735e-04,1.6000114973e+00
209.600000,1.0005365874e-03,1.5791866347e+00
209.650000,9.9834599567e-04,1.6060752921e+00
209.700000,1.0000254969e-03,1.6090362516e+00
209.750000,9.9913518421e-04,1.5746223225e+00
209.800000,9.9921685868e-04,1.5808685515e+00
209.850000,9.9945466557e-04,1.5664124718e+00
209.900000,1.0007884727e-03,1.5380352325e+00
209.950000,1.0005714612e-03,1.7052795619e+00
210.000000,1.0004130913e-03,1.5491309798e+00
210.050000,1.0000124097e-03,1.5632363080e+00
210.100000,1.0008336029e-03,1.5932058609e+00
210.150000,1.0017375065e-03,1.6167506059e+00
210.200000,9.9968091945e-04,1.5652904118e+00
210.250000,1.0017274682e-03,1.6033898595e+00
210.300000,9.9863732517e-04,1.6106859723e+00
210.350000,1.0002536668e-03,1.6144175935e+00
210.400000,1.0001795332e-03,1.5937459710e+00
210.450000,1.0012057356e-03,1.6197400001e+00
210.500000,9.9947678917e-04,1.5717271267e+00
210.550000,1.0005730805e-03,1.6079935641e+00
210.600000,9.9788326251e-04,1.6228597500e+00
210.650000,9.9988756438e-04,1.5747232984e+00
210.700000,9.9987771441e-04,1.5909654197e+00
210.750000,9.9868914897e-04,1.6237840195e+00
210.800000,1.0007912258e-03,1.6102004718e+00
210.850000,9.9905097082e-04,1.5823348626e+00
210.900000,1.0016611044e-03,1.6362271871e+00
210.950000,9.9929291575e-04,1.6037198441e+00
211.000000,1.0001098912e-03,1.5997698712e+00
211.050000,9.9812904439e-04,1.6009577702e+00
211.100000,9.9912405615e-04,1.6098801278e+00
211.150000,1.0000740364e-03,1.5938414173e+00
211.200000,1.0002984328e-03,1.6134354503e+00
211.250000,9.9990892609e-04,1.6021555713e+00
211.300000,9.9934331451e-04,1.6070286861e+00
211.350000,1.0000046790e-03,1.6264481293e+00
211.400000,9.9860253839e-04,1.5969590743e+00
211.450000,1.0010010836e-03,1.5860615142e+00
211.500000,1.0001585205e-03,1.5508168279e+00
211.550000,9.9836204353e-04,1.6429508735e+00
211.600000,1.0011965054e-03,1.5574737850e+00
211.650000,9.9906401167e-04,1.5653429604e+00
211.700000,1.0003979368e-03,1.6154420868e+00
211.750000,9.9969516505e-04,1.5435839629e+00
211.800000,9.9917862141e-04,1.6320669898e+00
211.850000,1.0003845941e-03,1.5842632087e+00
211.900000,1.0003924711e-03,1.5931668616e+00
211.950000,9.9959654922e-04,1.6218055894e+00
212.000000,9.9942717055e-04,1.6222691720e+00
212.050000,9.9879383713e-04,1.5594038158e+00
212.100000,1.0007087733e-03,1.6277231216e+00
212.150000,9.9898413276e-04,1.5787975881e+00
212.200000,1.0007922985e-03,1.6529864486e+00
212.250000,9.9764278448e-04,1.5846039553e+00
212.300000,9.9887372934e-04,1.6114270049e+00
212.350000,1.0001623191e-03,1.6071606122e+00
212.400000,9.9969661919e-04,1.6667811341e+00
212.450000,1.0003179420e-03,1.6411377938e+00
212.500000,1.0001697282e-03,1.5716866417e+00
212.550000,9.9926347908e-04,1.5874439300e+00
212.600000,1.0000450798e-03,1.6723129836e+00
212.650000,1.0009492182e-03,1.5907268776e+00
212.700000,1.0012116362e-03,1.6280749521e+00
212.750000,9.9890935650e-04,1.6694472770e+00
212.800000,1.0009496585e-03,1.5998456954e+00
212.850000,1.0017507203e-03,1.5541726335e+00
212.900000,1.0025368713e-03,1.6022448828e+00
212.950000,1.0001343216e-03,1.6350604922e+00
213.000000,1.0003387178e-03,1.6011839253e+00
213.050000,1.0005069629e-03,1.5650800898e+00
213.100000,1.0017276627e-03,1.5834193422e+00
213.150000,9.9923937811e-04,1.5762804751e+00
213.200000,9.9989994317e-04,1.5900493765e+00
213.250000,9.9962515106e-04,1.5807015287e+00
213.300000,9.9993946983e-04,1.6168199029e+00
213.350000,9.9985628768e-04,1.6287849034e+00
213.400000,1.0004693633e-03,1.5949806721e+00
213.450000,9.9788004321e-04,1.6044692724e+00
213.500000,9.9954814060e-04,1.6047094087e+00
213.550000,9.9782513780e-04,1.6486035402e+00
213.600000,1.0005007900e-03,1.6030895482e+00
213.650000,1.0000590573e-03,1.6348810965e+00
213.700000,9.9941817019e-04,1.6153790191e+00
213.750000,1.0011774566e-03,1.6074621798e+00
213.800000,1.0010888276e-03,1.5898512032e+00
213.850000,9.9976917200e-04,1.6291843476e+00
213.900000,1.0015117863e-03,1.5670325869e+00
213.950000,1.0017620097e-03,1.6035432760e+00
214.000000,1.0016075027e-03,1.5878056902e+00
214.050000,9.9982692980e-04,1.5746527525e+00
214.100000,9.9922147228e-04,1.5872049082e+00
214.150000,9.9960145980e-04,1.5495744434e+00
214.200000,1.0012574499e-03,1.5693577802e+00
214.250000,1.0002057945e-03,1.5400981065e+00
214.300000,9.9834227130e-04,1.5618637456e+00
214.350000,1.0000620293e-03,1.5995383251e+00
214.400000,9.9934351418e-04,1.5537791964e+00
214.450000,9.9950358872e-04,1.6183498319e+00
214.500000,1.0011533827e-03,1.6303650936e+00
214.550000,1.0010589591e-03,1.6148044822e+00
214.600000,1.0009258230e-03,1.5577117361e+00
214.650000,1.0016810218e-03,1.6111055174e+00
214.700000,1.0002407610e-03,1.5908831940e+00
214.750000,1.0002849815e-03,1.6099486252e+00
214.800000,1.0006187591e-03,1.6027310679e+00
214.850000,9.9893296427e-04,1.5643734714e+00
214.900000,9.9923260172e-04,1.6203934630e+00
214.950000,1.0017618127e-03,1.6067347010e+00
215.000000,1.0002440621e-03,1.6111844862e+00
215.050000,9.9903966546e-04,1.5315554921e+00
215.100000,1.0010209499e-03,1.5973065009e+00
215.150000,1.0006267785e-03,1.6413877446e+00
215.200000,9.9997219732e-04,1.5975027104e+00
215.250000,1.0001700441e-03,1.5475246978e+00
215.300000,9.9923103674e-04,1.6205899423e+00
215.350000,1.0017984903e-03,1.6081377927e+00
215.400000,9.9857188837e-04,1.5659756970e+00
215.450000,1.0012325457e-03,1.6400418911e+00
215.500000,9.9884178877e-04,1.5677870134e+00
215.550000,1.0008971831e-03,1.5926593871e+00
215.600000,1.0014887626e-03,1.5909180222e+00
215.650000,1.0002295034e-03,1.6268384102e+00
215.700000,1.0006007392e-03,1.5825248562e+00
215.750000,1.0007192329e-03,1.6033719288e+00
215.800000,9.9906093171e-04,1.6667456434e+00
215.850000,9.9831291946e-04,1.5691181218e+00
215.900000,1.0027403560e-03,1.6276436274e+00
215.950000,9.9855229624e-04,1.5928490673e+00
216.000000,9.9949628175e-04,1.5478995258e+00
216.050000,9.9992913285e-04,1.6318670865e+00
216.100000,9.9925316508e-04,1.5394123186e+00
216.150000,9.9923250208e-04,1.6610891376e+00
216.200000,9.9838589002e-04,1.6132581799e+00
216.250000,1.0000564938e-03,1.6479064817e+00
216.300000,1.0000223564e-03,1.5932414264e+00
216.350000,1.0009741073e-03,1.6314923259e+00
216.400000,9.9918845305e-04,1.5577071545e+00
216.450000,1.0003645352e-03,1.6440831444e+00
216.500000,1.0007922267e-03,1.6262973994e+00
216.550000,9.9867710830e-04,1.5834337101e+00
216.600000,1.0002985979e-03,1.5722007781e+00
216.650000,9.9875940322e-04,1.6219293146e+00
216.700000,9.9853825772e-04,1.5943123560e+00
216.750000,9.9998369603e-04,1.5419616223e+00
216.800000,1.0005732354e-03,1.6038950272e+00
216.850000,1.0003830185e-03,1.5730034914e+00
216.900000,1.0002790910e-03,1.6196775853e+00
216.950000,9.9979991191e-04,1.6263334907e+00
217.000000,1.0002104455e-03,1.6098676691e+00
217.050000,1.0011545807e-03,1.5955598509e+00
217.100000,9.9940278710e-04,1.5778567468e+00
217.150000,9.9946390383e-04,1.5590366610e+00
217.200000,9.9940394377e-04,1.6485103074e+00
217.250000,9.9861020103e-04,1.6636672628e+00
217.300000,1.0011706558e-03,1.5971392743e+00
217.350000,9.9999940877e-04,1.6239650145e+00
217.400000,9.9846906615e-04,1.5540028393e+00
217.450000,1.0018258884e-03,1.6376176450e+00
217.500000,1.0018597154e-03,1.5587029245e+00
217.550000,1.0014599552e-03,1.5904302447e+00
217.600000,1.0004805676e-03,1.5486865390e+00
217.650000,9.9987794466e-04,1.5789036458e+00
217.700000,1.0003763499e-03,1.5717602616e+00
217.750000,9.9997627448e-04,1.5764723758e+00
217.800000,1.0003948127e-03,1.5992187894e+00
217.850000,9.9850074081e-04,1.5363631734e+00
217.900000,9.9775613320e-04,1.5544954192e+00
217.950000,1.0004563342e-03,1.6443642246e+00
218.000000,1.0027298659e-03,1.6327893132e+00
218.050000,9.9785173595e-04,1.5215624902e+00
218.100000,9.9984158004e-04,1.6434249174e+00
218.150000,1.0001721309e-03,1.5043069406e+00
218.200000,1.0025160736e-03,1.5673804527e+00
218.250000,9.9954852609e-04,1.5504368748e+00
218.300000,1.0011034799e-03,1.5718575189e+00
218.350000,1.0006855789e-03,1.5783266084e+00
218.400000,9.9850116843e-04,1.6326543746e+00
218.450000,9.9922574584e-04,1.6048095278e+00
218.500000,9.9842684721e-04,1.6202542999e+00
218.550000,1.0001971564e-03,1.6243172445e+00
218.600000,9.9972556079e-04,1.6608765573e+00
218.650000,1.0004403190e-03,1.5327234433e+00
218.700000,9.9826315339e-04,1.6771222714e+00
218.750000,9.9867572078e-04,1.5697156048e+00
218.800000,1.0000009280e-03,1.5846966429e+00
218.850000,1.0019855446e-03,1.6130134695e+00
218.900000,1.0009721568e-03,1.5441520277e+00
218.950000,9.9924808560e-04,1.5895122920e+00
219.000000,9.9979389479e-04,1.6218134507e+00
219.050000,9.9846021038e-04,1.6091359132e+00
219.100000,1.0011464401e-03,1.5198280845e+00
219.150000,1.0000780796e-03,1.5584095098e+00
219.200000,9.9924776124e-04,1.5602233918e+00
219.250000,1.0004105717e-03,1.5698192444e+00
219.300000,9.9881365833e-04,1.6343301425e+00
219.350000,1.0010025916e-03,1.5824862803e+00
219.400000,1.0016569876e-03,1.5706494982e+00
219.450000,1.0008639588e-03,1.5801943631e+00
219.500000,9.9909198855e-04,1.6040839844e+00
219.550000,9.9613501520e-04,1.6329779492e+00
219.600000,9.9890661205e-04,1.5706650188e+00
219.650000,9.9902611831e-04,1.5541586835e+00
219.700000,1.0001595747e-03,1.5991730710e+00
219.750000,1.0010916786e-03,1.6394291174e+00
219.800000,9.9974926572e-04,1.6398101114e+00
219.850000,1.0000693970e-03,1.6040199203e+00
219.900000,1.0006647631e-03,1.6077901047e+00
219.950000,9.9923569350e-04,1.5823650161e+00
220.000000,9.9946567721e-04,1.6209838798e+00
220.050000,9.9955936713e-04,1.5615852600e+00
220.100000,9.9985265765e-04,1.6066165140e+00
220.150000,1.0003108862e-03,1.5852026758e+00
220.200000,1.0018016654e-03,1.6261210530e+00
220.250000,9.9838634617e-04,1.5748514747e+00
220.300000,9.9924333363e-04,1.6282556280e+00
220.350000,9.9971969451e-04,1.5766174144e+00
220.400000,1.0000864106e-03,1.5973089473e+00
220.450000,1.0007268325e-03,1.6372871678e+00
220.500000,9.9780399463e-04,1.5634938136e+00
220.550000,1.0019609244e-03,1.6341944348e+00
220.600000,1.0012724713e-03,1.5850315934e+00
220.650000,9.9904174998e-04,1.6339425574e+00
220.700000,9.9981739244e-04,1.6227212648e+00
220.750000,1.0002097954e-03,1.6014951845e+00
220.800000,1.0015660464e-03,1.6008063645e+00
220.850000,9.9970550184e-04,1.6228417468e+00
220.900000,9.9989585064e-04,1.6150929917e+00
220.950000,9.9877850070e-04,1.6286962733e+00
221.000000,9.9982991595e-04,1.5551124380e+00
221.050000,9.9909187077e-04,1.4801570166e+00
221.100000,9.9962942044e-04,1.6087525583e+00
221.150000,1.0005296702e-03,1.5479072495e+00
221.200000,1.0008025821e-03,1.5953807533e+00
221.250000,9.9916289531e-04,1.5850734673e+00
221.300000,1.0000442810e-03,1.6076213106e+00
221.350000,9.9886771674e-04,1.5738740711e+00
221.400000,9.9852271761e-04,1.5973262007e+00
221.450000,1.0011348704e-03,1.5754472263e+00
221.500000,1.0013359882e-03,1.6275977698e+00
221.550000,1.0005184678e-03,1.6222358254e+00
221.600000,9.9973245110e-04,1.6222102172e+00
221.650000,1.0005738839e-03,1.6577901024e+00
221.700000,9.9863808581e-04,1.6044222979e+00
221.750000,1.0019169392e-03,1.6385474960e+00
221.800000,9.9964570836e-04,1.5993294582e+00
221.850000,1.0027045913e-03,1.6402212154e+00
221.900000,9.9891705243e-04,1.6014625696e+00
221.950000,9.9988031366e-04,1.5395788543e+00
222.000000,9.9943993243e-04,1.5567227040e+00
222.050000,1.0000824573e-03,1.6566821184e+00
222.100000,1.0006685490e-03,1.5584182708e+00
222.150000,9.9826792043e-04,1.6125563193e+00
222.200000,9.9806574300e-04,1.6270967942e+00
222.250000,9.9895040251e-04,1.5954264065e+00
222.300000,1.0006847987e-03,1.5817209365e+00
222.350000,9.9962913230e-04,1.5831318229e+00
222.400000,1.0001051483e-03,1.6019455553e+00
222.450000,1.0017336442e-03,1.5894417366e+00
222.500000,1.0013456265e-03,1.5853345329e+00
222.550000,9.9777333256e-04,1.6397994432e+00
222.600000,1.0011712597e-03,1.5612666214e+00
222.650000,1.0004556854e-03,1.5660837235e+00
222.700000,9.9880935091e-04,1.5961917462e+00
222.750000,1.0007672615e-03,1.6236504166e+00
222.800000,1.0009784018e-03,1.6665826262e+00
222.850000,1.0002246178e-03,1.5462406807e+00
222.900000,1.0007917999e-03,1.6637726988e+00
222.950000,1.0001206172e-03,1.6678135626e+00
223.000000,1.0007224060e-03,1.5974622088e+00
223.050000,9.9905419628e-04,1.5616994654e+00
223.100000,9.9936186347e-04,1.6233661573e+00
223.150000,1.0010172455e-03,1.5634102364e+00
223.200000,1.0008547927e-03,1.6434915247e+00
223.250000,9.9998260240e-04,1.5653427369e+00
223.300000,9.9960816067e-04,1.5975976517e+00
223.350000,9.9801196007e-04,1.6063041971e+00
223.400000,1.0001641933e-03,1.6472870052e+00
223.450000,9.9883675468e-04,1.5824934769e+00
223.500000,1.0022295418e-03,1.6082574710e+00
223.550000,1.0000882641e-03,1.6150256647e+00
223.600000,1.0001702531e-03,1.5454109253e+00
223.650000,9.9996028830e-04,1.5935050041e+00
223.700000,1.0003871240e-03,1.5981083440e+00
223.750000,1.0000814193e-03,1.5944848047e+00
223.800000,9.9736368055e-04,1.5730240995e+00
223.850000,1.0011059212e-03,1.6518234323e+00
223.900000,9.9916754810e-04,1.5865668799e+00
223.950000,1.0016539185e-03,1.5401442668e+00
224.000000,1.0016618993e-03,1.6253740264e+00
224.050000,1.0002971739e-03,1.6115273285e+00
224.100000,1.0002938523e-03,1.6191412483e+00
224.150000,1.0003546377e-03,1.5901221211e+00
224.200000,1.0004713508e-03,1.5239530958e+00
224.250000,1.0005936376e-03,1.6493955566e+00
224.300000,9.9882602188e-04,1.5666409586e+00
224.350000,9.9958616919e-04,1.5405754813e+00
224.400000,1.0004197438e-03,1.5742074780e+00
224.450000,9.9963731234e-04,1.6081627694e+00
224.500000,9.9997375228e-04,1.6460877464e+00
224.550000,1.0009607762e-03,1.5511852321e+00
224.600000,9.9996413709e-04,1.5576620206e+00
224.650000,9.9775210588e-04,1.6191640894e+00
224.700000,9.9926022623e-04,1.5767808056e+00
224.750000,9.9834621101e-04,1.6074618339e+00
224.800000,9.9994431719e-04,1.6444076969e+00
224.850000,1.0006895116e-03,1.6103415475e+00
224.900000,9.9940790941e-04,1.5852920483e+00
224.950000,9.9976578924e-04,1.5876002903e+00
225.000000,1.0010880291e-03,1.6065279847e+00
225.050000,1.0019287448e-03,1.6118210031e+00
225.100000,9.9982341871e-04,1.5979976903e+00
225.150000,9.9854454707e-04,1.5967494750e+00
225.200000,1.0010099108e-03,1.5921222182e+00
225.250000,1.0019917355e-03,1.5683600060e+00
225.300000,1.0003638750e-03,1.5919737402e+00
225.350000,1.0016030786e-03,1.6314290088e+00
225.400000,1.0008208194e-03,1.5623455013e+00
225.450000,1.0007980233e-03,1.6340452721e+00
225.500000,9.9979808766e-04,1.6359166220e+00
225.550000,1.0000410923e-03,1.5628424500e+00
225.600000,1.0004299390e-03,1.6111795311e+00
225.650000,9.9998027072e-04,1.6362071749e+00
225.700000,9.9989812173e-04,1.5886957150e+00
225.750000,1.0008577478e-03,1.6315985139e+00
225.800000,1.0006327006e-03,1.5708664242e+00
225.850000,9.9930285050e-04,1.6118072661e+00
225.900000,1.0000563499e-03,1.6605460051e+00
225.950000,9.9956167924e-04,1.5951648074e+00
226.000000,9.9945585116e-04,1.5719362094e+00
226.050000,9.9973245201e-04,1.6005839497e+00
226.100000,1.0010001196e-03,1.5776595522e+00
226.150000,9.9952257954e-04,1.5948074324e+00
226.200000,9.9889240517e-04,1.5626377030e+00
226.250000,1.0009957836e-03,1.6652507050e+00
226.300000,1.0005669071e-03,1.5778321538e+00
226.350000,9.9929639351e-04,1.6605109731e+00
226.400000,1.0029417359e-03,1.6152268948e+00
226.450000,9.9886885469e-04,1.5651656091e+00
226.500000,1.0017341020e-03,1.5832735151e+00
226.550000,9.9978471186e-04,1.5915745062e+00
226.600000,1.0007808121e-03,1.6345803303e+00
226.650000,9.9990365923e-04,1.5791749146e+00
226.700000,9.9997309840e-04,1.5356036021e+00
226.750000,1.0011159454e-03,1.6260012305e+00
226.800000,9.9984511424e-04,1.5604537205e+00
226.850000,1.0012299079e-03,1.5749127487e+00
226.900000,9.9955533448e-04,1.5687218198e+00
226.950000,1.0003981634e-03,1.6155982052e+00
227.000000,9.9932503268e-04,1.5722770966e+00
227.050000,1.0007575374e-03,1.6142896875e+00
227.100000,1.0001148993e-03,1.6195658756e+00
227.150000,1.0029127352e-03,1.6344214565e+00
227.200000,9.9850555509e-04,1.6552108783e+00
227.250000,9.9901974676e-04,1.6851612349e+00
227.300000,1.0007858509e-03,1.6045538149e+00
227.350000,1.0004839881e-03,1.6419755650e+00
227.400000,1.0003490866e-03,1.6267818235e+00
227.450000,1.0010075009e-03,1.6254147446e+00
227.500000,9.9864491787e-04,1.6189480975e+00
227.550000,9.9880614552e-04,1.6604000393e+00
227.600000,9.9937734955e-04,1.5979696925e+00
227.650000,1.0008977559e-03,1.6203457837e+00
227.700000,1.0017287932e-03,1.5941703896e+00
227.750000,9.9957633993e-04,1.5982093613e+00
227.800000,9.9960221069e-04,1.6564393815e+00
227.850000,9.9969058950e-04,1.5763887013e+00
227.900000,9.9995065243e-04,1.5732497362e+00
227.950000,9.9843352249e-04,1.6415011955e+00
228.000000,9.9986038992e-04,1.5742477431e+00
228.050000,1.0021728296e-03,1.5678448207e+00
228.100000,9.9976798019e-04,1.5408770528e+00
228.150000,1.0020497770e-03,1.6017350524e+00
228.200000,1.0015782570e-03,1.6035390676e+00
228.250000,9.9938120090e-04,1.6485544846e+00
228.300000,9.9970649959e-04,1.5833803259e+00
228.350000,9.9892869271e-04,1.6036361678e+00
228.400000,9.9790219795e-04,1.6240459941e+00
228.450000,1.0009899479e-03,1.6053857758e+00
228.500000,1.0013551794e-03,1.5836628652e+00
228.550000,1.0001973300e-03,1.5789408475e+00
228.600000,9.9797068046e-04,1.6061775070e+00
228.650000,1.0005320280e-03,1.5898574207e+00
228.700000,1.0003196725e-03,1.5782035901e+00
228.750000,1.0005407271e-03,1.6057689338e+00
228.800000,9.9982249369e-04,1.5967906954e+00
228.850000,9.9900562633e-04,1.6013781888e+00
228.900000,1.0021535530e-03,1.6374947743e+00
228.950000,9.9918909623e-04,1.5806633920e+00
229.000000,1.0005254950e-03,1.6243895348e+00
229.050000,9.9936019790e-04,1.6439500634e+00
229.100000,9.9917616662e-04,1.6174350795e+00
229.150000,9.9988860856e-04,1.6001786501e+00
229.200000,1.0007915008e-03,1.6468827366e+00
229.250000,9.9954823544e-04,1.5634065123e+00
229.300000,9.9770065500e-04,1.6321309513e+00
229.350000,1.0002041357e-03,1.5718107738e+00
229.400000,9.9957109378e-04,1.6254378098e+00
229.450000,9.9852962678e-04,1.6197227802e+00
229.500000,9.9955759947e-04,1.6282202201e+00
229.550000,9.9987351631e-04,1.6282689053e+00
229.600000,1.0008659093e-03,1.5423419065e+00
229.650000,9.9969487549e-04,1.6329966481e+00
229.700000,1.0017839114e-03,1.6034191866e+00
229.750000,9.9803133263e-04,1.6122683759e+00
229.800000,1.0006844385e-03,1.6287657536e+00
229.850000,9.9961399694e-04,1.6313395599e+00
229.900000,9.9917547007e-04,1.6125662708e+00
229.950000,1.0016063153e-03,1.6073727487e+00
230.000000,9.9988632162e-04,1.5988514111e+00
230.050000,9.9794860481e-04,1.6305633884e+00
230.100000,9.9755138119e-04,1.6248989268e+00
230.150000,1.0012729987e-03,1.6260219345e+00
230.200000,1.0005686533e-03,1.6415756898e+00
230.250000,9.9876809436e-04,1.6105291463e+00
230.300000,9.9984617621e-04,1.6336492771e+00
230.350000,9.9797384555e-04,1.6273821170e+00
230.400000,1.0026484635e-03,1.5955669308e+00
230.450000,9.9978860184e-04,1.6001174719e+00
230.500000,1.0001569139e-03,1.6025419880e+00
230.550000,1.0007795955e-03,1.6316090640e+00
230.600000,1.0002593618e-03,1.6281989464e+00
230.650000,1.0009673765e-03,1.5558902134e+00
230.700000,9.9838920490e-04,1.6122934767e+00
230.750000,1.0012175672e-03,1.6436700504e+00
230.800000,1.0006915382e-03,1.5751679851e+00
230.850000,1.0025175524e-03,1.5828653200e+00
230.900000,9.9980138209e-04,1.5432031122e+00
230.950000,1.0001733929e-03,1.6517128355e+00
231.000000,1.0007781341e-03,1.6694438362e+00
231.050000,9.9953479775e-04,1.5911013972e+00
231.100000,1.0003003820e-03,1.5947914351e+00
231.150000,1.0006709767e-03,1.6310904932e+00
231.200000,1.0002282531e-03,1.6075241366e+00
231.250000,9.9913964888e-04,1.6357494603e+00
231.300000,9.9973484579e-04,1.5905974464e+00
231.350000,9.9943603357e-04,1.6327535498e+00
231.400000,1.0002503039e-03,1.6038507101e+00
231.450000,1.0004332604e-03,1.5672240029e+00
231.500000,9.9709318630e-04,1.5749061772e+00
231.550000,9.9863416207e-04,1.5159652077e+00
231.600000,9.9922709058e-04,1.5724803076e+00
231.650000,1.0010724738e-03,1.6508172507e+00
231.700000,1.0009047258e-03,1.6294749716e+00
231.750000,1.0001195746e-03,1.5817011445e+00
231.800000,1.0006046475e-03,1.6285020053e+00
231.850000,1.0015241368e-03,1.6113448266e+00
231.900000,1.0005055353e-03,1.6296369586e+00
231.950000,1.0007766512e-03,1.5750315890e+00
232.000000,1.0001801218e-03,1.6272533061e+00
232.050000,1.0008362281e-03,1.6242865952e+00
232.100000,9.9934743759e-04,1.6251012238e+00
232.150000,1.0009660304e-03,1.6605145075e+00
232.200000,9.9934099942e-04,1.5937214907e+00
232.250000,9.9961962409e-04,1.5980508945e+00
232.300000,1.0007012808e-03,1.5713963339e+00
232.350000,9.9886219252e-04,1.6406305114e+00
232.400000,1.0002459335e-03,1.5875704375e+00
232.450000,9.9976898931e-04,1.5683411667e+00
232.500000,9.9935687887e-04,1.6226265643e+00
232.550000,1.0006581959e-03,1.6166708913e+00
232.600000,1.0011537211e-03,1.5914693664e+00
232.650000,1.0015810780e-03,1.6036956166e+00
232.700000,1.0007570252e-03,1.6205539744e+00
232.750000,1.0014205810e-03,1.5787729759e+00
232.800000,9.9929166515e-04,1.6083761401e+00
232.850000,1.0016627910e-03,1.5527948785e+00
232.900000,1.0002573582e-03,1.6633314106e+00
232.950000,1.0007707268e-03,1.5403653581e+00
233.000000,1.0015191230e-03,1.6216090308e+00
233.050000,9.9956133337e-04,1.6125576676e+00
233.100000,9.9794509555e-04,1.6157983568e+00
233.150000,1.0002512647e-03,1.5804268398e+00
233.200000,1.0004609597e-03,1.6425829169e+00
233.250000,9.9932686346e-04,1.5512046257e+00
233.300000,9.9806821776e-04,1.5793040601e+00
233.350000,1.0015327687e-03,1.5930875827e+00
233.400000,1.0005580537e-03,1.5328109771e+00
233.450000,1.0006529952e-03,1.5829446769e+00
233.500000,9.9995213871e-04,1.6230076774e+00
233.550000,9.9877748710e-04,1.5980284770e+00
233.600000,1.0010367878e-03,1.5355463798e+00
233.650000,1.0014418614e-03,1.6194223274e+00
233.700000,1.0002160557e-03,1.5902508663e+00
233.750000,1.0010887197e-03,1.6146478551e+00
233.800000,9.9947645869e-04,1.5628074048e+00
233.850000,1.0001147725e-03,1.5877839494e+00
233.900000,9.9900210135e-04,1.6069029444e+00
233.950000,9.9938218525e-04,1.5533475072e+00
234.000000,1.0002521978e-03,1.5880534274e+00
234.050000,9.9794327884e-04,1.5540069077e+00
234.100000,9.9911256620e-04,1.5527177408e+00
234.150000,1.0008836374e-03,1.6295362735e+00
234.200000,1.0001105177e-03,1.5277825296e+00
234.250000,9.9976349932e-04,1.6037599431e+00
234.300000,9.9971583456e-04,1.5815082176e+00
234.350000,9.9792771648e-04,1.5713817841e+00
234.400000,9.9999992505e-04,1.5677828185e+00
234.450000,1.0001627811e-03,1.5673382951e+00
234.500000,9.9994869026e-04,1.5948449538e+00
234.550000,9.9993687651e-04,1.5914463890e+00
234.600000,1.0009337798e-03,1.5552683191e+00
234.650000,9.9851524859e-04,1.5450609611e+00
234.700000,9.9913499589e-04,1.6636010622e+00
234.750000,9.9679916034e-04,1.6045371412e+00
234.800000,1.0000102635e-03,1.5872628634e+00
234.850000,1.0008128786e-03,1.6207167705e+00
234.900000,1.0000264511e-03,1.6060151321e+00
234.950000,9.9995703746e-04,1.5684523856e+00
235.000000,1.0003210834e-03,1.5809225364e+00
235.050000,9.9792323379e-04,1.5993324131e+00
235.100000,1.0005136988e-03,1.6615213267e+00
235.150000,1.0001605908e-03,1.5327358862e+00
235.200000,9.9968965195e-04,1.6164131070e+00
235.250000,1.0003856437e-03,1.5909934631e+00
235.300000,9.9951962449e-04,1.5563947470e+00
235.350000,1.0009560262e-03,1.6162485027e+00
235.400000,1.0018034568e-03,1.6031593099e+00
235.450000,9.9979128244e-04,1.6055658443e+00
235.500000,1.0007505431e-03,1.6143490929e+00
235.550000,9.9967291689e-04,1.6471984220e+00
235.600000,9.9877478867e-04,1.6081314307e+00
235.650000,9.9961622323e-04,1.6223350937e+00
235.700000,1.0007819970e-03,1.6063122710e+00
235.750000,1.0016856407e-03,1.6014809567e+00
235.800000,1.0008087662e-03,1.6303824471e+00
235.850000,9.9924057202e-04,1.6382470968e+00
235.900000,9.9935736679e-04,1.5508403848e+00
235.950000,9.9990431206e-04,1.6082205107e+00
236.000000,9.9954695089e-04,1.5487514706e+00
236.050000,9.9904674766e-04,1.5442623762e+00
236.100000,1.0005771129e-03,1.5778094519e+00
236.150000,1.0003161646e-03,1.5722394460e+00
236.200000,1.0012390470e-03,1.6399290473e+00
236.250000,1.0000822090e-03,1.6366918447e+00
236.300000,1.0011675025e-03,1.6068626801e+00
236.350000,9.9967840293e-04,1.6431812778e+00
236.400000,1.0000540499e-03,1.5812050997e+00
236.450000,1.0004591511e-03,1.5944492938e+00
236.500000,1.0000764811e-03,1.6073070555e+00
236.550000,9.9955836168e-04,1.5940480070e+00
236.600000,1.0003505278e-03,1.5854699971e+00
236.650000,1.0011092673e-03,1.5732860679e+00
236.700000,9.9952729092e-04,1.6420778694e+00
236.750000,1.0007682991e-03,1.6073985009e+00
236.800000,1.0019670348e-03,1.6345881453e+00
236.850000,9.9935179569e-04,1.5419046353e+00
236.900000,9.9983340251e-04,1.6027905779e+00
236.950000,9.9956430964e-04,1.5675003283e+00
237.000000,1.0008058927e-03,1.6204237280e+00
237.050000,1.0013720814e-03,1.6644952522e+00
237.100000,1.0008446062e-03,1.6292100063e+00
237.150000,9.9895918427e-04,1.5637344540e+00
237.200000,1.0010984793e-03,1.5781945690e+00
237.250000,9.9898486348e-04,1.5906636904e+00
237.300000,9.9674609211e-04,1.6221739279e+00
237.350000,1.0012717911e-03,1.5999477660e+00
237.400000,1.0006292666e-03,1.5735719857e+00
237.450000,1.0006768453e-03,1.5886905699e+00
237.500000,1.0001597464e-03,1.6217934939e+00
237.550000,9.9956736808e-04,1.6281709122e+00
237.600000,9.9986023159e-04,1.6307826807e+00
237.650000,9.9734858128e-04,1.5929397890e+00
237.700000,1.0019667345e-03,1.6171743477e+00
237.750000,9.9919828378e-04,1.6003000001e+00
237.800000,1.0005606526e-03,1.6059129881e+00
237.850000,9.9962579330e-04,1.5807188908e+00
237.900000,9.9862749269e-04,1.5836717913e+00
237.950000,9.9889320873e-04,1.6264057251e+00
238.000000,1.0005101590e-03,1.5795870191e+00
238.050000,1.0008618366e-03,1.5656756676e+00
238.100000,9.9972908355e-04,1.5933751169e+00
238.150000,1.0014524041e-03,1.6192894396e+00
238.200000,9.9967695831e-04,1.6153853968e+00
238.250000,1.0006151487e-03,1.5944953211e+00
238.300000,9.9940551438e-04,1.5565201163e+00
238.350000,1.0002877129e-03,1.6448882743e+00
238.400000,9.9993588530e-04,1.5881948351e+00
238.450000,1.0011944081e-03,1.5637841454e+00
238.500000,1.0014458374e-03,1.6224541241e+00
238.550000,9.9930413647e-04,1.5663888256e+00
238.600000,9.9925884124e-04,1.5736486840e+00
238.650000,9.9998588069e-04,1.5673813360e+00
238.700000,1.0018033510e-03,1.5799689126e+00
238.750000,9.9983789041e-04,1.6321006581e+00
238.800000,9.9997202165e-04,1.5672164987e+00
238.850000,9.9843534205e-04,1.5672700333e+00
238.900000,1.0016921637e-03,1.5503630093e+00
238.950000,9.9883327456e-04,1.5912440537e+00
239.000000,1.0009340115e-03,1.6267490118e+00
239.050000,1.0003679640e-03,1.6779114538e+00
239.100000,1.0001436683e-03,1.5894128454e+00
239.150000,9.9986250532e-04,1.5750375728e+00
239.200000,1.0000268803e-03,1.5680913111e+00
239.250000,9.9995240187e-04,1.6274516678e+00
239.300000,1.0008752927e-03,1.5803877713e+00
239.350000,9.9929957055e-04,1.5921002379e+00
239.400000,1.0006768151e-03,1.5773537383e+00
239.450000,1.0015504386e-03,1.5955159182e+00
239.500000,9.9922077377e-04,1.6245428791e+00
239.550000,9.9983113317e-04,1.6269383373e+00
239.600000,9.9945397571e-04,1.5882779101e+00
239.650000,9.9976851812e-04,1.5920094283e+00
239.700000,9.9819415333e-04,1.6220827774e+00
239.750000,9.9958590228e-04,1.6311286350e+00
239.800000,9.9980209905e-04,1.5813360835e+00
239.850000,9.9968652364e-04,1.5710783962e+00
239.900000,9.9952326818e-04,1.5899176655e+00
239.950000,9.9842885441e-04,1.6299826284e+00
240.000000,1.0000358020e-03,1.6323332521e+00
240.050000,9.9953801817e-04,1.5990753979e+00
240.100000,1.0004125568e-03,1.5937127877e+00
240.150000,1.0007906161e-03,1.6165644776e+00
240.200000,9.9939210170e-04,1.5902908652e+00
240.250000,1.0007869095e-03,1.6025657612e+00
240.300000,9.9868894939e-04,1.5084304542e+00
240.350000,9.9960353934e-04,1.5965900855e+00
240.400000,1.0005445914e-03,1.5884226563e+00
240.450000,1.0009408362e-03,1.6359099622e+00
240.500000,1.0002848940e-03,1.5934905747e+00
240.550000,1.0004444687e-03,1.6020332770e+00
240.600000,9.9887790814e-04,1.6104740966e+00
240.650000,9.9909826506e-04,1.5620451363e+00
240.700000,9.9968292165e-04,1.5549050937e+00
240.750000,9.9924241938e-04,1.6195672244e+00
240.800000,9.9984704768e-04,1.6411548111e+00
240.850000,1.0007931922e-03,1.6427926471e+00
240.900000,1.0002147504e-03,1.5701256428e+00
240.950000,9.9886970609e-04,1.6198974371e+00
241.000000,9.9983362986e-04,1.6175439110e+00
241.050000,9.9883011979e-04,1.6112251026e+00
241.100000,1.0003618291e-03,1.5627333470e+00
241.150000,1.0001932577e-03,1.5906477091e+00
241.200000,1.0002143835e-03,1.6557364372e+00
241.250000,9.9985401516e-04,1.6128034876e+00
241.300000,9.9929568326e-04,1.5901704027e+00
241.350000,1.0010191299e-03,1.6044394387e+00
241.400000,1.0006766881e-03,1.5654318763e+00
241.450000,1.0004607100e-03,1.6239455488e+00
241.500000,1.0003199307e-03,1.6322577720e+00
241.550000,1.0005177946e-03,1.5734473379e+00
241.600000,1.0001682737e-03,1.5986561278e+00
241.650000,9.9935671601e-04,1.5847609791e+00
241.700000,9.9912556988e-04,1.6563909333e+00
241.750000,1.0009895271e-03,1.5550091912e+00
241.800000,9.9918266126e-04,1.6486737848e+00
241.850000,9.9950910544e-04,1.6578322483e+00
241.900000,1.0009649729e-03,1.6047294730e+00
241.950000,9.9931274710e-04,1.5967416650e+00
242.000000,9.9939296593e-04,1.6202455253e+00
242.050000,9.9974273419e-04,1.5552324112e+00
242.100000,1.0008211543e-03,1.5883683772e+00
242.150000,9.9974620532e-04,1.6815474272e+00
242.200000,9.9922386801e-04,1.6335420520e+00
242.250000,9.9822201115e-04,1.6258891528e+00
242.300000,9.9882361651e-04,1.5782560472e+00
242.350000,1.0002816523e-03,1.5940326181e+00
242.400000,9.9967785485e-04,1.6285724014e+00
242.450000,1.0000346152e-03,1.5571588851e+00
242.500000,1.0015504650e-03,1.5793231734e+00
242.550000,9.9995863979e-04,1.6032867355e+00
242.600000,9.9929673095e-04,1.5972118961e+00
242.650000,1.0005355123e-03,1.5982587658e+00
242.700000,1.0010100654e-03,1.6045185876e+00
242.750000,9.9999924517e-04,1.5904730331e+00
242.800000,1.0007395829e-03,1.6209585073e+00
242.850000,1.0001284087e-03,1.6059090612e+00
242.900000,9.9837052374e-04,1.5712895244e+00
242.950000,9.9973325562e-04,1.5358212886e+00
243.000000,9.9982763283e-04,1.6372385266e+00
243.050000,1.0002059579e-03,1.5803813031e+00
243.100000,1.0015129294e-03,1.5908297927e+00
243.150000,1.0002618966e-03,1.5827158857e+00
243.200000,9.9908050875e-04,1.6290054454e+00
243.250000,9.9900372322e-04,1.6094690477e+00
243.300000,9.9855643656e-04,1.5904656857e+00
243.350000,1.0018336467e-03,1.5891190056e+00
243.400000,1.0006322240e-03,1.5774791316e+00
243.450000,1.0008637158e-03,1.6471314523e+00
243.500000,1.0015101021e-03,1.5683194214e+00
243.550000,9.9886053653e-04,1.6369830980e+00
243.600000,9.9813285692e-04,1.6344074458e+00
243.650000,1.0000904932e-03,1.5868523711e+00
243.700000,9.9901946164e-04,1.5522706994e+00
243.750000,9.9959477078e-04,1.6110485944e+00
243.800000,9.9983472996e-04,1.5770278382e+00
243.850000,9.9964869870e-04,1.6048457433e+00
243.900000,9.9977444706e-04,1.6272745786e+00
243.950000,1.0010586811e-03,1.5924627415e+00
244.000000,1.0001603488e-03,1.5834519738e+00
244.050000,1.0006490841e-03,1.6167630090e+00
244.100000,1.0005375608e-03,1.5911168736e+00
244.150000,1.0006761850e-03,1.6087260451e+00
244.200000,1.0013659083e-03,1.5757509397e+00
244.250000,9.9960238787e-04,1.5507089651e+00
244.300000,1.0009902443e-03,1.6523625732e+00
244.350000,1.0011328845e-03,1.6082618322e+00
244.400000,9.9798556616e-04,1.6739643297e+00
244.450000,1.0011859835e-03,1.5752664227e+00
244.500000,1.0002598342e-03,1.5305454026e+00
244.550000,1.0006872260e-03,1.6077372803e+00
244.600000,1.0007476159e-03,1.5557107328e+00
244.650000,9.9964629336e-04,1.6140521149e+00
244.700000,1.0013777573e-03,1.6081965601e+00
244.750000,1.0006150583e-03,1.6030702221e+00
244.800000,1.0011062473e-03,1.5861872909e+00
244.850000,1.0008993435e-03,1.5998969655e+00
244.900000,9.9996689458e-04,1.6222440807e+00
244.950000,9.9909396578e-04,1.5636872663e+00
245.000000,9.9909037770e-04,1.6299162177e+00
245.050000,9.9882803018e-04,1.6313294611e+00
245.100000,1.0005394651e-03,1.6169742514e+00
245.150000,9.9936826708e-04,1.5993932751e+00
245.200000,9.9987326907e-04,1.6103410550e+00
245.250000,9.9983495565e-04,1.5961038167e+00
245.300000,1.0014413349e-03,1.6031174809e+00
245.350000,9.9756859428e-04,1.6049845142e+00
245.400000,1.0002269665e-03,1.5687894284e+00
245.450000,9.9969228844e-04,1.5597991845e+00
245.500000,1.0000089015e-03,1.6002904287e+00
245.550000,1.0016796212e-03,1.6175242689e+00
245.600000,9.9979325424e-04,1.5981653548e+00
245.650000,1.0008352589e-03,1.5235410348e+00
245.700000,1.0010020148e-03,1.5776377576e+00
245.750000,9.9878612087e-04,1.6274534723e+00
245.800000,1.0008420424e-03,1.6481956299e+00
245.850000,1.0015509433e-03,1.5985973666e+00
245.900000,9.9856495683e-04,1.6157524755e+00
245.950000,9.9856923902e-04,1.6013294488e+00
246.000000,1.0015278481e-03,1.5400072028e+00
246.050000,1.0019432043e-03,1.5811918036e+00
246.100000,1.0003335388e-03,1.5619054640e+00
246.150000,9.9904875481e-04,1.6068834679e+00
246.200000,1.0009579772e-03,1.6459103624e+00
246.250000,1.0007067110e-03,1.5557565101e+00
246.300000,9.9812131487e-04,1.6177643588e+00
246.350000,1.0020074595e-03,1.6133250236e+00
246.400000,1.0017290653e-03,1.5407666300e+00
246.450000,9.9902366656e-04,1.5618284840e+00
246.500000,9.9944590128e-04,1.5933428353e+00
246.550000,9.9978421482e-04,1.6031160428e+00
246.600000,1.0017195691e-03,1.6484683755e+00
246.650000,1.0002310440e-03,1.6149279119e+00
246.700000,1.0001044102e-03,1.6101839309e+00
246.750000,9.9988226953e-04,1.5528156197e+00
246.800000,1.0003987019e-03,1.5856882350e+00
246.850000,1.0002321186e-03,1.5574857150e+00
246.900000,9.9899332707e-04,1.5849567239e+00
246.950000,9.9777184777e-04,1.5872574125e+00
247.000000,1.0005073203e-03,1.5618864065e+00
247.050000,9.9912965790e-04,1.5327456913e+00
247.100000,1.0015952931e-03,1.5656062429e+00
247.150000,9.9923586243e-04,1.6104893180e+00
247.200000,9.9882430054e-04,1.5683524949e+00
247.250000,9.9997887008e-04,1.5797574077e+00
247.300000,1.0005018787e-03,1.5843005189e+00
247.350000,1.0012678755e-03,1.5924135284e+00
247.400000,1.0027142108e-03,1.5665213619e+00
247.450000,1.0010238893e-03,1.5769158501e+00
247.500000,9.9905585897e-04,1.6417307822e+00
247.550000,9.9860369650e-04,1.5896782257e+00
247.600000,1.0014660013e-03,1.6021379969e+00
247.650000,1.0000144911e-03,1.6370048129e+00
247.700000,9.9909647425e-04,1.6240820336e+00
247.750000,9.9751967405e-04,1.5827008469e+00
247.800000,1.0002488797e-03,1.5803305491e+00
247.850000,1.0000492503e-03,1.6278221696e+00
247.900000,9.9811926866e-04,1.5902062714e+00
247.950000,1.0011049298e-03,1.5979517798e+00
248.000000,1.0001639252e-03,1.6025552010e+00
248.050000,9.9943505636e-04,1.6224849908e+00
248.100000,1.0001564772e-03,1.6264059257e+00
248.150000,9.9944875859e-04,1.5782874447e+00
248.200000,9.9985038292e-04,1.6031151701e+00
248.250000,1.0003065206e-03,1.5969351237e+00
248.300000,9.9946683927e-04,1.5670505491e+00
248.350000,9.9883674137e-04,1.5175549034e+00
248.400000,9.9990176384e-04,1.6073508079e+00
248.450000,9.9991012652e-04,1.5863362170e+00
248.500000,1.0005110184e-03,1.6046757064e+00
248.550000,1.0009672615e-03,1.6015728906e+00
248.600000,9.9988316228e-04,1.6496852431e+00
248.650000,1.0001919259e-03,1.6164605748e+00
248.700000,1.0009272304e-03,1.5881895421e+00
248.750000,1.0007953272e-03,1.6164925730e+00
248.800000,9.9785583597e-04,1.6108972192e+00
248.850000,1.0012261669e-03,1.6090601485e+00
248.900000,9.9882241378e-04,1.5665687151e+00
248.950000,1.0000845102e-03,1.5876608328e+00
249.000000,9.9927186586e-04,1.6210041463e+00
249.050000,9.9982780518e-04,1.6017981627e+00
249.100000,9.9998098049e-04,1.5778047131e+00
249.150000,1.0005839173e-03,1.5966097440e+00
249.200000,1.0006227611e-03,1.5687219477e+00
249.250000,1.0000449260e-03,1.5863678071e+00
249.300000,9.9929401438e-04,1.5917546500e+00
249.350000,9.9945840196e-04,1.5459925266e+00
249.400000,1.0001495072e-03,1.5598851359e+00
249.450000,1.0011438338e-03,1.5867865580e+00
249.500000,9.9997106372e-04,1.5881650366e+00
249.550000,1.0021861307e-03,1.5741246697e+00
249.600000,1.0004346439e-03,1.6245670048e+00
249.650000,9.9955097874e-04,1.6041928379e+00
249.700000,1.0016487581e-03,1.5812205942e+00
249.750000,1.0001583172e-03,1.7025083532e+00
249.800000,1.0018768960e-03,1.5591826020e+00
249.850000,1.0006548631e-03,1.6645108306e+00
249.900000,1.0021134756e-03,1.5945997513e+00
249.950000,1.0003184993e-03,1.5752829220e+00
250.000000,9.9913554009e-04,1.5964381390e+00
250.050000,9.9915550436e-04,1.6118173159e+00
250.100000,1.0001861146e-03,1.6492157851e+00
250.150000,1.0000536608e-03,1.5704268433e+00
250.200000,1.0003188356e-03,1.5994907432e+00
250.250000,1.0007942912e-03,1.5673545845e+00
250.300000,1.0004997524e-03,1.5872692534e+00
250.350000,9.9994131915e-04,1.6009839499e+00
250.400000,9.9942619214e-04,1.5542647335e+00
250.450000,1.0002845889e-03,1.6190695211e+00
250.500000,9.9932207773e-04,1.6107892498e+00
250.550000,1.0008166521e-03,1.6238719872e+00
250.600000,1.0013540061e-03,1.6110435847e+00
250.650000,1.0000613495e-03,1.5898900144e+00
250.700000,1.0009646203e-03,1.5899806518e+00
250.750000,9.9890582576e-04,1.6620473205e+00
250.800000,1.0015492249e-03,1.6239954633e+00
250.850000,9.9962543849e-04,1.6254952704e+00
250.900000,9.9932267374e-04,1.6149579394e+00
250.950000,1.0005339730e-03,1.5973990722e+00
251.000000,9.9901541299e-04,1.5851644845e+00
251.050000,1.0011991185e-03,1.6012790927e+00
251.100000,1.0003144372e-03,1.5737022608e+00
251.150000,1.0009561365e-03,1.4844461050e+00
251.200000,9.9965984368e-04,1.6517357570e+00
251.250000,9.9993159726e-04,1.5948541748e+00
251.300000,9.9975751753e-04,1.5765147154e+00
251.350000,9.9842970235e-04,1.6050435100e+00
251.400000,9.9817773899e-04,1.6132527304e+00
251.450000,1.0000223002e-03,1.6307679852e+00
251.500000,1.0006830909e-03,1.6140506901e+00
251.550000,9.9985836250e-04,1.5652683037e+00
251.600000,1.0003644666e-03,1.6188003109e+00
251.650000,1.0005959140e-03,1.5583781951e+00
251.700000,1.0001851902e-03,1.6476827156e+00
251.750000,1.0021343878e-03,1.5775216697e+00
251.800000,9.9984455095e-04,1.5462487148e+00
251.850000,9.9984846246e-04,1.5750788513e+00
251.900000,1.0005087738e-03,1.6234117794e+00
251.950000,9.9823449166e-04,1.5847589946e+00
252.000000,9.9758866797e-04,1.6141249591e+00
252.050000,1.0014067151e-03,1.5999438286e+00
252.100000,1.0011471226e-03,1.5749001060e+00
252.150000,9.9883971877e-04,1.6106213067e+00
252.200000,9.9999527777e-04,1.6130315138e+00
252.250000,9.9840853267e-04,1.6269081137e+00
252.300000,9.9902260683e-04,1.5741276079e+00
252.350000,9.9890588587e-04,1.6297096350e+00
252.400000,9.9858441643e-04,1.5866181484e+00
252.450000,1.0010901289e-03,1.5450819271e+00
252.500000,9.9950865277e-04,1.6221226966e+00
252.550000,9.9951105728e-04,1.5841943991e+00
252.600000,9.9950369064e-04,1.6298216334e+00
252.650000,1.0016991013e-03,1.5767978834e+00
252.700000,9.9939679877e-04,1.6317640638e+00
252.750000,9.9933068958e-04,1.5834932911e+00
252.800000,9.9923796887e-04,1.6267050809e+00
252.850000,9.9969302144e-04,1.5977855871e+00
252.900000,1.0011644926e-03,1.6320825917e+00
252.950000,1.0007339021e-03,1.6332202329e+00
253.000000,9.9974975985e-04,1.6221529694e+00
253.050000,9.9957879733e-04,1.5721348420e+00
253.100000,9.9930883207e-04,1.5798175196e+00
253.150000,1.0027399776e-03,1.6069309949e+00
253.200000,9.9908032761e-04,1.6165286854e+00
253.250000,1.0004108516e-03,1.6171036819e+00
253.300000,9.9972932552e-04,1.6010263723e+00
253.350000,9.9872093779e-04,1.6392961758e+00
253.400000,9.9924682068e-04,1.6206593829e+00
253.450000,1.0007469237e-03,1.5860007958e+00
253.500000,9.9887734177e-04,1.5765016654e+00
253.550000,1.0006662503e-03,1.6307956169e+00
253.600000,9.9941895167e-04,1.5709119687e+00
253.650000,9.9957369284e-04,1.5382076960e+00
253.700000,9.9904592105e-04,1.6154711174e+00
253.750000,9.9823228273e-04,1.6338464223e+00
253.800000,9.9921825223e-04,1.6062361171e+00
253.850000,9.9943367084e-04,1.6237833824e+00
253.900000,1.0004481964e-03,1.6062411070e+00
253.950000,1.0005368821e-03,1.6344298159e+00
254.000000,1.0014513890e-03,1.6209562154e+00
254.050000,1.0001501518e-03,1.6478222686e+00
254.100000,9.9874949399e-04,1.5966796974e+00
254.150000,9.9995227026e-04,1.6182932548e+00
254.200000,1.0002534936e-03,1.6207317938e+00
254.250000,1.0005953404e-03,1.6293358594e+00
254.300000,1.0012425658e-03,1.6113107789e+00
254.350000,1.0003176116e-03,1.5787361183e+00
254.400000,9.9950068754e-04,1.6091278219e+00
254.450000,1.0007334299e-03,1.6028273647e+00
254.500000,1.0017024293e-03,1.6073409944e+00
254.550000,1.0000997298e-03,1.6433284679e+00
254.600000,9.9899035463e-04,1.5974799682e+00
254.650000,9.9890942640e-04,1.5956652637e+00
254.700000,1.0007992850e-03,1.6331758343e+00
254.750000,1.0012768739e-03,1.5825374517e+00
254.800000,9.9802795887e-04,1.5395170225e+00
254.850000,9.9815091162e-04,1.5755584000e+00
254.900000,1.0013606940e-03,1.6631971665e+00
254.950000,1.0017754281e-03,1.5835856554e+00
255.000000,9.9896286319e-04,1.6370978353e+00
255.050000,9.9944844490e-04,1.6290520201e+00
255.100000,1.0012844419e-03,1.5641046551e+00
255.150000,9.9948572295e-04,1.6093798275e+00
255.200000,1.0011130036e-03,1.6016611404e+00
255.250000,9.9997403135e-04,1.5867820722e+00
255.300000,1.0006375563e-03,1.5962675073e+00
255.350000,1.0002953471e-03,1.5954636144e+00
255.400000,1.0002909907e-03,1.6602189787e+00
255.450000,1.0006849752e-03,1.5644538979e+00
255.500000,1.0000208027e-03,1.5700088655e+00
255.550000,1.0002728697e-03,1.5659126171e+00
255.600000,9.9936667535e-04,1.5704293611e+00
255.650000,1.0010223988e-03,1.6290192043e+00
255.700000,1.0003196209e-03,1.6148977869e+00
255.750000,1.0011329685e-03,1.5816158413e+00
255.800000,9.9918914125e-04,1.5769196067e+00
255.850000,1.0001337032e-03,1.6800925262e+00
255.900000,1.0012040446e-03,1.5939927439e+00
255.950000,1.0008555760e-03,1.5198049449e+00
256.000000,1.0001315245e-03,1.6056492420e+00
256.050000,9.9967179749e-04,1.6103845679e+00
256.100000,1.0013913473e-03,1.5640465258e+00
256.150000,9.9864774705e-04,1.5601640794e+00
256.200000,9.9940201580e-04,1.6215133777e+00
256.250000,1.0011586545e-03,1.6084126930e+00
256.300000,1.0001370508e-03,1.5935203142e+00
256.350000,1.0012789174e-03,1.6467425930e+00
256.400000,1.0003007273e-03,1.6262051276e+00
256.450000,9.9933287560e-04,1.6124500692e+00
256.500000,1.0011409793e-03,1.5880129321e+00
256.550000,9.9876303365e-04,1.6062391690e+00
256.600000,1.0006296338e-03,1.5961647750e+00
256.650000,9.9971290930e-04,1.6458059874e+00
256.700000,9.9969671911e-04,1.5773507203e+00
256.750000,1.0002415554e-03,1.6421224309e+00
256.800000,9.9925763122e-04,1.6272660235e+00
256.850000,9.9821556649e-04,1.5778262592e+00
256.900000,9.9897782498e-04,1.5946658518e+00
256.950000,1.0009548624e-03,1.6207700675e+00
257.000000,1.0008077958e-03,1.6266107872e+00
257.050000,1.0011163042e-03,1.5870680028e+00
257.100000,1.0008424310e-03,1.6077862986e+00
257.150000,9.9941993002e-04,1.6519873232e+00
257.200000,9.9715264823e-04,1.5692089596e+00
257.250000,9.9949693068e-04,1.5499390473e+00
257.300000,1.0011260195e-03,1.6052926721e+00
257.350000,1.0011452159e-03,1.5524223182e+00
257.400000,1.0004045816e-03,1.5951534050e+00
257.450000,1.0007347508e-03,1.5790088199e+00
257.500000,9.9976057297e-04,1.6671523665e+00
257.550000,9.9842781283e-04,1.6026739021e+00
257.600000,1.0010493701e-03,1.6038670774e+00
257.650000,1.0025150183e-03,1.5732409917e+00
257.700000,9.9936737212e-04,1.6160426333e+00
257.750000,1.0012381268e-03,1.5992097606e+00
257.800000,1.0012260745e-03,1.6544541709e+00
257.850000,9.9901828976e-04,1.5970398015e+00
257.900000,1.0010506210e-03,1.5868548519e+00
257.950000,1.0004038917e-03,1.6079952066e+00
258.000000,1.0010816633e-03,1.6018673750e+00
258.050000,9.9897248558e-04,1.5923159495e+00
258.100000,1.0002517421e-03,1.6508119794e+00
258.150000,9.9931340951e-04,1.6236653975e+00
258.200000,1.0007737143e-03,1.6212363629e+00
258.250000,1.0014781471e-03,1.5738788357e+00
258.300000,9.9944836925e-04,1.5850525558e+00
258.350000,1.0002277707e-03,1.5943345677e+00
258.400000,1.0000608841e-03,1.5682406277e+00
258.450000,1.0022723357e-03,1.6402762633e+00
258.500000,1.0002129347e-03,1.5603984641e+00
258.550000,1.0000940813e-03,1.6145806490e+00
258.600000,1.0016958028e-03,1.5537683128e+00
258.650000,9.9943630700e-04,1.5516056004e+00
258.700000,1.0000892206e-03,1.5974967174e+00
258.750000,1.0008281581e-03,1.5764922031e+00
258.800000,1.0008588261e-03,1.6182190242e+00
258.850000,1.0018924050e-03,1.6143894276e+00
258.900000,9.9919508386e-04,1.6151710438e+00
258.950000,9.9961919304e-04,1.6556245679e+00
259.000000,9.9970700186e-04,1.5802051480e+00
259.050000,9.9846219163e-04,1.4928502362e+00
259.100000,1.0001535548e-03,1.6138693177e+00
259.150000,9.9993400471e-04,1.5972593266e+00
259.200000,9.9990988461e-04,1.6287759393e+00
259.250000,9.9907441856e-04,1.5652600814e+00
259.300000,9.9989453864e-04,1.6270468630e+00
259.350000,1.0015546705e-03,1.5861241063e+00
259.400000,9.9843095740e-04,1.5591798638e+00
259.450000,9.9960885805e-04,1.6192475499e+00
259.500000,9.9966932317e-04,1.6271587170e+00
259.550000,9.9929217843e-04,1.6089353044e+00
259.600000,1.0003725387e-03,1.5797682010e+00
259.650000,9.9962796729e-04,1.6396785426e+00
259.700000,9.9994880456e-04,1.5609038500e+00
259.750000,1.0004089464e-03,1.6630621057e+00
259.800000,9.9967013650e-04,1.5753091204e+00
259.850000,1.0002851586e-03,1.6444229493e+00
259.900000,9.9886835931e-04,1.5726561390e+00
259.950000,1.0008564574e-03,1.5752058417e+00
260.000000,1.0012379393e-03,1.5776171599e+00
260.050000,1.0003857578e-03,1.6381681460e+00
260.100000,9.9945440680e-04,1.6336521020e+00
260.150000,1.0000946064e-03,1.6085075906e+00
260.200000,1.0004588688e-03,1.6426880790e+00
260.250000,9.9867838871e-04,1.6141034628e+00
260.300000,1.0002936804e-03,1.5996808562e+00
260.350000,9.9982348302e-04,1.6606180799e+00
260.400000,1.0004048529e-03,1.5697450725e+00
260.450000,1.0013835991e-03,1.5951092376e+00
260.500000,1.0003221475e-03,1.6079844236e+00
260.550000,9.9978137743e-04,1.5884958470e+00
260.600000,9.9976148072e-04,1.6032999489e+00
260.650000,1.0009101192e-03,1.5537542051e+00
260.700000,1.0015717148e-03,1.6117962617e+00
260.750000,1.0014723749e-03,1.5902692616e+00
260.800000,1.0018129102e-03,1.6345052249e+00
260.850000,1.0005714778e-03,1.5522004279e+00
260.900000,9.9990409762e-04,1.5768073199e+00
260.950000,9.9977776968e-04,1.6529652303e+00
261.000000,9.9874876492e-04,1.6190522459e+00
261.050000,9.9910673891e-04,1.6060823040e+00
261.100000,9.9985201633e-04,1.6366517945e+00
261.150000,9.9993324853e-04,1.6442543863e+00
261.200000,9.9827266509e-04,1.6459478611e+00
261.250000,1.0000009701e-03,1.6451073829e+00
261.300000,1.0000306834e-03,1.5660026622e+00
261.350000,1.0009631257e-03,1.6203699622e+00
261.400000,1.0004697816e-03,1.5395588936e+00
261.450000,1.0025059478e-03,1.5775269556e+00
261.500000,1.0008401276e-03,1.5714279832e+00
261.550000,1.0002430328e-03,1.5871358064e+00
261.600000,9.9953038854e-04,1.5601919856e+00
261.650000,9.9874061136e-04,1.5921052181e+00
261.700000,1.0014622574e-03,1.5793317561e+00
261.750000,1.0000386726e-03,1.5997456007e+00
261.800000,1.0001776986e-03,1.6407323230e+00
261.850000,9.9960575951e-04,1.6540003005e+00
261.900000,9.9844344735e-04,1.6200392251e+00
261.950000,9.9991277378e-04,1.6232051263e+00
262.000000,1.0000009028e-03,1.5815514935e+00
262.050000,9.9940616745e-04,1.6019172177e+00
262.100000,1.0007409363e-03,1.6298732040e+00
262.150000,1.0002816511e-03,1.6440627424e+00
262.200000,1.0008154529e-03,1.5815310060e+00
262.250000,1.0000999933e-03,1.6069314360e+00
262.300000,9.9986014439e-04,1.6223048659e+00
262.350000,1.0001375135e-03,1.5819199099e+00
262.400000,9.9981177088e-04,1.6030211732e+00
262.450000,9.9919177345e-04,1.6031023723e+00
262.500000,9.9894399624e-04,1.5901982621e+00
262.550000,9.9993097016e-04,1.5626760604e+00
262.600000,9.9955431498e-04,1.5614191756e+00
262.650000,1.0009409122e-03,1.6650113282e+00
262.700000,1.0004815130e-03,1.6094854810e+00
262.750000,9.9800255876e-04,1.6188615152e+00
262.800000,1.0003041131e-03,1.6585378242e+00
262.850000,1.0000512635e-03,1.6092570947e+00
262.900000,9.9879426493e-04,1.5665655622e+00
262.950000,1.0015109314e-03,1.6774873774e+00
263.000000,1.0012868806e-03,1.5964992766e+00
263.050000,9.9968016599e-04,1.6364072946e+00
263.100000,9.9749945273e-04,1.6193770991e+00
263.150000,9.9927135502e-04,1.5979067229e+00
263.200000,9.9985194818e-04,1.5780993535e+00
263.250000,1.0021471548e-03,1.5718709427e+00
263.300000,9.9848519310e-04,1.6234737215e+00
263.350000,1.0004104197e-03,1.5884911771e+00
263.400000,9.9960652836e-04,1.6189965572e+00
263.450000,1.0009770072e-03,1.5947942562e+00
263.500000,1.0002659023e-03,1.6099343391e+00
263.550000,9.9975016723e-04,1.6040619817e+00
263.600000,9.9901243181e-04,1.6127744637e+00
263.650000,1.0007533664e-03,1.5814675080e+00
263.700000,9.9905883701e-04,1.6025483246e+00
263.750000,9.9881644515e-04,1.6133720539e+00
263.800000,9.9927567413e-04,1.6535587440e+00
263.850000,9.9871185374e-04,1.6213136070e+00
263.900000,9.9964645397e-04,1.6081701719e+00
263.950000,9.9843571221e-04,1.6044578431e+00
264.000000,9.9909702685e-04,1.5534436893e+00
264.050000,1.0009397327e-03,1.5514159572e+00
264.100000,1.0013842875e-03,1.5810235100e+00
264.150000,1.0011024054e-03,1.6235065103e+00
264.200000,9.9888470593e-04,1.5718123115e+00
264.250000,1.0004569856e-03,1.5301132105e+00
264.300000,9.9946941719e-04,1.5599539065e+00
264.350000,9.9982409092e-04,1.6675730163e+00
264.400000,9.9877493798e-04,1.5309987504e+00
264.450000,1.0002644490e-03,1.5669991520e+00
264.500000,1.0001903856e-03,1.6253069800e+00
264.550000,1.0005799166e-03,1.5995490048e+00
264.600000,9.9862516530e-04,1.5617222862e+00
264.650000,1.0002885638e-03,1.6644616904e+00
264.700000,9.9848333048e-04,1.5671910842e+00
264.750000,9.9975600847e-04,1.5523802258e+00
264.800000,9.9961975339e-04,1.5760307030e+00
264.850000,9.9954775143e-04,1.6398643995e+00
264.900000,9.9913875455e-04,1.5868346329e+00
264.950000,1.0009227642e-03,1.5691085202e+00
265.000000,9.9902238360e-04,1.6005440422e+00
265.050000,1.0010763985e-03,1.5853574520e+00
265.100000,9.9991268182e-04,1.6066544151e+00
265.150000,1.0000905048e-03,1.5645988909e+00
265.200000,9.9845058722e-04,1.6025640462e+00
265.250000,1.0002345218e-03,1.6503160165e+00
265.300000,1.0001215409e-03,1.6105817587e+00
265.350000,1.0016154953e-03,1.5556380764e+00
265.400000,1.0012147696e-03,1.5267519759e+00
265.450000,1.0008267243e-03,1.6156955271e+00
265.500000,1.0003908538e-03,1.5632332834e+00
265.550000,1.0023103864e-03,1.6047276350e+00
265.600000,1.0000754958e-03,1.5822989259e+00
265.650000,1.0008992657e-03,1.5515101970e+00
265.700000,1.0006673297e-03,1.5768638796e+00
265.750000,9.9947006458e-04,1.5680980694e+00
265.800000,9.9945568778e-04,1.6228658698e+00
265.850000,9.9973872550e-04,1.6102320881e+00
265.900000,9.9806975340e-04,1.6221737230e+00
265.950000,9.9939474017e-04,1.5516277603e+00
266.000000,1.0023710093e-03,1.5908109173e+00
266.050000,9.9925406048e-04,1.6165786566e+00
266.100000,1.0008261708e-03,1.5630164774e+00
266.150000,9.9820948188e-04,1.6588881265e+00
266.200000,1.0016154714e-03,1.6207410748e+00
266.250000,9.9999317297e-04,1.6268600856e+00
266.300000,1.0020420056e-03,1.6266767428e+00
266.350000,9.9897606983e-04,1.5749114158e+00
266.400000,9.9789025150e-04,1.5704284609e+00
266.450000,1.0009746811e-03,1.6473206273e+00
266.500000,9.9919936415e-04,1.5576117139e+00
266.550000,1.0007987494e-03,1.5994763366e+00
266.600000,9.9940295464e-04,1.5893995618e+00
266.650000,1.0023607422e-03,1.6317522156e+00
266.700000,9.9923500796e-04,1.5286449518e+00
266.750000,1.0013671937e-03,1.6247199248e+00
266.800000,1.0010197622e-03,1.6073315608e+00
266.850000,1.0012523519e-03,1.6531889876e+00
266.900000,9.9893305872e-04,1.6161332968e+00
266.950000,1.0007529307e-03,1.6335759793e+00
267.000000,9.9822391060e-04,1.6203911437e+00
267.050000,1.0001743040e-03,1.5992652925e+00
267.100000,9.9866194927e-04,1.5696552190e+00
267.150000,1.0002768836e-03,1.5815514504e+00
267.200000,9.9984155897e-04,1.5885393543e+00
267.250000,9.9914156846e-04,1.6444298350e+00
267.300000,9.9997822514e-04,1.6021262366e+00
267.350000,9.9896551444e-04,1.6409486613e+00
267.400000,1.0006680383e-03,1.5990090615e+00
267.450000,1.0008445408e-03,1.6253399825e+00
267.500000,9.9900452423e-04,1.5357568831e+00
267.550000,9.9975570641e-04,1.5647386120e+00
267.600000,9.9953522208e-04,1.6290879811e+00
267.650000,9.9978905447e-04,1.6174327213e+00
267.700000,1.0005782255e-03,1.6747564416e+00
267.750000,1.0007207263e-03,1.5946539840e+00
267.800000,9.9927837981e-04,1.6142649612e+00
267.850000,1.0001228581e-03,1.5502978052e+00
267.900000,9.9967931046e-04,1.5354394323e+00
267.950000,1.0001981457e-03,1.5652754451e+00
268.000000,9.9976688503e-04,1.5847361351e+00
268.050000,9.9992940064e-04,1.5698747672e+00
268.100000,9.9986290077e-04,1.6461482290e+00
268.150000,9.9950704696e-04,1.5545748302e+00
268.200000,1.0005685838e-03,1.5912774332e+00
268.250000,1.0002596836e-03,1.5882755917e+00
268.300000,9.9772040438e-04,1.6042830774e+00
268.350000,9.9906220758e-04,1.5673956897e+00
268.400000,9.9980250943e-04,1.6113148408e+00
268.450000,1.0004355618e-03,1.5673881765e+00
268.500000,1.0001266727e-03,1.5941433563e+00
268.550000,1.0005047275e-03,1.5838940757e+00
268.600000,1.0005613703e-03,1.5500206028e+00
268.650000,9.9875900732e-04,1.5873155577e+00
268.700000,9.9957968845e-04,1.6466175582e+00
268.750000,9.9921420184e-04,1.5985889446e+00
268.800000,9.9829879002e-04,1.5303555229e+00
268.850000,9.9846458907e-04,1.5536413279e+00
268.900000,9.9840175515e-04,1.5763999809e+00
268.950000,9.9666790053e-04,1.5403520681e+00
269.000000,9.9873158073e-04,1.6032690241e+00
269.050000,1.0008904699e-03,1.5542069859e+00
269.100000,9.9836984279e-04,1.6108623952e+00
269.150000,9.9944999845e-04,1.6114285456e+00
269.200000,1.0007521840e-03,1.6095442640e+00
269.250000,1.0008505929e-03,1.6801762816e+00
269.300000,9.9807975431e-04,1.5670166303e+00
269.350000,1.0006632133e-03,1.5627063575e+00
269.400000,1.0013554311e-03,1.6449517835e+00
269.450000,9.9831772483e-04,1.5807468956e+00
269.500000,1.0001981545e-03,1.5510237474e+00
269.550000,9.9831367525e-04,1.6142404425e+00
269.600000,1.0013874997e-03,1.6140725896e+00
269.650000,9.9820359784e-04,1.5664780992e+00
269.700000,9.9991074544e-04,1.6322245242e+00
269.750000,9.9969475397e-04,1.6323146662e+00
269.800000,9.9951808810e-04,1.6015755532e+00
269.850000,1.0013825568e-03,1.5761969547e+00
269.900000,9.9952972101e-04,1.5835421873e+00
269.950000,1.0014047810e-03,1.5768732811e+00
270.000000,9.9933095009e-04,1.6117688241e+00
270.050000,9.9971517988e-04,1.5692730781e+00
270.100000,9.9786844662e-04,1.6103658266e+00
270.150000,9.9874289551e-04,1.5832534600e+00
270.200000,1.0006648515e-03,1.5755383611e+00
270.250000,1.0010472906e-03,1.6161831110e+00
270.300000,9.9994964328e-04,1.6116517995e+00
270.350000,9.9933882814e-04,1.5788313767e+00
270.400000,1.0011816930e-03,1.5538515215e+00
270.450000,9.9966885145e-04,1.5647345608e+00
270.500000,1.0010043461e-03,1.6281056442e+00
270.550000,1.0008387370e-03,1.6499259017e+00
270.600000,9.9932918722e-04,1.6095639767e+00
270.650000,9.9950466833e-04,1.6026288666e+00
270.700000,1.0000366702e-03,1.5812124882e+00
270.750000,9.9998795291e-04,1.5996262128e+00
270.800000,9.9971438216e-04,1.6158567979e+00
270.850000,9.9950453165e-04,1.6399256772e+00
270.900000,9.9996417618e-04,1.6264403214e+00
270.950000,9.9947592296e-04,1.6027268510e+00
271.000000,1.0014963040e-03,1.5681904662e+00
271.050000,9.9911291478e-04,1.6358683139e+00
271.100000,1.0007710270e-03,1.6506024512e+00
271.150000,9.9903856205e-04,1.6147847653e+00
271.200000,1.0000904078e-03,1.5792094120e+00
271.250000,9.9808588682e-04,1.6500676834e+00
271.300000,1.0019245348e-03,1.5681372183e+00
271.350000,1.0003525742e-03,1.5892968851e+00
271.400000,9.9782972117e-04,1.5743502271e+00
271.450000,1.0013183070e-03,1.6001634966e+00
271.500000,9.9970119920e-04,1.6607603355e+00
271.550000,1.0003484028e-03,1.5702073792e+00
271.600000,9.9908104149e-04,1.5857298191e+00
271.650000,1.0010046283e-03,1.5682506790e+00
271.700000,1.0008095029e-03,1.6177644453e+00
271.750000,9.9990165991e-04,1.5809198798e+00
271.800000,9.9801881845e-04,1.5946332315e+00
271.850000,9.9987931970e-04,1.5978765095e+00
271.900000,9.9977803140e-04,1.5767711198e+00
271.950000,1.0004254704e-03,1.5897865085e+00
272.000000,9.9949066865e-04,1.6242031363e+00
272.050000,9.9932268671e-04,1.6023699606e+00
272.100000,1.0013133864e-03,1.6064551558e+00
272.150000,9.9802723163e-04,1.5757121102e+00
272.200000,1.0008912446e-03,1.6104117889e+00
272.250000,9.9857440744e-04,1.5257413510e+00
272.300000,1.0006967474e-03,1.5959159747e+00
272.350000,1.0012063043e-03,1.5927770516e+00
272.400000,1.0004552601e-03,1.6076615156e+00
272.450000,9.9923457486e-04,1.5887013015e+00
272.500000,1.0020218483e-03,1.6051241270e+00
272.550000,9.9861952139e-04,1.5927779428e+00
272.600000,1.0001594954e-03,1.5848301220e+00
272.650000,1.0023202298e-03,1.5997854842e+00
272.700000,9.9916987464e-04,1.6014736023e+00
272.750000,1.0006477206e-03,1.6326519942e+00
272.800000,9.9573188186e-04,1.6398533735e+00
272.850000,9.9934228993e-04,1.6094651652e+00
272.900000,9.9859280809e-04,1.6122615437e+00
272.950000,1.0001231311e-03,1.6037550702e+00
273.000000,9.9998450494e-04,1.6004570068e+00
273.050000,1.0010259781e-03,1.6509798844e+00
273.100000,9.9938316709e-04,1.5790913518e+00
273.150000,9.9930341945e-04,1.5825299395e+00
273.200000,9.9803295573e-04,1.6317715421e+00
273.250000,1.0023563639e-03,1.5555329750e+00
273.300000,9.9969165165e-04,1.6084244831e+00
273.350000,9.9962118666e-04,1.6220006010e+00
273.400000,1.0021493494e-03,1.6333445943e+00
273.450000,9.9955718603e-04,1.5742725800e+00
273.500000,9.9979943404e-04,1.5721588881e+00
273.550000,1.0013379418e-03,1.5802699319e+00
273.600000,9.9985946107e-04,1.6233573754e+00
273.650000,9.9829747335e-04,1.6039629277e+00
273.700000,1.0013912772e-03,1.6134619687e+00
273.750000,9.9938471470e-04,1.6388359459e+00
273.800000,9.9966556983e-04,1.5978948701e+00
273.850000,1.0001633957e-03,1.6115938096e+00
273.900000,9.9998877342e-04,1.6054077423e+00
273.950000,9.9916378070e-04,1.6679414047e+00
274.000000,1.0009664605e-03,1.6905497626e+00
274.050000,1.0003514745e-03,1.6213350867e+00
274.100000,1.0012237002e-03,1.6870667370e+00
274.150000,1.0017564053e-03,1.6221158602e+00
274.200000,9.9888421012e-04,1.6226607244e+00
274.250000,9.9997123958e-04,1.5696009834e+00
274.300000,1.0007739127e-03,1.5927951132e+00
274.350000,1.0017920815e-03,1.5978571167e+00
274.400000,1.0008785282e-03,1.6421291156e+00
274.450000,9.9976937628e-04,1.6379367551e+00
274.500000,9.9970426912e-04,1.5346924564e+00
274.550000,1.0011876506e-03,1.5679603540e+00
274.600000,9.9858088987e-04,1.6213646873e+00
274.650000,1.0021343690e-03,1.6348817000e+00
274.700000,1.0015108152e-03,1.6711510654e+00
274.750000,9.9900738414e-04,1.5896664523e+00
274.800000,1.0000581512e-03,1.5910080423e+00
274.850000,9.9964297983e-04,1.6138865808e+00
274.900000,9.9968032841e-04,1.5629377722e+00
274.950000,1.0000404236e-03,1.6226245075e+00
275.000000,9.9913848880e-04,1.5715472680e+00
275.050000,1.0002075212e-03,1.6342844964e+00
275.100000,9.9865734744e-04,1.6426598318e+00
275.150000,1.0004331837e-03,1.5366327129e+00
275.200000,1.0007970564e-03,1.6699570343e+00
275.250000,9.9870108335e-04,1.6355301053e+00
275.300000,1.0002350876e-03,1.5779608769e+00
275.350000,9.9812203923e-04,1.5781321094e+00
275.400000,1.0015329524e-03,1.6340956895e+00
275.450000,1.0019566125e-03,1.5609858086e+00
275.500000,9.9906381496e-04,1.5836609286e+00
275.550000,9.9943405776e-04,1.6100000414e+00
275.600000,9.9900094683e-04,1.6025025507e+00
275.650000,1.0020303889e-03,1.5734663823e+00
275.700000,9.9901409685e-04,1.6178588634e+00
275.750000,9.9947399197e-04,1.6504308692e+00
275.800000,9.9925936302e-04,1.5711303743e+00
275.850000,1.0015819472e-03,1.5320620375e+00
275.900000,9.9998773763e-04,1.6030298134e+00
275.950000,9.9778916747e-04,1.6467103662e+00
276.000000,1.0001350697e-03,1.6455401897e+00
276.050000,9.9994595284e-04,1.6686229637e+00
276.100000,9.9903663574e-04,1.6306927215e+00
276.150000,9.9946921640e-04,1.5637424311e+00
276.200000,1.0000250750e-03,1.6175923019e+00
276.250000,9.9886641475e-04,1.6226918625e+00
276.300000,9.9962964737e-04,1.6066725490e+00
276.350000,1.0040794832e-03,1.6163508080e+00
276.400000,9.9860607413e-04,1.5938346913e+00
276.450000,1.0037776923e-03,1.5747477234e+00
276.500000,1.0004670433e-03,1.6555648052e+00
276.550000,9.9872238523e-04,1.6274942247e+00
276.600000,1.0004905426e-03,1.6323981327e+00
276.650000,9.9958687123e-04,1.5893251744e+00
276.700000,9.9962983408e-04,1.5544915271e+00
276.750000,9.9984135214e-04,1.5616471351e+00
276.800000,1.0005441457e-03,1.6116065721e+00
276.850000,1.0007612341e-03,1.6051694201e+00
276.900000,1.0003434902e-03,1.5879615598e+00
276.950000,1.0006234050e-03,1.5564553701e+00
277.000000,9.9954991874e-04,1.6439123462e+00
277.050000,9.9973946905e-04,1.6125948889e+00
277.100000,1.0008237827e-03,1.6755794199e+00
277.150000,9.9944661014e-04,1.6270240797e+00
277.200000,1.0001272572e-03,1.5911407378e+00
277.250000,1.0014494504e-03,1.6225349771e+00
277.300000,1.0008069959e-03,1.6221500979e+00
277.350000,9.9801624852e-04,1.6304653858e+00
277.400000,1.0006789747e-03,1.5723722044e+00
277.450000,9.9959385331e-04,1.5650020217e+00
277.500000,1.0002586887e-03,1.6494611994e+00
277.550000,1.0012252452e-03,1.5663389092e+00
277.600000,1.0027874878e-03,1.5598654041e+00
277.650000,9.9935658961e-04,1.5856009571e+00
277.700000,1.0005296156e-03,1.6166904131e+00
277.750000,1.0013647858e-03,1.5838828783e+00
277.800000,1.0012499338e-03,1.6151655314e+00
277.850000,9.9840020239e-04,1.5737355580e+00
277.900000,9.9787446803e-04,1.5853992580e+00
277.950000,9.9926157478e-04,1.5402679216e+00
278.000000,9.9846301223e-04,1.6061600424e+00
278.050000,9.9944822100e-04,1.6086308153e+00
278.100000,1.0012059160e-03,1.6075014143e+00
278.150000,1.0007287770e-03,1.6141615481e+00
278.200000,1.0002660264e-03,1.5749022664e+00
278.250000,1.0011487193e-03,1.6161917142e+00
278.300000,9.9909510848e-04,1.6030023516e+00
278.350000,1.0002185794e-03,1.6442029134e+00
278.400000,1.0012297867e-03,1.6532800077e+00
278.450000,9.9745751176e-04,1.6331879506e+00
278.500000,9.9998016801e-04,1.6026589120e+00
278.550000,1.0001802071e-03,1.6439508150e+00
278.600000,1.0014517556e-03,1.6247620666e+00
278.650000,9.9979107334e-04,1.6071748750e+00
278.700000,9.9895407261e-04,1.6494946200e+00
278.750000,9.9925304916e-04,1.6034370890e+00
278.800000,1.0005108884e-03,1.5528104167e+00
278.850000,1.0020441329e-03,1.6243814305e+00
278.900000,1.0003252907e-03,1.6287932141e+00
278.950000,9.9984183959e-04,1.6756149990e+00
279.000000,9.9947608940e-04,1.6015107403e+00
279.050000,9.9797191769e-04,1.5883060333e+00
279.100000,1.0023926328e-03,1.5147192776e+00
279.150000,9.9979515886e-04,1.5878380488e+00
279.200000,9.9835550652e-04,1.6479048974e+00
279.250000,1.0000767978e-03,1.6372625204e+00
279.300000,9.9947422352e-04,1.6300193952e+00
279.350000,1.0013378607e-03,1.5903662847e+00
279.400000,9.9927686282e-04,1.5996883810e+00
279.450000,1.0003085496e-03,1.6651454419e+00
279.500000,1.0003124501e-03,1.6215957635e+00
279.550000,9.9928670269e-04,1.5911422898e+00
279.600000,1.0007572681e-03,1.5706394046e+00
279.650000,1.0004630698e-03,1.6576205155e+00
279.700000,1.0012614402e-03,1.5882021013e+00
279.750000,1.0008350225e-03,1.5663143227e+00
279.800000,1.0021219348e-03,1.6064919506e+00
279.850000,1.0001528612e-03,1.6450225822e+00
279.900000,1.0009537688e-03,1.5790611072e+00
279.950000,9.9936520731e-04,1.5942723666e+00
280.000000,9.9941690973e-04,1.5966389213e+00
280.050000,1.0023251024e-03,1.5648579360e+00
280.100000,1.0005288391e-03,1.6269949240e+00
280.150000,9.9808623371e-04,1.5867477509e+00
280.200000,9.9971179200e-04,1.6186617504e+00
280.250000,1.0021770451e-03,1.6079646232e+00
280.300000,9.9954634274e-04,1.6410046556e+00
280.350000,9.9858757365e-04,1.5737471320e+00
280.400000,9.9906039785e-04,1.5960259708e+00
280.450000,1.0005761329e-03,1.6207168226e+00
280.500000,1.0005368904e-03,1.5553046665e+00
280.550000,9.9949114274e-04,1.6519365107e+00
280.600000,1.0004099958e-03,1.6220717602e+00
280.650000,9.9935863226e-04,1.6127753765e+00
280.700000,1.0005627772e-03,1.5738964889e+00
280.750000,9.9994856949e-04,1.5956890502e+00
280.800000,1.0005784095e-03,1.6298890161e+00
280.850000,1.0008762813e-03,1.5806144309e+00
280.900000,9.9816532072e-04,1.6023968737e+00
280.950000,9.9805539998e-04,1.6698862736e+00
281.000000,9.9981797480e-04,1.6125996555e+00
281.050000,9.9948514749e-04,1.6228611515e+00
281.100000,9.9993045754e-04,1.6791576682e+00
281.150000,1.0010541203e-03,1.5637548046e+00
281.200000,9.9958766160e-04,1.5963411850e+00
281.250000,1.0010247877e-03,1.5984601794e+00
281.300000,9.9949615636e-04,1.5946466087e+00
281.350000,1.0002226520e-03,1.5677288051e+00
281.400000,1.0012722462e-03,1.5526757644e+00
281.450000,9.9900106695e-04,1.6049619712e+00
281.500000,9.9850278159e-04,1.6038424565e+00
281.550000,9.9911182348e-04,1.6033925832e+00
281.600000,9.9985032779e-04,1.6092423273e+00
281.650000,9.9964204214e-04,1.6702514557e+00
281.700000,1.0004242893e-03,1.5830579078e+00
281.750000,1.0001630394e-03,1.6204224920e+00
281.800000,1.0004972660e-03,1.5708695004e+00
281.850000,9.9949109676e-04,1.5934868404e+00
281.900000,1.0005719503e-03,1.5163936794e+00
281.950000,9.9992740852e-04,1.6745162591e+00
282.000000,9.9776595864e-04,1.6324360180e+00
282.050000,9.9961845981e-04,1.6331629846e+00
282.100000,1.0005892900e-03,1.5341296397e+00
282.150000,9.9872719740e-04,1.6828300468e+00
282.200000,1.0006182310e-03,1.5720093682e+00
282.250000,1.0002495491e-03,1.5778910221e+00
282.300000,9.9997732464e-04,1.5920363851e+00
282.350000,1.0000768805e-03,1.5792917984e+00
282.400000,9.9967741894e-04,1.5629389185e+00
282.450000,9.9965027946e-04,1.5635731086e+00
282.500000,9.9823270815e-04,1.6176564407e+00
282.550000,9.9960790808e-04,1.5544221501e+00
282.600000,1.0032375840e-03,1.6217635279e+00
282.650000,1.0000708101e-03,1.6255866593e+00
282.700000,9.9997554059e-04,1.6447766569e+00
282.750000,1.0004282694e-03,1.6152246007e+00
282.800000,9.9928838034e-04,1.6130544690e+00
282.850000,1.0000870716e-03,1.5710476308e+00
282.900000,9.9976784824e-04,1.6469356139e+00
282.950000,9.9962692742e-04,1.6178604111e+00
283.000000,9.9804068840e-04,1.5845252502e+00
283.050000,9.9955497878e-04,1.6034752481e+00
283.100000,9.9935405602e-04,1.5947206411e+00
283.150000,1.0023635482e-03,1.6428186411e+00
283.200000,9.9956423489e-04,1.5128099349e+00
283.250000,1.0009193978e-03,1.5849753558e+00
283.300000,9.9795774844e-04,1.6275620350e+00
283.350000,9.9993030963e-04,1.6522797175e+00
283.400000,1.0006306215e-03,1.5555528355e+00
283.450000,1.0016488017e-03,1.5906731093e+00
283.500000,1.0010030226e-03,1.6135035002e+00
283.550000,1.0000032236e-03,1.6403656863e+00
283.600000,9.9814293822e-04,1.5950306888e+00
283.650000,9.9961557311e-04,1.5772041866e+00
283.700000,9.9718249783e-04,1.6776231821e+00
283.750000,9.9837307546e-04,1.5982918798e+00
283.800000,1.0002547289e-03,1.5964410044e+00
283.850000,1.0020759404e-03,1.5552841743e+00
283.900000,9.9936422602e-04,1.5796633887e+00
283.950000,9.9897636303e-04,1.6335222362e+00
284.000000,1.0007580679e-03,1.5758813898e+00
284.050000,1.0006734383e-03,1.6316939032e+00
284.100000,9.9783818346e-04,1.6247923630e+00
284.150000,9.9901366681e-04,1.6794966045e+00
284.200000,9.9995025548e-04,1.5743490148e+00
284.250000,1.0007513939e-03,1.5861615384e+00
284.300000,1.0001023364e-03,1.6048997575e+00
284.350000,9.9910856358e-04,1.6261966651e+00
284.400000,9.9982603566e-04,1.5989761661e+00
284.450000,1.0019598832e-03,1.6247656378e+00
284.500000,1.0002170877e-03,1.5874968872e+00
284.550000,9.9981146388e-04,1.5791782021e+00
284.600000,1.0017173353e-03,1.6146022099e+00
284.650000,9.9942519086e-04,1.6191918086e+00
284.700000,1.0014853600e-03,1.6331505960e+00
284.750000,1.0005093035e-03,1.5914294288e+00
284.800000,1.0012148482e-03,1.6090695077e+00
284.850000,1.0000112162e-03,1.6265561996e+00
284.900000,9.9910742835e-04,1.5515717978e+00
284.950000,1.0001825346e-03,1.6118469629e+00
285.000000,1.0003968233e-03,1.6056987279e+00
285.050000,9.9975409539e-04,1.6420801666e+00
285.100000,1.0012313304e-03,1.6091154689e+00
285.150000,9.9995848717e-04,1.5519428822e+00
285.200000,9.9863284072e-04,1.6063820147e+00
285.250000,1.0008072422e-03,1.6382004126e+00
285.300000,1.0005514073e-03,1.6001472913e+00
285.350000,9.9734241939e-04,1.5587042131e+00
285.400000,9.9889383846e-04,1.6937581999e+00
285.450000,9.9981429200e-04,1.5585304667e+00
285.500000,9.9989201509e-04,1.5440448381e+00
285.550000,9.9941818645e-04,1.5939058187e+00
285.600000,1.0001357325e-03,1.5973828089e+00
285.650000,1.0011410617e-03,1.6424897525e+00
285.700000,9.9943088352e-04,1.5762973719e+00
285.750000,9.9996288125e-04,1.5721937585e+00
285.800000,1.0007866280e-03,1.6306607905e+00
285.850000,1.0002055448e-03,1.6367881376e+00
285.900000,1.0009013410e-03,1.6012148150e+00
285.950000,1.0008582401e-03,1.6275995843e+00
286.000000,1.0011475413e-03,1.6393472254e+00
286.050000,9.9884615067e-04,1.5931060655e+00
286.100000,9.9923151480e-04,1.5584813639e+00
286.150000,9.9873154848e-04,1.5823294812e+00
286.200000,9.9956976189e-04,1.5963232746e+00
286.250000,1.0005214620e-03,1.6592600963e+00
286.300000,1.0004029871e-03,1.5765882297e+00
286.350000,9.9977542304e-04,1.5944826926e+00
286.400000,9.9928253428e-04,1.5871921842e+00
286.450000,9.9883117014e-04,1.6381649294e+00
286.500000,9.9929050067e-04,1.5898105764e+00
286.550000,9.9924749647e-04,1.6483102563e+00
286.600000,9.9934160266e-04,1.5807639492e+00
286.650000,9.9947567039e-04,1.6063979575e+00
286.700000,9.9792108815e-04,1.6037544593e+00
286.750000,9.9947880102e-04,1.5572985681e+00
286.800000,1.0002338421e-03,1.6446440795e+00
286.850000,9.9744878399e-04,1.5721836969e+00
286.900000,1.0016775037e-03,1.5663121687e+00
286.950000,1.0012135522e-03,1.5815902296e+00
287.000000,1.0005009469e-03,1.6071411125e+00
287.050000,9.9986235700e-04,1.6242598621e+00
287.100000,9.9742157525e-04,1.5899695085e+00
287.150000,1.0003408680e-03,1.5781990639e+00
287.200000,9.9819777657e-04,1.6358589433e+00
287.250000,1.0006748978e-03,1.6024072291e+00
287.300000,9.9843122025e-04,1.5845553652e+00
287.350000,9.9972409782e-04,1.6142932589e+00
287.400000,1.0005241901e-03,1.5888645219e+00
287.450000,9.9881308049e-04,1.5656414973e+00
287.500000,9.9943968144e-04,1.5529888993e+00
287.550000,1.0000534285e-03,1.6031247876e+00
287.600000,9.9951759969e-04,1.5955786397e+00
287.650000,1.0025936067e-03,1.5984598692e+00
287.700000,9.9833893603e-04,1.6122960954e+00
287.750000,9.9838802196e-04,1.5722413787e+00
287.800000,9.9785668296e-04,1.5951767881e+00
287.850000,9.9994846474e-04,1.6002467521e+00
287.900000,9.9930167373e-04,1.6041109043e+00
287.950000,1.0005155775e-03,1.5885565563e+00
288.000000,9.9996133807e-04,1.5873850585e+00
288.050000,1.0013040732e-03,1.6186978312e+00
288.100000,9.9891736964e-04,1.5971038154e+00
288.150000,9.9999216132e-04,1.5509155620e+00
288.200000,9.9913139845e-04,1.5445032072e+00
288.250000,9.9980868856e-04,1.6378023019e+00
288.300000,1.0011643660e-03,1.5920914337e+00
288.350000,9.9886316414e-04,1.6331606896e+00
288.400000,1.0015540447e-03,1.5629089190e+00
288.450000,9.9921494137e-04,1.6267492268e+00
288.500000,1.0004650361e-03,1.6338041756e+00
288.550000,1.0006838825e-03,1.5832803262e+00
288.600000,1.0010343020e-03,1.6250099812e+00
288.650000,1.0005940846e-03,1.6277782758e+00
288.700000,1.0002066644e-03,1.6506277940e+00
288.750000,9.9954258370e-04,1.6377523514e+00
288.800000,1.0010172729e-03,1.6424644412e+00
288.850000,9.9915796065e-04,1.6174323251e+00
288.900000,9.9988761755e-04,1.5878554440e+00
288.950000,9.9999158199e-04,1.6175948277e+00
289.000000,9.9998458913e-04,1.6186309091e+00
289.050000,9.9916677544e-04,1.6136857764e+00
289.100000,9.9994848092e-04,1.5815138354e+00
289.150000,9.9902982332e-04,1.5944125916e+00
289.200000,1.0016390211e-03,1.6275907396e+00
289.250000,9.9952681515e-04,1.5792377271e+00
289.300000,1.0016089154e-03,1.5574734192e+00
289.350000,1.0011068450e-03,1.5491218650e+00
289.400000,1.0000094013e-03,1.6715953216e+00
289.450000,9.9942976455e-04,1.5603618755e+00
289.500000,9.9963986861e-04,1.5998196006e+00
289.550000,1.0001373189e-03,1.5455774796e+00
289.600000,1.0010005466e-03,1.6044844217e+00
289.650000,1.0029499066e-03,1.6098499865e+00
289.700000,9.9862266866e-04,1.5127358597e+00
289.750000,9.9922444680e-04,1.6036020752e+00
289.800000,1.0007829618e-03,1.5901661598e+00
289.850000,9.9978216478e-04,1.6055519942e+00
289.900000,1.0000771106e-03,1.6190955101e+00
289.950000,1.0011281684e-03,1.6070465103e+00
290.000000,9.9944179869e-04,1.5555615792e+00
290.050000,9.9879416436e-04,1.6353633626e+00
290.100000,1.0018507960e-03,1.6346461154e+00
290.150000,1.0012909355e-03,1.6303800762e+00
290.200000,9.9891861964e-04,1.6210180437e+00
290.250000,9.9964155065e-04,1.5671784288e+00
290.300000,1.0009774792e-03,1.6655925554e+00
290.350000,1.0013661177e-03,1.5878547261e+00
290.400000,9.9893953361e-04,1.6084828432e+00
290.450000,1.0001861972e-03,1.6171884329e+00
290.500000,1.0030878977e-03,1.6333006999e+00
290.550000,1.0004968575e-03,1.6184822307e+00
290.600000,9.9779966333e-04,1.6324584779e+00
290.650000,1.0004254415e-03,1.5546907489e+00
290.700000,9.9873679270e-04,1.5829016508e+00
290.750000,1.0007217937e-03,1.6048893239e+00
290.800000,9.9894111120e-04,1.5998690927e+00
290.850000,9.9935796962e-04,1.6100536589e+00
290.900000,9.9954557200e-04,1.6006651274e+00
290.950000,9.9869151629e-04,1.6050725473e+00
291.000000,9.9851215300e-04,1.5695569325e+00
291.050000,9.9837490216e-04,1.6247365692e+00
291.100000,1.0008509874e-03,1.6054593212e+00
291.150000,9.9907534905e-04,1.6354908842e+00
291.200000,9.9819092331e-04,1.6079731353e+00
291.250000,9.9781358647e-04,1.6199354840e+00
291.300000,9.9865815737e-04,1.5794736430e+00
291.350000,1.0002713657e-03,1.5286565322e+00
291.400000,1.0010011329e-03,1.6247418578e+00
291.450000,9.9873873040e-04,1.5916252959e+00
291.500000,1.0018535253e-03,1.7021352357e+00
291.550000,9.9900386827e-04,1.6006453607e+00
291.600000,1.0008048365e-03,1.6283615558e+00
291.650000,9.9996671225e-04,1.6377214270e+00
291.700000,9.9936664761e-04,1.5903273199e+00
291.750000,9.9993424652e-04,1.5732540323e+00
291.800000,9.9980949796e-04,1.6449662981e+00
291.850000,9.9999551576e-04,1.6003955833e+00
291.900000,9.9974229779e-04,1.6295804587e+00
291.950000,9.9940677704e-04,1.5595745360e+00
292.000000,9.9903625867e-04,1.5955722079e+00
292.050000,9.9989368394e-04,1.6033205963e+00
292.100000,1.0005058733e-03,1.6375180575e+00
292.150000,1.0003198235e-03,1.6612368699e+00
292.200000,1.0005133698e-03,1.5900751379e+00
292.250000,9.9893984959e-04,1.6002398312e+00
292.300000,9.9817907023e-04,1.6007021993e+00
292.350000,1.0019486248e-03,1.5820759901e+00
292.400000,9.9921076193e-04,1.5746399196e+00
292.450000,9.9989285514e-04,1.6351371156e+00
292.500000,9.9946293548e-04,1.6081414834e+00
292.550000,9.9968614921e-04,1.6328505467e+00
292.600000,9.9863827600e-04,1.5664020590e+00
292.650000,9.9985960371e-04,1.5765991064e+00
292.700000,1.0001685523e-03,1.6054799769e+00
292.750000,1.0006284055e-03,1.6137406612e+00
292.800000,9.9940073945e-04,1.6072331378e+00
292.850000,9.9897415094e-04,1.5920795651e+00
292.900000,1.0016199005e-03,1.5447100262e+00
292.950000,1.0009354540e-03,1.6009021436e+00
293.000000,9.9892497376e-04,1.5644401495e+00
293.050000,9.9996324544e-04,1.5954374771e+00
293.100000,1.0004521105e-03,1.5924923462e+00
293.150000,1.0003442626e-03,1.5752935648e+00
293.200000,9.9987296703e-04,1.6000965909e+00
293.250000,1.0000821520e-03,1.6658269796e+00
293.300000,1.0005222756e-03,1.6101225751e+00
293.350000,1.0009288995e-03,1.6219876102e+00
293.400000,1.0001698571e-03,1.5929415728e+00
293.450000,9.9992738682e-04,1.6479173629e+00
293.500000,1.0007645635e-03,1.6595958963e+00
293.550000,9.9951683916e-04,1.6135274812e+00
293.600000,9.9982043889e-04,1.5921777392e+00
293.650000,9.9988623461e-04,1.5734413976e+00
293.700000,9.9959770323e-04,1.5939662210e+00
293.750000,1.0003235012e-03,1.5647153654e+00
293.800000,9.9970659028e-04,1.6423947820e+00
293.850000,1.0017088754e-03,1.6532502136e+00
293.900000,9.9923775091e-04,1.6102742220e+00
293.950000,1.0010359327e-03,1.5865110329e+00
294.000000,9.9978098914e-04,1.5908734399e+00
294.050000,9.9891852259e-04,1.5816231197e+00
294.100000,9.9978097871e-04,1.6289138740e+00
294.150000,9.9983841652e-04,1.5718042587e+00
294.200000,9.9808246346e-04,1.5589345507e+00
294.250000,9.9984775883e-04,1.6234166154e+00
294.300000,9.9914127565e-04,1.5922672033e+00
294.350000,9.9990517608e-04,1.5930566581e+00
294.400000,1.0010172301e-03,1.6155794114e+00
294.450000,1.0014828754e-03,1.5876856786e+00
294.500000,9.9982710116e-04,1.6024822303e+00
294.550000,9.9765596225e-04,1.6091814568e+00
294.600000,9.9995762151e-04,1.6181707109e+00
294.650000,9.9961006921e-04,1.6122312441e+00
294.700000,1.0007706162e-03,1.6404230070e+00
294.750000,9.9972593903e-04,1.6228485855e+00
294.800000,1.0005802453e-03,1.5968266248e+00
294.850000,1.0008490697e-03,1.5842270444e+00
294.900000,1.0001516942e-03,1.5512499774e+00
294.950000,1.0010691379e-03,1.6094663770e+00
295.000000,9.9987846110e-04,1.5828266177e+00
295.050000,1.0003222152e-03,1.5896309156e+00
295.100000,1.0009768182e-03,1.6308057354e+00
295.150000,1.0007925272e-03,1.5613639737e+00
295.200000,1.0007386270e-03,1.6168913037e+00
295.250000,1.0005342425e-03,1.6139317881e+00
295.300000,9.9945082178e-04,1.5999647910e+00
295.350000,1.0002392328e-03,1.6138191221e+00
295.400000,9.9907356861e-04,1.5585699606e+00
295.450000,9.9822013119e-04,1.6427101538e+00
295.500000,1.0005364128e-03,1.6114389667e+00
295.550000,9.9879309023e-04,1.6077717484e+00
295.600000,1.0000548216e-03,1.5913360958e+00
295.650000,9.9949602424e-04,1.6271763932e+00
295.700000,1.0005281384e-03,1.5746804246e+00
295.750000,9.9956679147e-04,1.6039137792e+00
295.800000,1.0001618498e-03,1.6106493278e+00
295.850000,1.0010311908e-03,1.6001911379e+00
295.900000,1.0011790744e-03,1.6135565563e+00
295.950000,9.9836184232e-04,1.5518481096e+00
296.000000,1.0009967148e-03,1.6728140412e+00
296.050000,9.9823212020e-04,1.5884194822e+00
296.100000,1.0003871850e-03,1.5242189685e+00
296.150000,1.0007428182e-03,1.5808539654e+00
296.200000,1.0015184287e-03,1.6336193853e+00
296.250000,1.0000255734e-03,1.6252262053e+00
296.300000,1.0008953729e-03,1.6127842774e+00
296.350000,1.0017568045e-03,1.6084966251e+00
296.400000,1.0009374317e-03,1.6503474958e+00
296.450000,9.9876015749e-04,1.5795926035e+00
296.500000,1.0017541397e-03,1.5758411920e+00
296.550000,9.9832496296e-04,1.6118754017e+00
296.600000,9.9979461664e-04,1.6079249991e+00
296.650000,1.0006277674e-03,1.5458018344e+00
296.700000,1.0006763217e-03,1.6269199524e+00
296.750000,1.0005855598e-03,1.5851639575e+00
296.800000,1.0009170335e-03,1.5648502443e+00
296.850000,1.0009400742e-03,1.6568352976e+00
296.900000,1.0009663036e-03,1.6476229402e+00
296.950000,9.9978742633e-04,1.5974086664e+00
297.000000,1.0013634573e-03,1.6504749192e+00
297.050000,9.9846723902e-04,1.6098415879e+00
297.100000,9.9951645623e-04,1.5935677025e+00
297.150000,9.9884419422e-04,1.6105135221e+00
297.200000,1.0010269303e-03,1.5887977857e+00
297.250000,9.9797554631e-04,1.6094128956e+00
297.300000,9.9891558222e-04,1.5764639371e+00
297.350000,1.0002238598e-03,1.5878325090e+00
297.400000,9.9911010412e-04,1.5812444666e+00
297.450000,9.9951998124e-04,1.5702012293e+00
297.500000,9.9970512125e-04,1.5255044264e+00
297.550000,9.9803098413e-04,1.5567538197e+00
297.600000,1.0000404032e-03,1.6134868045e+00
297.650000,1.0005908813e-03,1.5965386614e+00
297.700000,9.9893485701e-04,1.5719995503e+00
297.750000,9.9984485615e-04,1.6313133353e+00
297.800000,1.0000574822e-03,1.6064656251e+00
297.850000,9.9987343583e-04,1.6284737595e+00
297.900000,9.9916700255e-04,1.6634731661e+00
297.950000,9.9991968176e-04,1.6431117793e+00
298.000000,1.0025432033e-03,1.6041559220e+00
298.050000,1.0002692570e-03,1.6215963493e+00
298.100000,9.9989817413e-04,1.5965275868e+00
298.150000,1.0019627401e-03,1.6284607188e+00
298.200000,1.0007131484e-03,1.5719530446e+00
298.250000,1.0014444764e-03,1.5695711705e+00
298.300000,1.0001272057e-03,1.5769584288e+00
298.350000,9.9976591160e-04,1.6413191034e+00
298.400000,1.0009213758e-03,1.5685534831e+00
298.450000,1.0007787979e-03,1.5909254347e+00
298.500000,9.9999647551e-04,1.5445952086e+00
298.550000,9.9870584300e-04,1.5711059934e+00
298.600000,1.0000369708e-03,1.5757601705e+00
298.650000,1.0007899641e-03,1.6200301845e+00
298.700000,9.9968456595e-04,1.6067325848e+00
298.750000,1.0000379092e-03,1.6225860629e+00
298.800000,9.9952114364e-04,1.5856074891e+00
298.850000,9.9851196742e-04,1.5326650468e+00
298.900000,1.0004340289e-03,1.5374970334e+00
298.950000,1.0011667803e-03,1.6109157097e+00
299.000000,9.9998143044e-04,1.5787070705e+00
299.050000,9.9769930571e-04,1.5865145215e+00
299.100000,1.0015888882e-03,1.5506211638e+00
299.150000,9.9937996543e-04,1.5776140930e+00
299.200000,1.0004482289e-03,1.5768085157e+00
299.250000,1.0013250303e-03,1.6756335965e+00
299.300000,1.0013259251e-03,1.5880383586e+00
299.350000,9.9831925169e-04,1.6031409240e+00
299.400000,1.0014586558e-03,1.6215270874e+00
299.450000,9.9738143537e-04,1.6523657996e+00
299.500000,9.9968889996e-04,1.5850320759e+00
299.550000,9.9822962066e-04,1.6263439629e+00
299.600000,9.9927765913e-04,1.6103509605e+00
299.650000,9.9941102548e-04,1.6266966948e+00
299.700000,9.9948985554e-04,1.5661356513e+00
299.750000,1.0002953774e-03,1.6284102792e+00
299.800000,1.0006043533e-03,1.5935225741e+00
299.850000,1.0024370293e-03,1.6532295712e+00
299.900000,9.9892588435e-04,1.6417613089e+00
299.950000,9.9949228704e-04,1.5692239555e+00
300.000000,9.9750239808e-04,1.5992803219e+00
300.050000,1.0002017135e-03,1.6282747639e+00
300.100000,9.9940911827e-04,1.6042186389e+00
300.150000,1.0009833649e-03,1.6285129243e+00
300.200000,9.9948229640e-04,1.5635030333e+00
300.250000,9.9894460508e-04,1.5934511317e+00
300.300000,1.0010376539e-03,1.5542125722e+00
300.350000,1.0012977966e-03,1.5337193757e+00
300.400000,1.0007864016e-03,1.5908836191e+00
300.450000,9.9929603391e-04,1.6138197740e+00
300.500000,1.0011806983e-03,1.5706223205e+00
300.550000,9.9975967855e-04,1.5738478228e+00
300.600000,1.0003465553e-03,1.5680781849e+00
300.650000,9.9969065424e-04,1.6289729837e+00
300.700000,1.0003214595e-03,1.6194568712e+00
300.750000,1.0021013504e-03,1.5727246156e+00
300.800000,1.0004640276e-03,1.5663011256e+00
300.850000,1.0007474366e-03,1.6481087181e+00
300.900000,9.9866118028e-04,1.5732510922e+00
300.950000,1.0004503718e-03,1.6284554321e+00
301.000000,1.0007139076e-03,1.5352177689e+00
301.050000,9.9961896552e-04,1.6055186855e+00
301.100000,9.9833801660e-04,1.5894048073e+00
301.150000,1.0006385302e-03,1.5996557051e+00
301.200000,9.9947780025e-04,1.5591906311e+00
301.250000,1.0010499355e-03,1.6404356855e+00
301.300000,1.0001083685e-03,1.6139761453e+00
301.350000,1.0000501095e-03,1.5458260541e+00
301.400000,9.9773588236e-04,1.5927994499e+00
301.450000,1.0001307619e-03,1.6440385310e+00
301.500000,9.9896544611e-04,1.5977479609e+00
301.550000,1.0006020992e-03,1.5786332902e+00
301.600000,1.0007530416e-03,1.6468089030e+00
301.650000,9.9940049640e-04,1.5805682649e+00
301.700000,1.0012877340e-03,1.6195671916e+00
301.750000,9.9916029702e-04,1.6568174253e+00
301.800000,9.9962293470e-04,1.6020943233e+00
301.850000,1.0007674252e-03,1.6069816220e+00
301.900000,1.0005839675e-03,1.6203384243e+00
301.950000,1.0004883497e-03,1.5898420045e+00
302.000000,9.9863547292e-04,1.6612989034e+00
302.050000,1.0001103955e-03,1.5968310438e+00
302.100000,9.9956323830e-04,1.5612937348e+00
302.150000,1.0013997387e-03,1.5890916976e+00
302.200000,1.0004434237e-03,1.5504062260e+00
302.250000,1.0004506740e-03,1.6024702421e+00
302.300000,1.0003918173e-03,1.5256038683e+00
302.350000,9.9945486376e-04,1.6064018086e+00
302.400000,1.0004402318e-03,1.6007259669e+00
302.450000,1.0001352683e-03,1.6036487530e+00
302.500000,1.0009563018e-03,1.5631613620e+00
302.550000,9.9959870853e-04,1.6249389695e+00
302.600000,1.0004879484e-03,1.5876618798e+00
302.650000,9.9973393471e-04,1.5671459978e+00
302.700000,1.0005749123e-03,1.5950326837e+00
302.750000,9.9989733159e-04,1.6210099672e+00
302.800000,9.9845610757e-04,1.6045758426e+00
302.850000,1.0008129172e-03,1.5379633575e+00
302.900000,1.0001642439e-03,1.5981773894e+00
302.950000,1.0002546003e-03,1.5949491118e+00
303.000000,1.0006281307e-03,1.6238964032e+00
303.050000,1.0004973678e-03,1.5256613840e+00
303.100000,1.0003003034e-03,1.5560875255e+00
303.150000,1.0003563879e-03,1.5612526889e+00
303.200000,1.0009463442e-03,1.6853052811e+00
303.250000,1.0004414451e-03,1.5986048577e+00
303.300000,9.9788152550e-04,1.6012124024e+00
303.350000,1.0001590126e-03,1.6025106336e+00
303.400000,9.9941835100e-04,1.6361506533e+00
303.450000,9.9870581990e-04,1.6203485322e+00
303.500000,1.0011898844e-03,1.6208010850e+00
303.550000,9.9869749883e-04,1.6126414657e+00
303.600000,9.9868972321e-04,1.6404685559e+00
303.650000,1.0003901304e-03,1.6663215391e+00
303.700000,1.0010329425e-03,1.5914433732e+00
303.750000,9.9978541842e-04,1.5598343554e+00
303.800000,1.0001763714e-03,1.5416579689e+00
303.850000,9.9909828539e-04,1.5672835331e+00
303.900000,1.0015405238e-03,1.6120197837e+00
303.950000,1.0001252581e-03,1.5717805293e+00
304.000000,9.9922926585e-04,1.6508513932e+00
304.050000,1.0008723175e-03,1.5897648806e+00
304.100000,1.0015016423e-03,1.5703951115e+00
304.150000,1.0022251755e-03,1.6257320969e+00
304.200000,9.9889151927e-04,1.6277618102e+00
304.250000,9.9893217711e-04,1.5825170623e+00
304.300000,9.9937329297e-04,1.6014347526e+00
304.350000,1.0006353473e-03,1.5919123642e+00
304.400000,9.9763127167e-04,1.6288921010e+00
304.450000,1.0010563140e-03,1.5501275792e+00
304.500000,1.0000516895e-03,1.5969471804e+00
304.550000,9.9993440394e-04,1.6030759011e+00
304.600000,9.9947527227e-04,1.6164536572e+00
304.650000,9.9957896023e-04,1.6506722231e+00
304.700000,9.9971362665e-04,1.5889416525e+00
304.750000,1.0015316025e-03,1.6129935776e+00
304.800000,1.0011048816e-03,1.5912785559e+00
304.850000,1.0005294509e-03,1.6614713458e+00
304.900000,9.9912399641e-04,1.6409498784e+00
304.950000,9.9961920689e-04,1.5943957660e+00
305.000000,9.9949832872e-04,1.6024317536e+00
305.050000,1.0014919055e-03,1.6152367538e+00
305.100000,9.9923056380e-04,1.5842668592e+00
305.150000,9.9795060773e-04,1.5873506552e+00
305.200000,9.9966375803e-04,1.6563706790e+00
305.250000,9.9956075680e-04,1.5906844112e+00
305.300000,9.9750980269e-04,1.5632556334e+00
305.350000,1.0000270972e-03,1.5817303608e+00
305.400000,9.9932416254e-04,1.6202935175e+00
305.450000,1.0011039675e-03,1.5851197615e+00
305.500000,1.0003747011e-03,1.5335979263e+00
305.550000,9.9900123290e-04,1.5748425022e+00
305.600000,9.9999273794e-04,1.5698231928e+00
305.650000,1.0006348253e-03,1.5980738525e+00
305.700000,9.9915927803e-04,1.6179539402e+00
305.750000,9.9971425205e-04,1.5938183018e+00
305.800000,9.9990133249e-04,1.5854380725e+00
305.850000,9.9948850062e-04,1.5782415554e+00
305.900000,9.9989365148e-04,1.5943935286e+00
305.950000,9.9982055036e-04,1.5644444251e+00
306.000000,1.0006211575e-03,1.5660102325e+00
306.050000,1.0001878353e-03,1.6002945243e+00
306.100000,1.0011568879e-03,1.6429993469e+00
306.150000,1.0009076633e-03,1.6023034627e+00
306.200000,1.0001683487e-03,1.5508014250e+00
306.250000,9.9953985912e-04,1.6281561427e+00
306.300000,9.9988563528e-04,1.5731155559e+00
306.350000,9.9930438733e-04,1.5585745100e+00
306.400000,1.0002179973e-03,1.5696413549e+00
306.450000,9.9967938782e-04,1.5576370451e+00
306.500000,1.0002313208e-03,1.6026272788e+00
306.550000,1.0003883623e-03,1.6120061803e+00
306.600000,1.0002680075e-03,1.6033479449e+00
306.650000,9.9969671953e-04,1.6467379141e+00
306.700000,1.0002195594e-03,1.5766642820e+00
306.750000,1.0019836612e-03,1.5957007827e+00
306.800000,1.0021052565e-03,1.6135907878e+00
306.850000,9.9958359134e-04,1.5829660816e+00
306.900000,1.0006145409e-03,1.6130193799e+00
306.950000,9.9984123169e-04,1.5626639136e+00
307.000000,1.0027680800e-03,1.6631631250e+00
307.050000,9.9988431989e-04,1.6172734215e+00
307.100000,1.0000360712e-03,1.5987171897e+00
307.150000,1.0016463309e-03,1.5866022179e+00
307.200000,9.9992763968e-04,1.6204354514e+00
307.250000,1.0020169008e-03,1.6398780023e+00
307.300000,9.9909703275e-04,1.5729565477e+00
307.350000,1.0006572691e-03,1.5394111026e+00
307.400000,9.9979998251e-04,1.6174722667e+00
307.450000,1.0000845612e-03,1.5939615614e+00
307.500000,9.9994226073e-04,1.5731124193e+00
307.550000,1.0011959075e-03,1.6149752180e+00
307.600000,9.9965496804e-04,1.5995704966e+00
307.650000,1.0004337883e-03,1.6463183895e+00
307.700000,1.0001301237e-03,1.6615631424e+00
307.750000,1.0007946226e-03,1.5616003784e+00
307.800000,1.0001483050e-03,1.6246950347e+00
307.850000,1.0009580483e-03,1.6379527116e+00
307.900000,1.0012384642e-03,1.5912317816e+00
307.950000,9.9941009222e-04,1.5735912163e+00
308.000000,1.0008053722e-03,1.6389032683e+00
308.050000,1.0001611228e-03,1.5864127103e+00
308.100000,1.0003360884e-03,1.6368244244e+00
308.150000,9.9773876429e-04,1.6261355488e+00
308.200000,9.9895784396e-04,1.5833369634e+00
308.250000,1.0010832170e-03,1.6254175945e+00
308.300000,9.9976527389e-04,1.5965782742e+00
308.350000,1.0007515015e-03,1.6437794805e+00
308.400000,1.0014731857e-03,1.6377465968e+00
308.450000,1.0009469474e-03,1.6100747445e+00
308.500000,1.0001737240e-03,1.5893579032e+00
308.550000,1.0004951414e-03,1.7039516025e+00
308.600000,1.0001169134e-03,1.5714866073e+00
308.650000,9.9959901729e-04,1.6790646045e+00
308.700000,1.0006558557e-03,1.6100726588e+00
308.750000,9.9993590944e-04,1.6018505960e+00
308.800000,9.9920392948e-04,1.5840718335e+00
308.850000,1.0005519440e-03,1.6023425986e+00
308.900000,1.0010418168e-03,1.5983558086e+00
308.950000,9.9938680855e-04,1.5643436264e+00
309.000000,9.9969770451e-04,1.5642774656e+00
309.050000,9.9946792275e-04,1.6152749467e+00
309.100000,1.0021047028e-03,1.6045645229e+00
309.150000,9.9969150203e-04,1.5510668991e+00
309.200000,9.9949693885e-04,1.6122862332e+00
309.250000,1.0010687508e-03,1.5851281699e+00
309.300000,1.0019625503e-03,1.5919488041e+00
309.350000,1.0004383797e-03,1.6065483780e+00
309.400000,9.9987697598e-04,1.6402789236e+00
309.450000,9.9996552482e-04,1.6648956470e+00
309.500000,1.0005465049e-03,1.6074409272e+00
309.550000,9.9977833103e-04,1.5735084570e+00
309.600000,1.0005246403e-03,1.6326065976e+00
309.650000,1.0005019457e-03,1.5886122812e+00
309.700000,9.9988851649e-04,1.5663352064e+00
309.750000,9.9932700102e-04,1.5340880455e+00
309.800000,1.0006395446e-03,1.6136169141e+00
309.850000,9.9904418448e-04,1.6275169167e+00
309.900000,9.9944510474e-04,1.5847270159e+00
309.950000,1.0010787138e-03,1.5665688357e+00
310.000000,9.9964049731e-04,1.5788508982e+00
310.050000,1.0012460355e-03,1.6397950081e+00
310.100000,1.0003555994e-03,1.6109684980e+00
310.150000,1.0018050553e-03,1.5804728772e+00
310.200000,1.0005398114e-03,1.5467510760e+00
310.250000,9.9986719300e-04,1.6190643358e+00
310.300000,9.9998380219e-04,1.6092938817e+00
310.350000,1.0004158300e-03,1.6340299625e+00
310.400000,9.9792345012e-04,1.5675045311e+00
310.450000,9.9993341744e-04,1.5835463196e+00
310.500000,1.0005565317e-03,1.6063823833e+00
310.550000,1.0004863048e-03,1.5593330495e+00
310.600000,1.0013168141e-03,1.6129358642e+00
310.650000,9.9946347387e-04,1.6331336341e+00
310.700000,9.9940071217e-04,1.5863876649e+00
310.750000,9.9944499611e-04,1.5988484789e+00
310.800000,9.9992990006e-04,1.5873107964e+00
310.850000,9.9808661715e-04,1.5804715328e+00
310.900000,1.0006783992e-03,1.6332279540e+00
310.950000,1.0007420515e-03,1.6600322079e+00
311.000000,9.9820730641e-04,1.6148667546e+00
311.050000,1.0012199585e-03,1.5932742926e+00
311.100000,1.0009604534e-03,1.5495060478e+00
311.150000,1.0012926052e-03,1.6006481981e+00
311.200000,9.9988843732e-04,1.6016856305e+00
311.250000,1.0014419411e-03,1.6483042037e+00
311.300000,9.9873626319e-04,1.5799756544e+00
311.350000,9.9871696625e-04,1.6017338586e+00
311.400000,9.9885446229e-04,1.6355845084e+00
311.450000,9.9828241063e-04,1.5788753544e+00
311.500000,1.0005049488e-03,1.6476563515e+00
311.550000,1.0010532377e-03,1.5956672976e+00
311.600000,1.0010584432e-03,1.6065422632e+00
311.650000,9.9984184449e-04,1.5880055812e+00
311.700000,1.0004822093e-03,1.5991955908e+00
311.750000,1.0023722837e-03,1.5517625562e+00
311.800000,9.9887348364e-04,1.5936484627e+00
311.850000,9.9996480830e-04,1.6064122348e+00
311.900000,1.0002964282e-03,1.6091826606e+00
311.950000,9.9906078799e-04,1.6486318888e+00
312.000000,1.0003980968e-03,1.6120060393e+00
312.050000,9.9963480070e-04,1.5623945997e+00
312.100000,1.0003437596e-03,1.5936791423e+00
312.150000,1.0009950083e-03,1.5989501821e+00
312.200000,1.0006852559e-03,1.6027380942e+00
312.250000,1.0013517578e-03,1.6130412488e+00
312.300000,9.9943517747e-04,1.6096591518e+00
312.350000,9.9869174292e-04,1.5664629781e+00
312.400000,1.0002248694e-03,1.5469364331e+00
312.450000,9.9994272130e-04,1.6377995379e+00
312.500000,9.9965147798e-04,1.5722695776e+00
312.550000,1.0013067407e-03,1.5967143008e+00
312.600000,1.0011406085e-03,1.6116937284e+00
312.650000,1.0001776747e-03,1.6309861939e+00
312.700000,1.0022110393e-03,1.5965691243e+00
312.750000,9.9947135808e-04,1.6564402485e+00
312.800000,9.9942300816e-04,1.5792217312e+00
312.850000,9.9930831182e-04,1.5768134753e+00
312.900000,9.9884940716e-04,1.6665541267e+00
312.950000,9.9993469641e-04,1.6006532754e+00
313.000000,1.0004662770e-03,1.6071205200e+00
313.050000,1.0003087941e-03,1.6162921813e+00
313.100000,9.9893294723e-04,1.5919188726e+00
313.150000,1.0004953720e-03,1.6039511756e+00
313.200000,1.0005323470e-03,1.6218158558e+00
313.250000,9.9930408906e-04,1.5735228102e+00
313.300000,1.0006729930e-03,1.5504886041e+00
313.350000,1.0001863305e-03,1.5762528110e+00
313.400000,9.9897967581e-04,1.5802987615e+00
313.450000,1.0011666973e-03,1.5706793730e+00
313.500000,9.9964621099e-04,1.6151456766e+00
313.550000,9.9886528737e-04,1.6226251045e+00
313.600000,9.9992248102e-04,1.5575334477e+00
313.650000,1.0012049700e-03,1.6514307372e+00
313.700000,1.0005200165e-03,1.6297286664e+00
313.750000,1.0011124328e-03,1.5818523164e+00
313.800000,9.9988548008e-04,1.6092221283e+00
313.850000,1.0000548761e-03,1.6089882963e+00
313.900000,9.9966696290e-04,1.5520401272e+00
313.950000,1.0005520200e-03,1.5472544624e+00
314.000000,9.9933674584e-04,1.6009467804e+00
314.050000,9.9971236583e-04,1.5888287656e+00
314.100000,1.0001681191e-03,1.6190321807e+00
314.150000,9.9794374868e-04,1.5517307955e+00
314.200000,1.0001587370e-03,1.6308397554e+00
314.250000,9.9861219890e-04,1.6136599541e+00
314.300000,9.9944505390e-04,1.6159477617e+00
314.350000,1.0001385028e-03,1.5822162702e+00
314.400000,9.9994328753e-04,1.5819582010e+00
314.450000,1.0001158926e-03,1.6058443011e+00
314.500000,9.9990900761e-04,1.5732025606e+00
314.550000,1.0018274053e-03,1.5859044456e+00
314.600000,9.9961156969e-04,1.6338334066e+00
314.650000,9.9979658155e-04,1.5703830111e+00
314.700000,9.9926657943e-04,1.6532530172e+00
314.750000,9.9688678837e-04,1.5863184844e+00
314.800000,1.0009945714e-03,1.6129749198e+00
314.850000,1.0021531308e-03,1.6073405216e+00
314.900000,9.9951556563e-04,1.5168092654e+00
314.950000,9.9970727756e-04,1.5460804675e+00
315.000000,1.0002621645e-03,1.6544723956e+00
315.050000,1.0003893263e-03,1.5686023634e+00
315.100000,1.0020321335e-03,1.6385241568e+00
315.150000,1.0003178209e-03,1.5786704668e+00
315.200000,9.9967926909e-04,1.5700600446e+00
315.250000,9.9945186800e-04,1.6177441488e+00
315.300000,9.9937345264e-04,1.5676425284e+00
315.350000,9.9993775848e-04,1.5922792884e+00
315.400000,1.0001591474e-03,1.6145653366e+00
315.450000,9.9897427062e-04,1.5844389708e+00
315.500000,1.0012396321e-03,1.6109750239e+00
315.550000,1.0000278030e-03,1.5422214851e+00
315.600000,1.0002130427e-03,1.5802646684e+00
315.650000,9.9897918851e-04,1.5848643564e+00
315.700000,9.9937303402e-04,1.6214870840e+00
315.750000,1.0014053093e-03,1.5967530500e+00
315.800000,1.0015407917e-03,1.5754758978e+00
315.850000,9.9997241108e-04,1.6250651615e+00
315.900000,1.0009558214e-03,1.5699786125e+00
315.950000,9.9967836134e-04,1.5901370995e+00
316.000000,9.9902192570e-04,1.5835283398e+00
316.050000,9.9990865203e-04,1.6772129206e+00
316.100000,1.0008127526e-03,1.5789597830e+00
316.150000,1.0007565181e-03,1.6111812440e+00
316.200000,9.9966805322e-04,1.6147904600e+00
316.250000,9.9939659477e-04,1.5636632834e+00
316.300000,9.9932551174e-04,1.5818085965e+00
316.350000,9.9984481193e-04,1.6596971055e+00
316.400000,9.9950177307e-04,1.6369022883e+00
316.450000,9.9946685677e-04,1.6249965470e+00
316.500000,9.9950649825e-04,1.6200389656e+00
316.550000,1.0001722722e-03,1.6285780044e+00
316.600000,9.9896084322e-04,1.6173301497e+00
316.650000,1.0000958730e-03,1.6224521123e+00
316.700000,1.0004833224e-03,1.6045886713e+00
316.750000,9.9916540944e-04,1.5942381197e+00
316.800000,9.9987840038e-04,1.6520047927e+00
316.850000,1.0020770965e-03,1.6084168817e+00
316.900000,1.0006299766e-03,1.6291989975e+00
316.950000,9.9947389551e-04,1.6345484159e+00
317.000000,9.9998835733e-04,1.6121258598e+00
317.050000,1.0012345924e-03,1.5750683704e+00
317.100000,9.9864086626e-04,1.5632003361e+00
317.150000,1.0015215989e-03,1.6455576700e+00
317.200000,1.0002982574e-03,1.6397735427e+00
317.250000,9.9839262442e-04,1.6276042624e+00
317.300000,1.0000004503e-03,1.6257941948e+00
317.350000,9.9927867526e-04,1.6224240325e+00
317.400000,9.9974583792e-04,1.6166093109e+00
317.450000,9.9869907569e-04,1.6078435065e+00
317.500000,9.9941821626e-04,1.6159807061e+00
317.550000,9.9927293078e-04,1.5956099741e+00
317.600000,1.0008404799e-03,1.5950437209e+00
317.650000,9.9968532456e-04,1.6046556296e+00
317.700000,1.0003336952e-03,1.5667737260e+00
317.750000,9.9993045465e-04,1.6069072881e+00
317.800000,1.0008269202e-03,1.6247443220e+00
317.850000,9.9978900066e-04,1.6273095637e+00
317.900000,9.9895556604e-04,1.6448308966e+00
317.950000,9.9923393224e-04,1.5255474724e+00
318.000000,1.0008209892e-03,1.6370719050e+00
318.050000,9.9991981244e-04,1.6107731889e+00
318.100000,1.0012841350e-03,1.6421771378e+00
318.150000,9.9997514721e-04,1.6224719226e+00
318.200000,9.9951674434e-04,1.6202017951e+00
318.250000,9.9937327039e-04,1.6070984152e+00
318.300000,9.9921340142e-04,1.5700517911e+00
318.350000,1.0011820335e-03,1.6155875365e+00
318.400000,9.9886228197e-04,1.5296164729e+00
318.450000,1.0012375648e-03,1.6200376079e+00
318.500000,9.9884709898e-04,1.5873591521e+00
318.550000,1.0001390739e-03,1.5823365961e+00
318.600000,9.9875882474e-04,1.6700218790e+00
318.650000,1.0004142634e-03,1.6100207224e+00
318.700000,1.0011432674e-03,1.5933656375e+00
318.750000,1.0015242495e-03,1.5442894315e+00
318.800000,9.9981482154e-04,1.6288785738e+00
318.850000,1.0007544471e-03,1.6046092083e+00
318.900000,9.9903803446e-04,1.6028978474e+00
318.950000,9.9994539919e-04,1.5884361818e+00
319.000000,1.0016717529e-03,1.6007349493e+00
319.050000,1.0002625214e-03,1.6298237920e+00
319.100000,1.0000272646e-03,1.5870991259e+00
319.150000,9.9871714276e-04,1.5823596899e+00
319.200000,1.0001923717e-03,1.6495847278e+00
319.250000,9.9890163939e-04,1.5767894058e+00
319.300000,9.9883381763e-04,1.5843996623e+00
319.350000,9.9974259322e-04,1.6287485534e+00
319.400000,1.0025342769e-03,1.6006936249e+00
319.450000,9.9947331125e-04,1.6406417019e+00
319.500000,1.0002080592e-03,1.5734277980e+00
319.550000,1.0016176596e-03,1.6184419174e+00
319.600000,9.9767661481e-04,1.5983018359e+00
319.650000,9.9980152929e-04,1.6383202281e+00
319.700000,9.9885088665e-04,1.5748426220e+00
319.750000,9.9927979138e-04,1.6125415234e+00
319.800000,1.0003218624e-03,1.5683548589e+00
319.850000,9.9946375008e-04,1.6142696969e+00
319.900000,9.9957568738e-04,1.5957163752e+00
319.950000,9.9888281278e-04,1.6818084396e+00
320.000000,9.9914027962e-04,1.6403998891e+00
320.050000,1.0006720600e-03,1.6186375321e+00
320.100000,1.0002342805e-03,1.6113674129e+00
320.150000,1.0014489072e-03,1.5990749007e+00
320.200000,9.9952404063e-04,1.5900528353e+00
320.250000,1.0001433593e-03,1.6054839431e+00
320.300000,9.9888805052e-04,1.5588668377e+00
320.350000,1.0009046821e-03,1.6127655503e+00
320.400000,9.9937567157e-04,1.6075257454e+00
320.450000,1.0018401647e-03,1.5764266541e+00
320.500000,1.0000824576e-03,1.6109267466e+00
320.550000,9.9836232117e-04,1.6544759463e+00
320.600000,9.9973388934e-04,1.6107535514e+00
320.650000,1.0010921679e-03,1.6490082355e+00
320.700000,1.0002124663e-03,1.5605563311e+00
320.750000,9.9823852602e-04,1.6281373349e+00
320.800000,9.9730025891e-04,1.6343329666e+00
320.850000,9.9913132429e-04,1.5736741603e+00
320.900000,1.0005200463e-03,1.5600563008e+00
320.950000,9.9923843782e-04,1.6302641022e+00
321.000000,1.0003870137e-03,1.6362125741e+00
321.050000,1.0000998847e-03,1.6159923133e+00
321.100000,9.9996069622e-04,1.6123655318e+00
321.150000,1.0010056701e-03,1.6465054954e+00
321.200000,9.9896644906e-04,1.6416803145e+00
321.250000,1.0000760696e-03,1.5796346241e+00
321.300000,9.9923547508e-04,1.5779676173e+00
321.350000,1.0000574455e-03,1.5859212336e+00
321.400000,9.9907048798e-04,1.5286025311e+00
321.450000,1.0010705604e-03,1.5843072761e+00
321.500000,9.9908437457e-04,1.5760744398e+00
321.550000,9.9658345156e-04,1.6169426151e+00
321.600000,1.0005339137e-03,1.6609326589e+00
321.650000,9.9988718639e-04,1.6283126824e+00
321.700000,9.9973684056e-04,1.5948649518e+00
321.750000,1.0006560898e-03,1.6459587303e+00
321.800000,1.0020619827e-03,1.6122440696e+00
321.850000,9.9937787492e-04,1.5846758645e+00
321.900000,1.0011528976e-03,1.6114832014e+00
321.950000,1.0018960798e-03,1.5942084150e+00
322.000000,9.9895534572e-04,1.5977684818e+00
322.050000,9.9766065676e-04,1.5462756982e+00
322.100000,9.9974298815e-04,1.6204715795e+00
322.150000,1.0001329669e-03,1.6156173947e+00
322.200000,9.9905166670e-04,1.5714166577e+00
322.250000,1.0000712274e-03,1.6456447779e+00
322.300000,9.9840318590e-04,1.5653324276e+00
322.350000,1.0014070690e-03,1.5636178522e+00
322.400000,1.0019164174e-03,1.6089341529e+00
322.450000,1.0006541562e-03,1.5791447684e+00
322.500000,9.9954513440e-04,1.5801717611e+00
322.550000,9.9948145679e-04,1.5993630975e+00
322.600000,9.9797367125e-04,1.6587281126e+00
322.650000,9.9864372074e-04,1.5781879007e+00
322.700000,9.9856943301e-04,1.6299354786e+00
322.750000,9.9961054343e-04,1.5876003942e+00
322.800000,9.9923043481e-04,1.6453364702e+00
322.850000,9.9834127994e-04,1.5692602181e+00
322.900000,9.9954319346e-04,1.5781790575e+00
322.950000,1.0017091715e-03,1.5942654265e+00
323.000000,9.9974898673e-04,1.5457852291e+00
323.050000,9.9968468565e-04,1.5982633639e+00
323.100000,1.0003818321e-03,1.5990270752e+00
323.150000,1.0007840043e-03,1.6180536392e+00
323.200000,1.0009071362e-03,1.6177012796e+00
323.250000,1.0004332515e-03,1.5933409502e+00
323.300000,1.0018714589e-03,1.5946938870e+00
323.350000,9.9971566260e-04,1.6167558326e+00
323.400000,9.9826959248e-04,1.5627232016e+00
323.450000,1.0017443448e-03,1.5690955705e+00
323.500000,9.9953443475e-04,1.6457560526e+00
323.550000,1.0001644139e-03,1.6482352022e+00
323.600000,1.0000339916e-03,1.5682187671e+00
323.650000,1.0001869602e-03,1.5670994328e+00
323.700000,1.0006936677e-03,1.6056598583e+00
323.750000,1.0013116310e-03,1.6463819658e+00
323.800000,1.0000129729e-03,1.6480695667e+00
323.850000,9.9877784094e-04,1.6266897830e+00
323.900000,9.9959868650e-04,1.5847616796e+00
323.950000,1.0004520919e-03,1.6421768460e+00
324.000000,9.9957795353e-04,1.5939157928e+00
324.050000,9.9962905196e-04,1.6085173528e+00
324.100000,1.0002929383e-03,1.5932594545e+00
324.150000,1.0007255804e-03,1.6017461060e+00
324.200000,9.9996203195e-04,1.5389548874e+00
324.250000,9.9924218216e-04,1.6065547126e+00
324.300000,1.0013926804e-03,1.6380267324e+00
324.350000,1.0005185805e-03,1.5944249298e+00
324.400000,9.9984794803e-04,1.6050209858e+00
324.450000,1.0008731689e-03,1.6459216325e+00
324.500000,9.9993626364e-04,1.5619154103e+00
324.550000,9.9931212768e-04,1.6596815757e+00
324.600000,1.0004676057e-03,1.5967483083e+00
324.650000,1.0000519491e-03,1.5825206066e+00
324.700000,9.9909754624e-04,1.5802859822e+00
324.750000,9.9903945549e-04,1.5484561493e+00
324.800000,1.0000625096e-03,1.5974106553e+00
324.850000,1.0007377586e-03,1.6009335127e+00
324.900000,1.0004255564e-03,1.5335995026e+00
324.950000,1.0006894571e-03,1.6109190042e+00
325.000000,9.9880970665e-04,1.5489500907e+00
325.050000,9.9925890846e-04,1.6524693077e+00
325.100000,9.9941310785e-04,1.6322536309e+00
325.150000,1.0000589308e-03,1.5678199155e+00
325.200000,1.0002567154e-03,1.6090627434e+00
325.250000,1.0005092475e-03,1.6285111721e+00
325.300000,1.0003312939e-03,1.6366321454e+00
325.350000,9.9964758869e-04,1.6189628407e+00
325.400000,9.9908679703e-04,1.6021753831e+00
325.450000,1.0014901633e-03,1.5605916048e+00
325.500000,1.0007519607e-03,1.6022856864e+00
325.550000,9.9889969308e-04,1.6261280742e+00
325.600000,1.0015488798e-03,1.5874693237e+00
325.650000,9.9902520589e-04,1.5662384120e+00
325.700000,9.9972260340e-04,1.5642433582e+00
325.750000,9.9937200939e-04,1.6127385960e+00
325.800000,1.0003876042e-03,1.6388517313e+00
325.850000,9.9778409915e-04,1.6209486143e+00
325.900000,9.9828734709e-04,1.5757155533e+00
325.950000,1.0011622897e-03,1.5302027509e+00
326.000000,1.0014506808e-03,1.6035982794e+00
326.050000,9.9884868648e-04,1.5700248481e+00
326.100000,1.0005450436e-03,1.6105280100e+00
326.150000,1.0002119851e-03,1.6248338298e+00
326.200000,9.9973305092e-04,1.6649447819e+00
326.250000,9.9965217630e-04,1.5587712046e+00
326.300000,9.9897771745e-04,1.6056149069e+00
326.350000,1.0014626186e-03,1.5648391330e+00
326.400000,1.0002000904e-03,1.5776070385e+00
326.450000,9.9948203585e-04,1.6556050305e+00
326.500000,9.9931910142e-04,1.6411211000e+00
326.550000,1.0002521478e-03,1.5917854047e+00
326.600000,1.0003194421e-03,1.6227081061e+00
326.650000,1.0007811626e-03,1.5425306354e+00
326.700000,1.0006965991e-03,1.6094602261e+00
326.750000,1.0010604756e-03,1.5460594483e+00
326.800000,1.0003803968e-03,1.6042447650e+00
326.850000,9.9801553055e-04,1.5720191799e+00
326.900000,1.0003306279e-03,1.6049520605e+00
326.950000,1.0002623172e-03,1.6353814835e+00
327.000000,1.0000988212e-03,1.5724746302e+00
327.050000,1.0010054995e-03,1.6316615405e+00
327.100000,9.9954585986e-04,1.5601693631e+00
327.150000,1.0000528037e-03,1.5808785553e+00
327.200000,1.0011319917e-03,1.6182164824e+00
327.250000,9.9953908193e-04,1.6196710033e+00
327.300000,9.9907278207e-04,1.6428542325e+00
327.350000,1.0001382726e-03,1.5984675476e+00
327.400000,9.9849407356e-04,1.5575402805e+00
327.450000,9.9991395583e-04,1.5928727521e+00
327.500000,1.0019178920e-03,1.5788454156e+00
327.550000,9.9913534391e-04,1.6130428497e+00
327.600000,1.0000959880e-03,1.6450055710e+00
327.650000,1.0003049946e-03,1.5518047377e+00
327.700000,1.0006412145e-03,1.5659976747e+00
327.750000,1.0005304740e-03,1.6274725532e+00
327.800000,9.9992911241e-04,1.5646779164e+00
327.850000,1.0003814498e-03,1.6142181974e+00
327.900000,9.9931608901e-04,1.5550723852e+00
327.950000,9.9946914837e-04,1.6243222498e+00
328.000000,9.9953849729e-04,1.6419899684e+00
328.050000,9.9966226735e-04,1.6801412230e+00
328.100000,1.0009798446e-03,1.6137637419e+00
328.150000,9.9892556910e-04,1.5822921736e+00
328.200000,9.9964310961e-04,1.6201907871e+00
328.250000,9.9961857814e-04,1.5815769969e+00
328.300000,9.9945639266e-04,1.5914714550e+00
328.350000,1.0004462718e-03,1.5762593331e+00
328.400000,1.0014378986e-03,1.5693145508e+00
328.450000,1.0004384525e-03,1.6081579869e+00
328.500000,1.0015774162e-03,1.6120751268e+00
328.550000,1.0017065698e-03,1.5789561199e+00
328.600000,1.0000316242e-03,1.6274523240e+00
328.650000,1.0007333452e-03,1.5901521868e+00
328.700000,1.0004345738e-03,1.6252637149e+00
328.750000,9.9958454615e-04,1.6171510656e+00
328.800000,1.0008813357e-03,1.6392787496e+00
328.850000,1.0015049857e-03,1.6560385201e+00
328.900000,1.0016027318e-03,1.5779145039e+00
328.950000,9.9886178460e-04,1.6173403769e+00
329.000000,9.9968149015e-04,1.6035305702e+00
329.050000,9.9839145550e-04,1.5469892299e+00
329.100000,1.0000518381e-03,1.5774564183e+00
329.150000,9.9985049330e-04,1.6523886968e+00
329.200000,9.9978067808e-04,1.5647185740e+00
329.250000,9.9992440536e-04,1.5742448546e+00
329.300000,1.0003031429e-03,1.6114548475e+00
329.350000,9.9924655532e-04,1.5966102620e+00
329.400000,9.9970289627e-04,1.5901858898e+00
329.450000,1.0002156299e-03,1.5652526654e+00
329.500000,1.0008956242e-03,1.5887582729e+00
329.550000,9.9933310577e-04,1.5687934026e+00
329.600000,9.9931848053e-04,1.5715790117e+00
329.650000,1.0005567526e-03,1.6489769230e+00
329.700000,1.0001138181e-03,1.5380996662e+00
329.750000,9.9967104392e-04,1.5755951470e+00
329.800000,9.9785171432e-04,1.6118787868e+00
329.850000,9.9993630929e-04,1.5858125714e+00
329.900000,1.0001761548e-03,1.6444453506e+00
329.950000,1.0004953014e-03,1.5785396340e+00
330.000000,1.0000481288e-03,1.6257650793e+00
330.050000,9.9896536511e-04,1.5297682698e+00
330.100000,1.0013974210e-03,1.5765581231e+00
330.150000,1.0007985342e-03,1.5646711195e+00
330.200000,1.0009868270e-03,1.6263147393e+00
330.250000,9.9881691002e-04,1.5635358997e+00
330.300000,9.9875276434e-04,1.6636875093e+00
330.350000,1.0009560709e-03,1.5972082027e+00
330.400000,1.0008724077e-03,1.5645797361e+00
330.450000,1.0006695462e-03,1.5818393965e+00
330.500000,1.0006234701e-03,1.5825993840e+00
330.550000,1.0000548913e-03,1.6471655843e+00
330.600000,1.0001628123e-03,1.6141619315e+00
330.650000,9.9939239754e-04,1.6078453464e+00
330.700000,9.9965268218e-04,1.6054818131e+00
330.750000,9.9886916836e-04,1.6119754120e+00
330.800000,9.9950337303e-04,1.5987244503e+00
330.850000,9.9821496162e-04,1.5946682306e+00
330.900000,9.9913558125e-04,1.5491066533e+00
330.950000,1.0018088704e-03,1.5942795572e+00
331.000000,1.0003265079e-03,1.5739547220e+00
331.050000,1.0003441095e-03,1.5921257420e+00
331.100000,1.0021580671e-03,1.5940849622e+00
331.150000,1.0015151363e-03,1.5912583374e+00
331.200000,9.9812885297e-04,1.6089897971e+00
331.250000,9.9997217824e-04,1.5811150187e+00
331.300000,1.0019314298e-03,1.5887679700e+00
331.350000,9.9902602385e-04,1.6170285958e+00
331.400000,1.0000053167e-03,1.6433333855e+00
331.450000,1.0000304118e-03,1.6534306325e+00
331.500000,1.0014107339e-03,1.6357034942e+00
331.550000,9.9923627226e-04,1.6466781419e+00
331.600000,9.9917369051e-04,1.5925576800e+00
331.650000,1.0004541493e-03,1.6132783961e+00
331.700000,9.9881488072e-04,1.5978307935e+00
331.750000,1.0004419604e-03,1.6449633512e+00
331.800000,9.9982099525e-04,1.5657247769e+00
331.850000,1.0011864988e-03,1.6008300421e+00
331.900000,9.9996024902e-04,1.6024282068e+00
331.950000,1.0001343783e-03,1.6215022579e+00
332.000000,9.9936890752e-04,1.5541599242e+00
332.050000,9.9877184261e-04,1.5914875550e+00
332.100000,9.9872232002e-04,1.6213549344e+00
332.150000,9.9994570883e-04,1.5948179836e+00
332.200000,9.9981879770e-04,1.6044999535e+00
332.250000,1.0012916725e-03,1.6004839587e+00
332.300000,1.0008372366e-03,1.5924105170e+00
332.350000,1.0000508537e-03,1.6108541750e+00
332.400000,1.0006089990e-03,1.5944063458e+00
332.450000,1.0000933968e-03,1.6191268222e+00
332.500000,1.0002277938e-03,1.5954738190e+00
332.550000,1.0003121574e-03,1.6072513616e+00
332.600000,9.9984638375e-04,1.6241638325e+00
332.650000,9.9998969792e-04,1.6251587681e+00
332.700000,9.9933367600e-04,1.5828985005e+00
332.750000,1.0002394775e-03,1.6093115305e+00
332.800000,1.0015528939e-03,1.5830191796e+00
332.850000,1.0001753522e-03,1.5649830911e+00
332.900000,1.0017823904e-03,1.6218558818e+00
332.950000,9.9958146969e-04,1.6200652434e+00
333.000000,1.0000293574e-03,1.5888390307e+00
333.050000,9.9785765221e-04,1.6521837163e+00
333.100000,9.9937664766e-04,1.6354433776e+00
333.150000,9.9953767000e-04,1.5962133248e+00
333.200000,1.0014038064e-03,1.6123196280e+00
333.250000,9.9997619686e-04,1.5872816198e+00
333.300000,9.9965154038e-04,1.6292020258e+00
333.350000,9.9926198238e-04,1.5427678422e+00
333.400000,9.9962145928e-04,1.6191637491e+00
333.450000,9.9896111757e-04,1.5865724304e+00
333.500000,1.0001357874e-03,1.6400181684e+00
333.550000,9.9999135092e-04,1.6340989132e+00
333.600000,9.9874537848e-04,1.6067808458e+00
333.650000,9.9896567285e-04,1.5974207033e+00
333.700000,1.0008857992e-03,1.6027610777e+00
333.750000,9.9984363238e-04,1.5893664612e+00
333.800000,1.0013443662e-03,1.5927040009e+00
333.850000,9.9996095248e-04,1.5912465947e+00
333.900000,1.0004503264e-03,1.5630761169e+00
333.950000,9.9933257832e-04,1.5962068048e+00
334.000000,9.9835521409e-04,1.6543411605e+00
334.050000,9.9905293613e-04,1.5352425702e+00
334.100000,1.0003875300e-03,1.5978482826e+00
334.150000,1.0003268720e-03,1.6107189272e+00
334.200000,1.0012635387e-03,1.5663483803e+00
334.250000,9.9961352316e-04,1.6002537977e+00
334.300000,9.9942159251e-04,1.5594674903e+00
334.350000,9.9933488946e-04,1.5509713397e+00
334.400000,1.0002255375e-03,1.5602147926e+00
334.450000,9.9931828357e-04,1.5754924225e+00
334.500000,1.0019599368e-03,1.5793498418e+00
334.550000,9.9957426492e-04,1.6085585144e+00
334.600000,9.9892945496e-04,1.5841854266e+00
334.650000,1.0003626923e-03,1.6267578458e+00
334.700000,1.0010304415e-03,1.5996771736e+00
334.750000,1.0002993118e-03,1.6211214355e+00
334.800000,9.9934194647e-04,1.5377245349e+00
334.850000,9.9816375492e-04,1.6315435167e+00
334.900000,9.9931019868e-04,1.6147878971e+00
334.950000,1.0016645804e-03,1.6158060658e+00
335.000000,1.0004268634e-03,1.6165044035e+00
335.050000,9.9903045059e-04,1.6296427440e+00
335.100000,9.9958143826e-04,1.5612815579e+00
335.150000,1.0024498984e-03,1.6154271069e+00
335.200000,1.0001319423e-03,1.5902416640e+00
335.250000,1.0002408482e-03,1.6451946476e+00
335.300000,1.0009911338e-03,1.6380836023e+00
335.350000,1.0005673152e-03,1.5990952663e+00
335.400000,1.0018106237e-03,1.6535233023e+00
335.450000,9.9993548231e-04,1.5421747669e+00
335.500000,1.0004928970e-03,1.6546072309e+00
335.550000,1.0019360343e-03,1.6002638232e+00
335.600000,9.9957577930e-04,1.6114175798e+00
335.650000,9.9941882584e-04,1.6023100077e+00
335.700000,1.0003663199e-03,1.5785657906e+00
335.750000,9.9881867140e-04,1.5948664680e+00
335.800000,1.0002594123e-03,1.5731137173e+00
335.850000,1.0010196712e-03,1.5734285831e+00
335.900000,1.0002274021e-03,1.6018707437e+00
335.950000,9.9945854473e-04,1.6234451681e+00
336.000000,9.9999480477e-04,1.6231126197e+00
336.050000,9.9831168467e-04,1.5776508363e+00
336.100000,1.0012765136e-03,1.5966385901e+00
336.150000,1.0001659467e-03,1.6029881317e+00
336.200000,1.0020066224e-03,1.5637687203e+00
336.250000,1.0010259019e-03,1.5984972403e+00
336.300000,9.9925135303e-04,1.6060805920e+00
336.350000,1.0000747261e-03,1.6219681846e+00
336.400000,1.0004483193e-03,1.6605141044e+00
336.450000,9.9958541984e-04,1.6191880135e+00
336.500000,1.0003052578e-03,1.6429999889e+00
336.550000,9.9915023282e-04,1.6164355540e+00
336.600000,1.0004879250e-03,1.5892657713e+00
336.650000,1.0012144080e-03,1.6025126953e+00
336.700000,1.0004702472e-03,1.6356512072e+00
336.750000,1.0007424013e-03,1.5356997563e+00
336.800000,1.0008788731e-03,1.6235067923e+00
336.850000,1.0010449064e-03,1.6382554991e+00
336.900000,9.9908058528e-04,1.6451532811e+00
336.950000,1.0019722121e-03,1.5407897038e+00
337.000000,1.0005741623e-03,1.5904850204e+00
337.050000,9.9924922832e-04,1.5621258453e+00
337.100000,9.9943964613e-04,1.6178681222e+00
337.150000,9.9850147980e-04,1.6134105344e+00
337.200000,9.9821332793e-04,1.5791428257e+00
337.250000,9.9885824570e-04,1.5793852784e+00
337.300000,9.9960997880e-04,1.6116357541e+00
337.350000,1.0012229913e-03,1.5863322139e+00
337.400000,1.0009344818e-03,1.5497592764e+00
337.450000,9.9984451898e-04,1.5656429133e+00
337.500000,9.9976677205e-04,1.6414327070e+00
337.550000,9.9906830357e-04,1.6308534658e+00
337.600000,9.9882619223e-04,1.6283846926e+00
337.650000,1.0006578318e-03,1.5535142740e+00
337.700000,9.9840699588e-04,1.6453370068e+00
337.750000,9.9999378786e-04,1.6450991704e+00
337.800000,1.0000943807e-03,1.6107754141e+00
337.850000,1.0007141589e-03,1.6010075485e+00
337.900000,9.9951638378e-04,1.6074758873e+00
337.950000,1.0001112078e-03,1.6073970621e+00
338.000000,9.9869313380e-04,1.6441940389e+00
338.050000,9.9922562895e-04,1.5828328713e+00
338.100000,9.9952146029e-04,1.5744098992e+00
338.150000,1.0007618962e-03,1.5424212192e+00
338.200000,1.0000134220e-03,1.6071052980e+00
338.250000,9.9844896924e-04,1.5078409675e+00
338.300000,1.0017322065e-03,1.5841287928e+00
338.350000,9.9855944042e-04,1.5425788249e+00
338.400000,9.9907654931e-04,1.5611554275e+00
338.450000,9.9926397798e-04,1.6123224382e+00
338.500000,1.0017922189e-03,1.6218371875e+00
338.550000,9.9897479829e-04,1.6193465668e+00
338.600000,1.0002686320e-03,1.6144448254e+00
338.650000,9.9718588348e-04,1.6358823764e+00
338.700000,1.0001672922e-03,1.6208809191e+00
338.750000,9.9960829882e-04,1.5886375393e+00
338.800000,1.0008187543e-03,1.6378639682e+00
338.850000,1.0002721208e-03,1.6360701751e+00
338.900000,9.9955550414e-04,1.6252935372e+00
338.950000,1.0010742519e-03,1.6081092741e+00
339.000000,1.0024222358e-03,1.5697585314e+00
339.050000,1.0008057188e-03,1.6178174240e+00
339.100000,9.9954644616e-04,1.6057026512e+00
339.150000,9.9911564984e-04,1.6177076081e+00
339.200000,9.9954618199e-04,1.6472345330e+00
339.250000,1.0008255118e-03,1.6040985286e+00
339.300000,9.9976528136e-04,1.5588631841e+00
339.350000,1.0014751717e-03,1.5452232185e+00
339.400000,9.9910771217e-04,1.6300229890e+00
339.450000,9.9744738009e-04,1.5985040678e+00
339.500000,1.0000852710e-03,1.5963845367e+00
339.550000,9.9990207505e-04,1.5438668456e+00
339.600000,1.0000136200e-03,1.5798051686e+00
339.650000,1.0011317373e-03,1.5498658246e+00
339.700000,1.0015521052e-03,1.6437062641e+00
339.750000,9.9919352742e-04,1.5793209753e+00
339.800000,9.9966089592e-04,1.6150764589e+00
339.850000,1.0010467730e-03,1.5975209177e+00
339.900000,1.0010750753e-03,1.5788147320e+00
339.950000,1.0001737302e-03,1.6127849070e+00
340.000000,9.9982330840e-04,1.5757741426e+00
340.050000,1.0017489063e-03,1.5914237441e+00
340.100000,1.0014217518e-03,1.5120045920e+00
340.150000,9.9941962188e-04,1.5643736471e+00
340.200000,9.9963391700e-04,1.5700509023e+00
340.250000,1.0000494397e-03,1.6181479934e+00
340.300000,9.9998345450e-04,1.6308055914e+00
340.350000,1.0003710579e-03,1.5713220789e+00
340.400000,9.9877982947e-04,1.5837964429e+00
340.450000,1.0007272089e-03,1.5971901822e+00
340.500000,1.0007058069e-03,1.6177314401e+00
340.550000,1.0024909523e-03,1.5983433575e+00
340.600000,1.0003225430e-03,1.5822045025e+00
340.650000,9.9971737880e-04,1.5869965452e+00
340.700000,1.0010382680e-03,1.5539584791e+00
340.750000,1.0001772372e-03,1.5650936447e+00
340.800000,9.9932610654e-04,1.5984291210e+00
340.850000,9.9864985784e-04,1.5886621103e+00
340.900000,9.9741901650e-04,1.5160600623e+00
340.950000,1.0020036785e-03,1.6167519812e+00
341.000000,1.0007726042e-03,1.5781061856e+00
341.050000,9.9998168571e-04,1.6375435767e+00
341.100000,9.9957101489e-04,1.6314520133e+00
341.150000,1.0005659026e-03,1.6788928420e+00
341.200000,1.0016391419e-03,1.6220412973e+00
341.250000,1.0000150917e-03,1.6452635825e+00
341.300000,1.0000264046e-03,1.5776593306e+00
341.350000,1.0009581230e-03,1.6399214543e+00
341.400000,9.9998335702e-04,1.5993934396e+00
341.450000,9.9771565723e-04,1.6078873297e+00
341.500000,1.0006555285e-03,1.6108270948e+00
341.550000,9.9902623339e-04,1.6319512390e+00
341.600000,1.0004823189e-03,1.6494672071e+00
341.650000,9.9897957629e-04,1.6320105096e+00
341.700000,1.0004247503e-03,1.6185182477e+00
341.750000,1.0009010951e-03,1.5856339156e+00
341.800000,9.9861867086e-04,1.5960002477e+00
341.850000,1.0008098389e-03,1.6136515240e+00
341.900000,1.0007977585e-03,1.6014487220e+00
341.950000,1.0002719740e-03,1.6270958881e+00
342.000000,9.9868688574e-04,1.5800903445e+00
342.050000,9.9830766172e-04,1.5418476680e+00
342.100000,9.9802650157e-04,1.6131150410e+00
342.150000,9.9889549271e-04,1.6222361718e+00
342.200000,1.0008888498e-03,1.6003109417e+00
342.250000,1.0014976500e-03,1.6185327085e+00
342.300000,9.9928466082e-04,1.5840411275e+00
342.350000,1.0014131195e-03,1.5250617580e+00
342.400000,1.0007738484e-03,1.5646392790e+00
342.450000,1.0013247499e-03,1.6277382464e+00
342.500000,1.0012466342e-03,1.6146379671e+00
342.550000,1.0009966682e-03,1.5936844609e+00
342.600000,9.9980351022e-04,1.6183585403e+00
342.650000,1.0010197107e-03,1.5851156968e+00
342.700000,9.9948986274e-04,1.6228559346e+00
342.750000,9.9924966181e-04,1.6737154989e+00
342.800000,1.0000434750e-03,1.5543355402e+00
342.850000,1.0017995219e-03,1.6058098229e+00
342.900000,1.0015658255e-03,1.5766541796e+00
342.950000,9.9892582523e-04,1.6276845805e+00
343.000000,9.9859735162e-04,1.5726806423e+00
343.050000,9.9845616689e-04,1.6257653146e+00
343.100000,1.0016495867e-03,1.5587706316e+00
343.150000,9.9994388283e-04,1.5868125056e+00
343.200000,1.0006250262e-03,1.5894484560e+00
343.250000,9.9842503664e-04,1.6388005018e+00
343.300000,9.9950396734e-04,1.6216130926e+00
343.350000,9.9958800628e-04,1.5621558272e+00
343.400000,1.0002921948e-03,1.5481523449e+00
343.450000,1.0003729486e-03,1.5924298134e+00
343.500000,1.0007678740e-03,1.6378661744e+00
343.550000,1.0001021452e-03,1.6030518148e+00
343.600000,1.0001769133e-03,1.5571762767e+00
343.650000,9.9973745509e-04,1.6084301430e+00
343.700000,1.0003765704e-03,1.6101930227e+00
343.750000,9.9938844484e-04,1.6369119078e+00
343.800000,1.0002826099e-03,1.6231039614e+00
343.850000,9.9967653527e-04,1.5511712527e+00
343.900000,9.9915089889e-04,1.5962693816e+00
343.950000,9.9918107964e-04,1.6411403168e+00
344.000000,1.0016830957e-03,1.5490480126e+00
344.050000,1.0011101772e-03,1.6123814776e+00
344.100000,9.9963726248e-04,1.6417245693e+00
344.150000,1.0001585251e-03,1.6135088986e+00
344.200000,1.0022005517e-03,1.6052007995e+00
344.250000,9.9903199904e-04,1.6634588799e+00
344.300000,1.0019694898e-03,1.6415438771e+00
344.350000,1.0011937699e-03,1.5662964993e+00
344.400000,9.9956728676e-04,1.6003403062e+00
344.450000,9.9935609297e-04,1.5990507606e+00
344.500000,9.9954518601e-04,1.5708381189e+00
344.550000,9.9809152180e-04,1.5704062329e+00
344.600000,1.0005060978e-03,1.5487618972e+00
344.650000,9.9913567058e-04,1.5500112072e+00
344.700000,1.0009012508e-03,1.6499782714e+00
344.750000,1.0011953018e-03,1.5938949390e+00
344.800000,9.9805308542e-04,1.6230438506e+00
344.850000,9.9881139800e-04,1.6011139259e+00
344.900000,9.9872590499e-04,1.5947595893e+00
344.950000,9.9975248299e-04,1.6566661441e+00
345.000000,9.9913252396e-04,1.5338124400e+00
345.050000,1.0003952519e-03,1.5950059234e+00
345.100000,1.0000118397e-03,1.6114929469e+00
345.150000,9.9925836243e-04,1.5951828431e+00
345.200000,1.0011068050e-03,1.5964300453e+00
345.250000,1.0006620527e-03,1.5620331469e+00
345.300000,1.0001181819e-03,1.5834977904e+00
345.350000,1.0010790590e-03,1.6348862091e+00
345.400000,1.0004829041e-03,1.6225743973e+00
345.450000,9.9896695546e-04,1.6393044252e+00
345.500000,9.9867068266e-04,1.5849425732e+00
345.550000,1.0001471295e-03,1.5720951215e+00
345.600000,9.9907476671e-04,1.6434049317e+00
345.650000,9.9880537392e-04,1.6580392682e+00
345.700000,1.0006549060e-03,1.5537647041e+00
345.750000,1.0005390566e-03,1.5943850398e+00
345.800000,1.0012215068e-03,1.6242322299e+00
345.850000,1.0006131621e-03,1.6175579105e+00
345.900000,1.0001161155e-03,1.5634114507e+00
345.950000,9.9877119659e-04,1.6068520907e+00
346.000000,1.0018755354e-03,1.5534042567e+00
346.050000,9.9986282228e-04,1.5757944224e+00
346.100000,9.9989515660e-04,1.5735936572e+00
346.150000,9.9999983013e-04,1.6434875256e+00
346.200000,9.9868095852e-04,1.6252185998e+00
346.250000,1.0016244027e-03,1.5478056181e+00
346.300000,1.0001356052e-03,1.6027665142e+00
346.350000,1.0019453223e-03,1.5994892547e+00
346.400000,1.0006540248e-03,1.5973584016e+00
346.450000,1.0001245574e-03,1.6187041949e+00
346.500000,9.9860135184e-04,1.6063289295e+00
346.550000,1.0008001145e-03,1.6017206513e+00
346.600000,1.0001393985e-03,1.6418320986e+00
346.650000,1.0000879937e-03,1.6175753450e+00
346.700000,1.0006501265e-03,1.5760131261e+00
346.750000,1.0000010674e-03,1.5575445895e+00
346.800000,1.0000799967e-03,1.6733031833e+00
346.850000,1.0003101487e-03,1.6408824060e+00
346.900000,9.9974053659e-04,1.5990990663e+00
346.950000,9.9977192481e-04,1.5862848509e+00
347.000000,9.9950216995e-04,1.5748970980e+00
347.050000,1.0000096169e-03,1.6144466142e+00
347.100000,1.0020430259e-03,1.6281501605e+00
347.150000,1.0009651250e-03,1.6186751943e+00
347.200000,9.9966049093e-04,1.6167860651e+00
347.250000,9.9992316181e-04,1.5578419228e+00
347.300000,1.0011114084e-03,1.5867304266e+00
347.350000,9.9933793346e-04,1.6101425184e+00
347.400000,1.0010961871e-03,1.5900670717e+00
347.450000,9.9878561570e-04,1.6571704409e+00
347.500000,9.9950971105e-04,1.5715236853e+00
347.550000,9.9939238578e-04,1.5992082058e+00
347.600000,9.9935988048e-04,1.5869393262e+00
347.650000,9.9926125749e-04,1.6058288081e+00
347.700000,9.9960259461e-04,1.5730997010e+00
347.750000,1.0001118206e-03,1.6335512725e+00
347.800000,1.0011389805e-03,1.5833490081e+00
347.850000,1.0003022335e-03,1.5726050797e+00
347.900000,1.0004261580e-03,1.5829856223e+00
347.950000,1.0002577298e-03,1.5681117519e+00
348.000000,9.9875848867e-04,1.6312944967e+00
348.050000,1.0009139416e-03,1.5882652513e+00
348.100000,1.0003691590e-03,1.5887415746e+00
348.150000,1.0002567758e-03,1.5926545280e+00
348.200000,9.9842878619e-04,1.6061676027e+00
348.250000,1.0008598236e-03,1.6360781787e+00
348.300000,1.0006581221e-03,1.5294950247e+00
348.350000,1.0014724240e-03,1.5623758223e+00
348.400000,1.0010554908e-03,1.5886995535e+00
348.450000,9.9895731655e-04,1.6064800043e+00
348.500000,1.0000320509e-03,1.5556685539e+00
348.550000,1.0001242051e-03,1.6135170902e+00
348.600000,1.0006147445e-03,1.6257927201e+00
348.650000,9.9930917138e-04,1.5859833107e+00
348.700000,1.0011227504e-03,1.5981276412e+00
348.750000,9.9923714203e-04,1.5850130547e+00
348.800000,1.0006344868e-03,1.5947128714e+00
348.850000,9.9810005639e-04,1.5815849864e+00
348.900000,1.0002870074e-03,1.5571922510e+00
348.950000,1.0005808199e-03,1.5708938730e+00
349.000000,9.9841372306e-04,1.5767826634e+00
349.050000,9.9767545086e-04,1.6191432620e+00
349.100000,9.9745221982e-04,1.6011319905e+00
349.150000,9.9782605151e-04,1.5980553394e+00
349.200000,9.9904011093e-04,1.5763921446e+00
349.250000,1.0010412932e-03,1.6267367189e+00
349.300000,1.0017168050e-03,1.6533200230e+00
349.350000,9.9887585271e-04,1.5768547057e+00
349.400000,1.0001552051e-03,1.5974663113e+00
349.450000,1.0009154537e-03,1.6222386209e+00
349.500000,9.9921759713e-04,1.5784582132e+00
349.550000,9.9919942389e-04,1.6438543029e+00
349.600000,9.9758045499e-04,1.5602075914e+00
349.650000,9.9976676938e-04,1.5942688562e+00
349.700000,9.9833934049e-04,1.6106456119e+00
349.750000,9.9893451392e-04,1.5756752226e+00
349.800000,9.9932818643e-04,1.5653653325e+00
349.850000,9.9933566387e-04,1.5099966308e+00
349.900000,9.9887867693e-04,1.5155879080e+00
349.950000,1.0009069101e-03,1.6455047093e+00
350.000000,9.9946560366e-04,1.5506529210e+00
350.050000,9.9888767931e-04,1.6157637194e+00
350.100000,9.9948609120e-04,1.6048363313e+00
350.150000,1.0005801961e-03,1.6526665421e+00
350.200000,9.9863278857e-04,1.5942897984e+00
350.250000,1.0005197516e-03,1.5576751538e+00
350.300000,1.0010708963e-03,1.6567969743e+00
350.350000,9.9944432691e-04,1.6451254960e+00
350.400000,1.0003456277e-03,1.6202004385e+00
350.450000,9.9803682642e-04,1.5937412098e+00
350.500000,9.9976165581e-04,1.6159987110e+00
350.550000,9.9990000223e-04,1.6172122588e+00
350.600000,9.9942564207e-04,1.5598710476e+00
350.650000,1.0008725018e-03,1.6361674303e+00
350.700000,9.9874089821e-04,1.6122997863e+00
350.750000,9.9969711299e-04,1.6454670839e+00
350.800000,9.9983331438e-04,1.5805819678e+00
350.850000,1.0001119571e-03,1.6341921734e+00
350.900000,9.9972298561e-04,1.5513727352e+00
350.950000,1.0005891065e-03,1.5771317117e+00
351.000000,9.9994922219e-04,1.6193279183e+00
351.050000,1.0005502583e-03,1.6149125747e+00
351.100000,9.9993932771e-04,1.6023801951e+00
351.150000,9.9900117914e-04,1.5813639639e+00
351.200000,1.0003084731e-03,1.5456213826e+00
351.250000,9.9992822307e-04,1.6452464883e+00
351.300000,1.0005206506e-03,1.5869699768e+00
351.350000,1.0013023153e-03,1.5809179488e+00
351.400000,9.9934191243e-04,1.6258877974e+00
351.450000,9.9876103427e-04,1.5807318883e+00
351.500000,1.0003963273e-03,1.6604672018e+00
351.550000,1.0001213089e-03,1.5856521108e+00
351.600000,1.0025401127e-03,1.6474936984e+00
351.650000,9.9988888069e-04,1.5772953779e+00
351.700000,9.9990542164e-04,1.6463883512e+00
351.750000,9.9861832638e-04,1.5761935795e+00
351.800000,9.9939188452e-04,1.6176947238e+00
351.850000,9.9847738206e-04,1.5946828484e+00
351.900000,1.0004667725e-03,1.6060119368e+00
351.950000,9.9897562725e-04,1.5694678512e+00
352.000000,9.9878531755e-04,1.5928242306e+00
352.050000,9.9766438187e-04,1.6030947152e+00
352.100000,9.9789585053e-04,1.6095295611e+00
352.150000,9.9937894948e-04,1.5812385621e+00
352.200000,9.9662749421e-04,1.6798492420e+00
352.250000,1.0008728699e-03,1.6120174746e+00
352.300000,9.9954843994e-04,1.5490152235e+00
352.350000,1.0000357827e-03,1.6272357250e+00
352.400000,9.9800019643e-04,1.6078697693e+00
352.450000,9.9956392545e-04,1.6465684035e+00
352.500000,9.9922639863e-04,1.5887188363e+00
352.550000,1.0005409233e-03,1.6719263043e+00
352.600000,1.0003135746e-03,1.5871996979e+00
352.650000,9.9985512497e-04,1.5846404678e+00
352.700000,1.0009339754e-03,1.5509610405e+00
352.750000,1.0006645807e-03,1.6207685664e+00
352.800000,1.0004480566e-03,1.6158897508e+00
352.850000,9.9941474005e-04,1.5759194277e+00
352.900000,9.9971840772e-04,1.6283974015e+00
352.950000,9.9973850834e-04,1.5802604410e+00
353.000000,1.0017339219e-03,1.6239664140e+00
353.050000,9.9882608584e-04,1.6275644711e+00
353.100000,1.0011231610e-03,1.6110228502e+00
353.150000,1.0013085882e-03,1.6329204357e+00
353.200000,1.0005967218e-03,1.5828852017e+00
353.250000,9.9880334771e-04,1.5534213364e+00
353.300000,1.0003593369e-03,1.5462370440e+00
353.350000,1.0008415412e-03,1.5978425033e+00
353.400000,9.9941563605e-04,1.6010941215e+00
353.450000,9.9754022430e-04,1.6024331286e+00
353.500000,9.9945855725e-04,1.5544414165e+00
353.550000,1.0010199633e-03,1.5715043553e+00
353.600000,1.0007597941e-03,1.6210940106e+00
353.650000,9.9952267652e-04,1.6358070223e+00
353.700000,9.9989976220e-04,1.6333267419e+00
353.750000,1.0007605708e-03,1.6219537110e+00
353.800000,9.9995092350e-04,1.5949576150e+00
353.850000,1.0016420007e-03,1.6529935723e+00
353.900000,9.9959339456e-04,1.6255175152e+00
353.950000,9.9995227424e-04,1.5953192658e+00
354.000000,1.0010593077e-03,1.6517859107e+00
354.050000,9.9977805055e-04,1.5329375553e+00
354.100000,9.9959101365e-04,1.5782068387e+00
354.150000,1.0006767179e-03,1.6437814407e+00
354.200000,1.0003990715e-03,1.6399269397e+00
354.250000,9.9886731223e-04,1.6073797308e+00
354.300000,9.9890542927e-04,1.6266996450e+00
354.350000,9.9919248010e-04,1.5782016944e+00
354.400000,9.9941619815e-04,1.6097653779e+00
354.450000,1.0009712597e-03,1.5766977429e+00
354.500000,9.9939501670e-04,1.6463076102e+00
354.550000,9.9929752982e-04,1.6422314156e+00
354.600000,1.0000837629e-03,1.5998867489e+00
354.650000,9.9892645023e-04,1.6175451220e+00
354.700000,9.9858369105e-04,1.6198008559e+00
354.750000,1.0001476450e-03,1.6391573083e+00
354.800000,1.0012436709e-03,1.5944200529e+00
354.850000,9.9891807562e-04,1.5655407941e+00
354.900000,1.0000272278e-03,1.5592228658e+00
354.950000,1.0006949832e-03,1.6131617566e+00
355.000000,1.0006466814e-03,1.6270837145e+00
355.050000,9.9796927367e-04,1.5922217514e+00
355.100000,1.0003724776e-03,1.5985057091e+00
355.150000,1.0006763487e-03,1.6415849493e+00
355.200000,9.9996608004e-04,1.6083260031e+00
355.250000,9.9920879652e-04,1.5648062381e+00
355.300000,9.9995874291e-04,1.6490854711e+00
355.350000,9.9900841473e-04,1.5552655960e+00
355.400000,9.9959175282e-04,1.6331997717e+00
355.450000,1.0010461583e-03,1.6926088552e+00
355.500000,9.9978702774e-04,1.6336477673e+00
355.550000,1.0007845806e-03,1.5728519111e+00
355.600000,1.0006130311e-03,1.6583404799e+00
355.650000,9.9989574303e-04,1.6106696095e+00
355.700000,9.9973284068e-04,1.6459500119e+00
355.750000,1.0006918746e-03,1.5963896290e+00
355.800000,9.9948272124e-04,1.6471683365e+00
355.850000,9.9930046341e-04,1.6204678707e+00
355.900000,9.9901142708e-04,1.5961497919e+00
355.950000,9.9874643003e-04,1.5530574260e+00
356.000000,1.0006282626e-03,1.5953116903e+00
356.050000,1.0017628275e-03,1.5652594788e+00
356.100000,9.9894394570e-04,1.5840509177e+00
356.150000,9.9912377074e-04,1.5963047877e+00
356.200000,1.0016505534e-03,1.6034661477e+00
356.250000,1.0011291981e-03,1.5616354366e+00
356.300000,9.9876341575e-04,1.6266450770e+00
356.350000,9.9774305921e-04,1.5902839414e+00
356.400000,9.9926065458e-04,1.5646393672e+00
356.450000,9.9950961390e-04,1.6113174455e+00
356.500000,9.9999841611e-04,1.5733266607e+00
356.550000,1.0003855615e-03,1.5801851197e+00
356.600000,9.9799763694e-04,1.5751789857e+00
356.650000,9.9957722879e-04,1.5816724152e+00
356.700000,1.0001133055e-03,1.5185623172e+00
356.750000,1.0006974590e-03,1.6507089416e+00
356.800000,9.9932321528e-04,1.6266247570e+00
356.850000,9.9739732145e-04,1.5836122745e+00
356.900000,1.0012017353e-03,1.5769158775e+00
356.950000,9.9868176164e-04,1.6248942330e+00
357.000000,9.9959271644e-04,1.5961603533e+00
357.050000,1.0001025987e-03,1.6205436781e+00
357.100000,9.9910229679e-04,1.6502131630e+00
357.150000,1.0000162176e-03,1.5725412196e+00
357.200000,1.0003034349e-03,1.6225544219e+00
357.250000,1.0000643528e-03,1.6518511249e+00
357.300000,9.9948923026e-04,1.6295734218e+00
357.350000,1.0001140113e-03,1.5609197734e+00
357.400000,1.0010334969e-03,1.6009615728e+00
357.450000,9.9947756531e-04,1.6038383043e+00
357.500000,1.0015228873e-03,1.5611475756e+00
357.550000,9.9901160544e-04,1.6056383251e+00
357.600000,1.0009103883e-03,1.6420409403e+00
357.650000,9.9953745825e-04,1.5646293843e+00
357.700000,1.0001243959e-03,1.5953114076e+00
357.750000,9.9878942556e-04,1.6281584381e+00
357.800000,1.0010263976e-03,1.6052344856e+00
357.850000,1.0007600323e-03,1.6209368766e+00
357.900000,1.0000197076e-03,1.6266349349e+00
357.950000,1.0011637988e-03,1.6197465766e+00
358.000000,1.0013566139e-03,1.5845346872e+00
358.050000,9.9912421264e-04,1.5972746319e+00
358.100000,1.0006452869e-03,1.6047133098e+00
358.150000,1.0003090622e-03,1.6771561097e+00
358.200000,1.0000840292e-03,1.5958215997e+00
358.250000,9.9964012825e-04,1.6421879371e+00
358.300000,1.0005867952e-03,1.6097955141e+00
358.350000,9.9907282841e-04,1.5868817226e+00
358.400000,9.9945672598e-04,1.5987141486e+00
358.450000,1.0002232784e-03,1.5867985140e+00
358.500000,1.0001217240e-03,1.6046052125e+00
358.550000,1.0006226443e-03,1.5934936834e+00
358.600000,9.9990706028e-04,1.5924875464e+00
358.650000,9.9889573707e-04,1.6386380563e+00
358.700000,1.0017662893e-03,1.5789127485e+00
358.750000,9.9983708766e-04,1.5817398015e+00
358.800000,9.9966407014e-04,1.6304556882e+00
358.850000,1.0001483104e-03,1.6080563521e+00
358.900000,9.9927705327e-04,1.5807981168e+00
358.950000,1.0003439655e-03,1.6133355572e+00
359.000000,1.0004274619e-03,1.5938766656e+00
359.050000,1.0014475371e-03,1.6633443530e+00
359.100000,9.9853043692e-04,1.6367720286e+00
359.150000,9.9935247190e-04,1.5836274033e+00
359.200000,1.0006401073e-03,1.5301404550e+00
359.250000,9.9979014153e-04,1.6361733965e+00
359.300000,9.9966891050e-04,1.6121132766e+00
359.350000,9.9921422876e-04,1.5580244499e+00
359.400000,9.9827040546e-04,1.6211685934e+00
359.450000,1.0009466572e-03,1.5610514899e+00
359.500000,1.0013436576e-03,1.6108792437e+00
359.550000,9.9960170061e-04,1.5667650520e+00
359.600000,1.0002295474e-03,1.6811578357e+00
359.650000,9.9968243074e-04,1.5584354265e+00
359.700000,9.9956558462e-04,1.6040958277e+00
359.750000,9.9799040904e-04,1.5894667257e+00
359.800000,1.0002771655e-03,1.6858080680e+00
359.850000,1.0008549513e-03,1.5988366932e+00
359.900000,9.9898655064e-04,1.6184787451e+00
359.950000,1.0009418318e-03,1.5496266090e+00
360.000000,9.9841931304e-04,1.6093085546e+00
360.050000,9.9811279857e-04,1.6133495635e+00
360.100000,1.0011904410e-03,1.5706604232e+00
360.150000,9.9963067101e-04,1.5715489297e+00
360.200000,1.0010471672e-03,1.6249631390e+00
360.250000,9.9951918909e-04,1.6008671555e+00
360.300000,9.9919702913e-04,1.6174366333e+00
360.350000,1.0000582765e-03,1.5765038570e+00
360.400000,1.0007988204e-03,1.6445653320e+00
360.450000,9.9889679695e-04,1.5195211585e+00
360.500000,9.9938812130e-04,1.5897281685e+00
360.550000,1.0013982119e-03,1.5382036702e+00
360.600000,1.0003541399e-03,1.6388025118e+00
360.650000,9.9925459454e-04,1.6132702950e+00
360.700000,1.0004094564e-03,1.5684888933e+00
360.750000,1.0007850185e-03,1.5784476201e+00
360.800000,9.9893431725e-04,1.6146394688e+00
360.850000,9.9986741609e-04,1.5787544544e+00
360.900000,1.0007543785e-03,1.5573691182e+00
360.950000,9.9931325797e-04,1.5296380662e+00
361.000000,9.9895235620e-04,1.6449325543e+00
361.050000,1.0002419506e-03,1.5798142384e+00
361.100000,1.0011267029e-03,1.5782148208e+00
361.150000,1.0010032266e-03,1.6287889293e+00
361.200000,9.9984537856e-04,1.5782476624e+00
361.250000,9.9944904537e-04,1.5537927155e+00
361.300000,9.9998955799e-04,1.5982938895e+00
361.350000,1.0004519239e-03,1.5778383067e+00
361.400000,9.9960600058e-04,1.5697759922e+00
361.450000,9.9965736008e-04,1.6123863048e+00
361.500000,1.0000564089e-03,1.5744376118e+00
361.550000,9.9970850351e-04,1.5615091581e+00
361.600000,9.9892357270e-04,1.6000438625e+00
361.650000,9.9967777970e-04,1.6091496280e+00
361.700000,1.0001988665e-03,1.6518542701e+00
361.750000,1.0004282452e-03,1.6308130744e+00
361.800000,9.9995877118e-04,1.6020622345e+00
361.850000,1.0003783882e-03,1.5833670466e+00
361.900000,1.0015211814e-03,1.6326827717e+00
361.950000,9.9965226651e-04,1.6110492170e+00
362.000000,9.9872335930e-04,1.6223808398e+00
362.050000,1.0003836835e-03,1.5638403950e+00
362.100000,1.0009582010e-03,1.5916041362e+00
362.150000,9.9968558865e-04,1.5852834427e+00
362.200000,1.0006155991e-03,1.6490639191e+00
362.250000,1.0002235525e-03,1.6803533247e+00
362.300000,1.0004835847e-03,1.6664117342e+00
362.350000,1.0004932173e-03,1.6332437186e+00
362.400000,9.9875322843e-04,1.5726051499e+00
362.450000,9.9808941957e-04,1.5749631123e+00
362.500000,1.0012048679e-03,1.6043344253e+00
362.550000,1.0010475208e-03,1.5694297954e+00
362.600000,9.9995379138e-04,1.5568693172e+00
362.650000,9.9948506412e-04,1.5994349088e+00
362.700000,9.9994837697e-04,1.5432362908e+00
362.750000,9.9986885347e-04,1.6186327309e+00
362.800000,1.0000508740e-03,1.6204743987e+00
362.850000,9.9986613938e-04,1.6072580546e+00
362.900000,1.0004881454e-03,1.6358129822e+00
362.950000,1.0018479931e-03,1.6391073659e+00
363.000000,9.9901715471e-04,1.6260773330e+00
363.050000,9.9909123943e-04,1.5751459582e+00
363.100000,1.0001484709e-03,1.5865782182e+00
363.150000,9.9974711399e-04,1.5709299347e+00
363.200000,9.9947803135e-04,1.5772030125e+00
363.250000,9.9873118808e-04,1.6040613856e+00
363.300000,1.0009416685e-03,1.5741823442e+00
363.350000,9.9859673066e-04,1.5969039865e+00
363.400000,9.9940663979e-04,1.5518543001e+00
363.450000,1.0015634348e-03,1.6289745797e+00
363.500000,1.0008526792e-03,1.6530859253e+00
363.550000,1.0001780498e-03,1.5827254588e+00
363.600000,9.9956545293e-04,1.6009848887e+00
363.650000,1.0006232996e-03,1.5983274789e+00
363.700000,9.9939752743e-04,1.5826353919e+00
363.750000,1.0002376594e-03,1.5706601519e+00
363.800000,1.0001331609e-03,1.6176549078e+00
363.850000,9.9854862614e-04,1.5695275533e+00
363.900000,9.9941721079e-04,1.5910952063e+00
363.950000,9.9937141273e-04,1.5897088526e+00
364.000000,9.9861861133e-04,1.5955494472e+00
364.050000,9.9919390537e-04,1.6558706059e+00
364.100000,9.9974775482e-04,1.5131160525e+00
364.150000,9.9853777741e-04,1.6000122073e+00
364.200000,1.0011563606e-03,1.6244982308e+00
364.250000,1.0005706148e-03,1.5741973499e+00
364.300000,1.0006491824e-03,1.6527098798e+00
364.350000,9.9901661998e-04,1.6240781587e+00
364.400000,9.9969329642e-04,1.6026336407e+00
364.450000,9.9912397207e-04,1.6359067746e+00
364.500000,9.9950445016e-04,1.5968615751e+00
364.550000,9.9946816690e-04,1.5487072286e+00
364.600000,1.0010582203e-03,1.6052819017e+00
364.650000,9.9907430827e-04,1.6035528500e+00
364.700000,9.9995609270e-04,1.6132568742e+00
364.750000,9.9979793976e-04,1.5977943975e+00
364.800000,1.0009166565e-03,1.6269635114e+00
364.850000,9.9981812574e-04,1.6435590697e+00
364.900000,1.0003680140e-03,1.6258030880e+00
364.950000,9.9777711650e-04,1.5232074537e+00
365.000000,9.9961040197e-04,1.5568701033e+00
365.050000,1.0002290479e-03,1.6689105955e+00
365.100000,9.9884326756e-04,1.6026777785e+00
365.150000,9.9976206506e-04,1.5704132613e+00
365.200000,1.0009618436e-03,1.5683296446e+00
365.250000,9.9969237472e-04,1.6301597361e+00
365.300000,1.0007948926e-03,1.6360990181e+00
365.350000,1.0009535235e-03,1.6226268739e+00
365.400000,1.0000834327e-03,1.6559829103e+00
365.450000,1.0022602298e-03,1.5833522320e+00
365.500000,1.0003902733e-03,1.6602183841e+00
365.550000,1.0004452706e-03,1.6393461127e+00
365.600000,9.9822543503e-04,1.6181387520e+00
365.650000,9.9909367588e-04,1.5987867738e+00
365.700000,9.9912583667e-04,1.6173024373e+00
365.750000,9.9966926284e-04,1.5941585869e+00
365.800000,9.9934757259e-04,1.5668312680e+00
365.850000,9.9980066328e-04,1.5398026348e+00
365.900000,1.0001258416e-03,1.5735586647e+00
365.950000,9.9866678489e-04,1.6426908856e+00
366.000000,1.0014664952e-03,1.5966082427e+00
366.050000,9.9984016081e-04,1.6168088652e+00
366.100000,9.9990806078e-04,1.6243180856e+00
366.150000,9.9911719080e-04,1.6455867318e+00
366.200000,1.0024243394e-03,1.5491398040e+00
366.250000,9.9910004811e-04,1.5632664573e+00
366.300000,9.9954211027e-04,1.5934633305e+00
366.350000,9.9916981231e-04,1.6128563628e+00
366.400000,1.0014712872e-03,1.6088407056e+00
366.450000,1.0008993375e-03,1.6243516982e+00
366.500000,1.0010249272e-03,1.5989433254e+00
366.550000,1.0003994801e-03,1.5570633058e+00
366.600000,1.0014985916e-03,1.5839339407e+00
366.650000,1.0018563985e-03,1.6934926812e+00
366.700000,1.0020139898e-03,1.6535242957e+00
366.750000,9.9951318278e-04,1.6400022956e+00
366.800000,9.9776900579e-04,1.6100247737e+00
366.850000,9.9975822300e-04,1.5672015801e+00
366.900000,1.0016723853e-03,1.5879753434e+00
366.950000,9.9709572574e-04,1.5723416708e+00
367.000000,9.9939122648e-04,1.5499713418e+00
367.050000,9.9909168549e-04,1.5892303968e+00
367.100000,9.9957566749e-04,1.5961611835e+00
367.150000,1.0004694448e-03,1.5873695617e+00
367.200000,1.0015853327e-03,1.5470141258e+00
367.250000,1.0001499325e-03,1.6118425423e+00
367.300000,1.0016122033e-03,1.6008772953e+00
367.350000,9.9883137476e-04,1.6017955496e+00
367.400000,1.0007043680e-03,1.5094699730e+00
367.450000,9.9992473147e-04,1.5065959455e+00
367.500000,1.0000863876e-03,1.5705815225e+00
367.550000,1.0003228472e-03,1.5843978855e+00
367.600000,9.9967572961e-04,1.6023700172e+00
367.650000,1.0015533717e-03,1.5696927828e+00
367.700000,1.0009025885e-03,1.5541367541e+00
367.750000,1.0002926704e-03,1.5515194509e+00
367.800000,1.0003118045e-03,1.5345024424e+00
367.850000,9.9803067201e-04,1.6239049768e+00
367.900000,1.0006246970e-03,1.6393143052e+00
367.950000,9.9987586593e-04,1.5633804672e+00
368.000000,9.9834697464e-04,1.6565319694e+00
368.050000,1.0001373618e-03,1.6436447784e+00
368.100000,1.0009457476e-03,1.6009048727e+00
368.150000,1.0006782108e-03,1.5502655757e+00
368.200000,1.0016022639e-03,1.6005380786e+00
368.250000,9.9913119193e-04,1.6034897407e+00
368.300000,1.0011860336e-03,1.6299207994e+00
368.350000,1.0011849366e-03,1.5612297910e+00
368.400000,1.0001772826e-03,1.5453512864e+00
368.450000,1.0004669360e-03,1.6090126556e+00
368.500000,1.0003473860e-03,1.5675491290e+00
368.550000,1.0006087075e-03,1.6209761791e+00
368.600000,9.9835100960e-04,1.5663613988e+00
368.650000,1.0003577015e-03,1.6060639933e+00
368.700000,1.0007591663e-03,1.6323746804e+00
368.750000,1.0013336662e-03,1.5925634900e+00
368.800000,1.0014789448e-03,1.5971855142e+00
368.850000,9.9939646671e-04,1.6013183111e+00
368.900000,1.0000167930e-03,1.5950170050e+00
368.950000,9.9850723991e-04,1.6395741488e+00
369.000000,9.9972919828e-04,1.5935956571e+00
369.050000,1.0006371348e-03,1.5929690801e+00
369.100000,9.9848523637e-04,1.5475071504e+00
369.150000,9.9827696691e-04,1.5711589540e+00
369.200000,1.0009556833e-03,1.6318577177e+00
369.250000,1.0011320980e-03,1.6067426377e+00
369.300000,1.0008989558e-03,1.6588191494e+00
369.350000,9.9982336907e-04,1.6390284821e+00
369.400000,9.9976381613e-04,1.5868232344e+00
369.450000,9.9909127906e-04,1.5492490436e+00
369.500000,1.0007255063e-03,1.6241355389e+00
369.550000,1.0020743726e-03,1.5710954780e+00
369.600000,1.0000498929e-03,1.6012842151e+00
369.650000,1.0000519310e-03,1.6111335693e+00
369.700000,9.9942376270e-04,1.6053129263e+00
369.750000,9.9961110190e-04,1.5984380072e+00
369.800000,1.0001245074e-03,1.6088717149e+00
369.850000,9.9985735430e-04,1.5446660278e+00
369.900000,1.0014574668e-03,1.6053452896e+00
369.950000,9.9892246166e-04,1.6257462207e+00
370.000000,9.9986950820e-04,1.6218992653e+00
370.050000,9.9894958503e-04,1.5942054816e+00
370.100000,1.0003523425e-03,1.5933794575e+00
370.150000,1.0013600783e-03,1.6235222215e+00
370.200000,1.0002573981e-03,1.5675116270e+00
370.250000,1.0002850821e-03,1.5949426562e+00
370.300000,1.0000490211e-03,1.6077666205e+00
370.350000,9.9959552944e-04,1.6673285541e+00
370.400000,9.9911983278e-04,1.5826443693e+00
370.450000,1.0013062250e-03,1.6003845878e+00
370.500000,1.0007906467e-03,1.5924964077e+00
370.550000,9.9877138914e-04,1.5568921438e+00
370.600000,9.9968121072e-04,1.6045128867e+00
370.650000,9.9935333408e-04,1.6532154524e+00
370.700000,1.0005340153e-03,1.6058938823e+00
370.750000,1.0015029707e-03,1.6252602791e+00
370.800000,9.9887077665e-04,1.5565382034e+00
370.850000,1.0010027475e-03,1.5564967700e+00
370.900000,1.0006804984e-03,1.5882512118e+00
370.950000,9.9946531742e-04,1.5598276284e+00
371.000000,1.0013272660e-03,1.5558782435e+00
371.050000,9.9883818426e-04,1.5721069611e+00
371.100000,1.0003516887e-03,1.6481298047e+00
371.150000,9.9944002489e-04,1.5590350636e+00
371.200000,9.9976060685e-04,1.6249754875e+00
371.250000,9.9948250703e-04,1.5992267661e+00
371.300000,9.9760488509e-04,1.5730914020e+00
371.350000,1.0000104605e-03,1.5748363694e+00
371.400000,9.9800764461e-04,1.6125042773e+00
371.450000,1.0006047634e-03,1.6004505111e+00
371.500000,9.9907491556e-04,1.5152971175e+00
371.550000,1.0005231057e-03,1.6173707484e+00
371.600000,1.0001514466e-03,1.5600336112e+00
371.650000,9.9884788676e-04,1.5780893468e+00
371.700000,9.9972161971e-04,1.5997473077e+00
371.750000,1.0007845028e-03,1.6285196825e+00
371.800000,9.9771989389e-04,1.6098738620e+00
371.850000,1.0001027750e-03,1.6254890150e+00
371.900000,9.9922238938e-04,1.5936531322e+00
371.950000,1.0002585474e-03,1.4993448057e+00
372.000000,9.9863143392e-04,1.6145138651e+00
372.050000,1.0019719211e-03,1.6330700038e+00
372.100000,9.9991052111e-04,1.6125145854e+00
372.150000,9.9986039233e-04,1.5977428229e+00
372.200000,1.0006213399e-03,1.5757320198e+00
372.250000,9.9938983352e-04,1.6471425045e+00
372.300000,9.9987029956e-04,1.5984687058e+00
372.350000,9.9870246460e-04,1.5763849172e+00
372.400000,1.0002941736e-03,1.6075413930e+00
372.450000,1.0000336302e-03,1.5631895837e+00
372.500000,1.0004035287e-03,1.5801340970e+00
372.550000,9.9852186017e-04,1.5923392457e+00
372.600000,9.9944092957e-04,1.6377106840e+00
372.650000,9.9967861538e-04,1.6334655270e+00
372.700000,9.9828761704e-04,1.6346250943e+00
372.750000,1.0003747159e-03,1.5917279612e+00
372.800000,1.0011501508e-03,1.5947131732e+00
372.850000,1.0002470195e-03,1.6359097593e+00
372.900000,1.0015960163e-03,1.6129659324e+00
372.950000,9.9926127699e-04,1.5711193158e+00
373.000000,1.0011594672e-03,1.6732187199e+00
373.050000,1.0003694179e-03,1.5063575235e+00
373.100000,9.9993569885e-04,1.6091909298e+00
373.150000,9.9894458979e-04,1.5895546633e+00
373.200000,9.9960290171e-04,1.6203667158e+00
373.250000,9.9990138924e-04,1.5843027062e+00
373.300000,1.0010068274e-03,1.5827445307e+00
373.350000,1.0002258005e-03,1.5525965926e+00
373.400000,9.9792399573e-04,1.6131036695e+00
373.450000,1.0014221673e-03,1.6513245826e+00
373.500000,1.0004217298e-03,1.6339357825e+00
373.550000,1.0009940301e-03,1.6254542166e+00
373.600000,9.9882870051e-04,1.5948232394e+00
373.650000,1.0004197392e-03,1.6380589641e+00
373.700000,1.0004598755e-03,1.5961240437e+00
373.750000,1.0004030174e-03,1.5931366233e+00
373.800000,9.9964543851e-04,1.6244730937e+00
373.850000,9.9872071764e-04,1.5902679339e+00
373.900000,1.0002836841e-03,1.6223951676e+00
373.950000,9.9861646227e-04,1.5971532708e+00
374.000000,1.0006549965e-03,1.6253245571e+00
374.050000,9.9867111882e-04,1.6319973174e+00
374.100000,9.9987331338e-04,1.6000191603e+00
374.150000,9.9932802094e-04,1.6201987930e+00
374.200000,9.9939581625e-04,1.6497348917e+00
374.250000,1.0007571263e-03,1.5852705529e+00
374.300000,1.0002560865e-03,1.5878969522e+00
374.350000,9.9989423973e-04,1.5591185323e+00
374.400000,1.0002643317e-03,1.5911682372e+00
374.450000,1.0010119904e-03,1.5763843854e+00
374.500000,1.0008018470e-03,1.6653756355e+00
374.550000,1.0012869727e-03,1.6793566526e+00
374.600000,9.9994269715e-04,1.6280510119e+00
374.650000,1.0007166785e-03,1.5918958148e+00
374.700000,1.0006116537e-03,1.5729737566e+00
374.750000,1.0008068782e-03,1.5810978255e+00
374.800000,1.0019323033e-03,1.5966781505e+00
374.850000,9.9976655843e-04,1.6170178083e+00
374.900000,9.9948923435e-04,1.5849479610e+00
374.950000,1.0000543363e-03,1.5649287650e+00
375.000000,9.9961403911e-04,1.5827234124e+00
375.050000,9.9854014070e-04,1.5875741714e+00
375.100000,1.0005519330e-03,1.5810285885e+00
375.150000,9.9955826920e-04,1.6109575930e+00
375.200000,9.9994245370e-04,1.5773031659e+00
375.250000,9.9815631774e-04,1.5995387113e+00
375.300000,9.9932235046e-04,1.5960255818e+00
375.350000,1.0015162656e-03,1.5738217347e+00
375.400000,1.0000604819e-03,1.5934050891e+00
375.450000,1.0005135000e-03,1.6372178858e+00
375.500000,1.0001116766e-03,1.6063976620e+00
375.550000,1.0001352656e-03,1.5757794033e+00
375.600000,1.0018693275e-03,1.5744492083e+00
375.650000,1.0001085157e-03,1.5781826473e+00
375.700000,1.0007589041e-03,1.5949493188e+00
375.750000,1.0009463200e-03,1.6565917642e+00
375.800000,1.0011340167e-03,1.6037114060e+00
375.850000,9.9953988533e-04,1.6358084638e+00
375.900000,1.0005556038e-03,1.6154674192e+00
375.950000,1.0005705059e-03,1.6125841095e+00
376.000000,9.9915721964e-04,1.5915069479e+00
376.050000,1.0002299390e-03,1.5801623797e+00
376.100000,9.9900887612e-04,1.6287018191e+00
376.150000,9.9823912471e-04,1.6329714191e+00
376.200000,1.0002857000e-03,1.6299955503e+00
376.250000,9.9909452722e-04,1.6546849658e+00
376.300000,9.9986716804e-04,1.5364176476e+00
376.350000,9.9959198443e-04,1.5592654657e+00
376.400000,1.0007994599e-03,1.5403005160e+00
376.450000,9.9877776749e-04,1.5552420344e+00
376.500000,9.9980039815e-04,1.5439124772e+00
376.550000,9.9988051145e-04,1.5855917000e+00
376.600000,9.9970298520e-04,1.5842693738e+00
376.650000,9.9913564146e-04,1.5911953277e+00
376.700000,9.9948449397e-04,1.5498151682e+00
376.750000,1.0003317067e-03,1.6087638917e+00
376.800000,9.9920428589e-04,1.5819051244e+00
376.850000,9.9978931722e-04,1.5507609411e+00
376.900000,9.9997706143e-04,1.6212358846e+00
376.950000,1.0009622766e-03,1.6312967161e+00
377.000000,9.9841116848e-04,1.5960197856e+00
377.050000,9.9911613524e-04,1.6234207967e+00
377.100000,1.0004901779e-03,1.6006914555e+00
377.150000,1.0001394460e-03,1.6135362604e+00
377.200000,9.9999724452e-04,1.5908451205e+00
377.250000,1.0014309154e-03,1.6116786401e+00
377.300000,1.0006319573e-03,1.5746591881e+00
377.350000,9.9995501622e-04,1.6185233016e+00
377.400000,1.0014764944e-03,1.6617576236e+00
377.450000,1.0009426219e-03,1.6190819234e+00
377.500000,1.0006598385e-03,1.6028096867e+00
377.550000,9.9970160160e-04,1.6050158350e+00
377.600000,9.9973085358e-04,1.5854739972e+00
377.650000,9.9779275000e-04,1.5713548610e+00
377.700000,1.0002254626e-03,1.6367074640e+00
377.750000,9.9908621716e-04,1.5813195718e+00
377.800000,1.0011971721e-03,1.5335728226e+00
377.850000,9.9963319724e-04,1.5585979833e+00
377.900000,1.0004684959e-03,1.6238544765e+00
377.950000,9.9931879098e-04,1.5929411884e+00
378.000000,1.0021661839e-03,1.5970948504e+00
378.050000,1.0010898080e-03,1.6502879395e+00
378.100000,9.9885266377e-04,1.6039826354e+00
378.150000,9.9912532842e-04,1.5624824768e+00
378.200000,1.0006892058e-03,1.6196771945e+00
378.250000,1.0003368647e-03,1.5996290208e+00
378.300000,9.9894327468e-04,1.6034899348e+00
378.350000,1.0001067352e-03,1.6307550822e+00
378.400000,9.9953478204e-04,1.6241625180e+00
378.450000,9.9948616160e-04,1.6040065226e+00
378.500000,1.0008250358e-03,1.5910406401e+00
378.550000,1.0007429930e-03,1.6412251378e+00
378.600000,1.0000476369e-03,1.5976857822e+00
378.650000,1.0000487623e-03,1.5661146997e+00
378.700000,9.9987685571e-04,1.6525851169e+00
378.750000,9.9991068493e-04,1.6142356690e+00
378.800000,9.9860686433e-04,1.6231141724e+00
378.850000,1.0006112684e-03,1.6018597526e+00
378.900000,9.9989510135e-04,1.6542818277e+00
378.950000,9.9990582128e-04,1.5876450184e+00
379.000000,9.9919087482e-04,1.5721134196e+00
379.050000,1.0002284077e-03,1.6033318281e+00
379.100000,1.0004072281e-03,1.6297085631e+00
379.150000,9.9858796295e-04,1.6326932307e+00
379.200000,1.0005369320e-03,1.6275123956e+00
379.250000,9.9938979105e-04,1.5332891703e+00
379.300000,9.9960783416e-04,1.5659886589e+00
379.350000,9.9937817091e-04,1.6134335406e+00
379.400000,9.9919311734e-04,1.5815857157e+00
379.450000,9.9779914450e-04,1.6497295008e+00
379.500000,1.0009287897e-03,1.6369470763e+00
379.550000,9.9821916486e-04,1.6477496297e+00
379.600000,9.9789737207e-04,1.6470506639e+00
379.650000,9.9988320899e-04,1.5786650536e+00
379.700000,1.0014021246e-03,1.6159779633e+00
379.750000,1.0003885260e-03,1.6146526145e+00
379.800000,1.0008462361e-03,1.5730201298e+00
379.850000,1.0002556597e-03,1.5583080934e+00
379.900000,1.0005565249e-03,1.6121734408e+00
379.950000,9.9934679420e-04,1.6169063023e+00
380.000000,1.0003622391e-03,1.6284516543e+00
380.050000,9.9869451783e-04,1.6087204362e+00
380.100000,9.9804167228e-04,1.6326939699e+00
380.150000,1.0009973963e-03,1.5485229439e+00
380.200000,9.9929928107e-04,1.6063306249e+00
380.250000,9.9972000230e-04,1.5565672865e+00
380.300000,9.9962802746e-04,1.5809240860e+00
380.350000,1.0001698997e-03,1.6141820797e+00
380.400000,1.0007352808e-03,1.5586054416e+00
380.450000,1.0001329434e-03,1.6309671955e+00
380.500000,9.9994671108e-04,1.5678359091e+00
380.550000,1.0003968810e-03,1.6037879521e+00
380.600000,1.0003816892e-03,1.5838053045e+00
380.650000,1.0011996410e-03,1.5928168838e+00
380.700000,1.0006464310e-03,1.5806235467e+00
380.750000,1.0002473867e-03,1.6007907480e+00
380.800000,9.9955854978e-04,1.5990373365e+00
380.850000,9.9958098196e-04,1.6164194833e+00
380.900000,1.0001516680e-03,1.5944927646e+00
380.950000,9.9970454763e-04,1.6183835940e+00
381.000000,9.9909165130e-04,1.6021910978e+00
381.050000,9.9956152626e-04,1.6019594445e+00
381.100000,1.0022372974e-03,1.5858832669e+00
381.150000,9.9937252813e-04,1.6170702099e+00
381.200000,9.9963449844e-04,1.5830225223e+00
381.250000,9.9767067787e-04,1.5851743725e+00
381.300000,9.9864391608e-04,1.5811321123e+00
381.350000,9.9931811423e-04,1.5195899190e+00
381.400000,1.0002510201e-03,1.6512672291e+00
381.450000,9.9919516678e-04,1.5562011855e+00
381.500000,1.0003511431e-03,1.5976146006e+00
381.550000,1.0012180448e-03,1.6420514610e+00
381.600000,9.9986881413e-04,1.5925308137e+00
381.650000,9.9841888391e-04,1.5694209474e+00
381.700000,9.9951203011e-04,1.5612718473e+00
381.750000,1.0001203721e-03,1.6055468543e+00
381.800000,1.0006925823e-03,1.5865127591e+00
381.850000,9.9892792936e-04,1.5379448383e+00
381.900000,9.9924292614e-04,1.5840288762e+00
381.950000,9.9822693723e-04,1.5711422262e+00
382.000000,1.0008570139e-03,1.5960096931e+00
382.050000,1.0007307351e-03,1.6273259273e+00
382.100000,9.9982459924e-04,1.6005549463e+00
382.150000,9.9807003840e-04,1.5402117034e+00
382.200000,9.9827219534e-04,1.6107027008e+00
382.250000,1.0007926848e-03,1.6094812325e+00
382.300000,1.0002928421e-03,1.6055397055e+00
382.350000,1.0001767549e-03,1.5694720290e+00
382.400000,9.9938077417e-04,1.6104634648e+00
382.450000,9.9963312165e-04,1.5836038544e+00
382.500000,1.0014583550e-03,1.5481185716e+00
382.550000,1.0009613485e-03,1.5542576015e+00
382.600000,9.9963650099e-04,1.6123605009e+00
382.650000,9.9926592009e-04,1.5775383220e+00
382.700000,1.0009048743e-03,1.6175002659e+00
382.750000,9.9944098264e-04,1.6032183362e+00
382.800000,1.0017028124e-03,1.5819314129e+00
382.850000,1.0007015379e-03,1.5518791161e+00
382.900000,9.9948365828e-04,1.5983227636e+00
382.950000,9.9912109382e-04,1.5956199901e+00
383.000000,1.0016481671e-03,1.6144749395e+00
383.050000,1.0011775974e-03,1.6360184443e+00
383.100000,1.0012962238e-03,1.5648734924e+00
383.150000,1.0004759721e-03,1.6201221723e+00
383.200000,9.9990129445e-04,1.6270848608e+00
383.250000,9.9983841268e-04,1.5850241537e+00
383.300000,9.9851091005e-04,1.5680604880e+00
383.350000,1.0001505729e-03,1.5611839116e+00
383.400000,1.0000367965e-03,1.6714106537e+00
383.450000,9.9992657914e-04,1.6363338812e+00
383.500000,9.9780290033e-04,1.5998358039e+00
383.550000,9.9925732809e-04,1.5613805761e+00
383.600000,1.0011541972e-03,1.5509009378e+00
383.650000,9.9934374340e-04,1.6532945421e+00
383.700000,9.9928163519e-04,1.6170841395e+00
383.750000,1.0007666419e-03,1.5941084044e+00
383.800000,9.9982149574e-04,1.6299471435e+00
383.850000,9.9939390188e-04,1.6655321050e+00
383.900000,9.9927815552e-04,1.5999217772e+00
383.950000,1.0001007292e-03,1.5935725631e+00
384.000000,9.9930111226e-04,1.6522593607e+00
384.050000,1.0000755107e-03,1.5729213038e+00
384.100000,1.0010464746e-03,1.6229832911e+00
384.150000,9.9852033559e-04,1.5542901320e+00
384.200000,1.0006352964e-03,1.5450179849e+00
384.250000,1.0006112512e-03,1.5834682801e+00
384.300000,1.0003593482e-03,1.5827996109e+00
384.350000,9.9858774733e-04,1.6215375905e+00
384.400000,9.9919834292e-04,1.6152977202e+00
384.450000,9.9887806492e-04,1.6312273589e+00
384.500000,1.0000530957e-03,1.6495563073e+00
384.550000,9.9871420789e-04,1.6257050746e+00
384.600000,1.0013282166e-03,1.6485762523e+00
384.650000,1.0000461109e-03,1.6131037394e+00
384.700000,9.9975995740e-04,1.5741180098e+00
384.750000,9.9964324521e-04,1.5782851916e+00
384.800000,1.0011610221e-03,1.6301172966e+00
384.850000,9.9831484098e-04,1.6053073497e+00
384.900000,9.9848502392e-04,1.6044482113e+00
384.950000,1.0011722782e-03,1.6250546512e+00
385.000000,1.0001930012e-03,1.6295229041e+00
385.050000,1.0002709603e-03,1.5744718167e+00
385.100000,9.9966646836e-04,1.5770991899e+00
385.150000,9.9830615231e-04,1.6431267135e+00
385.200000,9.9965963694e-04,1.6032417803e+00
385.250000,9.9985718894e-04,1.5739221220e+00
385.300000,1.0000557710e-03,1.6079787220e+00
385.350000,1.0012074968e-03,1.6533331294e+00
385.400000,9.9975550395e-04,1.5948203470e+00
385.450000,9.9862665002e-04,1.6084563811e+00
385.500000,9.9954267621e-04,1.6360525910e+00
385.550000,1.0007070747e-03,1.5978625337e+00
385.600000,9.9940905826e-04,1.5763303415e+00
385.650000,1.0007641094e-03,1.6135868486e+00
385.700000,9.9867239042e-04,1.5920088071e+00
385.750000,9.9903939470e-04,1.5750931942e+00
385.800000,1.0010878281e-03,1.5795063796e+00
385.850000,9.9896934237e-04,1.5648207243e+00
385.900000,9.9962600664e-04,1.5765288831e+00
385.950000,1.0015424928e-03,1.6141227668e+00
386.000000,1.0030984102e-03,1.6410355276e+00
386.050000,9.9880863481e-04,1.6060076467e+00
386.100000,9.9947542087e-04,1.5557017546e+00
386.150000,9.9926227774e-04,1.5727930688e+00
386.200000,9.9884396558e-04,1.5445399683e+00
386.250000,1.0016001579e-03,1.6037740206e+00
386.300000,1.0003984049e-03,1.6296379589e+00
386.350000,1.0002342729e-03,1.6047653938e+00
386.400000,9.9892337229e-04,1.5937403648e+00
386.450000,1.0016421428e-03,1.5789927732e+00
386.500000,1.0009660780e-03,1.6562604064e+00
386.550000,1.0016311867e-03,1.6309409073e+00
386.600000,9.9871720487e-04,1.6386786926e+00
386.650000,9.9984766507e-04,1.5808443343e+00
386.700000,1.0013539205e-03,1.5925433782e+00
386.750000,9.9887469916e-04,1.6149380686e+00
386.800000,1.0017589213e-03,1.6491072938e+00
386.850000,1.0001070290e-03,1.6491262674e+00
386.900000,9.9936597493e-04,1.6353082648e+00
386.950000,9.9866886967e-04,1.5787853793e+00
387.000000,9.9891633800e-04,1.6242248648e+00
387.050000,1.0008522001e-03,1.6152076699e+00
387.100000,1.0013226373e-03,1.5806522508e+00
387.150000,9.9830645141e-04,1.5766325423e+00
387.200000,1.0012213474e-03,1.5660976361e+00
387.250000,9.9911240908e-04,1.6277124640e+00
387.300000,9.9937141223e-04,1.6268698978e+00
387.350000,1.0003223232e-03,1.5906635902e+00
387.400000,9.9953124810e-04,1.5242052240e+00
387.450000,9.9928104618e-04,1.6118624672e+00
387.500000,1.0008844393e-03,1.5632508971e+00
387.550000,9.9996474967e-04,1.6167638188e+00
387.600000,1.0014250698e-03,1.5802020240e+00
387.650000,9.9955411422e-04,1.6061572762e+00
387.700000,9.9953049883e-04,1.6144327420e+00
387.750000,9.9998384756e-04,1.5533833380e+00
387.800000,9.9952583928e-04,1.6410138059e+00
387.850000,9.9910335196e-04,1.5222986890e+00
387.900000,1.0002729463e-03,1.6136885381e+00
387.950000,1.0009269498e-03,1.5602945919e+00
388.000000,9.9911117067e-04,1.6578929092e+00
388.050000,9.9944638459e-04,1.5811861028e+00
388.100000,1.0002173726e-03,1.5943457321e+00
388.150000,9.9982188240e-04,1.5656930914e+00
388.200000,1.0018865134e-03,1.5919448220e+00
388.250000,1.0014146031e-03,1.6079991283e+00
388.300000,9.9996009817e-04,1.6289493694e+00
388.350000,1.0000178002e-03,1.6206558056e+00
388.400000,9.9986480962e-04,1.5705591774e+00
388.450000,9.9931038844e-04,1.5830243025e+00
388.500000,1.0003588996e-03,1.6076499617e+00
388.550000,9.9999208670e-04,1.5998892860e+00
388.600000,9.9792631801e-04,1.6002881612e+00
388.650000,9.9993548159e-04,1.5555562076e+00
388.700000,9.9987788093e-04,1.6314631757e+00
388.750000,9.9828146801e-04,1.5737391883e+00
388.800000,9.9802289170e-04,1.6244951063e+00
388.850000,1.0009553628e-03,1.5992073720e+00
388.900000,9.9875474280e-04,1.5724357809e+00
388.950000,1.0011016751e-03,1.6028236606e+00
389.000000,9.9917491137e-04,1.5614352674e+00
389.050000,9.9983315653e-04,1.6008178450e+00
389.100000,9.9935255874e-04,1.6150372702e+00
389.150000,9.9948215366e-04,1.5136970782e+00
389.200000,1.0013139764e-03,1.6424611889e+00
389.250000,9.9944854419e-04,1.5879275615e+00
389.300000,9.9923982906e-04,1.6139829406e+00
389.350000,9.9920922107e-04,1.5467335590e+00
389.400000,9.9999388967e-04,1.5802706384e+00
389.450000,9.9986284966e-04,1.6042234245e+00
389.500000,1.0013826418e-03,1.5584089275e+00
389.550000,9.9984563075e-04,1.5959196980e+00
389.600000,9.9938232626e-04,1.5548044097e+00
389.650000,9.9946036030e-04,1.5638313797e+00
389.700000,1.0007749920e-03,1.5926749547e+00
389.750000,9.9844843399e-04,1.6209287647e+00
389.800000,9.9904832794e-04,1.6347502200e+00
389.850000,9.9993695698e-04,1.5761001584e+00
389.900000,9.9986950102e-04,1.6073124759e+00
389.950000,1.0001352480e-03,1.6033447446e+00
390.000000,1.0002307840e-03,1.6530889669e+00
390.050000,9.9972782161e-04,1.5369787800e+00
390.100000,9.9915872878e-04,1.6370606156e+00
390.150000,1.0009807925e-03,1.6127371955e+00
390.200000,1.0000040322e-03,1.6525140613e+00
390.250000,1.0013323258e-03,1.6048499617e+00
390.300000,9.9957497542e-04,1.5971805570e+00
390.350000,9.9956467311e-04,1.6215507076e+00
390.400000,1.0009333698e-03,1.6105127891e+00
390.450000,9.9907937304e-04,1.5694082675e+00
390.500000,1.0005023942e-03,1.6138419652e+00
390.550000,9.9950583124e-04,1.5926343775e+00
390.600000,9.9844427148e-04,1.6111581947e+00
390.650000,1.0006939943e-03,1.5749654489e+00
390.700000,1.0006298141e-03,1.6503329886e+00
390.750000,1.0006931448e-03,1.6191296021e+00
390.800000,9.9995250086e-04,1.6001263650e+00
390.850000,1.0009677340e-03,1.6290178907e+00
390.900000,9.9941509829e-04,1.5584483757e+00
390.950000,1.0021965506e-03,1.5407593139e+00
391.000000,1.0001018185e-03,1.6635874810e+00
391.050000,1.0015439928e-03,1.6414572241e+00
391.100000,9.9921556078e-04,1.5851487013e+00
391.150000,1.0005591867e-03,1.6130803737e+00
391.200000,9.9894113539e-04,1.6130208787e+00
391.250000,1.0012004967e-03,1.6010915855e+00
391.300000,9.9980536360e-04,1.5951956637e+00
391.350000,9.9969830498e-04,1.6327933427e+00
391.400000,9.9923788048e-04,1.5516454576e+00
391.450000,9.9973842043e-04,1.5852942749e+00
391.500000,9.9967663519e-04,1.5807840380e+00
391.550000,9.9933657784e-04,1.5940527231e+00
391.600000,9.9805201867e-04,1.5946628473e+00
391.650000,1.0008216844e-03,1.5840770775e+00
391.700000,9.9979197118e-04,1.5955231695e+00
391.750000,9.9972537403e-04,1.5933337314e+00
391.800000,1.0015519259e-03,1.6098232565e+00
391.850000,1.0010583063e-03,1.5723449606e+00
391.900000,9.9871655721e-04,1.5790625007e+00
391.950000,1.0013808535e-03,1.6109953713e+00
392.000000,1.0000326363e-03,1.5621705403e+00
392.050000,1.0013612601e-03,1.6223831433e+00
392.100000,9.9899420600e-04,1.6334891907e+00
392.150000,9.9861475809e-04,1.6261016902e+00
392.200000,1.0016126089e-03,1.5798660706e+00
392.250000,1.0003957039e-03,1.5788612002e+00
392.300000,9.9944241440e-04,1.6498097956e+00
392.350000,1.0008380230e-03,1.6172384030e+00
392.400000,1.0012575126e-03,1.5802245987e+00
392.450000,1.0007306124e-03,1.5750943967e+00
392.500000,1.0006678267e-03,1.6138979755e+00
392.550000,9.9916196146e-04,1.5847653307e+00
392.600000,1.0000172175e-03,1.6122766427e+00
392.650000,9.9808417117e-04,1.5948530058e+00
392.700000,1.0005362159e-03,1.6172258343e+00
392.750000,9.9919052566e-04,1.6267153729e+00
392.800000,9.9900561612e-04,1.6634285288e+00
392.850000,1.0012844903e-03,1.5993680246e+00
392.900000,1.0003771719e-03,1.6042623054e+00
392.950000,1.0005640037e-03,1.5251027444e+00
393.000000,9.9988896228e-04,1.5662522103e+00
393.050000,1.0008056097e-03,1.5574134200e+00
393.100000,1.0002488871e-03,1.6419721611e+00
393.150000,1.0010944221e-03,1.5995452850e+00
393.200000,9.9973232972e-04,1.6133728353e+00
393.250000,9.9845777444e-04,1.5736545513e+00
393.300000,1.0011574606e-03,1.5677468569e+00
393.350000,1.0001565174e-03,1.5476408749e+00
393.400000,1.0000122486e-03,1.6628509224e+00
393.450000,9.9790473960e-04,1.6563203252e+00
393.500000,9.9990758510e-04,1.5318220758e+00
393.550000,9.9983112011e-04,1.6397514846e+00
393.600000,1.0001557204e-03,1.6159054445e+00
393.650000,9.9933924018e-04,1.5812856258e+00
393.700000,1.0004787341e-03,1.6287545585e+00
393.750000,1.0021120709e-03,1.6228707119e+00
393.800000,1.0000739953e-03,1.5601090346e+00
393.850000,1.0014360521e-03,1.6088316695e+00
393.900000,9.9876904711e-04,1.5774652174e+00
393.950000,1.0004875888e-03,1.5523333440e+00
394.000000,9.9924306443e-04,1.6096413946e+00
394.050000,9.9928382122e-04,1.6011219539e+00
394.100000,1.0011857431e-03,1.6522042171e+00
394.150000,1.0009205673e-03,1.5946602020e+00
394.200000,9.9986754372e-04,1.5963253767e+00
394.250000,9.9925611048e-04,1.5643920401e+00
394.300000,1.0008390430e-03,1.6172514766e+00
394.350000,1.0003169951e-03,1.6305455112e+00
394.400000,1.0003780919e-03,1.5758006366e+00
394.450000,1.0014173478e-03,1.5469368804e+00
394.500000,1.0007712759e-03,1.5629745719e+00
394.550000,9.9836098747e-04,1.6007026182e+00
394.600000,1.0000836087e-03,1.6597072218e+00
394.650000,9.9886536740e-04,1.6187464948e+00
394.700000,1.0000037736e-03,1.5882223079e+00
394.750000,9.9998513050e-04,1.6039184583e+00
394.800000,1.0003769482e-03,1.5931874077e+00
394.850000,1.0019471957e-03,1.5992336886e+00
394.900000,9.9892852790e-04,1.5457706197e+00
394.950000,9.9842744542e-04,1.6153761545e+00
395.000000,9.9890184024e-04,1.6526784171e+00
395.050000,1.0004996091e-03,1.6343927804e+00
395.100000,1.0003257855e-03,1.6066892181e+00
395.150000,9.9778190680e-04,1.5811773156e+00
395.200000,9.9934348957e-04,1.6446307912e+00
395.250000,1.0012711410e-03,1.6252424473e+00
395.300000,9.9965132287e-04,1.5986217631e+00
395.350000,9.9997458689e-04,1.6054065574e+00
395.400000,1.0011504434e-03,1.6221743395e+00
395.450000,1.0011463919e-03,1.6388885195e+00
395.500000,1.0016538984e-03,1.5917566024e+00
395.550000,9.9867089911e-04,1.5828739433e+00
395.600000,1.0011342273e-03,1.5913557453e+00
395.650000,9.9791601026e-04,1.5785697888e+00
395.700000,1.0013095487e-03,1.6534298158e+00
395.750000,9.9962038333e-04,1.5651301504e+00
395.800000,9.9926645378e-04,1.6248304216e+00
395.850000,9.9986067509e-04,1.6221143577e+00
395.900000,1.0008162676e-03,1.5809693973e+00
395.950000,9.9934161842e-04,1.6160189272e+00
396.000000,9.9878799324e-04,1.6049730318e+00
396.050000,1.0001384160e-03,1.6040315222e+00
396.100000,1.0016079915e-03,1.6170637948e+00
396.150000,1.0001816168e-03,1.6112437113e+00
396.200000,1.0006008656e-03,1.5683363149e+00
396.250000,9.9913758726e-04,1.5692478179e+00
396.300000,1.0010114923e-03,1.6245674373e+00
396.350000,1.0016813405e-03,1.5858889347e+00
396.400000,9.9983284450e-04,1.5576227988e+00
396.450000,9.9914901702e-04,1.6149957110e+00
396.500000,1.0009492279e-03,1.6168943999e+00
396.550000,1.0006506016e-03,1.5809303418e+00
396.600000,1.0004520652e-03,1.6205477247e+00
396.650000,1.0003299436e-03,1.5381450639e+00
396.700000,9.9912294025e-04,1.5587914584e+00
396.750000,1.0004342835e-03,1.5890918060e+00
396.800000,9.9973001308e-04,1.5726441465e+00
396.850000,1.0005565379e-03,1.5984427154e+00
396.900000,1.0002963286e-03,1.5818666777e+00
396.950000,1.0011925979e-03,1.5624006403e+00
397.000000,1.0003673813e-03,1.5812331905e+00
397.050000,9.9961742567e-04,1.6209078597e+00
397.100000,9.9886433985e-04,1.5876047351e+00
397.150000,9.9917226784e-04,1.5509175884e+00
397.200000,1.0011067572e-03,1.6164451277e+00
397.250000,1.0006720804e-03,1.6349300326e+00
397.300000,9.9794653266e-04,1.5646605342e+00
397.350000,9.9952066132e-04,1.5466453614e+00
397.400000,9.9998971906e-04,1.6206657879e+00
397.450000,1.0003357300e-03,1.6408106684e+00
397.500000,1.0007870246e-03,1.5660629023e+00
397.550000,9.9865035571e-04,1.5761082929e+00
397.600000,1.0029060038e-03,1.6117028277e+00
397.650000,1.0004157148e-03,1.6200692201e+00
397.700000,1.0012430846e-03,1.5834076241e+00
397.750000,9.9967655463e-04,1.5853420563e+00
397.800000,1.0002489086e-03,1.5533929672e+00
397.850000,9.9900111354e-04,1.5802210584e+00
397.900000,9.9998455187e-04,1.6758593416e+00
397.950000,9.9966700125e-04,1.5883473062e+00
398.000000,1.0004111142e-03,1.6382320153e+00
398.050000,9.9988217996e-04,1.6072618485e+00
398.100000,1.0006544717e-03,1.5719137537e+00
398.150000,9.9828783864e-04,1.6451178546e+00
398.200000,9.9958534671e-04,1.6026024965e+00
398.250000,9.9855011653e-04,1.5970353292e+00
398.300000,9.9926123923e-04,1.6201543708e+00
398.350000,1.0027780737e-03,1.6545724556e+00
398.400000,9.9831311943e-04,1.6736405916e+00
398.450000,9.9927745476e-04,1.6058249407e+00
398.500000,9.9806711519e-04,1.6236405710e+00
398.550000,1.0009271392e-03,1.6134264001e+00
398.600000,1.0011069612e-03,1.6260735723e+00
398.650000,9.9898817930e-04,1.5505493027e+00
398.700000,1.0001330016e-03,1.5999450756e+00
398.750000,9.9997188244e-04,1.5604974399e+00
398.800000,9.9982214344e-04,1.5874878750e+00
398.850000,1.0010223081e-03,1.5848639580e+00
398.900000,9.9937189818e-04,1.6012850444e+00
398.950000,9.9862427194e-04,1.6173716685e+00
399.000000,1.0002294742e-03,1.6059565895e+00
399.050000,9.9944177128e-04,1.6645651000e+00
399.100000,9.9992468301e-04,1.6304130290e+00
399.150000,1.0026567744e-03,1.6390411416e+00
399.200000,1.0006496147e-03,1.6028851599e+00
399.250000,9.9875380754e-04,1.6181234640e+00
399.300000,9.9955704507e-04,1.5876906844e+00
399.350000,9.9884969396e-04,1.5195400220e+00
399.400000,1.0002469207e-03,1.6145493376e+00
399.450000,1.0019926840e-03,1.6250807615e+00
399.500000,9.9885817638e-04,1.5548926912e+00
399.550000,1.0007837332e-03,1.5436599467e+00
399.600000,9.9940117734e-04,1.6028683293e+00
399.650000,9.9895355764e-04,1.6047494203e+00
399.700000,1.0005856732e-03,1.6312077850e+00
399.750000,1.0007576358e-03,1.6255779601e+00
399.800000,9.9821633518e-04,1.5922575562e+00
399.850000,9.9883591317e-04,1.6095193577e+00
399.900000,9.9877925445e-04,1.5778333283e+00
399.950000,9.9959483956e-04,1.5521925579e+00
400.000000,9.9947662049e-04,1.5631935516e+00
400.050000,9.9964392556e-04,1.5972660639e+00
400.100000,9.9993347183e-04,1.6628548774e+00
400.150000,1.0000910022e-03,1.5945005913e+00
400.200000,9.9922178149e-04,1.5354943571e+00
400.250000,9.9925077433e-04,1.5875128372e+00
400.300000,1.0001713349e-03,1.5721189720e+00
400.350000,9.9853982877e-04,1.5793728968e+00
400.400000,9.9866103701e-04,1.5979142542e+00
400.450000,1.0014999066e-03,1.6248540633e+00
400.500000,1.0008714544e-03,1.5452718068e+00
400.550000,1.0006480140e-03,1.5661323376e+00
400.600000,1.0005516263e-03,1.5660366354e+00
400.650000,1.0006526822e-03,1.6023182013e+00
400.700000,9.9956369699e-04,1.6285155567e+00
400.750000,9.9980630015e-04,1.6011056584e+00
400.800000,1.0000270639e-03,1.5885873955e+00
400.850000,9.9955281439e-04,1.6130521961e+00
400.900000,9.9842736583e-04,1.5775025274e+00
400.950000,9.9889640154e-04,1.6044304748e+00
401.000000,1.0001207892e-03,1.6650129191e+00
401.050000,9.9914762379e-04,1.6071528664e+00
401.100000,1.0002421435e-03,1.5881321360e+00
401.150000,1.0006136834e-03,1.6014493141e+00
401.200000,9.9954458910e-04,1.6045408199e+00
401.250000,1.0010545838e-03,1.5488358946e+00
401.300000,1.0003557921e-03,1.5965514109e+00
401.350000,9.9960179304e-04,1.6359875720e+00
401.400000,9.9972355552e-04,1.5770426800e+00
401.450000,9.9998740189e-04,1.6410035960e+00
401.500000,9.9934569575e-04,1.5759350960e+00
401.550000,9.9968317387e-04,1.5818255886e+00
401.600000,9.9968481439e-04,1.5953119109e+00
401.650000,1.0012079877e-03,1.6486762672e+00
401.700000,1.0011468574e-03,1.6095313277e+00
401.750000,1.0016627317e-03,1.5338481620e+00
401.800000,9.9894840153e-04,1.6011276328e+00
401.850000,9.9959337414e-04,1.5768801763e+00
401.900000,1.0021682411e-03,1.6436105965e+00
401.950000,9.9976527485e-04,1.5849613651e+00
402.000000,9.9915483142e-04,1.5943670614e+00
402.050000,9.9922521776e-04,1.5636369813e+00
402.100000,9.9924540190e-04,1.6487318004e+00
402.150000,1.0007661396e-03,1.5971915212e+00
402.200000,1.0004208778e-03,1.6315435905e+00
402.250000,9.9962348353e-04,1.6350704773e+00
402.300000,9.9969205450e-04,1.5930076755e+00
402.350000,1.0008712678e-03,1.6424446192e+00
402.400000,1.0007360311e-03,1.6043059443e+00
402.450000,9.9940748867e-04,1.6106534519e+00
402.500000,9.9980489583e-04,1.5728163751e+00
402.550000,9.9782634621e-04,1.6023273075e+00
402.600000,1.0007105782e-03,1.6284972089e+00
402.650000,1.0008116492e-03,1.5438804398e+00
402.700000,9.9963820015e-04,1.5286182860e+00
402.750000,1.0011052643e-03,1.6403617739e+00
402.800000,9.9997900778e-04,1.6099991881e+00
402.850000,9.9915083254e-04,1.5921106985e+00
402.900000,9.9988596368e-04,1.5698084694e+00
402.950000,9.9988164871e-04,1.6631563052e+00
403.000000,1.0015037332e-03,1.5589095210e+00
403.050000,1.0002446199e-03,1.6235434735e+00
403.100000,1.0001469659e-03,1.6811893199e+00
403.150000,1.0004827907e-03,1.6105090850e+00
403.200000,9.9995334121e-04,1.5987094401e+00
403.250000,1.0009302024e-03,1.6258683917e+00
403.300000,1.0004487101e-03,1.5597596447e+00
403.350000,1.0012182163e-03,1.5785725494e+00
403.400000,1.0018545703e-03,1.6173467318e+00
403.450000,1.0014084791e-03,1.6422416241e+00
403.500000,1.0006653373e-03,1.5668747658e+00
403.550000,1.0000471940e-03,1.6227613113e+00
403.600000,1.0011765115e-03,1.6115854471e+00
403.650000,1.0015234306e-03,1.5830958114e+00
403.700000,9.9781757691e-04,1.6402158242e+00
403.750000,1.0011204591e-03,1.6167167049e+00
403.800000,1.0014204149e-03,1.5532801762e+00
403.850000,1.0007651247e-03,1.6199049426e+00
403.900000,9.9849462953e-04,1.5781476871e+00
403.950000,9.9780244026e-04,1.5564323805e+00
404.000000,1.0008586244e-03,1.5457593897e+00
404.050000,1.0017983391e-03,1.5448029286e+00
404.100000,1.0013547995e-03,1.5599251493e+00
404.150000,9.9817241001e-04,1.5829218630e+00
404.200000,1.0002973587e-03,1.5837645529e+00
404.250000,9.9917152139e-04,1.5197986289e+00
404.300000,9.9846044669e-04,1.6498565611e+00
404.350000,1.0000982176e-03,1.6051021014e+00
404.400000,9.9957216022e-04,1.6223133849e+00
404.450000,9.9883375721e-04,1.5900260837e+00
404.500000,9.9913125603e-04,1.5874905297e+00
404.550000,1.0014494221e-03,1.6215823049e+00
404.600000,9.9958967754e-04,1.6209365208e+00
404.650000,1.0002430743e-03,1.5301334322e+00
404.700000,9.9972338978e-04,1.6343863292e+00
404.750000,1.0002074786e-03,1.5648652813e+00
404.800000,9.9866677768e-04,1.5815166700e+00
404.850000,9.9920802325e-04,1.5677848981e+00
404.900000,1.0006736061e-03,1.6323917358e+00
404.950000,1.0004941437e-03,1.5740721472e+00
405.000000,1.0001463841e-03,1.5896659350e+00
405.050000,9.9949834439e-04,1.6200040847e+00
405.100000,1.0011810469e-03,1.5553185611e+00
405.150000,9.9720466026e-04,1.6309580056e+00
405.200000,9.9812950501e-04,1.5825946975e+00
405.250000,9.9754295798e-04,1.5989838692e+00
405.300000,1.0023379143e-03,1.6477639213e+00
405.350000,9.9926638093e-04,1.5941603945e+00
405.400000,1.0003696630e-03,1.6149140900e+00
405.450000,9.9979252737e-04,1.6101696895e+00
405.500000,9.9992045888e-04,1.6317335460e+00
405.550000,9.9893409499e-04,1.5879182241e+00
405.600000,1.0009198599e-03,1.5770434362e+00
405.650000,9.9914238142e-04,1.5965059591e+00
405.700000,9.9925443445e-04,1.5967774241e+00
405.750000,9.9958384445e-04,1.6085968314e+00
405.800000,1.0010115722e-03,1.5740676611e+00
405.850000,9.9845139551e-04,1.5860994972e+00
405.900000,1.0000338173e-03,1.6056421633e+00
405.950000,1.0004523728e-03,1.6305548072e+00
406.000000,9.9861391233e-04,1.6142729531e+00
406.050000,9.9868568003e-04,1.5749540836e+00
406.100000,9.9877566119e-04,1.6390990297e+00
406.150000,9.9955028316e-04,1.6528410990e+00
406.200000,1.0007637827e-03,1.6304633492e+00
406.250000,9.9900357106e-04,1.6156731745e+00
406.300000,9.9998250737e-04,1.5974338933e+00
406.350000,9.9860259138e-04,1.6028570156e+00
406.400000,9.9956329675e-04,1.6192152762e+00
406.450000,9.9862476314e-04,1.6388876938e+00
406.500000,1.0006805400e-03,1.5991248659e+00
406.550000,9.9956433414e-04,1.5861486958e+00
406.600000,1.0002088991e-03,1.6192886076e+00
406.650000,1.0009284388e-03,1.5576186897e+00
406.700000,9.9880687398e-04,1.6074665641e+00
406.750000,1.0000682219e-03,1.6010665687e+00
406.800000,9.9891949085e-04,1.5791107180e+00
406.850000,9.9825967057e-04,1.6239902970e+00
406.900000,1.0000685178e-03,1.6084064752e+00
406.950000,1.0005606591e-03,1.5842729607e+00
407.000000,9.9948558163e-04,1.6049120801e+00
407.050000,9.9893180428e-04,1.5907940025e+00
407.100000,9.9796793048e-04,1.6194866126e+00
407.150000,1.0003197271e-03,1.5905189699e+00
407.200000,9.9914785077e-04,1.6186154747e+00
407.250000,1.0001655285e-03,1.6007244896e+00
407.300000,9.9972951436e-04,1.6005555644e+00
407.350000,9.9876183766e-04,1.6237811431e+00
407.400000,1.0001936505e-03,1.5867451456e+00
407.450000,1.0015158172e-03,1.5203207263e+00
407.500000,1.0002800075e-03,1.6026230864e+00
407.550000,1.0000832034e-03,1.4941655341e+00
407.600000,9.9917257864e-04,1.5598159847e+00
407.650000,9.9864637551e-04,1.6417672921e+00
407.700000,9.9909518617e-04,1.5841708907e+00
407.750000,1.0006300606e-03,1.5965555566e+00
407.800000,1.0015944825e-03,1.5530766492e+00
407.850000,1.0000592048e-03,1.6329117887e+00
407.900000,9.9895617278e-04,1.6244099724e+00
407.950000,1.0006425361e-03,1.6385220803e+00
408.000000,9.9939500941e-04,1.5549085564e+00
408.050000,1.0001100011e-03,1.6112205757e+00
408.100000,1.0000134710e-03,1.6280093048e+00
408.150000,9.9995914805e-04,1.5622502933e+00
408.200000,1.0001615071e-03,1.5811874757e+00
408.250000,1.0002502166e-03,1.6097221289e+00
408.300000,1.0015076673e-03,1.5597563040e+00
408.350000,9.9792449006e-04,1.6225256344e+00
408.400000,1.0021047583e-03,1.5631846484e+00
408.450000,9.9924025075e-04,1.5539515510e+00
408.500000,1.0012795720e-03,1.5740017802e+00
408.550000,9.9945499587e-04,1.5424184325e+00
408.600000,1.0007222204e-03,1.5884821725e+00
408.650000,1.0009046645e-03,1.6043809366e+00
408.700000,1.0023170749e-03,1.6196786986e+00
408.750000,1.0010487453e-03,1.6081221673e+00
408.800000,9.9822535385e-04,1.5788001514e+00
408.850000,1.0012529819e-03,1.6465864118e+00
408.900000,9.9932379416e-04,1.6440614420e+00
408.950000,1.0007864923e-03,1.6261627204e+00
409.000000,9.9833118854e-04,1.5626107177e+00
409.050000,9.9892888323e-04,1.5636847287e+00
409.100000,9.9848474824e-04,1.6047562748e+00
409.150000,9.9876154797e-04,1.6443597791e+00
409.200000,9.9969726994e-04,1.6389869906e+00
409.250000,9.9969161112e-04,1.5811741813e+00
409.300000,9.9990763520e-04,1.5861355021e+00
409.350000,1.0013438469e-03,1.5885348826e+00
409.400000,9.9746457438e-04,1.5784443474e+00
409.450000,9.9919410554e-04,1.6103232962e+00
409.500000,1.0013018194e-03,1.5991807383e+00
409.550000,1.0003301930e-03,1.6202790979e+00
409.600000,9.9960733734e-04,1.6603918398e+00
409.650000,1.0004548598e-03,1.6072820678e+00
409.700000,1.0016693751e-03,1.6242613763e+00
409.750000,1.0002854559e-03,1.5937360237e+00
409.800000,1.0000520964e-03,1.6038304278e+00
409.850000,9.9935673854e-04,1.6112671633e+00
409.900000,9.9811369234e-04,1.6521236593e+00
409.950000,1.0012232594e-03,1.5646714686e+00
410.000000,1.0023051174e-03,1.6517121745e+00
410.050000,9.9958270007e-04,1.5227207205e+00
410.100000,9.9859858914e-04,1.6206744710e+00
410.150000,9.9932164161e-04,1.5723650757e+00
410.200000,9.9817391697e-04,1.6121518611e+00
410.250000,1.0007153253e-03,1.6394523673e+00
410.300000,1.0004085237e-03,1.6476758128e+00
410.350000,9.9957379325e-04,1.6182832902e+00
410.400000,9.9959857780e-04,1.6125821439e+00
410.450000,9.9768831552e-04,1.5741547901e+00
410.500000,1.0008807780e-03,1.6858013743e+00
410.550000,9.9848451201e-04,1.5424339166e+00
410.600000,9.9955412055e-04,1.6226409675e+00
410.650000,1.0014981465e-03,1.6207580603e+00
410.700000,1.0005291212e-03,1.6234095269e+00
410.750000,9.9998820157e-04,1.6063630480e+00
410.800000,1.0015703791e-03,1.6552701289e+00
410.850000,1.0014816375e-03,1.5733909686e+00
410.900000,1.0000372604e-03,1.6869188275e+00
410.950000,9.9799644396e-04,1.5598274335e+00
411.000000,9.9906956585e-04,1.5838325143e+00
411.050000,1.0002604307e-03,1.5865509926e+00
411.100000,1.0007811760e-03,1.5889103706e+00
411.150000,1.0000268340e-03,1.6187908316e+00
411.200000,9.9758112748e-04,1.6360758397e+00
411.250000,9.9928822812e-04,1.5823524991e+00
411.300000,9.9970347877e-04,1.5974454154e+00
411.350000,9.9842837949e-04,1.6372804001e+00
411.400000,9.9971335524e-04,1.6009963626e+00
411.450000,1.0007899384e-03,1.6438618709e+00
411.500000,1.0012579591e-03,1.5739562258e+00
411.550000,1.0018861233e-03,1.6029559735e+00
411.600000,1.0004178089e-03,1.5536879699e+00
411.650000,9.9926927429e-04,1.5698095911e+00
411.700000,9.9888610197e-04,1.5993229307e+00
411.750000,1.0016724990e-03,1.6007614492e+00
411.800000,1.0025177196e-03,1.5860682876e+00
411.850000,9.9784177822e-04,1.5775661335e+00
411.900000,9.9902253132e-04,1.5786384100e+00
411.950000,9.9884121484e-04,1.5715932550e+00
412.000000,9.9903292945e-04,1.5572817047e+00
412.050000,9.9998301108e-04,1.5511751248e+00
412.100000,9.9985476927e-04,1.5821446341e+00
412.150000,9.9973173374e-04,1.5650862765e+00
412.200000,1.0000342222e-03,1.5816926311e+00
412.250000,9.9981496019e-04,1.6255302286e+00
412.300000,1.0002703957e-03,1.5670312484e+00
412.350000,1.0000960071e-03,1.6383420700e+00
412.400000,1.0001184274e-03,1.6283768976e+00
412.450000,9.9997129362e-04,1.6252785248e+00
412.500000,9.9914320950e-04,1.6043386745e+00
412.550000,1.0014391785e-03,1.6030664913e+00
412.600000,9.9936557716e-04,1.5405859809e+00
412.650000,9.9992927774e-04,1.5899619815e+00
412.700000,1.0016605918e-03,1.5525736077e+00
412.750000,1.0000528719e-03,1.6025145658e+00
412.800000,1.0009617969e-03,1.6044769412e+00
412.850000,9.9981654836e-04,1.6090606776e+00
412.900000,1.0010087517e-03,1.6210911149e+00
412.950000,1.0005340965e-03,1.5979243252e+00
413.000000,1.0005296167e-03,1.5898283760e+00
413.050000,1.0001041411e-03,1.5716149775e+00
413.100000,1.0006608874e-03,1.5981970063e+00
413.150000,1.0005255099e-03,1.6243298513e+00
413.200000,9.9927163785e-04,1.5930438426e+00
413.250000,9.9858669880e-04,1.6199579435e+00
413.300000,1.0005814014e-03,1.5452511969e+00
413.350000,9.9960339718e-04,1.5378050887e+00
413.400000,9.9926123462e-04,1.5753432176e+00
413.450000,1.0010772857e-03,1.6050631521e+00
413.500000,1.0015035301e-03,1.6041586267e+00
413.550000,1.0021272493e-03,1.5299497165e+00
413.600000,9.9904201201e-04,1.5575942697e+00
413.650000,9.9924142693e-04,1.6189720052e+00
413.700000,9.9989017581e-04,1.6151541993e+00
413.750000,1.0000905869e-03,1.6272483142e+00
413.800000,9.9751084766e-04,1.6048155573e+00
413.850000,1.0000851847e-03,1.5610004970e+00
413.900000,9.9977705541e-04,1.5857857860e+00
413.950000,9.9838550364e-04,1.5657378528e+00
414.000000,1.0008102901e-03,1.6353850208e+00
414.050000,9.9852580501e-04,1.6312721908e+00
414.100000,1.0002089399e-03,1.5809495114e+00
414.150000,9.9788894555e-04,1.5596590008e+00
414.200000,9.9855859198e-04,1.6130443716e+00
414.250000,1.0003675336e-03,1.6056243394e+00
414.300000,1.0026026179e-03,1.5834257437e+00
414.350000,1.0014142354e-03,1.6213255534e+00
414.400000,9.9952869453e-04,1.6332961806e+00
414.450000,9.9815542707e-04,1.6185032713e+00
414.500000,1.0008981520e-03,1.6104725946e+00
414.550000,1.0004447554e-03,1.5461645387e+00
414.600000,9.9902710839e-04,1.5898234884e+00
414.650000,1.0009602446e-03,1.5926264724e+00
414.700000,1.0006380778e-03,1.6233428263e+00
414.750000,1.0010689000e-03,1.6097723301e+00
414.800000,1.0010055430e-03,1.6251509319e+00
414.850000,1.0000166024e-03,1.5523085539e+00
414.900000,1.0011141180e-03,1.6143586879e+00
414.950000,9.9899634685e-04,1.5584459968e+00
415.000000,1.0003149525e-03,1.5519498537e+00
415.050000,9.9913343410e-04,1.6567162523e+00
415.100000,1.0001749204e-03,1.5505105731e+00
415.150000,1.0014086373e-03,1.6410184930e+00
415.200000,9.9974142971e-04,1.6049344403e+00
415.250000,1.0014078681e-03,1.6293299207e+00
415.300000,1.0007818361e-03,1.5715375215e+00
415.350000,1.0012184948e-03,1.6391610928e+00
415.400000,9.9953852423e-04,1.6028779237e+00
415.450000,1.0002613009e-03,1.5377164656e+00
415.500000,1.0000948789e-03,1.5793427805e+00
415.550000,1.0002722190e-03,1.6105090575e+00
415.600000,9.9896769766e-04,1.6201063762e+00
415.650000,9.9989629728e-04,1.6182582958e+00
415.700000,9.9866789783e-04,1.6107146440e+00
415.750000,1.0007103592e-03,1.5449678271e+00
415.800000,1.0006042046e-03,1.5857333846e+00
415.850000,1.0011734842e-03,1.6096866625e+00
415.900000,9.9957208911e-04,1.5978383293e+00
415.950000,9.9986133388e-04,1.6015681567e+00
416.000000,1.0020372957e-03,1.5695265144e+00
416.050000,1.0004924864e-03,1.5448919008e+00
416.100000,1.0005156601e-03,1.5657722423e+00
416.150000,9.9938925653e-04,1.5597454021e+00
416.200000,9.9979853988e-04,1.5651588929e+00
416.250000,1.0027291358e-03,1.6144297120e+00
416.300000,9.9860220848e-04,1.6022768209e+00
416.350000,1.0021688970e-03,1.6333420275e+00
416.400000,1.0020020249e-03,1.6591142378e+00
416.450000,9.9925737672e-04,1.5783934285e+00
416.500000,9.9891838098e-04,1.5927244780e+00
416.550000,1.0001189472e-03,1.5641765584e+00
416.600000,1.0007864955e-03,1.6270254652e+00
416.650000,1.0005039250e-03,1.6093381136e+00
416.700000,1.0006114819e-03,1.6318478224e+00
416.750000,1.0003425588e-03,1.6132726289e+00
416.800000,9.9953655606e-04,1.5723534420e+00
416.850000,9.9903311828e-04,1.6212856847e+00
416.900000,9.9958285602e-04,1.6798533322e+00
416.950000,9.9966505111e-04,1.6451045600e+00
417.000000,1.0012758026e-03,1.6309413306e+00
417.050000,1.0006843825e-03,1.6493923716e+00
417.100000,9.9838872747e-04,1.6581457278e+00
417.150000,1.0014166714e-03,1.5770467830e+00
417.200000,9.9837850869e-04,1.5827493245e+00
417.250000,9.9897926573e-04,1.6131585852e+00
417.300000,1.0009037317e-03,1.5748141921e+00
417.350000,1.0003106379e-03,1.6223302739e+00
417.400000,9.9979700514e-04,1.6007095045e+00
417.450000,9.9971200807e-04,1.6222706223e+00
417.500000,9.9876954260e-04,1.6119593829e+00
417.550000,1.0012850117e-03,1.6227482430e+00
417.600000,1.0000017966e-03,1.5784706978e+00
417.650000,1.0000383393e-03,1.5587132291e+00
417.700000,9.9986480533e-04,1.5787328178e+00
417.750000,9.9943435559e-04,1.5933578541e+00
417.800000,9.9993504555e-04,1.5414027590e+00
417.850000,9.9939449622e-04,1.6407883459e+00
417.900000,1.0008025360e-03,1.5603540196e+00
417.950000,1.0031144452e-03,1.6173757803e+00
418.000000,1.0009886037e-03,1.6092524231e+00
418.050000,9.9970753869e-04,1.6180202491e+00
418.100000,1.0002136212e-03,1.6353632168e+00
418.150000,9.9963510350e-04,1.6196344047e+00
418.200000,1.0007392992e-03,1.5782685915e+00
418.250000,9.9895532928e-04,1.6633097843e+00
418.300000,9.9974469414e-04,1.6162364975e+00
418.350000,9.9908903254e-04,1.5910030109e+00
418.400000,1.0009885797e-03,1.5894321283e+00
418.450000,9.9989795276e-04,1.6051346702e+00
418.500000,1.0025363367e-03,1.5768946039e+00
418.550000,9.9878379527e-04,1.6160666308e+00
418.600000,1.0024995342e-03,1.6321659033e+00
418.650000,9.9917888417e-04,1.5463279532e+00
418.700000,1.0005034225e-03,1.6261711734e+00
418.750000,1.0006309274e-03,1.6277405731e+00
418.800000,9.9800638174e-04,1.6452695042e+00
418.850000,1.0002679627e-03,1.5809574958e+00
418.900000,9.9900082924e-04,1.6115197740e+00
418.950000,1.0000258801e-03,1.6181036166e+00
419.000000,9.9911602660e-04,1.6303975029e+00
419.050000,1.0006559091e-03,1.6550590837e+00
419.100000,1.0012756281e-03,1.5878524925e+00
419.150000,1.0005475780e-03,1.5844715350e+00
419.200000,9.9797075390e-04,1.6025172530e+00
419.250000,1.0000449607e-03,1.5785099328e+00
419.300000,9.9951396995e-04,1.5726005334e+00
419.350000,1.0019811142e-03,1.5512628602e+00
419.400000,9.9950898525e-04,1.5651063753e+00
419.450000,1.0006321116e-03,1.5594362370e+00
419.500000,1.0004891728e-03,1.5912260100e+00
419.550000,1.0002680857e-03,1.5995688212e+00
419.600000,9.9964472129e-04,1.6615797028e+00
419.650000,1.0018325237e-03,1.6114101278e+00
419.700000,1.0004252517e-03,1.5829715620e+00
419.750000,1.0006535756e-03,1.6127544495e+00
419.800000,1.0007634455e-03,1.6165795239e+00
419.850000,9.9979640158e-04,1.6296678585e+00
419.900000,1.0004043659e-03,1.6130883623e+00
419.950000,9.9979995292e-04,1.5999586753e+00
420.000000,9.9970982243e-04,1.6160794709e+00
420.050000,1.0002193694e-03,1.6512645207e+00
420.100000,9.9991707229e-04,1.6508224435e+00
420.150000,1.0015426842e-03,1.5680245191e+00
420.200000,1.0014162020e-03,1.5410753728e+00
420.250000,9.9985429699e-04,1.5925045089e+00
420.300000,9.9872727355e-04,1.6024539082e+00
420.350000,1.0002115842e-03,1.5887651847e+00
420.400000,1.0010819426e-03,1.5743103532e+00
420.450000,1.0004387312e-03,1.5548533948e+00
420.500000,9.9903153020e-04,1.6021186692e+00
420.550000,1.0000467988e-03,1.7039759143e+00
420.600000,9.9937282790e-04,1.6250065443e+00
420.650000,1.0007085728e-03,1.5846952292e+00
420.700000,9.9943897818e-04,1.6358809671e+00
420.750000,9.9885870282e-04,1.6516460382e+00
420.800000,9.9893185925e-04,1.6136725690e+00
420.850000,1.0011015077e-03,1.5717007451e+00
420.900000,1.0013609863e-03,1.6162241946e+00
420.950000,1.0016137690e-03,1.6605997586e+00
421.000000,9.9879439966e-04,1.5413776747e+00
421.050000,1.0005252103e-03,1.6566311127e+00
421.100000,9.9976824981e-04,1.6427231901e+00
421.150000,9.9854101943e-04,1.5792394812e+00
421.200000,1.0012110492e-03,1.5533920635e+00
421.250000,9.9919209553e-04,1.6057733683e+00
421.300000,9.9870555161e-04,1.6275062427e+00
421.350000,9.9820277154e-04,1.6338232364e+00
421.400000,1.0003087890e-03,1.5591092653e+00
421.450000,9.9927556537e-04,1.6328510005e+00
421.500000,9.9937183090e-04,1.5827072828e+00
421.550000,1.0001874833e-03,1.5824135115e+00
421.600000,9.9869585254e-04,1.6210787704e+00
421.650000,9.9894156539e-04,1.6141668558e+00
421.700000,1.0014357343e-03,1.5324916857e+00
421.750000,1.0018619817e-03,1.6080244352e+00
421.800000,9.9922219066e-04,1.6338371714e+00
421.850000,9.9848454329e-04,1.6660129935e+00
421.900000,9.9949164739e-04,1.5580296816e+00
421.950000,1.0012908135e-03,1.5923100061e+00
422.000000,9.9854115135e-04,1.6346870415e+00
422.050000,9.9993270579e-04,1.5844251051e+00
422.100000,9.9967268826e-04,1.6302901282e+00
422.150000,9.9985457128e-04,1.5969599519e+00
422.200000,9.9972177358e-04,1.6008903461e+00
422.250000,9.9947854023e-04,1.6079400160e+00
422.300000,1.0015975556e-03,1.6062374243e+00
422.350000,1.0023261348e-03,1.6108057132e+00
422.400000,9.9859447886e-04,1.6411905013e+00
422.450000,1.0014209333e-03,1.6369895121e+00
422.500000,1.0000628435e-03,1.5918933578e+00
422.550000,9.9851482309e-04,1.6166752544e+00
422.600000,9.9986091770e-04,1.6042965978e+00
422.650000,1.0006503055e-03,1.6041272369e+00
422.700000,1.0004939178e-03,1.6063837731e+00
422.750000,9.9968297110e-04,1.5927103126e+00
422.800000,9.9938918758e-04,1.5640694296e+00
422.850000,1.0019406476e-03,1.6043646688e+00
422.900000,9.9845558430e-04,1.5820638053e+00
422.950000,9.9995497720e-04,1.5715465827e+00
423.000000,1.0010008942e-03,1.5813707992e+00
423.050000,1.0008307350e-03,1.6278621125e+00
423.100000,1.0005141966e-03,1.6746256944e+00
423.150000,9.9894332135e-04,1.5667238950e+00
423.200000,9.9977834352e-04,1.5591011552e+00
423.250000,1.0012387186e-03,1.6393583847e+00
423.300000,1.0004579375e-03,1.6458740676e+00
423.350000,9.9853835374e-04,1.5347166322e+00
423.400000,1.0002404194e-03,1.5525133310e+00
423.450000,1.0007124860e-03,1.6167047010e+00
423.500000,9.9978057379e-04,1.5726144631e+00
423.550000,9.9898059274e-04,1.6329919843e+00
423.600000,9.9916806445e-04,1.5867911876e+00
423.650000,1.0003151792e-03,1.6537040079e+00
423.700000,1.0006920815e-03,1.5898737445e+00
423.750000,1.0018136662e-03,1.6640997782e+00
423.800000,1.0003121958e-03,1.5820826885e+00
423.850000,9.9864143745e-04,1.6411338414e+00
423.900000,9.9979142850e-04,1.5873114694e+00
423.950000,9.9925051059e-04,1.6233432519e+00
424.000000,9.9972376255e-04,1.6099692513e+00
424.050000,9.9998723416e-04,1.5742467934e+00
424.100000,9.9983960799e-04,1.5580294246e+00
424.150000,9.9845540852e-04,1.5560023666e+00
424.200000,9.9989646213e-04,1.6420403087e+00
424.250000,9.9897792046e-04,1.6565564291e+00
424.300000,9.9993381725e-04,1.6503939199e+00
424.350000,9.9961202581e-04,1.6098279830e+00
424.400000,1.0000225687e-03,1.6427006435e+00
424.450000,9.9926311694e-04,1.6263334217e+00
424.500000,1.0012778959e-03,1.6495836653e+00
424.550000,1.0023053135e-03,1.5757896370e+00
424.600000,1.0004615278e-03,1.6098972282e+00
424.650000,9.9948947230e-04,1.5819234229e+00
424.700000,9.9753158451e-04,1.6377206696e+00
424.750000,9.9973358434e-04,1.6089696201e+00
424.800000,1.0006351339e-03,1.6052123086e+00
424.850000,1.0008519266e-03,1.6199694912e+00
424.900000,9.9927224284e-04,1.6315878043e+00
424.950000,1.0023539648e-03,1.6466110570e+00
425.000000,1.0011416729e-03,1.6138056649e+00
425.050000,1.0014522512e-03,1.5250276626e+00
425.100000,9.9982240359e-04,1.6293073113e+00
425.150000,1.0003538527e-03,1.6139630754e+00
425.200000,1.0017182199e-03,1.6262693091e+00
425.250000,9.9860204008e-04,1.5577202412e+00
425.300000,1.0004792839e-03,1.6075550560e+00
425.350000,1.0023959604e-03,1.6310282304e+00
425.400000,9.9942838033e-04,1.5676451254e+00
425.450000,1.0000129918e-03,1.6440421923e+00
425.500000,9.9831237762e-04,1.6135642776e+00
425.550000,1.0016650509e-03,1.5488325092e+00
425.600000,9.9824248815e-04,1.6236081600e+00
425.650000,1.0017151718e-03,1.5953191537e+00
425.700000,9.9864606492e-04,1.6166000577e+00
425.750000,1.0001909604e-03,1.6407241942e+00
425.800000,9.9966359784e-04,1.6426980049e+00
425.850000,1.0001319442e-03,1.6164368651e+00
425.900000,1.0009897158e-03,1.5787799626e+00
425.950000,9.9824182299e-04,1.6064546121e+00
426.000000,9.9976682096e-04,1.5613132480e+00
426.050000,1.0004652421e-03,1.6040974488e+00
426.100000,9.9885271714e-04,1.5564589877e+00
426.150000,1.0000632673e-03,1.5925350765e+00
426.200000,9.9841042809e-04,1.6050500677e+00
426.250000,1.0001208706e-03,1.6004976567e+00
426.300000,1.0006094761e-03,1.6203088571e+00
426.350000,1.0011256225e-03,1.6328703486e+00
426.400000,9.9649840592e-04,1.6054697027e+00
426.450000,1.0000287728e-03,1.6400668901e+00
426.500000,1.0006632590e-03,1.6271450891e+00
426.550000,9.9939022841e-04,1.5955956442e+00
426.600000,1.0008522613e-03,1.6030605616e+00
426.650000,1.0016740759e-03,1.6232360791e+00
426.700000,9.9907680411e-04,1.5829726576e+00
426.750000,1.0000727902e-03,1.6296920583e+00
426.800000,9.9956245873e-04,1.5411085933e+00
426.850000,1.0011826780e-03,1.6049874770e+00
426.900000,9.9937086079e-04,1.5943497518e+00
426.950000,9.9994228241e-04,1.6546567888e+00
427.000000,9.9899680018e-04,1.5865834145e+00
427.050000,1.0013716555e-03,1.5474973760e+00
427.100000,9.9910758727e-04,1.5959897364e+00
427.150000,9.9984348210e-04,1.6609586672e+00
427.200000,1.0000291675e-03,1.5833063257e+00
427.250000,1.0000841059e-03,1.5588667784e+00
427.300000,9.9884060954e-04,1.6111809123e+00
427.350000,1.0007474159e-03,1.6382945623e+00
427.400000,1.0015210627e-03,1.6196513158e+00
427.450000,9.9926346382e-04,1.6238570841e+00
427.500000,1.0003623468e-03,1.6055759215e+00
427.550000,1.0003334718e-03,1.6870896190e+00
427.600000,9.9925906640e-04,1.6603971850e+00
427.650000,9.9936376597e-04,1.5953912403e+00
427.700000,1.0002883466e-03,1.5690570041e+00
427.750000,9.9862220962e-04,1.6405488861e+00
427.800000,9.9958828889e-04,1.5507541782e+00
427.850000,9.9899873001e-04,1.5211824842e+00
427.900000,1.0010790627e-03,1.6160592837e+00
427.950000,1.0004115295e-03,1.6248068907e+00
428.000000,9.9944604585e-04,1.6531791906e+00
428.050000,9.9910236535e-04,1.6833675355e+00
428.100000,9.9972664787e-04,1.5263218315e+00
428.150000,1.0009843741e-03,1.5755089426e+00
428.200000,9.9872728642e-04,1.5833999871e+00
428.250000,9.9881593581e-04,1.5788103054e+00
428.300000,9.9974348028e-04,1.6300316964e+00
428.350000,1.0000195136e-03,1.5958551591e+00
428.400000,9.9893826899e-04,1.6379837528e+00
428.450000,1.0005579153e-03,1.5500900825e+00
428.500000,1.0008204292e-03,1.5285395697e+00
428.550000,9.9901427757e-04,1.6077468984e+00
428.600000,1.0031141432e-03,1.6034194533e+00
428.650000,1.0012754111e-03,1.5752211878e+00
428.700000,1.0010025886e-03,1.6202213297e+00
428.750000,1.0001553941e-03,1.6058476712e+00
428.800000,9.9867479870e-04,1.6165570785e+00
428.850000,9.9798560590e-04,1.6358264486e+00
428.900000,1.0002249206e-03,1.5588194481e+00
428.950000,1.0014226953e-03,1.6201518942e+00
429.000000,9.9881205384e-04,1.5809686684e+00
429.050000,1.0003609264e-03,1.5928085654e+00
429.100000,9.9865967500e-04,1.5576794767e+00
429.150000,1.0001893870e-03,1.5567228638e+00
429.200000,1.0005123826e-03,1.6176168861e+00
429.250000,9.9785986192e-04,1.6445090556e+00
429.300000,1.0002682763e-03,1.6340799493e+00
429.350000,1.0025308282e-03,1.5987566651e+00
429.400000,9.9964030248e-04,1.6038380203e+00
429.450000,1.0001601720e-03,1.5565875324e+00
429.500000,9.9843670234e-04,1.5394038505e+00
429.550000,9.9945276656e-04,1.5973974566e+00
429.600000,1.0007337420e-03,1.5092889008e+00
429.650000,1.0009266573e-03,1.5493846331e+00
429.700000,1.0009607982e-03,1.6411792608e+00
429.750000,9.9889980387e-04,1.5954199386e+00
429.800000,9.9966687729e-04,1.6183046400e+00
429.850000,9.9934276258e-04,1.5745430595e+00
429.900000,1.0006821047e-03,1.5995584430e+00
429.950000,1.0003236895e-03,1.6397924372e+00
430.000000,9.9964702761e-04,1.5959539377e+00
430.050000,1.0018390406e-03,1.6193477214e+00
430.100000,1.0015963477e-03,1.6135716107e+00
430.150000,9.9904335149e-04,1.5639454004e+00
430.200000,1.0013222769e-03,1.6331158655e+00
430.250000,9.9931122827e-04,1.5870487566e+00
430.300000,1.0007970873e-03,1.5845241709e+00
430.350000,1.0005444854e-03,1.6058648236e+00
430.400000,1.0003496983e-03,1.6611983613e+00
430.450000,1.0008378731e-03,1.6309757958e+00
430.500000,9.9931804115e-04,1.5551737869e+00
430.550000,9.9906145385e-04,1.6355382277e+00
430.600000,9.9902095113e-04,1.6349902082e+00
430.650000,1.0004731131e-03,1.5976294449e+00
430.700000,9.9947389286e-04,1.6648011103e+00
430.750000,1.0001012103e-03,1.6065974493e+00
430.800000,1.0014615490e-03,1.5501537305e+00
430.850000,1.0007902363e-03,1.6027695162e+00
430.900000,9.9924079262e-04,1.5728867228e+00
430.950000,1.0013750353e-03,1.6137515125e+00
431.000000,1.0007295643e-03,1.6208316968e+00
431.050000,1.0006253313e-03,1.5696644591e+00
431.100000,1.0004251788e-03,1.5998453285e+00
431.150000,9.9822128922e-04,1.6457805269e+00
431.200000,9.9982961347e-04,1.5602757979e+00
431.250000,1.0009095742e-03,1.6120526250e+00
431.300000,9.9993499091e-04,1.6566646663e+00
431.350000,9.9975044998e-04,1.5738219420e+00
431.400000,1.0004266131e-03,1.5971091701e+00
431.450000,1.0008016486e-03,1.6255102602e+00
431.500000,9.9927266344e-04,1.6071938615e+00
431.550000,1.0010502311e-03,1.6405733039e+00
431.600000,1.0009635789e-03,1.6333573342e+00
431.650000,9.9878324319e-04,1.6165180581e+00
431.700000,1.0006979009e-03,1.6329322927e+00
431.750000,1.0006283954e-03,1.6502892070e+00
431.800000,1.0002936203e-03,1.6325661383e+00
431.850000,9.9910776032e-04,1.6028960195e+00
431.900000,1.0003949058e-03,1.5658092903e+00
431.950000,9.9891126803e-04,1.5745536164e+00
432.000000,1.0003735607e-03,1.5568854060e+00
432.050000,1.0009139487e-03,1.5793198770e+00
432.100000,1.0010612509e-03,1.6200682457e+00
432.150000,9.9944608737e-04,1.6280499932e+00
432.200000,9.9948150633e-04,1.5891392937e+00
432.250000,1.0007071175e-03,1.6281462702e+00
432.300000,9.9913949022e-04,1.6078337432e+00
432.350000,1.0008108782e-03,1.5765404994e+00
432.400000,9.9971837525e-04,1.6160514621e+00
432.450000,1.0002031057e-03,1.5442642769e+00
432.500000,9.9894536377e-04,1.6071752401e+00
432.550000,1.0017582928e-03,1.5603546992e+00
432.600000,9.9911661474e-04,1.5974992007e+00
432.650000,9.9838075202e-04,1.6396064347e+00
432.700000,9.9863402362e-04,1.5821092566e+00
432.750000,1.0000121258e-03,1.6205870723e+00
432.800000,9.9930405767e-04,1.5981978270e+00
432.850000,9.9951426594e-04,1.6218224973e+00
432.900000,9.9933399282e-04,1.6011416845e+00
432.950000,9.9988436431e-04,1.5939744681e+00
433.000000,1.0004215057e-03,1.5903196012e+00
433.050000,1.0000787864e-03,1.6745283546e+00
433.100000,1.0001891333e-03,1.6262363674e+00
433.150000,9.9855367076e-04,1.6031925864e+00
433.200000,9.9816875793e-04,1.6048147629e+00
433.250000,9.9846772530e-04,1.5984880740e+00
433.300000,9.9787170270e-04,1.5963897591e+00
433.350000,1.0002145314e-03,1.5779255139e+00
433.400000,9.9804782952e-04,1.5849399796e+00
433.450000,9.9992879806e-04,1.6402000785e+00
433.500000,9.9850183378e-04,1.5423806151e+00
433.550000,9.9798998509e-04,1.5532816947e+00
433.600000,9.9684649853e-04,1.6324114167e+00
433.650000,1.0010851767e-03,1.6361191011e+00
433.700000,1.0006266960e-03,1.5951667471e+00
433.750000,1.0000370690e-03,1.5532858802e+00
433.800000,9.9924405711e-04,1.5849382287e+00
433.850000,1.0022782024e-03,1.6006416547e+00
433.900000,9.9945235110e-04,1.6313974406e+00
433.950000,9.9909379520e-04,1.6091195432e+00
434.000000,9.9925437659e-04,1.6235003271e+00
434.050000,1.0006939964e-03,1.6189330937e+00
434.100000,9.9877265473e-04,1.6394246981e+00
434.150000,1.0008548435e-03,1.6596561084e+00
434.200000,9.9995957658e-04,1.6114998068e+00
434.250000,1.0002604139e-03,1.5935470514e+00
434.300000,1.0011215592e-03,1.6506227725e+00
434.350000,9.9901689981e-04,1.5954708884e+00
434.400000,9.9915398871e-04,1.6006907211e+00
434.450000,1.0000715170e-03,1.6125186538e+00
434.500000,1.0000644529e-03,1.6102528411e+00
434.550000,9.9891389836e-04,1.6383411627e+00
434.600000,1.0002419872e-03,1.5865645546e+00
434.650000,1.0003956306e-03,1.5854821380e+00
434.700000,1.0000186267e-03,1.6516267758e+00
434.750000,9.9969733463e-04,1.6561625872e+00
434.800000,9.9958824093e-04,1.5898867249e+00
434.850000,9.9968601415e-04,1.6329929776e+00
434.900000,1.0009730465e-03,1.6200822767e+00
434.950000,1.0003977194e-03,1.5960883171e+00
435.000000,1.0013492022e-03,1.5797664259e+00
435.050000,1.0014181334e-03,1.6105286308e+00
435.100000,9.9836597683e-04,1.6226530456e+00
435.150000,1.0023119356e-03,1.5539136881e+00
435.200000,9.9763275700e-04,1.6033823844e+00
435.250000,1.0023572785e-03,1.5659678220e+00
435.300000,9.9842293459e-04,1.6498348114e+00
435.350000,1.0010321003e-03,1.5969131145e+00
435.400000,1.0005218387e-03,1.6241284857e+00
435.450000,1.0012699619e-03,1.5912585733e+00
435.500000,9.9947254646e-04,1.6360684943e+00
435.550000,9.9896486536e-04,1.6124855363e+00
435.600000,9.9907054176e-04,1.6049703314e+00
435.650000,9.9924071985e-04,1.6396966955e+00
435.700000,9.9987476949e-04,1.5413853917e+00
435.750000,9.9930513831e-04,1.6398595397e+00
435.800000,1.0002027922e-03,1.5803663861e+00
435.850000,1.0008123470e-03,1.5864478406e+00
435.900000,1.0007766474e-03,1.6479799230e+00
435.950000,9.9930069982e-04,1.6083026916e+00
436.000000,9.9909192513e-04,1.5978238924e+00
436.050000,9.9928091255e-04,1.5382051689e+00
436.100000,1.0005377345e-03,1.5584808638e+00
436.150000,9.9910190526e-04,1.5691238439e+00
436.200000,9.9946703558e-04,1.6915937275e+00
436.250000,9.9972311397e-04,1.6399994333e+00
436.300000,9.9912986593e-04,1.5349284060e+00
436.350000,1.0012874086e-03,1.5679584455e+00
436.400000,9.9903149294e-04,1.6032928590e+00
436.450000,1.0020821533e-03,1.5957663243e+00
436.500000,1.0004330756e-03,1.6390304904e+00
436.550000,1.0031606088e-03,1.5678628367e+00
436.600000,9.9869779630e-04,1.6257938756e+00
436.650000,9.9891647016e-04,1.6368022511e+00
436.700000,9.9997250697e-04,1.6217697484e+00
436.750000,1.0007528770e-03,1.6522202799e+00
436.800000,9.9982202139e-04,1.6284517889e+00
436.850000,9.9943668905e-04,1.5678712029e+00
436.900000,9.9899663304e-04,1.5414807124e+00
436.950000,9.9929043999e-04,1.5990437947e+00
437.000000,1.0013870247e-03,1.5982224154e+00
437.050000,9.9977945827e-04,1.5623015905e+00
437.100000,9.9994057572e-04,1.6440856548e+00
437.150000,9.9777149374e-04,1.6170748944e+00
437.200000,1.0014545115e-03,1.6836268368e+00
437.250000,9.9817433753e-04,1.6208585470e+00
437.300000,1.0008872053e-03,1.6057807397e+00
437.350000,9.9858427225e-04,1.5627526866e+00
437.400000,1.0007786761e-03,1.5737566893e+00
437.450000,9.9979482159e-04,1.6077993375e+00
437.500000,1.0006488826e-03,1.5706592145e+00
437.550000,1.0007478960e-03,1.6497171379e+00
437.600000,9.9942947871e-04,1.5973584828e+00
437.650000,9.9994533413e-04,1.6188376047e+00
437.700000,1.0004962295e-03,1.5919579529e+00
437.750000,1.0006842383e-03,1.6607659394e+00
437.800000,1.0006772534e-03,1.5970562652e+00
437.850000,9.9958623150e-04,1.6063472257e+00
437.900000,9.9972426602e-04,1.5433924303e+00
437.950000,9.9945924441e-04,1.5998429819e+00
438.000000,9.9950316971e-04,1.6271982178e+00
438.050000,9.9943413602e-04,1.5742192692e+00
438.100000,1.0004847635e-03,1.5604858606e+00
438.150000,9.9756805151e-04,1.6480306538e+00
438.200000,9.9865935424e-04,1.6196309249e+00
438.250000,9.9994244935e-04,1.6747908932e+00
438.300000,1.0004888296e-03,1.6203295607e+00
438.350000,9.9980831031e-04,1.5450282113e+00
438.400000,1.0017583052e-03,1.6153715828e+00
438.450000,1.0018261883e-03,1.5479785451e+00
438.500000,1.0007120614e-03,1.5864998419e+00
438.550000,1.0005290715e-03,1.5935436566e+00
438.600000,1.0005226192e-03,1.6156183434e+00
438.650000,9.9976430919e-04,1.6363929428e+00
438.700000,9.9925124650e-04,1.5747926098e+00
438.750000,1.0004055571e-03,1.5975107222e+00
438.800000,9.9978016328e-04,1.5577316582e+00
438.850000,1.0005984813e-03,1.6344583156e+00
438.900000,1.0007474532e-03,1.6027389294e+00
438.950000,1.0011087106e-03,1.6412560622e+00
439.000000,1.0003266014e-03,1.5668833564e+00
439.050000,9.9980356656e-04,1.6161993165e+00
439.100000,9.9941622139e-04,1.5674847578e+00
439.150000,9.9995756510e-04,1.5280208402e+00
439.200000,9.9974608541e-04,1.6645919891e+00
439.250000,9.9866856702e-04,1.6261509941e+00
439.300000,1.0001380669e-03,1.6000249294e+00
439.350000,9.9888254557e-04,1.5809220246e+00
439.400000,1.0000348714e-03,1.5947566786e+00
439.450000,1.0004807935e-03,1.6166645450e+00
439.500000,1.0001446238e-03,1.5719382108e+00
439.550000,1.0009774330e-03,1.5781640886e+00
439.600000,1.0011901101e-03,1.6326667505e+00
439.650000,1.0010420846e-03,1.5754105551e+00
439.700000,9.9935240242e-04,1.6105065482e+00
439.750000,9.9904286543e-04,1.6341609949e+00
439.800000,9.9870934014e-04,1.6294433588e+00
439.850000,9.9751212461e-04,1.6078604794e+00
439.900000,9.9919368349e-04,1.5644236618e+00
439.950000,9.9921120891e-04,1.6516559289e+00
440.000000,9.9958516227e-04,1.6088326337e+00
440.050000,9.9934159099e-04,1.6283773069e+00
440.100000,1.0016860651e-03,1.6200774097e+00
440.150000,1.0008130671e-03,1.5907522716e+00
440.200000,9.9798777482e-04,1.6067557928e+00
440.250000,1.0002266949e-03,1.6483275615e+00
440.300000,9.9887723108e-04,1.5942582171e+00
440.350000,1.0007550686e-03,1.6539052836e+00
440.400000,1.0017515322e-03,1.6354335015e+00
440.450000,9.9746359118e-04,1.5945291318e+00
440.500000,9.9903053584e-04,1.5812483046e+00
440.550000,1.0007183422e-03,1.5850495699e+00
440.600000,1.0010952989e-03,1.5867720726e+00
440.650000,9.9987229088e-04,1.5443646029e+00
440.700000,1.0010917851e-03,1.5798986443e+00
440.750000,1.0001226543e-03,1.6106977576e+00
440.800000,1.0014193610e-03,1.6101923387e+00
440.850000,1.0012868872e-03,1.5818612804e+00
440.900000,9.9996250168e-04,1.5683209293e+00
440.950000,9.9995505238e-04,1.5826212556e+00
441.000000,9.9955151451e-04,1.6427366979e+00
441.050000,1.0007099295e-03,1.6017047419e+00
441.100000,1.0005517850e-03,1.6203453580e+00
441.150000,9.9809221734e-04,1.6212220348e+00
441.200000,9.9939169893e-04,1.6438561389e+00
441.250000,9.9850973563e-04,1.6777666969e+00
441.300000,1.0005042589e-03,1.6032330093e+00
441.350000,9.9972460729e-04,1.5490381912e+00
441.400000,9.9887942813e-04,1.6170454219e+00
441.450000,9.9907381900e-04,1.6226930724e+00
441.500000,9.9997524760e-04,1.5901327288e+00
441.550000,1.0012485105e-03,1.5339730218e+00
441.600000,9.9903493317e-04,1.5827777174e+00
441.650000,1.0003466834e-03,1.6183425869e+00
441.700000,1.0004723075e-03,1.5866917129e+00
441.750000,1.0007681316e-03,1.5938942022e+00
441.800000,9.9740297756e-04,1.5423034414e+00
441.850000,9.9957867482e-04,1.5860465423e+00
441.900000,9.9935816200e-04,1.5966765755e+00
441.950000,9.9939949408e-04,1.5508198711e+00
442.000000,1.0006672248e-03,1.5928008693e+00
442.050000,1.0002790051e-03,1.5525714224e+00
442.100000,9.9851378261e-04,1.5820777635e+00
442.150000,1.0005808036e-03,1.6156911010e+00
442.200000,1.0014331014e-03,1.6267506162e+00
442.250000,9.9745166140e-04,1.5546856950e+00
442.300000,1.0001303118e-03,1.5662718848e+00
442.350000,1.0008885165e-03,1.5863850312e+00
442.400000,9.9860263854e-04,1.5970574408e+00
442.450000,1.0005138430e-03,1.5808994439e+00
442.500000,9.9813609373e-04,1.5658709744e+00
442.550000,9.9989307970e-04,1.5934102595e+00
442.600000,1.0009295988e-03,1.6288336407e+00
442.650000,9.9922520710e-04,1.4818030152e+00
442.700000,1.0008649736e-03,1.5467955785e+00
442.750000,1.0004095238e-03,1.6034563880e+00
442.800000,1.0014005256e-03,1.6126640831e+00
442.850000,1.0011034182e-03,1.6045889002e+00
442.900000,9.9950936425e-04,1.5751149946e+00
442.950000,1.0009558275e-03,1.6116655177e+00
443.000000,9.9977309921e-04,1.5655753883e+00
443.050000,1.0017970094e-03,1.5988547971e+00
443.100000,9.9989127098e-04,1.5984717781e+00
443.150000,1.0013115339e-03,1.6016447869e+00
443.200000,1.0008683273e-03,1.6682672317e+00
443.250000,1.0000611709e-03,1.6096260240e+00
443.300000,9.9815254369e-04,1.5609137266e+00
443.350000,9.9970998650e-04,1.6371244124e+00
443.400000,9.9969317093e-04,1.6227292061e+00
443.450000,1.0019901100e-03,1.5625996521e+00
443.500000,1.0005679901e-03,1.5826433107e+00
443.550000,9.9948788723e-04,1.6365900065e+00
443.600000,1.0001162618e-03,1.5659978993e+00
443.650000,9.9948326184e-04,1.6564143645e+00
443.700000,9.9989805336e-04,1.6278253923e+00
443.750000,1.0009693952e-03,1.6154021924e+00
443.800000,1.0013475555e-03,1.5906536207e+00
443.850000,9.9953379979e-04,1.5929817412e+00
443.900000,1.0006086699e-03,1.6332216824e+00
443.950000,9.9977357445e-04,1.6138502635e+00
444.000000,9.9863141943e-04,1.6122716363e+00
444.050000,1.0001501822e-03,1.6277502647e+00
444.100000,9.9954429717e-04,1.5875143855e+00
444.150000,9.9896791944e-04,1.6126377635e+00
444.200000,9.9764603820e-04,1.5954397977e+00
444.250000,9.9902436732e-04,1.5663263660e+00
444.300000,9.9857203173e-04,1.6135553216e+00
444.350000,9.9986652894e-04,1.6074207759e+00
444.400000,1.0007574638e-03,1.4667214250e+00
444.450000,1.0001227883e-03,1.5944165551e+00
444.500000,9.9999748854e-04,1.6185364991e+00
444.550000,1.0002369654e-03,1.5712081984e+00
444.600000,9.9790263649e-04,1.5707774936e+00
444.650000,9.9876777243e-04,1.5654089704e+00
444.700000,1.0014611267e-03,1.6021443034e+00
444.750000,9.9953702050e-04,1.5769612211e+00
444.800000,1.0006150438e-03,1.5683063453e+00
444.850000,1.0007515960e-03,1.5922884990e+00
444.900000,1.0017416623e-03,1.5674619104e+00
444.950000,1.0006334541e-03,1.6164749438e+00
445.000000,9.9867625088e-04,1.6503812106e+00
445.050000,1.0009082479e-03,1.6160429628e+00
445.100000,9.9886034412e-04,1.6075268242e+00
445.150000,9.9986263030e-04,1.6308105682e+00
445.200000,1.0000925781e-03,1.6106150056e+00
445.250000,1.0006407921e-03,1.6107388687e+00
445.300000,1.0023269603e-03,1.5763400773e+00
445.350000,1.0006705124e-03,1.5538506640e+00
445.400000,1.0009171560e-03,1.6175905556e+00
445.450000,9.9928871713e-04,1.5877808214e+00
445.500000,9.9985245858e-04,1.5994278037e+00
445.550000,9.9852870315e-04,1.6080233788e+00
445.600000,1.0009545570e-03,1.6173369627e+00
445.650000,1.0020260613e-03,1.6022649182e+00
445.700000,9.9913156410e-04,1.5228484689e+00
445.750000,1.0013715669e-03,1.6903463982e+00
445.800000,9.9941282106e-04,1.6157282707e+00
445.850000,9.9969319943e-04,1.6021353204e+00
445.900000,9.9827955590e-04,1.5857731124e+00
445.950000,1.0009124968e-03,1.6530966626e+00
446.000000,1.0023991719e-03,1.5997716649e+00
446.050000,9.9975292672e-04,1.5719592684e+00
446.100000,9.9817802929e-04,1.6642013766e+00
446.150000,1.0001817849e-03,1.6127284941e+00
446.200000,1.0006683017e-03,1.6178393407e+00
446.250000,1.0019567232e-03,1.5811144015e+00
446.300000,1.0019419713e-03,1.6017170062e+00
446.350000,1.0000295723e-03,1.5932774422e+00
446.400000,9.9926087590e-04,1.6989265113e+00
446.450000,9.9875098598e-04,1.6436540298e+00
446.500000,1.0001911161e-03,1.6468977573e+00
446.550000,9.9985063043e-04,1.5949822879e+00
446.600000,1.0000807470e-03,1.5949525354e+00
446.650000,9.9918262639e-04,1.5931289870e+00
446.700000,1.0010516236e-03,1.5909391072e+00
446.750000,1.0007563752e-03,1.6158378802e+00
446.800000,9.9866509513e-04,1.6287122335e+00
446.850000,1.0007231441e-03,1.5899662086e+00
446.900000,9.9996584201e-04,1.6439707897e+00
446.950000,9.9928816201e-04,1.5638208626e+00
447.000000,9.9942394545e-04,1.5893190446e+00
447.050000,9.9933445153e-04,1.5923235808e+00
447.100000,1.0013154273e-03,1.5393975751e+00
447.150000,1.0000964416e-03,1.5879227132e+00
447.200000,1.0006962106e-03,1.5857991757e+00
447.250000,9.9884452508e-04,1.5985873926e+00
447.300000,9.9958921979e-04,1.6269222901e+00
447.350000,9.9960933070e-04,1.6028316313e+00
447.400000,9.9960784159e-04,1.5604910227e+00
447.450000,9.9869400768e-04,1.5722999485e+00
447.500000,9.9867702631e-04,1.6281878588e+00
447.550000,1.0001774580e-03,1.6032285442e+00
447.600000,9.9958220267e-04,1.5817298702e+00
447.650000,9.9998659068e-04,1.6294659154e+00
447.700000,1.0011251537e-03,1.6218577832e+00
447.750000,1.0014161549e-03,1.6290471867e+00
447.800000,1.0006055924e-03,1.5769583782e+00
447.850000,9.9927398533e-04,1.5588879913e+00
447.900000,1.0005474173e-03,1.6090967130e+00
447.950000,9.9977639677e-04,1.5488811140e+00
448.000000,1.0001813287e-03,1.5959733432e+00
448.050000,9.9928050191e-04,1.6548144018e+00
448.100000,1.0008475580e-03,1.6131932538e+00
448.150000,1.0011060319e-03,1.5772091054e+00
448.200000,1.0001671816e-03,1.6503127357e+00
448.250000,9.9971716960e-04,1.6356750702e+00
448.300000,1.0010174636e-03,1.5933734520e+00
448.350000,1.0005543538e-03,1.6133931878e+00
448.400000,9.9981369798e-04,1.5892190687e+00
448.450000,9.9979895545e-04,1.5947990369e+00
448.500000,9.9841667593e-04,1.6410448336e+00
448.550000,9.9964562743e-04,1.6381868948e+00
448.600000,1.0004651629e-03,1.5828834108e+00
448.650000,1.0003071638e-03,1.6169339745e+00
448.700000,9.9970072265e-04,1.6333434598e+00
448.750000,1.0001574755e-03,1.6370951134e+00
448.800000,1.0002114410e-03,1.6209074771e+00
448.850000,1.0007993603e-03,1.6080174174e+00
448.900000,9.9862104606e-04,1.5814622146e+00
448.950000,9.9973799728e-04,1.5797792918e+00
449.000000,1.0016776907e-03,1.6164050861e+00
449.050000,9.9954599625e-04,1.6065708832e+00
449.100000,9.9897172067e-04,1.6310743483e+00
449.150000,9.9869521593e-04,1.5991919213e+00
449.200000,9.9988937352e-04,1.5815262727e+00
449.250000,1.0001583919e-03,1.5832016640e+00
449.300000,1.0000523483e-03,1.6204498956e+00
449.350000,9.9955327023e-04,1.6055685080e+00
449.400000,1.0003226109e-03,1.6484358247e+00
449.450000,9.9975062273e-04,1.5646425632e+00
449.500000,9.9894841402e-04,1.5962413211e+00
449.550000,9.9963891001e-04,1.6659955621e+00
449.600000,9.9914262670e-04,1.6026600085e+00
449.650000,1.0010278437e-03,1.6491519719e+00
449.700000,1.0005999747e-03,1.6575180450e+00
449.750000,1.0006402940e-03,1.5980586838e+00
449.800000,9.9946803240e-04,1.6012146256e+00
449.850000,9.9924999707e-04,1.6569949197e+00
449.900000,1.0001855055e-03,1.5996917912e+00
449.950000,1.0011107736e-03,1.5752688132e+00
450.000000,9.9919066979e-04,1.6544202952e+00
450.050000,9.9942079149e-04,1.6024880678e+00
450.100000,9.9995092794e-04,1.5809860572e+00
450.150000,9.9979852552e-04,1.6229799793e+00
450.200000,1.0003505626e-03,1.5770487955e+00
450.250000,1.0002990146e-03,1.5960529128e+00
450.300000,1.0022650282e-03,1.6015050378e+00
450.350000,9.9960856629e-04,1.6012129453e+00
450.400000,1.0002255279e-03,1.6378238037e+00
450.450000,1.0002453065e-03,1.6221304266e+00
450.500000,9.9794546062e-04,1.5982380412e+00
450.550000,1.0005764494e-03,1.6046718307e+00
450.600000,9.9797999060e-04,1.6361929548e+00
450.650000,9.9998236946e-04,1.6022509845e+00
450.700000,9.9960836304e-04,1.5965252024e+00
450.750000,9.9992817134e-04,1.5963478871e+00
450.800000,1.0004471538e-03,1.6199274660e+00
450.850000,9.9876472059e-04,1.6285274943e+00
450.900000,9.9975808349e-04,1.5962690694e+00
450.950000,1.0003731726e-03,1.6340836192e+00
451.000000,9.9886633398e-04,1.6189053423e+00
451.050000,9.9997868154e-04,1.5927689392e+00
451.100000,1.0003550777e-03,1.6273108245e+00
451.150000,1.0009598982e-03,1.6086215334e+00
451.200000,1.0016139164e-03,1.5943493789e+00
451.250000,1.0014190525e-03,1.5637532889e+00
451.300000,1.0011033412e-03,1.5992234056e+00
451.350000,9.9837126643e-04,1.5968526900e+00
451.400000,9.9911415142e-04,1.6029280189e+00
451.450000,1.0006262251e-03,1.5932321393e+00
451.500000,1.0006784223e-03,1.6323733609e+00
451.550000,9.9803084087e-04,1.5936367033e+00
451.600000,9.9917473078e-04,1.6149510418e+00
451.650000,1.0005258392e-03,1.6156215441e+00
451.700000,1.0006643823e-03,1.6537847607e+00
451.750000,9.9974497263e-04,1.6134980751e+00
451.800000,9.9944235764e-04,1.5739206800e+00
451.850000,1.0018607781e-03,1.6078464409e+00
451.900000,9.9998477681e-04,1.5810468826e+00
451.950000,9.9974794731e-04,1.6313828075e+00
452.000000,1.0004617932e-03,1.5918537954e+00
452.050000,1.0007315885e-03,1.5876072943e+00
452.100000,9.9820282735e-04,1.6217260176e+00
452.150000,1.0006159739e-03,1.5997854541e+00
452.200000,1.0012918980e-03,1.6286261949e+00
452.250000,1.0018559739e-03,1.6073128181e+00
452.300000,1.0004609264e-03,1.5799348412e+00
452.350000,1.0013438425e-03,1.6161127703e+00
452.400000,1.0001946141e-03,1.6004381845e+00
452.450000,9.9907343235e-04,1.5445307541e+00
452.500000,9.9952837171e-04,1.6356928979e+00
452.550000,1.0004907362e-03,1.5766837736e+00
452.600000,1.0000754088e-03,1.5840435091e+00
452.650000,9.9975268709e-04,1.5876410503e+00
452.700000,9.9996972968e-04,1.5831675336e+00
452.750000,1.0002095014e-03,1.5358271910e+00
452.800000,9.9977585904e-04,1.5847852509e+00
452.850000,1.0009153119e-03,1.5776549176e+00
452.900000,9.9919840341e-04,1.5734777055e+00
452.950000,1.0000163179e-03,1.5829280570e+00
453.000000,1.0009754379e-03,1.5883134166e+00
453.050000,9.9921458661e-04,1.5929035714e+00
453.100000,1.0006699894e-03,1.5657964829e+00
453.150000,9.9907358416e-04,1.5959126767e+00
453.200000,9.9943637935e-04,1.6145196999e+00
453.250000,1.0007618947e-03,1.6049283532e+00
453.300000,9.9847551339e-04,1.6086317205e+00
453.350000,1.0005869710e-03,1.5971287788e+00
453.400000,1.0028205479e-03,1.6068088007e+00
453.450000,9.9917638487e-04,1.6295064199e+00
453.500000,9.9905051468e-04,1.5160363918e+00
453.550000,9.9774980697e-04,1.6589747298e+00
453.600000,9.9981399763e-04,1.5926576068e+00
453.650000,9.9815952361e-04,1.6074699535e+00
453.700000,1.0002025727e-03,1.5890494247e+00
453.750000,1.0002958756e-03,1.6175292842e+00
453.800000,1.0011389164e-03,1.5938807959e+00
453.850000,9.9952468122e-04,1.6327509013e+00
453.900000,9.9927748986e-04,1.6273613805e+00
453.950000,1.0003493116e-03,1.5934551555e+00
454.000000,9.9870394340e-04,1.5369993713e+00
454.050000,1.0010565742e-03,1.6100983700e+00
454.100000,9.9930691605e-04,1.5910030553e+00
454.150000,1.0018037468e-03,1.5405042241e+00
454.200000,1.0006107689e-03,1.6149672218e+00
454.250000,9.9818952977e-04,1.5258295957e+00
454.300000,1.0001053339e-03,1.6410453181e+00
454.350000,9.9915042240e-04,1.6518479495e+00
454.400000,1.0004412345e-03,1.6029000467e+00
454.450000,1.0004288735e-03,1.6608189920e+00
454.500000,1.0004923283e-03,1.5999868273e+00
454.550000,9.9909855482e-04,1.6207191386e+00
454.600000,9.9926203257e-04,1.6154452509e+00
454.650000,9.9987906451e-04,1.6236320301e+00
454.700000,9.9821152217e-04,1.6231477562e+00
454.750000,9.9983064062e-04,1.6368687800e+00
454.800000,9.9973997183e-04,1.6167477661e+00
454.850000,1.0003073093e-03,1.6121944093e+00
454.900000,9.9929330581e-04,1.5505354475e+00
454.950000,9.9976059305e-04,1.6122442619e+00
455.000000,9.9861353815e-04,1.6266506783e+00
455.050000,1.0001127355e-03,1.6020562387e+00
455.100000,9.9938284616e-04,1.5380599789e+00
455.150000,9.9955268401e-04,1.6481681258e+00
455.200000,1.0003027609e-03,1.5849827536e+00
455.250000,9.9920305843e-04,1.6181480187e+00
455.300000,9.9930985875e-04,1.6584641092e+00
455.350000,1.0003554185e-03,1.6221049042e+00
455.400000,1.0004762537e-03,1.5832386522e+00
455.450000,9.9923125721e-04,1.5680532711e+00
455.500000,1.0011760194e-03,1.5603050230e+00
455.550000,9.9883108372e-04,1.5663370948e+00
455.600000,9.9910840067e-04,1.5698473188e+00
455.650000,1.0005560198e-03,1.5992066840e+00
455.700000,1.0014863433e-03,1.5930875020e+00
455.750000,9.9950188928e-04,1.6301160603e+00
455.800000,1.0002410144e-03,1.6014923287e+00
455.850000,9.9945846578e-04,1.6337803870e+00
455.900000,9.9944055303e-04,1.5725503442e+00
455.950000,9.9883366589e-04,1.6327388015e+00
456.000000,9.9980955064e-04,1.5982332298e+00
456.050000,9.9968124263e-04,1.6467063207e+00
456.100000,1.0000753289e-03,1.6364380870e+00
456.150000,1.0005938644e-03,1.6192483177e+00
456.200000,9.9882928120e-04,1.6010534861e+00
456.250000,1.0032410583e-03,1.5741826974e+00
456.300000,1.0009049166e-03,1.5649624402e+00
456.350000,9.9977139208e-04,1.5903368310e+00
456.400000,9.9986470583e-04,1.5985206278e+00
456.450000,1.0005822843e-03,1.5796161305e+00
456.500000,1.0002909994e-03,1.6422973070e+00
456.550000,1.0001267036e-03,1.6077567744e+00
456.600000,1.0003224470e-03,1.5922665003e+00
456.650000,9.9929869290e-04,1.6176478674e+00
456.700000,1.0003667852e-03,1.6254134658e+00
456.750000,1.0005994022e-03,1.5551492862e+00
456.800000,9.9923117163e-04,1.6449347082e+00
456.850000,1.0011043795e-03,1.5843009935e+00
456.900000,1.0013205121e-03,1.5801063182e+00
456.950000,9.9911499035e-04,1.5730687401e+00
457.000000,1.0011309235e-03,1.5666098277e+00
457.050000,1.0002436571e-03,1.6581844732e+00
457.100000,9.9831716232e-04,1.6463167520e+00
457.150000,9.9951984562e-04,1.5505410373e+00
457.200000,9.9962005743e-04,1.6159218574e+00
457.250000,9.9816265385e-04,1.6150494417e+00
457.300000,1.0007887696e-03,1.5709454051e+00
457.350000,1.0003779760e-03,1.6047481002e+00
457.400000,9.9854174929e-04,1.5824863861e+00
457.450000,9.9977572485e-04,1.5365058432e+00
457.500000,1.0005636117e-03,1.6009203092e+00
457.550000,9.9913382096e-04,1.6092423010e+00
457.600000,9.9969525574e-04,1.5860491957e+00
457.650000,1.0005379403e-03,1.6049125801e+00
457.700000,9.9957029129e-04,1.6001616676e+00
457.750000,9.9972105233e-04,1.6985491390e+00
457.800000,1.0013610645e-03,1.5879483002e+00
457.850000,1.0008704849e-03,1.5580441679e+00
457.900000,1.0014127438e-03,1.6529243685e+00
457.950000,1.0019176863e-03,1.6343444033e+00
458.000000,1.0002458669e-03,1.5250520017e+00
458.050000,1.0004747268e-03,1.6191671504e+00
458.100000,1.0012031076e-03,1.6125584886e+00
458.150000,9.9968127110e-04,1.6332844028e+00
458.200000,9.9976542282e-04,1.5308949535e+00
458.250000,9.9970762096e-04,1.6035735360e+00
458.300000,9.9859858745e-04,1.6187867270e+00
458.350000,9.9870165236e-04,1.6449087593e+00
458.400000,1.0005949456e-03,1.6763532319e+00
458.450000,1.0000934602e-03,1.6430674755e+00
458.500000,1.0018705459e-03,1.5735968543e+00
458.550000,1.0011643263e-03,1.6288541690e+00
458.600000,1.0002907353e-03,1.6301591444e+00
458.650000,9.9912768033e-04,1.5539640079e+00
458.700000,9.9866862316e-04,1.6147430693e+00
458.750000,9.9946405737e-04,1.5494209702e+00
458.800000,1.0005955790e-03,1.6141082295e+00
458.850000,9.9953554143e-04,1.5864985935e+00
458.900000,1.0012789961e-03,1.5322734145e+00
458.950000,9.9846649243e-04,1.6309646465e+00
459.000000,1.0021210796e-03,1.5845632729e+00
459.050000,1.0002709230e-03,1.6300788597e+00
459.100000,9.9816432261e-04,1.5703899661e+00
459.150000,1.0010639150e-03,1.5748524732e+00
459.200000,9.9895594485e-04,1.6157264387e+00
459.250000,1.0002438012e-03,1.5988092642e+00
459.300000,1.0005892787e-03,1.6072176343e+00
459.350000,9.9986204308e-04,1.5913534186e+00
459.400000,1.0002334854e-03,1.5380467250e+00
459.450000,1.0001193534e-03,1.6177198177e+00
459.500000,1.0007182909e-03,1.5691436847e+00
459.550000,9.9936381669e-04,1.5740996591e+00
459.600000,9.9935315176e-04,1.6170779928e+00
459.650000,1.0010515231e-03,1.6039128193e+00
459.700000,9.9962055594e-04,1.6182677445e+00
459.750000,1.0010564070e-03,1.6027446415e+00
459.800000,9.9844504460e-04,1.5771249043e+00
459.850000,9.9919976336e-04,1.5782383161e+00
459.900000,9.9971938008e-04,1.5661301133e+00
459.950000,1.0011616307e-03,1.5692200522e+00
460.000000,1.0002249296e-03,1.6360437962e+00
460.050000,9.9875927017e-04,1.5691195510e+00
460.100000,9.9919593292e-04,1.6316069781e+00
460.150000,9.9933520462e-04,1.5575035801e+00
460.200000,1.0009002895e-03,1.6117175829e+00
460.250000,1.0005103916e-03,1.6192564442e+00
460.300000,9.9699273514e-04,1.6164925383e+00
460.350000,1.0002570032e-03,1.6309608265e+00
460.400000,9.9864725918e-04,1.6138668475e+00
460.450000,1.0009196185e-03,1.5587486405e+00
460.500000,9.9932268070e-04,1.6437471983e+00
460.550000,9.9923436947e-04,1.6516748103e+00
460.600000,9.9955448820e-04,1.6071085349e+00
460.650000,9.9846964104e-04,1.5780934849e+00
460.700000,9.9999027138e-04,1.6083316832e+00
460.750000,1.0011707482e-03,1.5718486111e+00
460.800000,9.9864072205e-04,1.6095243740e+00
460.850000,9.9949754791e-04,1.6440034797e+00
460.900000,9.9984181552e-04,1.5932754193e+00
460.950000,1.0009033118e-03,1.5532644858e+00
461.000000,9.9931949495e-04,1.5800101329e+00
461.050000,1.0006329558e-03,1.6045183809e+00
461.100000,1.0003303881e-03,1.6395269891e+00
461.150000,9.9995916029e-04,1.6467788326e+00
461.200000,9.9911251733e-04,1.6314173317e+00
461.250000,9.9861192605e-04,1.5837549835e+00
461.300000,9.9955914543e-04,1.6001580426e+00
461.350000,1.0008132298e-03,1.6329306728e+00
461.400000,1.0011865698e-03,1.5780034915e+00
461.450000,1.0009571075e-03,1.5596630916e+00
461.500000,1.0019477688e-03,1.5877968380e+00
461.550000,1.0026959443e-03,1.6458419262e+00
461.600000,9.9906743811e-04,1.6358551010e+00
461.650000,1.0001215961e-03,1.6369722062e+00
461.700000,9.9944592082e-04,1.6056731794e+00
461.750000,1.0000911979e-03,1.6250162233e+00
461.800000,9.9914758407e-04,1.6309725437e+00
461.850000,1.0007496798e-03,1.5430954996e+00
461.900000,9.9846029268e-04,1.6155038869e+00
461.950000,1.0010435474e-03,1.6207920810e+00
462.000000,1.0010443559e-03,1.6303682837e+00
462.050000,9.9932963228e-04,1.6416889565e+00
462.100000,9.9789739798e-04,1.6058147564e+00
462.150000,1.0004082729e-03,1.6457463748e+00
462.200000,1.0008277881e-03,1.6111184592e+00
462.250000,1.0017167831e-03,1.5759448210e+00
462.300000,9.9870840256e-04,1.6252565777e+00
462.350000,9.9977905371e-04,1.5825330503e+00
462.400000,9.9968313412e-04,1.5783817055e+00
462.450000,9.9932580623e-04,1.6136343005e+00
462.500000,9.9951056848e-04,1.5909963046e+00
462.550000,1.0004502399e-03,1.6470759547e+00
462.600000,9.9748801952e-04,1.6099533819e+00
462.650000,9.9949809552e-04,1.6019453641e+00
462.700000,1.0007755653e-03,1.6421206264e+00
462.750000,9.9954721494e-04,1.5331103709e+00
462.800000,9.9967839180e-04,1.6248241139e+00
462.850000,9.9930437025e-04,1.5478719422e+00
462.900000,1.0012201969e-03,1.6365782892e+00
462.950000,9.9990632336e-04,1.6012173414e+00
463.000000,1.0007219217e-03,1.5745615230e+00
463.050000,9.9930376253e-04,1.5617681626e+00
463.100000,1.0017732813e-03,1.5999213856e+00
463.150000,1.0005949273e-03,1.6071174899e+00
463.200000,9.9852021730e-04,1.6084422165e+00
463.250000,1.0022654476e-03,1.6302213813e+00
463.300000,1.0013926489e-03,1.5909586754e+00
463.350000,9.9944245788e-04,1.6339804799e+00
463.400000,9.9938548458e-04,1.5568829968e+00
463.450000,9.9980300767e-04,1.5922326218e+00
463.500000,9.9945182414e-04,1.5651905433e+00
463.550000,9.9848112682e-04,1.6331934921e+00
463.600000,9.9884659891e-04,1.5987665359e+00
463.650000,9.9817245379e-04,1.5818909736e+00
463.700000,1.0000313302e-03,1.6522266364e+00
463.750000,1.0006238280e-03,1.6162016920e+00
463.800000,1.0002981237e-03,1.6672734337e+00
463.850000,1.0005577179e-03,1.6554548721e+00
463.900000,1.0006593609e-03,1.6370565860e+00
463.950000,9.9897115674e-04,1.5376113857e+00
464.000000,1.0011989343e-03,1.6119067905e+00
464.050000,9.9978202120e-04,1.5630072064e+00
464.100000,1.0004904747e-03,1.5670245230e+00
464.150000,1.0011655234e-03,1.6210041731e+00
464.200000,9.9754768611e-04,1.5712058848e+00
464.250000,1.0001373287e-03,1.5889718962e+00
464.300000,9.9908644114e-04,1.6187001002e+00
464.350000,1.0003038306e-03,1.5926588682e+00
464.400000,9.9835881251e-04,1.5705373568e+00
464.450000,9.9784682140e-04,1.5993208179e+00
464.500000,9.9961223052e-04,1.5899202326e+00
464.550000,1.0016365508e-03,1.6231711611e+00
464.600000,9.9898065047e-04,1.6082345047e+00
464.650000,9.9990958903e-04,1.5726380908e+00
464.700000,1.0008611865e-03,1.5779329600e+00
464.750000,1.0011482590e-03,1.5808335496e+00
464.800000,9.9967751430e-04,1.6211912400e+00
464.850000,9.9926983343e-04,1.6293605469e+00
464.900000,9.9805147956e-04,1.5854919954e+00
464.950000,9.9951068909e-04,1.6137391791e+00
465.000000,1.0002278308e-03,1.5871141207e+00
465.050000,9.9955801104e-04,1.5506812641e+00
465.100000,1.0010822437e-03,1.6091729043e+00
465.150000,9.9991999918e-04,1.6040855601e+00
465.200000,9.9791877683e-04,1.5444029377e+00
465.250000,9.9849876042e-04,1.5985057293e+00
465.300000,9.9897466619e-04,1.6049820998e+00
465.350000,9.9965021653e-04,1.6098679923e+00
465.400000,1.0001098477e-03,1.5805880148e+00
465.450000,9.9842349310e-04,1.6003212088e+00
465.500000,9.9977589847e-04,1.5752436782e+00
465.550000,9.9976382938e-04,1.5886112254e+00
465.600000,1.0004818972e-03,1.6040932609e+00
465.650000,1.0005705234e-03,1.5811055838e+00
465.700000,9.9964266625e-04,1.5792261179e+00
465.750000,1.0032607023e-03,1.5704972827e+00
465.800000,1.0010672456e-03,1.6242642141e+00
465.850000,9.9979511704e-04,1.5776725936e+00
465.900000,1.0001341272e-03,1.6008818939e+00
465.950000,1.0005553389e-03,1.5830903083e+00
466.000000,9.9853365355e-04,1.6004873329e+00
466.050000,1.0001684265e-03,1.5772526146e+00
466.100000,9.9899192260e-04,1.6193581556e+00
466.150000,1.0014223724e-03,1.5810419781e+00
466.200000,9.9830283408e-04,1.5536964469e+00
466.250000,9.9928538016e-04,1.6215428098e+00
466.300000,9.9892570812e-04,1.5468243957e+00
466.350000,9.9949335925e-04,1.6220175224e+00
466.400000,1.0009102583e-03,1.5366013921e+00
466.450000,9.9967147265e-04,1.6568669801e+00
466.500000,1.0003467847e-03,1.5472332866e+00
466.550000,1.0011131030e-03,1.5807793154e+00
466.600000,1.0001366727e-03,1.5700720073e+00
466.650000,1.0002552864e-03,1.6501245022e+00
466.700000,1.0005038622e-03,1.5964724296e+00
466.750000,1.0005119188e-03,1.5880388242e+00
466.800000,9.9975558889e-04,1.6130561907e+00
466.850000,9.9944029985e-04,1.6600938888e+00
466.900000,1.0001662439e-03,1.6405071426e+00
466.950000,9.9877752698e-04,1.5465751755e+00
467.000000,1.0003947454e-03,1.5940302712e+00
467.050000,1.0008540955e-03,1.5779681726e+00
467.100000,9.9977809648e-04,1.5584662261e+00
467.150000,9.9858455220e-04,1.6373822368e+00
467.200000,1.0006451260e-03,1.5985390892e+00
467.250000,1.0011095821e-03,1.6148218214e+00
467.300000,9.9953435840e-04,1.5890997066e+00
467.350000,9.9897970015e-04,1.5976841738e+00
467.400000,1.0008772319e-03,1.6181758315e+00
467.450000,9.9953365112e-04,1.6270595565e+00
467.500000,1.0000205980e-03,1.5647477834e+00
467.550000,9.9904135592e-04,1.6452257231e+00
467.600000,9.9815569766e-04,1.5375783986e+00
467.650000,1.0003735352e-03,1.6406832909e+00
467.700000,1.0004275232e-03,1.5775326226e+00
467.750000,9.9984955250e-04,1.5736727751e+00
467.800000,1.0003921463e-03,1.6198626171e+00
467.850000,1.0006316427e-03,1.6139867486e+00
467.900000,1.0000368177e-03,1.6141490714e+00
467.950000,9.9971730743e-04,1.6302910173e+00
468.000000,1.0011724987e-03,1.6372472970e+00
468.050000,9.9866943154e-04,1.6159267251e+00
468.100000,9.9995524699e-04,1.6206372458e+00
468.150000,9.9838706669e-04,1.5783959474e+00
468.200000,9.9953783189e-04,1.6290626815e+00
468.250000,1.0009725730e-03,1.6283639357e+00
468.300000,1.0004887428e-03,1.5741968671e+00
468.350000,9.9937127931e-04,1.6045379351e+00
468.400000,9.9994002213e-04,1.5771117364e+00
468.450000,9.9934591840e-04,1.6054404084e+00
468.500000,1.0002162644e-03,1.5776992412e+00
468.550000,9.9967972414e-04,1.6249725036e+00
468.600000,9.9876566144e-04,1.5733597140e+00
468.650000,1.0017079860e-03,1.5769200273e+00
468.700000,1.0016051991e-03,1.6127827906e+00
468.750000,1.0005263835e-03,1.6379352743e+00
468.800000,9.9916569767e-04,1.5794437696e+00
468.850000,1.0006824042e-03,1.6206446347e+00
468.900000,9.9997877387e-04,1.5642986934e+00
468.950000,1.0002823890e-03,1.6153200412e+00
469.000000,1.0010061202e-03,1.6074512682e+00
469.050000,1.0007037909e-03,1.6061738860e+00
469.100000,9.9893030215e-04,1.6127779137e+00
469.150000,1.0029197620e-03,1.5811250319e+00
469.200000,1.0010141408e-03,1.5810512984e+00
469.250000,1.0003237099e-03,1.5924121327e+00
469.300000,9.9918156301e-04,1.6003429117e+00
469.350000,1.0008136346e-03,1.5914503311e+00
469.400000,1.0009187650e-03,1.6530229468e+00
469.450000,1.0003436656e-03,1.6372862095e+00
469.500000,1.0004607934e-03,1.6250702603e+00
469.550000,9.9846776319e-04,1.6967722252e+00
469.600000,1.0002895365e-03,1.5817817175e+00
469.650000,9.9870945118e-04,1.6740933964e+00
469.700000,1.0001908233e-03,1.5817865615e+00
469.750000,1.0001119538e-03,1.6650131674e+00
469.800000,9.9984261291e-04,1.6053786166e+00
469.850000,9.9955489709e-04,1.5945243446e+00
469.900000,9.9994710377e-04,1.5901511310e+00
469.950000,1.0002550299e-03,1.6627955887e+00
470.000000,1.0003175651e-03,1.5669761063e+00
470.050000,1.0022846891e-03,1.5995937137e+00
470.100000,1.0006679964e-03,1.6170691426e+00
470.150000,9.9965811713e-04,1.5686591314e+00
470.200000,1.0000557715e-03,1.6192098981e+00
470.250000,9.9935712222e-04,1.5660943700e+00
470.300000,9.9992293741e-04,1.6429191649e+00
470.350000,1.0002121407e-03,1.5784594358e+00
470.400000,9.9932315490e-04,1.5586313767e+00
470.450000,1.0008579144e-03,1.5712459590e+00
470.500000,1.0018670758e-03,1.6133923014e+00
470.550000,9.9876597969e-04,1.6014738653e+00
470.600000,9.9866533418e-04,1.5791887601e+00
470.650000,9.9868924729e-04,1.6141827136e+00
470.700000,9.9988701510e-04,1.5939906635e+00
470.750000,9.9812408749e-04,1.5755491402e+00
470.800000,1.0008745892e-03,1.6301600890e+00
470.850000,1.0011010818e-03,1.6107784309e+00
470.900000,1.0009785538e-03,1.5878194208e+00
470.950000,9.9862109702e-04,1.6093543492e+00
471.000000,9.9980142991e-04,1.5697546414e+00
471.050000,1.0022367411e-03,1.6543670591e+00
471.100000,9.9853545592e-04,1.6528121534e+00
471.150000,1.0000794489e-03,1.6266361706e+00
471.200000,9.9970413580e-04,1.5723143725e+00
471.250000,9.9913188708e-04,1.5398024046e+00
471.300000,9.9890561037e-04,1.6041619814e+00
471.350000,9.9898262023e-04,1.6040362033e+00
471.400000,9.9991706060e-04,1.5831917726e+00
471.450000,9.9832646087e-04,1.6383410121e+00
471.500000,1.0007196600e-03,1.5755848103e+00
471.550000,1.0015398234e-03,1.6199830354e+00
471.600000,9.9891599798e-04,1.5782515140e+00
471.650000,9.9939348195e-04,1.5746505675e+00
471.700000,1.0001227614e-03,1.6532233545e+00
471.750000,1.0003496628e-03,1.5609250103e+00
471.800000,9.9841020310e-04,1.6348510259e+00
471.850000,1.0023940074e-03,1.5426146053e+00
471.900000,1.0007398832e-03,1.5905633574e+00
471.950000,1.0002276778e-03,1.5851991803e+00
472.000000,9.9862006837e-04,1.6444163932e+00
472.050000,9.9877150909e-04,1.5953163255e+00
472.100000,9.9903669641e-04,1.6798211249e+00
472.150000,1.0013170027e-03,1.6620158986e+00
472.200000,9.9913323418e-04,1.5952102170e+00
472.250000,1.0017136123e-03,1.6192348777e+00
472.300000,9.9960598146e-04,1.5786566873e+00
472.350000,9.9864237129e-04,1.5443667477e+00
472.400000,1.0026299908e-03,1.6142079758e+00
472.450000,1.0004688717e-03,1.5674292494e+00
472.500000,1.0014553878e-03,1.6010418112e+00
472.550000,9.9874641790e-04,1.6205390589e+00
472.600000,1.0002361700e-03,1.5862477676e+00
472.650000,9.9811813488e-04,1.6069625192e+00
472.700000,9.9938693813e-04,1.5524641111e+00
472.750000,9.9982488319e-04,1.5708593247e+00
472.800000,1.0006256282e-03,1.5762834435e+00
472.850000,1.0006501476e-03,1.5562577487e+00
472.900000,1.0026894258e-03,1.6411737157e+00
472.950000,9.9894895686e-04,1.6691762936e+00
473.000000,1.0003712902e-03,1.5726113014e+00
473.050000,1.0001937104e-03,1.6247469386e+00
473.100000,9.9840404530e-04,1.5527447906e+00
473.150000,1.0004393324e-03,1.6028798047e+00
473.200000,9.9866520674e-04,1.6275859801e+00
473.250000,9.9969465097e-04,1.5822210674e+00
473.300000,9.9963057082e-04,1.5896430880e+00
473.350000,9.9977322844e-04,1.5770394538e+00
473.400000,1.0005848962e-03,1.6024571370e+00
473.450000,1.0011772684e-03,1.6456183238e+00
473.500000,1.0003930136e-03,1.6466642968e+00
473.550000,1.0005601242e-03,1.5760848049e+00
473.600000,1.0015744242e-03,1.6287652233e+00
473.650000,9.9958473466e-04,1.5835470483e+00
473.700000,9.9739361849e-04,1.6490416913e+00
473.750000,9.9827354476e-04,1.5313854432e+00
473.800000,9.9826059275e-04,1.6409949764e+00
473.850000,1.0003074538e-03,1.6472246579e+00
473.900000,1.0003885599e-03,1.5696391931e+00
473.950000,9.9995664834e-04,1.5737729688e+00
474.000000,9.9823334866e-04,1.6001494817e+00
474.050000,1.0000739858e-03,1.5675651549e+00
474.100000,9.9872068084e-04,1.5883790729e+00
474.150000,1.0006899664e-03,1.5589702191e+00
474.200000,9.9956776682e-04,1.6027342022e+00
474.250000,9.9938143656e-04,1.5983827042e+00
474.300000,9.9981830296e-04,1.5937884507e+00
474.350000,9.9898845931e-04,1.6175742039e+00
474.400000,9.9955279322e-04,1.6698713742e+00
474.450000,9.9751714348e-04,1.6133131766e+00
474.500000,1.0000263247e-03,1.5662384667e+00
474.550000,9.9928902078e-04,1.5604081404e+00
474.600000,1.0002012608e-03,1.5375136796e+00
474.650000,1.0008004395e-03,1.6231915676e+00
474.700000,9.9918602560e-04,1.5725637809e+00
474.750000,1.0001037669e-03,1.5800596272e+00
474.800000,9.9935921863e-04,1.5843060957e+00
474.850000,1.0016385320e-03,1.6273297238e+00
474.900000,9.9972784203e-04,1.5918850284e+00
474.950000,1.0013903808e-03,1.5656246638e+00
475.000000,1.0016646461e-03,1.5599653846e+00
475.050000,1.0007975910e-03,1.6629836759e+00
475.100000,9.9995474415e-04,1.6388223355e+00
475.150000,9.9852790045e-04,1.5567826291e+00
475.200000,1.0014460775e-03,1.5699461715e+00
475.250000,1.0016153901e-03,1.6050695022e+00
475.300000,9.9903766887e-04,1.6353704593e+00
475.350000,9.9927787906e-04,1.6397013313e+00
475.400000,1.0013542070e-03,1.6512840851e+00
475.450000,1.0001658596e-03,1.5595888321e+00
475.500000,1.0001715739e-03,1.6441006686e+00
475.550000,1.0002547426e-03,1.5817583194e+00
475.600000,1.0003082771e-03,1.6487576654e+00
475.650000,1.0003859280e-03,1.5652748116e+00
475.700000,1.0011562835e-03,1.6078217812e+00
475.750000,1.0004404584e-03,1.6133273813e+00
475.800000,1.0008114754e-03,1.5571508195e+00
475.850000,1.0003851992e-03,1.5788678038e+00
475.900000,1.0010028391e-03,1.6103524651e+00
475.950000,1.0001227238e-03,1.5685063299e+00
476.000000,9.9937735921e-04,1.6177774672e+00
476.050000,9.9998192261e-04,1.5922961205e+00
476.100000,1.0004355333e-03,1.6050955732e+00
476.150000,1.0001491135e-03,1.5651436052e+00
476.200000,9.9996334547e-04,1.6314370057e+00
476.250000,1.0002698692e-03,1.6016581367e+00
476.300000,1.0000471642e-03,1.5895945031e+00
476.350000,9.9867405308e-04,1.6127684239e+00
476.400000,9.9920556423e-04,1.5820386997e+00
476.450000,9.9962907479e-04,1.5533212394e+00
476.500000,9.9844967038e-04,1.5785374566e+00
476.550000,9.9802713398e-04,1.5443629899e+00
476.600000,9.9967840027e-04,1.5575607314e+00
476.650000,9.9945719003e-04,1.6281991715e+00
476.700000,1.0006919727e-03,1.6376773254e+00
476.750000,1.0005035548e-03,1.5774534677e+00
476.800000,9.9958793320e-04,1.5826857062e+00
476.850000,1.0000961560e-03,1.5913513511e+00
476.900000,9.9910536449e-04,1.5720772476e+00
476.950000,9.9933759418e-04,1.5930405112e+00
477.000000,9.9998083888e-04,1.5668078314e+00
477.050000,1.0009306423e-03,1.6666957820e+00
477.100000,1.0001542378e-03,1.6348391897e+00
477.150000,1.0004169902e-03,1.6219173934e+00
477.200000,1.0000077563e-03,1.5432227732e+00
477.250000,9.9877575566e-04,1.5335292851e+00
477.300000,9.9945551767e-04,1.6012535220e+00
477.350000,1.0012402773e-03,1.6544122670e+00
477.400000,9.9984648974e-04,1.5372251280e+00
477.450000,9.9880430461e-04,1.6194123272e+00
477.500000,1.0003048674e-03,1.6040448364e+00
477.550000,1.0003703138e-03,1.5808485106e+00
477.600000,9.9991964128e-04,1.5642610698e+00
477.650000,9.9979969039e-04,1.6446707159e+00
477.700000,1.0001440010e-03,1.5592683873e+00
477.750000,1.0012711263e-03,1.6307818331e+00
477.800000,1.0009969453e-03,1.5838738494e+00
477.850000,9.9934125028e-04,1.5831704448e+00
477.900000,9.9975049497e-04,1.5816409228e+00
477.950000,1.0011891894e-03,1.6530138699e+00
478.000000,1.0000391410e-03,1.5625248840e+00
478.050000,9.9968507571e-04,1.5705932788e+00
478.100000,1.0009263420e-03,1.5987486916e+00
478.150000,9.9941073938e-04,1.5886980142e+00
478.200000,9.9982306803e-04,1.6188239223e+00
478.250000,9.9921561739e-04,1.6385699958e+00
478.300000,1.0004325660e-03,1.5951775415e+00
478.350000,1.0005803249e-03,1.6057292814e+00
478.400000,9.9981419235e-04,1.6853521147e+00
478.450000,1.0007065275e-03,1.6059604193e+00
478.500000,9.9979389898e-04,1.5533732194e+00
478.550000,1.0014821081e-03,1.6086747854e+00
478.600000,1.0012000267e-03,1.6107321869e+00
478.650000,9.9989841317e-04,1.6270866059e+00
478.700000,9.9962227274e-04,1.5956642553e+00
478.750000,1.0020409236e-03,1.5922628940e+00
478.800000,9.9831518531e-04,1.5826896125e+00
478.850000,9.9936926001e-04,1.6018065419e+00
478.900000,9.9981641368e-04,1.5940492149e+00
478.950000,9.9995808986e-04,1.5590722772e+00
479.000000,9.9856844235e-04,1.6069693182e+00
479.050000,1.0014833197e-03,1.6344662582e+00
479.100000,9.9820260015e-04,1.5753693027e+00
479.150000,9.9943793276e-04,1.5681366133e+00
479.200000,9.9996465311e-04,1.5563267664e+00
479.250000,1.0001279704e-03,1.5666487478e+00
479.300000,1.0007452154e-03,1.5783674712e+00
479.350000,1.0021794189e-03,1.5976888811e+00
479.400000,1.0000354015e-03,1.6216370963e+00
479.450000,9.9979170681e-04,1.6473531316e+00
479.500000,9.9922230797e-04,1.5948578247e+00
479.550000,1.0002848774e-03,1.6082223592e+00
479.600000,9.9832340217e-04,1.5565695254e+00
479.650000,1.0012408556e-03,1.5988044862e+00
479.700000,9.9856072354e-04,1.6255999108e+00
479.750000,1.0009311951e-03,1.5707282647e+00
479.800000,9.9979395718e-04,1.6351910406e+00
479.850000,9.9941438769e-04,1.6038747271e+00
479.900000,9.9985866526e-04,1.5805403042e+00
479.950000,9.9905239474e-04,1.5706840914e+00
480.000000,9.9992400406e-04,1.6348587090e+00
480.050000,1.0011920687e-03,1.5742607673e+00
480.100000,9.9885050471e-04,1.6187354599e+00
480.150000,1.0001118178e-03,1.6766643025e+00
480.200000,9.9954096041e-04,1.5923223623e+00
480.250000,9.9938581872e-04,1.5908808793e+00
480.300000,1.0008013704e-03,1.6361816181e+00
480.350000,9.9864180530e-04,1.6054880839e+00
480.400000,1.0008300818e-03,1.6115674048e+00
480.450000,9.9973118587e-04,1.5926430985e+00
480.500000,1.0008137856e-03,1.5419351798e+00
480.550000,9.9918952324e-04,1.5564670368e+00
480.600000,9.9873556049e-04,1.5730013727e+00
480.650000,9.9865669072e-04,1.6230267037e+00
480.700000,9.9810928483e-04,1.6381375313e+00
480.750000,9.9927280783e-04,1.5675642657e+00
480.800000,9.9809305252e-04,1.5437580690e+00
480.850000,1.0004371539e-03,1.6405700528e+00
480.900000,1.0005412249e-03,1.6257330251e+00
480.950000,1.0001885897e-03,1.5829004380e+00
481.000000,1.0001393216e-03,1.5408223264e+00
481.050000,1.0004648385e-03,1.5903751869e+00
481.100000,1.0001952673e-03,1.6039373158e+00
481.150000,9.9856909837e-04,1.5706775078e+00
481.200000,9.9974831569e-04,1.5522668008e+00
481.250000,9.9861564752e-04,1.7150211545e+00
481.300000,1.0019830769e-03,1.6293035910e+00
481.350000,1.0019862502e-03,1.5836538769e+00
481.400000,1.0010516316e-03,1.6025622190e+00
481.450000,1.0005146219e-03,1.5914019199e+00
481.500000,1.0002991912e-03,1.5627610074e+00
481.550000,9.9903744388e-04,1.5676744641e+00
481.600000,9.9974435523e-04,1.6713959545e+00
481.650000,9.9961689948e-04,1.5970429131e+00
481.700000,9.9796919111e-04,1.5892485670e+00
481.750000,1.0010489889e-03,1.5994268323e+00
481.800000,9.9925697727e-04,1.6132601289e+00
481.850000,1.0010893699e-03,1.6035757511e+00
481.900000,9.9975730769e-04,1.6358227548e+00
481.950000,1.0003176577e-03,1.6703939815e+00
482.000000,9.9982382588e-04,1.5879510201e+00
482.050000,1.0012116051e-03,1.5906392455e+00
482.100000,9.9962102999e-04,1.6243020743e+00
482.150000,1.0007495668e-03,1.6034355099e+00
482.200000,9.9842514203e-04,1.6049052052e+00
482.250000,9.9980841446e-04,1.5445058465e+00
482.300000,9.9966953258e-04,1.5891213191e+00
482.350000,9.9991936889e-04,1.5978170211e+00
482.400000,1.0008144900e-03,1.6047691731e+00
482.450000,1.0000908071e-03,1.6112762630e+00
482.500000,9.9866178766e-04,1.6349196470e+00
482.550000,9.9888886888e-04,1.6298133072e+00
482.600000,1.0005675079e-03,1.5876199569e+00
482.650000,9.9868158185e-04,1.6140107505e+00
482.700000,1.0003693287e-03,1.5705176121e+00
482.750000,9.9884003632e-04,1.6009940132e+00
482.800000,1.0002999654e-03,1.5471499585e+00
482.850000,9.9957955518e-04,1.6028240962e+00
482.900000,9.9926016040e-04,1.5770268979e+00
482.950000,1.0015508881e-03,1.5745938998e+00
483.000000,1.0001559674e-03,1.6177101506e+00
483.050000,1.0007548647e-03,1.5747651727e+00
483.100000,9.9994897647e-04,1.6107984482e+00
483.150000,1.0003503564e-03,1.5559513989e+00
483.200000,1.0003894783e-03,1.5968409344e+00
483.250000,9.9893914723e-04,1.6210837223e+00
483.300000,1.0002195078e-03,1.5796284135e+00
483.350000,1.0001227239e-03,1.5776464050e+00
483.400000,1.0010100178e-03,1.6274717711e+00
483.450000,1.0010641528e-03,1.5492994097e+00
483.500000,9.9977367711e-04,1.5981564555e+00
483.550000,1.0005052025e-03,1.6026341317e+00
483.600000,1.0019860972e-03,1.5394981630e+00
483.650000,9.9897255006e-04,1.5829929412e+00
483.700000,1.0014956279e-03,1.5748392575e+00
483.750000,1.0009778317e-03,1.6452697321e+00
483.800000,1.0005506776e-03,1.6025463223e+00
483.850000,9.9828170101e-04,1.6071389907e+00
483.900000,9.9933860134e-04,1.6645178008e+00
483.950000,9.9864110466e-04,1.6070549488e+00
484.000000,1.0028773862e-03,1.6878568277e+00
484.050000,9.9995190817e-04,1.6283644591e+00
484.100000,9.9898831940e-04,1.5320385273e+00
484.150000,1.0007199631e-03,1.5600925413e+00
484.200000,1.0011429847e-03,1.5670993727e+00
484.250000,1.0020021210e-03,1.5962268059e+00
484.300000,9.9836195723e-04,1.5764237320e+00
484.350000,9.9950760121e-04,1.5953816438e+00
484.400000,9.9941972628e-04,1.5925437816e+00
484.450000,1.0007485729e-03,1.5997418276e+00
484.500000,9.9839094868e-04,1.6495958770e+00
484.550000,1.0001918734e-03,1.6117301302e+00
484.600000,9.9903485386e-04,1.5822689871e+00
484.650000,9.9958345506e-04,1.5564381449e+00
484.700000,1.0008534595e-03,1.6588262003e+00
484.750000,9.9915387324e-04,1.6369054275e+00
484.800000,9.9918398944e-04,1.6087413427e+00
484.850000,9.9839334412e-04,1.5650583996e+00
484.900000,9.9798614672e-04,1.5515646284e+00
484.950000,9.9852677347e-04,1.6311557123e+00
485.000000,1.0012740524e-03,1.5848241434e+00
485.050000,9.9988335622e-04,1.6661142674e+00
485.100000,1.0008391026e-03,1.5747554538e+00
485.150000,9.9862019678e-04,1.6350735577e+00
485.200000,9.9900312116e-04,1.5941827703e+00
485.250000,1.0005507032e-03,1.5956608276e+00
485.300000,9.9781586306e-04,1.5872653784e+00
485.350000,1.0008454712e-03,1.6013016817e+00
485.400000,1.0007481487e-03,1.6142631266e+00
485.450000,1.0019895547e-03,1.5993717740e+00
485.500000,1.0009047123e-03,1.6006241619e+00
485.550000,9.9937826107e-04,1.6155652334e+00
485.600000,1.0005811473e-03,1.6207001472e+00
485.650000,9.9895207057e-04,1.6098215962e+00
485.700000,9.9996507859e-04,1.6408242923e+00
485.750000,1.0004829445e-03,1.5542412173e+00
485.800000,9.9941602910e-04,1.5714661629e+00
485.850000,9.9921528494e-04,1.6248418944e+00
485.900000,9.9987623394e-04,1.6288725693e+00
485.950000,1.0015705437e-03,1.6040810075e+00
486.000000,1.0000203587e-03,1.5974928902e+00
486.050000,9.9926861758e-04,1.5884510986e+00
486.100000,9.9958995348e-04,1.5757774564e+00
486.150000,1.0007981109e-03,1.5814098815e+00
486.200000,1.0006473060e-03,1.6124459906e+00
486.250000,1.0015450340e-03,1.6187852025e+00
486.300000,1.0004599351e-03,1.5886158064e+00
486.350000,9.9883149135e-04,1.6071559191e+00
486.400000,9.9917242014e-04,1.5510065909e+00
486.450000,1.0016708647e-03,1.6394564694e+00
486.500000,9.9807804005e-04,1.6055371731e+00
486.550000,1.0000866333e-03,1.6339879448e+00
486.600000,9.9878855614e-04,1.5892613565e+00
486.650000,1.0012144223e-03,1.6281689125e+00
486.700000,9.9928358994e-04,1.6522924743e+00
486.750000,9.9963884757e-04,1.5924656644e+00
486.800000,9.9971860802e-04,1.5288114125e+00
486.850000,1.0003066761e-03,1.5507666628e+00
486.900000,1.0005741393e-03,1.5886538556e+00
486.950000,1.0002070024e-03,1.6241477098e+00
487.000000,1.0001017578e-03,1.6400690714e+00
487.050000,9.9978609422e-04,1.5702605900e+00
487.100000,1.0003402846e-03,1.5749252274e+00
487.150000,9.9903839112e-04,1.6439998163e+00
487.200000,9.9921251018e-04,1.6065879596e+00
487.250000,1.0008090265e-03,1.6415216612e+00
487.300000,1.0007025758e-03,1.5727201532e+00
487.350000,9.9837915309e-04,1.5841545390e+00
487.400000,1.0008135164e-03,1.5983417774e+00
487.450000,1.0003859905e-03,1.6186472509e+00
487.500000,9.9833907373e-04,1.6276690171e+00
487.550000,9.9935337344e-04,1.6447073685e+00
487.600000,1.0014931170e-03,1.5669856630e+00
487.650000,9.9869989358e-04,1.5667704151e+00
487.700000,9.9969572947e-04,1.5660661448e+00
487.750000,9.9961828370e-04,1.5910182928e+00
487.800000,9.9891420721e-04,1.5880145569e+00
487.850000,1.0001906551e-03,1.5929535047e+00
487.900000,9.9897762611e-04,1.6330076336e+00
487.950000,1.0009936544e-03,1.6038952310e+00
488.000000,1.0006668790e-03,1.6006816185e+00
488.050000,9.9936070981e-04,1.5670509094e+00
488.100000,1.0017622937e-03,1.5995125007e+00
488.150000,1.0000399731e-03,1.6680723497e+00
488.200000,1.0004108345e-03,1.5970700687e+00
488.250000,9.9970672684e-04,1.6031820665e+00
488.300000,1.0016066552e-03,1.6003971535e+00
488.350000,9.9986015439e-04,1.6173157692e+00
488.400000,1.0001640119e-03,1.6270157634e+00
488.450000,9.9911221523e-04,1.6167781215e+00
488.500000,1.0015825097e-03,1.5698026588e+00
488.550000,9.9957553848e-04,1.6313437754e+00
488.600000,1.0000085484e-03,1.5493553789e+00
488.650000,9.9888320641e-04,1.6046616846e+00
488.700000,1.0009186497e-03,1.5925874911e+00
488.750000,1.0008216118e-03,1.6364975653e+00
488.800000,9.9919043874e-04,1.5943783680e+00
488.850000,1.0002589936e-03,1.6568442246e+00
488.900000,9.9882929236e-04,1.5639953596e+00
488.950000,1.0013549128e-03,1.5899772107e+00
489.000000,9.9953819499e-04,1.6145621737e+00
489.050000,9.9980719498e-04,1.5949913277e+00
489.100000,9.9868490250e-04,1.6375606876e+00
489.150000,9.9827958050e-04,1.6415900594e+00
489.200000,1.0010408208e-03,1.6358058070e+00
489.250000,9.9983737243e-04,1.5694023115e+00
489.300000,1.0002803832e-03,1.6171416933e+00
489.350000,1.0003699732e-03,1.6231361472e+00
489.400000,1.0011779733e-03,1.6323379923e+00
489.450000,9.9893227656e-04,1.6493490143e+00
489.500000,9.9957290559e-04,1.5952365687e+00
489.550000,1.0001744349e-03,1.6217659449e+00
489.600000,9.9974218352e-04,1.5974732389e+00
489.650000,9.9924711269e-04,1.5976169659e+00
489.700000,1.0001919347e-03,1.6400632755e+00
489.750000,1.0007254407e-03,1.5880106790e+00
489.800000,1.0003936535e-03,1.5853939896e+00
489.850000,9.9830127267e-04,1.5912539914e+00
489.900000,9.9872114265e-04,1.6209612803e+00
489.950000,1.0013747368e-03,1.5770967906e+00
490.000000,9.9970197932e-04,1.6106448030e+00
490.050000,9.9920269630e-04,1.5843308381e+00
490.100000,9.9891219594e-04,1.6121502354e+00
490.150000,9.9958033012e-04,1.5623653278e+00
490.200000,1.0011737132e-03,1.6131089844e+00
490.250000,9.9933254312e-04,1.5495379793e+00
490.300000,9.9986032792e-04,1.5946095431e+00
490.350000,9.9960122357e-04,1.5812855641e+00
490.400000,1.0008771280e-03,1.6492007029e+00
490.450000,1.0019453862e-03,1.5471706484e+00
490.500000,1.0014524395e-03,1.5916258333e+00
490.550000,9.9952963141e-04,1.6338497199e+00
490.600000,1.0001174319e-03,1.6132260940e+00
490.650000,9.9919713664e-04,1.6147452197e+00
490.700000,9.9953593310e-04,1.6326226106e+00
490.750000,1.0003413434e-03,1.5970901395e+00
490.800000,9.9845498052e-04,1.5940512960e+00
490.850000,9.9918395898e-04,1.5922766410e+00
490.900000,1.0011184412e-03,1.5586072632e+00
490.950000,9.9941372912e-04,1.5531221093e+00
491.000000,1.0010919083e-03,1.5720901420e+00
491.050000,9.9946129158e-04,1.5886548254e+00
491.100000,1.0000814339e-03,1.6364349415e+00
491.150000,9.9901343362e-04,1.6004150999e+00
491.200000,1.0001870211e-03,1.6225031645e+00
491.250000,9.9833433384e-04,1.6165613487e+00
491.300000,9.9893590284e-04,1.5540351205e+00
491.350000,9.9964168406e-04,1.5984964829e+00
491.400000,9.9972363763e-04,1.6170816830e+00
491.450000,9.9950547416e-04,1.5711185983e+00
491.500000,1.0008317991e-03,1.6501891346e+00
491.550000,9.9825687105e-04,1.6224163092e+00
491.600000,1.0022789990e-03,1.5613848933e+00
491.650000,1.0000457208e-03,1.6633717681e+00
491.700000,9.9849860919e-04,1.6600461426e+00
491.750000,1.0014110426e-03,1.6346424386e+00
491.800000,1.0002977607e-03,1.6121402167e+00
491.850000,1.0007964196e-03,1.5943058203e+00
491.900000,9.9992830731e-04,1.5876735190e+00
491.950000,9.9954245294e-04,1.6230190025e+00
492.000000,9.9988473696e-04,1.6688544955e+00
492.050000,1.0014385587e-03,1.5735241462e+00
492.100000,1.0000368626e-03,1.5848545157e+00
492.150000,1.0007353520e-03,1.5740477191e+00
492.200000,1.0011554108e-03,1.5938505683e+00
492.250000,1.0010278880e-03,1.6050527854e+00
492.300000,9.9991379091e-04,1.6313413921e+00
492.350000,9.9957018268e-04,1.5358130184e+00
492.400000,1.0019263719e-03,1.6711736369e+00
492.450000,9.9989544856e-04,1.6111134078e+00
492.500000,9.9925410955e-04,1.6030577537e+00
492.550000,9.9887280597e-04,1.5856551709e+00
492.600000,1.0009532212e-03,1.6196072415e+00
492.650000,1.0011992324e-03,1.6335671462e+00
492.700000,1.0005088471e-03,1.5602473583e+00
492.750000,9.9933106517e-04,1.6432830609e+00
492.800000,1.0017255742e-03,1.6239751251e+00
492.850000,9.9948278180e-04,1.5820121080e+00
492.900000,1.0000656261e-03,1.6143064503e+00
492.950000,9.9789911459e-04,1.5702561745e+00
493.000000,1.0008280988e-03,1.5748957591e+00
493.050000,1.0020077602e-03,1.5588259466e+00
493.100000,1.0007846625e-03,1.5621343391e+00
493.150000,1.0016477109e-03,1.6173574287e+00
493.200000,9.9997632218e-04,1.6253079319e+00
493.250000,9.9978659312e-04,1.6342098653e+00
493.300000,9.9877021455e-04,1.6112490656e+00
493.350000,1.0002683145e-03,1.5864174330e+00
493.400000,1.0014282393e-03,1.5596933187e+00
493.450000,1.0002787288e-03,1.5644818813e+00
493.500000,9.9845065973e-04,1.5973186940e+00
493.550000,1.0017588472e-03,1.5946457255e+00
493.600000,9.9941170793e-04,1.6650057509e+00
493.650000,9.9845028073e-04,1.5614566273e+00
493.700000,9.9962793890e-04,1.6043468017e+00
493.750000,9.9969334395e-04,1.6246190350e+00
493.800000,1.0004140002e-03,1.6095353124e+00
493.850000,1.0004086700e-03,1.5927112571e+00
493.900000,1.0001895847e-03,1.6039662855e+00
493.950000,1.0004600247e-03,1.6310350582e+00
494.000000,9.9963534359e-04,1.5848536753e+00
494.050000,1.0002424109e-03,1.6739704876e+00
494.100000,1.0010849413e-03,1.6026600440e+00
494.150000,1.0011407353e-03,1.5692236816e+00
494.200000,1.0004703261e-03,1.6192321021e+00
494.250000,9.9991172896e-04,1.6395665932e+00
494.300000,1.0005387670e-03,1.6154855031e+00
494.350000,1.0003652430e-03,1.6469269310e+00
494.400000,9.9860684817e-04,1.6446465034e+00
494.450000,1.0003609630e-03,1.6088294708e+00
494.500000,1.0004679715e-03,1.6140564540e+00
494.550000,9.9951639114e-04,1.5834511417e+00
494.600000,9.9977903275e-04,1.5693902140e+00
494.650000,1.0007066915e-03,1.6259935397e+00
494.700000,9.9812995975e-04,1.5886554415e+00
494.750000,9.9898686047e-04,1.5983564760e+00
494.800000,1.0011537354e-03,1.5805221267e+00
494.850000,9.9899567066e-04,1.6200652783e+00
494.900000,1.0005304364e-03,1.6345107714e+00
494.950000,9.9970535972e-04,1.5971524954e+00
495.000000,1.0000387527e-03,1.6039996963e+00
495.050000,9.9832381291e-04,1.6389051830e+00
495.100000,9.9926501429e-04,1.5990031690e+00
495.150000,1.0007361462e-03,1.6304681635e+00
495.200000,1.0017774614e-03,1.6509817261e+00
495.250000,1.0005512264e-03,1.6257960940e+00
495.300000,1.0002788162e-03,1.5942604247e+00
495.350000,9.9993877766e-04,1.5982824155e+00
495.400000,1.0005699455e-03,1.5794466966e+00
495.450000,9.9899341172e-04,1.5640397628e+00
495.500000,1.0009556569e-03,1.6392238642e+00
495.550000,9.9909170874e-04,1.5498951380e+00
495.600000,1.0010685499e-03,1.6081282291e+00
495.650000,1.0009406832e-03,1.6055215130e+00
495.700000,1.0005955036e-03,1.6005761576e+00
495.750000,9.9907767577e-04,1.6354539174e+00
495.800000,9.9907331146e-04,1.6220447770e+00
495.850000,9.9998991149e-04,1.5700407758e+00
495.900000,9.9952413123e-04,1.5366260045e+00
495.950000,9.9949782264e-04,1.6245211688e+00
496.000000,9.9980636160e-04,1.6008015451e+00
496.050000,9.9977857174e-04,1.5518748181e+00
496.100000,9.9819054663e-04,1.6284978849e+00
496.150000,9.9912703081e-04,1.5797011534e+00
496.200000,9.9836347369e-04,1.6074553935e+00
496.250000,9.9849170546e-04,1.5836334074e+00
496.300000,9.9990739624e-04,1.6020552181e+00
496.350000,9.9861773809e-04,1.5865747723e+00
496.400000,1.0002362515e-03,1.6268556341e+00
496.450000,9.9924248029e-04,1.5711119424e+00
496.500000,1.0004512096e-03,1.6174303223e+00
496.550000,1.0004762149e-03,1.5896835800e+00
496.600000,9.9874081561e-04,1.5661466749e+00
496.650000,1.0006988741e-03,1.5134956309e+00
496.700000,9.9943197382e-04,1.5503012703e+00
496.750000,9.9986041036e-04,1.6074654767e+00
496.800000,1.0006428895e-03,1.5685325318e+00
496.850000,1.0004100135e-03,1.5925264113e+00
496.900000,1.0001800863e-03,1.5616037570e+00
496.950000,9.9789013485e-04,1.5822187482e+00
497.000000,9.9891171487e-04,1.5837216043e+00
497.050000,1.0016445355e-03,1.6078307282e+00
497.100000,9.9987830934e-04,1.6603427765e+00
497.150000,9.9804233912e-04,1.5807235303e+00
497.200000,1.0006277470e-03,1.5301409636e+00
497.250000,9.9965317039e-04,1.5802912418e+00
497.300000,9.9895453385e-04,1.6119553092e+00
497.350000,9.9969149617e-04,1.5647083300e+00
497.400000,9.9969892029e-04,1.6161036601e+00
497.450000,1.0006449487e-03,1.6246621676e+00
497.500000,1.0000697481e-03,1.5807672380e+00
497.550000,1.0005720838e-03,1.5886785603e+00
497.600000,9.9925561554e-04,1.6262784248e+00
497.650000,1.0003393416e-03,1.6322413363e+00
497.700000,9.9961110107e-04,1.6156065301e+00
497.750000,9.9994134467e-04,1.6327972787e+00
497.800000,1.0006201023e-03,1.5951668389e+00
497.850000,1.0001780315e-03,1.5652895115e+00
497.900000,9.9832333089e-04,1.6341943302e+00
497.950000,9.9865245095e-04,1.5952580961e+00
498.000000,9.9945301144e-04,1.5683832650e+00
498.050000,1.0010321831e-03,1.6118868698e+00
498.100000,1.0006310588e-03,1.6249564803e+00
498.150000,9.9902933828e-04,1.6052712748e+00
498.200000,1.0004795408e-03,1.6073695502e+00
498.250000,1.0017262240e-03,1.6404826209e+00
498.300000,1.0012824066e-03,1.6030290160e+00
498.350000,9.9938785793e-04,1.5566825997e+00
498.400000,1.0001082457e-03,1.5888792147e+00
498.450000,9.9984862352e-04,1.6333866873e+00
498.500000,9.9915000029e-04,1.5752715786e+00
498.550000,9.9967123796e-04,1.6000366261e+00
498.600000,9.9753514562e-04,1.6172030404e+00
498.650000,9.9762499996e-04,1.5640290045e+00
498.700000,1.0012404793e-03,1.6221043478e+00
498.750000,1.0008396235e-03,1.6400975240e+00
498.800000,9.9876556683e-04,1.5955273876e+00
498.850000,1.0014280073e-03,1.6365685289e+00
498.900000,9.9817851809e-04,1.6340107948e+00
498.950000,1.0018631608e-03,1.5983800623e+00
499.000000,1.0022501840e-03,1.6244548167e+00
499.050000,1.0010614160e-03,1.6225514030e+00
499.100000,9.9979469539e-04,1.5709363837e+00
499.150000,9.9765217342e-04,1.5438150700e+00
499.200000,1.0002915257e-03,1.5991306461e+00
499.250000,1.0006779185e-03,1.6504456248e+00
499.300000,1.0001426830e-03,1.6221614057e+00
499.350000,9.9860234148e-04,1.6021044874e+00
499.400000,1.0001502458e-03,1.6189529457e+00
499.450000,9.9936500115e-04,1.6174464255e+00
499.500000,1.0003860288e-03,1.5561839023e+00
499.550000,9.9944348611e-04,1.6218709298e+00
499.600000,9.9882233957e-04,1.5599875669e+00
499.650000,1.0007813405e-03,1.5640422880e+00
499.700000,9.9862363120e-04,1.5771609210e+00
499.750000,9.9967017348e-04,1.5515789220e+00
499.800000,1.0017913602e-03,1.6097196973e+00
499.850000,9.9951725709e-04,1.6028392934e+00
499.900000,1.0005136367e-03,1.6297470999e+00
499.950000,9.9853803355e-04,1.6114910829e+00
500.000000,1.0008975385e-03,1.5411975654e+00
500.050000,1.0007594414e-03,1.5916611314e+00
500.100000,1.0008987301e-03,1.6467147618e+00
500.150000,1.0008390125e-03,1.5473742118e+00
500.200000,1.0008083388e-03,1.6029464234e+00
500.250000,1.0010796197e-03,1.5806467888e+00
500.300000,1.0006272895e-03,1.6139755636e+00
500.350000,9.9888987301e-04,1.5759274358e+00
500.400000,1.0003179740e-03,1.5957546765e+00
500.450000,1.0009045764e-03,1.5469450450e+00
500.500000,1.0012778058e-03,1.5999611035e+00
500.550000,9.9947410466e-04,1.5920532519e+00
500.600000,1.0000685610e-03,1.6009642814e+00
500.650000,1.0009143324e-03,1.5528979938e+00
500.700000,9.9847495550e-04,1.5640467096e+00
500.750000,9.9976762608e-04,1.6209989887e+00
500.800000,1.0007494610e-03,1.5835738399e+00
500.850000,1.0008962021e-03,1.5133671012e+00
500.900000,1.0014669610e-03,1.5440921523e+00
500.950000,9.9908075423e-04,1.6076095529e+00
501.000000,9.9875730439e-04,1.5646270308e+00
501.050000,9.9973183929e-04,1.5752770000e+00
501.100000,1.0003832339e-03,1.6201568111e+00
501.150000,1.0004649586e-03,1.5868328766e+00
501.200000,9.9971845468e-04,1.5638944007e+00
501.250000,1.0011440624e-03,1.5882995453e+00
501.300000,1.0003434876e-03,1.6018151152e+00
501.350000,9.9823200094e-04,1.6058570629e+00
501.400000,9.9865796159e-04,1.6337603261e+00
501.450000,1.0000932339e-03,1.6078954277e+00
501.500000,1.0013029467e-03,1.6270592711e+00
501.550000,9.9828337528e-04,1.6078876913e+00
501.600000,9.9971234770e-04,1.5940950809e+00
501.650000,9.9855285518e-04,1.6097371376e+00
501.700000,1.0011975737e-03,1.6171870249e+00
501.750000,1.0007083432e-03,1.5951491876e+00
501.800000,1.0013025829e-03,1.6192461834e+00
501.850000,1.0004089776e-03,1.6040901622e+00
501.900000,9.9908325950e-04,1.6163980357e+00
501.950000,1.0017258094e-03,1.6338735582e+00
502.000000,9.9951953779e-04,1.5516323343e+00
502.050000,9.9997006531e-04,1.6286019292e+00
502.100000,9.9830117063e-04,1.5898639864e+00
502.150000,1.0001003781e-03,1.6627431098e+00
502.200000,9.9962296255e-04,1.6121673328e+00
502.250000,1.0010143180e-03,1.6058203858e+00
502.300000,9.9938405228e-04,1.7072000300e+00
502.350000,1.0008918630e-03,1.5510780500e+00
502.400000,9.9967786701e-04,1.6211288905e+00
502.450000,9.9837969236e-04,1.6510511886e+00
502.500000,1.0001003178e-03,1.6350912435e+00
502.550000,1.0001375751e-03,1.6253385158e+00
502.600000,9.9990684058e-04,1.5596997535e+00
502.650000,9.9985490984e-04,1.6413718536e+00
502.700000,1.0012718914e-03,1.5982746500e+00
502.750000,1.0004561950e-03,1.5778413248e+00
502.800000,1.0019148924e-03,1.6028947165e+00
502.850000,9.9770897046e-04,1.5649996471e+00
502.900000,1.0002469814e-03,1.6049575384e+00
502.950000,9.9905127190e-04,1.6226202953e+00
503.000000,9.9883074833e-04,1.5886433722e+00
503.050000,1.0006172605e-03,1.6020374179e+00
503.100000,1.0011120231e-03,1.5867470559e+00
503.150000,1.0010610830e-03,1.6425554501e+00
503.200000,9.9979902234e-04,1.5865421493e+00
503.250000,9.9890559593e-04,1.6524359775e+00
503.300000,1.0001119884e-03,1.6115580482e+00
503.350000,9.9831040594e-04,1.5610544825e+00
503.400000,1.0003683727e-03,1.6160063110e+00
503.450000,9.9963064603e-04,1.5848937126e+00
503.500000,1.0001760805e-03,1.6202313424e+00
503.550000,9.9955962054e-04,1.5642802996e+00
503.600000,9.9895853578e-04,1.5593685409e+00
503.650000,1.0016383190e-03,1.5082383758e+00
503.700000,1.0023767685e-03,1.6091964264e+00
503.750000,1.0005411040e-03,1.5765706720e+00
503.800000,1.0005068216e-03,1.5808358942e+00
503.850000,9.9812457441e-04,1.5772684674e+00
503.900000,1.0009873527e-03,1.6555470368e+00
503.950000,9.9934200868e-04,1.5549945647e+00
504.000000,9.9945410794e-04,1.5474706781e+00
504.050000,9.9926183832e-04,1.6459737205e+00
504.100000,1.0005000911e-03,1.6478673249e+00
504.150000,9.9882187665e-04,1.6305283803e+00
504.200000,9.9930337027e-04,1.6447979359e+00
504.250000,1.0010330724e-03,1.5587993599e+00
504.300000,9.9914747636e-04,1.5968390803e+00
504.350000,1.0000493880e-03,1.5359021291e+00
504.400000,9.9881624258e-04,1.5856385539e+00
504.450000,9.9887293571e-04,1.5839551416e+00
504.500000,9.9902383987e-04,1.6839285139e+00
504.550000,9.9969385382e-04,1.6229908827e+00
504.600000,1.0000079541e-03,1.5952959517e+00
504.650000,9.9999156760e-04,1.6098171038e+00
504.700000,1.0005784584e-03,1.5901252711e+00
504.750000,1.0012149184e-03,1.6169091497e+00
504.800000,9.9972597960e-04,1.5640141541e+00
504.850000,9.9945734885e-04,1.5267938090e+00
504.900000,1.0004175474e-03,1.5864161956e+00
504.950000,1.0002619198e-03,1.6014535009e+00
505.000000,9.9985661585e-04,1.5783616590e+00
505.050000,9.9917150220e-04,1.5489385451e+00
505.100000,1.0018250673e-03,1.6301265819e+00
505.150000,9.9828200356e-04,1.6248935789e+00
505.200000,9.9869782384e-04,1.5857583437e+00
505.250000,9.9790614125e-04,1.6947321175e+00
505.300000,9.9850761700e-04,1.5435122539e+00
505.350000,9.9912472852e-04,1.6219153690e+00
505.400000,1.0006867811e-03,1.5756318487e+00
505.450000,1.0005933491e-03,1.6224951711e+00
505.500000,9.9913709472e-04,1.5860075516e+00
505.550000,1.0010647949e-03,1.6202422915e+00
505.600000,1.0010666730e-03,1.5871779964e+00
505.650000,1.0015053360e-03,1.5305639572e+00
505.700000,1.0006212328e-03,1.6240015707e+00
505.750000,1.0003002228e-03,1.5825318684e+00
505.800000,1.0001549881e-03,1.5987741079e+00
505.850000,9.9912583481e-04,1.6368977372e+00
505.900000,9.9919225087e-04,1.5988241036e+00
505.950000,9.9886322906e-04,1.6477428079e+00
506.000000,1.0000490807e-03,1.6339517194e+00
506.050000,9.9909668631e-04,1.5987007290e+00
506.100000,1.0004479523e-03,1.5954453407e+00
506.150000,1.0000556092e-03,1.6195187101e+00
506.200000,1.0008636987e-03,1.6272834762e+00
506.250000,1.0004122346e-03,1.5721154341e+00
506.300000,9.9986184841e-04,1.6089503631e+00
506.350000,9.9990887734e-04,1.5956592122e+00
506.400000,1.0012869293e-03,1.6130259530e+00
506.450000,9.9929724754e-04,1.6298695226e+00
506.500000,9.9957439914e-04,1.6987448985e+00
506.550000,1.0000715830e-03,1.5741856170e+00
506.600000,1.0011314596e-03,1.6176876626e+00
506.650000,1.0020541612e-03,1.6299764354e+00
506.700000,1.0016491910e-03,1.6428051639e+00
506.750000,9.9888026969e-04,1.6264262265e+00
506.800000,1.0022621482e-03,1.4898709169e+00
506.850000,1.0004335384e-03,1.6734392096e+00
506.900000,1.0000514649e-03,1.5477307557e+00
506.950000,9.9964869824e-04,1.6329880657e+00
507.000000,9.9943822961e-04,1.6033515301e+00
507.050000,1.0012165910e-03,1.6001924287e+00
507.100000,9.9975526444e-04,1.5452413760e+00
507.150000,1.0008893375e-03,1.6576827899e+00
507.200000,9.9948670495e-04,1.5649107081e+00
507.250000,1.0009684034e-03,1.5983110853e+00
507.300000,9.9904939742e-04,1.5903023166e+00
507.350000,9.9960291727e-04,1.5742595246e+00
507.400000,9.9982834058e-04,1.6464257767e+00
507.450000,1.0008086245e-03,1.5920884404e+00
507.500000,1.0006121900e-03,1.6313851909e+00
507.550000,1.0017390427e-03,1.6445435930e+00
507.600000,9.9992496240e-04,1.6322734691e+00
507.650000,1.0004882616e-03,1.6119623960e+00
507.700000,9.9876653055e-04,1.6317795185e+00
507.750000,9.9989750568e-04,1.6032810029e+00
507.800000,1.0003132372e-03,1.5865056722e+00
507.850000,1.0004995989e-03,1.6094467540e+00
507.900000,9.9919001849e-04,1.5871694703e+00
507.950000,9.9916868941e-04,1.5537119916e+00
508.000000,1.0012679422e-03,1.5488198788e+00
508.050000,9.9961297556e-04,1.6529866317e+00
508.100000,9.9869408320e-04,1.6331668065e+00
508.150000,1.0004457722e-03,1.6483583338e+00
508.200000,1.0003689847e-03,1.6121671292e+00
508.250000,9.9987623089e-04,1.5746952302e+00
508.300000,1.0018779446e-03,1.6365369143e+00
508.350000,1.0006724921e-03,1.5763989796e+00
508.400000,9.9709249032e-04,1.6193483175e+00
508.450000,1.0017833895e-03,1.5916842504e+00
508.500000,1.0012842253e-03,1.5899168351e+00
508.550000,1.0011387100e-03,1.6416379801e+00
508.600000,9.9933248809e-04,1.6094835735e+00
508.650000,1.0023116551e-03,1.5517600251e+00
508.700000,9.9951144443e-04,1.5929427509e+00
508.750000,9.9976468869e-04,1.6457852276e+00
508.800000,1.0009929135e-03,1.5215226924e+00
508.850000,1.0005514412e-03,1.6168446985e+00
508.900000,9.9999704459e-04,1.5711769300e+00
508.950000,9.9888414524e-04,1.6009554715e+00
509.000000,1.0002126456e-03,1.6566508445e+00
509.050000,1.0001074950e-03,1.5881090729e+00
509.100000,1.0005044796e-03,1.5771713151e+00
509.150000,1.0002134052e-03,1.5501662231e+00
509.200000,9.9786598403e-04,1.6148769051e+00
509.250000,1.0008727809e-03,1.5491055393e+00
509.300000,1.0000384331e-03,1.5570755417e+00
509.350000,9.9822367506e-04,1.5876077744e+00
509.400000,9.9742768021e-04,1.5664497473e+00
509.450000,1.0017047653e-03,1.6200106671e+00
509.500000,9.9891092016e-04,1.5809547416e+00
509.550000,1.0001040930e-03,1.6091417145e+00
509.600000,9.9859293886e-04,1.5743724350e+00
509.650000,9.9811383848e-04,1.5772754633e+00
509.700000,9.9944017517e-04,1.5677731618e+00
509.750000,9.9987978589e-04,1.6006579058e+00
509.800000,1.0005835366e-03,1.5931927408e+00
509.850000,9.9894786739e-04,1.5987390705e+00
509.900000,9.9952871780e-04,1.5488957017e+00
509.950000,9.9976889053e-04,1.6128453875e+00
510.000000,1.0015665066e-03,1.5716795444e+00
510.050000,9.9937420467e-04,1.6036747288e+00
510.100000,9.9934982867e-04,1.5331018580e+00
510.150000,1.0022419928e-03,1.6132392633e+00
510.200000,9.9761259505e-04,1.6389703997e+00
510.250000,1.0002042953e-03,1.5383284566e+00
510.300000,9.9949267012e-04,1.6438387810e+00
510.350000,1.0011885440e-03,1.6342395522e+00
510.400000,9.9893288446e-04,1.5900845947e+00
510.450000,9.9869615886e-04,1.5682227399e+00
510.500000,9.9930606737e-04,1.5985977755e+00
510.550000,1.0002775559e-03,1.5674232883e+00
510.600000,9.9955990869e-04,1.5603444113e+00
510.650000,9.9825984626e-04,1.6396328092e+00
510.700000,9.9988312103e-04,1.5901628793e+00
510.750000,9.9941979448e-04,1.6285035201e+00
510.800000,9.9897204321e-04,1.6589064532e+00
510.850000,9.9932058212e-04,1.6234102490e+00
510.900000,9.9918330745e-04,1.5201095479e+00
510.950000,9.9840124024e-04,1.6428054978e+00
511.000000,1.0002622920e-03,1.6087241286e+00
511.050000,1.0011096966e-03,1.5593753883e+00
511.100000,1.0005936938e-03,1.6096673585e+00
511.150000,1.0019672703e-03,1.6533974580e+00
511.200000,9.9879785460e-04,1.6435450891e+00
511.250000,9.9985199691e-04,1.6237142734e+00
511.300000,1.0010020616e-03,1.5332474997e+00
511.350000,9.9897068672e-04,1.5782362204e+00
511.400000,1.0001111173e-03,1.6527865241e+00
511.450000,9.9913399602e-04,1.5616993651e+00
511.500000,1.0019084556e-03,1.6766696111e+00
511.550000,9.9926708006e-04,1.6349435071e+00
511.600000,1.0017935344e-03,1.5896928407e+00
511.650000,9.9844571670e-04,1.5953560552e+00
511.700000,1.0005746208e-03,1.6235422010e+00
511.750000,1.0005225938e-03,1.5635142184e+00
511.800000,9.9850313056e-04,1.5866470289e+00
511.850000,9.9901662286e-04,1.5470967159e+00
511.900000,1.0009308195e-03,1.6312658708e+00
511.950000,1.0009074756e-03,1.6324230183e+00
512.000000,1.0004951610e-03,1.6035449662e+00
512.050000,1.0003535795e-03,1.6450281141e+00
512.100000,9.9799443802e-04,1.6033437268e+00
512.150000,9.9873856013e-04,1.5137086778e+00
512.200000,9.9896792355e-04,1.5839966779e+00
512.250000,9.9994139183e-04,1.5883230698e+00
512.300000,9.9889618035e-04,1.5954448440e+00
512.350000,1.0003860401e-03,1.5727037230e+00
512.400000,1.0014949412e-03,1.6119998141e+00
512.450000,9.9879475777e-04,1.5532667531e+00
512.500000,9.9907569406e-04,1.5630514602e+00
512.550000,1.0010522813e-03,1.5839750217e+00
512.600000,1.0006818410e-03,1.5927352833e+00
512.650000,1.0008954098e-03,1.6322444642e+00
512.700000,9.9932069139e-04,1.6005185465e+00
512.750000,1.0013766449e-03,1.6469463055e+00
512.800000,1.0001455761e-03,1.6146984935e+00
512.850000,9.9968780598e-04,1.6036484215e+00
512.900000,1.0000459185e-03,1.6196139721e+00
512.950000,1.0000571753e-03,1.5429786115e+00
513.000000,1.0004931162e-03,1.5762206305e+00
513.050000,9.9902494034e-04,1.6027540769e+00
513.100000,9.9945394069e-04,1.5962688301e+00
513.150000,1.0003688353e-03,1.5425946897e+00
513.200000,9.9867211331e-04,1.6178468394e+00
513.250000,1.0015871580e-03,1.5678551885e+00
513.300000,1.0012842088e-03,1.6334304167e+00
513.350000,1.0004220228e-03,1.6243653925e+00
513.400000,9.9814184539e-04,1.6024260950e+00
513.450000,1.0004007167e-03,1.6182537799e+00
513.500000,1.0006175205e-03,1.6161465500e+00
513.550000,9.9941017811e-04,1.6032987387e+00
513.600000,1.0020713788e-03,1.6296245658e+00
513.650000,9.9897017526e-04,1.6520303020e+00
513.700000,9.9869124904e-04,1.6370038378e+00
513.750000,9.9978797112e-04,1.6191855334e+00
513.800000,1.0000669828e-03,1.6956735073e+00
513.850000,1.0002971223e-03,1.6159966163e+00
513.900000,9.9887255671e-04,1.6125190204e+00
513.950000,9.9987163351e-04,1.6419010108e+00
514.000000,9.9956203651e-04,1.6126821947e+00
514.050000,1.0006471508e-03,1.6971070663e+00
514.100000,9.9913284441e-04,1.5999167548e+00
514.150000,1.0017381400e-03,1.6338976537e+00
514.200000,1.0000152762e-03,1.5248461033e+00
514.250000,1.0003391847e-03,1.6233849378e+00
514.300000,9.9966887428e-04,1.5780476386e+00
514.350000,9.9923519695e-04,1.5928040954e+00
514.400000,9.9957153361e-04,1.5967483106e+00
514.450000,1.0000586522e-03,1.6367352398e+00
514.500000,1.0016899498e-03,1.6359544670e+00
514.550000,9.9954204153e-04,1.5602218025e+00
514.600000,1.0005551322e-03,1.6052244233e+00
514.650000,1.0008109378e-03,1.6250412872e+00
514.700000,9.9920607036e-04,1.5838172795e+00
514.750000,1.0015459528e-03,1.6015667575e+00
514.800000,1.0011482890e-03,1.6173643736e+00
514.850000,1.0004170460e-03,1.5445156063e+00
514.900000,1.0003632528e-03,1.6202484518e+00
514.950000,1.0016320183e-03,1.6246586915e+00
515.000000,1.0012508863e-03,1.5876094227e+00
515.050000,9.9892039988e-04,1.6142757595e+00
515.100000,1.0008715555e-03,1.6582205675e+00
515.150000,9.9907431238e-04,1.5514882843e+00
515.200000,1.0006316553e-03,1.6387040113e+00
515.250000,9.9894580985e-04,1.6377902828e+00
515.300000,1.0000369786e-03,1.5630757138e+00
515.350000,1.0003488447e-03,1.6428288858e+00
515.400000,1.0003155375e-03,1.5987156531e+00
515.450000,9.9970892717e-04,1.6377061446e+00
515.500000,1.0007454670e-03,1.6340716678e+00
515.550000,9.9943962661e-04,1.5830553639e+00
515.600000,1.0006984700e-03,1.5628249649e+00
515.650000,9.9874781917e-04,1.5686031806e+00
515.700000,1.0008187098e-03,1.5658299536e+00
515.750000,9.9954760719e-04,1.5901995970e+00
515.800000,1.0006444080e-03,1.6417232114e+00
515.850000,1.0016157683e-03,1.5780446550e+00
515.900000,9.9961887241e-04,1.5866674153e+00
515.950000,1.0001533780e-03,1.6239041332e+00
516.000000,1.0016029206e-03,1.6134211652e+00
516.050000,9.9895208373e-04,1.6064142431e+00
516.100000,9.9992751984e-04,1.6385552625e+00
516.150000,9.9970591434e-04,1.6065220777e+00
516.200000,1.0013988378e-03,1.5681022319e+00
516.250000,9.9850498515e-04,1.6113549123e+00
516.300000,9.9934484818e-04,1.5950550095e+00
516.350000,9.9961428541e-04,1.5904876728e+00
516.400000,1.0019055089e-03,1.5899824270e+00
516.450000,9.9930636747e-04,1.6503641494e+00
516.500000,9.9820034634e-04,1.5845046689e+00
516.550000,1.0001634266e-03,1.5931589180e+00
516.600000,9.9871440802e-04,1.6029478626e+00
516.650000,9.9995079679e-04,1.6378619367e+00
516.700000,9.9893632057e-04,1.6076020595e+00
516.750000,9.9863365899e-04,1.5782346756e+00
516.800000,9.9825322208e-04,1.5689994752e+00
516.850000,1.0024491557e-03,1.5659480546e+00
516.900000,1.0013363777e-03,1.6093681279e+00
516.950000,1.0010915771e-03,1.6369131688e+00
517.000000,1.0008032697e-03,1.6568856406e+00
517.050000,1.0006340033e-03,1.6380574503e+00
517.100000,1.0006777055e-03,1.6166520339e+00
517.150000,1.0002215590e-03,1.6201622540e+00
517.200000,1.0027460187e-03,1.5868874772e+00
517.250000,9.9899094075e-04,1.5600452262e+00
517.300000,1.0002311185e-03,1.5982393709e+00
517.350000,9.9831505637e-04,1.5472046504e+00
517.400000,1.0025586966e-03,1.5892503346e+00
517.450000,1.0014938043e-03,1.5990849227e+00
517.500000,1.0016102215e-03,1.6182097294e+00
517.550000,9.9924993247e-04,1.5765329078e+00
517.600000,1.0008928863e-03,1.5607972421e+00
517.650000,9.9967347528e-04,1.5388992147e+00
517.700000,9.9981604766e-04,1.6678852462e+00
517.750000,9.9974347086e-04,1.6096115708e+00
517.800000,9.9948625192e-04,1.5665848553e+00
517.850000,9.9991325671e-04,1.6476320907e+00
517.900000,1.0001228655e-03,1.5756407700e+00
517.950000,1.0005796856e-03,1.6099294266e+00
518.000000,9.9930511880e-04,1.6653944098e+00
518.050000,9.9900761439e-04,1.5602397933e+00
518.100000,9.9968776215e-04,1.6010375482e+00
518.150000,9.9930787266e-04,1.5323937155e+00
518.200000,9.9940987627e-04,1.5878020034e+00
518.250000,9.9868469705e-04,1.5788873641e+00
518.300000,1.0018212078e-03,1.5419084809e+00
518.350000,1.0011802729e-03,1.5770028043e+00
518.400000,1.0003887657e-03,1.6093556959e+00
518.450000,1.0007822410e-03,1.6359682270e+00
518.500000,9.9670211404e-04,1.5832582709e+00
518.550000,1.0001540807e-03,1.6466789175e+00
518.600000,9.9930166057e-04,1.6267229627e+00
518.650000,9.9976849414e-04,1.5883431531e+00
518.700000,1.0002184293e-03,1.6314784039e+00
518.750000,9.9898954677e-04,1.6343596319e+00
518.800000,1.0001773911e-03,1.6117301350e+00
518.850000,1.0014996915e-03,1.6415617897e+00
518.900000,1.0008687883e-03,1.5789656561e+00
518.950000,9.9976987081e-04,1.5924147645e+00
519.000000,1.0000706594e-03,1.6251555007e+00
519.050000,9.9969472204e-04,1.6061990114e+00
519.100000,9.9816851173e-04,1.6380116651e+00
519.150000,9.9925270655e-04,1.5456924871e+00
519.200000,9.9971926143e-04,1.5536896960e+00
519.250000,9.9883985821e-04,1.6717964949e+00
519.300000,9.9941276923e-04,1.6312640501e+00
519.350000,9.9857079505e-04,1.6390503688e+00
519.400000,1.0013733443e-03,1.6017110612e+00
519.450000,9.9949036386e-04,1.6102841728e+00
519.500000,9.9982406293e-04,1.6493409931e+00
519.550000,9.9882841553e-04,1.6042524003e+00
519.600000,9.9835581957e-04,1.5682692413e+00
519.650000,1.0006519404e-03,1.6115543467e+00
519.700000,1.0001475843e-03,1.6038657539e+00
519.750000,1.0001059586e-03,1.6163613130e+00
519.800000,9.9950147751e-04,1.6253445614e+00
519.850000,9.9960272546e-04,1.6731237815e+00
519.900000,1.0006811183e-03,1.5874778065e+00
519.950000,1.0017778106e-03,1.5721238256e+00
520.000000,1.0011894432e-03,1.6253056214e+00
520.050000,9.9782397449e-04,1.5876085747e+00
520.100000,9.9937748870e-04,1.5839092212e+00
520.150000,9.9945806337e-04,1.6018866196e+00
520.200000,9.9712640572e-04,1.6329277429e+00
520.250000,9.9793009121e-04,1.5332300178e+00
520.300000,1.0005062512e-03,1.6061690510e+00
520.350000,9.9908601583e-04,1.5839608688e+00
520.400000,9.9784323323e-04,1.5958741512e+00
520.450000,1.0000362957e-03,1.6041889074e+00
520.500000,1.0008512629e-03,1.5556380810e+00
520.550000,1.0001687699e-03,1.6421575164e+00
520.600000,9.9959233490e-04,1.6243557079e+00
520.650000,1.0015584547e-03,1.6112895149e+00
520.700000,9.9966875704e-04,1.6466128362e+00
520.750000,1.0003193777e-03,1.6227395533e+00
520.800000,1.0006330529e-03,1.6443002110e+00
520.850000,9.9880091536e-04,1.5959058331e+00
520.900000,9.9988694846e-04,1.6361980157e+00
520.950000,1.0001188025e-03,1.5338498950e+00
521.000000,9.9956669186e-04,1.5758133445e+00
521.050000,9.9905730006e-04,1.5929967933e+00
521.100000,1.0013691983e-03,1.5356038778e+00
521.150000,9.9914502487e-04,1.5777081478e+00
521.200000,9.9965514897e-04,1.5889926468e+00
521.250000,9.9932313548e-04,1.5823675039e+00
521.300000,9.9912088495e-04,1.6747320508e+00
521.350000,1.0016408373e-03,1.5676301344e+00
521.400000,1.0000667904e-03,1.6059366256e+00
521.450000,1.0005463784e-03,1.6295030890e+00
521.500000,9.9885992501e-04,1.5744935806e+00
521.550000,1.0007734200e-03,1.5712211912e+00
521.600000,1.0008824834e-03,1.6066855679e+00
521.650000,9.9877705195e-04,1.6233288151e+00
521.700000,9.9960916466e-04,1.6034803088e+00
521.750000,9.9834584770e-04,1.6121028153e+00
521.800000,1.0021086746e-03,1.6305655193e+00
521.850000,9.9812699126e-04,1.5907510309e+00
521.900000,1.0001957809e-03,1.6239218135e+00
521.950000,9.9944287050e-04,1.5887912568e+00
522.000000,9.9904562111e-04,1.6275017132e+00
522.050000,9.9985158918e-04,1.6538036596e+00
522.100000,9.9919381686e-04,1.6206257140e+00
522.150000,9.9963325575e-04,1.6304857125e+00
522.200000,1.0003262761e-03,1.5775375631e+00
522.250000,1.0001567983e-03,1.6424483329e+00
522.300000,1.0002092757e-03,1.5098230723e+00
522.350000,1.0005053852e-03,1.6015080431e+00
522.400000,9.9938714657e-04,1.6171561191e+00
522.450000,1.0006644969e-03,1.6308604862e+00
522.500000,1.0006079906e-03,1.6285116874e+00
522.550000,1.0006481596e-03,1.6208770629e+00
522.600000,9.9899557093e-04,1.6358906938e+00
522.650000,9.9960004118e-04,1.6312092609e+00
522.700000,1.0012945035e-03,1.6329786648e+00
522.750000,9.9997737280e-04,1.5761545290e+00
522.800000,1.0004733829e-03,1.6504414517e+00
522.850000,9.9948150875e-04,1.5892807890e+00
522.900000,1.0001994203e-03,1.6247179277e+00
522.950000,1.0005836342e-03,1.6231255736e+00
523.000000,1.0023408774e-03,1.6113884773e+00
523.050000,9.9932837643e-04,1.6168855528e+00
523.100000,9.9980905024e-04,1.5657347913e+00
523.150000,1.0012307552e-03,1.6213184907e+00
523.200000,9.9964529153e-04,1.6209031169e+00
523.250000,1.0006576074e-03,1.5589657172e+00
523.300000,9.9866461959e-04,1.5940014832e+00
523.350000,1.0012909175e-03,1.5389646426e+00
523.400000,1.0005182343e-03,1.5919504351e+00
523.450000,9.9948069024e-04,1.6338398079e+00
523.500000,1.0014571466e-03,1.5864981016e+00
523.550000,9.9963282949e-04,1.5613348237e+00
523.600000,1.0005325251e-03,1.6009513301e+00
523.650000,9.9768121652e-04,1.6132124672e+00
523.700000,1.0001172597e-03,1.6288295497e+00
523.750000,9.9887708600e-04,1.6437779826e+00
523.800000,9.9988779052e-04,1.6117486658e+00
523.850000,1.0013450414e-03,1.6085820289e+00
523.900000,1.0020027224e-03,1.5867219503e+00
523.950000,1.0002313937e-03,1.6184311126e+00
524.000000,9.9850447406e-04,1.6229665289e+00
524.050000,9.9944842292e-04,1.5823724937e+00
524.100000,1.0001217944e-03,1.6322311730e+00
524.150000,1.0011606515e-03,1.5820398582e+00
524.200000,1.0008049380e-03,1.6057474685e+00
524.250000,1.0010289146e-03,1.6430688890e+00
524.300000,1.0014636202e-03,1.5899125658e+00
524.350000,1.0001484952e-03,1.6002546356e+00
524.400000,9.9943116342e-04,1.5757243699e+00
524.450000,9.9946618800e-04,1.5774825967e+00
524.500000,9.9942378072e-04,1.5614373529e+00
524.550000,1.0001649525e-03,1.5205915535e+00
524.600000,9.9849764510e-04,1.5799292573e+00
524.650000,1.0000693557e-03,1.6075160090e+00
524.700000,9.9883872072e-04,1.6432308387e+00
524.750000,9.9956550602e-04,1.5811657706e+00
524.800000,1.0019010007e-03,1.6143352878e+00
524.850000,1.0016022905e-03,1.6084466913e+00
524.900000,9.9963743212e-04,1.6034322534e+00
524.950000,9.9966672562e-04,1.6270313404e+00
525.000000,1.0005117420e-03,1.6043047676e+00
525.050000,1.0012064481e-03,1.5480170349e+00
525.100000,1.0000159182e-03,1.6511473539e+00
525.150000,9.9886870179e-04,1.6246889105e+00
525.200000,1.0014662754e-03,1.5493539728e+00
525.250000,9.9876758450e-04,1.5402207325e+00
525.300000,1.0002615371e-03,1.6404310726e+00
525.350000,9.9976189510e-04,1.6111464158e+00
525.400000,9.9954063170e-04,1.6497566720e+00
525.450000,1.0012658410e-03,1.6391135818e+00
525.500000,9.9864693305e-04,1.5770054849e+00
525.550000,1.0007679470e-03,1.6012088211e+00
525.600000,1.0002580684e-03,1.6070857244e+00
525.650000,9.9956399589e-04,1.5758318295e+00
525.700000,9.9944812183e-04,1.6252933858e+00
525.750000,9.9879489981e-04,1.6045963919e+00
525.800000,1.0003102891e-03,1.6141326153e+00
525.850000,9.9929096725e-04,1.5890150501e+00
525.900000,1.0001187365e-03,1.6251457161e+00
525.950000,1.0023572350e-03,1.6284291196e+00
526.000000,1.0025125485e-03,1.6103375225e+00
526.050000,1.0004267691e-03,1.5967667929e+00
526.100000,1.0001717427e-03,1.6059243149e+00
526.150000,1.0003927318e-03,1.6188250852e+00
526.200000,9.9977932741e-04,1.5541877867e+00
526.250000,1.0001278513e-03,1.5620693337e+00
526.300000,9.9864141024e-04,1.6665185611e+00
526.350000,9.9995298476e-04,1.5764868685e+00
526.400000,9.9959113941e-04,1.6339165994e+00
526.450000,9.9852829003e-04,1.5878348990e+00
526.500000,9.9955984360e-04,1.6018569322e+00
526.550000,9.9907520853e-04,1.5779210178e+00
526.600000,1.0011454221e-03,1.6118772115e+00
526.650000,1.0006209107e-03,1.5641600429e+00
526.700000,1.0003561052e-03,1.6789678658e+00
526.750000,9.9966554314e-04,1.5901427580e+00
526.800000,9.9983328307e-04,1.6045877242e+00
526.850000,9.9849692196e-04,1.5930098728e+00
526.900000,9.9761171943e-04,1.5884107618e+00
526.950000,1.0006193529e-03,1.6858865324e+00
527.000000,1.0019790483e-03,1.5936227848e+00
527.050000,1.0001723636e-03,1.6267041684e+00
527.100000,9.9929683796e-04,1.5799070534e+00
527.150000,9.9964185559e-04,1.6000788572e+00
527.200000,1.0009030822e-03,1.5867686945e+00
527.250000,1.0008472300e-03,1.6869341705e+00
527.300000,9.9933859166e-04,1.6209277060e+00
527.350000,1.0002722533e-03,1.5924656131e+00
527.400000,9.9780982822e-04,1.6571396073e+00
527.450000,1.0007459515e-03,1.6016974492e+00
527.500000,1.0000535525e-03,1.6573335412e+00
527.550000,9.9969282231e-04,1.6553528451e+00
527.600000,9.9972980677e-04,1.5799504236e+00
527.650000,9.9995834169e-04,1.6481718643e+00
527.700000,1.0007301791e-03,1.5761335294e+00
527.750000,1.0000498888e-03,1.6221099498e+00
527.800000,9.9899699613e-04,1.6210213086e+00
527.850000,1.0020666779e-03,1.6409901578e+00
527.900000,1.0003923158e-03,1.6189021333e+00
527.950000,1.0006384873e-03,1.5973208043e+00
528.000000,9.9978280602e-04,1.5325051581e+00
528.050000,9.9923293986e-04,1.5977444322e+00
528.100000,9.9988471417e-04,1.6430278429e+00
528.150000,9.9877751743e-04,1.6590700380e+00
528.200000,9.9807195005e-04,1.6152330438e+00
528.250000,1.0005526842e-03,1.6341751088e+00
528.300000,1.0017115816e-03,1.5495716475e+00
528.350000,9.9971632358e-04,1.6199547064e+00
528.400000,9.9911728633e-04,1.5945860255e+00
528.450000,1.0003125597e-03,1.5483767601e+00
528.500000,9.9963491771e-04,1.5647243732e+00
528.550000,1.0019701773e-03,1.6086484195e+00
528.600000,1.0008034611e-03,1.6297880324e+00
528.650000,9.9863168848e-04,1.6293954900e+00
528.700000,9.9852825122e-04,1.5371246993e+00
528.750000,9.9923922244e-04,1.6212563832e+00
528.800000,9.9964020445e-04,1.6093563987e+00
528.850000,9.9919480346e-04,1.5764600791e+00
528.900000,9.9876376176e-04,1.5589587873e+00
528.950000,9.9976385658e-04,1.6014869051e+00
529.000000,1.0010593632e-03,1.5604122138e+00
529.050000,9.9896239976e-04,1.5417663463e+00
529.100000,9.9952080177e-04,1.5835742984e+00
529.150000,9.9902990730e-04,1.5760847357e+00
529.200000,1.0006570058e-03,1.6565901742e+00
529.250000,1.0006393373e-03,1.5724115099e+00
529.300000,1.0009336378e-03,1.5904724403e+00
529.350000,9.9986054175e-04,1.5978283738e+00
529.400000,9.9852423721e-04,1.5482501713e+00
529.450000,9.9837918882e-04,1.5791570907e+00
529.500000,1.0006443290e-03,1.6084740684e+00
529.550000,1.0008295940e-03,1.5855297422e+00
529.600000,9.9906828879e-04,1.5878443634e+00
529.650000,9.9964335107e-04,1.6103006163e+00
529.700000,9.9992888117e-04,1.6040496247e+00
529.750000,1.0006940305e-03,1.6095767023e+00
529.800000,9.9994946623e-04,1.6041559556e+00
529.850000,9.9990577217e-04,1.5716681169e+00
529.900000,1.0001476872e-03,1.6319075990e+00
529.950000,9.9982374680e-04,1.5725267271e+00
530.000000,9.9909671731e-04,1.5180402227e+00
530.050000,9.9989934230e-04,1.6069026842e+00
530.100000,1.0005854597e-03,1.5602278554e+00
530.150000,1.0011712168e-03,1.6362247590e+00
530.200000,9.9867002364e-04,1.5523591335e+00
530.250000,9.9927423545e-04,1.6235623135e+00
530.300000,9.9943251208e-04,1.5703602390e+00
530.350000,1.0010291444e-03,1.5966485474e+00
530.400000,1.0006873464e-03,1.5919483427e+00
530.450000,9.9934442065e-04,1.5692193725e+00
530.500000,9.9994193112e-04,1.5950970075e+00
530.550000,1.0004644775e-03,1.7237487566e+00
530.600000,1.0006292417e-03,1.5820331460e+00
530.650000,1.0000175898e-03,1.6376421591e+00
530.700000,9.9974958288e-04,1.5663849908e+00
530.750000,9.9918858555e-04,1.6031577463e+00
530.800000,1.0000444209e-03,1.5866142574e+00
530.850000,1.0000625239e-03,1.5171572750e+00
530.900000,9.9936442561e-04,1.6192125045e+00
530.950000,1.0005296353e-03,1.6907659241e+00
531.000000,9.9940843098e-04,1.6214671620e+00
531.050000,9.9959808882e-04,1.5635435205e+00
531.100000,1.0008159897e-03,1.5712677933e+00
531.150000,1.0006525943e-03,1.6416479636e+00
531.200000,9.9964547714e-04,1.6162753107e+00
531.250000,1.0013346175e-03,1.6202873530e+00
531.300000,1.0023173073e-03,1.5672303698e+00
531.350000,9.9930607918e-04,1.5772712236e+00
531.400000,1.0008487110e-03,1.6240095535e+00
531.450000,1.0015566472e-03,1.5890929683e+00
531.500000,9.9976723379e-04,1.5814492909e+00
531.550000,9.9866328846e-04,1.5962241221e+00
531.600000,1.0002939000e-03,1.6444003850e+00
531.650000,1.0003803592e-03,1.5323886443e+00
531.700000,1.0004177281e-03,1.6298980411e+00
531.750000,9.9949494606e-04,1.5659801509e+00
531.800000,1.0004953836e-03,1.6354445003e+00
531.850000,1.0001556483e-03,1.5944403573e+00
531.900000,1.0000122122e-03,1.6105705827e+00
531.950000,9.9950828073e-04,1.5858329527e+00
532.000000,1.0013179959e-03,1.6068984987e+00
532.050000,9.9918904975e-04,1.5931694874e+00
532.100000,1.0012383095e-03,1.6234843330e+00
532.150000,9.9904192000e-04,1.5821670057e+00
532.200000,9.9836314669e-04,1.5318552906e+00
532.250000,1.0002010762e-03,1.6643594280e+00
532.300000,9.9911999569e-04,1.6654979813e+00
532.350000,1.0007748150e-03,1.6047092507e+00
532.400000,9.9921919479e-04,1.5832238763e+00
532.450000,1.0009255785e-03,1.6059210693e+00
532.500000,1.0001017084e-03,1.5558803701e+00
532.550000,9.9948836287e-04,1.6258764823e+00
532.600000,9.9987626511e-04,1.5893433310e+00
532.650000,1.0003702366e-03,1.6158616623e+00
532.700000,1.0006181391e-03,1.5524966524e+00
532.750000,9.9849950579e-04,1.6066393050e+00
532.800000,9.9983673582e-04,1.5294342735e+00
532.850000,1.0006097113e-03,1.6248362254e+00
532.900000,9.9921494356e-04,1.6284616504e+00
532.950000,1.0006490441e-03,1.5764881585e+00
533.000000,1.0016709829e-03,1.5775550601e+00
533.050000,9.9908807169e-04,1.6354399781e+00
533.100000,1.0003065861e-03,1.6027071610e+00
533.150000,9.9940383010e-04,1.6039244121e+00
533.200000,1.0017845205e-03,1.5977397919e+00
533.250000,1.0006988835e-03,1.5938975681e+00
533.300000,1.0000588878e-03,1.5699156212e+00
533.350000,9.9981687342e-04,1.6026841134e+00
533.400000,9.9904416379e-04,1.6030821212e+00
533.450000,9.9994336405e-04,1.5756667006e+00
533.500000,9.9873921832e-04,1.5967567672e+00
533.550000,9.9941894830e-04,1.5798894097e+00
533.600000,9.9960587151e-04,1.6232996391e+00
533.650000,1.0008730715e-03,1.6165333245e+00
533.700000,9.9905607169e-04,1.6028865513e+00
533.750000,1.0000972845e-03,1.6645963187e+00
533.800000,1.0010623855e-03,1.6438783215e+00
533.850000,9.9857600361e-04,1.6096377905e+00
533.900000,9.9843183486e-04,1.6127634286e+00
533.950000,1.0010116962e-03,1.5521462656e+00
534.000000,9.9984325169e-04,1.5711219591e+00
534.050000,9.9915961921e-04,1.6514012638e+00
534.100000,9.9889675075e-04,1.5942881140e+00
534.150000,1.0004758256e-03,1.5676779616e+00
534.200000,9.9846024221e-04,1.5677454741e+00
534.250000,9.9990865738e-04,1.5925806145e+00
534.300000,1.0002152102e-03,1.5872751976e+00
534.350000,1.0019543936e-03,1.6119235849e+00
534.400000,9.9986803370e-04,1.6238008150e+00
534.450000,9.9932045307e-04,1.5597058129e+00
534.500000,9.9889305791e-04,1.5707151073e+00
534.550000,9.9925648036e-04,1.5989345607e+00
534.600000,1.0015022446e-03,1.5844796291e+00
534.650000,1.0008196182e-03,1.6235672627e+00
534.700000,9.9936352583e-04,1.6362835334e+00
534.750000,1.0008465566e-03,1.6180849616e+00
534.800000,9.9848585916e-04,1.5803259456e+00
534.850000,9.9788192575e-04,1.5869740959e+00
534.900000,1.0002615594e-03,1.6531220469e+00
534.950000,1.0003918626e-03,1.5675661616e+00
535.000000,1.0004316870e-03,1.6229846383e+00
535.050000,9.9940750961e-04,1.6027936788e+00
535.100000,1.0014336993e-03,1.5881166959e+00
535.150000,1.0021482132e-03,1.5912441286e+00
535.200000,1.0005542407e-03,1.5740189921e+00
535.250000,1.0015392643e-03,1.5896421092e+00
535.300000,1.0010856603e-03,1.6494068315e+00
535.350000,9.9990109494e-04,1.6248245774e+00
535.400000,9.9926753737e-04,1.5852951732e+00
535.450000,9.9925313066e-04,1.5737304415e+00
535.500000,9.9901851104e-04,1.5975871338e+00
535.550000,9.9908313658e-04,1.5592991837e+00
535.600000,9.9800262085e-04,1.5995350225e+00
535.650000,9.9699659239e-04,1.5542629358e+00
535.700000,1.0011408352e-03,1.5760579846e+00
535.750000,9.9858165464e-04,1.5655891470e+00
535.800000,9.9987263842e-04,1.5655546496e+00
535.850000,9.9933804786e-04,1.6058570564e+00
535.900000,1.0008456870e-03,1.5603607546e+00
535.950000,1.0009715323e-03,1.5842782095e+00
536.000000,9.9853292033e-04,1.6317537527e+00
536.050000,1.0001002544e-03,1.6344831645e+00
536.100000,1.0005140336e-03,1.6044811718e+00
536.150000,9.9960239575e-04,1.6316193671e+00
536.200000,1.0001459072e-03,1.5866652138e+00
536.250000,9.9881992635e-04,1.5588419374e+00
536.300000,9.9966996887e-04,1.6029902801e+00
536.350000,1.0002665675e-03,1.5554712482e+00
536.400000,1.0006642757e-03,1.5727097401e+00
536.450000,1.0003463281e-03,1.6158958219e+00
536.500000,9.9858558090e-04,1.6340143956e+00
536.550000,9.9804739212e-04,1.6306828465e+00
536.600000,9.9976863823e-04,1.6173169493e+00
536.650000,1.0012813107e-03,1.6213218074e+00
536.700000,9.9904329717e-04,1.5867702497e+00
536.750000,9.9788095001e-04,1.5732846817e+00
536.800000,1.0012217830e-03,1.5819434074e+00
536.850000,9.9855575113e-04,1.6536262764e+00
536.900000,1.0015627520e-03,1.5281863376e+00
536.950000,1.0001585026e-03,1.6419562441e+00
537.000000,9.9903852724e-04,1.5976388102e+00
537.050000,9.9910383046e-04,1.5914222635e+00
537.100000,9.9928899824e-04,1.6352231633e+00
537.150000,1.0002799527e-03,1.6351171399e+00
537.200000,1.0004228244e-03,1.5912866581e+00
537.250000,9.9933890265e-04,1.6218568434e+00
537.300000,1.0007988707e-03,1.5775314347e+00
537.350000,1.0009677505e-03,1.5902947500e+00
537.400000,9.9871561977e-04,1.5945453823e+00
537.450000,1.0001905769e-03,1.6024149916e+00
537.500000,9.9951270196e-04,1.5715598009e+00
537.550000,9.9800964808e-04,1.5934709135e+00
537.600000,9.9985706179e-04,1.5961567128e+00
537.650000,9.9825965535e-04,1.6436696185e+00
537.700000,1.0001329915e-03,1.6161638079e+00
537.750000,1.0018932080e-03,1.5958108695e+00
537.800000,1.0007999124e-03,1.6111389385e+00
537.850000,9.9983776978e-04,1.6054464003e+00
537.900000,9.9962059094e-04,1.5582709218e+00
537.950000,9.9677341626e-04,1.6009176815e+00
538.000000,9.9926275530e-04,1.6281010176e+00
538.050000,9.9954311393e-04,1.5999324056e+00
538.100000,9.9947840876e-04,1.6169584947e+00
538.150000,9.9926316612e-04,1.5773793948e+00
538.200000,9.9954077666e-04,1.5610046371e+00
538.250000,1.0010933855e-03,1.6169260837e+00
538.300000,9.9747259657e-04,1.5703999095e+00
538.350000,1.0012601507e-03,1.6042166007e+00
538.400000,9.9999182001e-04,1.5898667548e+00
538.450000,1.0010317212e-03,1.5954018091e+00
538.500000,1.0020752536e-03,1.6454328004e+00
538.550000,1.0005021716e-03,1.5449790453e+00
538.600000,1.0018211617e-03,1.6758883252e+00
538.650000,9.9926267506e-04,1.6080102009e+00
538.700000,1.0003399100e-03,1.6044816033e+00
538.750000,9.9970387530e-04,1.6046518480e+00
538.800000,1.0001540630e-03,1.6029145451e+00
538.850000,9.9918367319e-04,1.5961002919e+00
538.900000,1.0002320839e-03,1.6276005903e+00
538.950000,1.0010017699e-03,1.5653327064e+00
539.000000,1.0001847512e-03,1.6340912323e+00
539.050000,1.0012208482e-03,1.6364167988e+00
539.100000,9.9971285172e-04,1.5851957757e+00
539.150000,9.9888946475e-04,1.5291301540e+00
539.200000,9.9800983635e-04,1.6004430829e+00
539.250000,1.0008942004e-03,1.5886902477e+00
539.300000,1.0005859393e-03,1.5929596202e+00
539.350000,9.9872991815e-04,1.6328076173e+00
539.400000,9.9993206345e-04,1.5446342975e+00
539.450000,1.0009513290e-03,1.5937987514e+00
539.500000,9.9984153132e-04,1.6364840132e+00
539.550000,9.9975591855e-04,1.5162093702e+00
539.600000,9.9930351535e-04,1.6170645622e+00
539.650000,9.9982272563e-04,1.5961799770e+00
539.700000,1.0000505066e-03,1.6144551143e+00
539.750000,1.0004000878e-03,1.5995145508e+00
539.800000,9.9890541676e-04,1.6140092588e+00
539.850000,1.0017096266e-03,1.5829298588e+00
539.900000,9.9967039532e-04,1.5450846732e+00
539.950000,1.0010343254e-03,1.5763747308e+00
540.000000,9.9944403994e-04,1.5884942841e+00
540.050000,1.0004669916e-03,1.5529534770e+00
540.100000,9.9981966488e-04,1.5580628953e+00
540.150000,9.9835633630e-04,1.6571771065e+00
540.200000,1.0018690519e-03,1.6323751969e+00
540.250000,1.0005948075e-03,1.5657086003e+00
540.300000,1.0009500871e-03,1.5818315328e+00
540.350000,1.0008331830e-03,1.6293762065e+00
540.400000,1.0005725750e-03,1.5302685171e+00
540.450000,9.9988664993e-04,1.6105239435e+00
540.500000,1.0004268049e-03,1.5760734447e+00
540.550000,1.0006013247e-03,1.6015531630e+00
540.600000,1.0017702906e-03,1.6174186447e+00
540.650000,1.0012385552e-03,1.6382700831e+00
540.700000,1.0008091040e-03,1.6578825083e+00
540.750000,1.0008635213e-03,1.6386560029e+00
540.800000,9.9987567103e-04,1.6112674047e+00
540.850000,9.9960321083e-04,1.5969967154e+00
540.900000,9.9962999580e-04,1.5820584636e+00
540.950000,1.0006103083e-03,1.5914123815e+00
541.000000,9.9931105981e-04,1.6199610811e+00
541.050000,9.9935030240e-04,1.5848027377e+00
541.100000,1.0010712084e-03,1.6077094144e+00
541.150000,9.9890592402e-04,1.5745456251e+00
541.200000,1.0016760536e-03,1.6127227409e+00
541.250000,1.0001221190e-03,1.6359177274e+00
541.300000,9.9848983846e-04,1.5991934402e+00
541.350000,1.0002814657e-03,1.6038474644e+00
541.400000,9.9993981846e-04,1.6217886207e+00
541.450000,9.9851758013e-04,1.5898498128e+00
541.500000,1.0002468668e-03,1.5722187258e+00
541.550000,1.0009458873e-03,1.5723409746e+00
541.600000,1.0005148598e-03,1.5860260247e+00
541.650000,1.0003157617e-03,1.5900026186e+00
541.700000,1.0019490535e-03,1.6113784592e+00
541.750000,1.0001243154e-03,1.6122832140e+00
541.800000,1.0005676958e-03,1.5684934603e+00
541.850000,9.9863576407e-04,1.6513561401e+00
541.900000,1.0011302110e-03,1.6156050075e+00
541.950000,1.0003081262e-03,1.5921603935e+00
542.000000,9.9991732880e-04,1.6150055145e+00
542.050000,9.9909717171e-04,1.6249746416e+00
542.100000,1.0000341543e-03,1.5720384287e+00
542.150000,1.0005976254e-03,1.5849273037e+00
542.200000,9.9868933593e-04,1.6796968991e+00
542.250000,9.9969298542e-04,1.6013666180e+00
542.300000,1.0002034568e-03,1.5902413616e+00
542.350000,1.0000742273e-03,1.5873457422e+00
542.400000,1.0006861412e-03,1.5812887067e+00
542.450000,1.0007933422e-03,1.5550808707e+00
542.500000,1.0002049873e-03,1.6161330685e+00
542.550000,1.0013351524e-03,1.6305877136e+00
542.600000,1.0005646619e-03,1.5824198526e+00
542.650000,1.0000739313e-03,1.6280784054e+00
542.700000,9.9975019531e-04,1.6654308121e+00
542.750000,9.9971571297e-04,1.6327010252e+00
542.800000,9.9912931908e-04,1.5502509268e+00
542.850000,9.9980896389e-04,1.5741007304e+00
542.900000,9.9808137792e-04,1.6410755708e+00
542.950000,1.0006701532e-03,1.5403223727e+00
543.000000,9.9848902602e-04,1.6363813959e+00
543.050000,9.9964323881e-04,1.5865918860e+00
543.100000,1.0007221202e-03,1.5588924277e+00
543.150000,9.9829976894e-04,1.6082291993e+00
543.200000,1.0009833310e-03,1.6446141846e+00
543.250000,9.9961076470e-04,1.5817169739e+00
543.300000,1.0010625269e-03,1.6244118404e+00
543.350000,9.9948329625e-04,1.6620882095e+00
543.400000,9.9877373026e-04,1.6148144256e+00
543.450000,1.0015831072e-03,1.5456930650e+00
543.500000,1.0005290356e-03,1.6151705326e+00
543.550000,1.0000459402e-03,1.6668245658e+00
543.600000,1.0020897805e-03,1.6183560953e+00
543.650000,1.0014069668e-03,1.5999512113e+00
543.700000,1.0000130520e-03,1.5744956854e+00
543.750000,1.0008728074e-03,1.6566553031e+00
543.800000,1.0001529308e-03,1.6090210430e+00
543.850000,9.9953343014e-04,1.6085943575e+00
543.900000,9.9859547605e-04,1.5807392874e+00
543.950000,1.0001439793e-03,1.6162196093e+00
544.000000,9.9842435453e-04,1.5944661727e+00
544.050000,9.9931767503e-04,1.5616327404e+00
544.100000,9.9974391595e-04,1.6195635998e+00
544.150000,9.9909697571e-04,1.5966460111e+00
544.200000,1.0013667765e-03,1.6573673161e+00
544.250000,9.9896014704e-04,1.5916331042e+00
544.300000,9.9953381713e-04,1.6158427700e+00
544.350000,9.9981154363e-04,1.6071570976e+00
544.400000,1.0007357680e-03,1.6077783162e+00
544.450000,9.9964454056e-04,1.6142948421e+00
544.500000,1.0018211307e-03,1.6084838337e+00
544.550000,9.9983021827e-04,1.5890278336e+00
544.600000,1.0003012840e-03,1.5520756340e+00
544.650000,1.0009143535e-03,1.5827264101e+00
544.700000,9.9937452655e-04,1.5602239148e+00
544.750000,9.9922301679e-04,1.5374716976e+00
544.800000,9.9872975662e-04,1.6375762776e+00
544.850000,1.0013580781e-03,1.6181285931e+00
544.900000,1.0001129634e-03,1.6325930400e+00
544.950000,1.0004580846e-03,1.5710646735e+00
545.000000,1.0002273927e-03,1.6126445914e+00
545.050000,9.9833756388e-04,1.6039823496e+00
545.100000,9.9960281635e-04,1.5744062752e+00
545.150000,9.9984480761e-04,1.5766494993e+00
545.200000,1.0001598818e-03,1.6261584107e+00
545.250000,1.0010793284e-03,1.6431392686e+00
545.300000,9.9815204324e-04,1.6716779070e+00
545.350000,9.9842409243e-04,1.5802551872e+00
545.400000,9.9892183670e-04,1.6018982480e+00
545.450000,1.0016058642e-03,1.6331622268e+00
545.500000,1.0008290792e-03,1.6195679440e+00
545.550000,9.9967385528e-04,1.6282471126e+00
545.600000,1.0003151450e-03,1.6311130647e+00
545.650000,1.0015249426e-03,1.5557571405e+00
545.700000,9.9983058223e-04,1.6033644529e+00
545.750000,1.0003312557e-03,1.5751575401e+00
545.800000,9.9824790768e-04,1.6274314796e+00
545.850000,1.0011710225e-03,1.5809193291e+00
545.900000,9.9812422749e-04,1.5364361423e+00
545.950000,1.0001161777e-03,1.6094761673e+00
546.000000,1.0001435569e-03,1.6095730286e+00
546.050000,1.0009396652e-03,1.5704975672e+00
546.100000,9.9783735613e-04,1.6090285051e+00
546.150000,1.0022337980e-03,1.5981760325e+00
546.200000,1.0019395968e-03,1.5899725275e+00
546.250000,1.0001984146e-03,1.5967777139e+00
546.300000,1.0002904517e-03,1.5990003193e+00
546.350000,9.9983184168e-04,1.5714540422e+00
546.400000,1.0018330087e-03,1.6506679173e+00
546.450000,9.9965336715e-04,1.5971247181e+00
546.500000,1.0005186163e-03,1.6228706993e+00
546.550000,9.9759543298e-04,1.6335805688e+00
546.600000,1.0003302457e-03,1.6210570864e+00
546.650000,9.9976232340e-04,1.6444153047e+00
546.700000,9.9966545700e-04,1.5672880930e+00
546.750000,9.9873380345e-04,1.5701790537e+00
546.800000,1.0021284379e-03,1.5733320322e+00
546.850000,1.0014114001e-03,1.6493812113e+00
546.900000,1.0015868345e-03,1.5899003466e+00
546.950000,9.9894619007e-04,1.5646930495e+00
547.000000,9.9880607329e-04,1.6078436727e+00
547.050000,1.0005596986e-03,1.5605006889e+00
547.100000,1.0012425943e-03,1.5589194068e+00
547.150000,9.9977240286e-04,1.5710833581e+00
547.200000,1.0002491599e-03,1.6391252354e+00
547.250000,9.9929586836e-04,1.6001860244e+00
547.300000,1.0030622248e-03,1.6019849408e+00
547.350000,9.9807181165e-04,1.6073830362e+00
547.400000,1.0006312116e-03,1.6294673751e+00
547.450000,9.9883890203e-04,1.5937324913e+00
547.500000,9.9910540118e-04,1.6015316910e+00
547.550000,1.0013059944e-03,1.6013793446e+00
547.600000,9.9960731973e-04,1.6579557756e+00
547.650000,9.9985661969e-04,1.5925015359e+00
547.700000,1.0007982261e-03,1.6311724310e+00
547.750000,1.0015552077e-03,1.6300542837e+00
547.800000,9.9786105672e-04,1.6499987138e+00
547.850000,1.0003465284e-03,1.6101200395e+00
547.900000,9.9937518141e-04,1.5651508016e+00
547.950000,1.0000718398e-03,1.6344664610e+00
548.000000,1.0004227573e-03,1.6186289867e+00
548.050000,1.0000250656e-03,1.6219050982e+00
548.100000,9.9999463262e-04,1.5411226100e+00
548.150000,9.9846301429e-04,1.5610291798e+00
548.200000,1.0011747672e-03,1.6026075591e+00
548.250000,9.9895030088e-04,1.6132850505e+00
548.300000,1.0008131448e-03,1.5963684709e+00
548.350000,9.9995153764e-04,1.5995421258e+00
548.400000,9.9934313063e-04,1.5905109385e+00
548.450000,1.0005564703e-03,1.5947735776e+00
548.500000,9.9898976846e-04,1.5694094316e+00
548.550000,9.9979582454e-04,1.6187447920e+00
548.600000,9.9905940013e-04,1.5985668640e+00
548.650000,9.9867948914e-04,1.6011309664e+00
548.700000,1.0000434944e-03,1.5891824572e+00
548.750000,1.0001988014e-03,1.5814649673e+00
548.800000,9.9971929540e-04,1.6245242882e+00
548.850000,9.9903351096e-04,1.6225878194e+00
548.900000,9.9704564548e-04,1.6381028204e+00
548.950000,9.9890576122e-04,1.6067901988e+00
549.000000,1.0006685147e-03,1.5921255342e+00
549.050000,1.0010264276e-03,1.6250079033e+00
549.100000,9.9997734393e-04,1.6171660032e+00
549.150000,1.0002958321e-03,1.6036552526e+00
549.200000,9.9884111774e-04,1.5839349575e+00
549.250000,9.9912176105e-04,1.6603703533e+00
549.300000,1.0002615881e-03,1.6634373601e+00
549.350000,9.9898257943e-04,1.6087905238e+00
549.400000,9.9979759573e-04,1.6353348050e+00
549.450000,1.0005767264e-03,1.5800328564e+00
549.500000,1.0016900631e-03,1.6116446630e+00
549.550000,9.9949088026e-04,1.4988430341e+00
549.600000,1.0000834800e-03,1.5591094531e+00
549.650000,1.0000739527e-03,1.6134184871e+00
549.700000,1.0005955760e-03,1.5893242918e+00
549.750000,9.9998029146e-04,1.5919346011e+00
549.800000,1.0000147823e-03,1.6302500504e+00
549.850000,1.0023694820e-03,1.6281465403e+00
549.900000,9.9922202141e-04,1.5992678687e+00
549.950000,1.0000424341e-03,1.6151811645e+00
550.000000,1.0015748604e-03,1.5467995778e+00
550.050000,9.9775845083e-04,1.6008380118e+00
550.100000,1.0005439359e-03,1.5848326285e+00
550.150000,9.9984397310e-04,1.6161937115e+00
550.200000,9.9921542412e-04,1.5690322095e+00
550.250000,9.9989438779e-04,1.6293942979e+00
550.300000,1.0019177623e-03,1.5984570290e+00
550.350000,1.0010686155e-03,1.6151843933e+00
550.400000,9.9832859376e-04,1.6185305270e+00
550.450000,9.9873382900e-04,1.5422822400e+00
550.500000,9.9797377999e-04,1.6134864086e+00
550.550000,1.0014074482e-03,1.5801281977e+00
550.600000,9.9975066079e-04,1.5493981304e+00
550.650000,1.0005622921e-03,1.6013901034e+00
550.700000,9.9966819148e-04,1.6117521171e+00
550.750000,9.9993147788e-04,1.5782970857e+00
550.800000,9.9913439438e-04,1.5935656819e+00
550.850000,9.9798099608e-04,1.5795457212e+00
550.900000,9.9981445262e-04,1.6091479697e+00
550.950000,1.0010327526e-03,1.6170116066e+00
551.000000,9.9968815997e-04,1.5694850811e+00
551.050000,1.0004126506e-03,1.6132202785e+00
551.100000,9.9848524229e-04,1.6191830162e+00
551.150000,9.9900576240e-04,1.6006315240e+00
551.200000,9.9916872886e-04,1.5572898455e+00
551.250000,1.0002807439e-03,1.6037523766e+00
551.300000,1.0006374971e-03,1.6016068411e+00
551.350000,9.9877629876e-04,1.5668094432e+00
551.400000,9.9966455875e-04,1.6551133039e+00
551.450000,9.9909776832e-04,1.5704128359e+00
551.500000,1.0008748142e-03,1.5996153143e+00
551.550000,1.0020305911e-03,1.6223403679e+00
551.600000,1.0006353160e-03,1.5861651496e+00
551.650000,1.0006684761e-03,1.6163828081e+00
551.700000,1.0002628053e-03,1.5548530866e+00
551.750000,1.0017724513e-03,1.5952996147e+00
551.800000,9.9964008670e-04,1.6059292623e+00
551.850000,1.0014419920e-03,1.6191814820e+00
551.900000,1.0007619546e-03,1.6056891137e+00
551.950000,9.9848529226e-04,1.6054189244e+00
552.000000,9.9900423623e-04,1.6221362182e+00
552.050000,1.0008897449e-03,1.6174239624e+00
552.100000,1.0003377577e-03,1.6590258656e+00
552.150000,1.0007793555e-03,1.5941323783e+00
552.200000,1.0013142373e-03,1.5885253997e+00
552.250000,9.9854365784e-04,1.5720000403e+00
552.300000,1.0004984724e-03,1.5879603840e+00
552.350000,9.9982261844e-04,1.5814865919e+00
552.400000,9.9878291644e-04,1.6560879936e+00
552.450000,1.0006309047e-03,1.6160863534e+00
552.500000,9.9987999222e-04,1.6397577682e+00
552.550000,1.0000758877e-03,1.5745003479e+00
552.600000,1.0001092439e-03,1.6005636750e+00
552.650000,1.0016095827e-03,1.6730043273e+00
552.700000,1.0018244683e-03,1.5661641547e+00
552.750000,1.0009392008e-03,1.5855897610e+00
552.800000,1.0010677399e-03,1.6282786911e+00
552.850000,9.9937294755e-04,1.5536276125e+00
552.900000,9.9953752665e-04,1.6545236151e+00
552.950000,9.9986836696e-04,1.5818401499e+00
553.000000,1.0001635905e-03,1.6716337690e+00
553.050000,9.9919875882e-04,1.6204841008e+00
553.100000,1.0009847768e-03,1.6240267500e+00
553.150000,9.9875194927e-04,1.6260691337e+00
553.200000,9.9989497927e-04,1.5925928607e+00
553.250000,9.9843321859e-04,1.5939791155e+00
553.300000,1.0007991947e-03,1.5973294230e+00
553.350000,9.9896011264e-04,1.5760901007e+00
553.400000,1.0002919198e-03,1.5281902281e+00
553.450000,1.0005989037e-03,1.5966117557e+00
553.500000,1.0004385229e-03,1.5900166109e+00
553.550000,1.0009194055e-03,1.6353152716e+00
553.600000,9.9913056514e-04,1.6444149534e+00
553.650000,9.9940021235e-04,1.5863742763e+00
553.700000,9.9970598316e-04,1.6612851173e+00
553.750000,9.9936807338e-04,1.6381535756e+00
553.800000,1.0018986637e-03,1.6188777258e+00
553.850000,1.0000816843e-03,1.6293853605e+00
553.900000,9.9900520117e-04,1.5801862944e+00
553.950000,9.9932656317e-04,1.5666464077e+00
554.000000,1.0006644726e-03,1.6236824752e+00
554.050000,1.0008796008e-03,1.5775827027e+00
554.100000,9.9894036845e-04,1.6024272951e+00
554.150000,9.9827679927e-04,1.6178715958e+00
554.200000,1.0007542918e-03,1.5841467028e+00
554.250000,1.0002889926e-03,1.6196398980e+00
554.300000,1.0005377080e-03,1.5793899464e+00
554.350000,9.9956989072e-04,1.5824094655e+00
554.400000,1.0002898301e-03,1.5505674105e+00
554.450000,1.0009102500e-03,1.5604645955e+00
554.500000,9.9999782664e-04,1.6266625460e+00
554.550000,9.9914344457e-04,1.5668513734e+00
554.600000,1.0006668976e-03,1.6222004314e+00
554.650000,9.9884613594e-04,1.5573846554e+00
554.700000,9.9948222109e-04,1.6678666805e+00
554.750000,1.0011782954e-03,1.6168590871e+00
554.800000,9.9917412021e-04,1.5945923268e+00
554.850000,9.9963211765e-04,1.6309099991e+00
554.900000,9.9935328655e-04,1.6428844567e+00
554.950000,1.0020711704e-03,1.6320475044e+00
555.000000,9.9984585560e-04,1.6633360939e+00
555.050000,1.0000667597e-03,1.6167639621e+00
555.100000,9.9874861042e-04,1.5772726446e+00
555.150000,9.9875955152e-04,1.6400469275e+00
555.200000,9.9932977714e-04,1.6162882721e+00
555.250000,1.0000536591e-03,1.6175640261e+00
555.300000,1.0008511011e-03,1.6506489586e+00
555.350000,1.0008064422e-03,1.5627608028e+00
555.400000,9.9939393178e-04,1.6356563236e+00
555.450000,9.9953127529e-04,1.6006355371e+00
555.500000,1.0002097621e-03,1.6688426405e+00
555.550000,9.9968629549e-04,1.5747180447e+00
555.600000,1.0013382032e-03,1.6261485857e+00
555.650000,1.0009122216e-03,1.6006607560e+00
555.700000,9.9836068622e-04,1.6887492599e+00
555.750000,1.0011645914e-03,1.5801126872e+00
555.800000,1.0001611024e-03,1.6541988833e+00
555.850000,1.0000512594e-03,1.6305613728e+00
555.900000,1.0006458674e-03,1.5974613700e+00
555.950000,1.0007000471e-03,1.6062485005e+00
556.000000,1.0011162620e-03,1.5722565727e+00
556.050000,9.9864021086e-04,1.6203331875e+00
556.100000,9.9996784480e-04,1.6110034898e+00
556.150000,9.9996878519e-04,1.6442794240e+00
556.200000,1.0003421547e-03,1.5823298994e+00
556.250000,1.0014472796e-03,1.5859071822e+00
556.300000,1.0007405259e-03,1.6314765428e+00
556.350000,1.0002660523e-03,1.6027789428e+00
556.400000,9.9897131250e-04,1.6459384406e+00
556.450000,9.9866024188e-04,1.6207102526e+00
556.500000,1.0002824520e-03,1.6168074060e+00
556.550000,9.9957059495e-04,1.5932915672e+00
556.600000,9.9900458426e-04,1.5709455154e+00
556.650000,1.0007137165e-03,1.5524363234e+00
556.700000,9.9742120731e-04,1.6331101371e+00
556.750000,9.9980873577e-04,1.5565395849e+00
556.800000,1.0002664287e-03,1.6091633438e+00
556.850000,9.9722982171e-04,1.5958445829e+00
556.900000,9.9859630257e-04,1.6024083984e+00
556.950000,9.9774376143e-04,1.6202168509e+00
557.000000,1.0017681117e-03,1.6182366696e+00
557.050000,1.0019975655e-03,1.6267020897e+00
557.100000,9.9933733688e-04,1.5507248652e+00
557.150000,1.0008652678e-03,1.6095924128e+00
557.200000,9.9958967146e-04,1.6572669204e+00
557.250000,9.9943726983e-04,1.6067904843e+00
557.300000,1.0001594144e-03,1.6183087393e+00
557.350000,9.9948988784e-04,1.6522001941e+00
557.400000,9.9942689268e-04,1.6315526277e+00
557.450000,1.0013506009e-03,1.6109987372e+00
557.500000,1.0006276152e-03,1.5726121665e+00
557.550000,1.0012906502e-03,1.6078619180e+00
557.600000,9.9960268152e-04,1.6119696096e+00
557.650000,9.9822060732e-04,1.5793167180e+00
557.700000,9.9903656090e-04,1.5655011712e+00
557.750000,1.0001682451e-03,1.6523727914e+00
557.800000,1.0000265354e-03,1.5924123501e+00
557.850000,9.9978499303e-04,1.5910282012e+00
557.900000,9.9826617409e-04,1.6400821574e+00
557.950000,9.9920656563e-04,1.6371107499e+00
558.000000,9.9999968127e-04,1.6310975251e+00
558.050000,1.0009686388e-03,1.5931651413e+00
558.100000,1.0001029008e-03,1.6255465926e+00
558.150000,9.9845943599e-04,1.5264204160e+00
558.200000,9.9861605043e-04,1.5963506398e+00
558.250000,1.0008736702e-03,1.5822777542e+00
558.300000,9.9874348925e-04,1.5986362750e+00
558.350000,1.0006813244e-03,1.5697677489e+00
558.400000,1.0020210629e-03,1.5570507043e+00
558.450000,1.0009221436e-03,1.5755312105e+00
558.500000,1.0007231921e-03,1.5756762216e+00
558.550000,9.9925054547e-04,1.5891869391e+00
558.600000,1.0003489910e-03,1.5758458119e+00
558.650000,9.9997163148e-04,1.5802702898e+00
558.700000,1.0001439683e-03,1.6265625035e+00
558.750000,1.0008521098e-03,1.6129895854e+00
558.800000,9.9939533803e-04,1.6289896213e+00
558.850000,9.9938331536e-04,1.5907111122e+00
558.900000,1.0015134863e-03,1.5932093442e+00
558.950000,1.0008398165e-03,1.6046936361e+00
559.000000,1.0000000745e-03,1.5658692046e+00
559.050000,9.9930332760e-04,1.6503484575e+00
559.100000,1.0000224472e-03,1.5918096203e+00
559.150000,9.9940973312e-04,1.5882256052e+00
559.200000,9.9995837891e-04,1.6112414228e+00
559.250000,1.0002794971e-03,1.5417140509e+00
559.300000,1.0001993558e-03,1.5685892923e+00
559.350000,9.9912195264e-04,1.5847212831e+00
559.400000,9.9942167382e-04,1.5520129416e+00
559.450000,1.0003263364e-03,1.6329786722e+00
559.500000,1.0012359289e-03,1.6684611547e+00
559.550000,1.0001981909e-03,1.5974943233e+00
559.600000,9.9929876518e-04,1.6110807269e+00
559.650000,9.9961988424e-04,1.5753982599e+00
559.700000,9.9969868307e-04,1.6028291584e+00
559.750000,1.0014799602e-03,1.6605509171e+00
559.800000,1.0003102329e-03,1.6297321299e+00
559.850000,9.9883231941e-04,1.6176619479e+00
559.900000,9.9875039732e-04,1.5882741123e+00
559.950000,1.0006476550e-03,1.6632997231e+00
560.000000,1.0018424549e-03,1.5836557278e+00
560.050000,9.9865074527e-04,1.5769533061e+00
560.100000,9.9948758529e-04,1.6248232825e+00
560.150000,9.9979938075e-04,1.5631764838e+00
560.200000,9.9948603787e-04,1.6202555610e+00
560.250000,1.0013994758e-03,1.5755839072e+00
560.300000,9.9877827945e-04,1.5776736403e+00
560.350000,9.9956141376e-04,1.6161400667e+00
560.400000,9.9942833235e-04,1.5823409741e+00
560.450000,9.9948716324e-04,1.5785428269e+00
560.500000,1.0009459481e-03,1.6208035082e+00
560.550000,9.9957206271e-04,1.5783724058e+00
560.600000,9.9758853531e-04,1.6337870055e+00
560.650000,1.0006493227e-03,1.6299036574e+00
560.700000,1.0007800132e-03,1.5545953870e+00
560.750000,9.9997531812e-04,1.6372232580e+00
560.800000,9.9865464199e-04,1.5827029723e+00
560.850000,1.0006477087e-03,1.5108986751e+00
560.900000,1.0014269557e-03,1.6223476049e+00
560.950000,9.9744366197e-04,1.6028856835e+00
561.000000,1.0007568537e-03,1.6007447038e+00
561.050000,1.0001309640e-03,1.6209839287e+00
561.100000,1.0002638834e-03,1.6593780242e+00
561.150000,9.9975690451e-04,1.5937598644e+00
561.200000,9.9926339206e-04,1.5840507989e+00
561.250000,1.0019163577e-03,1.5949513742e+00
561.300000,9.9751167016e-04,1.6120119184e+00
561.350000,1.0006204430e-03,1.6507908806e+00
561.400000,9.9849137453e-04,1.5400504389e+00
561.450000,9.9927576950e-04,1.6017098113e+00
561.500000,9.9867496063e-04,1.6143081640e+00
561.550000,9.9963533997e-04,1.6772804467e+00
561.600000,9.9929773904e-04,1.6355556445e+00
561.650000,1.0009077572e-03,1.6052355855e+00
561.700000,1.0008113084e-03,1.6052082376e+00
561.750000,9.9966258443e-04,1.6011604150e+00
561.800000,9.9988356549e-04,1.6049023720e+00
561.850000,9.9943943295e-04,1.6078127386e+00
561.900000,9.9999030558e-04,1.6647300909e+00
561.950000,9.9901286885e-04,1.5688623540e+00
562.000000,1.0015738439e-03,1.6264484608e+00
562.050000,9.9957992629e-04,1.6269147762e+00
562.100000,1.0002807969e-03,1.6072604660e+00
562.150000,9.9949039564e-04,1.5836066362e+00
562.200000,1.0005605369e-03,1.6059637846e+00
562.250000,9.9998476546e-04,1.5830854379e+00
562.300000,9.9939307472e-04,1.6542578524e+00
562.350000,1.0011836498e-03,1.6063795007e+00
562.400000,1.0010856224e-03,1.6695481716e+00
562.450000,9.9944018982e-04,1.6248097338e+00
562.500000,1.0022742616e-03,1.6426826888e+00
562.550000,1.0001548592e-03,1.5908328857e+00
562.600000,9.9990177191e-04,1.5783441611e+00
562.650000,9.9986110860e-04,1.5917989972e+00
562.700000,1.0016098033e-03,1.6443303955e+00
562.750000,9.9950552351e-04,1.6153376261e+00
562.800000,9.9957412129e-04,1.6475369917e+00
562.850000,1.0001157740e-03,1.6261009757e+00
562.900000,1.0020598608e-03,1.6067960143e+00
562.950000,1.0004959087e-03,1.5636936899e+00
563.000000,9.9971382471e-04,1.5992158676e+00
563.050000,9.9948238498e-04,1.5930129029e+00
563.100000,9.9933577846e-04,1.6069238605e+00
563.150000,1.0012862406e-03,1.6499989286e+00
563.200000,1.0008419921e-03,1.6253225937e+00
563.250000,9.9888085374e-04,1.5973130141e+00
563.300000,9.9919583173e-04,1.6125245281e+00
563.350000,9.9925451642e-04,1.5903930249e+00
563.400000,1.0008104125e-03,1.6095785192e+00
563.450000,9.9951760429e-04,1.5613438315e+00
563.500000,1.0009116738e-03,1.6072917647e+00
563.550000,1.0002319919e-03,1.5876761152e+00
563.600000,1.0010068246e-03,1.5970272999e+00
563.650000,1.0007917561e-03,1.6088166567e+00
563.700000,1.0015164715e-03,1.5872356142e+00
563.750000,1.0003293399e-03,1.5820062586e+00
563.800000,1.0004318556e-03,1.6813456062e+00
563.850000,9.9957425725e-04,1.6835339659e+00
563.900000,9.9841211816e-04,1.6320845255e+00
563.950000,1.0010049428e-03,1.5926865041e+00
564.000000,1.0012706203e-03,1.5985549557e+00
564.050000,1.0016079578e-03,1.5571206184e+00
564.100000,9.9876354503e-04,1.5915392939e+00
564.150000,1.0007668848e-03,1.5474727881e+00
564.200000,1.0015828898e-03,1.6278281845e+00
564.250000,1.0011121597e-03,1.6195397516e+00
564.300000,9.9970553450e-04,1.5896727850e+00
564.350000,9.9906014596e-04,1.6221494303e+00
564.400000,9.9829682749e-04,1.5527454968e+00
564.450000,1.0002308311e-03,1.5212070778e+00
564.500000,9.9977570331e-04,1.6518088264e+00
564.550000,9.9937168656e-04,1.6142646752e+00
564.600000,9.9892671239e-04,1.6135379473e+00
564.650000,1.0012354370e-03,1.5968461703e+00
564.700000,1.0022215108e-03,1.5901587740e+00
564.750000,1.0009058975e-03,1.5827850766e+00
564.800000,1.0003662580e-03,1.5667923709e+00
564.850000,1.0008204459e-03,1.5697087335e+00
564.900000,1.0004518298e-03,1.5473797609e+00
564.950000,1.0000634198e-03,1.5574849468e+00
565.000000,1.0002160955e-03,1.5751795540e+00
565.050000,1.0007176783e-03,1.6656109573e+00
565.100000,1.0003857738e-03,1.5839353329e+00
565.150000,9.9920062006e-04,1.6091768997e+00
565.200000,1.0014128253e-03,1.6076911458e+00
565.250000,9.9983627121e-04,1.5688036091e+00
565.300000,1.0010795236e-03,1.5631809963e+00
565.350000,1.0000977009e-03,1.6073488874e+00
565.400000,9.9949123500e-04,1.6008709421e+00
565.450000,9.9875988541e-04,1.6464432053e+00
565.500000,9.9878568090e-04,1.6590753400e+00
565.550000,9.9981486123e-04,1.5741643556e+00
565.600000,9.9872646653e-04,1.6491435334e+00
565.650000,9.9963014715e-04,1.5757129815e+00
565.700000,1.0008811340e-03,1.5576455141e+00
565.750000,9.9857078301e-04,1.5621079463e+00
565.800000,1.0000429788e-03,1.5831385932e+00
565.850000,9.9961949645e-04,1.5977617860e+00
565.900000,9.9936345808e-04,1.5873428863e+00
565.950000,1.0016734893e-03,1.6653534405e+00
566.000000,9.9970224604e-04,1.6297362309e+00
566.050000,9.9848123368e-04,1.5806633730e+00
566.100000,9.9950750998e-04,1.5831002648e+00
566.150000,9.9914353731e-04,1.5892611456e+00
566.200000,9.9858293201e-04,1.6300432644e+00
566.250000,9.9949050143e-04,1.5639445964e+00
566.300000,9.9999775088e-04,1.5983500644e+00
566.350000,9.9981723928e-04,1.5874597387e+00
566.400000,1.0000092449e-03,1.6004991507e+00
566.450000,1.0013808993e-03,1.6008194080e+00
566.500000,9.9755298754e-04,1.5657312762e+00
566.550000,9.9909193005e-04,1.5776652760e+00
566.600000,1.0010903107e-03,1.6022891739e+00
566.650000,9.9987669849e-04,1.6611194686e+00
566.700000,9.9988530324e-04,1.5572828063e+00
566.750000,9.9997825140e-04,1.6068081466e+00
566.800000,9.9988186252e-04,1.5861385357e+00
566.850000,9.9909666696e-04,1.5540834247e+00
566.900000,9.9825949284e-04,1.6146419507e+00
566.950000,9.9948160370e-04,1.5854690409e+00
567.000000,9.9900202620e-04,1.6314909952e+00
567.050000,1.0014081326e-03,1.5806709763e+00
567.100000,9.9887253179e-04,1.5733930229e+00
567.150000,1.0004483949e-03,1.6117119463e+00
567.200000,9.9890246996e-04,1.6164971604e+00
567.250000,1.0011013616e-03,1.6206726410e+00
567.300000,1.0001245768e-03,1.6028495893e+00
567.350000,9.9996865895e-04,1.5936591296e+00
567.400000,1.0002949064e-03,1.6063736400e+00
567.450000,9.9849483812e-04,1.5763231429e+00
567.500000,9.9863691745e-04,1.5899152982e+00
567.550000,1.0008674001e-03,1.5580698799e+00
567.600000,9.9974629360e-04,1.6048936275e+00
567.650000,1.0005851290e-03,1.5785310038e+00
567.700000,1.0010361033e-03,1.5728238009e+00
567.750000,9.9991355587e-04,1.5439513083e+00
567.800000,9.9987702128e-04,1.5646738620e+00
567.850000,1.0020483477e-03,1.6119025006e+00
567.900000,9.9864282223e-04,1.6276913941e+00
567.950000,9.9953125603e-04,1.6529906161e+00
568.000000,9.9897210592e-04,1.5865555253e+00
568.050000,9.9970275772e-04,1.6274385825e+00
568.100000,9.9998303366e-04,1.6152744900e+00
568.150000,1.0011902327e-03,1.5994963825e+00
568.200000,9.9999969897e-04,1.6112671117e+00
568.250000,1.0007280320e-03,1.5680387846e+00
568.300000,1.0004703589e-03,1.6154189536e+00
568.350000,9.9943293250e-04,1.6342523556e+00
568.400000,9.9973285200e-04,1.5518409381e+00
568.450000,9.9844953436e-04,1.5914936187e+00
568.500000,9.9835836189e-04,1.5373329493e+00
568.550000,9.9927392938e-04,1.6360757028e+00
568.600000,1.0019640488e-03,1.5842898765e+00
568.650000,9.9957357017e-04,1.6197602410e+00
568.700000,1.0013714121e-03,1.6095641197e+00
568.750000,1.0007595836e-03,1.6251827292e+00
568.800000,9.9946470127e-04,1.6472946002e+00
568.850000,1.0005950147e-03,1.6373707869e+00
568.900000,9.9992543513e-04,1.5961489149e+00
568.950000,9.9873056449e-04,1.6110929465e+00
569.000000,1.0011201969e-03,1.6248827564e+00
569.050000,9.9889119484e-04,1.6366421562e+00
569.100000,9.9945524981e-04,1.5929292618e+00
569.150000,9.9851225450e-04,1.5772450705e+00
569.200000,1.0002054426e-03,1.5744631185e+00
569.250000,1.0000895666e-03,1.6000089471e+00
569.300000,1.0004110424e-03,1.5695525566e+00
569.350000,1.0006858308e-03,1.6025632274e+00
569.400000,9.9925632381e-04,1.5831420259e+00
569.450000,1.0008006018e-03,1.6794010761e+00
569.500000,1.0004740015e-03,1.6266829989e+00
569.550000,1.0008053082e-03,1.6604867518e+00
569.600000,1.0001385261e-03,1.5652734338e+00
569.650000,9.9845898748e-04,1.6350980416e+00
569.700000,9.9866610301e-04,1.6023147839e+00
569.750000,9.9984165766e-04,1.5716246600e+00
569.800000,1.0010499618e-03,1.6090069269e+00
569.850000,1.0002347435e-03,1.5869725797e+00
569.900000,1.0010327847e-03,1.5898093229e+00
569.950000,9.9957157275e-04,1.6646984177e+00
570.000000,1.0006257589e-03,1.6453272824e+00
570.050000,9.9957553223e-04,1.5941866160e+00
570.100000,9.9908206603e-04,1.6083179323e+00
570.150000,1.0003981270e-03,1.5749998961e+00
570.200000,1.0004874132e-03,1.6335865653e+00
570.250000,1.0010438896e-03,1.6631263865e+00
570.300000,1.0012299159e-03,1.6113170247e+00
570.350000,1.0006759485e-03,1.6317350695e+00
570.400000,9.9991606863e-04,1.5721138843e+00
570.450000,9.9899464486e-04,1.5342383506e+00
570.500000,9.9918810537e-04,1.5834794570e+00
570.550000,9.9674189999e-04,1.6034324572e+00
570.600000,9.9979437611e-04,1.6217002023e+00
570.650000,9.9931353195e-04,1.5324750995e+00
570.700000,1.0004043599e-03,1.5723704635e+00
570.750000,9.9968456891e-04,1.5537143995e+00
570.800000,9.9948887140e-04,1.6030293539e+00
570.850000,9.9949267185e-04,1.6548599063e+00
570.900000,1.0012858986e-03,1.5280285446e+00
570.950000,9.9972276517e-04,1.6036265876e+00
571.000000,9.9975092368e-04,1.6817216109e+00
571.050000,9.9985205524e-04,1.5745046568e+00
571.100000,1.0001437767e-03,1.5759647094e+00
571.150000,1.0008804224e-03,1.5827654959e+00
571.200000,9.9988682777e-04,1.5639501964e+00
571.250000,9.9877795228e-04,1.6016693523e+00
571.300000,1.0007454663e-03,1.6182795341e+00
571.350000,1.0010311772e-03,1.6052441894e+00
571.400000,1.0001485903e-03,1.5941715929e+00
571.450000,1.0005307210e-03,1.6137495030e+00
571.500000,1.0002419774e-03,1.5802721365e+00
571.550000,1.0000800588e-03,1.6266804790e+00
571.600000,9.9906014525e-04,1.6054204520e+00
571.650000,1.0000435060e-03,1.6210551976e+00
571.700000,9.9979855547e-04,1.6255600606e+00
571.750000,9.9971943937e-04,1.5231318281e+00
571.800000,1.0005748663e-03,1.5907090989e+00
571.850000,9.9895125773e-04,1.5906982894e+00
571.900000,1.0002952385e-03,1.5665599126e+00
571.950000,9.9928124857e-04,1.5667705494e+00
572.000000,9.9998611123e-04,1.6213889430e+00
572.050000,9.9915821811e-04,1.6335612740e+00
572.100000,9.9891841537e-04,1.6384657650e+00
572.150000,1.0021879085e-03,1.6335108633e+00
572.200000,1.0008629112e-03,1.5841121226e+00
572.250000,1.0006537260e-03,1.5514539452e+00
572.300000,1.0002391155e-03,1.6056223307e+00
572.350000,1.0002699727e-03,1.5819678360e+00
572.400000,9.9992440221e-04,1.6154709746e+00
572.450000,1.0012669714e-03,1.5801150083e+00
572.500000,1.0016833224e-03,1.5980872487e+00
572.550000,9.9984093183e-04,1.5482052380e+00
572.600000,1.0001235868e-03,1.5868735265e+00
572.650000,9.9869146810e-04,1.5801357883e+00
572.700000,1.0005068342e-03,1.5836513731e+00
572.750000,9.9846259268e-04,1.5658288320e+00
572.800000,1.0006796259e-03,1.5929184803e+00
572.850000,9.9996619187e-04,1.6099638709e+00
572.900000,1.0004167753e-03,1.6225963647e+00
572.950000,9.9970610197e-04,1.5841755629e+00
573.000000,1.0005691762e-03,1.5953710144e+00
573.050000,9.9854756138e-04,1.5856492848e+00
573.100000,9.9974947168e-04,1.6184206934e+00
573.150000,1.0002958969e-03,1.5907110999e+00
573.200000,9.9889704570e-04,1.5337519101e+00
573.250000,1.0004674065e-03,1.6242091288e+00
573.300000,1.0009127107e-03,1.5915837056e+00
573.350000,1.0008258882e-03,1.6244212406e+00
573.400000,9.9905302961e-04,1.5992053436e+00
573.450000,9.9901627105e-04,1.6132469768e+00
573.500000,1.0011840385e-03,1.6645473296e+00
573.550000,9.9921506796e-04,1.6667350435e+00
573.600000,1.0001981289e-03,1.6068151589e+00
573.650000,9.9998696776e-04,1.5787873208e+00
573.700000,9.9862437523e-04,1.5655414658e+00
573.750000,9.9973737498e-04,1.6458701217e+00
573.800000,9.9947220337e-04,1.5642477432e+00
573.850000,9.9968662224e-04,1.5974086515e+00
573.900000,1.0004484749e-03,1.6209219508e+00
573.950000,1.0009424235e-03,1.5771556324e+00
574.000000,1.0002280362e-03,1.6120496643e+00
574.050000,1.0000295770e-03,1.6024769419e+00
574.100000,9.9988927653e-04,1.6016226674e+00
574.150000,1.0014178342e-03,1.6229785473e+00
574.200000,1.0002994610e-03,1.5749937196e+00
574.250000,1.0000531395e-03,1.5946599937e+00
574.300000,9.9890492336e-04,1.5983385361e+00
574.350000,9.9877964822e-04,1.6464599990e+00
574.400000,1.0006471429e-03,1.5910147002e+00
574.450000,9.9896091105e-04,1.6059375894e+00
574.500000,1.0008063845e-03,1.5940584258e+00
574.550000,1.0018595762e-03,1.5894429029e+00
574.600000,9.9840697670e-04,1.5883705111e+00
574.650000,9.9932172914e-04,1.6053173427e+00
574.700000,1.0000615409e-03,1.5755348286e+00
574.750000,1.0012039504e-03,1.6563167206e+00
574.800000,1.0003272403e-03,1.5863421687e+00
574.850000,1.0002549931e-03,1.5850275596e+00
574.900000,1.0006906965e-03,1.5904677240e+00
574.950000,1.0012017716e-03,1.6001741766e+00
575.000000,9.9771276617e-04,1.5760496633e+00
575.050000,9.9875133755e-04,1.6699908870e+00
575.100000,1.0007345793e-03,1.6022652180e+00
575.150000,9.9832818731e-04,1.6085994221e+00
575.200000,1.0006311889e-03,1.5498126324e+00
575.250000,1.0006004957e-03,1.6422177062e+00
575.300000,1.0009442319e-03,1.5994170856e+00
575.350000,9.9976891343e-04,1.6358753891e+00
575.400000,1.0000601860e-03,1.6498681714e+00
575.450000,9.9997073284e-04,1.5882842102e+00
575.500000,1.0003083777e-03,1.6235828348e+00
575.550000,1.0011986271e-03,1.5588842698e+00
575.600000,9.9844367906e-04,1.6212286645e+00
575.650000,9.9919439027e-04,1.5897225811e+00
575.700000,1.0005339964e-03,1.6347736864e+00
575.750000,9.9926165203e-04,1.6392591404e+00
575.800000,1.0006310106e-03,1.6043471620e+00
575.850000,1.0002095018e-03,1.6192928478e+00
575.900000,1.0015749654e-03,1.5955746447e+00
575.950000,9.9923348711e-04,1.6321611458e+00
576.000000,9.9946772173e-04,1.6545742403e+00
576.050000,1.0009818509e-03,1.6063975704e+00
576.100000,9.9997707171e-04,1.6169081160e+00
576.150000,9.9901128830e-04,1.6236719777e+00
576.200000,1.0014470765e-03,1.5343572723e+00
576.250000,9.9843351886e-04,1.6077848180e+00
576.300000,9.9893073948e-04,1.6581147558e+00
576.350000,9.9833637428e-04,1.5854900455e+00
576.400000,1.0007582757e-03,1.6312607318e+00
576.450000,9.9907005183e-04,1.5705821396e+00
576.500000,1.0010101447e-03,1.6217124353e+00
576.550000,1.0009834582e-03,1.6422955739e+00
576.600000,9.9825025820e-04,1.6255838356e+00
576.650000,9.9953350229e-04,1.5876384292e+00
576.700000,9.9903240155e-04,1.5929572332e+00
576.750000,9.9958536204e-04,1.5781429772e+00
576.800000,9.9851097672e-04,1.5980420806e+00
576.850000,9.9889366286e-04,1.6301477868e+00
576.900000,9.9946429440e-04,1.5441803810e+00
576.950000,9.9950218257e-04,1.5542335051e+00
577.000000,1.0008631650e-03,1.5899107873e+00
577.050000,9.9970032337e-04,1.6695064724e+00
577.100000,1.0014739215e-03,1.5954726417e+00
577.150000,1.0007056141e-03,1.5730718152e+00
577.200000,9.9945763893e-04,1.6199385345e+00
577.250000,1.0038464748e-03,1.6272546844e+00
577.300000,1.0022116575e-03,1.6292833890e+00
577.350000,1.0003075067e-03,1.5924473605e+00
577.400000,1.0001687273e-03,1.6223487981e+00
577.450000,1.0010117982e-03,1.6451304190e+00
577.500000,1.0004245297e-03,1.5163749991e+00
577.550000,9.9927416515e-04,1.6370474176e+00
577.600000,9.9827612164e-04,1.6070786415e+00
577.650000,1.0004734931e-03,1.5534761635e+00
577.700000,9.9885569795e-04,1.5933075711e+00
577.750000,9.9925961910e-04,1.6942129351e+00
577.800000,1.0014261005e-03,1.6302370608e+00
577.850000,1.0017698308e-03,1.6251513914e+00
577.900000,1.0002238054e-03,1.6380861908e+00
577.950000,1.0019297598e-03,1.6031547243e+00
578.000000,9.9906560485e-04,1.6165436615e+00
578.050000,9.9930772795e-04,1.5794177102e+00
578.100000,9.9996197280e-04,1.5661154465e+00
578.150000,9.9793509192e-04,1.5929079101e+00
578.200000,9.9879997952e-04,1.5968306430e+00
578.250000,1.0003339140e-03,1.5640327591e+00
578.300000,1.0014396377e-03,1.5977862100e+00
578.350000,9.9842320093e-04,1.5524650558e+00
578.400000,1.0007548051e-03,1.5912400343e+00
578.450000,1.0001829301e-03,1.6366956595e+00
578.500000,1.0008824037e-03,1.6003872312e+00
578.550000,9.9940975873e-04,1.6034946566e+00
578.600000,9.9768534873e-04,1.6286762284e+00
578.650000,1.0001509593e-03,1.5851830353e+00
578.700000,1.0000403087e-03,1.6161417446e+00
578.750000,9.9900455098e-04,1.5898922892e+00
578.800000,1.0000005112e-03,1.5686675855e+00
578.850000,1.0006939543e-03,1.5917187380e+00
578.900000,9.9913692424e-04,1.5707314896e+00
578.950000,9.9993740410e-04,1.6376930209e+00
579.000000,1.0012309455e-03,1.6345026361e+00
579.050000,9.9861785005e-04,1.5584062217e+00
579.100000,1.0002912697e-03,1.5830989919e+00
579.150000,9.9877115153e-04,1.6474981893e+00
579.200000,9.9956179049e-04,1.5783224350e+00
579.250000,1.0006457703e-03,1.5658179276e+00
579.300000,9.9992341439e-04,1.5544383287e+00
579.350000,1.0004225914e-03,1.6133147625e+00
579.400000,1.0001051456e-03,1.5207426882e+00
579.450000,9.9929431282e-04,1.6158053212e+00
579.500000,9.9897679619e-04,1.6226668563e+00
579.550000,9.9963247029e-04,1.6063720450e+00
579.600000,1.0008018911e-03,1.6245768128e+00
579.650000,1.0004815835e-03,1.6759931704e+00
579.700000,1.0006205568e-03,1.5770983635e+00
579.750000,1.0003929556e-03,1.6159229699e+00
579.800000,1.0006037094e-03,1.6244116119e+00
579.850000,9.9909180464e-04,1.6411617240e+00
579.900000,1.0011422410e-03,1.6226236139e+00
579.950000,9.9963227910e-04,1.6435680723e+00
580.000000,1.0004883450e-03,1.6497907049e+00
580.050000,1.0001052531e-03,1.5752144113e+00
580.100000,9.9909995531e-04,1.5584208743e+00
580.150000,9.9958549661e-04,1.5737672710e+00
580.200000,9.9925996533e-04,1.6182174780e+00
580.250000,9.9865027575e-04,1.5884065648e+00
580.300000,9.9951094023e-04,1.6017476369e+00
580.350000,1.0006022094e-03,1.5813937330e+00
580.400000,9.9824018111e-04,1.6291764411e+00
580.450000,1.0010554051e-03,1.6166007328e+00
580.500000,1.0010491776e-03,1.6053781972e+00
580.550000,9.9985065936e-04,1.6110081725e+00
580.600000,9.9979044631e-04,1.5937018571e+00
580.650000,1.0004999876e-03,1.6043583053e+00
580.700000,1.0005026015e-03,1.5777762811e+00
580.750000,9.9732467798e-04,1.6176146770e+00
580.800000,9.9912595774e-04,1.6131397248e+00
580.850000,1.0013465220e-03,1.6280940889e+00
580.900000,9.9940879172e-04,1.6170077186e+00
580.950000,9.9977957085e-04,1.5651176132e+00
581.000000,9.9941241736e-04,1.5798252273e+00
581.050000,1.0010060354e-03,1.5842957826e+00
581.100000,1.0015236120e-03,1.5909256437e+00
581.150000,1.0008869297e-03,1.5953008543e+00
581.200000,9.9990405986e-04,1.5984355486e+00
581.250000,1.0007726593e-03,1.5629740168e+00
581.300000,9.9918097573e-04,1.5773764803e+00
581.350000,9.9848779002e-04,1.6787167844e+00
581.400000,9.9926909784e-04,1.5895546157e+00
581.450000,1.0004650621e-03,1.6531630880e+00
581.500000,9.9988474613e-04,1.6539702302e+00
581.550000,1.0004430883e-03,1.6039597437e+00
581.600000,9.9932662017e-04,1.6029006419e+00
581.650000,1.0008595731e-03,1.6786727443e+00
581.700000,9.9835407053e-04,1.5608733736e+00
581.750000,9.9974952836e-04,1.6162397047e+00
581.800000,9.9900885764e-04,1.6380908485e+00
581.850000,9.9974287971e-04,1.6187824965e+00
581.900000,9.9943942024e-04,1.5681095669e+00
581.950000,9.9931761284e-04,1.6254837393e+00
582.000000,9.9860516573e-04,1.5968030185e+00
582.050000,9.9971367295e-04,1.6072570064e+00
582.100000,9.9976683693e-04,1.6351805365e+00
582.150000,9.9936174564e-04,1.5909745277e+00
582.200000,9.9918518000e-04,1.5938877509e+00
582.250000,9.9886110100e-04,1.5888248162e+00
582.300000,1.0000822536e-03,1.5115647195e+00
582.350000,9.9967289449e-04,1.6172685484e+00
582.400000,1.0007768791e-03,1.5551732846e+00
582.450000,1.0020961711e-03,1.6403694898e+00
582.500000,1.0000495471e-03,1.5923431768e+00
582.550000,9.9885541686e-04,1.5686400563e+00
582.600000,1.0002710368e-03,1.5871973101e+00
582.650000,9.9963552330e-04,1.5218664009e+00
582.700000,1.0008629029e-03,1.5514118650e+00
582.750000,1.0013821682e-03,1.5727268328e+00
582.800000,9.9935985630e-04,1.5767418285e+00
582.850000,1.0002930495e-03,1.6152327002e+00
582.900000,9.9872671098e-04,1.6333295175e+00
582.950000,1.0024379865e-03,1.5902432811e+00
583.000000,1.0000627454e-03,1.5792739638e+00
583.050000,9.9822335562e-04,1.5896497577e+00
583.100000,9.9687693316e-04,1.6117980461e+00
583.150000,1.0000465444e-03,1.6003084252e+00
583.200000,1.0010294206e-03,1.6433197891e+00
583.250000,1.0013479438e-03,1.6192029391e+00
583.300000,9.9932426820e-04,1.5896763027e+00
583.350000,9.9995678294e-04,1.5841836096e+00
583.400000,1.0007598386e-03,1.6226605789e+00
583.450000,1.0001510908e-03,1.5810873105e+00
583.500000,9.9876606240e-04,1.6480276663e+00
583.550000,9.9818902068e-04,1.6419235521e+00
583.600000,9.9871866001e-04,1.6202569587e+00
583.650000,1.0008116086e-03,1.6235789688e+00
583.700000,9.9991859393e-04,1.6295203345e+00
583.750000,9.9869301149e-04,1.6832009842e+00
583.800000,1.0012321152e-03,1.5930964654e+00
583.850000,9.9952548883e-04,1.5596478200e+00
583.900000,1.0006372133e-03,1.6220374912e+00
583.950000,1.0001378707e-03,1.5528568270e+00
584.000000,9.9901466280e-04,1.6001752855e+00
584.050000,1.0004509812e-03,1.5904628013e+00
584.100000,9.9969504929e-04,1.6328722179e+00
584.150000,9.9893154179e-04,1.5927863340e+00
584.200000,1.0016644735e-03,1.6336121607e+00
584.250000,9.9816938703e-04,1.5623628456e+00
584.300000,9.9984113144e-04,1.5877783197e+00
584.350000,1.0000878937e-03,1.6264987871e+00
584.400000,1.0012700468e-03,1.5754165257e+00
584.450000,1.0002898337e-03,1.5493456570e+00
584.500000,9.9911586360e-04,1.5864942238e+00
584.550000,9.9876514128e-04,1.6479889717e+00
584.600000,9.9935376095e-04,1.5669811122e+00
584.650000,9.9956498999e-04,1.6061947951e+00
584.700000,9.9989517887e-04,1.6000705889e+00
584.750000,1.0000110312e-03,1.5777875927e+00
584.800000,9.9817288652e-04,1.6170173897e+00
584.850000,9.9828790347e-04,1.6519789882e+00
584.900000,9.9920147413e-04,1.6254953055e+00
584.950000,1.0013677612e-03,1.6262067480e+00
585.000000,9.9858343397e-04,1.5919309265e+00
585.050000,1.0008156232e-03,1.5869257833e+00
585.100000,9.9973664019e-04,1.6048491577e+00
585.150000,9.9844016928e-04,1.5969241559e+00
585.200000,1.0017049249e-03,1.5850359750e+00
585.250000,1.0008080232e-03,1.5841060850e+00
585.300000,9.9956728233e-04,1.6722024061e+00
585.350000,9.9996141907e-04,1.5612602332e+00
585.400000,1.0018980528e-03,1.6443058709e+00
585.450000,1.0007216990e-03,1.5766819792e+00
585.500000,9.9927126719e-04,1.5617929410e+00
585.550000,1.0007175640e-03,1.6190931318e+00
585.600000,9.9767460082e-04,1.6092862101e+00
585.650000,9.9897947023e-04,1.5619317880e+00
585.700000,9.9952074208e-04,1.6225326658e+00
585.750000,1.0009797232e-03,1.6346487456e+00
585.800000,1.0006851680e-03,1.5294189969e+00
585.850000,1.0006395971e-03,1.5925865152e+00
585.900000,9.9849329104e-04,1.6010680507e+00
585.950000,1.0002057148e-03,1.5691667633e+00
586.000000,1.0006402944e-03,1.6244051682e+00
586.050000,1.0000844076e-03,1.6564581217e+00
586.100000,9.9942254184e-04,1.6317578135e+00
586.150000,1.0003784220e-03,1.5911902857e+00
586.200000,1.0003890654e-03,1.5987230494e+00
586.250000,1.0000292046e-03,1.5791118693e+00
586.300000,1.0024858281e-03,1.5725933565e+00
586.350000,9.9874218993e-04,1.6384687883e+00
586.400000,9.9834192345e-04,1.6380794159e+00
586.450000,1.0007000055e-03,1.5706831867e+00
586.500000,1.0004781956e-03,1.5676405444e+00
586.550000,1.0008425887e-03,1.5980949798e+00
586.600000,1.0004150395e-03,1.6112582680e+00
586.650000,1.0018195583e-03,1.5647199969e+00
586.700000,9.9988088181e-04,1.6048091768e+00
586.750000,1.0022023178e-03,1.5958919049e+00
586.800000,9.9973083846e-04,1.6443182806e+00
586.850000,9.9721600186e-04,1.5793811872e+00
586.900000,1.0016629125e-03,1.5744819000e+00
586.950000,1.0001525821e-03,1.6083251677e+00
587.000000,9.9976493840e-04,1.5643492999e+00
587.050000,1.0003400175e-03,1.6394425806e+00
587.100000,9.9952154007e-04,1.6555804690e+00
587.150000,1.0002489653e-03,1.6582188853e+00
587.200000,1.0004496051e-03,1.5906401664e+00
587.250000,9.9991107228e-04,1.5587132992e+00
587.300000,1.0014975403e-03,1.6420181687e+00
587.350000,9.9862153926e-04,1.6169336801e+00
587.400000,9.9870617061e-04,1.5538572480e+00
587.450000,9.9884290583e-04,1.5983686468e+00
587.500000,1.0003343233e-03,1.6202688512e+00
587.550000,9.9899002738e-04,1.5884371374e+00
587.600000,9.9915735952e-04,1.6027295379e+00
587.650000,1.0004516357e-03,1.5593843297e+00
587.700000,9.9946782836e-04,1.6220595708e+00
587.750000,9.9933774891e-04,1.6178247976e+00
587.800000,9.9995884582e-04,1.6192706155e+00
587.850000,9.9853455984e-04,1.5512587463e+00
587.900000,9.9917210514e-04,1.5958011565e+00
587.950000,9.9890335045e-04,1.5787025543e+00
588.000000,9.9923945737e-04,1.6065106898e+00
588.050000,1.0008256079e-03,1.6103333583e+00
588.100000,1.0007729987e-03,1.6080589863e+00
588.150000,9.9974106149e-04,1.6216516718e+00
588.200000,9.9971737700e-04,1.5814312291e+00
588.250000,1.0008564269e-03,1.5669771788e+00
588.300000,9.9944152898e-04,1.6048620440e+00
588.350000,1.0004572634e-03,1.6627921919e+00
588.400000,9.9991366284e-04,1.6075679944e+00
588.450000,9.9910175468e-04,1.6116227662e+00
588.500000,9.9931462742e-04,1.6446996859e+00
588.550000,1.0016384027e-03,1.6074146990e+00
588.600000,9.9817213096e-04,1.6511981508e+00
588.650000,1.0016462487e-03,1.6306217518e+00
588.700000,1.0014563770e-03,1.5884291955e+00
588.750000,1.0001294894e-03,1.6318098789e+00
588.800000,9.9980405694e-04,1.6225998969e+00
588.850000,9.9908760736e-04,1.5863970772e+00
588.900000,9.9998012673e-04,1.5707537814e+00
588.950000,1.0009354955e-03,1.6086888206e+00
589.000000,1.0008493370e-03,1.6228864508e+00
589.050000,1.0008974841e-03,1.5954694865e+00
589.100000,9.9957526887e-04,1.5514424160e+00
589.150000,9.9973615824e-04,1.6282800820e+00
589.200000,9.9893441955e-04,1.6482258407e+00
589.250000,1.0011051331e-03,1.5909910830e+00
589.300000,9.9982078047e-04,1.6340788662e+00
589.350000,9.9761410065e-04,1.6336216004e+00
589.400000,1.0001961212e-03,1.6196056657e+00
589.450000,1.0001675356e-03,1.5927470041e+00
589.500000,9.9885134840e-04,1.6216969264e+00
589.550000,9.9958159777e-04,1.5879060039e+00
589.600000,1.0003289107e-03,1.6809707000e+00
589.650000,9.9930329381e-04,1.5460312227e+00
589.700000,9.9857200138e-04,1.5990932986e+00
589.750000,9.9933152984e-04,1.6198058166e+00
589.800000,9.9911255127e-04,1.6338924540e+00
589.850000,1.0012220747e-03,1.5893401063e+00
589.900000,9.9668153434e-04,1.6130303092e+00
589.950000,9.9995010834e-04,1.5425913303e+00
590.000000,1.0007933659e-03,1.6189250347e+00
590.050000,1.0009370676e-03,1.5640110545e+00
590.100000,9.9894835731e-04,1.6449834881e+00
590.150000,1.0007785705e-03,1.6216105636e+00
590.200000,9.9893617631e-04,1.5769363803e+00
590.250000,1.0008886463e-03,1.6139939729e+00
590.300000,9.9856001273e-04,1.5071423868e+00
590.350000,1.0006523408e-03,1.6222370930e+00
590.400000,9.9978478778e-04,1.5827833700e+00
590.450000,1.0005447550e-03,1.5371950798e+00
590.500000,1.0000485325e-03,1.5323796239e+00
590.550000,1.0006164721e-03,1.6362456474e+00
590.600000,1.0015282476e-03,1.6227063122e+00
590.650000,9.9819383364e-04,1.5714803893e+00
590.700000,1.0008265107e-03,1.5917565173e+00
590.750000,1.0009131057e-03,1.5941333162e+00
590.800000,9.9932820265e-04,1.6137720022e+00
590.850000,1.0009896650e-03,1.5839812206e+00
590.900000,9.9878742086e-04,1.5535938467e+00
590.950000,9.9925814135e-04,1.5405215149e+00
591.000000,1.0001465215e-03,1.6252621739e+00
591.050000,1.0013611203e-03,1.5825968976e+00
591.100000,1.0001992152e-03,1.5464225945e+00
591.150000,1.0004176702e-03,1.5986476611e+00
591.200000,1.0004812113e-03,1.6130911903e+00
591.250000,9.9894493354e-04,1.6482138637e+00
591.300000,9.9871629884e-04,1.6297902679e+00
591.350000,9.9917003959e-04,1.6391804338e+00
591.400000,1.0002180479e-03,1.5644983876e+00
591.450000,9.9928643193e-04,1.6313155381e+00
591.500000,9.9798040539e-04,1.6199115241e+00
591.550000,9.9814691128e-04,1.6178309500e+00
591.600000,1.0004500778e-03,1.6023546317e+00
591.650000,1.0010205923e-03,1.5712152672e+00
591.700000,9.9976663525e-04,1.5725419499e+00
591.750000,1.0014080491e-03,1.6402215045e+00
591.800000,9.9798501221e-04,1.5761136864e+00
591.850000,9.9974968578e-04,1.5846968783e+00
591.900000,1.0003475285e-03,1.5643148173e+00
591.950000,1.0010247890e-03,1.5988764680e+00
592.000000,1.0005423577e-03,1.5869558786e+00
592.050000,1.0010205780e-03,1.5834167515e+00
592.100000,9.9926938336e-04,1.5635744436e+00
592.150000,1.0011377701e-03,1.5730924913e+00
592.200000,1.0004549057e-03,1.5957860504e+00
592.250000,1.0015877115e-03,1.5744023712e+00
592.300000,9.9857929456e-04,1.6309198713e+00
592.350000,9.9973312991e-04,1.6154390698e+00
592.400000,9.9897503380e-04,1.5859917672e+00
592.450000,1.0001810234e-03,1.6181317262e+00
592.500000,9.9856374637e-04,1.6084025236e+00
592.550000,9.9939849673e-04,1.5474382641e+00
592.600000,9.9878125384e-04,1.6847761306e+00
592.650000,1.0004249315e-03,1.6255964385e+00
592.700000,9.9967523579e-04,1.6228739220e+00
592.750000,9.9889561029e-04,1.5915156501e+00
592.800000,1.0001512288e-03,1.5801420642e+00
592.850000,9.9977166498e-04,1.6269940087e+00
592.900000,1.0010433671e-03,1.6167587798e+00
592.950000,1.0001485788e-03,1.5472459892e+00
593.000000,1.0002283916e-03,1.6215043279e+00
593.050000,1.0007060199e-03,1.6069203066e+00
593.100000,9.9968161433e-04,1.6370343655e+00
593.150000,9.9988790578e-04,1.6087465648e+00
593.200000,9.9980915243e-04,1.5561986421e+00
593.250000,1.0007341807e-03,1.5716845085e+00
593.300000,1.0005062386e-03,1.6309718779e+00
593.350000,9.9981897853e-04,1.5880615531e+00
593.400000,9.9729507453e-04,1.5709832987e+00
593.450000,1.0002677196e-03,1.6234348965e+00
593.500000,9.9825917332e-04,1.6175686672e+00
593.550000,1.0010789768e-03,1.6596851590e+00
593.600000,1.0018146233e-03,1.5745585422e+00
593.650000,9.9931155079e-04,1.5691452052e+00
593.700000,9.9984320155e-04,1.5684063115e+00
593.750000,9.9887792608e-04,1.6183936651e+00
593.800000,9.9991077877e-04,1.6561388096e+00
593.850000,1.0006224096e-03,1.5992842024e+00
593.900000,9.9912153297e-04,1.6223892996e+00
593.950000,9.9953475543e-04,1.6163893824e+00
594.000000,1.0021150159e-03,1.6254268375e+00
594.050000,1.0012119269e-03,1.6308367165e+00
594.100000,9.9940455921e-04,1.5928471177e+00
594.150000,1.0019259704e-03,1.5572916714e+00
594.200000,9.9994111767e-04,1.6054223490e+00
594.250000,1.0001606357e-03,1.6194323820e+00
594.300000,9.9927166065e-04,1.5666826329e+00
594.350000,9.9826165811e-04,1.6059999239e+00
594.400000,9.9837015262e-04,1.5474869198e+00
594.450000,1.0002411753e-03,1.6053425958e+00
594.500000,1.0018427068e-03,1.5988716991e+00
594.550000,1.0004006177e-03,1.6414512820e+00
594.600000,1.0003853583e-03,1.5600851477e+00
594.650000,1.0007176348e-03,1.6332512649e+00
594.700000,9.9821002499e-04,1.6077478375e+00
594.750000,9.9895850252e-04,1.5643779932e+00
594.800000,9.9938257822e-04,1.6308160031e+00
594.850000,1.0008150659e-03,1.6363075522e+00
594.900000,9.9891404776e-04,1.6341803684e+00
594.950000,1.0011975912e-03,1.5259892378e+00
595.000000,1.0013895012e-03,1.6315691687e+00
595.050000,1.0012477645e-03,1.5515526284e+00
595.100000,1.0002042254e-03,1.5761328725e+00
595.150000,9.9997982103e-04,1.5921679269e+00
595.200000,1.0005049566e-03,1.6766003538e+00
595.250000,9.9827854143e-04,1.5794698777e+00
595.300000,9.9936564061e-04,1.6466157975e+00
595.350000,1.0004458020e-03,1.6541726588e+00
595.400000,1.0000145493e-03,1.5551613786e+00
595.450000,9.9982402364e-04,1.5890861702e+00
595.500000,9.9820021740e-04,1.6183145382e+00
595.550000,9.9924989983e-04,1.6294180477e+00
595.600000,1.0004782912e-03,1.5765507118e+00
595.650000,1.0001474087e-03,1.6399899044e+00
595.700000,9.9930582249e-04,1.6525599890e+00
595.750000,1.0005397159e-03,1.5889404556e+00
595.800000,9.9930966548e-04,1.6013776335e+00
595.850000,1.0001081072e-03,1.5663263267e+00
595.900000,9.9888125214e-04,1.6006627170e+00
595.950000,1.0015413428e-03,1.5841033255e+00
596.000000,1.0009481445e-03,1.6727360401e+00
596.050000,1.0000789443e-03,1.6212653984e+00
596.100000,1.0012953983e-03,1.6262672964e+00
596.150000,9.9936249913e-04,1.6353596218e+00
596.200000,1.0000500890e-03,1.5961408912e+00
596.250000,9.9876617726e-04,1.5888272174e+00
596.300000,1.0008594166e-03,1.5987076374e+00
596.350000,9.9906205495e-04,1.6062345225e+00
596.400000,9.9923637589e-04,1.6125244998e+00
596.450000,9.9869135908e-04,1.6067820324e+00
596.500000,1.0001877797e-03,1.5318709806e+00
596.550000,1.0002124171e-03,1.5642184514e+00
596.600000,9.9962641421e-04,1.5786269148e+00
596.650000,9.9823725939e-04,1.5557571448e+00
596.700000,9.9861573285e-04,1.5911483413e+00
596.750000,1.0002819000e-03,1.5534176178e+00
596.800000,9.9859230459e-04,1.6402414027e+00
596.850000,1.0001600686e-03,1.6150095810e+00
596.900000,1.0000884053e-03,1.6214034501e+00
596.950000,9.9894856314e-04,1.6117213676e+00
597.000000,9.9940704076e-04,1.5968181310e+00
597.050000,9.9971995053e-04,1.5636576792e+00
597.100000,1.0008329100e-03,1.6238045841e+00
597.150000,9.9913632905e-04,1.5788638244e+00
597.200000,1.0016815199e-03,1.5807872542e+00
597.250000,1.0007461594e-03,1.6188324664e+00
597.300000,9.9908261363e-04,1.6127013894e+00
597.350000,1.0008732751e-03,1.6581037304e+00
597.400000,1.0011726579e-03,1.6312631907e+00
597.450000,9.9887988304e-04,1.5887663636e+00
597.500000,1.0013875804e-03,1.5998992762e+00
597.550000,1.0002161347e-03,1.5575316274e+00
597.600000,1.0005491860e-03,1.6298502663e+00
597.650000,1.0001643619e-03,1.6234478496e+00
597.700000,9.9849613238e-04,1.6136411376e+00
597.750000,9.9932369325e-04,1.5957159794e+00
597.800000,9.9959856184e-04,1.6149636951e+00
597.850000,1.0008029754e-03,1.6160573566e+00
597.900000,1.0005087015e-03,1.5351242693e+00
597.950000,1.0016906301e-03,1.6848800151e+00
598.000000,1.0012641867e-03,1.5999348340e+00
598.050000,1.0013968684e-03,1.6071067742e+00
598.100000,1.0006783513e-03,1.5499275978e+00
598.150000,1.0010111213e-03,1.5715703795e+00
598.200000,9.9919857025e-04,1.5891820564e+00
598.250000,1.0025501806e-03,1.6275431780e+00
598.300000,1.0000560987e-03,1.6166194068e+00
598.350000,1.0015911389e-03,1.6105850508e+00
598.400000,1.0000166815e-03,1.6594979557e+00
598.450000,9.9981836999e-04,1.6328508918e+00
598.500000,9.9994349677e-04,1.5722890263e+00
598.550000,9.9976732030e-04,1.5588655554e+00
598.600000,1.0014517418e-03,1.5560077905e+00
598.650000,9.9964567623e-04,1.5863604400e+00
598.700000,1.0012173652e-03,1.5796076942e+00
598.750000,1.0013410831e-03,1.6123853773e+00
598.800000,9.9955924961e-04,1.5851146332e+00
598.850000,9.9896357206e-04,1.6759037674e+00
598.900000,9.9873714330e-04,1.6821227975e+00
598.950000,9.9963542522e-04,1.6086450166e+00
599.000000,1.0009271965e-03,1.6010351731e+00
599.050000,9.9995392879e-04,1.5637926826e+00
599.100000,9.9974258665e-04,1.6339063187e+00
599.150000,1.0020408939e-03,1.6013905172e+00
599.200000,1.0011944180e-03,1.6259568807e+00
599.250000,9.9887168891e-04,1.5832806427e+00
599.300000,1.0006160539e-03,1.6337488154e+00
599.350000,1.0006549481e-03,1.5907717142e+00
599.400000,9.9880029148e-04,1.6191414292e+00
599.450000,9.9955731526e-04,1.6265777993e+00
599.500000,1.0010200234e-03,1.5635182902e+00
599.550000,1.0004064781e-03,1.5963111962e+00
599.600000,1.0000359625e-03,1.5993548878e+00
599.650000,1.0018189794e-03,1.5895653430e+00
599.700000,9.9909058345e-04,1.6151762183e+00
599.750000,1.0000153385e-03,1.5673157011e+00
599.800000,1.0006534531e-03,1.5937883255e+00
599.850000,9.9909292260e-04,1.5824015287e+00
599.900000,9.9959904091e-04,1.5461597728e+00
599.950000,9.9860622437e-04,1.6340663977e+00
600.000000,1.0005397245e-03,1.5788596367e+00
