Time [s],Displacement [m],Force [N]
0.000000,0.0000000000e+00,4.4122748689e-06
0.050000,4.9996423920e-06,2.4900768718e-03
0.100000,1.0172348751e-05,7.9902505859e-03
0.150000,1.7096072837e-05,1.2617062992e-02
0.200000,1.9098270736e-05,1.9349867363e-02
0.250000,2.6347968195e-05,2.8395871753e-02
0.300000,2.9904641021e-05,3.2273316421e-02
0.350000,3.5715152748e-05,4.0473791148e-02
0.400000,4.1452050056e-05,5.0381936893e-02
0.450000,4.6339582921e-05,5.7396206183e-02
0.500000,4.8389853451e-05,6.3014440131e-02
0.550000,5.6139751113e-05,7.5084857145e-02
0.600000,6.0327976596e-05,8.3332056675e-02
0.650000,6.6026469863e-05,9.6827316729e-02
0.700000,7.0823115040e-05,9.4620170032e-02
0.750000,7.3737770350e-05,1.0862937681e-01
0.800000,8.1565710630e-05,1.2905505842e-01
0.850000,8.5629973208e-05,1.4378003643e-01
0.900000,8.9286213854e-05,1.3046967820e-01
0.950000,9.5699350540e-05,1.5569705193e-01
1.000000,1.0109524745e-04,1.5269121542e-01
1.050000,1.0411105939e-04,1.6307772700e-01
1.100000,1.0922536156e-04,1.7239423293e-01
1.150000,1.1563187982e-04,1.8617542576e-01
1.200000,1.2034227777e-04,2.1017793437e-01
1.250000,1.2420180258e-04,2.1774548439e-01
1.300000,1.2968879790e-04,2.2101472717e-01
1.350000,1.3522329266e-04,2.2634237006e-01
1.400000,1.3929432589e-04,2.4080241960e-01
1.450000,1.4580214418e-04,2.4971879457e-01
1.500000,1.5182858092e-04,2.7176705902e-01
1.550000,1.5446804110e-04,2.6320758437e-01
1.600000,1.6155218466e-04,2.8217047939e-01
1.650000,1.6467104815e-04,2.9129731737e-01
1.700000,1.7022907863e-04,3.0256296289e-01
1.750000,1.7522432449e-04,3.1791067089e-01
1.800000,1.7931496857e-04,3.2790509866e-01
1.850000,1.8403485623e-04,3.5785559148e-01
1.900000,1.8983290526e-04,3.4476827062e-01
1.950000,1.9619130427e-04,3.8505561872e-01
2.000000,2.0218834679e-04,3.6246536062e-01
2.050000,2.0387312957e-04,3.7004249445e-01
2.100000,2.1077212695e-04,3.9213659520e-01
2.150000,2.1451027327e-04,4.0843618846e-01
2.200000,2.2133768586e-04,4.1805766818e-01
2.250000,2.2550044071e-04,4.5113774043e-01
2.300000,2.2901119706e-04,4.5986813259e-01
2.350000,2.3431116623e-04,4.5749878801e-01
2.400000,2.3958077648e-04,4.5020142520e-01
2.450000,2.4425703379e-04,4.6705588709e-01
2.500000,2.5035753560e-04,5.1500210511e-01
2.550000,2.5540316541e-04,4.9809044126e-01
2.600000,2.5873673988e-04,4.7127815902e-01
2.650000,2.6390513875e-04,4.9831561549e-01
2.700000,2.7105694905e-04,5.1270345342e-01
2.750000,2.7602192502e-04,5.7096896332e-01
2.800000,2.7871538551e-04,5.4886534979e-01
2.850000,2.8425804120e-04,6.2759654770e-01
2.900000,2.9049719647e-04,5.9486811493e-01
2.950000,2.9261507752e-04,5.9178601340e-01
3.000000,2.9881747666e-04,5.8725911770e-01
3.050000,3.0577180865e-04,6.4242361883e-01
3.100000,3.0985900582e-04,6.1746713595e-01
3.150000,3.1750144646e-04,6.1114022787e-01
3.200000,3.1987459596e-04,6.6836804084e-01
3.250000,3.2447643556e-04,6.6287531838e-01
3.300000,3.3060684538e-04,7.1521576576e-01
3.350000,3.3351581723e-04,6.8521844873e-01
3.400000,3.3955272513e-04,6.0030670527e-01
3.450000,3.4562361522e-04,7.4146561697e-01
3.500000,3.5064089309e-04,6.5798100104e-01
3.550000,3.5530867472e-04,7.9599768076e-01
3.600000,3.6052870605e-04,8.2063021912e-01
3.650000,3.6492819587e-04,7.4884118326e-01
3.700000,3.7163842844e-04,7.3297551997e-01
3.750000,3.7598360099e-04,7.3620110524e-01
3.800000,3.8183502256e-04,8.3988280508e-01
3.850000,3.8298840063e-04,8.0980941032e-01
3.900000,3.8995191727e-04,8.0657882175e-01
3.950000,3.9519779689e-04,8.3461898343e-01
4.000000,4.0012813885e-04,9.4807274516e-01
4.050000,4.0389478641e-04,8.8710964864e-01
4.100000,4.1229046217e-04,9.1864095423e-01
4.150000,4.1514298987e-04,9.3424731812e-01
4.200000,4.1950252494e-04,9.5956513799e-01
4.250000,4.2599453753e-04,9.7607557542e-01
4.300000,4.3060376794e-04,9.0733024355e-01
4.350000,4.3593982471e-04,9.4442161421e-01
4.400000,4.4087336122e-04,9.3184145647e-01
4.450000,4.4535844777e-04,9.4780568904e-01
4.500000,4.4898681586e-04,1.0537887853e+00
4.550000,4.5583681730e-04,9.8569239992e-01
4.600000,4.6047848626e-04,1.0212471986e+00
4.650000,4.6456520513e-04,1.0035884359e+00
4.700000,4.6973275836e-04,1.0226943421e+00
4.750000,4.7423377822e-04,1.1105097979e+00
4.800000,4.8020791233e-04,1.0587549424e+00
4.850000,4.8536694048e-04,1.0709590412e+00
4.900000,4.9028366719e-04,1.1394661365e+00
4.950000,4.9580613393e-04,1.1548779887e+00
5.000000,4.9948951133e-04,1.1866283246e+00
5.050000,5.0340961493e-04,1.1660473016e+00
5.100000,5.1171691179e-04,1.0683093850e+00
5.150000,5.1310734660e-04,1.2232826085e+00
5.200000,5.1948785182e-04,1.2307803365e+00
5.250000,5.2561469590e-04,1.2777696589e+00
5.300000,5.3067013201e-04,1.1788249444e+00
5.350000,5.3464612330e-04,1.4031334785e+00
5.400000,5.4066357022e-04,1.1835078275e+00
5.450000,5.4483551951e-04,1.3228795795e+00
5.500000,5.5009422185e-04,1.2947396740e+00
5.550000,5.5567119745e-04,1.2752813675e+00
5.600000,5.5960388949e-04,1.3765084463e+00
5.650000,5.6354823957e-04,1.3191669682e+00
5.700000,5.6931879351e-04,1.1954300361e+00
5.750000,5.7597939471e-04,1.2891786631e+00
5.800000,5.8089241360e-04,1.4164205420e+00
5.850000,5.8636836887e-04,1.5571449208e+00
5.900000,5.8978236298e-04,1.3112624481e+00
5.950000,5.9467350993e-04,1.4307486004e+00
6.000000,6.0167619884e-04,1.5528510448e+00
6.050000,6.0566802390e-04,1.5081470483e+00
6.100000,6.0969121943e-04,1.4518969166e+00
6.150000,6.1499451801e-04,1.3893563076e+00
6.200000,6.2177670146e-04,1.3771297925e+00
6.250000,6.2433798182e-04,1.4707669629e+00
6.300000,6.2919981916e-04,1.5156463954e+00
6.350000,6.3438907228e-04,1.3848381623e+00
6.400000,6.4020622591e-04,1.4430875725e+00
6.450000,6.4425172502e-04,1.6171497902e+00
6.500000,6.5067500884e-04,1.5764436051e+00
6.550000,6.5499004766e-04,1.5644404446e+00
6.600000,6.5879025072e-04,1.6088439267e+00
6.650000,6.6495470731e-04,1.5914578730e+00
6.700000,6.6937037707e-04,1.7531877429e+00
6.750000,6.7337989514e-04,1.8309064461e+00
6.800000,6.7956057407e-04,1.8860487219e+00
6.850000,6.8405713453e-04,1.7868685554e+00
6.900000,6.8973033002e-04,1.8075390790e+00
6.950000,6.9660594196e-04,1.8880256523e+00
7.000000,6.9781391374e-04,1.9306438032e+00
7.050000,7.0656195220e-04,1.9245920258e+00
7.100000,7.1014306095e-04,1.9199707595e+00
7.150000,7.1406286917e-04,1.7693189058e+00
7.200000,7.1966572840e-04,1.6968963311e+00
7.250000,7.2656148435e-04,1.9432750152e+00
7.300000,7.3015801438e-04,1.8700355249e+00
7.350000,7.3454823608e-04,1.8908550377e+00
7.400000,7.4111671847e-04,1.8283638730e+00
7.450000,7.4656098962e-04,1.8052401441e+00
7.500000,7.5025671253e-04,2.0848894322e+00
7.550000,7.5514495354e-04,2.0114876682e+00
7.600000,7.5996623129e-04,1.8776789000e+00
7.650000,7.6406755957e-04,2.0399518503e+00
7.700000,7.7070300483e-04,2.0493694354e+00
7.750000,7.7508362681e-04,2.0893428525e+00
7.800000,7.7918713852e-04,2.2833150159e+00
7.850000,7.8333806357e-04,2.0681310598e+00
7.900000,7.8795596135e-04,1.9558541158e+00
7.950000,7.9623888929e-04,2.1112928470e+00
8.000000,8.0077433800e-04,2.0566797131e+00
8.050000,8.0315817991e-04,2.2021486596e+00
8.100000,8.1086988244e-04,2.1841393518e+00
8.150000,8.1486875678e-04,2.2172254015e+00
8.200000,8.1949684382e-04,2.1352767225e+00
8.250000,8.2568224077e-04,2.2616002394e+00
8.300000,8.3048890394e-04,2.1769889836e+00
8.350000,8.3451236304e-04,2.3105171268e+00
8.400000,8.3970200642e-04,2.2364064548e+00
8.450000,8.4437572971e-04,2.1609408342e+00
8.500000,8.4983739462e-04,2.3648862346e+00
8.550000,8.5600395277e-04,2.2437118667e+00
8.600000,8.6006981520e-04,2.5136058209e+00
8.650000,8.6391214356e-04,2.4152408448e+00
8.700000,8.7105205521e-04,2.4372072183e+00
8.750000,8.7632918556e-04,2.4123278899e+00
8.800000,8.8098768871e-04,2.4116874375e+00
8.850000,8.8710612135e-04,2.1466985816e+00
8.900000,8.9039411924e-04,2.6065305081e+00
8.950000,8.9496826303e-04,2.3745131690e+00
9.000000,8.9951730511e-04,2.6134048041e+00
9.050000,9.0417654885e-04,2.4328408322e+00
9.100000,9.1017352667e-04,2.5139394587e+00
9.150000,9.1291564136e-04,2.5224914602e+00
9.200000,9.2166930087e-04,2.4366998345e+00
9.250000,9.2523213947e-04,2.5670550757e+00
9.300000,9.3168746971e-04,2.6705857844e+00
9.350000,9.3594719432e-04,2.5732480184e+00
9.400000,9.3972897994e-04,2.4796183672e+00
9.450000,9.4554951319e-04,2.5898111891e+00
9.500000,9.4902853973e-04,2.7191320600e+00
9.550000,9.5621283794e-04,2.8601503830e+00
9.600000,9.6031289008e-04,2.8383046488e+00
9.650000,9.6528847341e-04,2.7833439050e+00
9.700000,9.7035882750e-04,2.6258696568e+00
9.750000,9.7447798775e-04,2.9092249598e+00
9.800000,9.8025329772e-04,2.8060372276e+00
9.850000,9.8631166953e-04,2.7884447076e+00
9.900000,9.9006416697e-04,2.9713621054e+00
9.950000,9.9444121336e-04,2.9501958481e+00
10.000000,9.9966747256e-04,2.9535747122e+00
10.050000,1.0016214657e-03,2.6876985302e+00
10.100000,9.9984864392e-04,2.7338631530e+00
10.150000,9.9833079822e-04,2.5532309965e+00
10.200000,1.0007122411e-03,2.7917385342e+00
10.250000,1.0026286221e-03,2.7450478855e+00
10.300000,9.9990378584e-04,2.8465761377e+00
10.350000,1.0001515572e-03,2.7289943979e+00
10.400000,1.0007121563e-03,2.6334597889e+00
10.450000,1.0001207889e-03,2.9485291207e+00
10.500000,9.9861525768e-04,2.5160221370e+00
10.550000,9.9825507162e-04,2.4632131748e+00
10.600000,1.0012903940e-03,2.5475993808e+00
10.650000,1.0013650258e-03,2.6858550866e+00
10.700000,1.0000811788e-03,2.5620154213e+00
10.750000,9.9965870922e-04,2.5415745408e+00
10.800000,9.9862346648e-04,2.4456949881e+00
10.850000,9.9915626670e-04,2.7741289590e+00
10.900000,9.9953008799e-04,2.4970416370e+00
10.950000,9.9926053107e-04,2.4325775005e+00
11.000000,1.0000641222e-03,2.5505346541e+00
11.050000,9.9930162205e-04,2.4580182861e+00
11.100000,1.0021084889e-03,2.5274147724e+00
11.150000,9.9939854591e-04,2.7236979760e+00
11.200000,9.9964909202e-04,2.4927741777e+00
11.250000,9.9967826846e-04,2.5401504939e+00
11.300000,1.0001998079e-03,2.4967154928e+00
11.350000,1.0005579839e-03,2.5166045861e+00
11.400000,9.9988722580e-04,2.6426424186e+00
11.450000,9.9897380138e-04,2.6038726264e+00
11.500000,1.0004018676e-03,2.4912059685e+00
11.550000,1.0012206704e-03,2.4148459175e+00
11.600000,1.0006646984e-03,2.5141628059e+00
11.650000,1.0026063997e-03,2.6350296868e+00
11.700000,9.9756581206e-04,2.5262133910e+00
11.750000,9.9980497460e-04,2.5110960565e+00
11.800000,1.0015474360e-03,2.2977890766e+00
11.850000,1.0002751840e-03,2.6507046657e+00
11.900000,1.0000732425e-03,2.3361035310e+00
11.950000,1.0011447331e-03,2.3617478730e+00
12.000000,9.9952284601e-04,2.4754218032e+00
12.050000,9.9845309430e-04,2.5265398296e+00
12.100000,9.9862435363e-04,2.5272690102e+00
12.150000,1.0006423936e-03,2.4247753474e+00
12.200000,1.0001750842e-03,2.4811084625e+00
12.250000,9.9964834240e-04,2.4436512771e+00
12.300000,9.9972216748e-04,2.2917509833e+00
12.350000,1.0020023447e-03,2.4872047497e+00
12.400000,9.9932871983e-04,2.4316799879e+00
12.450000,9.9950864072e-04,2.5715803711e+00
12.500000,9.9956628906e-04,2.5002337835e+00
12.550000,1.0011935174e-03,2.6396474795e+00
12.600000,9.9902333077e-04,2.6057299249e+00
12.650000,1.0007976880e-03,2.6311097845e+00
12.700000,1.0007329944e-03,2.6698235495e+00
12.750000,1.0014362042e-03,2.6048070076e+00
12.800000,1.0028791682e-03,2.4964497614e+00
12.850000,1.0001396144e-03,2.6875809711e+00
12.900000,9.9922471587e-04,2.4002587858e+00
12.950000,9.9952774912e-04,2.5125707440e+00
13.000000,9.9940706221e-04,2.6251309991e+00
13.050000,1.0000289255e-03,2.4806688510e+00
13.100000,9.9799661370e-04,2.6067472427e+00
13.150000,1.0002827244e-03,2.4155896103e+00
13.200000,9.9845322035e-04,2.4486200349e+00
13.250000,1.0008771223e-03,2.5853068662e+00
13.300000,9.9773762535e-04,2.6061048472e+00
13.350000,1.0001785576e-03,2.6671178321e+00
13.400000,9.9944243750e-04,2.5076152416e+00
13.450000,1.0004123129e-03,2.5539183487e+00
13.500000,1.0002872697e-03,2.5951494072e+00
13.550000,1.0006037867e-03,2.5751399426e+00
13.600000,9.9809485656e-04,2.3523935242e+00
13.650000,9.9833235925e-04,2.4445385511e+00
13.700000,9.9921339712e-04,2.6978005803e+00
13.750000,1.0009958807e-03,2.3597028007e+00
13.800000,1.0004126301e-03,2.5953300625e+00
13.850000,1.0000730088e-03,2.4626388130e+00
13.900000,1.0012574874e-03,2.6423928795e+00
13.950000,9.9929191744e-04,2.4182474594e+00
14.000000,9.9821258674e-04,2.5223010330e+00
14.050000,9.9987703012e-04,2.2611762029e+00
14.100000,9.9988694070e-04,2.5108441208e+00
14.150000,9.9996098355e-04,2.6513048566e+00
14.200000,1.0016055350e-03,2.3272711353e+00
14.250000,9.9969242198e-04,2.6652780377e+00
14.300000,9.9928285818e-04,2.4261192985e+00
14.350000,9.9951942182e-04,2.5096337437e+00
14.400000,9.9955107876e-04,2.1669937315e+00
14.450000,1.0005500506e-03,2.6517749879e+00
14.500000,1.0030562528e-03,2.4058913823e+00
14.550000,9.9997482039e-04,2.4483587360e+00
14.600000,1.0015458404e-03,2.3552400438e+00
14.650000,9.9954104676e-04,2.3911494430e+00
14.700000,1.0005405012e-03,2.6599066084e+00
14.750000,9.9865065358e-04,2.4519986144e+00
14.800000,9.9899746554e-04,2.6286455879e+00
14.850000,9.9967242442e-04,2.4938726692e+00
14.900000,1.0001851874e-03,2.5595804488e+00
14.950000,9.9949437079e-04,2.4523372382e+00
15.000000,9.9891919232e-04,2.5697775400e+00
15.050000,9.9769886491e-04,2.8417059756e+00
15.100000,9.9923609418e-04,2.5981737483e+00
15.150000,1.0027745624e-03,2.5796713990e+00
15.200000,9.9958309230e-04,2.4561496434e+00
15.250000,9.9910737631e-04,2.6432125264e+00
15.300000,1.0004215264e-03,2.6870306320e+00
15.350000,1.0000452874e-03,2.3018845775e+00
15.400000,9.9873888038e-04,2.3423646080e+00
15.450000,9.9999380711e-04,2.7804524608e+00
15.500000,9.9885791452e-04,2.5696075263e+00
15.550000,1.0007318533e-03,2.5322788737e+00
15.600000,1.0006791390e-03,2.5868504791e+00
15.650000,1.0004195870e-03,2.6540082531e+00
15.700000,1.0001399481e-03,2.6167745075e+00
15.750000,1.0010126236e-03,2.4879558348e+00
15.800000,9.9866836446e-04,2.7756544890e+00
15.850000,1.0005600244e-03,2.5176096827e+00
15.900000,9.9983471984e-04,2.4059649942e+00
15.950000,9.9959648913e-04,2.4459342079e+00
16.000000,9.9941992568e-04,2.4993756631e+00
16.050000,9.9906239127e-04,2.4683098074e+00
16.100000,9.9957562530e-04,2.4923937782e+00
16.150000,1.0006459528e-03,2.5557092309e+00
16.200000,1.0000759850e-03,2.1028672772e+00
16.250000,1.0011796565e-03,2.4180516415e+00
16.300000,1.0009786738e-03,2.6355834822e+00
16.350000,1.0014168909e-03,2.5868513046e+00
16.400000,1.0007051318e-03,2.4303857024e+00
16.450000,1.0014078682e-03,2.4374499790e+00
16.500000,9.9977939676e-04,2.6595061593e+00
16.550000,1.0007456785e-03,2.4848521708e+00
16.600000,9.9889989832e-04,2.4493134822e+00
16.650000,1.0007791653e-03,2.7494882459e+00
16.700000,1.0006154484e-03,2.4694850266e+00
16.750000,1.0001284757e-03,2.6021046763e+00
16.800000,1.0009602725e-03,2.5102730649e+00
16.850000,9.9920962384e-04,2.5224083605e+00
16.900000,1.0004480430e-03,2.3968474668e+00
16.950000,9.9991789155e-04,2.4119747055e+00
17.000000,1.0007066388e-03,2.6742981553e+00
17.050000,9.9837186023e-04,2.3727338582e+00
17.100000,1.0003878269e-03,2.5509136157e+00
17.150000,1.0021795552e-03,2.3657442953e+00
17.200000,9.9943764774e-04,2.4857690523e+00
17.250000,9.9841686664e-04,2.5113374082e+00
17.300000,1.0010530657e-03,2.3109872422e+00
17.350000,9.9913477748e-04,2.6587967964e+00
17.400000,1.0002762627e-03,2.4928945892e+00
17.450000,1.0008942470e-03,2.6688458335e+00
17.500000,1.0002102860e-03,2.3984760850e+00
17.550000,1.0002044517e-03,2.6307407853e+00
17.600000,9.9872420556e-04,2.8096914285e+00
17.650000,9.9933812811e-04,2.5432605974e+00
17.700000,9.9977636358e-04,2.4346102199e+00
17.750000,9.9992649917e-04,2.5762449479e+00
17.800000,1.0004320478e-03,2.5337360842e+00
17.850000,1.0002700508e-03,2.4895983659e+00
17.900000,1.0007098973e-03,2.5008574264e+00
17.950000,9.9983943957e-04,2.4431958674e+00
18.000000,1.0016466781e-03,2.5693456427e+00
18.050000,9.9994569897e-04,2.4672879489e+00
18.100000,1.0002877120e-03,2.4082150891e+00
18.150000,1.0003856871e-03,2.6185938519e+00
18.200000,9.9994104576e-04,2.4951569893e+00
18.250000,9.9962313602e-04,2.8488328106e+00
18.300000,1.0010573389e-03,2.4846324152e+00
18.350000,1.0032568296e-03,2.4257695061e+00
18.400000,1.0003027109e-03,2.4468856801e+00
18.450000,9.9988713793e-04,2.5627052360e+00
18.500000,1.0012682479e-03,2.4282847240e+00
18.550000,1.0013105165e-03,2.3570813573e+00
18.600000,1.0002051876e-03,2.7222492553e+00
18.650000,1.0010795876e-03,2.3599946990e+00
18.700000,1.0001243151e-03,2.7064516074e+00
18.750000,1.0002356452e-03,2.5337648936e+00
18.800000,9.9972220484e-04,2.3823949127e+00
18.850000,9.9953621379e-04,2.7256672895e+00
18.900000,9.9962710794e-04,2.4904217490e+00
18.950000,9.9882796712e-04,2.3892579507e+00
19.000000,1.0009054871e-03,2.5242476702e+00
19.050000,1.0006147572e-03,2.6778673566e+00
19.100000,1.0003649997e-03,2.6020408091e+00
19.150000,9.9948005675e-04,2.6199690510e+00
19.200000,9.9981132682e-04,2.7367331010e+00
19.250000,1.0003747463e-03,2.5430129236e+00
19.300000,9.9962435569e-04,2.5633000351e+00
19.350000,1.0006822757e-03,2.4875871543e+00
19.400000,9.9864036239e-04,2.3330020537e+00
19.450000,9.9891249734e-04,2.4978343911e+00
19.500000,9.9986538746e-04,2.7194520232e+00
19.550000,1.0007504309e-03,2.2982329774e+00
19.600000,1.0013768340e-03,2.6851015309e+00
19.650000,1.0000658440e-03,2.5489229639e+00
19.700000,1.0014232066e-03,2.4014651500e+00
19.750000,1.0005366234e-03,2.5242552058e+00
19.800000,9.9978770722e-04,2.7394991525e+00
19.850000,9.9902309819e-04,2.4439120141e+00
19.900000,1.0020877979e-03,2.6154837394e+00
19.950000,1.0002892085e-03,2.6583752440e+00
20.000000,9.9820042039e-04,2.4031542059e+00
20.050000,1.0002968448e-03,2.5956204906e+00
20.100000,9.9918394273e-04,2.5833467910e+00
20.150000,1.0008552369e-03,2.4563648765e+00
20.200000,1.0003572784e-03,2.6021971371e+00
20.250000,1.0000710250e-03,2.4705762548e+00
20.300000,1.0010593334e-03,2.4433714359e+00
20.350000,9.9994092740e-04,2.3606759720e+00
20.400000,1.0000221409e-03,2.5645160085e+00
20.450000,9.9830028465e-04,2.4620216395e+00
20.500000,9.9925531956e-04,2.4456993987e+00
20.550000,9.9960453995e-04,2.3714616820e+00
20.600000,1.0003586569e-03,2.3442669217e+00
20.650000,9.9990904589e-04,2.4167235401e+00
20.700000,9.9896386475e-04,2.6078553450e+00
20.750000,1.0005414692e-03,2.4136232001e+00
20.800000,9.9916589225e-04,2.6977975324e+00
20.850000,9.9938719697e-04,2.5673819263e+00
20.900000,9.9953857831e-04,2.5359047491e+00
20.950000,9.9978598136e-04,2.3646376109e+00
21.000000,1.0009659914e-03,2.7618012195e+00
21.050000,9.9921388528e-04,2.3347709999e+00
21.100000,1.0029120982e-03,2.5832109093e+00
21.150000,9.9982462570e-04,2.7291834351e+00
21.200000,9.9768134092e-04,2.4909886940e+00
21.250000,1.0008825336e-03,2.4300234322e+00
21.300000,9.9906096303e-04,2.5136282563e+00
21.350000,1.0001007610e-03,2.6312187824e+00
21.400000,9.9990015068e-04,2.6869586361e+00
21.450000,1.0001183890e-03,2.5920632896e+00
21.500000,9.9917866904e-04,2.3814742625e+00
21.550000,1.0004024581e-03,2.4311979877e+00
21.600000,1.0000212642e-03,2.5416093821e+00
21.650000,9.9972190524e-04,2.3554629129e+00
21.700000,1.0009919804e-03,2.4857856440e+00
21.750000,9.9920145607e-04,2.7979548610e+00
21.800000,1.0008801592e-03,2.3829781697e+00
21.850000,9.9901875564e-04,2.6620294261e+00
21.900000,1.0001869901e-03,2.3986387961e+00
21.950000,1.0002507889e-03,2.4731516415e+00
22.000000,9.9916647349e-04,2.5071951656e+00
22.050000,9.9753158270e-04,2.3266071726e+00
22.100000,9.9905456591e-04,2.5027982369e+00
22.150000,9.9721467268e-04,2.6791726508e+00
22.200000,1.0001236646e-03,2.6062490766e+00
22.250000,1.0010731558e-03,2.6038056535e+00
22.300000,1.0012514445e-03,2.4148038129e+00
22.350000,1.0012267726e-03,2.4977693294e+00
22.400000,1.0002346687e-03,2.5414728580e+00
22.450000,1.0001988985e-03,2.6014062432e+00
22.500000,9.9962397039e-04,2.6849210841e+00
22.550000,9.9696289245e-04,2.3902917071e+00
22.600000,1.0005438412e-03,2.7298401387e+00
22.650000,1.0023523155e-03,2.4800092995e+00
22.700000,9.9843702526e-04,2.4843597490e+00
22.750000,9.9989810446e-04,2.3639826145e+00
22.800000,1.0009148120e-03,2.5074890655e+00
22.850000,1.0017967360e-03,2.4873101386e+00
22.900000,9.9939249280e-04,2.3607042999e+00
22.950000,9.9925620076e-04,2.4793591715e+00
23.000000,1.0001412826e-03,2.5312864864e+00
23.050000,1.0008481898e-03,2.4642555550e+00
23.100000,1.0005344181e-03,2.6140578904e+00
23.150000,1.0006043631e-03,2.3871019157e+00
23.200000,1.0008991901e-03,2.6279753231e+00
23.250000,1.0010604440e-03,2.4926198020e+00
23.300000,9.9854604744e-04,2.5628540315e+00
23.350000,9.9952859796e-04,2.2838739854e+00
23.400000,1.0010036290e-03,2.5322663887e+00
23.450000,9.9959721051e-04,2.5082307024e+00
23.500000,1.0005926570e-03,2.6337407011e+00
23.550000,1.0005362375e-03,2.3675737225e+00
23.600000,1.0005498697e-03,2.6876297465e+00
23.650000,9.9966928435e-04,2.3798116024e+00
23.700000,1.0005666204e-03,2.6816729365e+00
23.750000,1.0011698310e-03,2.5887617521e+00
23.800000,1.0022117207e-03,2.4210989439e+00
23.850000,9.9910741063e-04,2.7889981327e+00
23.900000,1.0009062454e-03,2.3655958276e+00
23.950000,9.9945473327e-04,2.4943821938e+00
24.000000,9.9878570877e-04,2.5420697246e+00
24.050000,9.9956045245e-04,2.5816645213e+00
24.100000,1.0009851185e-03,2.5445006728e+00
24.150000,9.9917892614e-04,2.6165577439e+00
24.200000,9.9993998649e-04,2.5737965660e+00
24.250000,9.9735623836e-04,2.5201324032e+00
24.300000,1.0012118452e-03,2.3990692597e+00
24.350000,9.9946542559e-04,2.4726090041e+00
24.400000,1.0002559543e-03,2.6295602079e+00
24.450000,1.0002785962e-03,2.3692600749e+00
24.500000,1.0005845059e-03,2.5299824097e+00
24.550000,9.9967722713e-04,2.2583077666e+00
24.600000,9.9911257025e-04,2.4285029735e+00
24.650000,1.0006466287e-03,2.3118070986e+00
24.700000,1.0010609152e-03,2.6725952499e+00
24.750000,9.9893526774e-04,2.2866966720e+00
24.800000,1.0017036575e-03,2.4858733258e+00
24.850000,1.0004926268e-03,2.6076645207e+00
24.900000,1.0006977559e-03,2.5926227184e+00
24.950000,9.9938261068e-04,2.6132935086e+00
25.000000,9.9942396952e-04,2.6496741416e+00
25.050000,9.9972830345e-04,2.5755905309e+00
25.100000,1.0001233344e-03,2.6210199548e+00
25.150000,1.0000525132e-03,2.5092068638e+00
25.200000,9.9896592074e-04,2.5127926748e+00
25.250000,9.9903814493e-04,2.2945408005e+00
25.300000,9.9962292037e-04,2.5372433857e+00
25.350000,1.0004356148e-03,2.6754556922e+00
25.400000,9.9958921723e-04,2.4219183377e+00
25.450000,1.0018234934e-03,2.3688514610e+00
25.500000,9.9955517034e-04,2.5274967198e+00
25.550000,1.0003613028e-03,2.6587407256e+00
25.600000,9.9966779570e-04,2.6678186565e+00
25.650000,9.9914778068e-04,2.3272435130e+00
25.700000,9.9999887075e-04,2.5726359460e+00
25.750000,1.0008499092e-03,2.4334550932e+00
25.800000,1.0000564090e-03,2.5509273058e+00
25.850000,9.9999952786e-04,2.2319747507e+00
25.900000,9.9983582292e-04,2.6319893887e+00
25.950000,1.0001963414e-03,2.4662486817e+00
26.000000,1.0015253207e-03,2.5418108835e+00
26.050000,1.0001340875e-03,2.4934163666e+00
26.100000,1.0011320673e-03,2.3859342173e+00
26.150000,1.0007557728e-03,2.5821367900e+00
26.200000,9.9963183878e-04,2.4554190187e+00
26.250000,1.0001465247e-03,2.4294081596e+00
26.300000,9.9972850001e-04,2.5989521203e+00
26.350000,1.0014367679e-03,2.5055004309e+00
26.400000,1.0002651723e-03,2.4280120181e+00
26.450000,9.9933379975e-04,2.6341911348e+00
26.500000,1.0002571408e-03,2.4417374811e+00
26.550000,9.9846485018e-04,2.5120741309e+00
26.600000,1.0003154860e-03,2.6083916603e+00
26.650000,9.9896956447e-04,2.6347474086e+00
26.700000,9.9987861758e-04,2.6670116931e+00
26.750000,1.0003621772e-03,2.7244549050e+00
26.800000,1.0005849529e-03,2.5216778040e+00
26.850000,9.9869133275e-04,2.4155991255e+00
26.900000,1.0009676904e-03,2.7233591062e+00
26.950000,9.9859723111e-04,2.6910978659e+00
27.000000,9.9939053614e-04,2.4783555087e+00
27.050000,9.9991622979e-04,2.6042376637e+00
27.100000,9.9857488229e-04,2.4685120273e+00
27.150000,1.0010556185e-03,2.3200929450e+00
27.200000,1.0000721607e-03,2.6466322586e+00
27.250000,9.9898200030e-04,2.5595555315e+00
27.300000,1.0015568765e-03,2.5314153915e+00
27.350000,9.9827566260e-04,2.7286396443e+00
27.400000,1.0001224939e-03,2.6962692622e+00
27.450000,9.9999678275e-04,2.4352951683e+00
27.500000,9.9882485591e-04,2.3765537431e+00
27.550000,1.0003009763e-03,2.2776440643e+00
27.600000,1.0009377189e-03,2.5168012592e+00
27.650000,9.9987358346e-04,2.4674397192e+00
27.700000,1.0004416250e-03,2.5617125961e+00
27.750000,9.9878355330e-04,2.5176349405e+00
27.800000,1.0013799142e-03,2.4334446461e+00
27.850000,1.0005793905e-03,2.4651468193e+00
27.900000,9.9963809746e-04,2.3200042157e+00
27.950000,9.9812180870e-04,2.6705620519e+00
28.000000,9.9860848333e-04,2.4490175544e+00
28.050000,9.9964949391e-04,2.5930595082e+00
28.100000,9.9786602927e-04,2.4332665074e+00
28.150000,1.0000641533e-03,2.5249324114e+00
28.200000,1.0033295783e-03,2.5952877123e+00
28.250000,1.0009654534e-03,2.4815711817e+00
28.300000,9.9848299930e-04,2.4134548311e+00
28.350000,9.9852193613e-04,2.8085552892e+00
28.400000,1.0008320943e-03,2.4910468694e+00
28.450000,1.0013792539e-03,2.5875133834e+00
28.500000,1.0000152731e-03,2.5058352428e+00
28.550000,1.0008729241e-03,2.4187378898e+00
28.600000,1.0000622912e-03,2.6813665999e+00
28.650000,9.9953930025e-04,2.5652309233e+00
28.700000,1.0016581553e-03,2.5589089017e+00
28.750000,9.9977127112e-04,2.2297162530e+00
28.800000,1.0018740021e-03,2.5521453800e+00
28.850000,9.9866261508e-04,2.6216444699e+00
28.900000,1.0008824711e-03,2.5516221469e+00
28.950000,9.9983631541e-04,2.4973438250e+00
29.000000,9.9842984195e-04,2.6660918081e+00
29.050000,1.0010433365e-03,2.5469814931e+00
29.100000,1.0004605967e-03,2.5890645517e+00
29.150000,9.9909490053e-04,2.6464426315e+00
29.200000,9.9912218278e-04,2.6419413006e+00
29.250000,9.9826441595e-04,2.3506727434e+00
29.300000,9.9912723036e-04,2.5583283610e+00
29.350000,9.9945880919e-04,2.4201980659e+00
29.400000,1.0006398421e-03,2.2634172635e+00
29.450000,9.9950848571e-04,2.5519279694e+00
29.500000,9.9987616490e-04,2.2973689741e+00
29.550000,9.9925618169e-04,2.4573299973e+00
29.600000,1.0001995102e-03,2.2003292797e+00
29.650000,9.9926760010e-04,2.3875626636e+00
29.700000,9.9972308840e-04,2.4569113711e+00
29.750000,1.0005616138e-03,2.5150423293e+00
29.800000,1.0000213255e-03,2.4480980944e+00
29.850000,1.0002001343e-03,2.3997140931e+00
29.900000,9.9990543359e-04,2.4026593146e+00
29.950000,1.0007063125e-03,2.7087875552e+00
30.000000,1.0007241811e-03,2.4568058301e+00
30.050000,1.0009656708e-03,2.5037014786e+00
30.100000,1.0006696487e-03,2.7530674973e+00
30.150000,9.9949853704e-04,2.2967762544e+00
30.200000,9.9958816052e-04,2.2557288647e+00
30.250000,1.0011278699e-03,2.3874141562e+00
30.300000,9.9910331978e-04,2.4662317959e+00
30.350000,1.0003673508e-03,2.3716510934e+00
30.400000,1.0022896792e-03,2.5105953414e+00
30.450000,1.0000152091e-03,2.5047838065e+00
30.500000,1.0002589213e-03,2.3208327385e+00
30.550000,1.0013785986e-03,2.5362453105e+00
30.600000,9.9834553820e-04,2.3352407310e+00
30.650000,9.9965428494e-04,2.6038416923e+00
30.700000,1.0001444534e-03,2.5436077870e+00
30.750000,9.9943116898e-04,2.7911364874e+00
30.800000,1.0006196331e-03,2.6193020008e+00
30.850000,1.0024198945e-03,2.4895001061e+00
30.900000,9.9965307793e-04,2.5584724406e+00
30.950000,1.0010011495e-03,2.5336008443e+00
31.000000,1.0012302476e-03,2.4220047161e+00
31.050000,9.9914691438e-04,2.3322605700e+00
31.100000,1.0009313878e-03,2.6533600930e+00
31.150000,9.9895512008e-04,2.7062281825e+00
31.200000,9.9985486408e-04,2.4567884683e+00
31.250000,1.0010978398e-03,2.4826425290e+00
31.300000,1.0008722097e-03,2.4541593482e+00
31.350000,1.0008967353e-03,2.6423371447e+00
31.400000,9.9965037191e-04,2.6674609662e+00
31.450000,1.0008807849e-03,2.4055071973e+00
31.500000,1.0000129428e-03,2.4724145053e+00
31.550000,1.0008191755e-03,2.4477802921e+00
31.600000,1.0004730385e-03,2.5421868502e+00
31.650000,1.0012329821e-03,2.6119536687e+00
31.700000,9.9940101066e-04,2.6499299368e+00
31.750000,1.0013946586e-03,2.4805571318e+00
31.800000,1.0007363077e-03,2.3914865384e+00
31.850000,1.0011398209e-03,2.5831894038e+00
31.900000,1.0011051107e-03,2.5901662078e+00
31.950000,1.0000164796e-03,2.4713650716e+00
32.000000,9.9988547381e-04,2.5366952948e+00
32.050000,9.9967162941e-04,2.5606446300e+00
32.100000,1.0007673761e-03,2.6263977088e+00
32.150000,9.9969959362e-04,2.5246366246e+00
32.200000,9.9972269070e-04,2.5769536956e+00
32.250000,9.9880230679e-04,2.5382485643e+00
32.300000,1.0001920641e-03,2.3941981708e+00
32.350000,1.0003084407e-03,2.6043849130e+00
32.400000,9.9972903706e-04,2.5283723205e+00
32.450000,9.9874778239e-04,2.6485131665e+00
32.500000,1.0005682459e-03,2.3666512261e+00
32.550000,1.0011144640e-03,2.4275885908e+00
32.600000,1.0003070843e-03,2.5570004962e+00
32.650000,1.0009086065e-03,2.3000514338e+00
32.700000,1.0010923837e-03,2.4991653181e+00
32.750000,9.9994986634e-04,2.4596371856e+00
32.800000,9.9902287808e-04,2.4637751800e+00
32.850000,9.9871421507e-04,2.4842629054e+00
32.900000,9.9968401590e-04,2.2355278281e+00
32.950000,9.9806683604e-04,2.5212425283e+00
33.000000,1.0006266583e-03,2.5253464742e+00
33.050000,1.0005258451e-03,2.6480587894e+00
33.100000,9.9984877629e-04,2.6976674569e+00
33.150000,1.0005880500e-03,2.5606442659e+00
33.200000,1.0015988770e-03,2.6324387799e+00
33.250000,9.9995485481e-04,2.2148422694e+00
33.300000,9.9997482091e-04,2.5848500582e+00
33.350000,9.9840935453e-04,2.6550632599e+00
33.400000,9.9963916968e-04,2.6254936214e+00
33.450000,1.0004271161e-03,2.5458649124e+00
33.500000,9.9985075164e-04,2.4712528297e+00
33.550000,9.9973375049e-04,2.4701383794e+00
33.600000,9.9893224668e-04,2.5189423317e+00
33.650000,9.9906937602e-04,2.5699808309e+00
33.700000,9.9967351237e-04,2.5879370016e+00
33.750000,9.9903354285e-04,2.5041236076e+00
33.800000,9.9848842156e-04,2.3579411256e+00
33.850000,9.9907252251e-04,2.7453923011e+00
33.900000,1.0016557667e-03,2.4071438597e+00
33.950000,9.9965553100e-04,2.1790394339e+00
34.000000,9.9947783669e-04,2.6954277568e+00
34.050000,9.9958001524e-04,2.6434783538e+00
34.100000,1.0003268271e-03,2.5397458244e+00
34.150000,9.9881150291e-04,2.6384230612e+00
34.200000,1.0000390983e-03,2.5719833840e+00
34.250000,9.9967570305e-04,2.4112573566e+00
34.300000,1.0015379871e-03,2.5306476810e+00
34.350000,1.0012991082e-03,2.3605371689e+00
34.400000,9.9890151255e-04,2.4342615236e+00
34.450000,1.0004869976e-03,2.4069733644e+00
34.500000,1.0005052204e-03,2.5356713038e+00
34.550000,1.0005800960e-03,2.6497970880e+00
34.600000,9.9944367811e-04,2.4348127728e+00
34.650000,1.0016309371e-03,2.5739282990e+00
34.700000,1.0001323961e-03,2.2477787713e+00
34.750000,9.9924338712e-04,2.3811395054e+00
34.800000,1.0002990711e-03,2.5833700138e+00
34.850000,9.9969887240e-04,2.6365224757e+00
34.900000,1.0005240884e-03,2.6346920184e+00
34.950000,9.9962167616e-04,2.6505627156e+00
35.000000,1.0005732670e-03,2.3098457043e+00
35.050000,9.9992031931e-04,2.4505167856e+00
35.100000,9.9888867300e-04,2.1914427294e+00
35.150000,1.0007482662e-03,2.4964068025e+00
35.200000,1.0014667774e-03,2.5455694643e+00
35.250000,9.9981404019e-04,2.4732990607e+00
35.300000,1.0004745795e-03,2.3994009453e+00
35.350000,9.9865437675e-04,2.5700522348e+00
35.400000,1.0012375117e-03,2.5829069679e+00
35.450000,9.9986486139e-04,2.5328261657e+00
35.500000,9.9927540051e-04,2.4401128001e+00
35.550000,9.9930145936e-04,2.5214347841e+00
35.600000,1.0013593705e-03,2.5267498355e+00
35.650000,1.0018951038e-03,2.5496473035e+00
35.700000,9.9949744412e-04,2.5942959947e+00
35.750000,1.0027019920e-03,2.5126329132e+00
35.800000,1.0014029047e-03,2.3341836363e+00
35.850000,1.0004109754e-03,2.4815482215e+00
35.900000,9.9998643622e-04,2.5627168210e+00
35.950000,1.0016960309e-03,2.4607125376e+00
36.000000,9.9905793678e-04,2.5434665829e+00
36.050000,9.9889439521e-04,2.4298637449e+00
36.100000,9.9972805461e-04,2.6849901173e+00
36.150000,1.0008506902e-03,2.5668358239e+00
36.200000,1.0007785710e-03,2.5336294404e+00
36.250000,9.9973831161e-04,2.6112569965e+00
36.300000,9.9939434027e-04,2.6120758532e+00
36.350000,1.0007417543e-03,2.5273670183e+00
36.400000,9.9955318946e-04,2.6419628255e+00
36.450000,1.0003126038e-03,2.5984744417e+00
36.500000,9.9970998698e-04,2.5429922564e+00
36.550000,9.9756012284e-04,2.5163691217e+00
36.600000,1.0002180603e-03,2.3765886442e+00
36.650000,9.9847855113e-04,2.5403185869e+00
36.700000,9.9877671143e-04,2.5383364495e+00
36.750000,1.0013983556e-03,2.4111521688e+00
36.800000,9.9952622404e-04,2.6873003128e+00
36.850000,9.9997426014e-04,2.5154815493e+00
36.900000,9.9975700058e-04,2.3811220589e+00
36.950000,9.9891338765e-04,2.4634443586e+00
37.000000,1.0018817034e-03,2.5107057430e+00
37.050000,9.9896807619e-04,2.5115544843e+00
37.100000,9.9971616585e-04,2.4178467441e+00
37.150000,1.0013423459e-03,2.5204390816e+00
37.200000,9.9977743529e-04,2.3326843331e+00
37.250000,9.9982990794e-04,2.4619586332e+00
37.300000,1.0003287780e-03,2.5707050455e+00
37.350000,9.9956004684e-04,2.4312835724e+00
37.400000,1.0004885826e-03,2.5973559819e+00
37.450000,1.0001145035e-03,2.6167677036e+00
37.500000,9.9914899337e-04,2.4411433662e+00
37.550000,1.0000247350e-03,2.2141583547e+00
37.600000,1.0004932335e-03,2.6268012475e+00
37.650000,1.0023463398e-03,2.6855343434e+00
37.700000,9.9979564478e-04,2.3158731393e+00
37.750000,1.0002884723e-03,2.5424315214e+00
37.800000,9.9921274575e-04,2.5570901933e+00
37.850000,9.9816058884e-04,2.3128370742e+00
37.900000,9.9889705480e-04,2.4486803727e+00
37.950000,9.9861738966e-04,2.6741667202e+00
38.000000,9.9953885743e-04,2.5450804211e+00
38.050000,1.0002795788e-03,2.5197514970e+00
38.100000,1.0000041061e-03,2.6633847257e+00
38.150000,9.9966120628e-04,2.4438247649e+00
38.200000,9.9955386679e-04,2.2914817402e+00
38.250000,1.0007449181e-03,2.6883045304e+00
38.300000,9.9769772485e-04,2.4201761359e+00
38.350000,9.9910960456e-04,2.5182544225e+00
38.400000,9.9967036059e-04,2.6653097439e+00
38.450000,1.0016334335e-03,2.5546000785e+00
38.500000,9.9966802086e-04,2.5407275487e+00
38.550000,1.0001215848e-03,2.4435092100e+00
38.600000,9.9789063445e-04,2.5931062442e+00
38.650000,1.0012741903e-03,2.7968248558e+00
38.700000,9.9925642218e-04,2.4479489391e+00
38.750000,1.0014849086e-03,2.3803507576e+00
38.800000,1.0014045744e-03,2.5590183965e+00
38.850000,1.0009246671e-03,2.4290835677e+00
38.900000,1.0001073014e-03,2.5369445538e+00
38.950000,1.0000945475e-03,2.5241824859e+00
39.000000,9.9992933919e-04,2.5837125585e+00
39.050000,9.9931305985e-04,2.5465134827e+00
39.100000,9.9947857936e-04,2.5611169344e+00
39.150000,1.0009347439e-03,2.6817618610e+00
39.200000,1.0024203705e-03,2.3999542555e+00
39.250000,9.9817735068e-04,2.5280269445e+00
39.300000,1.0005424164e-03,2.5625353571e+00
39.350000,1.0003379588e-03,2.3689910871e+00
39.400000,1.0023818667e-03,2.4031393219e+00
39.450000,1.0009052449e-03,2.4803113949e+00
39.500000,1.0026246666e-03,2.4548067746e+00
39.550000,1.0019277179e-03,2.6629972506e+00
39.600000,1.0008308714e-03,2.5388974166e+00
39.650000,1.0012433341e-03,2.8911116967e+00
39.700000,1.0014072344e-03,2.4751564563e+00
39.750000,9.9781323333e-04,2.4831958387e+00
39.800000,1.0002809700e-03,2.8062458717e+00
39.850000,9.9904356123e-04,2.4520754456e+00
39.900000,9.9942841844e-04,2.7988175794e+00
39.950000,1.0034515814e-03,2.1308120435e+00
40.000000,1.0004635310e-03,2.4393353789e+00
40.050000,1.0008173289e-03,2.6990714888e+00
40.100000,1.0004922479e-03,2.7233851383e+00
40.150000,9.9923128732e-04,2.5806114520e+00
40.200000,1.0015098131e-03,2.4414144406e+00
40.250000,9.9976374843e-04,2.5056873945e+00
40.300000,9.9953208071e-04,2.6213805069e+00
40.350000,1.0005290373e-03,2.5632611264e+00
40.400000,9.9941899235e-04,2.6433920132e+00
40.450000,1.0010829383e-03,2.4329096717e+00
40.500000,1.0011310490e-03,2.6287939583e+00
40.550000,1.0013736929e-03,2.6855984458e+00
40.600000,1.0002194501e-03,2.9129817446e+00
40.650000,9.9910615714e-04,2.6155376279e+00
40.700000,1.0001539855e-03,2.6132591518e+00
40.750000,9.9965241091e-04,2.4184399557e+00
40.800000,9.9956513044e-04,2.3558776033e+00
40.850000,1.0008725174e-03,2.2364794257e+00
40.900000,1.0018333632e-03,2.5829235319e+00
40.950000,9.9863935083e-04,2.7796509372e+00
41.000000,1.0003516132e-03,2.5123020922e+00
41.050000,9.9902848062e-04,2.2116909748e+00
41.100000,9.9925742116e-04,2.5489888535e+00
41.150000,1.0000475607e-03,2.4986930679e+00
41.200000,1.0006183534e-03,2.4777095248e+00
41.250000,1.0012603377e-03,2.7463995778e+00
41.300000,9.9977346078e-04,2.6810279156e+00
41.350000,9.9840051317e-04,2.7134671415e+00
41.400000,9.9883455084e-04,2.4257259419e+00
41.450000,9.9822493547e-04,2.5712182990e+00
41.500000,1.0002800858e-03,2.3872723989e+00
41.550000,1.0004112490e-03,2.6698433252e+00
41.600000,9.9847598956e-04,2.3848535255e+00
41.650000,9.9919715411e-04,2.6845969298e+00
41.700000,1.0003104900e-03,2.5574863624e+00
41.750000,1.0000668521e-03,2.5549471296e+00
41.800000,9.9959170162e-04,2.3445897810e+00
41.850000,1.0006236728e-03,2.6151113038e+00
41.900000,1.0013985439e-03,2.2961524358e+00
41.950000,1.0013554674e-03,2.3687113151e+00
42.000000,9.9751578266e-04,2.4075705321e+00
42.050000,9.9927614783e-04,2.7861370751e+00
42.100000,1.0006286201e-03,2.5390065513e+00
42.150000,1.0013354256e-03,2.4394239475e+00
42.200000,1.0002097163e-03,2.5913614832e+00
42.250000,9.9912175569e-04,2.8247154202e+00
42.300000,9.9875646399e-04,2.5053451575e+00
42.350000,9.9928936149e-04,2.3918464863e+00
42.400000,9.9996255671e-04,2.3846752073e+00
42.450000,9.9952718001e-04,2.5178899362e+00
42.500000,9.9873313027e-04,2.7362387661e+00
42.550000,9.9905972725e-04,2.5069377986e+00
42.600000,9.9881648964e-04,2.4944205805e+00
42.650000,9.9942035514e-04,2.3995437755e+00
42.700000,9.9856656990e-04,2.3805402021e+00
42.750000,1.0008757012e-03,2.6558643547e+00
42.800000,1.0005743065e-03,2.5679373149e+00
42.850000,9.9996047224e-04,2.5764037647e+00
42.900000,9.9987239385e-04,2.3505858396e+00
42.950000,1.0013326570e-03,2.5946459160e+00
43.000000,9.9873118659e-04,2.5646848618e+00
43.050000,1.0011348593e-03,2.7151888090e+00
43.100000,9.9901781640e-04,2.6575793362e+00
43.150000,1.0002306481e-03,2.4936963082e+00
43.200000,1.0002836059e-03,2.5652357100e+00
43.250000,1.0011491150e-03,2.5636620886e+00
43.300000,9.9993098643e-04,2.5108090339e+00
43.350000,9.9960585437e-04,2.4128926726e+00
43.400000,1.0023184847e-03,2.6364370962e+00
43.450000,9.9925947810e-04,2.8078245884e+00
43.500000,9.9913603614e-04,2.5108765129e+00
43.550000,9.9842982543e-04,2.7300794833e+00
43.600000,9.9898861485e-04,2.4818501849e+00
43.650000,1.0014256134e-03,2.4795163951e+00
43.700000,9.9784813682e-04,2.5191978168e+00
43.750000,1.0013359448e-03,2.4849907986e+00
43.800000,1.0011204728e-03,2.6452846434e+00
43.850000,9.9815073018e-04,2.6691316841e+00
43.900000,1.0011716505e-03,2.1987082643e+00
43.950000,9.9956537735e-04,2.6254571241e+00
44.000000,9.9873886918e-04,2.5724704960e+00
44.050000,1.0024709273e-03,2.7430745831e+00
44.100000,1.0011548567e-03,2.4097410260e+00
44.150000,1.0007089080e-03,2.5391183557e+00
44.200000,9.9963278541e-04,2.6763925810e+00
44.250000,9.9966282807e-04,2.6357700370e+00
44.300000,1.0007331196e-03,2.7162208804e+00
44.350000,9.9847942124e-04,2.4241284449e+00
44.400000,9.9822464494e-04,2.4378479729e+00
44.450000,1.0002590163e-03,2.5972988197e+00
44.500000,9.9994458206e-04,2.3496096127e+00
44.550000,9.9880219676e-04,2.5790976289e+00
44.600000,1.0012457416e-03,2.6407280373e+00
44.650000,1.0011218248e-03,2.5661343975e+00
44.700000,9.9955776361e-04,2.3523246191e+00
44.750000,9.9903433981e-04,2.4496936223e+00
44.800000,9.9919161074e-04,2.4822503682e+00
44.850000,9.9996230484e-04,2.5748410537e+00
44.900000,9.9999846647e-04,2.5530068407e+00
44.950000,1.0001149315e-03,2.4668983579e+00
45.000000,1.0004315319e-03,2.3089322083e+00
45.050000,1.0010360458e-03,2.2903564587e+00
45.100000,9.9831896509e-04,2.3928069309e+00
45.150000,9.9968731079e-04,2.3888728797e+00
45.200000,1.0009755505e-03,2.4391372980e+00
45.250000,1.0006284775e-03,2.3826845306e+00
45.300000,9.9848083034e-04,2.4988674663e+00
45.350000,1.0000998705e-03,2.4408421514e+00
45.400000,1.0009868421e-03,2.5419963521e+00
45.450000,9.9924218248e-04,2.5164459638e+00
45.500000,9.9773720785e-04,2.5915295712e+00
45.550000,9.9992656406e-04,2.3951434914e+00
45.600000,1.0011622823e-03,2.4044782884e+00
45.650000,1.0006328948e-03,2.3761986170e+00
45.700000,9.9973834559e-04,2.5278291626e+00
45.750000,9.9785353045e-04,2.6083618090e+00
45.800000,9.9942802775e-04,2.6618603319e+00
45.850000,9.9964544126e-04,2.5375142974e+00
45.900000,9.9883191741e-04,2.4989644426e+00
45.950000,9.9859968059e-04,2.6097185594e+00
46.000000,1.0014856012e-03,2.5102089239e+00
46.050000,9.9994832096e-04,2.3903858681e+00
46.100000,9.9902974469e-04,2.6100199680e+00
46.150000,9.9993226003e-04,2.4634225524e+00
46.200000,1.0019010671e-03,2.3300228969e+00
46.250000,1.0000522722e-03,2.4928504314e+00
46.300000,1.0006353837e-03,2.4119387042e+00
46.350000,9.9877544070e-04,2.5111827958e+00
46.400000,1.0007383817e-03,2.4254923700e+00
46.450000,9.9918821512e-04,2.4751776831e+00
46.500000,9.9995886479e-04,2.4395590699e+00
46.550000,1.0014626998e-03,2.5006248917e+00
46.600000,1.0007441005e-03,2.5883601398e+00
46.650000,1.0011517910e-03,2.5466482921e+00
46.700000,1.0011381899e-03,2.5159030456e+00
46.750000,9.9948850274e-04,2.6446521341e+00
46.800000,1.0001056760e-03,2.3446871119e+00
46.850000,9.9977576235e-04,2.5369693781e+00
46.900000,1.0007886571e-03,2.6631859460e+00
46.950000,9.9882982565e-04,2.5864071470e+00
47.000000,1.0002148506e-03,2.6575175926e+00
47.050000,1.0023103965e-03,2.3994842425e+00
47.100000,9.9984314693e-04,2.6601942162e+00
47.150000,1.0015142684e-03,2.4278092910e+00
47.200000,1.0002966556e-03,2.6582063250e+00
47.250000,9.9937115455e-04,2.5480075421e+00
47.300000,9.9977808688e-04,2.6241868499e+00
47.350000,9.9874934044e-04,2.4177912741e+00
47.400000,9.9941726683e-04,2.4889581773e+00
47.450000,9.9956964802e-04,2.2846825331e+00
47.500000,9.9998760545e-04,2.5619279073e+00
47.550000,9.9991208647e-04,2.6103096388e+00
47.600000,9.9980173449e-04,2.5644582803e+00
47.650000,9.9991444078e-04,2.6607011293e+00
47.700000,9.9802863533e-04,2.5960140326e+00
47.750000,1.0022059130e-03,2.5368286338e+00
47.800000,1.0010009767e-03,2.5906416750e+00
47.850000,9.9986088751e-04,2.4527498345e+00
47.900000,9.9947855465e-04,2.6379165816e+00
47.950000,1.0003924698e-03,2.5564894560e+00
48.000000,1.0006151552e-03,2.5641702460e+00
48.050000,9.9940019272e-04,2.5051230158e+00
48.100000,1.0010654851e-03,2.4497779711e+00
48.150000,1.0001583717e-03,2.4033215197e+00
48.200000,1.0006845909e-03,2.4880422278e+00
48.250000,9.9777729895e-04,2.6129715733e+00
48.300000,1.0002292740e-03,2.3012247164e+00
48.350000,1.0003659740e-03,2.5386546897e+00
48.400000,9.9856790490e-04,2.9704875479e+00
48.450000,1.0006789295e-03,2.5531907816e+00
48.500000,9.9829784080e-04,2.5078069997e+00
48.550000,9.9997832310e-04,2.5768723590e+00
48.600000,9.9908309681e-04,2.5116886839e+00
48.650000,9.9962918649e-04,2.5428767970e+00
48.700000,9.9979601854e-04,2.5502938327e+00
48.750000,1.0002596120e-03,2.4070507717e+00
48.800000,1.0000143346e-03,2.6820461327e+00
48.850000,1.0009261803e-03,2.5588751791e+00
48.900000,9.9958149756e-04,2.6720852919e+00
48.950000,9.9810768129e-04,2.5535793899e+00
49.000000,9.9941637446e-04,2.6663121565e+00
49.050000,1.0004174328e-03,2.5401401016e+00
49.100000,1.0000767006e-03,2.9150265216e+00
49.150000,1.0007743824e-03,2.6782578041e+00
49.200000,9.9888492278e-04,2.7007839519e+00
49.250000,1.0002765384e-03,2.5276306514e+00
49.300000,9.9958158058e-04,2.3428574797e+00
49.350000,1.0008994623e-03,2.4962131764e+00
49.400000,1.0007685104e-03,2.6004115640e+00
49.450000,1.0019566821e-03,2.5532600026e+00
49.500000,9.9821178040e-04,2.4649829284e+00
49.550000,9.9971629202e-04,2.4422851117e+00
49.600000,9.9908433222e-04,2.3815911634e+00
49.650000,1.0021497491e-03,2.4778877565e+00
49.700000,9.9985573787e-04,2.6126817337e+00
49.750000,9.9933076639e-04,2.6165902817e+00
49.800000,1.0003151021e-03,2.6132728903e+00
49.850000,9.9945824047e-04,2.5091169769e+00
49.900000,9.9825811619e-04,2.5558887274e+00
49.950000,1.0009061525e-03,2.5300661697e+00
50.000000,9.9887456070e-04,2.5843046990e+00
50.050000,1.0008126715e-03,2.5664575730e+00
50.100000,1.0009009764e-03,2.6065652353e+00
50.150000,1.0012327824e-03,2.5133002948e+00
50.200000,9.9800724339e-04,2.5190429090e+00
50.250000,9.9903007840e-04,2.7016549234e+00
50.300000,9.9869716120e-04,2.6875549629e+00
50.350000,1.0011491052e-03,2.2636280506e+00
50.400000,9.9989718565e-04,2.5686921882e+00
50.450000,1.0002986528e-03,2.5677721213e+00
50.500000,1.0009835612e-03,2.6273395879e+00
50.550000,9.9923878126e-04,2.2559684962e+00
50.600000,9.9954034726e-04,2.3100481089e+00
50.650000,9.9809961631e-04,2.4648402385e+00
50.700000,9.9935926811e-04,2.5297842175e+00
50.750000,1.0012095851e-03,2.3742435426e+00
50.800000,9.9992006006e-04,2.6549031957e+00
50.850000,1.0014386264e-03,2.6418433953e+00
50.900000,1.0008298793e-03,2.5951337969e+00
50.950000,9.9955896037e-04,2.6176989272e+00
51.000000,9.9919879041e-04,2.3698738718e+00
51.050000,9.9924671236e-04,2.4950418379e+00
51.100000,9.9984941956e-04,2.2236674193e+00
51.150000,9.9928962087e-04,2.6342069770e+00
51.200000,1.0001342157e-03,2.6551434126e+00
51.250000,1.0004428319e-03,2.5621395601e+00
51.300000,9.9859944187e-04,2.3883807700e+00
51.350000,1.0005310720e-03,2.5171453891e+00
51.400000,9.9888345548e-04,2.6320105788e+00
51.450000,1.0009415628e-03,2.3601149207e+00
51.500000,9.9961141030e-04,2.5409526448e+00
51.550000,1.0009033501e-03,2.6019704653e+00
51.600000,9.9846509703e-04,2.4185569745e+00
51.650000,1.0003033791e-03,2.4440340654e+00
51.700000,9.9900410396e-04,2.6613458397e+00
51.750000,9.9853464187e-04,2.6084684407e+00
51.800000,9.9983342576e-04,2.6908369691e+00
51.850000,9.9964880414e-04,2.5483366492e+00
51.900000,9.9776056410e-04,2.3953738105e+00
51.950000,9.9940736509e-04,2.5094242979e+00
52.000000,9.9871150471e-04,2.4386030661e+00
52.050000,9.9980591636e-04,2.4844542179e+00
52.100000,1.0010822412e-03,2.5763904238e+00
52.150000,9.9981976724e-04,2.7036119695e+00
52.200000,1.0008632775e-03,2.5370707276e+00
52.250000,1.0001643200e-03,2.7495484381e+00
52.300000,9.9989121038e-04,2.3557252410e+00
52.350000,1.0004894126e-03,2.4952985393e+00
52.400000,1.0015166032e-03,2.5227546372e+00
52.450000,1.0006681849e-03,2.2568264710e+00
52.500000,1.0016920410e-03,2.3185239237e+00
52.550000,9.9955542686e-04,2.4781290958e+00
52.600000,9.9959773959e-04,2.5335666105e+00
52.650000,9.9834517374e-04,2.5734134232e+00
52.700000,1.0004571614e-03,2.5297503686e+00
52.750000,9.9904289396e-04,2.4824636776e+00
52.800000,1.0002021500e-03,2.3505995733e+00
52.850000,9.9936766025e-04,2.5256534467e+00
52.900000,9.9986095015e-04,2.7190210074e+00
52.950000,9.9959145129e-04,2.5752512702e+00
53.000000,9.9827552812e-04,2.4345479653e+00
53.050000,1.0003404999e-03,2.5373873337e+00
53.100000,1.0003178217e-03,2.5734769552e+00
53.150000,9.9993187234e-04,2.6761294850e+00
53.200000,1.0000793118e-03,2.4530344586e+00
53.250000,9.9829303985e-04,2.5828768393e+00
53.300000,1.0010414755e-03,2.5903184926e+00
53.350000,9.9915664976e-04,2.4835129132e+00
53.400000,9.9992315289e-04,2.5089533367e+00
53.450000,1.0012323094e-03,2.4690493070e+00
53.500000,9.9911234519e-04,2.5290849501e+00
53.550000,9.9962312979e-04,2.5538619326e+00
53.600000,1.0009087193e-03,2.3708271394e+00
53.650000,9.9966726648e-04,2.5033337540e+00
53.700000,9.9946825094e-04,2.7099499670e+00
53.750000,1.0000086510e-03,2.5200534541e+00
53.800000,9.9905692678e-04,2.2900325335e+00
53.850000,1.0020466623e-03,2.7013164480e+00
53.900000,1.0017055111e-03,2.4927658456e+00
53.950000,9.9989745194e-04,2.5425572550e+00
54.000000,9.9952949464e-04,2.5874056416e+00
54.050000,1.0012311222e-03,2.4722477590e+00
54.100000,9.9936748699e-04,2.3953332749e+00
54.150000,1.0001177356e-03,2.4311158587e+00
54.200000,1.0012127211e-03,2.5547492581e+00
54.250000,1.0010911396e-03,2.5202441258e+00
54.300000,1.0002135639e-03,2.4862724836e+00
54.350000,9.9921297723e-04,2.7867499272e+00
54.400000,1.0012345885e-03,2.5528959065e+00
54.450000,1.0003618537e-03,2.6414882074e+00
54.500000,1.0003682618e-03,2.7850415171e+00
54.550000,1.0011919867e-03,2.5395989413e+00
54.600000,1.0007289331e-03,2.4732602638e+00
54.650000,1.0022352270e-03,2.4912291575e+00
54.700000,1.0004211701e-03,2.5383939494e+00
54.750000,9.9957117184e-04,2.7460808055e+00
54.800000,9.9838431422e-04,2.6559265895e+00
54.850000,1.0011196459e-03,2.4982087286e+00
54.900000,9.9826903803e-04,2.4535962291e+00
54.950000,9.9882881449e-04,2.6174663952e+00
55.000000,9.9889912426e-04,2.7492367847e+00
55.050000,1.0003642572e-03,2.4520140257e+00
55.100000,9.9865487627e-04,2.7228463539e+00
55.150000,9.9962236759e-04,2.5651708770e+00
55.200000,9.9968065512e-04,2.5273607428e+00
55.250000,9.9870133878e-04,2.4950631098e+00
55.300000,1.0003036029e-03,2.4425071695e+00
55.350000,9.9883132082e-04,2.4684798768e+00
55.400000,9.9889640760e-04,2.6798525995e+00
55.450000,9.9924847835e-04,2.3519050468e+00
55.500000,1.0022975036e-03,2.4721695969e+00
55.550000,9.9799645004e-04,2.5205109582e+00
55.600000,1.0001970734e-03,2.3838070864e+00
55.650000,9.9994835666e-04,2.4653512833e+00
55.700000,1.0018455140e-03,2.3496566230e+00
55.750000,1.0015556503e-03,2.6023402582e+00
55.800000,1.0006166150e-03,2.6043940398e+00
55.850000,9.9942325495e-04,2.3532954956e+00
55.900000,1.0003521873e-03,2.6984376551e+00
55.950000,1.0000543668e-03,2.3983517892e+00
56.000000,9.9975987014e-04,2.2862758660e+00
56.050000,1.0002271464e-03,2.3020778160e+00
56.100000,1.0008495562e-03,2.5778695271e+00
56.150000,9.9839395224e-04,2.2288180264e+00
56.200000,1.0000391304e-03,2.5074615935e+00
56.250000,1.0002330872e-03,2.5488379377e+00
56.300000,9.9816019309e-04,2.6412577046e+00
56.350000,9.9955881014e-04,2.4772982087e+00
56.400000,9.9908254170e-04,2.6631562982e+00
56.450000,9.9914450539e-04,2.4678017321e+00
56.500000,1.0009510153e-03,2.6321044584e+00
56.550000,9.9975183539e-04,2.3969042636e+00
56.600000,9.9998467159e-04,2.5556239315e+00
56.650000,9.9987242229e-04,2.4790667141e+00
56.700000,9.9950221402e-04,2.5405348941e+00
56.750000,9.9900314921e-04,2.7929303219e+00
56.800000,1.0007644528e-03,2.5182777061e+00
56.850000,1.0016971390e-03,2.5245081402e+00
56.900000,9.9862916921e-04,2.5349339519e+00
56.950000,1.0001568037e-03,2.5599834885e+00
57.000000,1.0001623600e-03,2.2446226488e+00
57.050000,9.9867708886e-04,2.6108408696e+00
57.100000,1.0000493426e-03,2.3498978811e+00
57.150000,9.9907496561e-04,2.2678820238e+00
57.200000,1.0013813020e-03,2.5312853337e+00
57.250000,9.9923440254e-04,2.3640431264e+00
57.300000,1.0020075715e-03,2.5470888500e+00
57.350000,1.0002323351e-03,2.6554910324e+00
57.400000,9.9872523919e-04,2.5202805686e+00
57.450000,1.0018367414e-03,2.3923535254e+00
57.500000,9.9889207315e-04,2.5303401797e+00
57.550000,1.0010749581e-03,2.7722176862e+00
57.600000,9.9759912656e-04,2.5258945005e+00
57.650000,1.0002990137e-03,2.7384513209e+00
57.700000,1.0000521772e-03,2.7004565850e+00
57.750000,9.9863869203e-04,2.3692043891e+00
57.800000,1.0000067361e-03,2.6298543057e+00
57.850000,1.0020031717e-03,2.3523735919e+00
57.900000,9.9987083973e-04,2.5879246986e+00
57.950000,9.9928676198e-04,2.5880930871e+00
58.000000,9.9987149735e-04,2.4947694000e+00
58.050000,9.9972190982e-04,2.3202835424e+00
58.100000,9.9800205042e-04,2.4717213064e+00
58.150000,9.9994393643e-04,2.4759263066e+00
58.200000,1.0000482943e-03,2.5766818329e+00
58.250000,1.0002902906e-03,2.5086482065e+00
58.300000,1.0010419822e-03,2.5810800744e+00
58.350000,1.0000568748e-03,2.4773023950e+00
58.400000,1.0007083654e-03,2.3148607037e+00
58.450000,1.0014805871e-03,2.5120628377e+00
58.500000,9.9937343094e-04,2.6916820117e+00
58.550000,9.9931796964e-04,2.4087768469e+00
58.600000,9.9957730294e-04,2.3874562002e+00
58.650000,9.9885868695e-04,2.2741197911e+00
58.700000,9.9979873059e-04,2.7487813038e+00
58.750000,9.9977676093e-04,2.3831024832e+00
58.800000,9.9985344209e-04,2.6492795972e+00
58.850000,9.9998183243e-04,2.5361406994e+00
58.900000,1.0002865675e-03,2.5000229844e+00
58.950000,9.9754411524e-04,2.5255923366e+00
59.000000,1.0004240232e-03,2.7497626289e+00
59.050000,9.9910171922e-04,2.7302746506e+00
59.100000,9.9960859250e-04,2.5808648450e+00
59.150000,1.0000703936e-03,2.4628608435e+00
59.200000,1.0010417818e-03,2.7000272666e+00
59.250000,1.0027746623e-03,2.6036898157e+00
59.300000,1.0008880799e-03,2.5312025541e+00
59.350000,9.9911271142e-04,2.5816642171e+00
59.400000,1.0000270755e-03,2.4218709873e+00
59.450000,9.9919211717e-04,2.6097165756e+00
59.500000,9.9862679137e-04,2.4833356723e+00
59.550000,1.0006380483e-03,2.4881778130e+00
59.600000,1.0015306291e-03,2.3722153318e+00
59.650000,1.0001373529e-03,2.5299688668e+00
59.700000,1.0017055310e-03,2.5703702255e+00
59.750000,9.9820701208e-04,2.3325351176e+00
59.800000,9.9952215964e-04,2.5569138740e+00
59.850000,1.0002137675e-03,2.5727782233e+00
59.900000,1.0007276262e-03,2.6808413793e+00
59.950000,9.9781936321e-04,2.6597946311e+00
60.000000,1.0008019765e-03,2.4435203815e+00
60.050000,9.9995225019e-04,2.6709923091e+00
60.100000,1.0001353339e-03,2.5817117696e+00
60.150000,1.0001212729e-03,2.4908831856e+00
60.200000,9.9924601191e-04,2.4210798433e+00
60.250000,9.9986897063e-04,2.6300848036e+00
60.300000,1.0001967660e-03,2.6211695196e+00
60.350000,9.9826099965e-04,2.4598738352e+00
60.400000,9.9953138465e-04,2.5580957096e+00
60.450000,9.9968333876e-04,2.4664134318e+00
60.500000,9.9899113075e-04,2.4207989598e+00
60.550000,1.0007552392e-03,2.4027372070e+00
60.600000,9.9917291810e-04,2.5957854335e+00
60.650000,1.0001239871e-03,2.5565932067e+00
60.700000,9.9939909060e-04,2.5644684265e+00
60.750000,1.0006138502e-03,2.5467321120e+00
60.800000,9.9956969225e-04,2.5252452410e+00
60.850000,9.9873202500e-04,2.6330157509e+00
60.900000,9.9911478688e-04,2.3132092463e+00
60.950000,1.0018365653e-03,2.6184447940e+00
61.000000,9.9958721941e-04,2.3749675138e+00
61.050000,1.0003214905e-03,2.4919905003e+00
61.100000,1.0014027890e-03,2.5315622718e+00
61.150000,9.9984836874e-04,2.5197743593e+00
61.200000,1.0003278391e-03,2.5731684480e+00
61.250000,1.0011759949e-03,2.4064082259e+00
61.300000,9.9996643252e-04,2.7257281784e+00
61.350000,9.9759648894e-04,2.6524407206e+00
61.400000,9.9824540197e-04,2.5818744311e+00
61.450000,1.0002453824e-03,2.6061938912e+00
61.500000,1.0006399309e-03,2.4677190910e+00
61.550000,9.9962746577e-04,2.2986888722e+00
61.600000,9.9900046578e-04,2.3249024110e+00
61.650000,1.0010977745e-03,2.5757620013e+00
61.700000,9.9987995762e-04,2.1905597817e+00
61.750000,9.9916310926e-04,2.7100390177e+00
61.800000,9.9914798851e-04,2.5697146976e+00
61.850000,1.0016308672e-03,2.3987423768e+00
61.900000,1.0007701346e-03,2.4479411514e+00
61.950000,1.0017473064e-03,2.3169689485e+00
62.000000,9.9957799204e-04,2.5012670450e+00
62.050000,1.0011869035e-03,2.5632938316e+00
62.100000,9.9906423470e-04,2.6661390093e+00
62.150000,9.9919452130e-04,2.3563610096e+00
62.200000,1.0004952024e-03,2.6489062345e+00
62.250000,1.0006003549e-03,2.5435817064e+00
62.300000,1.0005886334e-03,2.5051389966e+00
62.350000,9.9965127822e-04,2.5197920231e+00
62.400000,9.9972869362e-04,2.5616186751e+00
62.450000,1.0022131468e-03,2.7450871665e+00
62.500000,1.0003313496e-03,2.7010613198e+00
62.550000,1.0011460676e-03,2.6186889300e+00
62.600000,9.9851207855e-04,2.4235987951e+00
62.650000,1.0004487117e-03,2.4878069243e+00
62.700000,9.9943494222e-04,2.6276925230e+00
62.750000,9.9868656166e-04,2.5625345043e+00
62.800000,1.0007472104e-03,2.4179316504e+00
62.850000,9.9873323192e-04,2.7449567203e+00
62.900000,9.9973207806e-04,2.8132222860e+00
62.950000,1.0010288831e-03,2.5829017221e+00
63.000000,1.0003048425e-03,2.4727497655e+00
63.050000,1.0004220884e-03,2.5176369160e+00
63.100000,9.9816633880e-04,2.3905213738e+00
63.150000,9.9943414277e-04,2.3696041987e+00
63.200000,1.0000093256e-03,2.5591291373e+00
63.250000,9.9982775395e-04,2.4879408734e+00
63.300000,9.9835390785e-04,2.6323743257e+00
63.350000,9.9782358467e-04,2.8798245253e+00
63.400000,1.0011813599e-03,2.5771721191e+00
63.450000,9.9875942980e-04,2.5190647504e+00
63.500000,1.0000942118e-03,2.5401224557e+00
63.550000,1.0004031916e-03,2.5749942742e+00
63.600000,9.9887443624e-04,2.7034373965e+00
63.650000,1.0007433208e-03,2.5440988719e+00
63.700000,9.9905957625e-04,2.6285611155e+00
63.750000,1.0007965605e-03,2.3931256693e+00
63.800000,9.9952566380e-04,2.4049572031e+00
63.850000,9.9899062810e-04,2.4989823886e+00
63.900000,1.0015622047e-03,2.6383007711e+00
63.950000,9.9808028286e-04,2.4091216449e+00
64.000000,1.0007185205e-03,2.6847920926e+00
64.050000,1.0011147528e-03,2.4089737739e+00
64.100000,1.0002899023e-03,2.5473880886e+00
64.150000,9.9992157953e-04,2.5198171181e+00
64.200000,9.9825215611e-04,2.7222243053e+00
64.250000,9.9915502041e-04,2.4067666440e+00
64.300000,1.0003053916e-03,2.4172169342e+00
64.350000,1.0002365704e-03,2.4913493563e+00
64.400000,9.9877278418e-04,2.6167977103e+00
64.450000,1.0014930849e-03,2.6117633340e+00
64.500000,9.9829156723e-04,2.3725884085e+00
64.550000,9.9970198001e-04,2.4265837404e+00
64.600000,1.0012183649e-03,2.3667743890e+00
64.650000,9.9728191620e-04,2.7393118304e+00
64.700000,1.0008819151e-03,2.5788850154e+00
64.750000,9.9856511611e-04,2.6062202221e+00
64.800000,9.9892915311e-04,2.2570822713e+00
64.850000,1.0008898506e-03,2.5539648532e+00
64.900000,1.0010705779e-03,2.4961238880e+00
64.950000,1.0013180487e-03,2.6464653422e+00
65.000000,1.0005328610e-03,2.3244189821e+00
65.050000,9.9925789634e-04,2.7035417797e+00
65.100000,9.9974001938e-04,2.6137783137e+00
65.150000,1.0007420392e-03,2.6071689236e+00
65.200000,1.0007239596e-03,2.3809660542e+00
65.250000,9.9984242752e-04,2.7784283518e+00
65.300000,1.0021265124e-03,2.5672940311e+00
65.350000,1.0008340811e-03,2.5746931901e+00
65.400000,9.9867010517e-04,2.5400939816e+00
65.450000,1.0008341414e-03,2.5003890276e+00
65.500000,9.9996878310e-04,2.5574550264e+00
65.550000,1.0008544727e-03,2.5581697676e+00
65.600000,9.9952764001e-04,2.6741654186e+00
65.650000,9.9903681194e-04,2.6056814505e+00
65.700000,1.0006007665e-03,2.4477280181e+00
65.750000,9.9989851174e-04,2.5619556984e+00
65.800000,9.9841475262e-04,2.6593061541e+00
65.850000,9.9880815775e-04,2.4576008001e+00
65.900000,1.0005667093e-03,2.5264768172e+00
65.950000,1.0004421619e-03,2.6781551010e+00
66.000000,9.9987611757e-04,2.5925552041e+00
66.050000,9.9990991057e-04,2.4742037516e+00
66.100000,9.9848844100e-04,2.6119817757e+00
66.150000,1.0010940669e-03,2.6574768059e+00
66.200000,1.0000052881e-03,2.6244736510e+00
66.250000,9.9950007089e-04,2.5604173097e+00
66.300000,9.9933527574e-04,2.7726161768e+00
66.350000,9.9840900014e-04,2.3645048418e+00
66.400000,1.0014684833e-03,2.5788317043e+00
66.450000,9.9971552655e-04,2.6166220016e+00
66.500000,9.9924158243e-04,2.4224925804e+00
66.550000,9.9943398553e-04,2.4396115716e+00
66.600000,9.9860724880e-04,2.4459296299e+00
66.650000,9.9858499128e-04,2.5512549606e+00
66.700000,9.9838268524e-04,2.5204210404e+00
66.750000,9.9921104442e-04,2.5987624288e+00
66.800000,1.0007597776e-03,2.6871267916e+00
66.850000,9.9996107576e-04,2.4556306826e+00
66.900000,9.9937090757e-04,2.5440272482e+00
66.950000,9.9970191783e-04,2.5819038897e+00
67.000000,9.9975926734e-04,2.2813207917e+00
67.050000,1.0012288721e-03,2.5002531641e+00
67.100000,9.9901908767e-04,2.3119143386e+00
67.150000,9.9890328612e-04,2.4231969114e+00
67.200000,9.9852045984e-04,2.4027958266e+00
67.250000,1.0000064280e-03,2.6561178165e+00
67.300000,1.0014425580e-03,2.4427003944e+00
67.350000,1.0002980753e-03,2.4365644683e+00
67.400000,1.0018685179e-03,2.6103905429e+00
67.450000,9.9901718205e-04,2.4989759808e+00
67.500000,1.0000394087e-03,2.3452496299e+00
67.550000,1.0003782924e-03,2.6536430165e+00
67.600000,1.0001030603e-03,2.6391021507e+00
67.650000,9.9959319671e-04,2.4748986718e+00
67.700000,9.9862163941e-04,2.3087599158e+00
67.750000,1.0010574589e-03,2.4273595178e+00
67.800000,9.9905427732e-04,2.3982028649e+00
67.850000,9.9985040119e-04,2.7130552525e+00
67.900000,1.0015788873e-03,2.4233036826e+00
67.950000,1.0009627153e-03,2.6093566616e+00
68.000000,9.9920784991e-04,2.6685122536e+00
68.050000,9.9993161958e-04,2.5513780702e+00
68.100000,1.0020755022e-03,2.5540278862e+00
68.150000,1.0013444568e-03,2.6736446029e+00
68.200000,1.0014609193e-03,2.6132161964e+00
68.250000,1.0011969746e-03,2.3211131251e+00
68.300000,9.9817065387e-04,2.6428102428e+00
68.350000,9.9990493461e-04,2.2365476214e+00
68.400000,1.0007163535e-03,2.4274982498e+00
68.450000,1.0004027433e-03,2.6122350257e+00
68.500000,9.9858197502e-04,2.2793850696e+00
68.550000,1.0009411612e-03,2.6413614656e+00
68.600000,9.9947354301e-04,2.7851488300e+00
68.650000,1.0004589521e-03,2.4842689696e+00
68.700000,1.0005830794e-03,2.2815283690e+00
68.750000,1.0006453032e-03,2.7154976091e+00
68.800000,1.0007603668e-03,2.3884167349e+00
68.850000,9.9939432096e-04,2.3492268439e+00
68.900000,1.0005128947e-03,2.3641544931e+00
68.950000,9.9872081920e-04,2.4372624952e+00
69.000000,1.0014073740e-03,2.4194923428e+00
69.050000,1.0019239874e-03,2.7445027192e+00
69.100000,1.0009200030e-03,2.3852014230e+00
69.150000,1.0003178977e-03,2.2905228709e+00
69.200000,9.9972218641e-04,2.3022264993e+00
69.250000,1.0005612061e-03,2.4444828803e+00
69.300000,1.0001615942e-03,2.7109830934e+00
69.350000,9.9967055188e-04,2.3260235694e+00
69.400000,9.9860492964e-04,2.4752442407e+00
69.450000,1.0014722435e-03,2.5919932455e+00
69.500000,1.0010868125e-03,2.4620146816e+00
69.550000,9.9986744605e-04,2.4673715218e+00
69.600000,9.9911806131e-04,2.4518094611e+00
69.650000,9.9992326516e-04,2.5449163559e+00
69.700000,1.0005682651e-03,2.4071482058e+00
69.750000,1.0005163133e-03,2.6824874704e+00
69.800000,1.0005165261e-03,2.2772335912e+00
69.850000,9.9914040295e-04,2.6204855445e+00
69.900000,9.9941316089e-04,2.6360759600e+00
69.950000,1.0003947075e-03,2.5072586624e+00
70.000000,1.0007096714e-03,2.4636115609e+00
70.050000,9.9914142394e-04,2.6583624364e+00
70.100000,1.0017148158e-03,2.3822025578e+00
70.150000,9.9789694717e-04,2.4744918625e+00
70.200000,1.0015265088e-03,2.3934635643e+00
70.250000,9.9976893151e-04,2.5375534825e+00
70.300000,9.9957930449e-04,2.3894617801e+00
70.350000,1.0002209490e-03,2.4230699058e+00
70.400000,1.0007690587e-03,2.5888639863e+00
70.450000,9.9987374499e-04,2.5015918257e+00
70.500000,1.0006046081e-03,2.5356225710e+00
70.550000,9.9984756037e-04,2.7072112748e+00
70.600000,9.9813332229e-04,2.2570506456e+00
70.650000,9.9913491675e-04,2.4341450352e+00
70.700000,9.9867748462e-04,2.5087918659e+00
70.750000,1.0018793217e-03,2.6835145130e+00
70.800000,9.9946920497e-04,2.3712376302e+00
70.850000,1.0003026149e-03,2.4917072093e+00
70.900000,9.9865270090e-04,2.5744801794e+00
70.950000,1.0006301476e-03,2.3714135216e+00
71.000000,9.9997017860e-04,2.4509492574e+00
71.050000,9.9954844439e-04,2.5077084534e+00
71.100000,1.0015008042e-03,2.4410832525e+00
71.150000,9.9931760950e-04,2.5803662781e+00
71.200000,9.9854028210e-04,2.6200224004e+00
71.250000,1.0000225179e-03,2.4574194197e+00
71.300000,1.0014432966e-03,2.5925626584e+00
71.350000,1.0002306290e-03,2.5663202668e+00
71.400000,9.9951032783e-04,2.5097488069e+00
71.450000,1.0012775532e-03,2.4177540648e+00
71.500000,1.0011931791e-03,2.7140155932e+00
71.550000,9.9990175269e-04,2.3725821231e+00
71.600000,1.0005103021e-03,2.5420821908e+00
71.650000,1.0001770235e-03,2.6165532158e+00
71.700000,9.9841980463e-04,2.1933304320e+00
71.750000,1.0000894422e-03,2.4270798620e+00
71.800000,1.0005605068e-03,2.2733174617e+00
71.850000,1.0007270771e-03,2.4850052454e+00
71.900000,1.0004720235e-03,2.5895242028e+00
71.950000,9.9915435855e-04,2.4229419334e+00
72.000000,9.9766999160e-04,2.5185566856e+00
72.050000,1.0002481582e-03,2.6005699729e+00
72.100000,9.9983831654e-04,2.4190233304e+00
72.150000,9.9851801563e-04,2.4748260507e+00
72.200000,9.9693842918e-04,2.3797212116e+00
72.250000,9.9926613239e-04,2.5753095849e+00
72.300000,1.0022868688e-03,2.4771620047e+00
72.350000,9.9968615942e-04,2.6946906159e+00
72.400000,9.9926269427e-04,2.6664452979e+00
72.450000,9.9959204828e-04,2.3456536624e+00
72.500000,9.9706431446e-04,2.5363375315e+00
72.550000,1.0013627586e-03,2.5398768181e+00
72.600000,1.0002452420e-03,2.5332260766e+00
72.650000,9.9971874869e-04,2.5595527612e+00
72.700000,1.0015563817e-03,2.4855968555e+00
72.750000,9.9938651326e-04,2.6339476069e+00
72.800000,9.9966579456e-04,2.5961483964e+00
72.850000,1.0017750291e-03,2.5656432308e+00
72.900000,9.9913957731e-04,2.4439254794e+00
72.950000,1.0006747218e-03,2.6583482351e+00
73.000000,9.9952386288e-04,2.3386231977e+00
73.050000,9.9897962567e-04,2.6417840738e+00
73.100000,9.9762507873e-04,2.5909924190e+00
73.150000,1.0006274176e-03,2.4089907907e+00
73.200000,9.9976779326e-04,2.5708263892e+00
73.250000,1.0011151397e-03,2.8103216017e+00
73.300000,1.0016035519e-03,2.5202665671e+00
73.350000,9.9982790455e-04,2.4397559948e+00
73.400000,1.0011319380e-03,2.5392447584e+00
73.450000,1.0014938838e-03,2.5898265931e+00
73.500000,1.0005834560e-03,2.7374020448e+00
73.550000,1.0007142120e-03,2.4926332253e+00
73.600000,1.0005487272e-03,2.6382189217e+00
73.650000,9.9965859033e-04,2.5423210243e+00
73.700000,9.9850570091e-04,2.6706707159e+00
73.750000,9.9981890488e-04,2.5692567976e+00
73.800000,1.0006010001e-03,2.3916234247e+00
73.850000,9.9891057121e-04,2.6093386292e+00
73.900000,9.9917479158e-04,2.6582326619e+00
73.950000,9.9918667534e-04,2.4922207890e+00
74.000000,1.0009862951e-03,2.2548523132e+00
74.050000,1.0003573340e-03,2.4012872027e+00
74.100000,9.9917875590e-04,2.5207439121e+00
74.150000,9.9817681260e-04,2.6038051104e+00
74.200000,9.9952987764e-04,2.4522700755e+00
74.250000,1.0014019634e-03,2.6426993153e+00
74.300000,9.9862923924e-04,2.4514015350e+00
74.350000,9.9910285498e-04,2.3448111414e+00
74.400000,9.9966050891e-04,2.5711877865e+00
74.450000,9.9936222507e-04,2.4310388199e+00
74.500000,9.9924697545e-04,2.6809372123e+00
74.550000,9.9861450028e-04,2.6530918351e+00
74.600000,1.0025507453e-03,2.4656211781e+00
74.650000,9.9991611036e-04,2.4378237877e+00
74.700000,9.9918163823e-04,2.5434086158e+00
74.750000,9.9993952079e-04,2.6586265389e+00
74.800000,9.9951780252e-04,2.5325948342e+00
74.850000,1.0007098495e-03,2.4999140576e+00
74.900000,1.0005672980e-03,2.6513037780e+00
74.950000,9.9990587045e-04,2.5997527105e+00
75.000000,1.0009261426e-03,2.4321615393e+00
75.050000,1.0004496806e-03,2.4341213078e+00
75.100000,1.0011386429e-03,2.2414675552e+00
75.150000,1.0000229175e-03,2.4849232916e+00
75.200000,1.0005511695e-03,2.4676980864e+00
75.250000,1.0004655706e-03,2.5745866840e+00
75.300000,9.9949524002e-04,2.4291731913e+00
75.350000,9.9898200285e-04,2.4613602491e+00
75.400000,9.9829748189e-04,2.4651917627e+00
75.450000,9.9919088720e-04,2.4483179852e+00
75.500000,9.9981343929e-04,2.4760538716e+00
75.550000,9.9936700456e-04,2.4398730672e+00
75.600000,9.9906791065e-04,2.6607220246e+00
75.650000,1.0004011542e-03,2.4935693470e+00
75.700000,9.9944229006e-04,2.5618704877e+00
75.750000,9.9920084200e-04,2.5572581775e+00
75.800000,9.9810922127e-04,2.3814501946e+00
75.850000,1.0009642182e-03,2.2610207636e+00
75.900000,9.9867820816e-04,2.3665916541e+00
75.950000,9.9980252462e-04,2.4657836464e+00
76.000000,1.0020928604e-03,2.5099780090e+00
76.050000,9.9887995278e-04,2.3372531923e+00
76.100000,9.9928846893e-04,2.5887729486e+00
76.150000,1.0002884379e-03,2.4662729667e+00
76.200000,1.0012233175e-03,2.6103152582e+00
76.250000,9.9977327685e-04,2.3916683549e+00
76.300000,9.9802936821e-04,2.1485620982e+00
76.350000,1.0008278541e-03,2.5758479864e+00
76.400000,1.0012770869e-03,2.5651597751e+00
76.450000,1.0004654720e-03,2.7900175866e+00
76.500000,9.9913639938e-04,2.5185613596e+00
76.550000,1.0006375874e-03,2.5462143231e+00
76.600000,9.9966568957e-04,2.7252100866e+00
76.650000,1.0015299945e-03,2.1609507359e+00
76.700000,9.9926062950e-04,2.3251623620e+00
76.750000,1.0003456947e-03,2.2621994987e+00
76.800000,1.0002319357e-03,2.5484089449e+00
76.850000,1.0014445871e-03,2.4733937783e+00
76.900000,1.0007177452e-03,2.5710227437e+00
76.950000,9.9921762350e-04,2.3055704767e+00
77.000000,9.9971997931e-04,2.4105158303e+00
77.050000,1.0005924377e-03,2.4962524740e+00
77.100000,1.0007069300e-03,2.4765313988e+00
77.150000,9.9999990321e-04,2.4619193828e+00
77.200000,1.0007771142e-03,2.6302428228e+00
77.250000,9.9947797109e-04,2.4070207582e+00
77.300000,9.9820828690e-04,2.4370117028e+00
77.350000,9.9922432562e-04,2.4337443558e+00
77.400000,9.9976574692e-04,2.5753851285e+00
77.450000,9.9996798253e-04,2.3670253499e+00
77.500000,1.0001047960e-03,2.3653575959e+00
77.550000,1.0012193064e-03,2.3735879577e+00
77.600000,9.9903180686e-04,2.2880452534e+00
77.650000,1.0001496179e-03,2.4662985469e+00
77.700000,1.0013762724e-03,2.4108010616e+00
77.750000,9.9943277650e-04,2.2322971452e+00
77.800000,9.9911956272e-04,2.4214680945e+00
77.850000,1.0014428622e-03,2.4959360844e+00
77.900000,1.0003286335e-03,2.6879085053e+00
77.950000,9.9935498025e-04,2.4772897110e+00
78.000000,1.0010440378e-03,2.6602894129e+00
78.050000,1.0019919561e-03,2.5148468685e+00
78.100000,9.9904614989e-04,2.6572292211e+00
78.150000,9.9973853443e-04,2.3384025923e+00
78.200000,1.0010293816e-03,2.3188951768e+00
78.250000,9.9964844093e-04,2.4621841890e+00
78.300000,9.9864344252e-04,2.4512076477e+00
78.350000,9.9881061447e-04,2.4949100306e+00
78.400000,1.0005612651e-03,2.5475317497e+00
78.450000,1.0002404120e-03,2.3447645130e+00
78.500000,1.0010707236e-03,2.5181978470e+00
78.550000,1.0010387013e-03,2.4216570264e+00
78.600000,9.9949244817e-04,2.7389728528e+00
78.650000,9.9924855394e-04,2.4692623800e+00
78.700000,1.0003752769e-03,2.4359377995e+00
78.750000,9.9820196875e-04,2.7155279877e+00
78.800000,1.0001997902e-03,2.2951719987e+00
78.850000,1.0009608607e-03,2.7040858147e+00
78.900000,9.9862024492e-04,2.5423333061e+00
78.950000,1.0005921165e-03,2.4439173582e+00
79.000000,9.9852621192e-04,2.4464720328e+00
79.050000,9.9932044045e-04,2.5018806128e+00
79.100000,1.0007094620e-03,2.5384221311e+00
79.150000,9.9956856212e-04,2.4069919301e+00
79.200000,9.9963639866e-04,2.5457919917e+00
79.250000,1.0004802020e-03,2.5900892869e+00
79.300000,9.9944256569e-04,2.5013816293e+00
79.350000,1.0010767119e-03,2.6919369365e+00
79.400000,1.0005990750e-03,2.3833757428e+00
79.450000,1.0005796195e-03,2.5154937209e+00
79.500000,1.0007807885e-03,2.6235799830e+00
79.550000,9.9883826142e-04,2.5588854562e+00
79.600000,1.0004091997e-03,2.6888742654e+00
79.650000,9.9808047593e-04,2.6231748729e+00
79.700000,9.9966290318e-04,2.3669913607e+00
79.750000,1.0017090643e-03,2.6826007473e+00
79.800000,1.0013894188e-03,2.4329394849e+00
79.850000,1.0001220255e-03,2.6470443561e+00
79.900000,1.0000469277e-03,2.5126174156e+00
79.950000,9.9951797707e-04,2.6486745764e+00
80.000000,1.0013022380e-03,2.2080021519e+00
80.050000,1.0017465370e-03,2.5996243360e+00
80.100000,9.9831691933e-04,2.4892122516e+00
80.150000,9.9830105235e-04,2.7016228846e+00
80.200000,9.9944794213e-04,2.7078196063e+00
80.250000,9.9990168326e-04,2.6834687221e+00
80.300000,9.9949718306e-04,2.4936746363e+00
80.350000,1.0003145369e-03,2.5192864090e+00
80.400000,1.0003420127e-03,2.4066393787e+00
80.450000,1.0001028678e-03,2.5048733805e+00
80.500000,9.9954877954e-04,2.5273461279e+00
80.550000,1.0010225267e-03,2.5810033913e+00
80.600000,9.9825732262e-04,2.6876223915e+00
80.650000,9.9912554986e-04,2.4052071561e+00
80.700000,9.9871131814e-04,2.5382089862e+00
80.750000,1.0010324967e-03,2.5944796114e+00
80.800000,9.9964966818e-04,2.4956769653e+00
80.850000,9.9914530663e-04,2.3033137319e+00
80.900000,9.9814368655e-04,2.4568428698e+00
80.950000,1.0008882986e-03,2.4377907384e+00
81.000000,1.0007580335e-03,2.3679839260e+00
81.050000,9.9835852329e-04,2.5370156408e+00
81.100000,9.9916229319e-04,2.4619719847e+00
81.150000,1.0011831864e-03,2.4786051833e+00
81.200000,1.0012647515e-03,2.5248823437e+00
81.250000,9.9948141107e-04,2.4987968766e+00
81.300000,9.9864913946e-04,2.5756089039e+00
81.350000,9.9977909956e-04,2.5753550087e+00
81.400000,1.0004918677e-03,2.5367233362e+00
81.450000,1.0000076049e-03,2.5598828590e+00
81.500000,1.0014300346e-03,2.6007382492e+00
81.550000,1.0023418378e-03,2.4655458458e+00
81.600000,9.9933204908e-04,2.6394851853e+00
81.650000,9.9913763652e-04,2.6743680576e+00
81.700000,9.9956184705e-04,2.4936586346e+00
81.750000,1.0008050304e-03,2.6793720192e+00
81.800000,1.0018520278e-03,2.5824782598e+00
81.850000,9.9759209197e-04,2.5721318517e+00
81.900000,1.0008214673e-03,2.7353644766e+00
81.950000,1.0021964423e-03,2.3498194847e+00
82.000000,9.9908561884e-04,2.6162972513e+00
82.050000,1.0010543049e-03,2.4289719600e+00
82.100000,9.9915198989e-04,2.5355629122e+00
82.150000,1.0005206396e-03,2.2373530718e+00
82.200000,1.0003000651e-03,2.6145097676e+00
82.250000,9.9899592142e-04,2.6574764590e+00
82.300000,9.9977322429e-04,2.3806531956e+00
82.350000,1.0002538319e-03,2.7053849093e+00
82.400000,9.9953345242e-04,2.4334741443e+00
82.450000,9.9958716766e-04,2.4870230423e+00
82.500000,1.0006537566e-03,2.3634553821e+00
82.550000,1.0016979167e-03,2.5563744600e+00
82.600000,1.0000477363e-03,2.4506520708e+00
82.650000,1.0023146210e-03,2.4722127093e+00
82.700000,1.0013540547e-03,2.5042993017e+00
82.750000,9.9977688644e-04,2.3576398020e+00
82.800000,1.0002149937e-03,2.5559636387e+00
82.850000,1.0001671795e-03,2.4540618203e+00
82.900000,9.9961512045e-04,2.6580391536e+00
82.950000,1.0005816961e-03,2.4801557077e+00
83.000000,1.0009827470e-03,2.5497026602e+00
83.050000,1.0022089584e-03,2.5401598628e+00
83.100000,9.9910751153e-04,2.6379227792e+00
83.150000,1.0009097979e-03,2.6651773495e+00
83.200000,9.9907886326e-04,2.4928185045e+00
83.250000,1.0027989363e-03,2.3620716880e+00
83.300000,9.9849892466e-04,2.4783490614e+00
83.350000,1.0006322071e-03,2.4338442558e+00
83.400000,9.9848958724e-04,2.5631366164e+00
83.450000,9.9991329518e-04,2.4459839775e+00
83.500000,1.0028509367e-03,2.5238515818e+00
83.550000,1.0001148833e-03,2.5079757252e+00
83.600000,1.0000699414e-03,2.5152575041e+00
83.650000,9.9930699807e-04,2.3626823996e+00
83.700000,1.0004307818e-03,2.6182565820e+00
83.750000,1.0012573290e-03,2.4222456075e+00
83.800000,9.9934272492e-04,2.2793940949e+00
83.850000,1.0001223405e-03,2.3864335105e+00
83.900000,9.9972165351e-04,2.4370317439e+00
83.950000,1.0018936934e-03,2.4296695192e+00
84.000000,1.0008303794e-03,2.5292098747e+00
84.050000,9.9926777808e-04,2.4126956369e+00
84.100000,9.9829882006e-04,2.5101664086e+00
84.150000,1.0002373446e-03,2.5976540906e+00
84.200000,9.9748774048e-04,2.3773197151e+00
84.250000,1.0002268233e-03,2.4056272227e+00
84.300000,1.0001217539e-03,2.6693413438e+00
84.350000,1.0006353056e-03,2.5482907606e+00
84.400000,9.9830102257e-04,2.6024656195e+00
84.450000,1.0009326278e-03,2.4742116204e+00
84.500000,9.9982743960e-04,2.4926737529e+00
84.550000,1.0006517298e-03,2.4794319554e+00
84.600000,9.9960807298e-04,2.3968489644e+00
84.650000,1.0007252151e-03,2.6330368123e+00
84.700000,9.9910448647e-04,2.3528041647e+00
84.750000,9.9953208286e-04,2.4137511030e+00
84.800000,9.9922647257e-04,2.3528943342e+00
84.850000,1.0003218338e-03,2.7252335731e+00
84.900000,9.9873936838e-04,2.3869371992e+00
84.950000,1.0019568346e-03,2.6415029845e+00
85.000000,9.9935380278e-04,2.3308803175e+00
85.050000,1.0004894433e-03,2.7503964596e+00
85.100000,9.9826745742e-04,2.8101798941e+00
85.150000,1.0030553788e-03,2.4941916771e+00
85.200000,1.0006327970e-03,2.6885120480e+00
85.250000,1.0003456679e-03,2.3407974063e+00
85.300000,1.0002712813e-03,2.4459353723e+00
85.350000,1.0006479008e-03,2.6600931807e+00
85.400000,9.9938674180e-04,2.5131070064e+00
85.450000,1.0014951290e-03,2.4422007753e+00
85.500000,1.0010798174e-03,2.5108513341e+00
85.550000,9.9988329275e-04,2.4313984386e+00
85.600000,9.9915316275e-04,2.4164331952e+00
85.650000,9.9829876401e-04,2.6179971921e+00
85.700000,9.9804283847e-04,2.2650079503e+00
85.750000,9.9920348320e-04,2.4287577491e+00
85.800000,1.0005747163e-03,2.5015621415e+00
85.850000,9.9920345876e-04,2.6150071374e+00
85.900000,1.0010008118e-03,2.5216725929e+00
85.950000,1.0003228615e-03,2.4481529096e+00
86.000000,1.0007836365e-03,2.2224508591e+00
86.050000,9.9859285356e-04,2.8619578071e+00
86.100000,9.9832686855e-04,2.4058698346e+00
86.150000,9.9926910176e-04,2.5871371688e+00
86.200000,9.9882210654e-04,2.3451472837e+00
86.250000,1.0008679217e-03,2.6158011548e+00
86.300000,9.9792976027e-04,2.3274332010e+00
86.350000,1.0000261177e-03,2.4290582854e+00
86.400000,9.9915290384e-04,2.5132025894e+00
86.450000,1.0009678313e-03,2.3493825121e+00
86.500000,1.0004544853e-03,2.6018636447e+00
86.550000,9.9995320177e-04,2.5095795838e+00
86.600000,9.9948968745e-04,2.6475198919e+00
86.650000,1.0014206885e-03,2.6148535425e+00
86.700000,9.9951554526e-04,2.4566213089e+00
86.750000,1.0003459128e-03,2.3605126564e+00
86.800000,9.9856643596e-04,2.4638185639e+00
86.850000,9.9927399510e-04,2.6404663785e+00
86.900000,1.0002031811e-03,2.3068900463e+00
86.950000,1.0004514176e-03,2.6412304919e+00
87.000000,9.9923437934e-04,2.3125807597e+00
87.050000,9.9836549532e-04,2.5781177273e+00
87.100000,1.0004801057e-03,2.5690784870e+00
87.150000,9.9996893206e-04,2.3978959942e+00
87.200000,1.0012839421e-03,2.3295418571e+00
87.250000,9.9977199453e-04,2.5041065270e+00
87.300000,9.9930612746e-04,2.5716715971e+00
87.350000,1.0013034869e-03,2.3487606668e+00
87.400000,1.0005446690e-03,2.5627651818e+00
87.450000,9.9935772713e-04,2.5391494964e+00
87.500000,9.9898415214e-04,2.3500839314e+00
87.550000,9.9940671655e-04,2.2737303878e+00
87.600000,1.0011536260e-03,2.5058164003e+00
87.650000,9.9957108156e-04,2.4642024814e+00
87.700000,9.9929206728e-04,2.3254921075e+00
87.750000,1.0014352832e-03,2.3961503639e+00
87.800000,9.9987510230e-04,2.7749308779e+00
87.850000,9.9991747007e-04,2.5881359664e+00
87.900000,1.0014500109e-03,2.5739975143e+00
87.950000,9.9955620534e-04,2.4098630414e+00
88.000000,9.9990616351e-04,2.5072971960e+00
88.050000,9.9996692585e-04,2.6476641218e+00
88.100000,1.0022446909e-03,2.3921410811e+00
88.150000,1.0006069429e-03,2.4326705500e+00
88.200000,1.0019242239e-03,2.4599550914e+00
88.250000,1.0006902205e-03,2.4428808579e+00
88.300000,1.0004592410e-03,2.5782064863e+00
88.350000,9.9969697454e-04,2.4125597907e+00
88.400000,1.0005014674e-03,2.5285472956e+00
88.450000,1.0009925213e-03,2.5433675835e+00
88.500000,9.9909644069e-04,2.5441925510e+00
88.550000,9.9934572567e-04,2.5367974000e+00
88.600000,1.0009995755e-03,2.3339340914e+00
88.650000,1.0006128467e-03,2.3453874199e+00
88.700000,9.9928257437e-04,2.2832703089e+00
88.750000,1.0000758672e-03,2.5318307763e+00
88.800000,9.9958434866e-04,2.5804159284e+00
88.850000,9.9982037890e-04,2.5717705453e+00
88.900000,1.0005337004e-03,2.7037616474e+00
88.950000,1.0007273758e-03,2.4803735007e+00
89.000000,1.0010856883e-03,2.6489043577e+00
89.050000,1.0013378928e-03,2.5351155335e+00
89.100000,1.0005543640e-03,2.6215180956e+00
89.150000,9.9981999400e-04,2.4235714372e+00
89.200000,9.9895448041e-04,2.5028112109e+00
89.250000,9.9899466978e-04,2.4100576917e+00
89.300000,1.0006709229e-03,2.3743568464e+00
89.350000,1.0002648132e-03,2.2422038585e+00
89.400000,9.9888074435e-04,2.6378456411e+00
89.450000,9.9953684135e-04,2.5593423994e+00
89.500000,1.0005910609e-03,2.8750537049e+00
89.550000,1.0002829070e-03,2.5236915897e+00
89.600000,1.0007090878e-03,2.5650420739e+00
89.650000,9.9970768755e-04,2.3874581093e+00
89.700000,9.9890214281e-04,2.6557157871e+00
89.750000,1.0015672583e-03,2.4351951673e+00
89.800000,1.0000225582e-03,2.7817939696e+00
89.850000,1.0008601603e-03,2.8237612746e+00
89.900000,1.0011358395e-03,2.2739646756e+00
89.950000,1.0001991979e-03,2.4286647029e+00
90.000000,1.0010848487e-03,2.3526482595e+00
90.050000,1.0004875420e-03,2.4143269109e+00
90.100000,9.9977892380e-04,2.3585461603e+00
90.150000,9.9899742401e-04,2.5643674139e+00
90.200000,1.0007423509e-03,2.6807915180e+00
90.250000,1.0002007187e-03,2.5331050123e+00
90.300000,9.9945384158e-04,2.6943659952e+00
90.350000,9.9976514839e-04,2.5802880025e+00
90.400000,1.0000870273e-03,2.6572813275e+00
90.450000,9.9925255523e-04,2.7127177786e+00
90.500000,9.9889805159e-04,2.4160016624e+00
90.550000,9.9860521157e-04,2.7335423780e+00
90.600000,9.9761072589e-04,2.4101645451e+00
90.650000,9.9946616819e-04,2.4004160555e+00
90.700000,9.9845279649e-04,2.6268432320e+00
90.750000,9.9982409225e-04,2.4067840291e+00
90.800000,1.0007352572e-03,2.3860343797e+00
90.850000,9.9917439274e-04,2.6194429566e+00
90.900000,1.0005977315e-03,2.4838182638e+00
90.950000,9.9986912861e-04,2.4452921526e+00
91.000000,9.9952213051e-04,2.4215887613e+00
91.050000,9.9939520284e-04,2.3990543944e+00
91.100000,1.0006041265e-03,2.5454727937e+00
91.150000,9.9972972807e-04,2.4964144208e+00
91.200000,9.9863050625e-04,2.4360163758e+00
91.250000,1.0000661455e-03,2.7822003778e+00
91.300000,1.0009393971e-03,2.5987111265e+00
91.350000,9.9990541153e-04,2.3570084208e+00
91.400000,1.0009598454e-03,2.5551587637e+00
91.450000,9.9774935613e-04,2.4289880156e+00
91.500000,9.9999930624e-04,2.4500233359e+00
91.550000,9.9983857696e-04,2.7566858762e+00
91.600000,9.9790844465e-04,2.6806020459e+00
91.650000,1.0012451232e-03,2.5536630830e+00
91.700000,9.9916748266e-04,2.6568257157e+00
91.750000,1.0010433987e-03,2.3326891232e+00
91.800000,9.9949473665e-04,2.6073754676e+00
91.850000,9.9932157622e-04,2.6167852472e+00
91.900000,1.0016972097e-03,2.4256612939e+00
91.950000,1.0011068192e-03,2.3048558250e+00
92.000000,1.0018873318e-03,2.5908800805e+00
92.050000,1.0000630143e-03,2.5521196388e+00
92.100000,9.9901514281e-04,2.5048070398e+00
92.150000,9.9778442267e-04,2.5240685730e+00
92.200000,1.0008058260e-03,2.5285634451e+00
92.250000,1.0009095683e-03,2.6307011841e+00
92.300000,9.9878920519e-04,2.7025536097e+00
92.350000,1.0018232065e-03,2.4588903825e+00
92.400000,9.9947303697e-04,2.6790532885e+00
92.450000,1.0013195503e-03,2.4582412360e+00
92.500000,1.0008956101e-03,2.4248000599e+00
92.550000,9.9985107753e-04,2.4827329575e+00
92.600000,9.9999100674e-04,2.5950963297e+00
92.650000,1.0009160802e-03,2.5775498016e+00
92.700000,1.0013466051e-03,2.5103188319e+00
92.750000,1.0000531374e-03,2.3822508278e+00
92.800000,1.0010271791e-03,2.6359404988e+00
92.850000,1.0009954211e-03,2.4724852839e+00
92.900000,1.0008959463e-03,2.5082342969e+00
92.950000,1.0006932096e-03,2.4099983504e+00
93.000000,9.9981004503e-04,2.7338572512e+00
93.050000,1.0007132356e-03,2.4596138375e+00
93.100000,9.9930904125e-04,2.3403315313e+00
93.150000,1.0004039417e-03,2.6140336911e+00
93.200000,1.0003280964e-03,2.5076129278e+00
93.250000,9.9999337887e-04,2.6199947128e+00
93.300000,9.9909636345e-04,2.6170550564e+00
93.350000,9.9986014298e-04,2.2917179252e+00
93.400000,1.0011021672e-03,2.4795291994e+00
93.450000,1.0000372904e-03,2.8055702768e+00
93.500000,1.0000163584e-03,2.5766342257e+00
93.550000,9.9992053174e-04,2.5770490039e+00
93.600000,9.9955570130e-04,2.6416279167e+00
93.650000,1.0002401012e-03,2.6711957247e+00
93.700000,1.0008853526e-03,2.5192731616e+00
93.750000,1.0000496395e-03,2.6267897941e+00
93.800000,9.9899514752e-04,2.6117637266e+00
93.850000,9.9998022835e-04,2.5460953039e+00
93.900000,9.9994603681e-04,2.5147496756e+00
93.950000,9.9983971230e-04,2.6122702090e+00
94.000000,1.0003012477e-03,2.5625777636e+00
94.050000,1.0006540668e-03,2.3981517509e+00
94.100000,1.0008417268e-03,2.3519840881e+00
94.150000,1.0011675520e-03,2.5099697105e+00
94.200000,1.0000635811e-03,2.5046880020e+00
94.250000,1.0004808453e-03,2.6940869873e+00
94.300000,1.0001694415e-03,2.5130675240e+00
94.350000,1.0003656344e-03,2.5103638820e+00
94.400000,1.0010739488e-03,2.4635153566e+00
94.450000,9.9991250425e-04,2.5402444429e+00
94.500000,1.0008760841e-03,2.5639761652e+00
94.550000,1.0005272778e-03,2.6526875807e+00
94.600000,1.0004998806e-03,2.4515218809e+00
94.650000,1.0027279943e-03,2.5797769658e+00
94.700000,9.9957705013e-04,2.6297183443e+00
94.750000,1.0000970241e-03,2.2982935049e+00
94.800000,1.0007067739e-03,2.5507018743e+00
94.850000,9.9889412120e-04,2.3985399098e+00
94.900000,1.0002305661e-03,2.4448226806e+00
94.950000,9.9943417092e-04,2.4794222878e+00
95.000000,1.0006899119e-03,2.4735442889e+00
95.050000,9.9984373067e-04,2.4031263475e+00
95.100000,1.0003460911e-03,2.5343611004e+00
95.150000,9.9923879126e-04,2.5811602793e+00
95.200000,9.9936512616e-04,2.4768567124e+00
95.250000,1.0003483343e-03,2.3755056548e+00
95.300000,9.9896117704e-04,2.4555645911e+00
95.350000,9.9932504362e-04,2.7186221418e+00
95.400000,1.0005401160e-03,2.5867494002e+00
95.450000,9.9868605337e-04,2.4472292364e+00
95.500000,1.0004374157e-03,2.3771472583e+00
95.550000,9.9980211625e-04,2.5420717068e+00
95.600000,1.0001119253e-03,2.5387108324e+00
95.650000,9.9913985798e-04,2.7884219384e+00
95.700000,9.9822453591e-04,2.3156107203e+00
95.750000,9.9881129752e-04,2.5664547089e+00
95.800000,9.9927179540e-04,2.6399206988e+00
95.850000,1.0007543559e-03,2.6490607884e+00
95.900000,1.0011731594e-03,2.3360722990e+00
95.950000,9.9985694902e-04,2.5701239722e+00
96.000000,1.0013857064e-03,2.5269983063e+00
96.050000,1.0019349004e-03,2.5567084697e+00
96.100000,1.0021446566e-03,2.5669174451e+00
96.150000,1.0008316891e-03,2.4253843832e+00
96.200000,1.0012092563e-03,2.5762606487e+00
96.250000,9.9954778349e-04,2.4039692995e+00
96.300000,9.9771349856e-04,2.3242145774e+00
96.350000,9.9971611028e-04,2.4382726720e+00
96.400000,1.0014814175e-03,2.5397375303e+00
96.450000,9.9968067852e-04,2.7209872602e+00
96.500000,1.0013102881e-03,2.4617445912e+00
96.550000,1.0012280191e-03,2.6979306403e+00
96.600000,9.9991989915e-04,2.4051396730e+00
96.650000,1.0014778933e-03,2.4312991234e+00
96.700000,9.9904605389e-04,2.3278592257e+00
96.750000,9.9957162047e-04,2.5002496967e+00
96.800000,9.9950681334e-04,2.5041672683e+00
96.850000,1.0000687623e-03,2.6111963701e+00
96.900000,1.0010382971e-03,2.4582088434e+00
96.950000,1.0015834198e-03,2.5275741142e+00
97.000000,9.9912100506e-04,2.3519589812e+00
97.050000,1.0008395385e-03,2.4763454684e+00
97.100000,9.9960889604e-04,2.7199934097e+00
97.150000,1.0002324280e-03,2.3751914288e+00
97.200000,9.9937252695e-04,2.5084983368e+00
97.250000,1.0013531727e-03,2.6150751851e+00
97.300000,9.9741217996e-04,2.5875873989e+00
97.350000,9.9911429192e-04,2.4793910382e+00
97.400000,1.0001028161e-03,2.4401240987e+00
97.450000,1.0015764666e-03,2.3484539444e+00
97.500000,9.9936713770e-04,2.6650912049e+00
97.550000,1.0012312618e-03,2.3005474214e+00
97.600000,1.0003822504e-03,2.4590215031e+00
97.650000,1.0009894973e-03,2.3532344791e+00
97.700000,1.0001803786e-03,2.4284104765e+00
97.750000,1.0008597535e-03,2.3352196878e+00
97.800000,9.9981036926e-04,2.4868550074e+00
97.850000,1.0016986837e-03,2.5981802897e+00
97.900000,9.9998410212e-04,2.4214931172e+00
97.950000,1.0006837838e-03,2.4910044138e+00
98.000000,9.9980664919e-04,2.5156526574e+00
98.050000,1.0001779498e-03,2.4461738633e+00
98.100000,9.9842950251e-04,2.7162855530e+00
98.150000,9.9901405728e-04,2.3807613611e+00
98.200000,1.0003548204e-03,2.4297145240e+00
98.250000,9.9934236312e-04,2.6137764946e+00
98.300000,1.0007370190e-03,2.5245907184e+00
98.350000,1.0008659210e-03,2.4837139600e+00
98.400000,1.0004407924e-03,2.6497930216e+00
98.450000,1.0004547522e-03,2.2340299968e+00
98.500000,9.9941261094e-04,2.5452406369e+00
98.550000,9.9995474093e-04,2.6672284418e+00
98.600000,9.9962020847e-04,2.3491514846e+00
98.650000,9.9864166022e-04,2.8639607217e+00
98.700000,1.0003720003e-03,2.5569253470e+00
98.750000,1.0007895772e-03,2.5618252990e+00
98.800000,1.0001049523e-03,2.5789878903e+00
98.850000,1.0000017422e-03,2.5258303634e+00
98.900000,1.0007815657e-03,2.7937883247e+00
98.950000,9.9793324996e-04,2.3571418547e+00
99.000000,9.9983960740e-04,2.4007259242e+00
99.050000,9.9979931403e-04,2.5851120525e+00
99.100000,1.0012196902e-03,2.5905109258e+00
99.150000,9.9842802999e-04,2.3799842673e+00
99.200000,1.0003555771e-03,2.6520287533e+00
99.250000,1.0002055153e-03,2.3626910320e+00
99.300000,1.0025541418e-03,2.4320107847e+00
99.350000,1.0008778419e-03,2.4512184089e+00
99.400000,9.9967941214e-04,2.5255582988e+00
99.450000,1.0011210004e-03,2.4881683303e+00
99.500000,9.9906155125e-04,2.5497146490e+00
99.550000,9.9988584318e-04,2.5954059482e+00
99.600000,9.9975633552e-04,2.6045848503e+00
99.650000,9.9860517800e-04,2.3892647902e+00
99.700000,1.0009640680e-03,2.4382445890e+00
99.750000,1.0008059253e-03,2.6911363422e+00
99.800000,1.0010781801e-03,2.5940983814e+00
99.850000,1.0013894499e-03,2.6046186679e+00
99.900000,9.9971410284e-04,2.3668400942e+00
99.950000,1.0002416078e-03,2.0747398142e+00
100.000000,9.9916779150e-04,2.5629956681e+00
100.050000,1.0011001110e-03,2.8054344421e+00
100.100000,1.0002192440e-03,2.2566101784e+00
100.150000,1.0008149294e-03,2.5526204067e+00
100.200000,9.9955175573e-04,2.5305468687e+00
100.250000,1.0005902805e-03,2.2493872341e+00
100.300000,9.9791794289e-04,2.6727161799e+00
100.350000,9.9847737818e-04,2.5414814149e+00
100.400000,9.9996078613e-04,2.4163673977e+00
100.450000,9.9938364256e-04,2.5831737425e+00
100.500000,9.9868483466e-04,2.4826810284e+00
100.550000,1.0013832545e-03,2.6354725759e+00
100.600000,1.0016377865e-03,2.7364939144e+00
100.650000,9.9975199220e-04,2.4782452537e+00
100.700000,1.0008320727e-03,2.5927349252e+00
100.750000,9.9923204374e-04,2.7403015547e+00
100.800000,1.0008545484e-03,2.3505497390e+00
100.850000,1.0003530670e-03,2.5185077742e+00
100.900000,9.9941903613e-04,2.3820199937e+00
100.950000,1.0010394024e-03,2.6113234759e+00
101.000000,1.0007320276e-03,2.3727983405e+00
101.050000,9.9967651828e-04,2.5583530258e+00
101.100000,9.9830389437e-04,2.4514795255e+00
101.150000,9.9939505919e-04,2.5498855645e+00
101.200000,9.9916205652e-04,2.4555655783e+00
101.250000,9.9931702592e-04,2.2368770366e+00
101.300000,1.0013656015e-03,2.2950800217e+00
101.350000,9.9830546863e-04,2.6636705829e+00
101.400000,9.9801856387e-04,2.6699842098e+00
101.450000,1.0008244075e-03,2.4668146788e+00
101.500000,1.0002450224e-03,2.5448722364e+00
101.550000,9.9977217969e-04,2.3693607088e+00
101.600000,1.0014435318e-03,2.3838971694e+00
101.650000,9.9925641552e-04,2.3030064987e+00
101.700000,9.9910969882e-04,2.4645894604e+00
101.750000,1.0004462649e-03,2.7275095917e+00
101.800000,9.9987382699e-04,2.3546186159e+00
101.850000,9.9976677305e-04,2.6204694324e+00
101.900000,1.0015920597e-03,2.5738231128e+00
101.950000,9.9928140914e-04,2.5850455807e+00
102.000000,1.0001835320e-03,2.2968047301e+00
102.050000,1.0009641972e-03,2.3613192378e+00
102.100000,1.0000969793e-03,2.6418268705e+00
102.150000,1.0009903778e-03,2.2813369684e+00
102.200000,1.0000048904e-03,2.4893934786e+00
102.250000,1.0008121799e-03,2.4639306981e+00
102.300000,1.0006204983e-03,2.4940051444e+00
102.350000,1.0004033903e-03,2.6147179622e+00
102.400000,9.9897433416e-04,2.4427596855e+00
102.450000,9.9943115062e-04,2.6378318001e+00
102.500000,9.9909308617e-04,2.6186949350e+00
102.550000,1.0003453154e-03,2.2936552794e+00
102.600000,9.9846966625e-04,2.5164188196e+00
102.650000,9.9810499935e-04,2.4559772618e+00
102.700000,1.0005059652e-03,2.5125601532e+00
102.750000,9.9991223926e-04,2.4109219945e+00
102.800000,1.0005472701e-03,2.4961078502e+00
102.850000,9.9946628810e-04,2.6794959797e+00
102.900000,1.0001582122e-03,2.5245677868e+00
102.950000,1.0009835231e-03,2.3613067586e+00
103.000000,1.0020983983e-03,2.5278660212e+00
103.050000,9.9956551940e-04,2.5924454121e+00
103.100000,1.0015074286e-03,2.3112288984e+00
103.150000,9.9960710372e-04,2.4458770108e+00
103.200000,9.9933341650e-04,2.4497778113e+00
103.250000,9.9972478455e-04,2.6077341891e+00
103.300000,9.9973797031e-04,2.4709982506e+00
103.350000,9.9941134266e-04,2.4877091137e+00
103.400000,1.0010834838e-03,2.5714467801e+00
103.450000,1.0004267723e-03,2.5944909408e+00
103.500000,1.0013695950e-03,2.4674864388e+00
103.550000,1.0004281801e-03,2.7752309372e+00
103.600000,9.9987577844e-04,2.5834169018e+00
103.650000,1.0013601316e-03,2.6312656513e+00
103.700000,9.9878497826e-04,2.4882970422e+00
103.750000,1.0010634235e-03,2.4748633177e+00
103.800000,1.0003242871e-03,2.3719936602e+00
103.850000,9.9981252967e-04,2.2393039081e+00
103.900000,1.0012947388e-03,2.6708855758e+00
103.950000,9.9894134691e-04,2.5086679956e+00
104.000000,1.0009054958e-03,2.3836186995e+00
104.050000,9.9809194387e-04,2.4799230730e+00
104.100000,1.0017293801e-03,2.6146955556e+00
104.150000,1.0004410396e-03,2.5314679019e+00
104.200000,9.9993116264e-04,2.6593936484e+00
104.250000,1.0012310241e-03,2.3227521908e+00
104.300000,1.0005444789e-03,2.5132144320e+00
104.350000,1.0020630105e-03,2.4849159988e+00
104.400000,1.0007028828e-03,2.6924203958e+00
104.450000,1.0008203435e-03,2.5809203229e+00
104.500000,1.0005946128e-03,2.6023344134e+00
104.550000,1.0011535530e-03,2.6804602162e+00
104.600000,1.0006117204e-03,2.5971989427e+00
104.650000,1.0004649380e-03,2.3231079602e+00
104.700000,1.0004429961e-03,2.6956469984e+00
104.750000,1.0008211364e-03,2.5984774188e+00
104.800000,1.0000774164e-03,2.5011266212e+00
104.850000,9.9968558917e-04,2.5715821080e+00
104.900000,1.0006692756e-03,2.7267997735e+00
104.950000,1.0000477835e-03,2.6201332648e+00
105.000000,9.9997128975e-04,2.5073275023e+00
105.050000,9.9837116884e-04,2.5922713647e+00
105.100000,9.9940445008e-04,2.4179655218e+00
105.150000,1.0003392463e-03,2.5788279195e+00
105.200000,1.0003712337e-03,2.5145814376e+00
105.250000,9.9881234234e-04,2.5675707492e+00
105.300000,1.0010098672e-03,2.2870170850e+00
105.350000,9.9982504759e-04,2.3295184363e+00
105.400000,1.0000205058e-03,2.8611107055e+00
105.450000,9.9864152047e-04,2.4860247465e+00
105.500000,1.0000146260e-03,2.5007423199e+00
105.550000,1.0002309615e-03,2.5855014420e+00
105.600000,1.0002714726e-03,2.4863819249e+00
105.650000,9.9880424969e-04,2.5619193796e+00
105.700000,1.0000229301e-03,2.2943117848e+00
105.750000,9.9973576691e-04,2.5168229597e+00
105.800000,9.9994850751e-04,2.5154045504e+00
105.850000,1.0006510591e-03,2.2880314008e+00
105.900000,9.9891272758e-04,2.3282307781e+00
105.950000,9.9886937760e-04,2.6284021028e+00
106.000000,9.9894974387e-04,2.4093038251e+00
106.050000,1.0007602311e-03,2.4208765749e+00
106.100000,9.9846349064e-04,2.5684706518e+00
106.150000,1.0013462201e-03,2.4702545658e+00
106.200000,9.9953959980e-04,2.2397441208e+00
106.250000,1.0002418397e-03,2.4657723917e+00
106.300000,9.9957576473e-04,2.4744507447e+00
106.350000,1.0001176650e-03,2.4694914840e+00
106.400000,9.9999443167e-04,2.6648345296e+00
106.450000,1.0007731635e-03,2.5661358456e+00
106.500000,9.9978927179e-04,2.4171834501e+00
106.550000,1.0020279212e-03,2.8428227947e+00
106.600000,9.9928135001e-04,2.5079729352e+00
106.650000,1.0011294412e-03,2.3234803977e+00
106.700000,9.9999989517e-04,2.4478723169e+00
106.750000,9.9864172087e-04,2.3559812777e+00
106.800000,9.9883795974e-04,2.4031795082e+00
106.850000,1.0008597180e-03,2.5076781985e+00
106.900000,1.0013108384e-03,2.3846219229e+00
106.950000,1.0002478050e-03,2.6506832137e+00
107.000000,1.0010477062e-03,2.5447406901e+00
107.050000,9.9921697701e-04,2.4558402339e+00
107.100000,9.9931942772e-04,2.4636552351e+00
107.150000,1.0003067443e-03,2.5038381313e+00
107.200000,1.0008890799e-03,2.5093627003e+00
107.250000,1.0009942958e-03,2.4154684840e+00
107.300000,9.9684606850e-04,2.6070569666e+00
107.350000,1.0000179503e-03,2.2921846685e+00
107.400000,1.0007930599e-03,2.5388279047e+00
107.450000,9.9863990689e-04,2.5573706511e+00
107.500000,1.0008712322e-03,2.5506430885e+00
107.550000,9.9971415481e-04,2.6362361830e+00
107.600000,1.0010336718e-03,2.4104432400e+00
107.650000,1.0026746071e-03,2.6023945019e+00
107.700000,9.9918936098e-04,2.2671530591e+00
107.750000,1.0015699281e-03,2.3916613764e+00
107.800000,1.0007056579e-03,2.3497145546e+00
107.850000,1.0005751896e-03,2.5978995949e+00
107.900000,9.9943256303e-04,2.2227718109e+00
107.950000,1.0015879578e-03,2.6228919075e+00
108.000000,1.0011204690e-03,2.5128744906e+00
108.050000,1.0013215369e-03,2.4361228999e+00
108.100000,9.9889766028e-04,2.3364879258e+00
108.150000,9.9979566537e-04,2.4710502737e+00
108.200000,9.9911070523e-04,2.8016127667e+00
108.250000,1.0014000463e-03,2.2262334758e+00
108.300000,1.0011776655e-03,2.4337906269e+00
108.350000,1.0006140058e-03,2.5672259756e+00
108.400000,1.0000724965e-03,2.5522874069e+00
108.450000,1.0004165873e-03,2.5465942502e+00
108.500000,9.9961044628e-04,2.4458787191e+00
108.550000,1.0007319506e-03,2.4972028591e+00
108.600000,9.9814430982e-04,2.3624731563e+00
108.650000,9.9934460226e-04,2.6274070794e+00
108.700000,1.0009941981e-03,2.4175940077e+00
108.750000,1.0011231401e-03,2.4275144002e+00
108.800000,9.9995108065e-04,2.5993108814e+00
108.850000,9.9977529376e-04,2.4691510948e+00
108.900000,1.0003689650e-03,2.6243955153e+00
108.950000,1.0002635223e-03,2.4344950290e+00
109.000000,9.9982525753e-04,2.4059323426e+00
109.050000,1.0005144463e-03,2.4565203970e+00
109.100000,1.0002554000e-03,2.4516358763e+00
109.150000,9.9789050153e-04,2.4453953558e+00
109.200000,9.9909349827e-04,2.5461858082e+00
109.250000,9.9999658279e-04,2.5351265197e+00
109.300000,1.0001186844e-03,2.4915634521e+00
109.350000,9.9885423740e-04,2.5827640829e+00
109.400000,9.9935010563e-04,2.5598821703e+00
109.450000,1.0003338847e-03,2.6145012141e+00
109.500000,1.0010571085e-03,2.4782692738e+00
109.550000,9.9940514792e-04,2.4621129997e+00
109.600000,9.9928529268e-04,2.5042494240e+00
109.650000,9.9934884128e-04,2.7360220372e+00
109.700000,1.0020893603e-03,2.6996984343e+00
109.750000,9.9878878558e-04,2.5417411587e+00
109.800000,9.9978881794e-04,2.4086351420e+00
109.850000,9.9859372646e-04,2.5987581302e+00
109.900000,9.9870185337e-04,2.6925915221e+00
109.950000,1.0009756733e-03,2.7427605468e+00
110.000000,9.9996039229e-04,2.5980089451e+00
110.050000,1.0007902784e-03,2.3666364821e+00
110.100000,1.0011544678e-03,2.3804618906e+00
110.150000,9.9918440597e-04,2.4385406587e+00
110.200000,9.9974653860e-04,2.6584529115e+00
110.250000,1.0006345445e-03,2.4557397123e+00
110.300000,1.0020500039e-03,2.5814472553e+00
110.350000,1.0003830278e-03,2.3251133221e+00
110.400000,9.9878892089e-04,2.6150541650e+00
110.450000,9.9971952688e-04,2.5747014635e+00
110.500000,9.9861819604e-04,2.4210167761e+00
110.550000,1.0023963344e-03,2.4818748481e+00
110.600000,1.0011381671e-03,2.4512345130e+00
110.650000,9.9895397659e-04,2.5392061320e+00
110.700000,1.0016740893e-03,2.4591050935e+00
110.750000,1.0000136296e-03,2.4070713557e+00
110.800000,1.0001546290e-03,2.4771805349e+00
110.850000,1.0011442573e-03,2.4254329386e+00
110.900000,9.9863604757e-04,2.5549762807e+00
110.950000,9.9894256969e-04,2.4609651895e+00
111.000000,1.0008573659e-03,2.4084750273e+00
111.050000,1.0004817730e-03,2.4094243857e+00
111.100000,1.0000153097e-03,2.4459326466e+00
111.150000,1.0005265948e-03,2.4982250219e+00
111.200000,9.9963862674e-04,2.4893012726e+00
111.250000,9.9916785929e-04,2.3750950944e+00
111.300000,9.9906125859e-04,2.4493804812e+00
111.350000,9.9991499737e-04,2.4972426941e+00
111.400000,1.0010326479e-03,2.6015709987e+00
111.450000,1.0002136916e-03,2.6646199533e+00
111.500000,1.0007499026e-03,2.5268628157e+00
111.550000,9.9942600275e-04,2.6702219736e+00
111.600000,1.0000675667e-03,2.7157782828e+00
111.650000,1.0017644543e-03,2.5789869552e+00
111.700000,1.0019290638e-03,2.7537110297e+00
111.750000,9.9822017777e-04,2.3254868744e+00
111.800000,9.9971518964e-04,2.5469468666e+00
111.850000,9.9919466041e-04,2.4825339453e+00
111.900000,1.0007664602e-03,2.4597533923e+00
111.950000,1.0003129059e-03,2.4012195202e+00
112.000000,9.9841483911e-04,2.3974267182e+00
112.050000,9.9812831021e-04,2.5412873375e+00
112.100000,1.0011602368e-03,2.4126718795e+00
112.150000,1.0014056874e-03,2.5056639349e+00
112.200000,9.9864081378e-04,2.3996086090e+00
112.250000,1.0017402076e-03,2.7985240154e+00
112.300000,1.0005321956e-03,2.5349245857e+00
112.350000,9.9968161748e-04,2.3863719940e+00
112.400000,9.9963214531e-04,2.3021205845e+00
112.450000,9.9944586775e-04,2.1937998999e+00
112.500000,1.0003370921e-03,2.3872700153e+00
112.550000,9.9965609717e-04,2.6062278984e+00
112.600000,1.0013648731e-03,2.4264295527e+00
112.650000,1.0002956954e-03,2.4382712299e+00
112.700000,9.9884076678e-04,2.6308808293e+00
112.750000,9.9972743939e-04,2.4674908434e+00
112.800000,1.0015216150e-03,2.5263026841e+00
112.850000,1.0006235393e-03,2.4759991782e+00
112.900000,1.0028070408e-03,2.5802354908e+00
112.950000,9.9983884967e-04,2.5064539750e+00
113.000000,1.0007967795e-03,2.4092335047e+00
113.050000,1.0008961724e-03,2.4387711025e+00
113.100000,9.9988358218e-04,2.6395490305e+00
113.150000,9.9832185619e-04,2.5932517013e+00
113.200000,1.0015017375e-03,2.5866189998e+00
113.250000,9.9891084970e-04,2.7211081299e+00
113.300000,1.0017340546e-03,2.4369409841e+00
113.350000,9.9983595929e-04,2.6187353299e+00
113.400000,1.0003804840e-03,2.2847084517e+00
113.450000,1.0022607991e-03,2.5460591156e+00
113.500000,9.9878668395e-04,2.4474091296e+00
113.550000,1.0020980257e-03,2.5053674163e+00
113.600000,1.0001047039e-03,2.4450777504e+00
113.650000,9.9962188358e-04,2.7416519659e+00
113.700000,9.9860087632e-04,2.5186478775e+00
113.750000,9.9944917758e-04,2.6505804416e+00
113.800000,9.9991713118e-04,2.4503773847e+00
113.850000,1.0001111325e-03,2.5439124216e+00
113.900000,1.0007112825e-03,2.4824175952e+00
113.950000,1.0006851040e-03,2.4209648217e+00
114.000000,1.0011032598e-03,2.4915668732e+00
114.050000,1.0005564329e-03,2.5924702570e+00
114.100000,1.0001082465e-03,2.7125132529e+00
114.150000,1.0004074284e-03,2.5319900069e+00
114.200000,1.0007192619e-03,2.3625175683e+00
114.250000,9.9842127662e-04,2.6655583921e+00
114.300000,1.0004629209e-03,2.4649212647e+00
114.350000,1.0001056175e-03,2.6048880332e+00
114.400000,9.9879700776e-04,2.3839492747e+00
114.450000,1.0001873434e-03,2.5307014752e+00
114.500000,9.9927643191e-04,2.5698687642e+00
114.550000,9.9967678024e-04,2.5267941831e+00
114.600000,1.0001608712e-03,2.6426278742e+00
114.650000,1.0011304267e-03,2.4124782018e+00
114.700000,1.0000634171e-03,2.6800374669e+00
114.750000,9.9992925690e-04,2.3546396768e+00
114.800000,9.9908503676e-04,2.7218926460e+00
114.850000,9.9881512944e-04,2.6658686847e+00
114.900000,1.0010835447e-03,2.5976260021e+00
114.950000,9.9940348907e-04,2.3298628210e+00
115.000000,9.9988709069e-04,2.5958535172e+00
115.050000,9.9889610326e-04,2.4483473460e+00
115.100000,1.0013139680e-03,2.4509494473e+00
115.150000,1.0001008149e-03,2.5280183461e+00
115.200000,9.9976244333e-04,2.7342856100e+00
115.250000,1.0016522111e-03,2.4816907059e+00
115.300000,9.9932483682e-04,2.3166306629e+00
115.350000,9.9814308580e-04,2.3800569165e+00
115.400000,9.9894936654e-04,2.5762788451e+00
115.450000,9.9973710989e-04,2.4272744470e+00
115.500000,9.9993896664e-04,2.4671948802e+00
115.550000,1.0022079930e-03,2.7353953011e+00
115.600000,1.0012967916e-03,2.4922587949e+00
115.650000,1.0004985014e-03,2.4790934206e+00
115.700000,1.0011891280e-03,2.3479619943e+00
115.750000,9.9939130019e-04,2.3370389657e+00
115.800000,9.9952062881e-04,2.3767869138e+00
115.850000,1.0002196140e-03,2.5338428678e+00
115.900000,1.0006866978e-03,2.7177786550e+00
115.950000,9.9990463945e-04,2.4186299335e+00
116.000000,9.9969556088e-04,2.5255421555e+00
116.050000,9.9983043743e-04,2.5796663025e+00
116.100000,1.0005306014e-03,2.3363083400e+00
116.150000,9.9948206490e-04,2.4683046920e+00
116.200000,1.0001969243e-03,2.3861557889e+00
116.250000,1.0006065925e-03,2.5227428357e+00
116.300000,9.9932280425e-04,2.4058451240e+00
116.350000,9.9903486776e-04,2.4151397535e+00
116.400000,9.9862905816e-04,2.2524350311e+00
116.450000,9.9887036016e-04,2.4959448677e+00
116.500000,1.0008849672e-03,2.5284479410e+00
116.550000,9.9876182651e-04,2.5924489705e+00
116.600000,9.9975683335e-04,2.4867067092e+00
116.650000,9.9987156385e-04,2.7099644975e+00
116.700000,9.9965581720e-04,2.3179917956e+00
116.750000,9.9870946558e-04,2.4325251882e+00
116.800000,1.0004447016e-03,2.3289057182e+00
116.850000,1.0008486219e-03,2.5877474311e+00
116.900000,9.9943898339e-04,2.6916252763e+00
116.950000,1.0003617852e-03,2.5409714808e+00
117.000000,1.0009053473e-03,2.6595703037e+00
117.050000,1.0004158097e-03,2.6427866847e+00
117.100000,9.9957589579e-04,2.3616010427e+00
117.150000,1.0007461097e-03,2.4325772014e+00
117.200000,9.9993149791e-04,2.4695445023e+00
117.250000,9.9940376330e-04,2.4377924351e+00
117.300000,9.9891247087e-04,2.3224612424e+00
117.350000,9.9942940567e-04,2.3464692913e+00
117.400000,1.0012970119e-03,2.7766620623e+00
117.450000,9.9958600209e-04,2.7230181678e+00
117.500000,9.9953090549e-04,2.4982967241e+00
117.550000,9.9871587640e-04,2.5229761468e+00
117.600000,9.9938124165e-04,2.1870269489e+00
117.650000,9.9987588379e-04,2.3126678216e+00
117.700000,1.0008391092e-03,2.3219498222e+00
117.750000,1.0001694719e-03,2.4475753965e+00
117.800000,1.0002354297e-03,2.5300220179e+00
117.850000,9.9963325264e-04,2.6626683675e+00
117.900000,9.9967720465e-04,2.3862862920e+00
117.950000,1.0006264802e-03,2.4687173360e+00
118.000000,1.0001988696e-03,2.3167169291e+00
118.050000,1.0008874661e-03,2.4568705958e+00
118.100000,1.0014922336e-03,2.2975902571e+00
118.150000,1.0013280308e-03,2.6307652611e+00
118.200000,1.0011349724e-03,2.5473772713e+00
118.250000,9.9985001643e-04,2.4808293181e+00
118.300000,9.9915509832e-04,2.4282035286e+00
118.350000,9.9793525646e-04,2.5247924031e+00
118.400000,9.9924404180e-04,2.4917676243e+00
118.450000,9.9877221056e-04,2.3747093344e+00
118.500000,1.0006606390e-03,2.4066348424e+00
118.550000,9.9891832385e-04,2.5857513961e+00
118.600000,9.9953751717e-04,2.4315964235e+00
118.650000,1.0012286028e-03,2.2990453991e+00
118.700000,1.0003430896e-03,2.5707222002e+00
118.750000,1.0017807104e-03,2.7244576827e+00
118.800000,1.0004516013e-03,2.5461357202e+00
118.850000,1.0014589080e-03,2.3785229275e+00
118.900000,1.0014889438e-03,2.4396691938e+00
118.950000,9.9853306738e-04,2.5859899493e+00
119.000000,1.0005307314e-03,2.5934388507e+00
119.050000,1.0011828080e-03,2.5469893810e+00
119.100000,1.0010535880e-03,2.5317331467e+00
119.150000,1.0009978456e-03,2.5825381302e+00
119.200000,1.0000982280e-03,2.5647963313e+00
119.250000,9.9966589365e-04,2.3914023213e+00
119.300000,1.0000878293e-03,2.2314307612e+00
119.350000,1.0001194763e-03,2.5139126256e+00
119.400000,1.0006404706e-03,2.5627328405e+00
119.450000,1.0012970019e-03,2.6825756316e+00
119.500000,1.0004570569e-03,2.4207674271e+00
119.550000,1.0006557193e-03,2.4430962201e+00
119.600000,1.0013527231e-03,2.3408393013e+00
119.650000,9.9993094071e-04,2.3822519263e+00
119.700000,1.0013740401e-03,2.6306725910e+00
119.750000,9.9990146900e-04,2.8328620158e+00
119.800000,9.9824066467e-04,2.5307797949e+00
119.850000,1.0003156039e-03,2.5838720374e+00
119.900000,1.0001627044e-03,2.6498572806e+00
119.950000,9.9899813084e-04,2.4218564421e+00
120.000000,9.9956581684e-04,2.5586208074e+00
120.050000,9.9933974951e-04,2.6880294518e+00
120.100000,1.0003373044e-03,2.3318308670e+00
120.150000,1.0021224376e-03,2.6613725711e+00
120.200000,1.0008512465e-03,2.7185827489e+00
120.250000,1.0003238059e-03,2.6945632550e+00
120.300000,9.9879836654e-04,2.6526308553e+00
120.350000,1.0007649247e-03,2.4368229972e+00
120.400000,9.9959160309e-04,2.6261550571e+00
120.450000,1.0009019161e-03,2.2266346931e+00
120.500000,1.0003941074e-03,2.3628666943e+00
120.550000,9.9913272148e-04,2.5717025025e+00
120.600000,9.9764811386e-04,2.5349498034e+00
120.650000,1.0016281458e-03,2.5450383161e+00
120.700000,9.9965271163e-04,2.5270977735e+00
120.750000,1.0017796185e-03,2.5570287314e+00
120.800000,1.0001208473e-03,2.3667984999e+00
120.850000,9.9967933117e-04,2.6929154254e+00
120.900000,1.0000324623e-03,2.5139055932e+00
120.950000,9.9963941606e-04,2.4498911221e+00
121.000000,9.9903121309e-04,2.5363463899e+00
121.050000,1.0014763170e-03,2.4685551944e+00
121.100000,9.9937474149e-04,2.5609427653e+00
121.150000,1.0001518254e-03,2.3967727368e+00
121.200000,1.0011733724e-03,2.4023247829e+00
121.250000,9.9917461469e-04,2.2695211619e+00
121.300000,1.0014368941e-03,2.3530265481e+00
121.350000,9.9868619950e-04,2.4286964444e+00
121.400000,1.0013515204e-03,2.4219273977e+00
121.450000,1.0001818363e-03,2.7449585596e+00
121.500000,1.0004596685e-03,2.5519319533e+00
121.550000,1.0011754026e-03,2.4757522011e+00
121.600000,9.9998510037e-04,2.6162261539e+00
121.650000,9.9850403187e-04,2.6791440506e+00
121.700000,9.9923215206e-04,2.5836110342e+00
121.750000,9.9909917620e-04,2.3707820604e+00
121.800000,9.9905427507e-04,2.4256233902e+00
121.850000,1.0007943354e-03,2.6158771651e+00
121.900000,9.9914496430e-04,2.3073851025e+00
121.950000,9.9888990846e-04,2.3988416230e+00
122.000000,9.9981971177e-04,2.3202465036e+00
122.050000,1.0029976819e-03,2.4312966659e+00
122.100000,1.0017934107e-03,2.3577038423e+00
122.150000,9.9928452707e-04,2.4338530454e+00
122.200000,9.9874486011e-04,2.5503864747e+00
122.250000,1.0000292220e-03,2.2977148635e+00
122.300000,9.9923688206e-04,2.8251460663e+00
122.350000,1.0011652288e-03,2.5674545813e+00
122.400000,1.0012324341e-03,2.4585875326e+00
122.450000,1.0001415381e-03,2.6622674801e+00
122.500000,9.9944978452e-04,2.5715900562e+00
122.550000,9.9874027619e-04,2.5520497787e+00
122.600000,9.9908204262e-04,2.5311210138e+00
122.650000,9.9939795746e-04,2.5146534820e+00
122.700000,1.0014851271e-03,2.4644886822e+00
122.750000,9.9902963211e-04,2.5046536549e+00
122.800000,9.9898365846e-04,2.5777760358e+00
122.850000,9.9985494006e-04,2.5379962131e+00
122.900000,1.0006141863e-03,2.5980083925e+00
122.950000,1.0008223082e-03,2.5125680357e+00
123.000000,1.0002916953e-03,2.6022452653e+00
123.050000,1.0001803841e-03,2.6154792191e+00
123.100000,9.9989018114e-04,2.4704229090e+00
123.150000,1.0003374705e-03,2.4179969870e+00
123.200000,9.9927418290e-04,2.6690756931e+00
123.250000,1.0001653860e-03,2.4822245698e+00
123.300000,9.9922198397e-04,2.5703146715e+00
123.350000,9.9925315655e-04,2.5003013454e+00
123.400000,9.9869151461e-04,2.3798083261e+00
123.450000,9.9886509806e-04,2.3745804508e+00
123.500000,9.9755593340e-04,2.5181903302e+00
123.550000,1.0008260529e-03,2.4299972124e+00
123.600000,9.9904578361e-04,2.4311619347e+00
123.650000,9.9921709215e-04,2.4673958604e+00
123.700000,9.9793570054e-04,2.7288149266e+00
123.750000,1.0011339806e-03,2.6239805423e+00
123.800000,9.9750126349e-04,2.6317162154e+00
123.850000,1.0006219182e-03,2.5376523253e+00
123.900000,9.9965929819e-04,2.2848941488e+00
123.950000,1.0005368807e-03,2.6079994810e+00
124.000000,1.0003911807e-03,2.8108867830e+00
124.050000,1.0011813760e-03,2.5930093721e+00
124.100000,9.9920280977e-04,2.6775366790e+00
124.150000,1.0003710574e-03,2.3510269706e+00
124.200000,1.0000044659e-03,2.5570634524e+00
124.250000,1.0013521893e-03,2.5641926720e+00
124.300000,9.9795424625e-04,2.6403606269e+00
124.350000,9.9981444992e-04,2.4958301820e+00
124.400000,1.0008940048e-03,2.5837540427e+00
124.450000,9.9827083916e-04,2.3279965112e+00
124.500000,1.0002787514e-03,2.4161131643e+00
124.550000,1.0004031798e-03,2.4651259485e+00
124.600000,1.0012686527e-03,2.5622295591e+00
124.650000,1.0004913886e-03,2.5806985816e+00
124.700000,1.0006370154e-03,2.3417482643e+00
124.750000,9.9922345849e-04,2.5637676760e+00
124.800000,1.0011611394e-03,2.7476085918e+00
124.850000,9.9881132091e-04,2.5380407922e+00
124.900000,1.0003439257e-03,2.7057486388e+00
124.950000,1.0014932991e-03,2.6736213531e+00
125.000000,9.9919076934e-04,2.6614962306e+00
125.050000,1.0011088984e-03,2.5560438095e+00
125.100000,9.9952495805e-04,2.3819863525e+00
125.150000,9.9822047151e-04,2.4485556867e+00
125.200000,1.0002452642e-03,2.6361280532e+00
125.250000,1.0001820721e-03,2.7079985335e+00
125.300000,9.9941625056e-04,2.5141862565e+00
125.350000,9.9977463054e-04,2.6787869708e+00
125.400000,9.9987268624e-04,2.2609584898e+00
125.450000,9.9854699318e-04,2.4769357772e+00
125.500000,9.9999462648e-04,2.5927507156e+00
125.550000,9.9997600664e-04,2.5747173266e+00
125.600000,9.9977634785e-04,2.4744316880e+00
125.650000,9.9947481187e-04,2.4093429552e+00
125.700000,1.0008270053e-03,2.4457332212e+00
125.750000,1.0000425478e-03,2.5182155188e+00
125.800000,1.0008359213e-03,2.6493255912e+00
125.850000,9.9844553813e-04,2.4658292098e+00
125.900000,9.9967588924e-04,2.4119038079e+00
125.950000,9.9833694249e-04,2.5499959668e+00
126.000000,9.9772575222e-04,2.7724086182e+00
126.050000,9.9844960814e-04,2.4571761815e+00
126.100000,9.9892908180e-04,2.3552471188e+00
126.150000,1.0003185839e-03,2.5335082603e+00
126.200000,1.0007463111e-03,2.5844697233e+00
126.250000,1.0018966683e-03,2.5110054651e+00
126.300000,9.9889370667e-04,2.6126152249e+00
126.350000,1.0002460551e-03,2.5596200493e+00
126.400000,9.9896952747e-04,2.5508885308e+00
126.450000,1.0002776095e-03,2.7093883180e+00
126.500000,1.0017781777e-03,2.7165410039e+00
126.550000,1.0007895095e-03,2.6837378126e+00
126.600000,9.9996081510e-04,2.6254272245e+00
126.650000,9.9803562998e-04,2.5212218962e+00
126.700000,1.0000920582e-03,2.5576432394e+00
126.750000,9.9982727032e-04,2.5518045453e+00
126.800000,9.9818423362e-04,2.4793020014e+00
126.850000,1.0012251642e-03,2.5857545454e+00
126.900000,1.0000489241e-03,2.4517107657e+00
126.950000,9.9950420509e-04,2.6174703647e+00
127.000000,9.9991192030e-04,2.5368436686e+00
127.050000,1.0007586199e-03,2.5413873738e+00
127.100000,1.0004547162e-03,2.5074202939e+00
127.150000,9.9967982818e-04,2.3766797008e+00
127.200000,9.9986307312e-04,2.4987084787e+00
127.250000,9.9837898104e-04,2.3527956174e+00
127.300000,9.9932781203e-04,2.5994070159e+00
127.350000,9.9926795897e-04,2.5266852732e+00
127.400000,1.0006893917e-03,2.5925196177e+00
127.450000,1.0004037163e-03,2.6480924608e+00
127.500000,9.9917445892e-04,2.7584605334e+00
127.550000,9.9981979611e-04,2.3675048876e+00
127.600000,1.0005883729e-03,2.5396194177e+00
127.650000,1.0005236413e-03,2.5249309297e+00
127.700000,9.9909936876e-04,2.5921698532e+00
127.750000,1.0008491813e-03,2.7007891128e+00
127.800000,9.9872840994e-04,2.5063351323e+00
127.850000,9.9990479072e-04,2.7301204871e+00
127.900000,1.0002657874e-03,2.6482520272e+00
127.950000,9.9842514451e-04,2.2787899697e+00
128.000000,9.9975995847e-04,2.3230492903e+00
128.050000,1.0017716134e-03,2.4679283674e+00
128.100000,9.9874280637e-04,2.5463569996e+00
128.150000,1.0011237922e-03,2.6112803903e+00
128.200000,1.0008681237e-03,2.6871885606e+00
128.250000,1.0000098742e-03,2.7025131980e+00
128.300000,9.9984138735e-04,2.6673632851e+00
128.350000,9.9946233792e-04,2.3584758900e+00
128.400000,9.9977866502e-04,2.6176359571e+00
128.450000,1.0008017361e-03,2.5360089466e+00
128.500000,9.9890786377e-04,2.5241359702e+00
128.550000,9.9982790979e-04,2.5839298837e+00
128.600000,9.9823579908e-04,2.4405450677e+00
128.650000,9.9975220201e-04,2.6197369027e+00
128.700000,9.9987060759e-04,2.5251800075e+00
128.750000,1.0016201398e-03,2.3947714870e+00
128.800000,1.0006488586e-03,2.5227638727e+00
128.850000,1.0004147520e-03,2.4435732170e+00
128.900000,9.9993983134e-04,2.5043282142e+00
128.950000,1.0000715546e-03,2.7186069964e+00
129.000000,9.9919655992e-04,2.5808757058e+00
129.050000,9.9690953591e-04,2.6864411911e+00
129.100000,9.9968124809e-04,2.5936198668e+00
129.150000,9.9991768241e-04,2.2876252421e+00
129.200000,1.0000510387e-03,2.7485255253e+00
129.250000,9.9916511060e-04,2.5334979409e+00
129.300000,1.0006271137e-03,2.4804777817e+00
129.350000,1.0014931063e-03,2.1335988451e+00
129.400000,9.9995040306e-04,2.5647203565e+00
129.450000,1.0005966283e-03,2.2823322576e+00
129.500000,1.0000281718e-03,2.6761533012e+00
129.550000,1.0009393459e-03,2.4235013984e+00
129.600000,1.0000569656e-03,2.5471988281e+00
129.650000,1.0002145112e-03,2.4808013801e+00
129.700000,9.9913005242e-04,2.4489143191e+00
129.750000,1.0003017072e-03,2.5077791958e+00
129.800000,1.0000074735e-03,2.7414536206e+00
129.850000,9.9971860983e-04,2.4098004964e+00
129.900000,9.9955463763e-04,2.4752599343e+00
129.950000,9.9911676505e-04,2.6933139808e+00
130.000000,1.0006792346e-03,2.3943304411e+00
130.050000,9.9929372318e-04,2.4448920045e+00
130.100000,9.9958735600e-04,2.4146522155e+00
130.150000,9.9990628593e-04,2.4022778451e+00
130.200000,1.0008352721e-03,2.6119651222e+00
130.250000,1.0002105399e-03,2.6146315165e+00
130.300000,9.9922092887e-04,2.5089338785e+00
130.350000,9.9975668224e-04,2.4922184765e+00
130.400000,1.0009306430e-03,2.3265272605e+00
130.450000,1.0005252261e-03,2.3094541623e+00
130.500000,1.0006591613e-03,2.4033111380e+00
130.550000,9.9982597182e-04,2.5349606265e+00
130.600000,1.0001437827e-03,2.6634292218e+00
130.650000,9.9901235232e-04,2.6429113114e+00
130.700000,9.9865521170e-04,2.2528192052e+00
130.750000,9.9854045000e-04,2.5023059425e+00
130.800000,9.9852306386e-04,2.5850267776e+00
130.850000,9.9932533164e-04,2.3922828654e+00
130.900000,1.0004886027e-03,2.5943051246e+00
130.950000,1.0010006446e-03,2.2966598711e+00
131.000000,9.9934450311e-04,2.4214472607e+00
131.050000,1.0002021676e-03,2.3997353320e+00
131.100000,9.9935220230e-04,2.5790369592e+00
131.150000,9.9866773520e-04,2.6014373214e+00
131.200000,9.9942436735e-04,2.3499271778e+00
131.250000,9.9917603285e-04,2.5537984501e+00
131.300000,9.9943498532e-04,2.6039004121e+00
131.350000,1.0012157198e-03,2.5152933540e+00
131.400000,9.9995520493e-04,2.4575476941e+00
131.450000,9.9941459131e-04,2.3248706256e+00
131.500000,1.0005030632e-03,2.4792707820e+00
131.550000,1.0005994629e-03,2.4463030856e+00
131.600000,1.0014549067e-03,2.7142477526e+00
131.650000,9.9872617407e-04,2.4561233071e+00
131.700000,9.9993173161e-04,2.4847899380e+00
131.750000,9.9992734603e-04,2.2342026833e+00
131.800000,9.9870328886e-04,2.6194908669e+00
131.850000,9.9983391668e-04,2.3989987845e+00
131.900000,1.0000935217e-03,2.7263614991e+00
131.950000,1.0027569608e-03,2.4674507774e+00
132.000000,1.0003298933e-03,2.6420431961e+00
132.050000,9.9807161624e-04,2.6668093107e+00
132.100000,9.9965797155e-04,2.6526975915e+00
132.150000,1.0020013635e-03,2.4811478989e+00
132.200000,1.0003858403e-03,2.5699975018e+00
132.250000,9.9891070924e-04,2.5380202550e+00
132.300000,9.9731373034e-04,2.4242225224e+00
132.350000,1.0024599695e-03,2.3151224660e+00
132.400000,1.0021581872e-03,2.3465535104e+00
132.450000,1.0006010741e-03,2.4163486504e+00
132.500000,1.0017970945e-03,2.5743635716e+00
132.550000,9.9799061011e-04,2.4151339738e+00
132.600000,9.9977171893e-04,2.5441913258e+00
132.650000,1.0003933537e-03,2.5499076920e+00
132.700000,9.9969930616e-04,2.4523523646e+00
132.750000,9.9976461318e-04,2.5651750354e+00
132.800000,1.0007221304e-03,2.5002475261e+00
132.850000,9.9964319367e-04,2.4622047509e+00
132.900000,9.9910311797e-04,2.5106755423e+00
132.950000,1.0007589271e-03,2.5181054155e+00
133.000000,9.9985145306e-04,2.3239115829e+00
133.050000,9.9842397930e-04,2.6500039218e+00
133.100000,1.0001319416e-03,2.2599535914e+00
133.150000,9.9966860411e-04,2.5598832603e+00
133.200000,9.9930302814e-04,2.6146549617e+00
133.250000,9.9995791907e-04,2.6955904322e+00
133.300000,9.9847287383e-04,2.6019454460e+00
133.350000,9.9985699286e-04,2.6808029924e+00
133.400000,1.0011604819e-03,2.6120554627e+00
133.450000,1.0001823267e-03,2.3834719622e+00
133.500000,1.0007061950e-03,2.8325409630e+00
133.550000,1.0000367848e-03,2.6087825145e+00
133.600000,1.0003175609e-03,2.2629141954e+00
133.650000,1.0003094088e-03,2.4541337714e+00
133.700000,9.9864056494e-04,2.6595511357e+00
133.750000,9.9984699456e-04,2.4309313869e+00
133.800000,9.9863875458e-04,2.5275389882e+00
133.850000,9.9941002965e-04,2.3181568680e+00
133.900000,9.9761195583e-04,2.5576026201e+00
133.950000,9.9983942678e-04,2.7397541022e+00
134.000000,1.0008277600e-03,2.7758115846e+00
134.050000,9.9858703160e-04,2.8478379380e+00
134.100000,9.9877526063e-04,2.5209246582e+00
134.150000,9.9940615852e-04,2.6038476465e+00
134.200000,9.9960945475e-04,2.3745082826e+00
134.250000,9.9873478441e-04,2.5389007651e+00
134.300000,9.9835256703e-04,2.6386755134e+00
134.350000,1.0004647407e-03,2.4876763400e+00
134.400000,1.0003537592e-03,2.5135892878e+00
134.450000,1.0005983072e-03,2.3561027681e+00
134.500000,9.9865512758e-04,2.5874048893e+00
134.550000,1.0003222398e-03,2.5949896335e+00
134.600000,1.0014883813e-03,2.3328220819e+00
134.650000,9.9886528787e-04,2.6504610550e+00
134.700000,1.0014072919e-03,2.5307400536e+00
134.750000,9.9884947347e-04,2.4420164942e+00
134.800000,1.0008832274e-03,2.6989068230e+00
134.850000,9.9963731253e-04,2.5479026940e+00
134.900000,1.0022035822e-03,2.7933580193e+00
134.950000,1.0005108562e-03,2.4311655882e+00
135.000000,1.0019373449e-03,2.4920574436e+00
135.050000,1.0012997164e-03,2.5082981798e+00
135.100000,9.9883570426e-04,2.2185589847e+00
135.150000,9.9992091288e-04,2.6700377580e+00
135.200000,9.9972770892e-04,2.4968197452e+00
135.250000,1.0001584455e-03,2.4554852273e+00
135.300000,9.9851846746e-04,2.5624854088e+00
135.350000,1.0001177930e-03,2.5466073188e+00
135.400000,9.9859910217e-04,2.4918207075e+00
135.450000,1.0003896363e-03,2.3880354021e+00
135.500000,9.9844639666e-04,2.5700442332e+00
135.550000,1.0007278377e-03,2.5303588683e+00
135.600000,9.9853060224e-04,2.5739906147e+00
135.650000,9.9950075209e-04,2.5075365712e+00
135.700000,9.9943616062e-04,2.2447550673e+00
135.750000,1.0000480843e-03,2.4794070364e+00
135.800000,1.0010931038e-03,2.3902777537e+00
135.850000,1.0006164858e-03,2.2359746140e+00
135.900000,9.9994697034e-04,2.4190763202e+00
135.950000,9.9974535792e-04,2.6220123494e+00
136.000000,9.9971487712e-04,2.3133309776e+00
136.050000,9.9970666980e-04,2.3599914188e+00
136.100000,9.9893138030e-04,2.5541403102e+00
136.150000,1.0008966885e-03,2.1934445658e+00
136.200000,1.0008097197e-03,2.5757277205e+00
136.250000,9.9836585698e-04,2.5695992332e+00
136.300000,9.9882753915e-04,2.2730629055e+00
136.350000,9.9772915022e-04,2.5785440426e+00
136.400000,9.9961170002e-04,2.4453443534e+00
136.450000,1.0005800417e-03,2.3266878713e+00
136.500000,1.0002658458e-03,2.8307669416e+00
136.550000,9.9907716621e-04,2.3793850652e+00
136.600000,9.9912494443e-04,2.3430148064e+00
136.650000,9.9938133884e-04,2.5589215258e+00
136.700000,1.0010610023e-03,2.6555437421e+00
136.750000,1.0003599208e-03,2.4372109855e+00
136.800000,1.0006610085e-03,2.5389027831e+00
136.850000,9.9951746416e-04,2.6929052530e+00
136.900000,9.9886671018e-04,2.5631484065e+00
136.950000,1.0011507019e-03,2.6344443504e+00
137.000000,9.9948278975e-04,2.3151814760e+00
137.050000,1.0007709831e-03,2.4751252512e+00
137.100000,9.9885065094e-04,2.6195153205e+00
137.150000,9.9946390745e-04,2.3754112645e+00
137.200000,9.9989391218e-04,2.4503356788e+00
137.250000,1.0001653674e-03,2.4614978135e+00
137.300000,1.0005717184e-03,2.7917244721e+00
137.350000,9.9954874115e-04,2.5079728137e+00
137.400000,1.0005369878e-03,2.5022643254e+00
137.450000,9.9847609824e-04,2.6066295034e+00
137.500000,9.9939231514e-04,2.3679897353e+00
137.550000,9.9840823921e-04,2.3601334274e+00
137.600000,9.9883150130e-04,2.4526973994e+00
137.650000,1.0009469532e-03,2.7259559340e+00
137.700000,1.0007262867e-03,2.5850953285e+00
137.750000,1.0000760587e-03,2.5845087643e+00
137.800000,1.0008010354e-03,2.5736912022e+00
137.850000,9.9966282267e-04,2.4993890842e+00
137.900000,1.0000658800e-03,2.4523333546e+00
137.950000,1.0011814779e-03,2.6256709445e+00
138.000000,1.0002962817e-03,2.5694081688e+00
138.050000,1.0010844234e-03,2.5222198900e+00
138.100000,9.9834385829e-04,2.4711340183e+00
138.150000,9.9965796127e-04,2.4992634239e+00
138.200000,1.0002104265e-03,2.6582956299e+00
138.250000,9.9809460724e-04,2.5388499662e+00
138.300000,9.9859014343e-04,2.4391333769e+00
138.350000,9.9883209893e-04,2.7187293725e+00
138.400000,9.9912816968e-04,2.3030026207e+00
138.450000,9.9968475372e-04,2.6591625135e+00
138.500000,9.9831149227e-04,2.3585091604e+00
138.550000,9.9940413428e-04,2.6912196144e+00
138.600000,1.0014408014e-03,2.6692755534e+00
138.650000,1.0015608065e-03,2.4354905245e+00
138.700000,9.9951729657e-04,2.5789857680e+00
138.750000,1.0006782123e-03,2.6645412384e+00
138.800000,9.9761098811e-04,2.3502731667e+00
138.850000,9.9896194723e-04,2.3002249805e+00
138.900000,1.0002315531e-03,2.6814034117e+00
138.950000,9.9980536758e-04,2.4012001749e+00
139.000000,1.0010510387e-03,2.4713462167e+00
139.050000,9.9910389676e-04,2.6535350267e+00
139.100000,9.9842366488e-04,2.3610459178e+00
139.150000,1.0013103492e-03,2.5129947850e+00
139.200000,9.9971441363e-04,2.6310116673e+00
139.250000,1.0006046623e-03,2.3778220914e+00
139.300000,9.9939868908e-04,2.5411389198e+00
139.350000,1.0014822343e-03,2.5409692810e+00
139.400000,1.0004862252e-03,2.5083413956e+00
139.450000,1.0008833261e-03,2.4476461611e+00
139.500000,1.0001623742e-03,2.5341583757e+00
139.550000,9.9930931698e-04,2.4834798625e+00
139.600000,1.0008585765e-03,2.6160709559e+00
139.650000,1.0000341132e-03,2.4155484874e+00
139.700000,1.0005053246e-03,2.6935756686e+00
139.750000,9.9974719083e-04,2.4859554848e+00
139.800000,9.9935378565e-04,2.7184380302e+00
139.850000,1.0012902481e-03,2.7164523976e+00
139.900000,1.0002853871e-03,2.4478351185e+00
139.950000,1.0000734862e-03,2.6277019140e+00
140.000000,1.0013995497e-03,2.5697239513e+00
140.050000,9.9929283434e-04,2.5523755022e+00
140.100000,1.0005710694e-03,2.6234571777e+00
140.150000,9.9986639945e-04,2.5410065396e+00
140.200000,9.9954984641e-04,2.3722195281e+00
140.250000,9.9846294286e-04,2.4398968368e+00
140.300000,1.0007581552e-03,2.5298178131e+00
140.350000,1.0010249531e-03,2.6714143215e+00
140.400000,9.9960319398e-04,2.4055830814e+00
140.450000,9.9992276525e-04,2.6280689714e+00
140.500000,1.0011504584e-03,2.6975749270e+00
140.550000,9.9881734447e-04,2.3491829342e+00
140.600000,9.9957389916e-04,2.3722093026e+00
140.650000,9.9858348556e-04,2.6422727043e+00
140.700000,1.0015748040e-03,2.5465880907e+00
140.750000,1.0018106513e-03,2.2550076204e+00
140.800000,9.9997531367e-04,2.7396644404e+00
140.850000,9.9857997965e-04,2.5709777934e+00
140.900000,1.0010227187e-03,2.2902293109e+00
140.950000,1.0002003438e-03,2.4042421877e+00
141.000000,1.0025523337e-03,2.5175462526e+00
141.050000,9.9953522333e-04,2.4860497078e+00
141.100000,9.9953832749e-04,2.5874097531e+00
141.150000,1.0006252444e-03,2.4920441212e+00
141.200000,1.0002640940e-03,2.4944294758e+00
141.250000,1.0011740295e-03,2.4496986800e+00
141.300000,9.9951684280e-04,2.4621474336e+00
141.350000,1.0006934830e-03,2.5445877136e+00
141.400000,1.0008092831e-03,2.4257992959e+00
141.450000,9.9985487653e-04,2.6152963835e+00
141.500000,1.0012021865e-03,2.5195228874e+00
141.550000,9.9904974772e-04,2.2510780302e+00
141.600000,1.0012474460e-03,2.5774899859e+00
141.650000,9.9984082478e-04,2.6030827818e+00
141.700000,1.0002274144e-03,2.8202093353e+00
141.750000,9.9897758366e-04,2.5720972325e+00
141.800000,9.9950557373e-04,2.4554916803e+00
141.850000,1.0004918776e-03,2.3320566207e+00
141.900000,1.0009629115e-03,2.4629989498e+00
141.950000,9.9996601045e-04,2.5842203535e+00
142.000000,1.0013193021e-03,2.6371316161e+00
142.050000,9.9995389621e-04,2.3929280887e+00
142.100000,1.0002811693e-03,2.3488394635e+00
142.150000,1.0007621066e-03,2.5836130274e+00
142.200000,9.9862161151e-04,2.3282040226e+00
142.250000,9.9966550647e-04,2.3469666621e+00
142.300000,1.0000571212e-03,2.5658648094e+00
142.350000,9.9999849206e-04,2.5426512854e+00
142.400000,9.9916670444e-04,2.5264495452e+00
142.450000,9.9814346979e-04,2.5368595437e+00
142.500000,9.9932452806e-04,2.2128300384e+00
142.550000,1.0005306484e-03,2.4764571961e+00
142.600000,9.9927386882e-04,2.4603713311e+00
142.650000,1.0006832064e-03,2.5520332068e+00
142.700000,9.9823993790e-04,2.3735600715e+00
142.750000,1.0004173854e-03,2.4940802568e+00
142.800000,9.9855928871e-04,2.4822471499e+00
142.850000,1.0027656350e-03,2.2114030907e+00
142.900000,1.0002635318e-03,2.2102995948e+00
142.950000,9.9983699846e-04,2.6000039289e+00
143.000000,1.0010076578e-03,2.5748387196e+00
143.050000,9.9985179618e-04,2.5979255097e+00
143.100000,9.9895595010e-04,2.5672323851e+00
143.150000,1.0003584434e-03,2.4797625259e+00
143.200000,9.9956700278e-04,2.5971094331e+00
143.250000,9.9977801085e-04,2.4578425536e+00
143.300000,9.9846257066e-04,2.5099091689e+00
143.350000,1.0002811062e-03,2.4262507604e+00
143.400000,9.9932449519e-04,2.2647544036e+00
143.450000,1.0014580136e-03,2.3245981355e+00
143.500000,1.0002726740e-03,2.5129072856e+00
143.550000,9.9842390963e-04,2.6482537567e+00
143.600000,9.9820916248e-04,2.4603402033e+00
143.650000,9.9946252490e-04,2.5383700219e+00
143.700000,9.9943938760e-04,2.4358433334e+00
143.750000,9.9919681968e-04,2.2998682597e+00
143.800000,9.9840980652e-04,2.4811782766e+00
143.850000,9.9906624683e-04,2.5305982585e+00
143.900000,9.9998300008e-04,2.4840130187e+00
143.950000,1.0008911159e-03,2.4543252095e+00
144.000000,1.0000850380e-03,2.5469761271e+00
144.050000,1.0003852056e-03,2.5332508420e+00
144.100000,9.9978897060e-04,2.5815933476e+00
144.150000,1.0003814740e-03,2.5532477514e+00
144.200000,1.0005687335e-03,2.5263943158e+00
144.250000,1.0003337047e-03,2.5126311028e+00
144.300000,1.0000571756e-03,2.4625871202e+00
144.350000,1.0001193809e-03,2.3635166885e+00
144.400000,1.0005935690e-03,2.6121185562e+00
144.450000,1.0003608896e-03,2.4481541268e+00
144.500000,1.0007845551e-03,2.6238609532e+00
144.550000,1.0001134860e-03,2.5480934085e+00
144.600000,1.0003575044e-03,2.5235505112e+00
144.650000,1.0002614144e-03,2.4005926017e+00
144.700000,1.0008090739e-03,2.2934881455e+00
144.750000,1.0005794303e-03,2.7307216975e+00
144.800000,9.9994320280e-04,2.3574696520e+00
144.850000,9.9840495604e-04,2.4747239455e+00
144.900000,1.0017186901e-03,2.4820306798e+00
144.950000,1.0013736893e-03,2.4582035027e+00
145.000000,9.9977309335e-04,2.4341385035e+00
145.050000,9.9974530609e-04,2.3918307938e+00
145.100000,1.0006674392e-03,2.5684583098e+00
145.150000,9.9995426296e-04,2.5422619248e+00
145.200000,1.0015541113e-03,2.5021418563e+00
145.250000,1.0013529016e-03,2.5269473457e+00
145.300000,1.0013416820e-03,2.4300842116e+00
145.350000,1.0000128912e-03,2.5503388739e+00
145.400000,9.9922282707e-04,2.4349466018e+00
145.450000,1.0021289810e-03,2.6712395954e+00
145.500000,9.9909366659e-04,2.6815939438e+00
145.550000,9.9875537654e-04,2.5656591039e+00
145.600000,9.9845934008e-04,2.3939301590e+00
145.650000,1.0003618467e-03,2.3871825277e+00
145.700000,1.0002835340e-03,2.5445819434e+00
145.750000,1.0007388732e-03,2.6984124761e+00
145.800000,1.0005813101e-03,2.4472556588e+00
145.850000,9.9875598003e-04,2.5358085832e+00
145.900000,1.0009462851e-03,2.6643761410e+00
145.950000,9.9967101463e-04,2.3848226221e+00
146.000000,9.9927906348e-04,2.6414988553e+00
146.050000,9.9999857382e-04,2.7091959980e+00
146.100000,1.0008661349e-03,2.5030377704e+00
146.150000,9.9998090963e-04,2.4000469079e+00
146.200000,9.9887189774e-04,2.3678402937e+00
146.250000,9.9931748902e-04,2.5974351564e+00
146.300000,1.0017432700e-03,2.4785855045e+00
146.350000,9.9939090415e-04,2.6807222818e+00
146.400000,9.9779896570e-04,2.6702243349e+00
146.450000,1.0002784173e-03,2.6158606557e+00
146.500000,1.0000812525e-03,2.5575324221e+00
146.550000,1.0000046485e-03,2.5445157982e+00
146.600000,9.9861787400e-04,2.5843437196e+00
146.650000,1.0020201066e-03,2.7595027139e+00
146.700000,9.9996422180e-04,2.3965812614e+00
146.750000,9.9904517660e-04,2.6656183027e+00
146.800000,9.9895933028e-04,2.4730631306e+00
146.850000,9.9937955320e-04,2.6032266911e+00
146.900000,1.0008752770e-03,2.3425885178e+00
146.950000,1.0002754023e-03,2.6864031528e+00
147.000000,9.9850566610e-04,2.4141052276e+00
147.050000,9.9994122686e-04,2.4838947828e+00
147.100000,9.9971137469e-04,2.3369620654e+00
147.150000,1.0001331477e-03,2.4942585732e+00
147.200000,9.9867557077e-04,2.4221939482e+00
147.250000,1.0018441284e-03,2.5172409285e+00
147.300000,1.0010601591e-03,2.7166300277e+00
147.350000,9.9957021777e-04,2.5506758636e+00
147.400000,1.0006592108e-03,2.2954719007e+00
147.450000,9.9886687044e-04,2.1803402008e+00
147.500000,1.0000306476e-03,2.4955838693e+00
147.550000,9.9958307251e-04,2.3368995845e+00
147.600000,9.9896718177e-04,2.6078086485e+00
147.650000,9.9849659485e-04,2.4738828674e+00
147.700000,1.0000068734e-03,2.5641717497e+00
147.750000,1.0009638464e-03,2.7037838814e+00
147.800000,1.0002510684e-03,2.6395319068e+00
147.850000,9.9844548347e-04,2.4959132138e+00
147.900000,9.9976347762e-04,2.4255435587e+00
147.950000,1.0001376840e-03,2.7011132423e+00
148.000000,9.9902304006e-04,2.5422665458e+00
148.050000,9.9964039146e-04,2.5965271821e+00
148.100000,1.0003712044e-03,2.5375238017e+00
148.150000,9.9981250991e-04,2.6759543559e+00
148.200000,9.9811501804e-04,2.5348887485e+00
148.250000,9.9996489169e-04,2.4895457889e+00
148.300000,9.9985596332e-04,2.6688468189e+00
148.350000,9.9812554265e-04,2.5318954368e+00
148.400000,1.0007227421e-03,2.6499996985e+00
148.450000,9.9924369868e-04,2.6611974110e+00
148.500000,9.9838551731e-04,2.4677525451e+00
148.550000,9.9977138587e-04,2.6675869413e+00
148.600000,9.9957942469e-04,2.6272902341e+00
148.650000,9.9984423149e-04,2.7031765631e+00
148.700000,9.9929179069e-04,2.5200822383e+00
148.750000,1.0007932296e-03,2.5751346849e+00
148.800000,1.0012250316e-03,2.5678541406e+00
148.850000,9.9929563901e-04,2.6797461891e+00
148.900000,9.9806445603e-04,2.3436675436e+00
148.950000,1.0010134170e-03,2.4577689199e+00
149.000000,9.9799830589e-04,2.5358925793e+00
149.050000,9.9905432983e-04,2.5787021035e+00
149.100000,9.9847599238e-04,2.6392120532e+00
149.150000,1.0007048630e-03,2.6322487265e+00
149.200000,9.9977898016e-04,2.3471593968e+00
149.250000,9.9949155280e-04,2.5067006746e+00
149.300000,9.9994383027e-04,2.7244540035e+00
149.350000,1.0003456846e-03,2.2609706055e+00
149.400000,9.9921282027e-04,2.6241136738e+00
149.450000,9.9999282882e-04,2.4364771984e+00
149.500000,1.0003145579e-03,2.4931573820e+00
149.550000,9.9972262627e-04,2.5843076152e+00
149.600000,1.0010079390e-03,2.7120379148e+00
149.650000,1.0002922326e-03,2.5770187795e+00
149.700000,9.9922550772e-04,2.7425781472e+00
149.750000,9.9961180995e-04,2.6359431629e+00
149.800000,1.0010216345e-03,2.5731941032e+00
149.850000,1.0006057587e-03,2.7184138206e+00
149.900000,9.9997251597e-04,2.7295139802e+00
149.950000,9.9969435120e-04,2.5669118437e+00
150.000000,1.0002721552e-03,2.2531386240e+00
150.050000,1.0010963669e-03,2.6763804229e+00
150.100000,1.0004211017e-03,2.2265802263e+00
150.150000,1.0009528632e-03,2.3057997560e+00
150.200000,9.9959343878e-04,2.4108208395e+00
150.250000,9.9957338385e-04,2.4139483854e+00
150.300000,9.9955540095e-04,2.7116753467e+00
150.350000,9.9851327779e-04,2.6962646701e+00
150.400000,1.0004498941e-03,2.6353417350e+00
150.450000,1.0000056967e-03,2.5990331767e+00
150.500000,9.9759470504e-04,2.3039402363e+00
150.550000,1.0002156882e-03,2.3364394606e+00
150.600000,1.0003647600e-03,2.5722209438e+00
150.650000,1.0005972118e-03,2.6155466663e+00
150.700000,9.9892933947e-04,2.5156641967e+00
150.750000,1.0000735421e-03,2.4169198603e+00
150.800000,1.0009855825e-03,2.5456400687e+00
150.850000,1.0008252941e-03,2.5411870067e+00
150.900000,1.0011604180e-03,2.5335926396e+00
150.950000,9.9924814142e-04,2.4341659562e+00
151.000000,9.9890356149e-04,2.5155587828e+00
151.050000,9.9808912009e-04,2.6257869121e+00
151.100000,9.9905936166e-04,2.6423103171e+00
151.150000,9.9942853169e-04,2.2238325486e+00
151.200000,1.0011585838e-03,2.4934373990e+00
151.250000,1.0012252793e-03,2.5821063779e+00
151.300000,1.0007135823e-03,2.6408756827e+00
151.350000,9.9993299967e-04,2.3706385726e+00
151.400000,9.9899231240e-04,2.3271185363e+00
151.450000,1.0012005358e-03,2.3462128204e+00
151.500000,9.9938603078e-04,2.4076061635e+00
151.550000,1.0006947557e-03,2.3827323920e+00
151.600000,1.0006007796e-03,2.3429934748e+00
151.650000,9.9969248955e-04,2.5009794780e+00
151.700000,9.9873598575e-04,2.6232909380e+00
151.750000,1.0005165266e-03,2.4340292344e+00
151.800000,9.9989578495e-04,2.3842253564e+00
151.850000,1.0005377324e-03,2.7306264524e+00
151.900000,1.0005574196e-03,2.3974215409e+00
151.950000,1.0007510111e-03,2.4223488384e+00
152.000000,1.0003674967e-03,2.5127018998e+00
152.050000,1.0006756648e-03,2.5248663339e+00
152.100000,1.0006078249e-03,2.5845764669e+00
152.150000,1.0007061026e-03,2.3268588876e+00
152.200000,1.0003078849e-03,2.4910022525e+00
152.250000,9.9960767625e-04,2.4150512615e+00
152.300000,1.0012760093e-03,2.3269385154e+00
152.350000,1.0006079680e-03,2.7541870112e+00
152.400000,1.0009364098e-03,2.5158687203e+00
152.450000,1.0003346831e-03,2.5838801363e+00
152.500000,9.9932882070e-04,2.5330636849e+00
152.550000,9.9945370674e-04,2.4409189492e+00
152.600000,9.9920118238e-04,2.4765016538e+00
152.650000,9.9854034643e-04,2.7942614131e+00
152.700000,1.0005584749e-03,2.5334290770e+00
152.750000,1.0006430192e-03,2.5386555395e+00
152.800000,9.9704713713e-04,2.5814357464e+00
152.850000,1.0009982208e-03,2.4886624888e+00
152.900000,1.0005028698e-03,2.4918140675e+00
152.950000,1.0001796291e-03,2.3436509799e+00
153.000000,1.0001338050e-03,2.7024501901e+00
153.050000,9.9946356087e-04,2.4936384557e+00
153.100000,1.0008804963e-03,2.5659674514e+00
153.150000,9.9978579829e-04,2.6147210718e+00
153.200000,1.0004496618e-03,2.4554402729e+00
153.250000,9.9986147713e-04,2.3958916776e+00
153.300000,9.9994857003e-04,2.5246314130e+00
153.350000,1.0010894929e-03,2.5117813436e+00
153.400000,1.0009045325e-03,2.6209097090e+00
153.450000,9.9839061295e-04,2.3317807693e+00
153.500000,1.0009553725e-03,2.2718493165e+00
153.550000,9.9954227549e-04,2.4944343511e+00
153.600000,1.0010682226e-03,2.4710339254e+00
153.650000,9.9875651061e-04,2.5054811489e+00
153.700000,1.0007109129e-03,2.3454642099e+00
153.750000,9.9955490928e-04,2.4297506058e+00
153.800000,9.9847565632e-04,2.7608991126e+00
153.850000,9.9941020231e-04,2.5124348980e+00
153.900000,1.0002277506e-03,2.4102160445e+00
153.950000,9.9794996463e-04,2.5528483427e+00
154.000000,9.9990695539e-04,2.5693116543e+00
154.050000,9.9976357645e-04,2.3222239344e+00
154.100000,1.0014026363e-03,2.5107319606e+00
154.150000,9.9908309282e-04,2.6053771453e+00
154.200000,1.0008687122e-03,2.3170343898e+00
154.250000,1.0006223931e-03,2.2384566143e+00
154.300000,9.9931065407e-04,2.5122944884e+00
154.350000,9.9984984902e-04,2.6247644981e+00
154.400000,9.9861978883e-04,2.7917681839e+00
154.450000,1.0002713721e-03,2.6721747055e+00
154.500000,1.0001331499e-03,2.8019456313e+00
154.550000,9.9933883049e-04,2.4463967076e+00
154.600000,1.0004720888e-03,2.5715090837e+00
154.650000,1.0007636199e-03,2.3426974443e+00
154.700000,9.9981222572e-04,2.5151243071e+00
154.750000,1.0013694371e-03,2.7153395534e+00
154.800000,9.9978726997e-04,2.5137552005e+00
154.850000,9.9934219117e-04,2.4838699453e+00
154.900000,1.0005994982e-03,2.6321048199e+00
154.950000,9.9855894621e-04,2.4525750919e+00
155.000000,9.9937621607e-04,2.5489502080e+00
155.050000,9.9935370530e-04,2.6041489131e+00
155.100000,1.0022658736e-03,2.3502382187e+00
155.150000,9.9856860001e-04,2.7003148759e+00
155.200000,1.0010043348e-03,2.6798950826e+00
155.250000,9.9824196709e-04,2.5682495643e+00
155.300000,9.9916351352e-04,2.5621415219e+00
155.350000,1.0016222299e-03,2.5234480118e+00
155.400000,1.0017713870e-03,2.5076358710e+00
155.450000,9.9897262488e-04,2.5305389667e+00
155.500000,9.9829228279e-04,2.7541475355e+00
155.550000,9.9920674274e-04,2.6577843261e+00
155.600000,1.0002187514e-03,2.6220960711e+00
155.650000,1.0019035932e-03,2.3536116471e+00
155.700000,1.0006359481e-03,2.6517789929e+00
155.750000,1.0009033092e-03,2.5790646280e+00
155.800000,9.9892739531e-04,2.2668905023e+00
155.850000,9.9928322424e-04,2.2736713217e+00
155.900000,1.0000680915e-03,2.5081626238e+00
155.950000,1.0010848432e-03,2.4807669004e+00
156.000000,9.9995297214e-04,2.4029989503e+00
156.050000,1.0003645408e-03,2.7303694275e+00
156.100000,9.9867043704e-04,2.5084933289e+00
156.150000,9.9910393814e-04,2.6226310628e+00
156.200000,9.9893411072e-04,2.3784975307e+00
156.250000,1.0004247911e-03,2.6053402434e+00
156.300000,9.9846212604e-04,2.6532906114e+00
156.350000,1.0009690096e-03,2.4009551715e+00
156.400000,9.9938020854e-04,2.7063152197e+00
156.450000,9.9988921140e-04,2.4957604831e+00
156.500000,1.0027308321e-03,2.5866916597e+00
156.550000,9.9980213919e-04,2.6096710956e+00
156.600000,1.0002374857e-03,2.3765994599e+00
156.650000,9.9969186090e-04,2.7066697527e+00
156.700000,1.0000502387e-03,2.2290391386e+00
156.750000,1.0021742593e-03,2.6161589896e+00
156.800000,1.0004187430e-03,2.4688006466e+00
156.850000,1.0021672389e-03,2.4587653767e+00
156.900000,9.9838289421e-04,2.3511336507e+00
156.950000,9.9915213846e-04,2.5030997462e+00
157.000000,9.9877851118e-04,2.8210482105e+00
157.050000,1.0011140825e-03,2.7588915733e+00
157.100000,1.0002007637e-03,2.5525494533e+00
157.150000,9.9967742232e-04,2.2633076812e+00
157.200000,1.0002682177e-03,2.4029645872e+00
157.250000,9.9966495629e-04,2.3738788822e+00
157.300000,1.0009618603e-03,2.2824909865e+00
157.350000,9.9954664407e-04,2.5101058405e+00
157.400000,9.9869186251e-04,2.4175286619e+00
157.450000,1.0010007224e-03,2.4909058533e+00
157.500000,9.9967432699e-04,2.6475733663e+00
157.550000,1.0009489941e-03,2.6523377503e+00
157.600000,9.9921209443e-04,2.2970989434e+00
157.650000,1.0003765120e-03,2.4152027790e+00
157.700000,9.9984234737e-04,2.5711938904e+00
157.750000,1.0018793226e-03,2.7464784195e+00
157.800000,9.9837538426e-04,2.6560730499e+00
157.850000,9.9920241918e-04,2.6489275281e+00
157.900000,9.9968299158e-04,2.6624059287e+00
157.950000,1.0011181797e-03,2.7654484687e+00
158.000000,9.9858298677e-04,2.5497711250e+00
158.050000,9.9987896165e-04,2.6043904198e+00
158.100000,1.0004241443e-03,2.4827021960e+00
158.150000,9.9957301364e-04,2.3675211926e+00
158.200000,9.9883911271e-04,2.4261632617e+00
158.250000,1.0028636901e-03,2.5877333978e+00
158.300000,9.9976395875e-04,2.3588482764e+00
158.350000,1.0001711639e-03,2.5097309221e+00
158.400000,9.9944168945e-04,2.3791363575e+00
158.450000,9.9996196184e-04,2.4837174847e+00
158.500000,1.0003152310e-03,2.7040667867e+00
158.550000,9.9882269803e-04,2.4696140068e+00
158.600000,1.0003672348e-03,2.3141446766e+00
158.650000,9.9906146585e-04,2.6847512621e+00
158.700000,1.0014435208e-03,2.5220265457e+00
158.750000,1.0003087093e-03,2.5653859671e+00
158.800000,1.0005253758e-03,2.3626810183e+00
158.850000,9.9859937272e-04,2.6910348553e+00
158.900000,1.0012567227e-03,2.3547207244e+00
158.950000,1.0005974408e-03,2.3765905219e+00
159.000000,1.0017963274e-03,2.6593443861e+00
159.050000,1.0009811743e-03,2.3761041403e+00
159.100000,1.0002800197e-03,2.3792813661e+00
159.150000,9.9980424172e-04,2.5950996512e+00
159.200000,1.0009357945e-03,2.3479890202e+00
159.250000,1.0002620476e-03,2.5890954749e+00
159.300000,1.0001940601e-03,2.7294086033e+00
159.350000,9.9991909230e-04,2.5716170872e+00
159.400000,1.0003607140e-03,2.6404947925e+00
159.450000,1.0019601481e-03,2.4917215902e+00
159.500000,1.0001398132e-03,2.7154976551e+00
159.550000,9.9930529046e-04,2.5449201316e+00
159.600000,1.0009426360e-03,2.3524136000e+00
159.650000,9.9860090269e-04,2.7072943439e+00
159.700000,9.9841118088e-04,2.5979228000e+00
159.750000,1.0018906818e-03,2.6940755734e+00
159.800000,9.9870266083e-04,2.2577260455e+00
159.850000,9.9819150088e-04,2.4345859890e+00
159.900000,9.9954994552e-04,2.6651541179e+00
159.950000,9.9894486906e-04,2.3775841105e+00
160.000000,1.0007922050e-03,2.3562606076e+00
160.050000,9.9751401779e-04,2.3962861441e+00
160.100000,1.0002345617e-03,2.5975032784e+00
160.150000,9.9814388302e-04,2.5201834102e+00
160.200000,1.0005265632e-03,2.5256644546e+00
160.250000,1.0005404033e-03,2.1623013220e+00
160.300000,1.0016708872e-03,2.4866158476e+00
160.350000,9.9981628588e-04,2.5853183579e+00
160.400000,9.9982318414e-04,2.4803399204e+00
160.450000,9.9902371637e-04,2.5602080309e+00
160.500000,9.9981460007e-04,2.5496096481e+00
160.550000,9.9941386079e-04,2.4591072994e+00
160.600000,1.0014307605e-03,2.4247206949e+00
160.650000,9.9856840742e-04,2.4532567310e+00
160.700000,1.0004589449e-03,2.6943943620e+00
160.750000,1.0002453886e-03,2.6224076378e+00
160.800000,1.0001223036e-03,2.5878366381e+00
160.850000,1.0000721507e-03,2.3663753758e+00
160.900000,9.9968074662e-04,2.4014883385e+00
160.950000,9.9811719936e-04,2.5117934702e+00
161.000000,1.0004649021e-03,2.4239869547e+00
161.050000,1.0003417748e-03,2.3192615967e+00
161.100000,1.0007064301e-03,2.3767245720e+00
161.150000,1.0010761499e-03,2.4369430130e+00
161.200000,9.9760889172e-04,2.5273500764e+00
161.250000,1.0005655255e-03,2.5377844116e+00
161.300000,1.0004885613e-03,2.3733024012e+00
161.350000,9.9955147267e-04,2.5809250466e+00
161.400000,1.0012732201e-03,2.2748288842e+00
161.450000,1.0014307543e-03,2.5549103437e+00
161.500000,1.0012705888e-03,2.5326411279e+00
161.550000,1.0009603905e-03,2.4956203638e+00
161.600000,1.0016280688e-03,2.4099708380e+00
161.650000,9.9945947042e-04,2.4670837348e+00
161.700000,9.9936960758e-04,2.5139956154e+00
161.750000,1.0003572259e-03,2.5416005936e+00
161.800000,1.0012151872e-03,2.4684955397e+00
161.850000,1.0013752472e-03,2.4382872401e+00
161.900000,1.0015518356e-03,2.3016545448e+00
161.950000,1.0000864961e-03,2.5246485915e+00
162.000000,1.0004463876e-03,2.6675972084e+00
162.050000,9.9900295805e-04,2.6660839842e+00
162.100000,9.9929758061e-04,2.5950324088e+00
162.150000,1.0015477222e-03,2.6018962684e+00
162.200000,1.0010286275e-03,2.5829284498e+00
162.250000,1.0009524538e-03,2.6429517053e+00
162.300000,1.0005251770e-03,2.5788374801e+00
162.350000,1.0007648076e-03,2.4228924714e+00
162.400000,9.9793201956e-04,2.5687927641e+00
162.450000,9.9863126173e-04,2.6701381258e+00
162.500000,9.9901645605e-04,2.3293607870e+00
162.550000,1.0011680148e-03,2.4791205324e+00
162.600000,9.9889431377e-04,2.5770268557e+00
162.650000,1.0017735637e-03,2.5824529415e+00
162.700000,1.0022788852e-03,2.5753682577e+00
162.750000,1.0013543805e-03,2.5052440269e+00
162.800000,9.9955288416e-04,2.4684058173e+00
162.850000,9.9903005382e-04,2.6537910296e+00
162.900000,9.9825727941e-04,2.5677037414e+00
162.950000,9.9956799354e-04,2.5837999003e+00
163.000000,9.9877146558e-04,2.3961552237e+00
163.050000,1.0002408518e-03,2.6323068371e+00
163.100000,9.9904792649e-04,2.6171708981e+00
163.150000,1.0010464648e-03,2.3577607675e+00
163.200000,9.9941177451e-04,2.4060385836e+00
163.250000,1.0005347591e-03,2.4558515886e+00
163.300000,1.0004370315e-03,2.4676513383e+00
163.350000,9.9956223646e-04,2.5984110465e+00
163.400000,9.9930902522e-04,2.7849199726e+00
163.450000,1.0007132092e-03,2.6530936208e+00
163.500000,1.0012774410e-03,2.3926643945e+00
163.550000,9.9950365369e-04,2.4696138588e+00
163.600000,9.9954633230e-04,2.4233367438e+00
163.650000,9.9890483966e-04,2.4413458097e+00
163.700000,9.9912019094e-04,2.4276947486e+00
163.750000,1.0004695491e-03,2.4700918874e+00
163.800000,9.9878612440e-04,2.4466640833e+00
163.850000,9.9936032424e-04,2.5119721287e+00
163.900000,1.0026996207e-03,2.5022368915e+00
163.950000,1.0005945108e-03,2.7778587298e+00
164.000000,1.0004084499e-03,2.5249399236e+00
164.050000,1.0004510413e-03,2.6814686672e+00
164.100000,1.0009682937e-03,2.8412255923e+00
164.150000,9.9974830521e-04,2.3736833377e+00
164.200000,1.0009953178e-03,2.5973558220e+00
164.250000,1.0016479399e-03,2.5108452186e+00
164.300000,9.9940857082e-04,2.6348990844e+00
164.350000,1.0000989056e-03,2.2903457593e+00
164.400000,9.9721200832e-04,2.4239958032e+00
164.450000,1.0012811782e-03,2.5232448082e+00
164.500000,9.9936482200e-04,2.3032149273e+00
164.550000,9.9964700458e-04,2.5943553604e+00
164.600000,9.9924897393e-04,2.8149785393e+00
164.650000,1.0006802104e-03,2.5090290650e+00
164.700000,9.9888231807e-04,2.6741785243e+00
164.750000,1.0007006093e-03,2.4155874086e+00
164.800000,9.9969979273e-04,2.5934423550e+00
164.850000,1.0008123731e-03,2.6668224714e+00
164.900000,9.9841612105e-04,2.6071588373e+00
164.950000,9.9956246159e-04,2.5801312162e+00
165.000000,1.0015063761e-03,2.4881633002e+00
165.050000,1.0007208316e-03,2.5873327078e+00
165.100000,1.0002521619e-03,2.2150568278e+00
165.150000,1.0001047613e-03,2.4434561913e+00
165.200000,1.0002692285e-03,2.5655834688e+00
165.250000,9.9979361132e-04,2.5525684435e+00
165.300000,1.0016673034e-03,2.6805359717e+00
165.350000,1.0010437417e-03,2.4523977392e+00
165.400000,9.9948864322e-04,2.7676441666e+00
165.450000,1.0007525811e-03,2.6656564357e+00
165.500000,9.9837776951e-04,2.5857661596e+00
165.550000,1.0001007923e-03,2.4213921923e+00
165.600000,9.9871426686e-04,2.4022009903e+00
165.650000,1.0003680322e-03,2.6016693194e+00
165.700000,9.9840380475e-04,2.3420206960e+00
165.750000,1.0012175037e-03,2.5042539997e+00
165.800000,9.9924604738e-04,2.5210718914e+00
165.850000,9.9929096087e-04,2.5471621912e+00
165.900000,1.0019870921e-03,2.4853890435e+00
165.950000,1.0005966405e-03,2.6697387938e+00
166.000000,9.9914788325e-04,2.3831147523e+00
166.050000,9.9800501562e-04,2.7620659356e+00
166.100000,1.0015733822e-03,2.7113469486e+00
166.150000,9.9997171679e-04,2.6900649188e+00
166.200000,9.9971198180e-04,2.3990946149e+00
166.250000,1.0020630679e-03,2.5580065000e+00
166.300000,9.9970071736e-04,2.6505102679e+00
166.350000,9.9980386582e-04,2.5779222477e+00
166.400000,9.9925281896e-04,2.5227183099e+00
166.450000,1.0015828966e-03,2.4787817774e+00
166.500000,1.0006704804e-03,2.3889001441e+00
166.550000,9.9896543185e-04,2.4561095510e+00
166.600000,9.9992080834e-04,2.6675325858e+00
166.650000,1.0016541123e-03,2.6213821137e+00
166.700000,9.9954024149e-04,2.4715569896e+00
166.750000,9.9987758254e-04,2.3214053783e+00
166.800000,1.0005376571e-03,2.4157992943e+00
166.850000,9.9984445104e-04,2.4372731753e+00
166.900000,1.0006730621e-03,2.4119719852e+00
166.950000,1.0036278906e-03,2.9625444969e+00
167.000000,1.0002643706e-03,2.6780842141e+00
167.050000,1.0001741353e-03,2.5662987982e+00
167.100000,9.9953034330e-04,2.5067434721e+00
167.150000,9.9995972076e-04,2.5409805358e+00
167.200000,1.0006942254e-03,2.5564707858e+00
167.250000,9.9945522410e-04,2.5877480052e+00
167.300000,9.9907488306e-04,2.3682620289e+00
167.350000,1.0019292003e-03,2.7489488861e+00
167.400000,1.0011723205e-03,2.2963587304e+00
167.450000,9.9850391656e-04,2.4739127639e+00
167.500000,1.0009271410e-03,2.6213486422e+00
167.550000,1.0012806562e-03,2.3897389455e+00
167.600000,9.9826336128e-04,2.2769338061e+00
167.650000,1.0005860929e-03,2.3614824628e+00
167.700000,9.9953728338e-04,2.4557804631e+00
167.750000,9.9936879835e-04,2.5128063594e+00
167.800000,9.9990624510e-04,2.8070210810e+00
167.850000,1.0012807813e-03,2.6244767197e+00
167.900000,1.0005108584e-03,2.6607150099e+00
167.950000,9.9872054559e-04,2.5916477507e+00
168.000000,1.0011298946e-03,2.4495830859e+00
168.050000,1.0005378737e-03,2.6177821584e+00
168.100000,9.9964916223e-04,2.6425782112e+00
168.150000,1.0011691237e-03,2.4870812341e+00
168.200000,9.9857086795e-04,2.6122501048e+00
168.250000,9.9819704961e-04,2.6588348126e+00
168.300000,1.0009265372e-03,2.1993410403e+00
168.350000,9.9916266530e-04,2.4030797032e+00
168.400000,9.9961829407e-04,2.4956506434e+00
168.450000,1.0011636206e-03,2.1915694009e+00
168.500000,1.0004734144e-03,2.5293984270e+00
168.550000,9.9918866711e-04,2.6833582112e+00
168.600000,9.9969423868e-04,2.4540597645e+00
168.650000,1.0007064454e-03,2.3242753515e+00
168.700000,1.0006312276e-03,2.4652503997e+00
168.750000,9.9951919542e-04,2.7266761765e+00
168.800000,9.9913143692e-04,2.4606374164e+00
168.850000,1.0012152187e-03,2.4616125817e+00
168.900000,9.9976305338e-04,2.5345875616e+00
168.950000,9.9991748059e-04,2.6189162772e+00
169.000000,9.9949953173e-04,2.4235901322e+00
169.050000,9.9723978631e-04,2.4929206663e+00
169.100000,1.0002018118e-03,2.6211895205e+00
169.150000,1.0011755309e-03,2.5735929592e+00
169.200000,1.0020089761e-03,2.6977610539e+00
169.250000,9.9859181352e-04,2.4248862762e+00
169.300000,9.9913300882e-04,2.7025405665e+00
169.350000,1.0000004104e-03,2.7960407771e+00
169.400000,1.0002720636e-03,2.7391158124e+00
169.450000,1.0010983823e-03,2.5102982588e+00
169.500000,9.9956663790e-04,2.6411999307e+00
169.550000,9.9987055510e-04,2.7974731547e+00
169.600000,1.0002327147e-03,2.3817180051e+00
169.650000,1.0017810433e-03,2.5005796587e+00
169.700000,1.0003239419e-03,2.4495565555e+00
169.750000,1.0001574565e-03,2.6041837191e+00
169.800000,9.9935095182e-04,2.5490154529e+00
169.850000,1.0000483296e-03,2.5558754368e+00
169.900000,1.0000868477e-03,2.5785248758e+00
169.950000,9.9925861479e-04,2.6164900733e+00
170.000000,1.0001220405e-03,2.5647547974e+00
170.050000,9.9799701005e-04,2.4438494680e+00
170.100000,9.9882887533e-04,2.6653369124e+00
170.150000,9.9990643243e-04,2.7475439689e+00
170.200000,1.0010372059e-03,2.5211367576e+00
170.250000,1.0011400704e-03,2.4882493389e+00
170.300000,1.0016100254e-03,2.7162587968e+00
170.350000,9.9863742749e-04,2.4745177269e+00
170.400000,1.0001517434e-03,2.6640917340e+00
170.450000,1.0006921712e-03,2.4674677343e+00
170.500000,1.0008531515e-03,2.4805006808e+00
170.550000,1.0009913664e-03,2.5087354040e+00
170.600000,9.9975103860e-04,2.4982056399e+00
170.650000,1.0015608764e-03,2.4384938510e+00
170.700000,1.0003973159e-03,2.2469265646e+00
170.750000,9.9836765444e-04,2.7236954655e+00
170.800000,1.0001145724e-03,2.7673419999e+00
170.850000,1.0001363032e-03,2.5841647129e+00
170.900000,1.0007658519e-03,2.3423573242e+00
170.950000,1.0020957690e-03,2.6992351810e+00
171.000000,1.0013279893e-03,2.5903697977e+00
171.050000,9.9986298629e-04,2.7486056369e+00
171.100000,9.9958399200e-04,2.5127694083e+00
171.150000,1.0002710481e-03,2.5538165144e+00
171.200000,1.0002016626e-03,2.5505648757e+00
171.250000,9.9928374583e-04,2.3821921290e+00
171.300000,9.9975218909e-04,2.4776247499e+00
171.350000,1.0010514782e-03,2.4128471570e+00
171.400000,9.9938962614e-04,2.4842377479e+00
171.450000,9.9893899263e-04,2.4051620394e+00
171.500000,9.9962213852e-04,2.4590743231e+00
171.550000,9.9977344400e-04,2.6608102369e+00
171.600000,9.9920497327e-04,2.5526458944e+00
171.650000,1.0000258539e-03,2.4474414946e+00
171.700000,1.0002859834e-03,2.6038029614e+00
171.750000,1.0014805728e-03,2.6730465446e+00
171.800000,1.0014658032e-03,2.4480281147e+00
171.850000,9.9994686310e-04,2.3902340305e+00
171.900000,9.9951801620e-04,2.2953193687e+00
171.950000,9.9855893651e-04,2.5742618128e+00
172.000000,9.9954449245e-04,2.5556842059e+00
172.050000,9.9950121630e-04,2.2433928314e+00
172.100000,1.0010346490e-03,2.6569461511e+00
172.150000,1.0010789187e-03,2.7482246336e+00
172.200000,9.9896153071e-04,2.6236041876e+00
172.250000,1.0001038756e-03,2.7855215533e+00
172.300000,9.9971808588e-04,2.4977526642e+00
172.350000,9.9893021765e-04,2.3285534054e+00
172.400000,9.9977274643e-04,2.5865066062e+00
172.450000,9.9891269758e-04,2.4640904209e+00
172.500000,1.0003720287e-03,2.5325234871e+00
172.550000,1.0015081538e-03,2.4875097682e+00
172.600000,9.9887057020e-04,2.1906389269e+00
172.650000,9.9956658098e-04,2.3896927534e+00
172.700000,1.0008321381e-03,2.4408289811e+00
172.750000,1.0005713661e-03,2.5233847619e+00
172.800000,9.9952194798e-04,2.6189419323e+00
172.850000,1.0000224657e-03,2.6810497592e+00
172.900000,9.9890746885e-04,2.5701807302e+00
172.950000,9.9984555759e-04,2.5533981594e+00
173.000000,9.9965792495e-04,2.4872909614e+00
173.050000,1.0005891125e-03,2.3918283624e+00
173.100000,1.0001532899e-03,2.5029269392e+00
173.150000,9.9918652779e-04,2.5269339347e+00
173.200000,1.0001625727e-03,2.4307246861e+00
173.250000,9.9784074558e-04,2.4082625734e+00
173.300000,1.0002121134e-03,2.5786627870e+00
173.350000,1.0020656907e-03,2.5112953860e+00
173.400000,1.0015523621e-03,2.7153435345e+00
173.450000,9.9971749592e-04,2.4648909449e+00
173.500000,9.9932233470e-04,2.3989928602e+00
173.550000,9.9949578495e-04,2.4356750144e+00
173.600000,1.0012994811e-03,2.7387564650e+00
173.650000,1.0004424969e-03,2.5424805877e+00
173.700000,9.9828468576e-04,2.3793975737e+00
173.750000,9.9888378901e-04,2.5885189045e+00
173.800000,1.0006645412e-03,2.3866230238e+00
173.850000,1.0020234850e-03,2.4402009538e+00
173.900000,9.9969586275e-04,2.4814575964e+00
173.950000,9.9958564889e-04,2.5743517251e+00
174.000000,9.9945086588e-04,2.3603110119e+00
174.050000,9.9936114440e-04,2.6566662704e+00
174.100000,1.0015173009e-03,2.4662814567e+00
174.150000,9.9950493375e-04,2.4147080754e+00
174.200000,1.0006370531e-03,2.5295017012e+00
174.250000,1.0018699256e-03,2.6236134551e+00
174.300000,9.9975883422e-04,2.7786540884e+00
174.350000,1.0010175291e-03,2.3369812876e+00
174.400000,1.0003303006e-03,2.5116333675e+00
174.450000,9.9977926588e-04,2.4486483717e+00
174.500000,1.0014384438e-03,2.6216762304e+00
174.550000,9.9961163368e-04,2.6681835279e+00
174.600000,1.0013463612e-03,2.5143966855e+00
174.650000,1.0007047426e-03,2.6854376878e+00
174.700000,9.9979196459e-04,2.5418495465e+00
174.750000,9.9920294608e-04,2.7222598368e+00
174.800000,1.0011446129e-03,2.4414754658e+00
174.850000,9.9982908253e-04,2.7353715395e+00
174.900000,1.0003800742e-03,2.1749743062e+00
174.950000,1.0004777286e-03,2.3275042829e+00
175.000000,9.9952625023e-04,2.5947387518e+00
175.050000,1.0016702093e-03,2.6576639204e+00
175.100000,1.0016507614e-03,2.3435623046e+00
175.150000,1.0014364907e-03,2.4484241437e+00
175.200000,9.9932678725e-04,2.5528450813e+00
175.250000,1.0000161986e-03,2.4275889852e+00
175.300000,9.9826965258e-04,2.6588594112e+00
175.350000,1.0007180518e-03,2.3802941215e+00
175.400000,9.9835699555e-04,2.6853449010e+00
175.450000,9.9910110518e-04,2.7148339117e+00
175.500000,9.9962681452e-04,2.5574956964e+00
175.550000,1.0011364582e-03,2.3957571544e+00
175.600000,1.0007971394e-03,2.4843306807e+00
175.650000,1.0014528970e-03,2.4009090834e+00
175.700000,1.0001180620e-03,2.3903551410e+00
175.750000,9.9998714375e-04,2.2291498939e+00
175.800000,9.9935056264e-04,2.7426247161e+00
175.850000,1.0009809537e-03,2.4443079566e+00
175.900000,1.0001199573e-03,2.4379449508e+00
175.950000,9.9951956139e-04,2.3790084303e+00
176.000000,9.9864106767e-04,2.4876245192e+00
176.050000,9.9918946665e-04,2.5010909826e+00
176.100000,9.9994670628e-04,2.1704590828e+00
176.150000,9.9970268791e-04,2.6689898647e+00
176.200000,1.0016968111e-03,2.5241866064e+00
176.250000,9.9991855653e-04,2.5234658296e+00
176.300000,9.9897521479e-04,2.3252332694e+00
176.350000,9.9920429648e-04,2.4865624564e+00
176.400000,9.9954327212e-04,2.4523471146e+00
176.450000,9.9944334095e-04,2.7074274791e+00
176.500000,1.0006387978e-03,2.4096405026e+00
176.550000,1.0001652331e-03,2.5373582692e+00
176.600000,1.0000466336e-03,2.4521483795e+00
176.650000,9.9991837840e-04,2.4463070575e+00
176.700000,1.0001907566e-03,2.4703582949e+00
176.750000,9.9778642899e-04,2.3083063452e+00
176.800000,9.9890600715e-04,2.5421842099e+00
176.850000,9.9836357242e-04,2.6033436197e+00
176.900000,1.0006521568e-03,2.5788458080e+00
176.950000,1.0006292809e-03,2.5756619251e+00
177.000000,1.0000571577e-03,2.4727163123e+00
177.050000,9.9839857303e-04,2.5787137167e+00
177.100000,9.9901178634e-04,2.4988626349e+00
177.150000,1.0000906085e-03,2.5362912515e+00
177.200000,9.9912408502e-04,2.6400338350e+00
177.250000,1.0008175744e-03,2.5793606739e+00
177.300000,1.0006912381e-03,2.5572737233e+00
177.350000,1.0012234093e-03,2.3365186812e+00
177.400000,1.0015523256e-03,2.2066768891e+00
177.450000,9.9969272293e-04,2.4982996668e+00
177.500000,9.9946306431e-04,2.5337481052e+00
177.550000,1.0000018211e-03,2.5177003278e+00
177.600000,9.9994912234e-04,2.5343296476e+00
177.650000,1.0006066379e-03,2.4021821382e+00
177.700000,1.0006963684e-03,2.1308731645e+00
177.750000,9.9887264826e-04,2.5864172072e+00
177.800000,1.0013584070e-03,2.5816219806e+00
177.850000,9.9799717009e-04,2.5912260861e+00
177.900000,9.9908613822e-04,2.7023336549e+00
177.950000,1.0010329968e-03,2.7351358698e+00
178.000000,1.0012050470e-03,2.6015039615e+00
178.050000,1.0011710254e-03,2.6885411207e+00
178.100000,1.0005850962e-03,2.5980082582e+00
178.150000,1.0005199068e-03,2.4118204849e+00
178.200000,9.9969595638e-04,2.4715462798e+00
178.250000,1.0006932016e-03,2.3701240296e+00
178.300000,1.0002234151e-03,2.4389731686e+00
178.350000,1.0003559996e-03,2.5348820907e+00
178.400000,1.0005447025e-03,2.4946620077e+00
178.450000,9.9797904368e-04,2.5246613159e+00
178.500000,9.9951465929e-04,2.3276927086e+00
178.550000,1.0005142374e-03,2.3782477871e+00
178.600000,1.0010023839e-03,2.5296565968e+00
178.650000,9.9938390731e-04,2.6240050649e+00
178.700000,9.9947335973e-04,2.7932977397e+00
178.750000,1.0009657807e-03,2.2951127735e+00
178.800000,1.0002315147e-03,2.3763761865e+00
178.850000,9.9834957437e-04,2.5819662817e+00
178.900000,9.9996994501e-04,2.4870701861e+00
178.950000,9.9844772344e-04,2.5628484632e+00
179.000000,1.0004189616e-03,2.6573255265e+00
179.050000,9.9962467679e-04,2.3894657094e+00
179.100000,9.9788188012e-04,2.3980482493e+00
179.150000,9.9989385774e-04,2.4821121621e+00
179.200000,1.0008227376e-03,2.5521351892e+00
179.250000,1.0002243937e-03,2.5804215547e+00
179.300000,1.0011484214e-03,2.6216222697e+00
179.350000,1.0001830615e-03,2.4570886139e+00
179.400000,1.0018373646e-03,2.5819769095e+00
179.450000,1.0010530200e-03,2.5257095099e+00
179.500000,1.0006872589e-03,2.7324016288e+00
179.550000,1.0004148602e-03,2.6916081561e+00
179.600000,1.0003947790e-03,2.6136500778e+00
179.650000,9.9980614320e-04,2.4900286466e+00
179.700000,9.9933599302e-04,2.2247701664e+00
179.750000,1.0000467579e-03,2.7146932552e+00
179.800000,1.0013029211e-03,2.3572249009e+00
179.850000,9.9974296382e-04,2.3826078093e+00
179.900000,1.0000284813e-03,2.5819887028e+00
179.950000,1.0003548503e-03,2.6954310744e+00
180.000000,1.0011992413e-03,2.4929805509e+00
180.050000,1.0004546443e-03,2.4596792951e+00
180.100000,1.0005374988e-03,2.4419869823e+00
180.150000,9.9951766344e-04,2.5612396811e+00
180.200000,9.9961912021e-04,2.5493652626e+00
180.250000,9.9750035516e-04,2.5788204553e+00
180.300000,9.9946391073e-04,2.2995922445e+00
180.350000,9.9730066049e-04,2.6625082478e+00
180.400000,1.0014251495e-03,2.3875924511e+00
180.450000,1.0019387140e-03,2.4520181620e+00
180.500000,1.0005066302e-03,2.5552319145e+00
180.550000,9.9854040948e-04,2.6172260516e+00
180.600000,1.0001699215e-03,2.4909991043e+00
180.650000,9.9794177693e-04,2.3304410830e+00
180.700000,9.9988594404e-04,2.6102245430e+00
180.750000,9.9961738251e-04,2.5170650721e+00
180.800000,1.0007253335e-03,2.5437119709e+00
180.850000,1.0006315766e-03,2.4801033682e+00
180.900000,1.0001161662e-03,2.5656906723e+00
180.950000,9.9980198148e-04,2.6491839384e+00
181.000000,1.0018666123e-03,2.5492205060e+00
181.050000,1.0001221605e-03,2.5652888475e+00
181.100000,9.9974721011e-04,2.4271099993e+00
181.150000,9.9799999942e-04,2.5304662724e+00
181.200000,9.9926031766e-04,2.4055710289e+00
181.250000,9.9952752307e-04,2.2632514632e+00
181.300000,9.9945200791e-04,2.5022751412e+00
181.350000,9.9980398756e-04,2.4325337695e+00
181.400000,9.9882800878e-04,2.3932967619e+00
181.450000,9.9969180340e-04,2.3542317671e+00
181.500000,1.0002110771e-03,2.5374476915e+00
181.550000,9.9942567213e-04,2.4371131209e+00
181.600000,1.0019906537e-03,2.6275013158e+00
181.650000,1.0005943752e-03,2.2887326425e+00
181.700000,9.9858454796e-04,2.6461427123e+00
181.750000,1.0000699365e-03,2.4515535606e+00
181.800000,1.0000826270e-03,2.5486911833e+00
181.850000,1.0009850458e-03,2.4701664284e+00
181.900000,9.9916336275e-04,2.5185890736e+00
181.950000,9.9994139844e-04,2.6457776096e+00
182.000000,1.0022311910e-03,2.5974206754e+00
182.050000,1.0004295704e-03,2.4262274095e+00
182.100000,1.0006160763e-03,2.5588314017e+00
182.150000,9.9949516176e-04,2.4479513844e+00
182.200000,1.0021663926e-03,2.2773217483e+00
182.250000,9.9992794930e-04,2.4777009866e+00
182.300000,1.0014480014e-03,2.5926618495e+00
182.350000,9.9898741948e-04,2.7390579335e+00
182.400000,1.0006232875e-03,2.7332035030e+00
182.450000,1.0001671700e-03,2.4141804793e+00
182.500000,1.0007773552e-03,2.3776472856e+00
182.550000,9.9823187776e-04,2.2924319383e+00
182.600000,9.9942552967e-04,2.4483950900e+00
182.650000,1.0003771723e-03,2.3230772327e+00
182.700000,9.9968828977e-04,2.7513992743e+00
182.750000,1.0006405697e-03,2.5124073759e+00
182.800000,9.9897232765e-04,2.6626725435e+00
182.850000,9.9968340736e-04,2.6209020763e+00
182.900000,1.0014043166e-03,2.5625491811e+00
182.950000,1.0031024306e-03,2.6315882191e+00
183.000000,1.0000886317e-03,2.7512998094e+00
183.050000,9.9914767908e-04,2.7001511450e+00
183.100000,1.0004854917e-03,2.7568352213e+00
183.150000,1.0006142451e-03,2.4673653282e+00
183.200000,1.0001785469e-03,2.5039414709e+00
183.250000,9.9954388841e-04,2.5367552407e+00
183.300000,1.0002891862e-03,2.6628923439e+00
183.350000,1.0000046801e-03,2.4170423553e+00
183.400000,1.0000240174e-03,2.5781555154e+00
183.450000,1.0008033623e-03,2.5373318242e+00
183.500000,9.9912850688e-04,2.4909277114e+00
183.550000,1.0019601150e-03,2.5478521438e+00
183.600000,9.9960743043e-04,2.4745589993e+00
183.650000,1.0029055641e-03,2.5226367191e+00
183.700000,1.0002644940e-03,2.4898170162e+00
183.750000,9.9887287729e-04,2.3973687238e+00
183.800000,1.0000263950e-03,2.7199634989e+00
183.850000,9.9748321232e-04,2.3574150820e+00
183.900000,1.0005645614e-03,2.5959984212e+00
183.950000,9.9940286660e-04,2.5294273278e+00
184.000000,9.9967535901e-04,2.6725750976e+00
184.050000,9.9962062706e-04,2.6074632533e+00
184.100000,9.9915648815e-04,2.5323324362e+00
184.150000,1.0011185952e-03,2.7068347045e+00
184.200000,1.0001312698e-03,2.5100528032e+00
184.250000,1.0006758902e-03,2.4642911338e+00
184.300000,9.9959611366e-04,2.5646700441e+00
184.350000,1.0016218153e-03,2.5489389322e+00
184.400000,9.9797527490e-04,2.4637106853e+00
184.450000,9.9992660663e-04,2.6896484313e+00
184.500000,9.9875453732e-04,2.8471712916e+00
184.550000,9.9891629073e-04,2.6130880946e+00
184.600000,9.9990571508e-04,2.3837343206e+00
184.650000,9.9968565652e-04,2.3801177727e+00
184.700000,1.0014272096e-03,2.4686940819e+00
184.750000,1.0012509525e-03,2.5247872478e+00
184.800000,9.9848542656e-04,2.4055507833e+00
184.850000,1.0004192694e-03,2.5956160167e+00
184.900000,9.9854146109e-04,2.4414877093e+00
184.950000,9.9892020570e-04,2.5754858954e+00
185.000000,1.0005105560e-03,2.5133164628e+00
185.050000,9.9951445548e-04,2.6645865607e+00
185.100000,9.9957312825e-04,2.4170078432e+00
185.150000,9.9860503794e-04,2.7653447520e+00
185.200000,9.9986231073e-04,2.4601074470e+00
185.250000,9.9883894967e-04,2.5602210161e+00
185.300000,9.9894429923e-04,2.4938282743e+00
185.350000,9.9982407008e-04,2.4909806458e+00
185.400000,1.0009080483e-03,2.4122736222e+00
185.450000,1.0009413375e-03,2.4905774094e+00
185.500000,9.9876748546e-04,2.6123969941e+00
185.550000,9.9910442798e-04,2.4344474025e+00
185.600000,1.0009278851e-03,2.5591237096e+00
185.650000,9.9860016980e-04,2.5892709338e+00
185.700000,9.9961929338e-04,2.5102386651e+00
185.750000,9.9960398500e-04,2.2670840970e+00
185.800000,9.9898284709e-04,2.3795533212e+00
185.850000,9.9965664002e-04,2.6481965792e+00
185.900000,1.0008190486e-03,2.5900427654e+00
185.950000,9.9974927759e-04,2.5528137652e+00
186.000000,9.9865698425e-04,2.6153653605e+00
186.050000,1.0017476735e-03,2.4464666843e+00
186.100000,1.0022543523e-03,2.6807094656e+00
186.150000,9.9978519336e-04,2.6316680072e+00
186.200000,1.0003450694e-03,2.4637996095e+00
186.250000,9.9989105434e-04,2.5520012268e+00
186.300000,9.9884118779e-04,2.4857714647e+00
186.350000,9.9983673485e-04,2.5085765953e+00
186.400000,1.0004623268e-03,2.6728471860e+00
186.450000,1.0000158351e-03,2.5027917921e+00
186.500000,9.9936640291e-04,2.3580344535e+00
186.550000,1.0005361751e-03,2.7300767204e+00
186.600000,1.0011253782e-03,2.5895461994e+00
186.650000,1.0000058960e-03,2.8018919189e+00
186.700000,9.9866300368e-04,2.5180637317e+00
186.750000,1.0006665959e-03,2.4257080738e+00
186.800000,1.0010933111e-03,2.4908619931e+00
186.850000,9.9974820079e-04,2.7208113695e+00
186.900000,9.9983553936e-04,2.7394877902e+00
186.950000,1.0003714798e-03,2.6902161205e+00
187.000000,1.0000566785e-03,2.6486763050e+00
187.050000,9.9981126979e-04,2.6189397871e+00
187.100000,9.9900491621e-04,2.6814833545e+00
187.150000,1.0020379222e-03,2.4614023736e+00
187.200000,9.9929488361e-04,2.5753692769e+00
187.250000,9.9956587664e-04,2.5248324922e+00
187.300000,1.0013842374e-03,2.6659002724e+00
187.350000,1.0008175022e-03,2.7458180647e+00
187.400000,1.0005460743e-03,2.4986176397e+00
187.450000,1.0000427195e-03,2.1489208417e+00
187.500000,9.9927515289e-04,2.4707799630e+00
187.550000,9.9983212084e-04,2.3793541883e+00
187.600000,9.9940953088e-04,2.4541430692e+00
187.650000,9.9979039722e-04,2.6565509663e+00
187.700000,1.0006529239e-03,2.4332253214e+00
187.750000,9.9880753965e-04,2.2815156426e+00
187.800000,9.9900288770e-04,2.6323633623e+00
187.850000,1.0011881681e-03,2.6054640861e+00
187.900000,9.9857527001e-04,2.7812028675e+00
187.950000,1.0007027131e-03,2.5575093977e+00
188.000000,1.0005793344e-03,2.4532336830e+00
188.050000,1.0015909835e-03,2.7006018050e+00
188.100000,1.0000868610e-03,2.4398865033e+00
188.150000,9.9964838967e-04,2.4957670638e+00
188.200000,1.0012438902e-03,2.5397274976e+00
188.250000,1.0003112804e-03,2.3729471143e+00
188.300000,9.9999918188e-04,2.9105260590e+00
188.350000,9.9948270260e-04,2.3112976866e+00
188.400000,9.9796952711e-04,2.3248991431e+00
188.450000,9.9954527407e-04,2.6466606911e+00
188.500000,1.0004609762e-03,2.6600731259e+00
188.550000,9.9961531498e-04,2.6057925054e+00
188.600000,9.9845019002e-04,2.5489694647e+00
188.650000,1.0011174809e-03,2.7610661592e+00
188.700000,9.9917801464e-04,2.4227774177e+00
188.750000,1.0001253051e-03,2.6834353866e+00
188.800000,9.9894729705e-04,2.6982755451e+00
188.850000,1.0001827737e-03,2.5866936602e+00
188.900000,9.9786760138e-04,2.4628018046e+00
188.950000,1.0022007477e-03,2.5755007519e+00
189.000000,1.0028192732e-03,2.3973595206e+00
189.050000,1.0019954894e-03,2.5897771086e+00
189.100000,9.9981283296e-04,2.5480385552e+00
189.150000,1.0018485492e-03,2.4563684266e+00
189.200000,1.0009197481e-03,2.5116265368e+00
189.250000,1.0012925898e-03,2.4545651102e+00
189.300000,1.0009075769e-03,2.7431474201e+00
189.350000,9.9967309804e-04,2.6594623966e+00
189.400000,1.0012817674e-03,2.2803315939e+00
189.450000,1.0013710300e-03,2.4709738386e+00
189.500000,1.0001894646e-03,2.6460884818e+00
189.550000,1.0009352231e-03,2.5284497813e+00
189.600000,1.0004387068e-03,2.6149203628e+00
189.650000,1.0001185278e-03,2.4967122905e+00
189.700000,9.9906342235e-04,2.4509589891e+00
189.750000,1.0009980621e-03,2.6328223386e+00
189.800000,1.0004717653e-03,2.3431801660e+00
189.850000,9.9893154870e-04,2.3575676638e+00
189.900000,9.9903169239e-04,2.8968679037e+00
189.950000,9.9802886702e-04,2.4908788488e+00
190.000000,9.9764516238e-04,2.6816081759e+00
190.050000,9.9905035204e-04,2.5372577144e+00
190.100000,9.9978912554e-04,2.6528801185e+00
190.150000,1.0005861354e-03,2.5212329070e+00
190.200000,1.0001111574e-03,2.4707086361e+00
190.250000,9.9897943944e-04,2.6056278805e+00
190.300000,9.9983970764e-04,2.4841340845e+00
190.350000,9.9866605266e-04,2.5563650499e+00
190.400000,1.0006120069e-03,2.4321943609e+00
190.450000,9.9987965870e-04,2.6341948701e+00
190.500000,9.9952169201e-04,2.3185640871e+00
190.550000,9.9910130732e-04,2.4248705181e+00
190.600000,9.9918483939e-04,2.3854222080e+00
190.650000,9.9865460890e-04,2.4999080239e+00
190.700000,1.0014158425e-03,2.6493750892e+00
190.750000,9.9892014218e-04,2.6144753092e+00
190.800000,9.9973011533e-04,2.4878488623e+00
190.850000,9.9998712999e-04,2.6035906302e+00
190.900000,1.0000802907e-03,2.4627672548e+00
190.950000,1.0002127086e-03,2.4016433854e+00
191.000000,1.0009286874e-03,2.4094275243e+00
191.050000,9.9960188629e-04,2.3333793410e+00
191.100000,9.9920625310e-04,2.4230367910e+00
191.150000,1.0008677087e-03,2.6382238641e+00
191.200000,1.0021076612e-03,2.3105327756e+00
191.250000,1.0011923612e-03,2.5924927613e+00
191.300000,1.0007887235e-03,2.5621519759e+00
191.350000,1.0003345985e-03,2.6239201330e+00
191.400000,9.9997695216e-04,2.4634067512e+00
191.450000,9.9826951319e-04,2.3739521798e+00
191.500000,1.0000780699e-03,2.5084682524e+00
191.550000,1.0017753742e-03,2.4005547298e+00
191.600000,9.9999726653e-04,2.6190332669e+00
191.650000,1.0013815115e-03,2.5545171410e+00
191.700000,9.9965268720e-04,2.5139890838e+00
191.750000,9.9998901704e-04,2.5110951803e+00
191.800000,1.0003325996e-03,2.4239184078e+00
191.850000,1.0013147263e-03,2.7411899429e+00
191.900000,9.9990971440e-04,2.3539200225e+00
191.950000,1.0015696734e-03,2.4303802039e+00
192.000000,1.0004550643e-03,2.3940637711e+00
192.050000,1.0002619363e-03,2.4418414702e+00
192.100000,1.0007266326e-03,2.6112070461e+00
192.150000,1.0010343631e-03,2.6530152748e+00
192.200000,9.9938558943e-04,2.5616591767e+00
192.250000,9.9864804304e-04,2.4344158816e+00
192.300000,1.0000290012e-03,2.1431619661e+00
192.350000,1.0009768225e-03,2.6040853309e+00
192.400000,9.9910952706e-04,2.5132810823e+00
192.450000,9.9967681630e-04,2.5590061410e+00
192.500000,1.0000780033e-03,2.5991243497e+00
192.550000,9.9874421635e-04,2.6608762325e+00
192.600000,1.0023416832e-03,2.5294488479e+00
192.650000,9.9854907900e-04,2.6298480337e+00
192.700000,9.9970681900e-04,2.3745302402e+00
192.750000,1.0002327975e-03,2.6188239390e+00
192.800000,9.9918379714e-04,2.4288491114e+00
192.850000,1.0016927223e-03,2.5498031952e+00
192.900000,9.9895544917e-04,2.5192808915e+00
192.950000,1.0002936713e-03,2.5525045524e+00
193.000000,1.0000080561e-03,2.7293730723e+00
193.050000,9.9848339192e-04,2.5925419396e+00
193.100000,9.9923443785e-04,2.4940630955e+00
193.150000,1.0005067738e-03,2.4502511845e+00
193.200000,9.9989707927e-04,2.3583606099e+00
193.250000,1.0021103707e-03,2.5690974500e+00
193.300000,1.0002672964e-03,2.3872203519e+00
193.350000,1.0003563753e-03,2.6212884196e+00
193.400000,1.0009511803e-03,2.5550598705e+00
193.450000,9.9910834119e-04,2.4619764442e+00
193.500000,9.9989500685e-04,2.5940191404e+00
193.550000,9.9882809577e-04,2.4415744626e+00
193.600000,1.0007811399e-03,2.4598796656e+00
193.650000,1.0014786366e-03,2.5381300777e+00
193.700000,1.0000602047e-03,2.4941261587e+00
193.750000,9.9844882266e-04,2.6860473683e+00
193.800000,1.0002218605e-03,2.6046921130e+00
193.850000,1.0011242023e-03,2.4318609518e+00
193.900000,1.0004653630e-03,2.7273869089e+00
193.950000,9.9976692445e-04,2.5585662889e+00
194.000000,9.9978405140e-04,2.6159437756e+00
194.050000,9.9949787847e-04,2.5465205421e+00
194.100000,1.0003665073e-03,2.6919665946e+00
194.150000,1.0005465970e-03,2.6086302104e+00
194.200000,9.9954215766e-04,2.6768531732e+00
194.250000,1.0008101785e-03,2.5417932597e+00
194.300000,9.9926241313e-04,2.4962997744e+00
194.350000,9.9872799225e-04,2.6094970581e+00
194.400000,9.9943171498e-04,2.3789759384e+00
194.450000,9.9971233907e-04,2.2950590602e+00
194.500000,9.9856347614e-04,2.4887517281e+00
194.550000,1.0002482819e-03,2.5396449470e+00
194.600000,1.0013543732e-03,2.6281677289e+00
194.650000,9.9903827363e-04,2.6148146515e+00
194.700000,1.0012797711e-03,2.5208386144e+00
194.750000,9.9993805221e-04,2.7150351462e+00
194.800000,9.9866578711e-04,2.6271459136e+00
194.850000,1.0010754108e-03,2.6289824883e+00
194.900000,1.0004929978e-03,2.7756244481e+00
194.950000,9.9935933620e-04,2.5407974929e+00
195.000000,1.0004048360e-03,2.6744046739e+00
195.050000,9.9949691202e-04,2.3500841815e+00
195.100000,1.0002090536e-03,2.3499700544e+00
195.150000,1.0016802399e-03,2.5784400783e+00
195.200000,1.0032638468e-03,2.4953718259e+00
195.250000,1.0008965757e-03,2.5431063128e+00
195.300000,9.9974762894e-04,2.5419459662e+00
195.350000,1.0016686108e-03,2.4700448999e+00
195.400000,9.9896903922e-04,2.4239471662e+00
195.450000,1.0006147606e-03,2.5553110292e+00
195.500000,9.9920657163e-04,2.3981314377e+00
195.550000,9.9940525206e-04,2.4698788471e+00
195.600000,9.9946030130e-04,2.5194460849e+00
195.650000,9.9895126064e-04,2.4152035093e+00
195.700000,1.0000436000e-03,2.4343007904e+00
195.750000,1.0001888777e-03,2.6233279997e+00
195.800000,1.0002682760e-03,2.6487541920e+00
195.850000,9.9857213047e-04,2.5580450154e+00
195.900000,1.0010303425e-03,2.5231011419e+00
195.950000,1.0011090373e-03,2.7538676589e+00
196.000000,1.0001966333e-03,2.4092783242e+00
196.050000,9.9894739234e-04,2.5839240766e+00
196.100000,1.0014613396e-03,2.7061271270e+00
196.150000,1.0014728133e-03,2.5079525022e+00
196.200000,1.0011872560e-03,2.7978628225e+00
196.250000,1.0010327151e-03,2.8553156162e+00
196.300000,9.9926749924e-04,2.4491298779e+00
196.350000,1.0010380490e-03,2.5505844615e+00
196.400000,9.9975314258e-04,2.5430806881e+00
196.450000,9.9960205774e-04,2.3152255458e+00
196.500000,9.9815432415e-04,2.9284667249e+00
196.550000,9.9877126050e-04,2.6773567644e+00
196.600000,9.9947013855e-04,2.3696203632e+00
196.650000,9.9974564930e-04,2.1921396214e+00
196.700000,9.9998835597e-04,2.3482459965e+00
196.750000,1.0009998871e-03,2.5827833045e+00
196.800000,1.0008410355e-03,2.6688375233e+00
196.850000,9.9744126285e-04,2.5567801678e+00
196.900000,1.0004611632e-03,2.5245508196e+00
196.950000,1.0002011722e-03,2.5775465258e+00
197.000000,1.0010474207e-03,2.4883926415e+00
197.050000,9.9955625664e-04,2.3238773468e+00
197.100000,9.9977067410e-04,2.2949233064e+00
197.150000,9.9883178387e-04,2.5396854106e+00
197.200000,9.9893861984e-04,2.4244358991e+00
197.250000,9.9963943047e-04,2.4324072427e+00
197.300000,9.9781158982e-04,2.6029004805e+00
197.350000,1.0006169668e-03,2.4642270001e+00
197.400000,9.9920807553e-04,2.5368577189e+00
197.450000,9.9941916143e-04,2.0633747839e+00
197.500000,1.0005210703e-03,2.4562386732e+00
197.550000,9.9804479023e-04,2.6477704608e+00
197.600000,1.0013379991e-03,2.5574574332e+00
197.650000,1.0008962526e-03,2.5507353213e+00
197.700000,1.0003935354e-03,2.5296001281e+00
197.750000,9.9994427695e-04,2.5625420877e+00
197.800000,1.0003622665e-03,2.6451527794e+00
197.850000,1.0008280604e-03,2.3711832348e+00
197.900000,1.0010442577e-03,2.5438057247e+00
197.950000,9.9990352594e-04,2.5340674629e+00
198.000000,1.0007882718e-03,2.5608940770e+00
198.050000,9.9995544116e-04,2.7269226025e+00
198.100000,1.0006472041e-03,2.4074359770e+00
198.150000,9.9804784955e-04,2.3892608832e+00
198.200000,1.0009228475e-03,2.7546888639e+00
198.250000,9.9997652808e-04,2.4015538165e+00
198.300000,1.0005275225e-03,2.5270513904e+00
198.350000,1.0000714718e-03,2.4164406025e+00
198.400000,9.9986945120e-04,2.4335708172e+00
198.450000,9.9932189645e-04,2.6542696682e+00
198.500000,1.0003612822e-03,2.4967439949e+00
198.550000,9.9965041228e-04,2.6152888134e+00
198.600000,1.0003648951e-03,2.4515057055e+00
198.650000,1.0017274420e-03,2.7649018092e+00
198.700000,9.9922941677e-04,2.5299663734e+00
198.750000,9.9985609832e-04,2.5962026982e+00
198.800000,9.9884863672e-04,2.4342774158e+00
198.850000,9.9907815013e-04,2.4589129646e+00
198.900000,9.9880625283e-04,2.7737874791e+00
198.950000,1.0001615493e-03,2.5642282450e+00
199.000000,9.9892953452e-04,2.5004627346e+00
199.050000,1.0020211114e-03,2.6689402206e+00
199.100000,9.9745393604e-04,2.4954491448e+00
199.150000,9.9909441558e-04,2.6255641303e+00
199.200000,9.9950743238e-04,2.4401365936e+00
199.250000,1.0009070336e-03,2.5345534463e+00
199.300000,9.9926278374e-04,2.5783931561e+00
199.350000,1.0000595587e-03,2.4555283745e+00
199.400000,9.9858011508e-04,2.4351530005e+00
199.450000,9.9876057691e-04,2.7370880815e+00
199.500000,9.9918470357e-04,2.6842764358e+00
199.550000,1.0001002394e-03,2.3407638125e+00
199.600000,1.0013547068e-03,2.7863409443e+00
199.650000,1.0005496909e-03,2.5142294852e+00
199.700000,1.0007293580e-03,2.4866868924e+00
199.750000,9.9983737048e-04,2.3662455928e+00
199.800000,9.9818925878e-04,2.6001490975e+00
199.850000,9.9852462296e-04,2.6527776872e+00
199.900000,1.0019514238e-03,2.5128077800e+00
199.950000,1.0002374818e-03,2.6019509484e+00
200.000000,1.0005759412e-03,2.3212350774e+00
200.050000,1.0003697364e-03,2.5447583178e+00
200.100000,1.0018473913e-03,2.4586921805e+00
200.150000,1.0003573080e-03,2.4800254435e+00
200.200000,9.9916028632e-04,2.5928650828e+00
200.250000,9.9946590438e-04,2.6320767590e+00
200.300000,1.0001883364e-03,2.5302255189e+00
200.350000,9.9894575442e-04,2.6752696343e+00
200.400000,1.0000101291e-03,2.5756074842e+00
200.450000,1.0014521115e-03,2.7204927047e+00
200.500000,9.9887547526e-04,2.5337994570e+00
200.550000,9.9963271597e-04,2.6990259258e+00
200.600000,9.9882265759e-04,2.3730999900e+00
200.650000,1.0006167980e-03,2.6142612923e+00
200.700000,1.0023839629e-03,2.4855323920e+00
200.750000,9.9957748204e-04,2.4324697457e+00
200.800000,9.9951606021e-04,2.1067367709e+00
200.850000,1.0008160171e-03,2.2532176510e+00
200.900000,9.9870596004e-04,2.6573809737e+00
200.950000,1.0014625130e-03,2.4268451239e+00
201.000000,1.0005099034e-03,2.6369410016e+00
201.050000,1.0007831719e-03,2.6666348922e+00
201.100000,9.9854949661e-04,2.4746893886e+00
201.150000,1.0019997564e-03,2.4626729392e+00
201.200000,9.9992443195e-04,2.4865924535e+00
201.250000,9.9973491253e-04,2.5760505655e+00
201.300000,9.9882023380e-04,2.4573097417e+00
201.350000,1.0001846510e-03,2.5721246358e+00
201.400000,1.0029178785e-03,2.3913722802e+00
201.450000,1.0003552540e-03,2.7983584538e+00
201.500000,1.0014276027e-03,2.5916470919e+00
201.550000,9.9873918803e-04,2.3573537267e+00
201.600000,9.9950525987e-04,2.5617356117e+00
201.650000,1.0010608344e-03,2.5947687207e+00
201.700000,9.9766523532e-04,2.5480622739e+00
201.750000,9.9872130221e-04,2.3200103969e+00
201.800000,9.9960026964e-04,2.4907150884e+00
201.850000,9.9796209020e-04,2.6058433219e+00
201.900000,1.0021217938e-03,2.7240498303e+00
201.950000,1.0014058391e-03,2.6034684062e+00
202.000000,1.0017070717e-03,2.7567410978e+00
202.050000,1.0009642257e-03,2.4162457137e+00
202.100000,1.0007610792e-03,2.5476864529e+00
202.150000,9.9921332375e-04,2.6012443399e+00
202.200000,9.9943583403e-04,2.7850412941e+00
202.250000,1.0003526329e-03,2.4258515797e+00
202.300000,1.0014939374e-03,2.4179078976e+00
202.350000,1.0002410506e-03,2.5468997123e+00
202.400000,1.0004938422e-03,2.5559185769e+00
202.450000,1.0010116550e-03,2.4664752794e+00
202.500000,1.0010471642e-03,2.4162678570e+00
202.550000,1.0015737998e-03,2.4910763695e+00
202.600000,1.0004620155e-03,2.5409922796e+00
202.650000,1.0006104200e-03,2.2551323341e+00
202.700000,9.9921158001e-04,2.4299058191e+00
202.750000,9.9990540342e-04,2.7650822598e+00
202.800000,9.9902076099e-04,2.6170700643e+00
202.850000,9.9979033840e-04,2.4035162340e+00
202.900000,9.9866046421e-04,2.6522555163e+00
202.950000,1.0002744391e-03,2.3162170097e+00
203.000000,1.0014721008e-03,2.4411208660e+00
203.050000,9.9941847997e-04,2.5121197179e+00
203.100000,9.9918489541e-04,2.3830985860e+00
203.150000,9.9990269618e-04,2.5815007226e+00
203.200000,1.0002458543e-03,2.4535700414e+00
203.250000,9.9933587440e-04,2.5752839428e+00
203.300000,9.9896715194e-04,2.3751559789e+00
203.350000,1.0012435997e-03,2.4342958578e+00
203.400000,9.9954634724e-04,2.7730206890e+00
203.450000,1.0013652669e-03,2.3867467749e+00
203.500000,9.9987872015e-04,2.3330969423e+00
203.550000,9.9909128386e-04,2.5413756757e+00
203.600000,9.9909262592e-04,2.4337790694e+00
203.650000,9.9924794063e-04,2.6017932508e+00
203.700000,9.9938133740e-04,2.5898141234e+00
203.750000,1.0007218206e-03,2.5425000467e+00
203.800000,9.9955251178e-04,2.5118537565e+00
203.850000,9.9947347691e-04,2.5457112343e+00
203.900000,1.0018023503e-03,2.3677232623e+00
203.950000,9.9976390604e-04,2.5339909110e+00
204.000000,9.9940343351e-04,2.6653130766e+00
204.050000,1.0006264282e-03,2.5364869316e+00
204.100000,1.0007830943e-03,2.5783656062e+00
204.150000,9.9919818807e-04,2.6428349378e+00
204.200000,9.9839401898e-04,2.3367761646e+00
204.250000,9.9954996232e-04,2.5452826682e+00
204.300000,1.0000130887e-03,2.3610227597e+00
204.350000,1.0007234753e-03,2.5568978672e+00
204.400000,9.9919628167e-04,2.3928216834e+00
204.450000,9.9873558607e-04,2.5246362836e+00
204.500000,9.9993087130e-04,2.3610806348e+00
204.550000,1.0001379683e-03,2.5479970107e+00
204.600000,9.9949314715e-04,2.6697881144e+00
204.650000,1.0000288472e-03,2.5510487482e+00
204.700000,1.0000404016e-03,2.5839869368e+00
204.750000,9.9871782345e-04,2.4500727783e+00
204.800000,1.0014286049e-03,2.2642304638e+00
204.850000,9.9895122776e-04,2.7013908571e+00
204.900000,9.9927471793e-04,2.6897499878e+00
204.950000,9.9863669905e-04,2.5432349342e+00
205.000000,9.9918283604e-04,2.2902450632e+00
205.050000,1.0005930089e-03,2.4612080882e+00
205.100000,9.9969209412e-04,2.5066243231e+00
205.150000,9.9950798888e-04,2.7347826271e+00
205.200000,9.9980866416e-04,2.3278850597e+00
205.250000,1.0000238503e-03,2.3009137895e+00
205.300000,1.0005798665e-03,2.3874261583e+00
205.350000,1.0002647614e-03,2.5526655479e+00
205.400000,1.0002065703e-03,2.4812508517e+00
205.450000,9.9865505637e-04,2.3240337200e+00
205.500000,9.9930232816e-04,2.3838351876e+00
205.550000,9.9832855356e-04,2.6147584825e+00
205.600000,1.0001821624e-03,2.6695737657e+00
205.650000,1.0007582296e-03,2.5378354142e+00
205.700000,1.0022727568e-03,2.6530063089e+00
205.750000,9.9886699240e-04,2.4118159429e+00
205.800000,1.0000497961e-03,2.3505090312e+00
205.850000,9.9791691192e-04,2.3504963990e+00
205.900000,1.0001475359e-03,2.6081011972e+00
205.950000,1.0002094230e-03,2.2758431768e+00
206.000000,9.9949312324e-04,2.4509183668e+00
206.050000,9.9994328782e-04,2.6221262111e+00
206.100000,9.9888248875e-04,2.5840024478e+00
206.150000,9.9968707649e-04,2.5030182690e+00
206.200000,1.0002799564e-03,2.6326440486e+00
206.250000,9.9837483892e-04,2.4258471539e+00
206.300000,9.9995997194e-04,2.6844511301e+00
206.350000,1.0004029118e-03,2.4961522366e+00
206.400000,1.0000001497e-03,2.6388831069e+00
206.450000,1.0003331918e-03,2.6996515878e+00
206.500000,9.9978258009e-04,2.5691991346e+00
206.550000,1.0010381575e-03,2.4299124272e+00
206.600000,9.9916580377e-04,2.5181068576e+00
206.650000,9.9751478829e-04,2.4047881226e+00
206.700000,9.9988212081e-04,2.4528251908e+00
206.750000,9.9939885610e-04,2.5396246746e+00
206.800000,1.0003833844e-03,2.5203456787e+00
206.850000,1.0003737295e-03,2.5903718291e+00
206.900000,1.0004755131e-03,2.4836169830e+00
206.950000,1.0007374045e-03,2.5493706579e+00
207.000000,9.9726303457e-04,2.3655970228e+00
207.050000,1.0007835083e-03,2.5476216081e+00
207.100000,1.0012412993e-03,2.4437787304e+00
207.150000,1.0000674978e-03,2.4501465686e+00
207.200000,9.9922153953e-04,2.4210104849e+00
207.250000,9.9911988744e-04,2.2966009401e+00
207.300000,9.9881895993e-04,2.4969626799e+00
207.350000,1.0003416405e-03,2.5373785503e+00
207.400000,1.0009223342e-03,2.5782905673e+00
207.450000,1.0023242258e-03,2.5559151812e+00
207.500000,9.9928509393e-04,2.3771449258e+00
207.550000,1.0008110570e-03,2.7305459111e+00
207.600000,9.9976779213e-04,2.5871199690e+00
207.650000,1.0005161924e-03,2.3985738413e+00
207.700000,1.0005019003e-03,2.6580596849e+00
207.750000,9.9939389828e-04,2.5891930933e+00
207.800000,9.9996421889e-04,2.4269091689e+00
207.850000,1.0006806275e-03,2.3520841291e+00
207.900000,9.9932281381e-04,2.3297266377e+00
207.950000,1.0005540434e-03,2.6898425688e+00
208.000000,1.0011324749e-03,2.5153500987e+00
208.050000,9.9896419732e-04,2.6488160238e+00
208.100000,9.9826965998e-04,2.5218906384e+00
208.150000,9.9957001504e-04,2.6898842722e+00
208.200000,1.0012948759e-03,2.3392631679e+00
208.250000,1.0015297924e-03,2.5793568803e+00
208.300000,1.0017064594e-03,2.3385664571e+00
208.350000,1.0007346009e-03,2.4243031928e+00
208.400000,9.9915370245e-04,2.7127027350e+00
208.450000,9.9941331710e-04,2.3135569131e+00
208.500000,1.0011092088e-03,2.6180569235e+00
208.550000,9.9815428279e-04,2.5681991967e+00
208.600000,1.0009172145e-03,2.3617231063e+00
208.650000,1.0017248087e-03,2.5157049888e+00
208.700000,1.0016629325e-03,2.4402514249e+00
208.750000,9.9892023189e-04,2.5795790483e+00
208.800000,1.0002574030e-03,2.4571772282e+00
208.850000,1.0004775700e-03,2.4395535838e+00
208.900000,9.9968964746e-04,2.5302191965e+00
208.950000,9.9816116850e-04,2.4212112604e+00
209.000000,1.0002100574e-03,2.5992954106e+00
209.050000,1.0008989392e-03,2.4941580685e+00
209.100000,1.0001533789e-03,2.5848396209e+00
209.150000,9.9867909676e-04,2.4283045732e+00
209.200000,9.9921987595e-04,2.5824028794e+00
209.250000,9.9850175528e-04,2.7688903858e+00
209.300000,9.9908570314e-04,2.5414357386e+00
209.350000,9.9731344861e-04,2.4906730573e+00
209.400000,1.0006515810e-03,2.4309386850e+00
209.450000,9.9988258218e-04,2.4029931080e+00
209.500000,1.0004266955e-03,2.5532604125e+00
209.550000,9.9979154019e-04,2.3700172354e+00
209.600000,9.9912172534e-04,2.4069393060e+00
209.650000,9.9922427157e-04,2.5767329963e+00
209.700000,9.9642713203e-04,2.5328690888e+00
209.750000,9.9848974297e-04,2.5589513514e+00
209.800000,9.9950197131e-04,2.9173604706e+00
209.850000,1.0004449329e-03,2.5468393871e+00
209.900000,9.9959190827e-04,2.4295658537e+00
209.950000,9.9970349348e-04,2.5621192115e+00
210.000000,1.0007527594e-03,2.4854576827e+00
210.050000,9.9933795966e-04,2.4341108171e+00
210.100000,9.9971744341e-04,2.5190327182e+00
210.150000,1.0007723442e-03,2.3362795086e+00
210.200000,1.0001205201e-03,2.4010841720e+00
210.250000,1.0008391190e-03,2.3061285717e+00
210.300000,1.0002876033e-03,2.5489783010e+00
210.350000,9.9988674064e-04,2.5780980297e+00
210.400000,9.9952444526e-04,2.5524344355e+00
210.450000,9.9996626960e-04,2.6585102508e+00
210.500000,9.9933565701e-04,2.3631107467e+00
210.550000,9.9921222125e-04,2.5956667523e+00
210.600000,1.0002213751e-03,2.8198825151e+00
210.650000,1.0003472533e-03,2.2693086982e+00
210.700000,9.9877221822e-04,2.4253595684e+00
210.750000,9.9991460686e-04,2.5305363503e+00
210.800000,9.9949635072e-04,2.5327985937e+00
210.850000,9.9978133956e-04,2.4620310532e+00
210.900000,1.0013827395e-03,2.6994071397e+00
210.950000,1.0000900232e-03,2.5295048141e+00
211.000000,9.9978714987e-04,2.5844485049e+00
211.050000,9.9983372577e-04,2.5751128815e+00
211.100000,9.9981511351e-04,2.4483408949e+00
211.150000,9.9922978455e-04,2.1465365220e+00
211.200000,1.0000000377e-03,2.4056090722e+00
211.250000,1.0006007171e-03,2.4528402541e+00
211.300000,9.9993769624e-04,2.6318730588e+00
211.350000,9.9989766774e-04,2.4457454712e+00
211.400000,9.9971256936e-04,2.6949904494e+00
211.450000,1.0008749606e-03,2.5086246320e+00
211.500000,1.0009925958e-03,2.5115844871e+00
211.550000,9.9907899859e-04,2.5632141911e+00
211.600000,1.0007573244e-03,2.6900461076e+00
211.650000,9.9879707472e-04,2.4194725172e+00
211.700000,9.9959540628e-04,2.7696498433e+00
211.750000,1.0017019775e-03,2.4220981289e+00
211.800000,9.9844131066e-04,2.2985436587e+00
211.850000,1.0013662733e-03,2.5143936844e+00
211.900000,1.0002203975e-03,2.6113891284e+00
211.950000,9.9884986230e-04,2.4358415478e+00
212.000000,1.0005108091e-03,2.5505624857e+00
212.050000,9.9769557326e-04,2.4647135616e+00
212.100000,9.9921658459e-04,2.5453591418e+00
212.150000,1.0008695560e-03,2.6149922448e+00
212.200000,9.9869635326e-04,2.4972710224e+00
212.250000,9.9857707792e-04,2.6352275556e+00
212.300000,1.0013463112e-03,2.5108778436e+00
212.350000,1.0022902152e-03,2.6114501095e+00
212.400000,1.0012196835e-03,2.5544726987e+00
212.450000,1.0002190739e-03,2.2918453222e+00
212.500000,9.9981253326e-04,2.2868043200e+00
212.550000,9.9812518466e-04,2.4642628217e+00
212.600000,1.0010395846e-03,2.2205287508e+00
212.650000,1.0005343294e-03,2.4839556821e+00
212.700000,9.9941827177e-04,2.4386044821e+00
212.750000,9.9945967222e-04,2.6138774143e+00
212.800000,9.9942037807e-04,2.6000938827e+00
212.850000,9.9951179458e-04,2.3435288607e+00
212.900000,1.0011358336e-03,2.3636303845e+00
212.950000,9.9936973738e-04,2.3286039322e+00
213.000000,1.0006218334e-03,2.4038104944e+00
213.050000,1.0001042893e-03,2.3511065823e+00
213.100000,1.0004636015e-03,2.5666442310e+00
213.150000,1.0008852241e-03,2.4680375988e+00
213.200000,9.9910956137e-04,2.5526270581e+00
213.250000,9.9985401424e-04,2.5105111057e+00
213.300000,9.9882376629e-04,2.6074735323e+00
213.350000,9.9992549670e-04,2.6269618538e+00
213.400000,9.9826651162e-04,2.3747903430e+00
213.450000,1.0031707847e-03,2.3062659945e+00
213.500000,9.9970025720e-04,2.4247090008e+00
213.550000,1.0005295471e-03,2.6828706808e+00
213.600000,9.9880475509e-04,2.4984154581e+00
213.650000,9.9987090966e-04,2.4606879355e+00
213.700000,1.0006394066e-03,2.6264009808e+00
213.750000,9.9958316020e-04,2.3033301017e+00
213.800000,1.0011913735e-03,2.6756178457e+00
213.850000,9.9912842734e-04,2.3204673215e+00
213.900000,1.0006938390e-03,2.5047077614e+00
213.950000,9.9982207558e-04,2.4934217825e+00
214.000000,9.9885393999e-04,2.3480986462e+00
214.050000,9.9999483955e-04,2.5038546174e+00
214.100000,1.0009513431e-03,2.3809855366e+00
214.150000,1.0005552034e-03,2.5138252674e+00
214.200000,9.9997140001e-04,2.6365003819e+00
214.250000,1.0001439879e-03,2.3894136424e+00
214.300000,1.0019540810e-03,2.7165780430e+00
214.350000,1.0010960781e-03,2.5238977831e+00
214.400000,1.0015620704e-03,2.6123912906e+00
214.450000,9.9993276133e-04,2.5817292196e+00
214.500000,9.9976805971e-04,2.4795012676e+00
214.550000,9.9947895304e-04,2.6167214097e+00
214.600000,1.0012342878e-03,2.6438039013e+00
214.650000,9.9863254831e-04,2.4322986003e+00
214.700000,9.9918237092e-04,2.6472345801e+00
214.750000,9.9824978933e-04,2.6072206302e+00
214.800000,9.9961177485e-04,2.5612769703e+00
214.850000,9.9984998915e-04,2.7170751819e+00
214.900000,1.0001440003e-03,2.4298747379e+00
214.950000,1.0009713818e-03,2.5680351596e+00
215.000000,9.9929754082e-04,2.4161978602e+00
215.050000,1.0002031116e-03,2.4862565704e+00
215.100000,9.9903591356e-04,2.7289628972e+00
215.150000,1.0015075629e-03,2.3764463950e+00
215.200000,1.0019068862e-03,2.5540725280e+00
215.250000,9.9779670537e-04,2.6213856036e+00
215.300000,1.0007213302e-03,2.6742218360e+00
215.350000,9.9979673144e-04,2.6144768817e+00
215.400000,9.9989513261e-04,2.4365569382e+00
215.450000,9.9838890286e-04,2.5358919754e+00
215.500000,1.0005187877e-03,2.8087872666e+00
215.550000,1.0010845500e-03,2.5267812203e+00
215.600000,1.0023163656e-03,2.3089280066e+00
215.650000,9.9980766195e-04,2.4802158447e+00
215.700000,9.9938209910e-04,2.6301675497e+00
215.750000,1.0000089439e-03,2.4203904419e+00
215.800000,9.9885298691e-04,2.4274167028e+00
215.850000,9.9873431116e-04,2.5718426289e+00
215.900000,1.0002900147e-03,2.4822294770e+00
215.950000,9.9881353634e-04,2.4562438774e+00
216.000000,1.0001971952e-03,2.4046093817e+00
216.050000,1.0006549226e-03,2.5517339931e+00
216.100000,1.0020007026e-03,2.5565696576e+00
216.150000,1.0007883326e-03,2.7121126641e+00
216.200000,1.0001025757e-03,2.5403073116e+00
216.250000,9.9848358032e-04,2.3152839325e+00
216.300000,9.9955461197e-04,2.4363966687e+00
216.350000,1.0005355260e-03,2.6812641598e+00
216.400000,9.9983358934e-04,2.5354853891e+00
216.450000,1.0020746365e-03,2.4776372737e+00
216.500000,1.0009680981e-03,2.5511143137e+00
216.550000,9.9891965868e-04,2.4985203232e+00
216.600000,1.0011009562e-03,2.5270823840e+00
216.650000,9.9953407583e-04,2.5969643831e+00
216.700000,1.0013358493e-03,2.3004899046e+00
216.750000,9.9870065162e-04,2.7036925479e+00
216.800000,9.9967452838e-04,2.6315192531e+00
216.850000,9.9901614693e-04,2.3371211897e+00
216.900000,9.9956064328e-04,2.5285425523e+00
216.950000,1.0012598225e-03,2.5957763161e+00
217.000000,9.9972768852e-04,2.2839616323e+00
217.050000,9.9961886052e-04,2.6956846758e+00
217.100000,9.9914652965e-04,2.4701272426e+00
217.150000,9.9828628376e-04,2.6153033571e+00
217.200000,1.0001126463e-03,2.5937035420e+00
217.250000,9.9935640382e-04,2.3001382698e+00
217.300000,1.0020860524e-03,2.2457239038e+00
217.350000,9.9909705771e-04,2.5739612807e+00
217.400000,1.0006153500e-03,2.3036450151e+00
217.450000,1.0009951446e-03,2.7257871781e+00
217.500000,9.9854401590e-04,2.5588392900e+00
217.550000,1.0013112925e-03,2.4952456619e+00
217.600000,9.9920288819e-04,2.5186186566e+00
217.650000,1.0001570653e-03,2.6047243016e+00
217.700000,1.0012200330e-03,2.5861331316e+00
217.750000,9.9838179419e-04,2.5303530675e+00
217.800000,9.9997297822e-04,2.5694537195e+00
217.850000,1.0003752352e-03,2.4805236165e+00
217.900000,1.0001292301e-03,2.4387405811e+00
217.950000,9.9875738793e-04,2.4622701765e+00
218.000000,1.0007100125e-03,2.2754436898e+00
218.050000,9.9997118193e-04,2.4779982552e+00
218.100000,1.0005044003e-03,2.5539650489e+00
218.150000,9.9957772305e-04,2.5206867310e+00
218.200000,1.0011747428e-03,2.3135660095e+00
218.250000,1.0022517763e-03,2.5257992621e+00
218.300000,9.9922720604e-04,2.3153153452e+00
218.350000,1.0002467934e-03,2.3804924320e+00
218.400000,9.9888687423e-04,2.4810674510e+00
218.450000,9.9884038852e-04,2.5515166436e+00
218.500000,9.9926462458e-04,2.7112313839e+00
218.550000,1.0000658535e-03,2.8008693990e+00
218.600000,9.9989063395e-04,2.6004015927e+00
218.650000,1.0007306793e-03,2.5157268453e+00
218.700000,1.0022988656e-03,2.6906976796e+00
218.750000,1.0001237049e-03,2.5268532802e+00
218.800000,9.9994379982e-04,2.4730700667e+00
218.850000,1.0001503057e-03,2.6709702623e+00
218.900000,9.9823426579e-04,2.5967259944e+00
218.950000,1.0012689872e-03,2.4069327499e+00
219.000000,1.0013504126e-03,2.4441971041e+00
219.050000,9.9973517263e-04,2.4672800999e+00
219.100000,9.9916757330e-04,2.5725873346e+00
219.150000,9.9880349238e-04,2.5627653473e+00
219.200000,1.0009264843e-03,2.3608779990e+00
219.250000,9.9960427533e-04,2.6624642916e+00
219.300000,1.0008520127e-03,2.6460679462e+00
219.350000,1.0005739614e-03,2.5307161518e+00
219.400000,1.0000867391e-03,2.3649417494e+00
219.450000,1.0006267336e-03,2.5094059050e+00
219.500000,1.0010248925e-03,2.5414129667e+00
219.550000,1.0004261943e-03,2.4521532476e+00
219.600000,9.9978997932e-04,2.2975377876e+00
219.650000,9.9862948296e-04,2.4614815473e+00
219.700000,9.9852588279e-04,2.4602471710e+00
219.750000,1.0017562128e-03,2.3756065206e+00
219.800000,1.0005077044e-03,2.4900826268e+00
219.850000,1.0012508819e-03,2.5531540565e+00
219.900000,9.9850013213e-04,2.3714521739e+00
219.950000,9.9883981573e-04,2.4567273527e+00
220.000000,9.9975361148e-04,2.4696096712e+00
220.050000,9.9999414234e-04,2.3804580137e+00
220.100000,9.9828009838e-04,2.3819484966e+00
220.150000,1.0007879959e-03,2.3707900830e+00
220.200000,1.0005395685e-03,2.5140736470e+00
220.250000,1.0003248990e-03,2.8270217577e+00
220.300000,9.9948354118e-04,2.6217826964e+00
220.350000,9.9991252602e-04,2.7747005441e+00
220.400000,1.0004992054e-03,2.6003734249e+00
220.450000,1.0007172733e-03,2.4703215330e+00
220.500000,9.9996998123e-04,2.6460503255e+00
220.550000,9.9979105153e-04,2.3899903024e+00
220.600000,9.9954732498e-04,2.4038377048e+00
220.650000,9.9989774464e-04,2.7683929372e+00
220.700000,1.0009403429e-03,2.5651158445e+00
220.750000,1.0005211499e-03,2.4112911190e+00
220.800000,1.0026640893e-03,2.3100506654e+00
220.850000,9.9940592337e-04,2.3427908655e+00
220.900000,9.9975132989e-04,2.5965765673e+00
220.950000,1.0013004862e-03,2.4913528944e+00
221.000000,1.0012893665e-03,2.5044851242e+00
221.050000,9.9983074992e-04,2.3548036327e+00
221.100000,1.0001792489e-03,2.4259883190e+00
221.150000,9.9809927734e-04,2.5072673223e+00
221.200000,1.0006775740e-03,2.4271399003e+00
221.250000,9.9993695649e-04,2.4449184642e+00
221.300000,1.0004354062e-03,2.6366056492e+00
221.350000,1.0008234770e-03,2.7048368615e+00
221.400000,1.0004939584e-03,2.6149816325e+00
221.450000,9.9803151110e-04,2.6365460176e+00
221.500000,9.9864612940e-04,2.7256427594e+00
221.550000,9.9990730050e-04,2.3947114866e+00
221.600000,9.9660078148e-04,2.3583632783e+00
221.650000,1.0002816390e-03,2.6338978069e+00
221.700000,9.9966869094e-04,2.7826564775e+00
221.750000,1.0001408173e-03,2.5988295948e+00
221.800000,1.0000499163e-03,2.5061893110e+00
221.850000,1.0018002196e-03,2.3593466035e+00
221.900000,1.0017162509e-03,2.6683059479e+00
221.950000,1.0001356116e-03,2.3910117651e+00
222.000000,1.0000162645e-03,2.6677826109e+00
222.050000,9.9987381767e-04,2.5005382228e+00
222.100000,9.9842800672e-04,2.4128719409e+00
222.150000,9.9932545915e-04,2.5259376758e+00
222.200000,1.0002877306e-03,2.4245489967e+00
222.250000,1.0017964921e-03,2.5126506076e+00
222.300000,9.9830806454e-04,2.5371895406e+00
222.350000,1.0013496450e-03,2.5851030562e+00
222.400000,1.0013426805e-03,2.6045194737e+00
222.450000,9.9994537845e-04,2.5004799857e+00
222.500000,1.0001675342e-03,2.5889864536e+00
222.550000,9.9973192257e-04,2.3620877250e+00
222.600000,1.0004336789e-03,2.3606650402e+00
222.650000,9.9797639751e-04,2.4277325926e+00
222.700000,9.9870364308e-04,2.3505838766e+00
222.750000,1.0001993256e-03,2.5520251395e+00
222.800000,1.0004743562e-03,2.6479746436e+00
222.850000,9.9890313281e-04,2.6033269870e+00
222.900000,1.0002575988e-03,2.3718867453e+00
222.950000,1.0005156316e-03,2.5897193780e+00
223.000000,9.9853581012e-04,2.4473148371e+00
223.050000,1.0005707572e-03,2.5418529710e+00
223.100000,1.0004684996e-03,2.7045678470e+00
223.150000,1.0019052572e-03,2.3180371380e+00
223.200000,9.9899353949e-04,2.4589038318e+00
223.250000,9.9994506045e-04,2.3678641355e+00
223.300000,9.9800852127e-04,2.3323358312e+00
223.350000,1.0001130956e-03,2.2322097149e+00
223.400000,9.9987828162e-04,2.5911287824e+00
223.450000,1.0001459853e-03,2.5037951386e+00
223.500000,9.9898034915e-04,2.4651827277e+00
223.550000,9.9889147278e-04,2.5267783234e+00
223.600000,1.0011073511e-03,2.5153904812e+00
223.650000,9.9991108792e-04,2.4838539475e+00
223.700000,1.0021536813e-03,2.6346003197e+00
223.750000,1.0017641031e-03,2.5808323705e+00
223.800000,9.9855301363e-04,2.6814552922e+00
223.850000,1.0013289292e-03,2.6178817545e+00
223.900000,1.0000499941e-03,2.5614318367e+00
223.950000,9.9880876762e-04,2.6064954093e+00
224.000000,1.0002354389e-03,2.5059046601e+00
224.050000,9.9891132007e-04,2.5218017056e+00
224.100000,1.0001940702e-03,2.4408400171e+00
224.150000,1.0003682254e-03,2.6131034038e+00
224.200000,9.9982518939e-04,2.7080059845e+00
224.250000,9.9895873197e-04,2.4204331156e+00
224.300000,1.0005537457e-03,2.6409053106e+00
224.350000,9.9794984474e-04,2.7195883198e+00
224.400000,1.0005153903e-03,2.5678378265e+00
224.450000,9.9945542542e-04,2.4833587085e+00
224.500000,9.9972854804e-04,2.6351610088e+00
224.550000,9.9939915616e-04,2.5142761913e+00
224.600000,9.9965360515e-04,2.7105556375e+00
224.650000,1.0001223766e-03,2.4066883273e+00
224.700000,9.9939683932e-04,2.6004805929e+00
224.750000,9.9954826976e-04,2.6638944592e+00
224.800000,1.0008731456e-03,2.6377919053e+00
224.850000,1.0012705079e-03,2.3082663725e+00
224.900000,1.0011729096e-03,2.4520344911e+00
224.950000,1.0029872029e-03,2.4966896550e+00
225.000000,9.9986065722e-04,2.4066854461e+00
225.050000,1.0002660103e-03,2.7563460934e+00
225.100000,1.0010635980e-03,2.4433963925e+00
225.150000,1.0002265387e-03,2.5685878206e+00
225.200000,9.9971133364e-04,2.2561943559e+00
225.250000,1.0005497596e-03,2.2802209991e+00
225.300000,1.0019377735e-03,2.6155388985e+00
225.350000,1.0009599514e-03,2.5754751016e+00
225.400000,1.0018290153e-03,2.5296246548e+00
225.450000,1.0001401144e-03,2.4630207986e+00
225.500000,9.9989040327e-04,2.5569878672e+00
225.550000,1.0002155200e-03,2.4940377292e+00
225.600000,9.9877072241e-04,2.3182014146e+00
225.650000,9.9984132126e-04,2.4414252859e+00
225.700000,1.0000993403e-03,2.4435125326e+00
225.750000,9.9940956569e-04,2.5330471849e+00
225.800000,9.9877022171e-04,2.4341618385e+00
225.850000,9.9951387022e-04,2.4076419306e+00
225.900000,9.9989470083e-04,2.4690508449e+00
225.950000,1.0026680208e-03,2.4684646066e+00
226.000000,9.9943998052e-04,2.3782982079e+00
226.050000,9.9941359842e-04,2.5110393405e+00
226.100000,1.0001215617e-03,2.2360754857e+00
226.150000,1.0002692489e-03,2.3426806443e+00
226.200000,9.9998636151e-04,2.4901864863e+00
226.250000,9.9979894193e-04,2.3862705655e+00
226.300000,9.9891029058e-04,2.6576984888e+00
226.350000,9.9948430706e-04,2.6087027539e+00
226.400000,9.9869931603e-04,2.4445273701e+00
226.450000,9.9922686730e-04,2.4818419815e+00
226.500000,9.9963485812e-04,2.6753604776e+00
226.550000,1.0001700165e-03,2.3001338071e+00
226.600000,1.0013514604e-03,2.5723836284e+00
226.650000,1.0007618207e-03,2.5853866729e+00
226.700000,1.0007609102e-03,2.5058535450e+00
226.750000,1.0008846622e-03,2.3837824129e+00
226.800000,1.0005391708e-03,2.5460945695e+00
226.850000,9.9943868564e-04,2.5090965335e+00
226.900000,9.9975011251e-04,2.4371815746e+00
226.950000,9.9882395019e-04,2.2616936521e+00
227.000000,9.9975864212e-04,2.4189303942e+00
227.050000,9.9979979804e-04,2.7551122857e+00
227.100000,9.9987729457e-04,2.4962569940e+00
227.150000,9.9900725954e-04,2.4012775070e+00
227.200000,9.9919120113e-04,2.5129469517e+00
227.250000,9.9960461594e-04,2.3367331685e+00
227.300000,9.9913543972e-04,2.5052632030e+00
227.350000,9.9820306065e-04,2.5945587112e+00
227.400000,1.0005368361e-03,2.4994115794e+00
227.450000,1.0014953240e-03,2.5263076663e+00
227.500000,9.9905223216e-04,2.6039539159e+00
227.550000,9.9974753335e-04,2.6566031612e+00
227.600000,1.0010840851e-03,2.5498078100e+00
227.650000,1.0014812723e-03,2.2928771365e+00
227.700000,1.0000527466e-03,2.6178951374e+00
227.750000,1.0005037131e-03,2.3100584890e+00
227.800000,1.0002290222e-03,2.6168557116e+00
227.850000,1.0002318503e-03,2.5065164471e+00
227.900000,9.9968579276e-04,2.3940048132e+00
227.950000,9.9912762078e-04,2.4705091924e+00
228.000000,9.9963389205e-04,2.5904447999e+00
228.050000,1.0010047244e-03,2.6455048926e+00
228.100000,1.0007994452e-03,2.5250848346e+00
228.150000,9.9856696944e-04,2.4621512044e+00
228.200000,1.0005633947e-03,2.6171342084e+00
228.250000,1.0001824248e-03,2.5218172765e+00
228.300000,9.9890872201e-04,2.4983819112e+00
228.350000,1.0004191235e-03,2.5026680818e+00
228.400000,9.9975845212e-04,2.6163413578e+00
228.450000,1.0003976819e-03,2.4472634692e+00
228.500000,9.9988445565e-04,2.6203367660e+00
228.550000,9.9943508495e-04,2.5086363494e+00
228.600000,9.9843444755e-04,2.3285763163e+00
228.650000,9.9918137600e-04,2.4029790244e+00
228.700000,9.9981389511e-04,2.5560495315e+00
228.750000,9.9988447446e-04,2.5469141939e+00
228.800000,1.0009540475e-03,2.4498602485e+00
228.850000,1.0003334345e-03,2.6461926478e+00
228.900000,9.9910387659e-04,2.4532855164e+00
228.950000,1.0008631879e-03,2.1236011539e+00
229.000000,9.9982128994e-04,2.4219895217e+00
229.050000,9.9907046937e-04,2.6901261555e+00
229.100000,9.9945610857e-04,2.5632505541e+00
229.150000,1.0010407067e-03,2.4955329273e+00
229.200000,1.0006832167e-03,2.4661050808e+00
229.250000,9.9994931791e-04,2.5945226576e+00
229.300000,9.9901043178e-04,2.4703091456e+00
229.350000,1.0015957070e-03,2.4551368266e+00
229.400000,9.9708632007e-04,2.5994507489e+00
229.450000,9.9976049034e-04,2.4704709089e+00
229.500000,1.0016524999e-03,2.5285017870e+00
229.550000,1.0007232154e-03,2.5462737851e+00
229.600000,1.0010432295e-03,2.1355960879e+00
229.650000,9.9876596741e-04,2.5684400924e+00
229.700000,9.9946315383e-04,2.4678623589e+00
229.750000,1.0025834250e-03,2.4855152946e+00
229.800000,1.0001945155e-03,2.4990820623e+00
229.850000,9.9763243727e-04,2.2617020618e+00
229.900000,9.9954644931e-04,2.3941043530e+00
229.950000,9.9910284782e-04,2.5200415637e+00
230.000000,9.9846598508e-04,2.5799039727e+00
230.050000,9.9906524531e-04,2.7259793602e+00
230.100000,1.0006385690e-03,2.7265461626e+00
230.150000,1.0003056266e-03,2.6287762806e+00
230.200000,1.0000149012e-03,2.6743321136e+00
230.250000,1.0004299465e-03,2.4950180223e+00
230.300000,1.0000798831e-03,2.2649098910e+00
230.350000,9.9915062278e-04,2.5297816486e+00
230.400000,1.0005644460e-03,2.5585673451e+00
230.450000,9.9989989740e-04,2.5103928243e+00
230.500000,1.0013337232e-03,2.4306438677e+00
230.550000,1.0018404618e-03,2.6074773267e+00
230.600000,1.0004299696e-03,2.4409583217e+00
230.650000,1.0013615270e-03,2.5445322905e+00
230.700000,1.0002504313e-03,2.3722284725e+00
230.750000,1.0004297155e-03,2.4749487530e+00
230.800000,1.0002401601e-03,2.5236279115e+00
230.850000,9.9969558657e-04,2.4630403596e+00
230.900000,9.9998799593e-04,2.5586366214e+00
230.950000,9.9924174177e-04,2.3956655881e+00
231.000000,9.9981814649e-04,2.4970192403e+00
231.050000,1.0006994236e-03,2.6308218430e+00
231.100000,9.9973832145e-04,2.5574518177e+00
231.150000,9.9919928521e-04,2.5628161565e+00
231.200000,9.9904559610e-04,2.3896205806e+00
231.250000,9.9842616581e-04,2.5603015265e+00
231.300000,9.9900400484e-04,2.6108286395e+00
231.350000,9.9853781173e-04,2.3256582806e+00
231.400000,1.0005176182e-03,2.5022648900e+00
231.450000,9.9966170977e-04,2.4147391510e+00
231.500000,1.0002439470e-03,2.3874955241e+00
231.550000,1.0002893581e-03,2.4260431703e+00
231.600000,1.0003920699e-03,2.2644539358e+00
231.650000,1.0000499389e-03,2.7037978735e+00
231.700000,1.0001293047e-03,2.7814699467e+00
231.750000,9.9988165416e-04,2.6196750491e+00
231.800000,1.0012336656e-03,2.3563329703e+00
231.850000,9.9913834497e-04,2.3614214532e+00
231.900000,9.9889448412e-04,2.5629258090e+00
231.950000,1.0000901374e-03,2.5605322230e+00
232.000000,9.9791293437e-04,2.5284337069e+00
232.050000,9.9810468077e-04,2.3963268942e+00
232.100000,1.0009868276e-03,2.3582120092e+00
232.150000,9.9921489013e-04,2.4794989618e+00
232.200000,1.0007273700e-03,2.6831958244e+00
232.250000,9.9975673898e-04,2.3584420531e+00
232.300000,1.0002404620e-03,2.4877448496e+00
232.350000,9.9984506518e-04,2.4808905932e+00
232.400000,9.9988797011e-04,2.5757181005e+00
232.450000,9.9978331491e-04,2.4040586548e+00
232.500000,9.9922413255e-04,2.4821847990e+00
232.550000,9.9972690279e-04,2.5778758054e+00
232.600000,1.0012232249e-03,2.7264566385e+00
232.650000,1.0009562265e-03,2.6353317215e+00
232.700000,1.0007480894e-03,2.4023089048e+00
232.750000,9.9937284394e-04,2.2197791586e+00
232.800000,9.9971491559e-04,2.4680679215e+00
232.850000,1.0015740168e-03,2.7510800318e+00
232.900000,9.9756115563e-04,2.5072790929e+00
232.950000,9.9864424848e-04,2.3469764668e+00
233.000000,1.0013646996e-03,2.6093993575e+00
233.050000,1.0003203065e-03,2.6785352073e+00
233.100000,9.9993723520e-04,2.6335538293e+00
233.150000,9.9980634188e-04,2.4914760029e+00
233.200000,1.0000810577e-03,2.8327299312e+00
233.250000,1.0002736012e-03,2.4553895096e+00
233.300000,9.9781080177e-04,2.4131467284e+00
233.350000,9.9986837357e-04,2.4492410924e+00
233.400000,1.0000456913e-03,2.5441611289e+00
233.450000,9.9884294649e-04,2.6229482026e+00
233.500000,9.9828771006e-04,2.5361184901e+00
233.550000,1.0000101342e-03,2.5996343708e+00
233.600000,1.0004956951e-03,2.3311730157e+00
233.650000,1.0020308564e-03,2.4193702673e+00
233.700000,9.9945678174e-04,2.1480867322e+00
233.750000,1.0004890094e-03,2.2717470838e+00
233.800000,1.0021594715e-03,2.3287378363e+00
233.850000,1.0002950879e-03,2.5847665626e+00
233.900000,9.9937398015e-04,2.6795230112e+00
233.950000,1.0002468515e-03,2.6919613972e+00
234.000000,1.0006453267e-03,2.5071927670e+00
234.050000,1.0004479974e-03,2.4721372323e+00
234.100000,1.0016345737e-03,2.5482272272e+00
234.150000,1.0010757950e-03,2.4974687013e+00
234.200000,1.0005568402e-03,2.6755748103e+00
234.250000,9.9981667548e-04,2.2336895765e+00
234.300000,9.9872889085e-04,2.4873458403e+00
234.350000,9.9988677551e-04,2.4361671732e+00
234.400000,1.0010396478e-03,2.5125329622e+00
234.450000,1.0004563285e-03,2.6045900175e+00
234.500000,9.9898041721e-04,2.5337212439e+00
234.550000,9.9936023299e-04,2.4479236286e+00
234.600000,1.0003399138e-03,2.5229842608e+00
234.650000,1.0008564712e-03,2.5899330377e+00
234.700000,1.0002049183e-03,2.3797363941e+00
234.750000,9.9951616597e-04,2.1505783046e+00
234.800000,9.9920687990e-04,2.5241444041e+00
234.850000,9.9897794740e-04,2.3021427858e+00
234.900000,9.9939741153e-04,2.9472673776e+00
234.950000,1.0000422323e-03,2.5251737453e+00
235.000000,9.9883922363e-04,2.4318687753e+00
235.050000,9.9997557864e-04,2.6748896476e+00
235.100000,9.9997501270e-04,2.6566481597e+00
235.150000,9.9951590595e-04,2.4366047999e+00
235.200000,9.9896349627e-04,2.4797802915e+00
235.250000,9.9981972881e-04,2.6235832252e+00
235.300000,9.9925059013e-04,2.3589535485e+00
235.350000,1.0003836824e-03,2.1561407387e+00
235.400000,9.9951559100e-04,2.4523239539e+00
235.450000,1.0009473136e-03,2.3744063053e+00
235.500000,1.0009221394e-03,2.4276584020e+00
235.550000,9.9980617266e-04,2.3748918983e+00
235.600000,9.9852165515e-04,2.5411708644e+00
235.650000,1.0009423743e-03,2.6619124185e+00
235.700000,9.9992299637e-04,2.4180286041e+00
235.750000,9.9880220683e-04,2.3682217297e+00
235.800000,9.9999788151e-04,2.4965021444e+00
235.850000,1.0001540859e-03,2.5439219443e+00
235.900000,1.0003799802e-03,2.2416404408e+00
235.950000,1.0004712739e-03,2.5864681368e+00
236.000000,1.0015351737e-03,2.6775302136e+00
236.050000,1.0012212459e-03,2.5602223039e+00
236.100000,9.9917283216e-04,2.2571365487e+00
236.150000,1.0006242685e-03,2.4995899318e+00
236.200000,9.9965851936e-04,2.6423801713e+00
236.250000,1.0014666516e-03,2.6419591046e+00
236.300000,1.0015731124e-03,2.3889562226e+00
236.350000,9.9784188404e-04,2.4375174925e+00
236.400000,9.9816364381e-04,2.6009050341e+00
236.450000,1.0013088931e-03,2.5771076946e+00
236.500000,1.0009209037e-03,2.3821302594e+00
236.550000,9.9993720514e-04,2.3921694120e+00
236.600000,1.0007205831e-03,2.3464042549e+00
236.650000,9.9984692103e-04,2.5439118177e+00
236.700000,9.9942016540e-04,2.6096036076e+00
236.750000,9.9988587601e-04,2.4960933687e+00
236.800000,9.9944156367e-04,2.6811071699e+00
236.850000,1.0015975247e-03,2.5581947257e+00
236.900000,9.9908630063e-04,2.4951497383e+00
236.950000,1.0007417899e-03,2.4878434280e+00
237.000000,9.9996316716e-04,2.4052363362e+00
237.050000,1.0023232492e-03,2.6954070571e+00
237.100000,9.9952550178e-04,2.6230221947e+00
237.150000,9.9850391878e-04,2.4222869945e+00
237.200000,9.9893324092e-04,2.6392069977e+00
237.250000,1.0006350170e-03,2.8194477286e+00
237.300000,1.0013815478e-03,2.6373500752e+00
237.350000,9.9985004667e-04,2.4636763170e+00
237.400000,1.0000561722e-03,2.3998238829e+00
237.450000,1.0016448441e-03,2.6499051131e+00
237.500000,9.9800614279e-04,2.2814626611e+00
237.550000,1.0007979382e-03,2.7596522991e+00
237.600000,1.0003804275e-03,2.2941704930e+00
237.650000,9.9922855454e-04,2.6528935046e+00
237.700000,1.0002363428e-03,2.6887444959e+00
237.750000,1.0016343356e-03,2.6134132394e+00
237.800000,1.0006441587e-03,2.6140253693e+00
237.850000,1.0000481519e-03,2.4334817778e+00
237.900000,9.9816980359e-04,2.5581873064e+00
237.950000,1.0002503162e-03,2.4909314858e+00
238.000000,1.0005156067e-03,2.4072629848e+00
238.050000,9.9996921625e-04,2.6063103729e+00
238.100000,1.0015633284e-03,2.6547125612e+00
238.150000,1.0000538712e-03,2.2702590619e+00
238.200000,1.0006587728e-03,2.7394378010e+00
238.250000,1.0006556015e-03,2.5072109577e+00
238.300000,1.0021700855e-03,2.3671968252e+00
238.350000,9.9966941856e-04,2.5616337673e+00
238.400000,1.0008288267e-03,2.6159832873e+00
238.450000,9.9914244487e-04,2.4894499778e+00
238.500000,1.0000574503e-03,2.6386404438e+00
238.550000,1.0008268471e-03,2.5168013634e+00
238.600000,1.0005631303e-03,2.4451644331e+00
238.650000,1.0007434588e-03,2.5424538899e+00
238.700000,9.9800817300e-04,2.4847457399e+00
238.750000,1.0008773730e-03,2.5151628066e+00
238.800000,9.9793488521e-04,2.5218236578e+00
238.850000,9.9905369640e-04,2.3411229457e+00
238.900000,1.0007446589e-03,2.4544318906e+00
238.950000,1.0011756969e-03,2.6950293293e+00
239.000000,9.9942438715e-04,2.6586759153e+00
239.050000,9.9840538035e-04,2.4920106895e+00
239.100000,1.0001573004e-03,2.5488489539e+00
239.150000,9.9912413870e-04,2.4770441710e+00
239.200000,1.0000189024e-03,2.4853622216e+00
239.250000,9.9909034335e-04,2.5895375606e+00
239.300000,9.9982108561e-04,2.3064086766e+00
239.350000,9.9963961865e-04,2.4537691761e+00
239.400000,1.0001682644e-03,2.5803161506e+00
239.450000,1.0006165042e-03,2.5653354261e+00
239.500000,1.0002939137e-03,2.4662070577e+00
239.550000,1.0000397439e-03,2.3679137116e+00
239.600000,9.9960396879e-04,2.4864992183e+00
239.650000,9.9907089225e-04,2.4301685573e+00
239.700000,9.9805430164e-04,2.4433320577e+00
239.750000,1.0005002966e-03,2.6364135867e+00
239.800000,9.9873581182e-04,2.4342809743e+00
239.850000,9.9983944835e-04,2.3226486358e+00
239.900000,9.9882879749e-04,2.3738708881e+00
239.950000,1.0017157281e-03,2.7021335054e+00
240.000000,9.9932859998e-04,2.6199028868e+00
240.050000,1.0004153510e-03,2.5670824727e+00
240.100000,9.9917756981e-04,2.3191364118e+00
240.150000,9.9964327500e-04,2.4255762507e+00
240.200000,1.0012288233e-03,2.3001557025e+00
240.250000,9.9961990498e-04,2.4917529931e+00
240.300000,9.9937498791e-04,2.4461523056e+00
240.350000,1.0018659587e-03,2.5312119139e+00
240.400000,9.9919660254e-04,2.5823581829e+00
240.450000,9.9877238861e-04,2.4209580154e+00
240.500000,1.0021438689e-03,2.3608726790e+00
240.550000,9.9978950582e-04,2.4847247544e+00
240.600000,1.0002662112e-03,2.5333963552e+00
240.650000,9.9971316415e-04,2.5814797762e+00
240.700000,9.9851329075e-04,2.3182182284e+00
240.750000,9.9942929436e-04,2.3777112710e+00
240.800000,1.0005293011e-03,2.4678606144e+00
240.850000,1.0013223775e-03,2.3843746032e+00
240.900000,9.9911505250e-04,2.7141107165e+00
240.950000,9.9887549503e-04,2.1634843005e+00
241.000000,1.0000310203e-03,2.5024378678e+00
241.050000,1.0002129820e-03,2.4552647818e+00
241.100000,9.9751791915e-04,2.4561160526e+00
241.150000,9.9869625636e-04,2.5982010778e+00
241.200000,1.0005433644e-03,2.3687953297e+00
241.250000,1.0012829227e-03,2.5523438601e+00
241.300000,1.0002657807e-03,2.3290423509e+00
241.350000,9.9854454050e-04,2.3648381889e+00
241.400000,9.9884371983e-04,2.4761363139e+00
241.450000,9.9912260175e-04,2.4328801009e+00
241.500000,9.9992012026e-04,2.3530236707e+00
241.550000,9.9899960324e-04,2.7136944743e+00
241.600000,1.0008532432e-03,2.7302250312e+00
241.650000,9.9914824798e-04,2.7009662264e+00
241.700000,9.9973362990e-04,2.5581950310e+00
241.750000,1.0008758989e-03,2.5614033614e+00
241.800000,1.0007577109e-03,2.3652037328e+00
241.850000,1.0006039260e-03,2.6826258857e+00
241.900000,1.0010306296e-03,2.5663688353e+00
241.950000,9.9987720920e-04,2.5727376750e+00
242.000000,9.9927444094e-04,2.5580074946e+00
242.050000,9.9965307155e-04,2.5225386676e+00
242.100000,1.0016243463e-03,2.2651228745e+00
242.150000,9.9757340242e-04,2.1619353927e+00
242.200000,9.9986172001e-04,2.4760000033e+00
242.250000,1.0009786373e-03,2.6426225311e+00
242.300000,1.0008690469e-03,2.4059459935e+00
242.350000,1.0003747936e-03,2.2945662122e+00
242.400000,1.0008473008e-03,2.7163271751e+00
242.450000,1.0007718666e-03,2.4443220519e+00
242.500000,9.9854220056e-04,2.7588838361e+00
242.550000,9.9968526039e-04,2.5512701645e+00
242.600000,1.0010016801e-03,2.4509109892e+00
242.650000,1.0015110024e-03,2.5540960652e+00
242.700000,1.0012079191e-03,2.4236914468e+00
242.750000,1.0002390093e-03,2.3649387069e+00
242.800000,1.0019470184e-03,2.4961769110e+00
242.850000,1.0009286725e-03,2.5664012008e+00
242.900000,9.9987335581e-04,2.6652234037e+00
242.950000,1.0000535086e-03,2.6676392035e+00
243.000000,1.0006450295e-03,2.6537067977e+00
243.050000,1.0024295397e-03,2.6900726451e+00
243.100000,9.9933694701e-04,2.2002727151e+00
243.150000,9.9906861397e-04,2.6813433956e+00
243.200000,1.0004162512e-03,2.3021481506e+00
243.250000,1.0014920149e-03,2.5558755616e+00
243.300000,1.0003030692e-03,2.3783483164e+00
243.350000,9.9756564819e-04,2.5441904552e+00
243.400000,9.9993175231e-04,2.4765754545e+00
243.450000,1.0001847704e-03,2.4871151094e+00
243.500000,9.9962156510e-04,2.4509073651e+00
243.550000,9.9925202605e-04,2.5457437472e+00
243.600000,1.0003341294e-03,2.5926287200e+00
243.650000,1.0014386085e-03,2.5241184954e+00
243.700000,9.9826485961e-04,2.3864292186e+00
243.750000,1.0022549904e-03,2.6779009356e+00
243.800000,1.0011772769e-03,2.6158322353e+00
243.850000,1.0001314728e-03,2.6624760118e+00
243.900000,9.9928757701e-04,2.2710436078e+00
243.950000,9.9889101835e-04,2.6805316017e+00
244.000000,1.0003151446e-03,2.4162533648e+00
244.050000,1.0000211879e-03,2.5782743668e+00
244.100000,9.9852262087e-04,2.4876230105e+00
244.150000,9.9936161864e-04,2.5987689332e+00
244.200000,1.0006100603e-03,2.6700137232e+00
244.250000,9.9868507070e-04,2.4068616659e+00
244.300000,9.9958552377e-04,2.5805042010e+00
244.350000,1.0007306841e-03,2.6301418109e+00
244.400000,1.0004121875e-03,2.4275481572e+00
244.450000,1.0008469702e-03,2.7850401314e+00
244.500000,1.0006340931e-03,2.4623663807e+00
244.550000,1.0013731391e-03,2.5767945842e+00
244.600000,1.0008597247e-03,2.4452904152e+00
244.650000,1.0007019164e-03,2.2917616015e+00
244.700000,1.0005000358e-03,2.5617761354e+00
244.750000,1.0013689545e-03,2.5440251201e+00
244.800000,9.9962393561e-04,2.3095778386e+00
244.850000,9.9908943127e-04,2.6535520539e+00
244.900000,1.0006366993e-03,2.5958774885e+00
244.950000,9.9772278659e-04,2.6643269441e+00
245.000000,9.9986079553e-04,2.5793038215e+00
245.050000,1.0007373849e-03,2.6043531161e+00
245.100000,1.0007768576e-03,2.5756494161e+00
245.150000,9.9947402723e-04,2.3910710691e+00
245.200000,9.9887386878e-04,2.6277284903e+00
245.250000,9.9922522163e-04,2.4747790480e+00
245.300000,9.9925360418e-04,2.4412139955e+00
245.350000,1.0005257099e-03,2.4846706694e+00
245.400000,9.9991934319e-04,2.6510434075e+00
245.450000,1.0011036990e-03,2.6002079830e+00
245.500000,9.9928686495e-04,2.3155020247e+00
245.550000,9.9935105126e-04,2.7005462807e+00
245.600000,9.9998064205e-04,2.5446330770e+00
245.650000,9.9967412726e-04,2.4749057091e+00
245.700000,1.0006825554e-03,2.6928378605e+00
245.750000,1.0004873779e-03,2.5727817335e+00
245.800000,1.0002860341e-03,2.3937012946e+00
245.850000,9.9997970534e-04,2.2803101590e+00
245.900000,1.0001446298e-03,2.5602902321e+00
245.950000,1.0018967895e-03,2.7932524195e+00
246.000000,9.9837071013e-04,2.4377018568e+00
246.050000,9.9885645282e-04,2.7090478297e+00
246.100000,9.9975172218e-04,2.4494013368e+00
246.150000,9.9816222386e-04,2.4067485017e+00
246.200000,9.9873310361e-04,2.3450846849e+00
246.250000,9.9881028512e-04,2.4361088536e+00
246.300000,1.0006224835e-03,2.4631107838e+00
246.350000,1.0005288889e-03,2.4219800413e+00
246.400000,9.9971856378e-04,2.5721310903e+00
246.450000,9.9907147237e-04,2.3582445869e+00
246.500000,9.9884898525e-04,2.2195663200e+00
246.550000,1.0003769809e-03,2.6275277476e+00
246.600000,9.9956453126e-04,2.5663323395e+00
246.650000,1.0006832080e-03,2.6321463586e+00
246.700000,1.0012604567e-03,2.4188709978e+00
246.750000,1.0000155888e-03,2.4538492835e+00
246.800000,9.9864252816e-04,2.7156385023e+00
246.850000,9.9921557988e-04,2.5038450180e+00
246.900000,1.0010667277e-03,2.7320056416e+00
246.950000,1.0017152166e-03,2.3272287730e+00
247.000000,9.9918338778e-04,2.4285534339e+00
247.050000,1.0022117785e-03,2.5595796277e+00
247.100000,9.9906762049e-04,2.5679835729e+00
247.150000,1.0009742017e-03,2.6093450706e+00
247.200000,1.0004903119e-03,2.4434990758e+00
247.250000,9.9758262131e-04,2.5042473720e+00
247.300000,9.9920142409e-04,2.4551540876e+00
247.350000,9.9962718889e-04,2.3045581838e+00
247.400000,9.9820827453e-04,2.6151053557e+00
247.450000,9.9853754452e-04,2.4009236233e+00
247.500000,1.0000722940e-03,2.4243753554e+00
247.550000,1.0014174869e-03,2.7050280772e+00
247.600000,1.0010740923e-03,2.3303074000e+00
247.650000,1.0009641454e-03,2.5529350078e+00
247.700000,9.9783441700e-04,2.4798742127e+00
247.750000,1.0016924033e-03,2.6056223712e+00
247.800000,1.0016016107e-03,2.2702856720e+00
247.850000,9.9945546749e-04,2.5288205698e+00
247.900000,1.0000142118e-03,2.5383723609e+00
247.950000,1.0011475719e-03,2.7427915388e+00
248.000000,1.0000000157e-03,2.3956697147e+00
248.050000,1.0003844414e-03,2.6746643151e+00
248.100000,9.9959406369e-04,2.8012766568e+00
248.150000,9.9946143675e-04,2.2643238092e+00
248.200000,1.0010589840e-03,2.3451407462e+00
248.250000,1.0006718928e-03,2.6041702614e+00
248.300000,1.0004746214e-03,2.5801728574e+00
248.350000,1.0004320939e-03,2.7143377022e+00
248.400000,1.0003250849e-03,2.5223761590e+00
248.450000,9.9803334129e-04,2.6144884015e+00
248.500000,1.0008514607e-03,2.3938151746e+00
248.550000,1.0006125946e-03,2.4175014772e+00
248.600000,9.9893067229e-04,2.5274544449e+00
248.650000,9.9931969612e-04,2.8239769129e+00
248.700000,1.0021991309e-03,2.5081784200e+00
248.750000,1.0013906672e-03,2.5259968377e+00
248.800000,9.9906090366e-04,2.5191394970e+00
248.850000,9.9771624535e-04,2.7095511762e+00
248.900000,1.0001720593e-03,2.3985384887e+00
248.950000,1.0009863439e-03,2.4040569950e+00
249.000000,1.0000071080e-03,2.4294769719e+00
249.050000,1.0006585521e-03,2.3133996243e+00
249.100000,9.9858548420e-04,2.5561402937e+00
249.150000,1.0001417275e-03,2.4815825819e+00
249.200000,9.9916843772e-04,2.2821717625e+00
249.250000,9.9989494612e-04,2.4065631368e+00
249.300000,1.0002670359e-03,2.4919483351e+00
249.350000,9.9900296676e-04,2.5398694771e+00
249.400000,1.0012473170e-03,2.4422608823e+00
249.450000,1.0004801096e-03,2.7380704529e+00
249.500000,9.9959909409e-04,2.4276230956e+00
249.550000,1.0020438569e-03,2.6122779528e+00
249.600000,1.0004412230e-03,2.2740718667e+00
249.650000,1.0000368281e-03,2.6944475501e+00
249.700000,1.0002427244e-03,2.3868870264e+00
249.750000,1.0002179675e-03,2.6528199518e+00
249.800000,1.0017015246e-03,2.5641995430e+00
249.850000,9.9963375445e-04,2.4552233360e+00
249.900000,9.9917064133e-04,2.4527617453e+00
249.950000,1.0006016938e-03,2.6134844684e+00
250.000000,1.0012170108e-03,2.4995169312e+00
250.050000,9.9986548848e-04,2.5285312212e+00
250.100000,9.9822525716e-04,2.4705449840e+00
250.150000,1.0005101670e-03,2.3324620983e+00
250.200000,9.9950934972e-04,2.6354310494e+00
250.250000,9.9967195403e-04,2.6341204973e+00
250.300000,9.9958977083e-04,2.5100785916e+00
250.350000,1.0004535854e-03,2.6803705635e+00
250.400000,9.9935884959e-04,2.5663023783e+00
250.450000,1.0010804664e-03,2.5108519312e+00
250.500000,9.9862183053e-04,2.5020658022e+00
250.550000,9.9998345545e-04,2.3563016349e+00
250.600000,9.9879676372e-04,2.4737820639e+00
250.650000,9.9919711373e-04,2.4190067591e+00
250.700000,9.9855184010e-04,2.6505069201e+00
250.750000,1.0005838215e-03,2.4299030403e+00
250.800000,1.0005194944e-03,2.3942439318e+00
250.850000,1.0007712544e-03,2.3600142449e+00
250.900000,9.9942332342e-04,2.4287653632e+00
250.950000,1.0010129591e-03,2.3932634355e+00
251.000000,1.0000160598e-03,2.5892404189e+00
251.050000,1.0005554934e-03,2.7527725899e+00
251.100000,1.0013845895e-03,2.3335468010e+00
251.150000,9.9980120069e-04,2.3217818800e+00
251.200000,9.9929122286e-04,2.4764940905e+00
251.250000,1.0011294772e-03,2.6217012893e+00
251.300000,1.0003254620e-03,2.5400495501e+00
251.350000,9.9913283816e-04,2.4537607193e+00
251.400000,9.9850437163e-04,2.5111887848e+00
251.450000,9.9920379012e-04,2.3444537657e+00
251.500000,1.0004601981e-03,2.4965463142e+00
251.550000,9.9949259623e-04,2.4137705704e+00
251.600000,1.0004110291e-03,2.6328362820e+00
251.650000,9.9973092531e-04,2.6065786852e+00
251.700000,9.9927324730e-04,2.6368531243e+00
251.750000,9.9973483866e-04,2.6217885331e+00
251.800000,1.0001091974e-03,2.5644072822e+00
251.850000,1.0020460670e-03,2.3626425480e+00
251.900000,9.9990550471e-04,2.3060047750e+00
251.950000,1.0000039277e-03,2.5878890273e+00
252.000000,1.0011386812e-03,2.6888696138e+00
252.050000,1.0010701122e-03,2.6584313721e+00
252.100000,9.9951617175e-04,2.5510738085e+00
252.150000,9.9954213128e-04,2.6852321756e+00
252.200000,9.9976147982e-04,2.6039475437e+00
252.250000,9.9819957550e-04,2.4828370300e+00
252.300000,9.9990227340e-04,2.4794611599e+00
252.350000,1.0014218838e-03,2.4277473017e+00
252.400000,1.0003192935e-03,2.6347541117e+00
252.450000,9.9996500913e-04,2.5080979415e+00
252.500000,9.9958154705e-04,2.4986781609e+00
252.550000,1.0004243043e-03,2.3316575025e+00
252.600000,1.0011445862e-03,2.6684059090e+00
252.650000,9.9881291088e-04,2.6974939407e+00
252.700000,1.0004519011e-03,2.6282650572e+00
252.750000,9.9901316870e-04,2.5191921999e+00
252.800000,1.0005150320e-03,2.4875564712e+00
252.850000,1.0008695145e-03,2.3484711718e+00
252.900000,1.0014378762e-03,2.5228562795e+00
252.950000,1.0000090974e-03,2.5567679914e+00
253.000000,9.9976900308e-04,2.7359672262e+00
253.050000,1.0007469525e-03,2.4827762016e+00
253.100000,9.9962274704e-04,2.4198838435e+00
253.150000,9.9921635721e-04,2.6161269540e+00
253.200000,1.0004553174e-03,2.4683964923e+00
253.250000,9.9881315287e-04,2.6367471121e+00
253.300000,9.9958926463e-04,2.4521610237e+00
253.350000,1.0007095664e-03,2.2961110528e+00
253.400000,9.9945013887e-04,2.6168873997e+00
253.450000,9.9907746013e-04,2.4226318179e+00
253.500000,1.0005975859e-03,2.3920397014e+00
253.550000,1.0003275268e-03,2.5560182553e+00
253.600000,9.9895282895e-04,2.4098512575e+00
253.650000,9.9947806625e-04,2.4318552193e+00
253.700000,1.0004569827e-03,2.6428197815e+00
253.750000,9.9926977238e-04,2.4332575788e+00
253.800000,9.9908624671e-04,2.3904064214e+00
253.850000,9.9909742808e-04,2.5484650315e+00
253.900000,1.0010861633e-03,2.4774095403e+00
253.950000,1.0001191225e-03,2.5279075973e+00
254.000000,9.9873028049e-04,2.5414972714e+00
254.050000,1.0011595579e-03,2.7837779031e+00
254.100000,1.0006037258e-03,2.6186614792e+00
254.150000,9.9935656056e-04,2.5737279340e+00
254.200000,9.9922286948e-04,2.4830026827e+00
254.250000,1.0004081758e-03,2.5123220760e+00
254.300000,1.0001485925e-03,2.7960726575e+00
254.350000,9.9885631430e-04,2.6205029373e+00
254.400000,9.9926400745e-04,2.4122428242e+00
254.450000,9.9905698160e-04,2.3133931217e+00
254.500000,1.0004871842e-03,2.6746396586e+00
254.550000,1.0005938355e-03,2.6174291291e+00
254.600000,1.0024888826e-03,2.4293350045e+00
254.650000,1.0002310875e-03,2.5491928991e+00
254.700000,9.9959930603e-04,2.5570437513e+00
254.750000,9.9918883345e-04,2.6344750924e+00
254.800000,9.9909989470e-04,2.3248654686e+00
254.850000,9.9880400755e-04,2.4766794303e+00
254.900000,9.9870982295e-04,2.6285616270e+00
254.950000,1.0013983172e-03,2.4343882607e+00
255.000000,1.0001679369e-03,2.3863742474e+00
255.050000,9.9982150940e-04,2.4046477137e+00
255.100000,9.9976934118e-04,2.5302445743e+00
255.150000,1.0002396702e-03,2.7176446912e+00
255.200000,1.0000700404e-03,2.4880915238e+00
255.250000,1.0004045424e-03,2.4825957565e+00
255.300000,9.9982135345e-04,2.6058364660e+00
255.350000,9.9895316477e-04,2.4721982891e+00
255.400000,1.0016329684e-03,2.4043793399e+00
255.450000,9.9932822672e-04,2.5092693255e+00
255.500000,1.0001402537e-03,2.5729429990e+00
255.550000,9.9965616725e-04,2.5261817502e+00
255.600000,9.9817824583e-04,2.4014785678e+00
255.650000,9.9969491237e-04,2.3840254555e+00
255.700000,9.9957878031e-04,2.6157091808e+00
255.750000,1.0007363791e-03,2.7072475760e+00
255.800000,1.0016866747e-03,2.4685347030e+00
255.850000,9.9971278350e-04,2.3361638200e+00
255.900000,1.0001226644e-03,2.4699672590e+00
255.950000,9.9903100741e-04,2.5228146868e+00
256.000000,9.9961318609e-04,2.5742129929e+00
256.050000,1.0002911070e-03,2.4520505654e+00
256.100000,1.0003788572e-03,2.3901200132e+00
256.150000,1.0003238138e-03,2.5310716407e+00
256.200000,9.9938596292e-04,2.4831322576e+00
256.250000,9.9912737190e-04,2.3945578744e+00
256.300000,9.9889231151e-04,2.6309472990e+00
256.350000,9.9928459574e-04,2.3308289133e+00
256.400000,9.9918854466e-04,2.3757805115e+00
256.450000,9.9837811737e-04,2.4403473898e+00
256.500000,9.9883365697e-04,2.5652736060e+00
256.550000,1.0000305547e-03,2.3374472937e+00
256.600000,1.0004879310e-03,2.6189589706e+00
256.650000,9.9910978236e-04,2.3254651820e+00
256.700000,1.0004772922e-03,2.3553142542e+00
256.750000,9.9989155445e-04,2.4794596522e+00
256.800000,1.0004945726e-03,2.5478332110e+00
256.850000,9.9972700919e-04,2.4187159027e+00
256.900000,1.0011806905e-03,2.4444427110e+00
256.950000,1.0005540102e-03,2.6820053399e+00
257.000000,9.9967917839e-04,2.5432384792e+00
257.050000,1.0015470108e-03,2.4875991783e+00
257.100000,9.9852519322e-04,2.3041939063e+00
257.150000,9.9783572804e-04,2.4706335778e+00
257.200000,9.9912351165e-04,2.3207028499e+00
257.250000,9.9991723782e-04,2.5257252431e+00
257.300000,1.0000902528e-03,2.5265450788e+00
257.350000,1.0013517361e-03,2.5072535234e+00
257.400000,9.9970312595e-04,2.6962124339e+00
257.450000,9.9976202269e-04,2.5611528093e+00
257.500000,1.0011061839e-03,2.5849688743e+00
257.550000,1.0009598382e-03,2.2824089958e+00
257.600000,1.0001956154e-03,2.5214095118e+00
257.650000,9.9908133488e-04,2.4095218486e+00
257.700000,1.0009274607e-03,2.2950236442e+00
257.750000,9.9932867433e-04,2.4832912346e+00
257.800000,1.0007165754e-03,2.6895979565e+00
257.850000,1.0003202487e-03,2.5190468140e+00
257.900000,1.0007681115e-03,2.3722831402e+00
257.950000,1.0006699582e-03,2.4607327314e+00
258.000000,1.0021000397e-03,2.2351222270e+00
258.050000,9.9945035844e-04,2.3893396238e+00
258.100000,9.9949552465e-04,2.6576300060e+00
258.150000,9.9924409365e-04,2.6038456965e+00
258.200000,9.9890188312e-04,2.3400483952e+00
258.250000,1.0015488299e-03,2.4293129760e+00
258.300000,9.9816058924e-04,2.7703865603e+00
258.350000,1.0011135054e-03,2.8078545430e+00
258.400000,9.9953969433e-04,2.6301296235e+00
258.450000,1.0008546744e-03,2.6129402916e+00
258.500000,9.9835878318e-04,2.6294783715e+00
258.550000,9.9894349515e-04,2.6827654720e+00
258.600000,1.0003611072e-03,2.3191766379e+00
258.650000,9.9945661946e-04,2.6672337868e+00
258.700000,9.9786971470e-04,2.3020357233e+00
258.750000,1.0004029428e-03,2.4752931062e+00
258.800000,1.0000328865e-03,2.4348597391e+00
258.850000,9.9971407563e-04,2.4940625493e+00
258.900000,1.0003614359e-03,2.4283260546e+00
258.950000,1.0001559379e-03,2.3555878195e+00
259.000000,9.9757341599e-04,2.5041223255e+00
259.050000,9.9992114720e-04,2.4965093876e+00
259.100000,9.9922723430e-04,2.4853094112e+00
259.150000,9.9875638539e-04,2.5326896087e+00
259.200000,9.9922805493e-04,2.4730860250e+00
259.250000,9.9990206144e-04,2.3775982105e+00
259.300000,9.9970503809e-04,2.3309709989e+00
259.350000,1.0010993000e-03,2.6007721922e+00
259.400000,1.0000145475e-03,2.7127152872e+00
259.450000,9.9909137714e-04,2.7205392203e+00
259.500000,1.0003717807e-03,2.3041287084e+00
259.550000,1.0000442206e-03,2.4430194509e+00
259.600000,1.0005242086e-03,2.4962100329e+00
259.650000,9.9958689757e-04,2.3377314760e+00
259.700000,1.0008836889e-03,2.6878628029e+00
259.750000,9.9969584630e-04,2.4786949302e+00
259.800000,9.9933425418e-04,2.5069376182e+00
259.850000,1.0000332249e-03,2.6243113421e+00
259.900000,1.0008014349e-03,2.4573899051e+00
259.950000,1.0013961103e-03,2.5310889762e+00
260.000000,9.9875048844e-04,2.4871294911e+00
260.050000,1.0003954184e-03,2.4151890058e+00
260.100000,9.9988328554e-04,2.4517028482e+00
260.150000,1.0010951762e-03,2.2037411454e+00
260.200000,9.9906598443e-04,2.4531718688e+00
260.250000,1.0008534863e-03,2.5224029463e+00
260.300000,1.0012332985e-03,2.5483668840e+00
260.350000,1.0009047403e-03,2.4491746061e+00
260.400000,1.0013998510e-03,2.5234318272e+00
260.450000,1.0003074953e-03,2.4889344050e+00
260.500000,1.0003173030e-03,2.4607119626e+00
260.550000,1.0008218578e-03,2.2692064880e+00
260.600000,9.9997148790e-04,2.3338918035e+00
260.650000,1.0005375473e-03,2.5906584837e+00
260.700000,9.9941517632e-04,2.5453996117e+00
260.750000,9.9952491328e-04,2.4868206981e+00
260.800000,9.9863275701e-04,2.6699278516e+00
260.850000,9.9894614902e-04,2.4543747248e+00
260.900000,1.0002156827e-03,2.7162252028e+00
260.950000,9.9961409214e-04,2.5726319054e+00
261.000000,1.0005672321e-03,2.6037067186e+00
261.050000,1.0009354580e-03,2.4537496592e+00
261.100000,1.0013433042e-03,2.3718130116e+00
261.150000,9.9979284323e-04,2.5667015531e+00
261.200000,1.0000692802e-03,2.4022841008e+00
261.250000,9.9948524424e-04,2.5966426688e+00
261.300000,9.9981812428e-04,2.2056035823e+00
261.350000,1.0014078701e-03,2.4139214385e+00
261.400000,9.9970225872e-04,2.6388889712e+00
261.450000,1.0001160296e-03,2.4517440450e+00
261.500000,9.9953930018e-04,2.4301668674e+00
261.550000,1.0001550430e-03,2.3156494541e+00
261.600000,1.0009120691e-03,2.4853261788e+00
261.650000,1.0005681230e-03,2.6822523973e+00
261.700000,1.0010419825e-03,2.4492091043e+00
261.750000,9.9960630957e-04,2.7908447533e+00
261.800000,9.9954929208e-04,2.3605225167e+00
261.850000,1.0008586078e-03,2.5259690830e+00
261.900000,9.9880814080e-04,2.5890580054e+00
261.950000,9.9798831318e-04,2.6367160668e+00
262.000000,1.0000901918e-03,2.3156603076e+00
262.050000,9.9863236517e-04,2.5805448925e+00
262.100000,1.0004945154e-03,2.3271977553e+00
262.150000,9.9872268606e-04,2.5017565902e+00
262.200000,9.9994978712e-04,2.5055147410e+00
262.250000,9.9982755419e-04,2.5484320813e+00
262.300000,1.0005180007e-03,2.4501491780e+00
262.350000,9.9778378999e-04,2.6233132064e+00
262.400000,9.9893024514e-04,2.6420716069e+00
262.450000,9.9830426694e-04,2.3520045615e+00
262.500000,9.9976504936e-04,2.5613277340e+00
262.550000,1.0006107348e-03,2.5476097179e+00
262.600000,1.0008718276e-03,2.7444701048e+00
262.650000,9.9884043447e-04,2.6392083371e+00
262.700000,1.0008711503e-03,2.5010333519e+00
262.750000,9.9935393394e-04,2.4009658955e+00
262.800000,1.0014529723e-03,2.7378171765e+00
262.850000,1.0002923506e-03,2.5637020543e+00
262.900000,9.9897137947e-04,2.6256380724e+00
262.950000,9.9783101545e-04,2.6300758641e+00
263.000000,1.0008930729e-03,2.7144246605e+00
263.050000,1.0020956713e-03,2.3650385623e+00
263.100000,9.9873267152e-04,2.6575565537e+00
263.150000,9.9994152554e-04,2.3956888216e+00
263.200000,1.0023823244e-03,2.5515827559e+00
263.250000,9.9897297499e-04,2.4936289129e+00
263.300000,9.9951362655e-04,2.2661317047e+00
263.350000,9.9913715828e-04,2.5404972886e+00
263.400000,9.9951136711e-04,2.6063680830e+00
263.450000,9.9941324602e-04,2.5540273455e+00
263.500000,1.0023860669e-03,2.7903597415e+00
263.550000,1.0005813478e-03,2.6100448485e+00
263.600000,9.9959594528e-04,2.5458634504e+00
263.650000,1.0010537878e-03,2.6005614809e+00
263.700000,9.9999991253e-04,2.4788046665e+00
263.750000,9.9838625608e-04,2.4465274398e+00
263.800000,9.9932196897e-04,2.4998821896e+00
263.850000,1.0016041190e-03,2.4007135290e+00
263.900000,9.9892649861e-04,2.3513261818e+00
263.950000,9.9907740740e-04,2.4899608810e+00
264.000000,9.9701310516e-04,2.4028611202e+00
264.050000,1.0010336372e-03,2.3225359341e+00
264.100000,1.0003482240e-03,2.5551067114e+00
264.150000,9.9951260064e-04,2.6567234513e+00
264.200000,1.0005662359e-03,2.3703063681e+00
264.250000,9.9802533686e-04,2.5516570912e+00
264.300000,1.0016192949e-03,2.4283360713e+00
264.350000,9.9918767449e-04,2.5218036559e+00
264.400000,9.9889286877e-04,2.3844669725e+00
264.450000,1.0001238761e-03,2.3423400351e+00
264.500000,1.0009246943e-03,2.6785211949e+00
264.550000,9.9997074857e-04,2.7207346626e+00
264.600000,9.9941179600e-04,2.7056578321e+00
264.650000,1.0024250563e-03,2.4985056076e+00
264.700000,9.9896358251e-04,2.5586971345e+00
264.750000,9.9907813643e-04,2.6106300868e+00
264.800000,1.0017605039e-03,2.4134919744e+00
264.850000,1.0002054296e-03,2.5356820093e+00
264.900000,1.0015805440e-03,2.6199249938e+00
264.950000,1.0003656160e-03,2.3251525256e+00
265.000000,9.9997960467e-04,2.4245196927e+00
265.050000,1.0003883762e-03,2.3866854045e+00
265.100000,1.0002041377e-03,2.6136062295e+00
265.150000,1.0005258437e-03,2.4418231093e+00
265.200000,1.0012594532e-03,2.5303560065e+00
265.250000,1.0004790463e-03,2.4520845258e+00
265.300000,1.0010247068e-03,2.4185627564e+00
265.350000,1.0009805268e-03,2.5434453842e+00
265.400000,9.9972538563e-04,2.6276184521e+00
265.450000,1.0016537406e-03,2.4920661520e+00
265.500000,9.9882036322e-04,2.6046907700e+00
265.550000,1.0000230493e-03,2.2465110084e+00
265.600000,1.0001120357e-03,2.5140346594e+00
265.650000,9.9919733332e-04,2.7073229447e+00
265.700000,1.0002576931e-03,2.5667930797e+00
265.750000,9.9963317989e-04,2.5154798516e+00
265.800000,1.0009672161e-03,2.7688276955e+00
265.850000,9.9907467835e-04,2.4362003907e+00
265.900000,1.0007586448e-03,2.6292361213e+00
265.950000,1.0011293586e-03,2.6563772994e+00
266.000000,9.9863867032e-04,2.5829440704e+00
266.050000,9.9947129087e-04,2.6219791659e+00
266.100000,1.0015042313e-03,2.7031048843e+00
266.150000,9.9934991297e-04,2.3655591030e+00
266.200000,9.9940892721e-04,2.4074503313e+00
266.250000,9.9956496130e-04,2.5117889697e+00
266.300000,1.0016247786e-03,2.5902742488e+00
266.350000,1.0008495241e-03,2.5210958896e+00
266.400000,9.9946762795e-04,2.4049983461e+00
266.450000,1.0002949676e-03,2.3643745953e+00
266.500000,1.0008610025e-03,2.4454464413e+00
266.550000,9.9981227989e-04,2.3619335029e+00
266.600000,9.9968230733e-04,2.5352747332e+00
266.650000,1.0020358618e-03,2.5926926759e+00
266.700000,9.9997366753e-04,2.3677393241e+00
266.750000,9.9897254668e-04,2.5875018687e+00
266.800000,1.0004730854e-03,2.4352096218e+00
266.850000,1.0017302619e-03,2.4583131100e+00
266.900000,1.0002474484e-03,2.5683572842e+00
266.950000,1.0003779243e-03,2.5119982188e+00
267.000000,9.9808274186e-04,2.5475972481e+00
267.050000,1.0005014415e-03,2.3002065584e+00
267.100000,9.9972451169e-04,2.6223518028e+00
267.150000,1.0000373409e-03,2.5216490875e+00
267.200000,1.0006291851e-03,2.5222075096e+00
267.250000,9.9899660209e-04,2.6068509237e+00
267.300000,1.0008407376e-03,2.5311280623e+00
267.350000,9.9795398775e-04,2.5711950689e+00
267.400000,9.9969530458e-04,2.3542247038e+00
267.450000,1.0020074237e-03,2.8193875686e+00
267.500000,9.9951118481e-04,2.3972988975e+00
267.550000,1.0014432246e-03,2.8967493049e+00
267.600000,9.9842291603e-04,2.7414200091e+00
267.650000,1.0011356386e-03,2.6373011087e+00
267.700000,1.0003889381e-03,2.6198039421e+00
267.750000,9.9928094472e-04,2.3690764370e+00
267.800000,9.9861120861e-04,2.5340332764e+00
267.850000,1.0001995853e-03,2.6133992188e+00
267.900000,1.0000418784e-03,2.7991241740e+00
267.950000,9.9864819640e-04,2.5058786968e+00
268.000000,9.9963059088e-04,2.3798732302e+00
268.050000,9.9851534583e-04,2.5594896786e+00
268.100000,9.9967660744e-04,2.4984270961e+00
268.150000,9.9850675564e-04,2.3764503769e+00
268.200000,1.0008623328e-03,2.5122173137e+00
268.250000,9.9959609888e-04,2.6532874609e+00
268.300000,1.0001184195e-03,2.6305952655e+00
268.350000,1.0001537151e-03,2.4833141093e+00
268.400000,1.0006476594e-03,2.5395299497e+00
268.450000,1.0026945869e-03,2.5194956719e+00
268.500000,1.0000600649e-03,2.5137063765e+00
268.550000,1.0003766894e-03,2.6667523554e+00
268.600000,1.0001619329e-03,2.7200580274e+00
268.650000,1.0013241578e-03,2.5090634006e+00
268.700000,9.9853974949e-04,2.7496430191e+00
268.750000,9.9937330828e-04,2.3585191596e+00
268.800000,9.9863102841e-04,2.6608292080e+00
268.850000,9.9960758519e-04,2.3170338470e+00
268.900000,1.0009563709e-03,2.5919856244e+00
268.950000,1.0001252582e-03,2.6093985789e+00
269.000000,1.0005670901e-03,2.4816702443e+00
269.050000,1.0008609540e-03,2.3525405611e+00
269.100000,1.0017525487e-03,2.3029079829e+00
269.150000,9.9854016380e-04,2.4805591761e+00
269.200000,1.0001766349e-03,2.5012730270e+00
269.250000,1.0008485786e-03,2.4834657906e+00
269.300000,9.9910091311e-04,2.3438324784e+00
269.350000,1.0018668970e-03,2.6258296494e+00
269.400000,1.0001833116e-03,2.6082704446e+00
269.450000,1.0002763637e-03,2.5793797781e+00
269.500000,9.9879889174e-04,2.5708788727e+00
269.550000,9.9949043330e-04,2.5979614777e+00
269.600000,9.9963102954e-04,2.5637092467e+00
269.650000,1.0008196696e-03,2.5574646229e+00
269.700000,9.9996400058e-04,2.4385219445e+00
269.750000,1.0008920573e-03,2.6565038546e+00
269.800000,1.0012436104e-03,2.5121644232e+00
269.850000,1.0021285465e-03,2.6686575933e+00
269.900000,1.0000749030e-03,2.5311836744e+00
269.950000,1.0000685604e-03,2.5451267524e+00
270.000000,9.9971966099e-04,2.2903140125e+00
270.050000,9.9885677758e-04,2.5141331049e+00
270.100000,1.0010625309e-03,2.6669433377e+00
270.150000,9.9874656623e-04,2.4320232587e+00
270.200000,9.9961015397e-04,2.6581299664e+00
270.250000,1.0012753350e-03,2.4432826965e+00
270.300000,9.9851239570e-04,2.6704192426e+00
270.350000,1.0007431733e-03,2.4695315219e+00
270.400000,9.9930622833e-04,2.5485526016e+00
270.450000,1.0002487640e-03,2.3584810767e+00
270.500000,1.0000141614e-03,2.2490250884e+00
270.550000,1.0015197446e-03,2.5237954616e+00
270.600000,9.9767583152e-04,2.3547893905e+00
270.650000,9.9843548375e-04,2.6201960514e+00
270.700000,9.9957884120e-04,2.4851260210e+00
270.750000,1.0016195555e-03,2.6351600283e+00
270.800000,1.0006277939e-03,2.6241521770e+00
270.850000,1.0012910252e-03,2.7035705512e+00
270.900000,9.9984101338e-04,2.4137973594e+00
270.950000,9.9807037466e-04,2.6647238355e+00
271.000000,9.9864645478e-04,2.4640657277e+00
271.050000,1.0010154221e-03,2.5905102368e+00
271.100000,9.9843735509e-04,2.5689027398e+00
271.150000,1.0002014228e-03,2.2679014085e+00
271.200000,9.9792244626e-04,2.6142816786e+00
271.250000,1.0005682467e-03,2.5925897903e+00
271.300000,1.0008756127e-03,2.4655915702e+00
271.350000,9.9950569588e-04,2.7599695678e+00
271.400000,9.9819913389e-04,2.4556263784e+00
271.450000,9.9857248185e-04,2.5773332219e+00
271.500000,9.9988149446e-04,2.3833691637e+00
271.550000,1.0004274576e-03,2.4832543053e+00
271.600000,1.0000436384e-03,2.5213364480e+00
271.650000,9.9929440536e-04,2.4122915536e+00
271.700000,1.0008191040e-03,2.4645244962e+00
271.750000,1.0017381265e-03,2.3792741694e+00
271.800000,9.9939761023e-04,2.2358764851e+00
271.850000,9.9779263081e-04,2.5673494371e+00
271.900000,1.0016587194e-03,2.5782002794e+00
271.950000,1.0004585148e-03,2.7370770528e+00
272.000000,9.9944924581e-04,2.4988137325e+00
272.050000,9.9963748970e-04,2.4205116989e+00
272.100000,9.9887897662e-04,2.4996435365e+00
272.150000,1.0009862541e-03,2.4284210839e+00
272.200000,1.0014985981e-03,2.6975794476e+00
272.250000,9.9972260243e-04,2.6079226227e+00
272.300000,9.9967345469e-04,2.5623216652e+00
272.350000,9.9953395581e-04,2.6839429115e+00
272.400000,9.9989939611e-04,2.4160879862e+00
272.450000,9.9881339553e-04,2.4461849067e+00
272.500000,1.0002942398e-03,2.5402775144e+00
272.550000,1.0018055772e-03,2.4856184216e+00
272.600000,9.9916820853e-04,2.6471101841e+00
272.650000,1.0002782297e-03,2.6018098409e+00
272.700000,9.9939284973e-04,2.6297967607e+00
272.750000,1.0009863552e-03,2.5818187022e+00
272.800000,1.0000280987e-03,2.5074061553e+00
272.850000,1.0006582196e-03,2.6095480457e+00
272.900000,9.9952888694e-04,2.4650132007e+00
272.950000,9.9967188420e-04,2.2498942847e+00
273.000000,9.9939691017e-04,2.5750948346e+00
273.050000,1.0008929417e-03,2.6711554872e+00
273.100000,9.9818450223e-04,2.5844153778e+00
273.150000,1.0007866920e-03,2.4694392605e+00
273.200000,1.0004645941e-03,2.6678032567e+00
273.250000,9.9949404042e-04,2.5333103412e+00
273.300000,9.9870533543e-04,2.4014781596e+00
273.350000,9.9944249044e-04,2.4889514085e+00
273.400000,1.0000106392e-03,2.4922402496e+00
273.450000,9.9937229129e-04,2.2351773260e+00
273.500000,9.9865954459e-04,2.5789789198e+00
273.550000,1.0012553670e-03,2.4734298750e+00
273.600000,9.9952877637e-04,2.3073717860e+00
273.650000,1.0000287227e-03,2.5729327493e+00
273.700000,9.9877337439e-04,2.3809982490e+00
273.750000,1.0006887692e-03,2.6409136489e+00
273.800000,9.9955614885e-04,2.3233433992e+00
273.850000,1.0002969255e-03,2.6100332195e+00
273.900000,1.0003063474e-03,2.6742444547e+00
273.950000,1.0002003608e-03,2.3409920052e+00
274.000000,9.9862130112e-04,2.5110570303e+00
274.050000,9.9947802180e-04,2.4451093562e+00
274.100000,9.9902602909e-04,2.4921153336e+00
274.150000,1.0003468926e-03,2.4508693625e+00
274.200000,9.9974159367e-04,2.6917887097e+00
274.250000,1.0011367004e-03,2.6925928892e+00
274.300000,9.9941728598e-04,2.4897851185e+00
274.350000,1.0003191864e-03,2.6138498378e+00
274.400000,9.9975027310e-04,2.4595297056e+00
274.450000,1.0001944555e-03,2.4913871004e+00
274.500000,1.0004010710e-03,2.3906583394e+00
274.550000,9.9934451099e-04,2.3401146843e+00
274.600000,1.0005462237e-03,2.5718036992e+00
274.650000,1.0017295684e-03,2.6023313692e+00
274.700000,9.9968276488e-04,2.6248083256e+00
274.750000,9.9968631220e-04,2.4988466610e+00
274.800000,1.0004016582e-03,2.5125820340e+00
274.850000,1.0010339638e-03,2.4883766398e+00
274.900000,1.0014861630e-03,2.4489056516e+00
274.950000,9.9837631604e-04,2.4469021238e+00
275.000000,1.0000692955e-03,2.6694167205e+00
275.050000,9.9835165117e-04,2.5982182006e+00
275.100000,1.0007049864e-03,2.5615965499e+00
275.150000,1.0006993029e-03,2.3946370965e+00
275.200000,9.9996315700e-04,2.6770644592e+00
275.250000,1.0009882380e-03,2.5010811344e+00
275.300000,1.0010731184e-03,2.5110068591e+00
275.350000,9.9971561381e-04,2.4187798414e+00
275.400000,1.0004354426e-03,2.4829180705e+00
275.450000,9.9962607867e-04,2.4746242892e+00
275.500000,1.0025482906e-03,2.4219816742e+00
275.550000,9.9962781536e-04,2.4130430763e+00
275.600000,1.0009353764e-03,2.7365142889e+00
275.650000,9.9826340498e-04,2.6293905355e+00
275.700000,1.0004190346e-03,2.4046229195e+00
275.750000,1.0001962042e-03,2.7055165814e+00
275.800000,1.0007316819e-03,2.5829089435e+00
275.850000,1.0006611560e-03,2.6565936535e+00
275.900000,1.0002558056e-03,2.5504442213e+00
275.950000,9.9941446719e-04,2.6615770582e+00
276.000000,1.0011690597e-03,2.5902820205e+00
276.050000,9.9997058361e-04,2.5630851585e+00
276.100000,9.9961598898e-04,2.4298407553e+00
276.150000,9.9777172780e-04,2.5541393079e+00
276.200000,9.9915754833e-04,2.7589924720e+00
276.250000,9.9860962476e-04,2.5592884600e+00
276.300000,9.9881446791e-04,2.5965757126e+00
276.350000,9.9964565711e-04,2.4436478776e+00
276.400000,1.0007304660e-03,2.5282450422e+00
276.450000,9.9962687944e-04,2.6269609098e+00
276.500000,9.9974281437e-04,2.4225509802e+00
276.550000,1.0005224880e-03,2.6301564006e+00
276.600000,1.0006084337e-03,2.6671126070e+00
276.650000,9.9988616607e-04,2.3625160830e+00
276.700000,1.0018268627e-03,2.5373551417e+00
276.750000,1.0013530314e-03,2.3581189966e+00
276.800000,9.9837580131e-04,2.4764940102e+00
276.850000,9.9958419844e-04,2.4655837095e+00
276.900000,1.0019797575e-03,2.4003129416e+00
276.950000,9.9841347060e-04,2.4952763865e+00
277.000000,1.0002430346e-03,2.4305554463e+00
277.050000,1.0007426800e-03,2.5718794147e+00
277.100000,1.0004033613e-03,2.5242854386e+00
277.150000,9.9977302150e-04,2.4922606065e+00
277.200000,1.0008261574e-03,2.4042670349e+00
277.250000,1.0005486121e-03,2.7902879090e+00
277.300000,9.9822715805e-04,2.5833002231e+00
277.350000,1.0010650706e-03,2.6099452818e+00
277.400000,9.9907426978e-04,2.5509533344e+00
277.450000,1.0002137612e-03,2.4611015329e+00
277.500000,9.9989220596e-04,2.5081516844e+00
277.550000,1.0013947765e-03,2.4309634375e+00
277.600000,1.0007691331e-03,2.4205402696e+00
277.650000,9.9991721268e-04,2.4279176280e+00
277.700000,9.9929387933e-04,2.4818359667e+00
277.750000,9.9871861229e-04,2.6344333624e+00
277.800000,9.9900003765e-04,2.2994454754e+00
277.850000,1.0008908949e-03,2.3746506114e+00
277.900000,9.9853729756e-04,2.3339567893e+00
277.950000,9.9839723721e-04,2.3302139850e+00
278.000000,1.0016347833e-03,2.4505164965e+00
278.050000,1.0008701651e-03,2.6368592313e+00
278.100000,1.0016877885e-03,2.5558742965e+00
278.150000,9.9891012056e-04,2.7205533258e+00
278.200000,1.0005846123e-03,2.4211908976e+00
278.250000,9.9989074392e-04,2.3694747110e+00
278.300000,9.9957171826e-04,2.4001808084e+00
278.350000,9.9973318251e-04,2.5148390075e+00
278.400000,1.0004337082e-03,2.6482278324e+00
278.450000,1.0001229296e-03,2.7203266926e+00
278.500000,1.0006970149e-03,2.5601926555e+00
278.550000,1.0009841083e-03,2.4965086140e+00
278.600000,1.0017514484e-03,2.4672853054e+00
278.650000,9.9894915572e-04,2.3344391780e+00
278.700000,1.0011173611e-03,2.5907054342e+00
278.750000,9.9995088879e-04,2.7019304752e+00
278.800000,1.0029571434e-03,2.2929938720e+00
278.850000,1.0007826167e-03,2.5779756161e+00
278.900000,1.0015886779e-03,2.4648928689e+00
278.950000,9.9860207224e-04,2.4564162216e+00
279.000000,1.0001105536e-03,2.4396329538e+00
279.050000,9.9920975216e-04,2.3534354968e+00
279.100000,1.0000288201e-03,2.7119848766e+00
279.150000,1.0004294016e-03,2.4086721632e+00
279.200000,9.9915986073e-04,2.4501072234e+00
279.250000,1.0002176565e-03,2.3452076936e+00
279.300000,1.0007101048e-03,2.6964905858e+00
279.350000,9.9963026444e-04,2.5278613217e+00
279.400000,9.9991925184e-04,2.5515433032e+00
279.450000,9.9979404056e-04,2.4717650414e+00
279.500000,1.0004735583e-03,2.3405514930e+00
279.550000,9.9842169811e-04,2.4886115831e+00
279.600000,1.0002838863e-03,2.4303349153e+00
279.650000,9.9948379121e-04,2.5679614434e+00
279.700000,9.9945298249e-04,2.3936120779e+00
279.750000,9.9915233562e-04,2.3810701215e+00
279.800000,9.9822917249e-04,2.2562073455e+00
279.850000,1.0009422142e-03,2.6458581424e+00
279.900000,1.0011190856e-03,2.4297702189e+00
279.950000,9.9887001946e-04,2.6963079926e+00
280.000000,9.9873749206e-04,2.5425513877e+00
280.050000,1.0003677156e-03,2.5207551042e+00
280.100000,1.0000466314e-03,2.5852981108e+00
280.150000,9.9775055899e-04,2.2249086548e+00
280.200000,1.0002236915e-03,2.7314742763e+00
280.250000,9.9835945144e-04,2.7369364535e+00
280.300000,9.9867917625e-04,2.5751047915e+00
280.350000,1.0002433785e-03,2.4665949623e+00
280.400000,9.9839278333e-04,2.5281492733e+00
280.450000,1.0005556607e-03,2.5797200538e+00
280.500000,9.9948174603e-04,2.6476028402e+00
280.550000,9.9962997052e-04,2.3903405690e+00
280.600000,9.9933082723e-04,2.3924360468e+00
280.650000,1.0004619044e-03,2.4142797867e+00
280.700000,1.0016091096e-03,2.7045874665e+00
280.750000,1.0013637109e-03,2.3889352077e+00
280.800000,1.0005194307e-03,2.4377120133e+00
280.850000,1.0012506156e-03,2.6268579434e+00
280.900000,1.0000535946e-03,2.6160940606e+00
280.950000,1.0007025278e-03,2.6259014758e+00
281.000000,9.9960117512e-04,2.6317130524e+00
281.050000,1.0010777451e-03,2.5495616937e+00
281.100000,1.0013284789e-03,2.6166471243e+00
281.150000,9.9963590992e-04,2.7642997019e+00
281.200000,1.0002006087e-03,2.5507577166e+00
281.250000,9.9939877801e-04,2.4589899268e+00
281.300000,9.9985952038e-04,2.3312661584e+00
281.350000,1.0014277813e-03,2.4811651547e+00
281.400000,1.0019476692e-03,2.5668336899e+00
281.450000,9.9912484873e-04,2.3604692536e+00
281.500000,9.9983085326e-04,2.7585284615e+00
281.550000,1.0009024276e-03,2.6062922301e+00
281.600000,1.0002479476e-03,2.4118343995e+00
281.650000,9.9882404031e-04,2.4434065301e+00
281.700000,1.0009201705e-03,2.4470836073e+00
281.750000,1.0011614512e-03,2.5110951609e+00
281.800000,1.0019437455e-03,2.4940467524e+00
281.850000,1.0008515626e-03,2.4804667116e+00
281.900000,9.9958991807e-04,2.4718285728e+00
281.950000,1.0002772546e-03,2.4621108900e+00
282.000000,9.9849785926e-04,2.4748890304e+00
282.050000,1.0011660169e-03,2.4679438445e+00
282.100000,9.9940439911e-04,2.5438437607e+00
282.150000,1.0008265469e-03,2.5701653204e+00
282.200000,1.0011656058e-03,2.6887625601e+00
282.250000,1.0003169069e-03,2.7157472506e+00
282.300000,9.9849729118e-04,2.3986660778e+00
282.350000,1.0011296774e-03,2.4762777822e+00
282.400000,1.0001520592e-03,2.5499863269e+00
282.450000,9.9902343171e-04,2.5844240939e+00
282.500000,1.0005318269e-03,2.5968748945e+00
282.550000,9.9987869839e-04,2.6889730022e+00
282.600000,1.0003228639e-03,2.3999330155e+00
282.650000,1.0005342882e-03,2.5863628921e+00
282.700000,1.0008179865e-03,2.5997721082e+00
282.750000,1.0001768448e-03,2.6604995181e+00
282.800000,1.0003006318e-03,2.5921977595e+00
282.850000,9.9989280269e-04,2.5101716786e+00
282.900000,9.9953272415e-04,2.3732246699e+00
282.950000,1.0004348719e-03,2.6112288809e+00
283.000000,9.9846859979e-04,2.5669996383e+00
283.050000,1.0009369065e-03,2.2513004858e+00
283.100000,1.0010621848e-03,2.5810319924e+00
283.150000,9.9831227882e-04,2.6597225091e+00
283.200000,1.0014568854e-03,2.6296085294e+00
283.250000,1.0002207278e-03,2.4371333762e+00
283.300000,1.0007740247e-03,2.4385145849e+00
283.350000,1.0008050409e-03,2.6267486290e+00
283.400000,9.9977794616e-04,2.5854631819e+00
283.450000,1.0017288909e-03,2.6659821562e+00
283.500000,1.0004546972e-03,2.3426165485e+00
283.550000,9.9998170416e-04,2.5999438922e+00
283.600000,1.0005000119e-03,2.4574766576e+00
283.650000,1.0014024267e-03,2.5344520351e+00
283.700000,1.0011587239e-03,2.5428644609e+00
283.750000,9.9990842786e-04,2.4898222421e+00
283.800000,1.0003286287e-03,2.4158647759e+00
283.850000,9.9997530068e-04,2.4002366476e+00
283.900000,9.9982917379e-04,2.6305652134e+00
283.950000,9.9894832190e-04,2.4506214945e+00
284.000000,1.0004145809e-03,2.5876002517e+00
284.050000,1.0016133706e-03,2.4750265775e+00
284.100000,9.9911803667e-04,2.6402619266e+00
284.150000,9.9952770994e-04,2.4812750879e+00
284.200000,1.0010415773e-03,2.5159959525e+00
284.250000,1.0010741406e-03,2.5841831456e+00
284.300000,9.9960390226e-04,2.4896391419e+00
284.350000,9.9903604498e-04,2.5428176875e+00
284.400000,1.0007970088e-03,2.5771530940e+00
284.450000,1.0004185089e-03,2.5547191684e+00
284.500000,1.0002928516e-03,2.5276993816e+00
284.550000,9.9952744310e-04,2.5743677271e+00
284.600000,9.9843164174e-04,2.3829488797e+00
284.650000,1.0003029293e-03,2.3584418371e+00
284.700000,9.9936224745e-04,2.4371191251e+00
284.750000,1.0001085378e-03,2.5053119961e+00
284.800000,9.9915973642e-04,2.7177428427e+00
284.850000,9.9950408261e-04,2.5989335533e+00
284.900000,9.9983715487e-04,2.4390164974e+00
284.950000,9.9988565782e-04,2.6550646419e+00
285.000000,9.9908762836e-04,2.7106700895e+00
285.050000,9.9827368852e-04,2.5023262865e+00
285.100000,1.0012476066e-03,2.3373493397e+00
285.150000,1.0007679489e-03,2.6292105376e+00
285.200000,9.9992713703e-04,2.3673912548e+00
285.250000,1.0009778154e-03,2.4337763734e+00
285.300000,1.0002135972e-03,2.4302638303e+00
285.350000,1.0013267057e-03,2.7116610316e+00
285.400000,1.0000184481e-03,2.4509889473e+00
285.450000,9.9857154136e-04,2.2733295983e+00
285.500000,9.9946394246e-04,2.6958708482e+00
285.550000,1.0011686492e-03,2.3217912208e+00
285.600000,9.9820029478e-04,2.5095428052e+00
285.650000,9.9978189774e-04,2.4629659069e+00
285.700000,9.9884627896e-04,2.4602112341e+00
285.750000,9.9830285156e-04,2.4285977478e+00
285.800000,1.0013372212e-03,2.4673916451e+00
285.850000,1.0000413547e-03,2.5328064809e+00
285.900000,1.0010631468e-03,2.7075801985e+00
285.950000,9.9974239888e-04,2.7739642712e+00
286.000000,9.9909012491e-04,2.3906781319e+00
286.050000,1.0000580344e-03,2.5276262471e+00
286.100000,1.0001631144e-03,2.4966392611e+00
286.150000,1.0013938152e-03,2.4261327223e+00
286.200000,9.9922307913e-04,2.3737767086e+00
286.250000,9.9761429128e-04,2.5123112899e+00
286.300000,9.9892297934e-04,2.6046153806e+00
286.350000,1.0015026502e-03,2.5562173841e+00
286.400000,9.9909670014e-04,2.4338180706e+00
286.450000,9.9946424123e-04,2.5688353196e+00
286.500000,9.9977817805e-04,2.2927010075e+00
286.550000,1.0006315645e-03,2.2687302658e+00
286.600000,1.0005028928e-03,2.3932959952e+00
286.650000,1.0017381306e-03,2.5195982908e+00
286.700000,9.9642117384e-04,2.6586806119e+00
286.750000,1.0009695056e-03,2.5312432650e+00
286.800000,9.9816584058e-04,2.2521104989e+00
286.850000,1.0011753456e-03,2.7159710686e+00
286.900000,9.9952543897e-04,2.6489578172e+00
286.950000,1.0004651384e-03,2.4612349628e+00
287.000000,9.9672004677e-04,2.3971749663e+00
287.050000,9.9988213811e-04,2.4463857789e+00
287.100000,1.0024350122e-03,2.3770113971e+00
287.150000,9.9974744076e-04,2.5117213899e+00
287.200000,9.9894444998e-04,2.5061355142e+00
287.250000,9.9886542569e-04,2.4906309302e+00
287.300000,1.0002673333e-03,2.5160260614e+00
287.350000,1.0007130535e-03,2.4913115006e+00
287.400000,9.9933847967e-04,2.5574979662e+00
287.450000,9.9823346348e-04,2.6425962412e+00
287.500000,9.9837017383e-04,2.5913359349e+00
287.550000,1.0000368526e-03,2.5142297664e+00
287.600000,1.0007670207e-03,2.7626410655e+00
287.650000,1.0011643670e-03,2.3023983309e+00
287.700000,9.9944015998e-04,2.4152632192e+00
287.750000,1.0001687501e-03,2.6234849362e+00
287.800000,9.9966577040e-04,2.5616873847e+00
287.850000,9.9898819883e-04,2.5246351874e+00
287.900000,1.0007789615e-03,2.5602359834e+00
287.950000,1.0000225673e-03,2.6565280175e+00
288.000000,9.9915830423e-04,2.5521475257e+00
288.050000,9.9919697336e-04,2.5124654148e+00
288.100000,1.0007718291e-03,2.5462778855e+00
288.150000,9.9999262967e-04,2.3846318294e+00
288.200000,1.0001800103e-03,2.4820306376e+00
288.250000,9.9897082425e-04,2.3815399732e+00
288.300000,1.0012763664e-03,2.3636075536e+00
288.350000,1.0001889782e-03,2.3402548724e+00
288.400000,1.0019015692e-03,2.4389609863e+00
288.450000,1.0006257592e-03,2.4481187264e+00
288.500000,1.0014648212e-03,2.4266444697e+00
288.550000,9.9980312367e-04,2.5960291403e+00
288.600000,1.0010989172e-03,2.5949917628e+00
288.650000,1.0009927469e-03,2.3830590819e+00
288.700000,1.0002604191e-03,2.4669716638e+00
288.750000,9.9957894938e-04,2.6069503199e+00
288.800000,9.9960513481e-04,2.5511140198e+00
288.850000,1.0005063788e-03,2.4660256327e+00
288.900000,9.9984001950e-04,2.5551297333e+00
288.950000,1.0011871955e-03,2.5024539077e+00
289.000000,9.9918844731e-04,2.5052726130e+00
289.050000,9.9880846195e-04,2.6173562238e+00
289.100000,9.9990149631e-04,2.5865735759e+00
289.150000,1.0002722093e-03,2.3485184653e+00
289.200000,9.9791034836e-04,2.3988589841e+00
289.250000,9.9886223848e-04,2.3671079170e+00
289.300000,9.9857906263e-04,2.3957756169e+00
289.350000,9.9942833157e-04,2.4824724757e+00
289.400000,1.0006531671e-03,2.6276670464e+00
289.450000,9.9984006761e-04,2.6505406412e+00
289.500000,9.9887175915e-04,2.7146795436e+00
289.550000,9.9977165812e-04,2.7075863918e+00
289.600000,1.0016328880e-03,2.4695608125e+00
289.650000,1.0014479014e-03,2.4514820043e+00
289.700000,9.9952391331e-04,2.5276483628e+00
289.750000,9.9987829426e-04,2.6513715385e+00
289.800000,9.9950073960e-04,2.6373009849e+00
289.850000,9.9991166368e-04,2.5441316402e+00
289.900000,9.9997902564e-04,2.4777213907e+00
289.950000,1.0002863112e-03,2.4464525757e+00
290.000000,1.0014324405e-03,2.6150613630e+00
290.050000,9.9846971174e-04,2.6537346232e+00
290.100000,9.9790488893e-04,2.3921360635e+00
290.150000,1.0003978391e-03,2.3696983528e+00
290.200000,1.0022277877e-03,2.6583550716e+00
290.250000,9.9966763413e-04,2.4294670494e+00
290.300000,1.0014330475e-03,2.5894757273e+00
290.350000,9.9882857639e-04,2.6718946923e+00
290.400000,1.0024713155e-03,2.3926672620e+00
290.450000,1.0002151520e-03,2.3442661184e+00
290.500000,9.9910106736e-04,2.6121875699e+00
290.550000,1.0004235633e-03,2.6372277302e+00
290.600000,9.9946312306e-04,2.3416735198e+00
290.650000,1.0008894274e-03,2.4744509281e+00
290.700000,1.0008841117e-03,2.3660501039e+00
290.750000,9.9866969967e-04,2.5989979605e+00
290.800000,9.9859959482e-04,2.5558452750e+00
290.850000,1.0003550902e-03,2.7603559574e+00
290.900000,9.9949014801e-04,2.4192216278e+00
290.950000,1.0002113062e-03,2.6654499553e+00
291.000000,9.9903029370e-04,2.4135076655e+00
291.050000,9.9954564919e-04,2.5285638179e+00
291.100000,1.0022338955e-03,2.5031077986e+00
291.150000,9.9863281123e-04,2.4178298721e+00
291.200000,9.9868798989e-04,2.7454738751e+00
291.250000,1.0005357730e-03,2.5440593658e+00
291.300000,1.0004008988e-03,2.4271024232e+00
291.350000,1.0007288123e-03,2.3208907448e+00
291.400000,9.9951746442e-04,2.2851230051e+00
291.450000,1.0004328485e-03,2.4323543745e+00
291.500000,9.9993606349e-04,2.4611442716e+00
291.550000,1.0003048419e-03,2.2996223712e+00
291.600000,9.9983332891e-04,2.3685569584e+00
291.650000,1.0002641256e-03,2.5647874726e+00
291.700000,9.9872543346e-04,2.5654501636e+00
291.750000,9.9954441474e-04,2.4808717877e+00
291.800000,1.0033181278e-03,2.5121176156e+00
291.850000,9.9864643172e-04,2.6453419220e+00
291.900000,9.9992921955e-04,2.5451419686e+00
291.950000,9.9837789189e-04,2.3985422016e+00
292.000000,1.0009115143e-03,2.6064895149e+00
292.050000,9.9957307198e-04,2.6402185814e+00
292.100000,1.0011965626e-03,2.4735094628e+00
292.150000,9.9897726552e-04,2.2831492456e+00
292.200000,1.0011224908e-03,2.5369177702e+00
292.250000,1.0003812357e-03,2.2489141308e+00
292.300000,1.0016309492e-03,2.6092925325e+00
292.350000,1.0033035210e-03,2.5223175642e+00
292.400000,9.9914579223e-04,2.6223073442e+00
292.450000,9.9905721627e-04,2.3420175479e+00
292.500000,9.9979718932e-04,2.5648254480e+00
292.550000,1.0001612671e-03,2.4553585039e+00
292.600000,1.0006790962e-03,2.4185112660e+00
292.650000,9.9975977378e-04,2.6078287620e+00
292.700000,9.9869345499e-04,2.5777454828e+00
292.750000,9.9916843451e-04,2.7388945298e+00
292.800000,1.0001024693e-03,2.6067217989e+00
292.850000,1.0018722191e-03,2.4970447985e+00
292.900000,9.9958295949e-04,2.4741096930e+00
292.950000,9.9945562713e-04,2.5535881185e+00
293.000000,1.0005389413e-03,2.5188947012e+00
293.050000,1.0002747836e-03,2.4315590414e+00
293.100000,9.9968985195e-04,2.4691396056e+00
293.150000,9.9935161816e-04,2.5776443926e+00
293.200000,1.0008417261e-03,2.4549564873e+00
293.250000,9.9870220550e-04,2.7470764853e+00
293.300000,1.0011417621e-03,2.6401655410e+00
293.350000,1.0014160722e-03,2.5734788733e+00
293.400000,1.0002079842e-03,2.6098697049e+00
293.450000,1.0016934736e-03,2.5538963708e+00
293.500000,1.0005781102e-03,2.5615198035e+00
293.550000,1.0001776914e-03,2.5032752853e+00
293.600000,1.0008021421e-03,2.5606696068e+00
293.650000,9.9946495330e-04,2.4676565570e+00
293.700000,1.0012987233e-03,2.4851255922e+00
293.750000,1.0001708514e-03,2.6418477823e+00
293.800000,1.0001695395e-03,2.6321111053e+00
293.850000,9.9864515336e-04,2.2591836325e+00
293.900000,1.0000569842e-03,2.6275672817e+00
293.950000,1.0003860217e-03,2.5217958279e+00
294.000000,9.9868719688e-04,2.4839409304e+00
294.050000,9.9952501931e-04,2.6176146207e+00
294.100000,9.9956578972e-04,2.4686022939e+00
294.150000,1.0004636181e-03,2.8214259340e+00
294.200000,1.0009591792e-03,2.5178499165e+00
294.250000,1.0006008546e-03,2.5641389601e+00
294.300000,9.9977794957e-04,2.5860840859e+00
294.350000,1.0003905311e-03,2.4686810481e+00
294.400000,1.0003623981e-03,2.4010731314e+00
294.450000,9.9981093004e-04,2.4129513827e+00
294.500000,9.9849840423e-04,2.5340982435e+00
294.550000,1.0004731071e-03,2.6409854446e+00
294.600000,9.9955381350e-04,2.4156816539e+00
294.650000,1.0018575252e-03,2.3738668373e+00
294.700000,1.0005525953e-03,2.4907679977e+00
294.750000,1.0024481821e-03,2.5427613235e+00
294.800000,1.0007870097e-03,2.5881585270e+00
294.850000,9.9887295290e-04,2.4525239913e+00
294.900000,9.9902845629e-04,2.4715988687e+00
294.950000,9.9928432927e-04,2.4301464466e+00
295.000000,1.0002909648e-03,2.5988890569e+00
295.050000,1.0004185162e-03,2.4855973151e+00
295.100000,1.0001064102e-03,2.4726416890e+00
295.150000,1.0010656091e-03,2.8111974729e+00
295.200000,9.9997772235e-04,2.7640788644e+00
295.250000,1.0014007975e-03,2.5848885608e+00
295.300000,1.0009769083e-03,2.4219210386e+00
295.350000,1.0001002390e-03,2.5854119521e+00
295.400000,1.0008817225e-03,2.5390150080e+00
295.450000,9.9918885744e-04,2.5889164664e+00
295.500000,1.0006062078e-03,2.4637113627e+00
295.550000,1.0003298436e-03,2.4312421208e+00
295.600000,9.9948356181e-04,2.5294233254e+00
295.650000,1.0014340846e-03,2.5775043668e+00
295.700000,9.9962459052e-04,2.4425700864e+00
295.750000,9.9953211037e-04,2.5008959335e+00
295.800000,1.0008421077e-03,2.4733575059e+00
295.850000,1.0008734249e-03,2.6395819235e+00
295.900000,1.0010961654e-03,2.6193554711e+00
295.950000,1.0008336012e-03,2.5339372570e+00
296.000000,1.0004611877e-03,2.4490836434e+00
296.050000,9.9897074328e-04,2.6179757601e+00
296.100000,9.9995805086e-04,2.5861074157e+00
296.150000,1.0016876660e-03,2.5695181653e+00
296.200000,9.9854834533e-04,2.4428936584e+00
296.250000,9.9912791466e-04,2.4828399083e+00
296.300000,9.9927625056e-04,2.7872248046e+00
296.350000,9.9992856503e-04,2.4845227860e+00
296.400000,1.0004657706e-03,2.6213627704e+00
296.450000,1.0002189096e-03,2.5932425460e+00
296.500000,9.9885066190e-04,2.4852789429e+00
296.550000,1.0008903470e-03,2.4358597390e+00
296.600000,1.0007484043e-03,2.5932228356e+00
296.650000,1.0005690271e-03,2.7335953902e+00
296.700000,9.9801059044e-04,2.7870158656e+00
296.750000,9.9937693714e-04,2.4049876936e+00
296.800000,9.9979887312e-04,2.6237647152e+00
296.850000,9.9897146945e-04,2.5973832788e+00
296.900000,1.0006006109e-03,2.5853161274e+00
296.950000,1.0008518956e-03,2.6116872390e+00
297.000000,1.0002376615e-03,2.4775967493e+00
297.050000,9.9871431269e-04,2.4019934448e+00
297.100000,9.9722808310e-04,2.3764995459e+00
297.150000,9.9920351480e-04,2.4933597882e+00
297.200000,9.9931720320e-04,2.5483036240e+00
297.250000,1.0006120549e-03,2.3474194967e+00
297.300000,1.0003118422e-03,2.4810538189e+00
297.350000,9.9931168958e-04,2.5308446493e+00
297.400000,9.9817461496e-04,2.7155338898e+00
297.450000,9.9881190631e-04,2.3197585869e+00
297.500000,1.0000591056e-03,2.4100326344e+00
297.550000,1.0011339089e-03,2.6955532264e+00
297.600000,9.9946852972e-04,2.5660688819e+00
297.650000,9.9878197893e-04,2.4291651437e+00
297.700000,9.9996622382e-04,2.7099125232e+00
297.750000,1.0009235448e-03,2.4799404179e+00
297.800000,1.0003415077e-03,2.5657213400e+00
297.850000,1.0017324517e-03,2.6177957248e+00
297.900000,9.9893790705e-04,2.4041070376e+00
297.950000,9.9980831155e-04,2.4811268750e+00
298.000000,9.9929019129e-04,2.5237472168e+00
298.050000,1.0007676238e-03,2.5383019211e+00
298.100000,9.9964371404e-04,2.5460527032e+00
298.150000,9.9957349272e-04,2.6587138990e+00
298.200000,1.0008717383e-03,2.5595496847e+00
298.250000,9.9947945059e-04,2.6823752765e+00
298.300000,1.0021241030e-03,2.4579119621e+00
298.350000,1.0005300584e-03,2.3479541196e+00
298.400000,9.9712687748e-04,2.6330106870e+00
298.450000,9.9829064905e-04,2.5627139192e+00
298.500000,9.9919850203e-04,2.4687715116e+00
298.550000,9.9881025738e-04,2.2824847722e+00
298.600000,9.9895964768e-04,2.3986520726e+00
298.650000,9.9932453961e-04,2.5819197414e+00
298.700000,9.9908628866e-04,2.5587461080e+00
298.750000,1.0002206929e-03,2.7142281746e+00
298.800000,1.0024311508e-03,2.4373423944e+00
298.850000,1.0004602269e-03,2.4934325452e+00
298.900000,1.0005646311e-03,2.5023988233e+00
298.950000,1.0020752533e-03,2.8082273215e+00
299.000000,9.9846658106e-04,2.4939773397e+00
299.050000,9.9935840581e-04,2.5632293823e+00
299.100000,9.9952568978e-04,2.4587837640e+00
299.150000,9.9953871318e-04,2.5592183287e+00
299.200000,1.0013035167e-03,2.5038428480e+00
299.250000,1.0010325250e-03,2.4365238854e+00
299.300000,9.9995501787e-04,2.5027953339e+00
299.350000,9.9997361557e-04,2.5823839437e+00
299.400000,9.9948214193e-04,2.4653291236e+00
299.450000,1.0004888070e-03,2.3543672258e+00
299.500000,9.9927953459e-04,2.8126408290e+00
299.550000,9.9793160253e-04,2.2415400664e+00
299.600000,1.0002417030e-03,2.5014181481e+00
299.650000,9.9931049910e-04,2.3595341500e+00
299.700000,9.9974091757e-04,2.3660441432e+00
299.750000,9.9905842405e-04,2.5800711518e+00
299.800000,1.0005678292e-03,2.3703757803e+00
299.850000,9.9965500826e-04,2.5575176167e+00
299.900000,1.0021308235e-03,2.6862945692e+00
299.950000,9.9858849024e-04,2.4897451826e+00
300.000000,1.0016273582e-03,2.5825999270e+00
300.050000,1.0009291491e-03,2.6568335324e+00
300.100000,9.9973432968e-04,2.5032018574e+00
300.150000,1.0009701928e-03,2.2457170801e+00
300.200000,1.0002349121e-03,2.5746219322e+00
300.250000,1.0007958478e-03,2.4178923900e+00
300.300000,1.0017517966e-03,2.3161064465e+00
300.350000,1.0003435648e-03,2.7653557889e+00
300.400000,1.0008536592e-03,2.3692788332e+00
300.450000,1.0002951838e-03,2.4552078258e+00
300.500000,1.0009040969e-03,2.4283904030e+00
300.550000,1.0007141901e-03,2.4849459679e+00
300.600000,9.9954626201e-04,2.4089672418e+00
300.650000,9.9908195962e-04,2.4905519552e+00
300.700000,1.0013509951e-03,2.4918847407e+00
300.750000,9.9896607457e-04,2.4666061643e+00
300.800000,9.9867112204e-04,2.8062802959e+00
300.850000,9.9934614737e-04,2.7235814821e+00
300.900000,1.0015960456e-03,2.6159253920e+00
300.950000,1.0007538860e-03,2.5244413789e+00
301.000000,9.9992500923e-04,2.7708862998e+00
301.050000,1.0000153354e-03,2.4594060073e+00
301.100000,1.0000685098e-03,2.6502823349e+00
301.150000,9.9978538068e-04,2.6979894742e+00
301.200000,1.0011384400e-03,2.5342370866e+00
301.250000,1.0003703725e-03,2.3986187520e+00
301.300000,9.9986200644e-04,2.5407815433e+00
301.350000,9.9805949528e-04,2.4723424243e+00
301.400000,1.0008557526e-03,2.2524976388e+00
301.450000,9.9991589898e-04,2.4523474384e+00
301.500000,1.0001890758e-03,2.4095194403e+00
301.550000,9.9972731902e-04,2.6549862936e+00
301.600000,1.0001707485e-03,2.5629630386e+00
301.650000,1.0001139938e-03,2.7224257964e+00
301.700000,9.9889253341e-04,2.6463138578e+00
301.750000,9.9912727096e-04,2.2869631788e+00
301.800000,9.9782912581e-04,2.7055147578e+00
301.850000,9.9757468866e-04,2.6072424870e+00
301.900000,9.9851053081e-04,2.5192580470e+00
301.950000,9.9862237598e-04,2.5989022541e+00
302.000000,9.9999452763e-04,2.6540624610e+00
302.050000,9.9841000366e-04,2.7876255189e+00
302.100000,9.9995136710e-04,2.3678048235e+00
302.150000,1.0001154976e-03,2.5884918160e+00
302.200000,9.9844700784e-04,2.3721293338e+00
302.250000,9.9984289377e-04,2.7116321089e+00
302.300000,1.0006058865e-03,2.4788268989e+00
302.350000,1.0012376641e-03,2.6076084699e+00
302.400000,1.0007901435e-03,2.4683030305e+00
302.450000,1.0009303212e-03,2.5143226046e+00
302.500000,1.0012796764e-03,2.4041043116e+00
302.550000,9.9986729870e-04,2.4400535295e+00
302.600000,1.0013738922e-03,2.6311931042e+00
302.650000,9.9991214412e-04,2.5290190521e+00
302.700000,1.0009305632e-03,2.5360106786e+00
302.750000,9.9818666828e-04,2.3089972278e+00
302.800000,9.9939811731e-04,2.5463515954e+00
302.850000,9.9951678962e-04,2.6183173141e+00
302.900000,1.0012166306e-03,2.5694495698e+00
302.950000,9.9881951624e-04,2.4721722111e+00
303.000000,1.0010100430e-03,2.5652490795e+00
303.050000,1.0002746544e-03,2.4797678281e+00
303.100000,1.0004328419e-03,2.4427677136e+00
303.150000,1.0004963517e-03,2.4107390125e+00
303.200000,1.0008600355e-03,2.7905943766e+00
303.250000,9.9895108824e-04,2.2573306283e+00
303.300000,9.9950377749e-04,2.6256774484e+00
303.350000,1.0002431539e-03,2.6879992021e+00
303.400000,9.9913575913e-04,2.4863236408e+00
303.450000,9.9942444486e-04,2.6076421245e+00
303.500000,1.0004102219e-03,2.5575793522e+00
303.550000,1.0003598432e-03,2.4919351139e+00
303.600000,1.0006028915e-03,2.5072898027e+00
303.650000,1.0014393132e-03,2.4458845740e+00
303.700000,1.0003469346e-03,2.2578353263e+00
303.750000,1.0015255561e-03,2.7199746351e+00
303.800000,9.9969742027e-04,2.6856599487e+00
303.850000,9.9947573811e-04,2.3112046376e+00
303.900000,1.0007228321e-03,2.3985866783e+00
303.950000,1.0003501363e-03,2.4648191578e+00
304.000000,9.9957883665e-04,2.7157444729e+00
304.050000,1.0007504420e-03,2.5588259355e+00
304.100000,9.9992850527e-04,2.4523899025e+00
304.150000,1.0004871359e-03,2.6339366534e+00
304.200000,9.9994961500e-04,2.4806228691e+00
304.250000,1.0006518128e-03,2.5469104883e+00
304.300000,1.0005170195e-03,2.4945623987e+00
304.350000,1.0005973754e-03,2.4963576887e+00
304.400000,1.0013320426e-03,2.4093929738e+00
304.450000,9.9795385174e-04,2.4106421578e+00
304.500000,9.9920623480e-04,2.2041297926e+00
304.550000,1.0006732221e-03,2.6070386816e+00
304.600000,9.9790878075e-04,2.5724533069e+00
304.650000,1.0003015351e-03,2.6089260231e+00
304.700000,1.0005965642e-03,2.3250293436e+00
304.750000,9.9941572005e-04,2.8088528517e+00
304.800000,9.9952150176e-04,2.5886409088e+00
304.850000,1.0012628777e-03,2.5241324450e+00
304.900000,1.0008224737e-03,2.5572251443e+00
304.950000,9.9883967360e-04,2.6700158557e+00
305.000000,9.9920049135e-04,2.4697821766e+00
305.050000,9.9972841533e-04,2.2740928282e+00
305.100000,9.9992718275e-04,2.4100449981e+00
305.150000,9.9977287854e-04,2.7877579613e+00
305.200000,1.0003900397e-03,2.4810610482e+00
305.250000,9.9984369084e-04,2.5697268619e+00
305.300000,1.0012678319e-03,2.4290837812e+00
305.350000,9.9870869203e-04,2.4939739637e+00
305.400000,9.9686356168e-04,2.6012814049e+00
305.450000,9.9966824469e-04,2.3931168983e+00
305.500000,1.0024575760e-03,2.3594587592e+00
305.550000,9.9965463379e-04,2.6123127210e+00
305.600000,1.0003829144e-03,2.3342388905e+00
305.650000,1.0004295684e-03,2.4415646084e+00
305.700000,1.0001490233e-03,2.4877456905e+00
305.750000,1.0002636292e-03,2.5337653849e+00
305.800000,9.9796944924e-04,2.6687684883e+00
305.850000,9.9961814230e-04,2.3081619318e+00
305.900000,1.0005499593e-03,2.4653291715e+00
305.950000,9.9991236820e-04,2.5256819852e+00
306.000000,1.0007566181e-03,2.6652480228e+00
306.050000,9.9892797149e-04,2.4715246447e+00
306.100000,9.9999091431e-04,2.5295229762e+00
306.150000,1.0003103710e-03,2.7008996973e+00
306.200000,1.0001304337e-03,2.6549567763e+00
306.250000,1.0003014096e-03,2.5922933989e+00
306.300000,9.9921515644e-04,2.4887512501e+00
306.350000,9.9997577071e-04,2.3954759381e+00
306.400000,9.9932807158e-04,2.5363372441e+00
306.450000,9.9833397140e-04,2.6810697745e+00
306.500000,1.0007703455e-03,2.5080949082e+00
306.550000,9.9894153086e-04,2.4174388002e+00
306.600000,9.9960956164e-04,2.5400633663e+00
306.650000,1.0008792922e-03,2.4026835604e+00
306.700000,9.9958462863e-04,2.7677416743e+00
306.750000,1.0019029478e-03,2.3788390262e+00
306.800000,1.0001044348e-03,2.4461205509e+00
306.850000,1.0007078655e-03,2.4958856880e+00
306.900000,9.9997454986e-04,2.6035326113e+00
306.950000,9.9975453669e-04,2.8034415301e+00
307.000000,1.0012469398e-03,2.5716082489e+00
307.050000,1.0011415921e-03,2.3340680689e+00
307.100000,1.0003183606e-03,2.6692758572e+00
307.150000,9.9975689880e-04,2.4932254093e+00
307.200000,1.0020036233e-03,2.7231560388e+00
307.250000,1.0006685903e-03,2.5748632980e+00
307.300000,9.9854202874e-04,2.6079506924e+00
307.350000,1.0020817997e-03,2.4480690561e+00
307.400000,1.0030940593e-03,2.5825066128e+00
307.450000,1.0004752156e-03,2.6089993127e+00
307.500000,1.0003848567e-03,2.4671502626e+00
307.550000,1.0013512506e-03,2.5861955766e+00
307.600000,9.9849487923e-04,2.4938926606e+00
307.650000,1.0001233476e-03,2.6525350051e+00
307.700000,9.9946701457e-04,2.6486432776e+00
307.750000,9.9987145307e-04,2.7926778218e+00
307.800000,1.0021915976e-03,2.4770505803e+00
307.850000,1.0012188349e-03,2.5603492326e+00
307.900000,1.0005549057e-03,2.1953963592e+00
307.950000,9.9957674167e-04,2.3105515848e+00
308.000000,9.9998013832e-04,2.6683718921e+00
308.050000,1.0000948116e-03,2.3187805610e+00
308.100000,9.9887425504e-04,2.4089680190e+00
308.150000,9.9865406023e-04,2.4129214216e+00
308.200000,9.9885367747e-04,2.5307474175e+00
308.250000,9.9924374971e-04,2.6761760756e+00
308.300000,1.0000700458e-03,2.6451996092e+00
308.350000,9.9928360946e-04,2.5991880570e+00
308.400000,9.9965077770e-04,2.6434037060e+00
308.450000,1.0005825398e-03,2.6788310911e+00
308.500000,9.9826899530e-04,2.4866350807e+00
308.550000,9.9961474584e-04,2.6726662810e+00
308.600000,1.0002537916e-03,2.6318528204e+00
308.650000,1.0015332503e-03,2.4836195223e+00
308.700000,1.0006341166e-03,2.5346716671e+00
308.750000,1.0004453226e-03,2.4509392919e+00
308.800000,9.9976769986e-04,2.3748467928e+00
308.850000,1.0006075169e-03,2.4800884325e+00
308.900000,1.0004406705e-03,2.2848313175e+00
308.950000,1.0010434490e-03,2.3503465719e+00
309.000000,1.0002281671e-03,2.4576587506e+00
309.050000,1.0006617139e-03,2.4764260259e+00
309.100000,1.0016668768e-03,2.4633729572e+00
309.150000,9.9908336081e-04,2.3293904879e+00
309.200000,1.0002402746e-03,2.6636326680e+00
309.250000,9.9907143768e-04,2.6724962755e+00
309.300000,1.0009541579e-03,2.6088890127e+00
309.350000,9.9943377309e-04,2.6431582312e+00
309.400000,1.0012732586e-03,2.4205172681e+00
309.450000,1.0010792793e-03,2.5442953753e+00
309.500000,1.0003879257e-03,2.4184565867e+00
309.550000,1.0001247798e-03,2.5294809624e+00
309.600000,1.0016256452e-03,2.6288904626e+00
309.650000,9.9963493194e-04,2.5590832131e+00
309.700000,1.0002547158e-03,2.4766212668e+00
309.750000,9.9958895418e-04,2.5018554931e+00
309.800000,9.9991486170e-04,2.4274517310e+00
309.850000,9.9941686497e-04,2.2301854447e+00
309.900000,1.0002025049e-03,2.4965985183e+00
309.950000,9.9905249222e-04,2.6083774288e+00
310.000000,9.9917710618e-04,2.5094328503e+00
310.050000,9.9956606155e-04,2.5626155290e+00
310.100000,1.0001066237e-03,2.3089532627e+00
310.150000,1.0005733162e-03,2.3591379089e+00
310.200000,1.0014756379e-03,2.6404005545e+00
310.250000,9.9985300437e-04,2.4081470650e+00
310.300000,9.9959450098e-04,2.4220457579e+00
310.350000,1.0009530806e-03,2.3564850357e+00
310.400000,9.9942842772e-04,2.5892796969e+00
310.450000,9.9993645817e-04,2.5990388654e+00
310.500000,1.0009220483e-03,2.6292768754e+00
310.550000,1.0008198374e-03,2.4202412089e+00
310.600000,1.0002298370e-03,2.5490649245e+00
310.650000,1.0026699510e-03,2.5500010629e+00
310.700000,1.0000741798e-03,2.4520570774e+00
310.750000,1.0014473696e-03,2.4646726237e+00
310.800000,1.0004393961e-03,2.4989342430e+00
310.850000,1.0003737510e-03,2.4977898891e+00
310.900000,1.0004674580e-03,2.4347192392e+00
310.950000,9.9857073237e-04,2.5524316495e+00
311.000000,1.0001620607e-03,2.5429456506e+00
311.050000,9.9997239782e-04,2.4796622392e+00
311.100000,1.0004613158e-03,2.5227241324e+00
311.150000,9.9898683315e-04,2.5883410515e+00
311.200000,1.0005992688e-03,2.4417200181e+00
311.250000,1.0006651065e-03,2.5897711317e+00
311.300000,1.0003476760e-03,2.7016605191e+00
311.350000,1.0009532913e-03,2.4851502409e+00
311.400000,1.0004230653e-03,2.3234438251e+00
311.450000,9.9844075499e-04,2.5348487477e+00
311.500000,9.9835692810e-04,2.4184443786e+00
311.550000,1.0006962714e-03,2.3845494014e+00
311.600000,1.0009743730e-03,2.6230508698e+00
311.650000,1.0005538262e-03,2.6991703280e+00
311.700000,9.9822402258e-04,2.4985290161e+00
311.750000,9.9905191327e-04,2.4754396845e+00
311.800000,1.0003769639e-03,2.5591114100e+00
311.850000,9.9973893095e-04,2.3717299803e+00
311.900000,9.9838815132e-04,2.6596216147e+00
311.950000,9.9973825792e-04,2.5280371259e+00
312.000000,1.0001330846e-03,2.4287717643e+00
312.050000,1.0000455240e-03,2.3881154734e+00
312.100000,1.0002648022e-03,2.6176199190e+00
312.150000,1.0002955280e-03,2.6190899885e+00
312.200000,9.9870835256e-04,2.3994508576e+00
312.250000,1.0010227246e-03,2.4431452514e+00
312.300000,9.9934823848e-04,2.3309170380e+00
312.350000,1.0004882884e-03,2.4763499737e+00
312.400000,1.0010784037e-03,2.7606109337e+00
312.450000,9.9862570072e-04,2.5009217431e+00
312.500000,1.0001736865e-03,2.7942436234e+00
312.550000,9.9871824957e-04,2.5330371931e+00
312.600000,9.9933095299e-04,2.4749951608e+00
312.650000,9.9793174558e-04,2.6221327495e+00
312.700000,1.0018262472e-03,2.5348581784e+00
312.750000,1.0005829208e-03,2.6617214113e+00
312.800000,9.9872731835e-04,2.4219366478e+00
312.850000,1.0000782979e-03,2.5530939943e+00
312.900000,1.0011423472e-03,2.5130364597e+00
312.950000,1.0008283407e-03,2.5479343367e+00
313.000000,9.9900121517e-04,2.6407681709e+00
313.050000,1.0000615160e-03,2.5795902505e+00
313.100000,9.9943648783e-04,2.4629340961e+00
313.150000,1.0004026726e-03,2.6041266672e+00
313.200000,9.9923546263e-04,2.5719282420e+00
313.250000,1.0003092994e-03,2.2272283560e+00
313.300000,1.0004409027e-03,2.5635814691e+00
313.350000,1.0001309085e-03,2.3819743020e+00
313.400000,1.0001718927e-03,2.7404363409e+00
313.450000,1.0009325977e-03,2.5678351201e+00
313.500000,9.9757849161e-04,2.5038680003e+00
313.550000,1.0005793776e-03,2.5436995367e+00
313.600000,9.9847181614e-04,2.7294036971e+00
313.650000,9.9862126987e-04,2.5685442526e+00
313.700000,1.0013562691e-03,2.4112874890e+00
313.750000,1.0000865297e-03,2.4344336219e+00
313.800000,9.9978037959e-04,2.4689577517e+00
313.850000,1.0007320488e-03,2.4429351628e+00
313.900000,1.0022271685e-03,2.4455279534e+00
313.950000,1.0002249605e-03,2.4998314201e+00
314.000000,9.9935719393e-04,2.3751995452e+00
314.050000,9.9954228310e-04,2.2494483019e+00
314.100000,9.9899625998e-04,2.2352358584e+00
314.150000,9.9874620662e-04,2.3799714121e+00
314.200000,9.9940370994e-04,2.4172875309e+00
314.250000,9.9742365696e-04,2.5117799209e+00
314.300000,1.0007729248e-03,2.2660250121e+00
314.350000,9.9822042760e-04,2.6946422955e+00
314.400000,9.9795823612e-04,2.3731382661e+00
314.450000,1.0011389089e-03,2.4932764026e+00
314.500000,1.0011251636e-03,2.4135079951e+00
314.550000,9.9995136620e-04,2.5114004020e+00
314.600000,1.0011928389e-03,2.5250267156e+00
314.650000,1.0008892848e-03,2.4588932828e+00
314.700000,1.0006084803e-03,2.3526296405e+00
314.750000,9.9958067226e-04,2.3101869544e+00
314.800000,9.9879322990e-04,2.6023244241e+00
314.850000,1.0001561669e-03,2.4320474801e+00
314.900000,1.0000473710e-03,2.3781578436e+00
314.950000,9.9977004482e-04,2.4591482373e+00
315.000000,9.9878030768e-04,2.5715387263e+00
315.050000,9.9920785887e-04,2.3356463059e+00
315.100000,1.0001126949e-03,2.5019421454e+00
315.150000,1.0011284282e-03,2.5380748501e+00
315.200000,9.9941669326e-04,2.5584911906e+00
315.250000,1.0012454772e-03,2.3856372643e+00
315.300000,1.0002036288e-03,2.2937696937e+00
315.350000,9.9857179628e-04,2.3382545200e+00
315.400000,9.9961717133e-04,2.3097327572e+00
315.450000,9.9854058548e-04,2.5959072047e+00
315.500000,1.0008098966e-03,2.2925313828e+00
315.550000,1.0006405560e-03,2.3142029491e+00
315.600000,1.0006159990e-03,2.6405931132e+00
315.650000,1.0008064989e-03,2.5874732496e+00
315.700000,9.9957939898e-04,2.3597463931e+00
315.750000,1.0005436428e-03,2.5678555237e+00
315.800000,1.0028097464e-03,2.7640330643e+00
315.850000,1.0011114699e-03,2.4218405372e+00
315.900000,9.9924541920e-04,2.5209907612e+00
315.950000,1.0000644435e-03,2.5732418459e+00
316.000000,1.0003967110e-03,2.4584159733e+00
316.050000,1.0006109947e-03,2.7969449171e+00
316.100000,9.9940269959e-04,2.5557089751e+00
316.150000,1.0008474182e-03,2.7362491486e+00
316.200000,9.9755152732e-04,2.3681304100e+00
316.250000,9.9998057106e-04,2.8509051322e+00
316.300000,1.0016354599e-03,2.5159109411e+00
316.350000,1.0009642089e-03,2.5577005735e+00
316.400000,9.9776833215e-04,2.6770791120e+00
316.450000,1.0012985959e-03,2.6179305069e+00
316.500000,1.0004633416e-03,2.4315051636e+00
316.550000,9.9962118112e-04,2.4526987220e+00
316.600000,9.9904080636e-04,2.4342681363e+00
316.650000,1.0002606506e-03,2.4532111167e+00
316.700000,9.9917525332e-04,2.3569189749e+00
316.750000,9.9800209699e-04,2.5496158194e+00
316.800000,9.9890520900e-04,2.4800715405e+00
316.850000,9.9917557946e-04,2.5982966034e+00
316.900000,9.9907843779e-04,2.5951771116e+00
316.950000,9.9860878686e-04,2.3075099880e+00
317.000000,9.9966694630e-04,2.7799427518e+00
317.050000,9.9857634028e-04,2.5959398047e+00
317.100000,1.0004506816e-03,2.4146474538e+00
317.150000,9.9835813988e-04,2.5427056273e+00
317.200000,1.0007683192e-03,2.3941948856e+00
317.250000,1.0005563337e-03,2.5993055336e+00
317.300000,9.9901826798e-04,2.3915048516e+00
317.350000,1.0013864559e-03,2.5285661685e+00
317.400000,9.9999186712e-04,2.4628570373e+00
317.450000,1.0009194863e-03,2.4458020397e+00
317.500000,1.0005773699e-03,2.6835037809e+00
317.550000,1.0002955080e-03,2.4784021039e+00
317.600000,1.0007706791e-03,2.5360421692e+00
317.650000,1.0013323583e-03,2.5210487604e+00
317.700000,1.0001015281e-03,2.3650234161e+00
317.750000,1.0007926917e-03,2.5005732179e+00
317.800000,9.9977353638e-04,2.5969381946e+00
317.850000,9.9994419092e-04,2.3765760156e+00
317.900000,1.0005835791e-03,2.4220651575e+00
317.950000,9.9901207377e-04,2.5003771567e+00
318.000000,9.9960482310e-04,2.6994201858e+00
318.050000,1.0002023634e-03,2.4386101261e+00
318.100000,1.0010776888e-03,2.6218281110e+00
318.150000,1.0009279843e-03,2.4594982475e+00
318.200000,9.9771048745e-04,2.5619790494e+00
318.250000,9.9942245489e-04,2.7201753616e+00
318.300000,1.0003369675e-03,2.5946420891e+00
318.350000,1.0002653436e-03,2.7448382534e+00
318.400000,1.0010731594e-03,2.5355562769e+00
318.450000,1.0010647426e-03,2.5016320904e+00
318.500000,9.9784552150e-04,2.6072878554e+00
318.550000,9.9836211624e-04,2.4227160041e+00
318.600000,1.0008580057e-03,2.7101378142e+00
318.650000,1.0007637793e-03,2.6599712084e+00
318.700000,1.0007072147e-03,2.8208668818e+00
318.750000,9.9911900660e-04,2.5019102413e+00
318.800000,1.0007845629e-03,2.5064654755e+00
318.850000,9.9942137454e-04,2.4934408356e+00
318.900000,1.0018251667e-03,2.5201643105e+00
318.950000,1.0003294885e-03,2.4593705444e+00
319.000000,1.0008169104e-03,2.4150149927e+00
319.050000,1.0014100631e-03,2.6622699503e+00
319.100000,9.9837475043e-04,2.6599023976e+00
319.150000,9.9851009458e-04,2.6351386020e+00
319.200000,1.0006822925e-03,2.7109875327e+00
319.250000,9.9984339669e-04,2.5138674083e+00
319.300000,1.0006037910e-03,2.6628822657e+00
319.350000,9.9957644601e-04,2.3800372647e+00
319.400000,1.0005982109e-03,2.4774942123e+00
319.450000,1.0006195508e-03,2.5316681263e+00
319.500000,1.0001512632e-03,2.6500153945e+00
319.550000,1.0011389011e-03,2.2538306849e+00
319.600000,9.9986235009e-04,2.6000347988e+00
319.650000,9.9965384575e-04,2.7146804464e+00
319.700000,9.9777615790e-04,2.4474134705e+00
319.750000,1.0012225720e-03,2.3079420763e+00
319.800000,1.0010786938e-03,2.5218759933e+00
319.850000,1.0006968522e-03,2.5745019470e+00
319.900000,9.9994705589e-04,2.7916052682e+00
319.950000,9.9798715225e-04,2.4781934536e+00
320.000000,1.0017073011e-03,2.3383122962e+00
320.050000,1.0013808539e-03,2.6502245189e+00
320.100000,1.0004513463e-03,2.7151639959e+00
320.150000,1.0003985078e-03,2.4376795054e+00
320.200000,9.9981859096e-04,2.6090654143e+00
320.250000,9.9972851148e-04,2.5693641123e+00
320.300000,1.0001293585e-03,2.6286930715e+00
320.350000,9.9813205644e-04,2.5133647768e+00
320.400000,1.0008991804e-03,2.5295403834e+00
320.450000,9.9719607190e-04,2.4890143196e+00
320.500000,9.9915639634e-04,2.4096187894e+00
320.550000,1.0006554634e-03,2.6820692630e+00
320.600000,9.9901958554e-04,2.6784077099e+00
320.650000,9.9975519999e-04,2.5190994094e+00
320.700000,9.9958513359e-04,2.6452892109e+00
320.750000,1.0013508221e-03,2.4711267923e+00
320.800000,1.0005603253e-03,2.6329230009e+00
320.850000,1.0016505761e-03,2.6423603877e+00
320.900000,1.0006640886e-03,2.4777130794e+00
320.950000,1.0003971428e-03,2.6886624798e+00
321.000000,9.9991702031e-04,2.6493094594e+00
321.050000,9.9803470857e-04,2.6617990025e+00
321.100000,9.9952935293e-04,2.2430050602e+00
321.150000,1.0004820151e-03,2.5021414177e+00
321.200000,1.0014295962e-03,2.5597467013e+00
321.250000,1.0003191920e-03,2.4053125620e+00
321.300000,9.9979041070e-04,2.6287483276e+00
321.350000,1.0007018386e-03,2.6561104267e+00
321.400000,9.9998379819e-04,2.6689289446e+00
321.450000,1.0004015640e-03,2.6022249948e+00
321.500000,9.9876420344e-04,2.5358895593e+00
321.550000,9.9976665780e-04,2.4623106362e+00
321.600000,1.0011388602e-03,2.5018084180e+00
321.650000,1.0004605400e-03,2.4201473266e+00
321.700000,9.9946073529e-04,2.6327671283e+00
321.750000,1.0010453632e-03,2.3641236600e+00
321.800000,1.0016347304e-03,2.5089156076e+00
321.850000,1.0006691741e-03,2.6576267004e+00
321.900000,1.0010494353e-03,2.4851975577e+00
321.950000,9.9950806893e-04,2.5014417885e+00
322.000000,9.9813484526e-04,2.4449007347e+00
322.050000,9.9909944943e-04,2.7258411361e+00
322.100000,9.9950109936e-04,2.4035493319e+00
322.150000,1.0007923702e-03,2.4834018153e+00
322.200000,9.9941090477e-04,2.5466033386e+00
322.250000,1.0000659052e-03,2.6988699770e+00
322.300000,9.9959609485e-04,2.4864996967e+00
322.350000,1.0002883776e-03,2.5408892017e+00
322.400000,9.9825769894e-04,2.4812825220e+00
322.450000,9.9933635549e-04,2.4009741573e+00
322.500000,9.9926181274e-04,2.4596177399e+00
322.550000,1.0008944546e-03,2.3816203666e+00
322.600000,1.0009172260e-03,2.4431791019e+00
322.650000,9.9998057469e-04,2.3177888502e+00
322.700000,1.0000685626e-03,2.5579962614e+00
322.750000,9.9785055204e-04,2.4333137152e+00
322.800000,1.0002905073e-03,2.5474191576e+00
322.850000,9.9893759858e-04,2.6852246869e+00
322.900000,9.9947712609e-04,2.1665511156e+00
322.950000,1.0002256246e-03,2.4499444917e+00
323.000000,9.9976020911e-04,2.4499179254e+00
323.050000,1.0005569587e-03,2.4193769642e+00
323.100000,1.0009549102e-03,2.3781153889e+00
323.150000,9.9936535086e-04,2.6480670301e+00
323.200000,1.0004785600e-03,2.2985383882e+00
323.250000,1.0002346759e-03,2.4257359530e+00
323.300000,1.0017943661e-03,2.7683891618e+00
323.350000,9.9876250898e-04,2.5295142336e+00
323.400000,9.9964896349e-04,2.6351560801e+00
323.450000,1.0001421918e-03,2.6497863005e+00
323.500000,1.0008757656e-03,2.5107901678e+00
323.550000,9.9945277016e-04,2.3817858087e+00
323.600000,9.9755047591e-04,2.5218457560e+00
323.650000,9.9915848001e-04,2.3439049852e+00
323.700000,9.9856577158e-04,2.5663285028e+00
323.750000,1.0008777046e-03,2.4179324282e+00
323.800000,1.0006234177e-03,2.6581739178e+00
323.850000,9.9972449912e-04,2.6067345964e+00
323.900000,1.0005903553e-03,2.2497173569e+00
323.950000,9.9879226152e-04,2.6703103081e+00
324.000000,9.9926305757e-04,2.3679153499e+00
324.050000,1.0009651896e-03,2.5480321019e+00
324.100000,1.0004098298e-03,2.5898231593e+00
324.150000,9.9938460324e-04,2.6580960774e+00
324.200000,1.0001201060e-03,2.5241472023e+00
324.250000,1.0000832122e-03,2.6414015420e+00
324.300000,9.9866107885e-04,2.5276242501e+00
324.350000,1.0003537944e-03,2.3754245068e+00
324.400000,9.9904592771e-04,2.5069288617e+00
324.450000,9.9957877696e-04,2.7807445762e+00
324.500000,1.0011266419e-03,2.5738770222e+00
324.550000,1.0020257983e-03,2.6922937405e+00
324.600000,9.9877678583e-04,2.3837569810e+00
324.650000,9.9880239610e-04,2.3672633395e+00
324.700000,1.0001742172e-03,2.6178246574e+00
324.750000,9.9988448373e-04,2.5824912072e+00
324.800000,1.0011030982e-03,2.6327405194e+00
324.850000,1.0005173305e-03,2.6558934780e+00
324.900000,1.0007148167e-03,2.5857609635e+00
324.950000,1.0009940624e-03,2.4564373622e+00
325.000000,1.0012500750e-03,2.4487233091e+00
325.050000,9.9902042227e-04,2.5137149228e+00
325.100000,1.0018003698e-03,2.4436609756e+00
325.150000,1.0023201400e-03,2.3821062718e+00
325.200000,9.9937704951e-04,2.4655952216e+00
325.250000,9.9920918645e-04,2.6085372070e+00
325.300000,1.0010157304e-03,2.6804165378e+00
325.350000,1.0022193712e-03,2.4353161926e+00
325.400000,1.0024416146e-03,2.5166702214e+00
325.450000,9.9909096016e-04,2.6823766089e+00
325.500000,9.9910768243e-04,2.6738511893e+00
325.550000,9.9939476534e-04,2.4294299311e+00
325.600000,1.0006915023e-03,2.4343941930e+00
325.650000,9.9968208836e-04,2.5364249124e+00
325.700000,9.9830780862e-04,2.4962183215e+00
325.750000,1.0000672832e-03,2.5994918187e+00
325.800000,9.9903253973e-04,2.5269999715e+00
325.850000,1.0006959410e-03,2.6403843819e+00
325.900000,9.9756660229e-04,2.3960543618e+00
325.950000,9.9960176333e-04,2.4039217148e+00
326.000000,1.0003999863e-03,2.2896020933e+00
326.050000,1.0002955394e-03,2.5297765813e+00
326.100000,1.0003783917e-03,2.4525630127e+00
326.150000,9.9962809384e-04,2.6426718515e+00
326.200000,9.9922654049e-04,2.4820402115e+00
326.250000,1.0007915392e-03,2.5201556194e+00
326.300000,9.9900387958e-04,2.3712963869e+00
326.350000,1.0004673041e-03,2.5415463271e+00
326.400000,1.0000976429e-03,2.4138890472e+00
326.450000,1.0001800006e-03,2.5546470559e+00
326.500000,1.0000845229e-03,2.2999646831e+00
326.550000,1.0002107141e-03,2.3488120065e+00
326.600000,9.9888839820e-04,2.6661686003e+00
326.650000,9.9983783232e-04,2.8109747744e+00
326.700000,9.9972267119e-04,2.3907404101e+00
326.750000,1.0004202564e-03,2.4872088303e+00
326.800000,1.0014193577e-03,2.5453082916e+00
326.850000,9.9943751214e-04,2.4828104764e+00
326.900000,1.0012810870e-03,2.5872441819e+00
326.950000,9.9921845094e-04,2.3728741457e+00
327.000000,1.0005130830e-03,2.5895130573e+00
327.050000,1.0000957468e-03,2.6946092136e+00
327.100000,1.0016142674e-03,2.5666423412e+00
327.150000,9.9932010039e-04,2.4499680729e+00
327.200000,9.9848245507e-04,2.6663832682e+00
327.250000,9.9952188496e-04,2.3585641099e+00
327.300000,9.9724863985e-04,2.5721629619e+00
327.350000,1.0008404597e-03,2.4458787210e+00
327.400000,1.0006087009e-03,2.4395235380e+00
327.450000,1.0001721575e-03,2.4630101128e+00
327.500000,1.0008836470e-03,2.5810689755e+00
327.550000,9.9974933131e-04,2.4969788896e+00
327.600000,9.9917122132e-04,2.6474259960e+00
327.650000,9.9872343684e-04,2.6382308659e+00
327.700000,9.9900626851e-04,2.6083460392e+00
327.750000,9.9992815380e-04,2.5577011868e+00
327.800000,1.0010966523e-03,2.4183948252e+00
327.850000,1.0005435665e-03,2.5112877872e+00
327.900000,9.9982383359e-04,2.5204548805e+00
327.950000,1.0009118992e-03,2.3677164570e+00
328.000000,9.9932711148e-04,2.4102483009e+00
328.050000,1.0010014638e-03,2.5499846915e+00
328.100000,9.9937425165e-04,2.5678182083e+00
328.150000,9.9978490345e-04,2.5014615164e+00
328.200000,9.9816774153e-04,2.3276198663e+00
328.250000,1.0004055291e-03,2.5096345260e+00
328.300000,1.0002766446e-03,2.7807954573e+00
328.350000,1.0004632999e-03,2.5193860683e+00
328.400000,1.0009561476e-03,2.7529504192e+00
328.450000,1.0014155207e-03,2.5731376278e+00
328.500000,9.9882524748e-04,2.4460371292e+00
328.550000,9.9841360108e-04,2.5095783115e+00
328.600000,9.9804129121e-04,2.5377463395e+00
328.650000,1.0010397894e-03,2.5283845139e+00
328.700000,9.9917638125e-04,2.4890646719e+00
328.750000,1.0008977183e-03,2.2598837287e+00
328.800000,1.0015556396e-03,2.6224677312e+00
328.850000,9.9979111444e-04,2.5048807235e+00
328.900000,9.9899953840e-04,2.5095755054e+00
328.950000,1.0005600364e-03,2.4000965569e+00
329.000000,9.9978162553e-04,2.4725473470e+00
329.050000,9.9978300191e-04,2.5394344179e+00
329.100000,1.0009212021e-03,2.3863208607e+00
329.150000,1.0003541718e-03,2.3461930379e+00
329.200000,9.9999331986e-04,2.4103168872e+00
329.250000,9.9783910102e-04,2.4676692964e+00
329.300000,1.0000603661e-03,2.3409534485e+00
329.350000,9.9903733505e-04,2.4507772753e+00
329.400000,1.0003520817e-03,2.4922541933e+00
329.450000,9.9946331844e-04,2.4981817851e+00
329.500000,9.9895924641e-04,2.7380544751e+00
329.550000,1.0001353960e-03,2.4645349165e+00
329.600000,1.0004686639e-03,2.5471191245e+00
329.650000,1.0000074286e-03,2.3827806570e+00
329.700000,1.0009689893e-03,2.3536341919e+00
329.750000,9.9813889901e-04,2.4770861073e+00
329.800000,9.9963194324e-04,2.6645044633e+00
329.850000,1.0004286878e-03,2.4817513460e+00
329.900000,1.0010734232e-03,2.7282549489e+00
329.950000,1.0003896772e-03,2.3060688308e+00
330.000000,1.0014481717e-03,2.3010795305e+00
330.050000,9.9955715001e-04,2.7200067803e+00
330.100000,1.0000582674e-03,2.5880202736e+00
330.150000,9.9902595406e-04,2.7006577019e+00
330.200000,9.9965817291e-04,2.4410584732e+00
330.250000,9.9948430065e-04,2.4569976838e+00
330.300000,9.9785069526e-04,2.6256976356e+00
330.350000,1.0002532872e-03,2.6388342719e+00
330.400000,9.9991712858e-04,2.4752062142e+00
330.450000,9.9820338573e-04,2.4347107896e+00
330.500000,1.0005049815e-03,2.4031687032e+00
330.550000,1.0004760461e-03,2.5132462057e+00
330.600000,1.0010382976e-03,2.7532632569e+00
330.650000,1.0018725218e-03,2.5876389983e+00
330.700000,9.9934526347e-04,2.3640523042e+00
330.750000,9.9966747125e-04,2.5901909277e+00
330.800000,9.9990829681e-04,2.4497134760e+00
330.850000,1.0018532365e-03,2.4347194865e+00
330.900000,1.0020946422e-03,2.4323442489e+00
330.950000,1.0000918252e-03,2.4732471847e+00
331.000000,1.0007787659e-03,2.4205840835e+00
331.050000,1.0002451046e-03,2.5927470149e+00
331.100000,9.9951381946e-04,2.6983737207e+00
331.150000,1.0005348857e-03,2.1346491873e+00
331.200000,9.9922900389e-04,2.4730111414e+00
331.250000,9.9841524500e-04,2.3347158550e+00
331.300000,1.0003073904e-03,2.4473837549e+00
331.350000,9.9959004840e-04,2.5208494043e+00
331.400000,1.0010019753e-03,2.4685745596e+00
331.450000,9.9910754159e-04,2.5353958137e+00
331.500000,9.9950533484e-04,2.4972455213e+00
331.550000,9.9816152646e-04,2.5589541577e+00
331.600000,9.9900367999e-04,2.6515804676e+00
331.650000,1.0004807950e-03,2.4938291478e+00
331.700000,1.0021201246e-03,2.5429958118e+00
331.750000,9.9741773243e-04,2.5820605412e+00
331.800000,9.9992155951e-04,2.5920861309e+00
331.850000,9.9951244872e-04,2.3986633981e+00
331.900000,9.9999977702e-04,2.5064819636e+00
331.950000,9.9860554232e-04,2.3398403972e+00
332.000000,1.0010066375e-03,2.3188528453e+00
332.050000,9.9856639473e-04,2.7028178327e+00
332.100000,9.9888079083e-04,2.7193927482e+00
332.150000,9.9917036689e-04,2.7128813598e+00
332.200000,1.0010106418e-03,2.3596705295e+00
332.250000,1.0007767015e-03,2.4731387887e+00
332.300000,9.9984652142e-04,2.5495420613e+00
332.350000,1.0003841724e-03,2.5742094597e+00
332.400000,1.0007592606e-03,2.5205939458e+00
332.450000,9.9925310232e-04,2.7042397991e+00
332.500000,1.0011446930e-03,2.6093815209e+00
332.550000,1.0005911031e-03,2.7769559532e+00
332.600000,9.9890802047e-04,2.6572199938e+00
332.650000,1.0005389895e-03,2.5196310275e+00
332.700000,9.9877211792e-04,2.4128226300e+00
332.750000,1.0006333935e-03,2.6729410412e+00
332.800000,1.0000758703e-03,2.4666175617e+00
332.850000,9.9974306388e-04,2.3049436227e+00
332.900000,9.9916392174e-04,2.5339014375e+00
332.950000,9.9938614054e-04,2.7553012709e+00
333.000000,9.9988656674e-04,2.2466709288e+00
333.050000,1.0009620184e-03,2.4665576112e+00
333.100000,9.9900203408e-04,2.6543628160e+00
333.150000,9.9948604339e-04,2.5129429578e+00
333.200000,9.9896034581e-04,2.4843222658e+00
333.250000,9.9908757695e-04,2.4460592716e+00
333.300000,1.0000855514e-03,2.3071150712e+00
333.350000,9.9954811219e-04,2.4961203734e+00
333.400000,1.0001748508e-03,2.6316718294e+00
333.450000,9.9906342997e-04,2.4968918928e+00
333.500000,9.9969028047e-04,2.5339331316e+00
333.550000,1.0006734561e-03,2.6769912239e+00
333.600000,1.0003688623e-03,2.3830916522e+00
333.650000,1.0002794385e-03,2.5347202332e+00
333.700000,9.9908265211e-04,2.4056286166e+00
333.750000,1.0013578202e-03,2.5850149149e+00
333.800000,9.9915312485e-04,2.4878840475e+00
333.850000,1.0001065663e-03,2.4313928572e+00
333.900000,9.9816480173e-04,2.4118754694e+00
333.950000,9.9977744028e-04,2.3977373804e+00
334.000000,1.0022402519e-03,2.5171213691e+00
334.050000,9.9863426558e-04,2.4273196866e+00
334.100000,1.0012969242e-03,2.4497124731e+00
334.150000,1.0000320685e-03,2.6760195445e+00
334.200000,9.9787787564e-04,2.4091120584e+00
334.250000,1.0000902857e-03,2.6036650949e+00
334.300000,1.0005854531e-03,2.4271019303e+00
334.350000,9.9846806503e-04,2.2786622428e+00
334.400000,9.9781678374e-04,2.4665716582e+00
334.450000,9.9969161194e-04,2.3968212252e+00
334.500000,1.0006390234e-03,2.6389795968e+00
334.550000,1.0006691125e-03,2.3455869349e+00
334.600000,9.9901070332e-04,2.6833506438e+00
334.650000,9.9933518480e-04,2.5158303237e+00
334.700000,9.9952010307e-04,2.3822478078e+00
334.750000,9.9970267684e-04,2.6713977294e+00
334.800000,9.9833874535e-04,2.5611580013e+00
334.850000,9.9997965496e-04,2.5856778950e+00
334.900000,9.9954799148e-04,2.4148302976e+00
334.950000,9.9922685797e-04,2.4700404240e+00
335.000000,1.0004538733e-03,2.3279111139e+00
335.050000,1.0013925664e-03,2.4277048547e+00
335.100000,9.9956687042e-04,2.3209161849e+00
335.150000,9.9973430434e-04,2.6134697032e+00
335.200000,1.0011010435e-03,2.6851458049e+00
335.250000,1.0003503298e-03,2.3892279824e+00
335.300000,1.0002564761e-03,2.4004775008e+00
335.350000,9.9792840108e-04,2.4788545089e+00
335.400000,9.9866983788e-04,2.4636074042e+00
335.450000,1.0004572854e-03,2.5891289626e+00
335.500000,9.9828528208e-04,2.4491030319e+00
335.550000,1.0003187741e-03,2.4067723274e+00
335.600000,1.0000650226e-03,2.4286942840e+00
335.650000,1.0010912116e-03,2.5750705142e+00
335.700000,9.9919807772e-04,2.4821929192e+00
335.750000,9.9920356312e-04,2.5444375029e+00
335.800000,9.9768476189e-04,2.7015462385e+00
335.850000,9.9914936097e-04,2.4893265443e+00
335.900000,1.0008594311e-03,2.5308707028e+00
335.950000,1.0014887516e-03,2.6405876920e+00
336.000000,9.9922299827e-04,2.2835843887e+00
336.050000,9.9858101033e-04,2.4738837951e+00
336.100000,1.0002588842e-03,2.5488505532e+00
336.150000,1.0001771739e-03,2.4290184248e+00
336.200000,9.9895630575e-04,2.4704261799e+00
336.250000,9.9997795867e-04,2.6212861673e+00
336.300000,1.0020754456e-03,2.4793848020e+00
336.350000,1.0019689248e-03,2.4658124376e+00
336.400000,1.0001839255e-03,2.5987174200e+00
336.450000,9.9937946299e-04,2.4159288724e+00
336.500000,1.0013888970e-03,2.3597236636e+00
336.550000,1.0020350990e-03,2.6121922248e+00
336.600000,1.0010066088e-03,2.7015331773e+00
336.650000,9.9945979954e-04,2.6680122241e+00
336.700000,9.9927615930e-04,2.4102910622e+00
336.750000,1.0008711314e-03,2.6205008502e+00
336.800000,9.9917784465e-04,2.3638856434e+00
336.850000,1.0013147581e-03,2.5731382092e+00
336.900000,9.9982031702e-04,2.5417247076e+00
336.950000,1.0006496688e-03,2.6038776484e+00
337.000000,1.0005431087e-03,2.4171449475e+00
337.050000,1.0011683357e-03,2.6439307785e+00
337.100000,1.0006899708e-03,2.6695769325e+00
337.150000,9.9938221692e-04,2.6436978821e+00
337.200000,9.9882150378e-04,2.3804615421e+00
337.250000,9.9998797847e-04,2.6303079351e+00
337.300000,9.9968494269e-04,2.5913749878e+00
337.350000,1.0017946238e-03,2.5378002995e+00
337.400000,9.9827383211e-04,2.4901779069e+00
337.450000,9.9774534733e-04,2.5499120232e+00
337.500000,1.0008520105e-03,2.5726893057e+00
337.550000,1.0001190517e-03,2.5925761438e+00
337.600000,9.9953499110e-04,2.6406839002e+00
337.650000,9.9909005785e-04,2.4753064326e+00
337.700000,1.0003093567e-03,2.5990706979e+00
337.750000,9.9987300440e-04,2.3869272813e+00
337.800000,9.9976203713e-04,2.4891416998e+00
337.850000,9.9809007246e-04,2.6021085885e+00
337.900000,9.9948508126e-04,2.6107719964e+00
337.950000,9.9962044364e-04,2.2676109133e+00
338.000000,1.0005158575e-03,2.7104976814e+00
338.050000,1.0004162247e-03,2.8785692356e+00
338.100000,1.0005613716e-03,2.5753578939e+00
338.150000,1.0011301344e-03,2.5046474480e+00
338.200000,9.9849529793e-04,2.6067525405e+00
338.250000,9.9961623828e-04,2.4903587421e+00
338.300000,1.0017673893e-03,2.5380918258e+00
338.350000,1.0002169885e-03,2.3158931256e+00
338.400000,1.0000217725e-03,2.3721663389e+00
338.450000,1.0000282316e-03,2.5258526411e+00
338.500000,9.9971969127e-04,2.3961466198e+00
338.550000,1.0011558297e-03,2.3212448626e+00
338.600000,1.0002567953e-03,2.4679649269e+00
338.650000,9.9901226931e-04,2.4487017255e+00
338.700000,1.0016718970e-03,2.6770470075e+00
338.750000,1.0004182812e-03,2.4309288967e+00
338.800000,1.0006277734e-03,2.3989925921e+00
338.850000,1.0003403235e-03,2.4567829099e+00
338.900000,1.0002702430e-03,2.5886510525e+00
338.950000,9.9964582645e-04,2.5318463576e+00
339.000000,1.0005869977e-03,2.6365015064e+00
339.050000,9.9961791128e-04,2.5276657222e+00
339.100000,9.9932611276e-04,2.9040000517e+00
339.150000,1.0014595748e-03,2.3836753689e+00
339.200000,9.9993725609e-04,2.4173404012e+00
339.250000,1.0016471607e-03,2.3914585709e+00
339.300000,9.9967440144e-04,2.4948772818e+00
339.350000,1.0005325743e-03,2.7172506764e+00
339.400000,9.9944903924e-04,2.7360468361e+00
339.450000,1.0001865368e-03,2.4369572683e+00
339.500000,1.0003335639e-03,2.4210312975e+00
339.550000,1.0002432051e-03,2.6148287940e+00
339.600000,9.9892729078e-04,2.5480501022e+00
339.650000,1.0007129173e-03,2.4821192587e+00
339.700000,9.9937554189e-04,2.6243444353e+00
339.750000,1.0004516438e-03,2.4574095877e+00
339.800000,9.9950303916e-04,2.4817586261e+00
339.850000,1.0000364217e-03,2.5229843338e+00
339.900000,1.0008353473e-03,2.4746418218e+00
339.950000,9.9893354744e-04,2.6627071428e+00
340.000000,9.9936145389e-04,2.5164608145e+00
340.050000,1.0010088766e-03,2.4867385235e+00
340.100000,9.9897053205e-04,2.3258520044e+00
340.150000,1.0007284770e-03,2.3238409171e+00
340.200000,9.9999598089e-04,2.6921047111e+00
340.250000,1.0001765877e-03,2.6444432274e+00
340.300000,1.0004012309e-03,2.4678865754e+00
340.350000,1.0000031559e-03,2.4184100463e+00
340.400000,1.0014361303e-03,2.5923104443e+00
340.450000,9.9989441374e-04,2.4166092869e+00
340.500000,1.0012037572e-03,2.5761982398e+00
340.550000,1.0029755590e-03,2.5423787454e+00
340.600000,1.0015169943e-03,2.4541505073e+00
340.650000,1.0003606737e-03,2.6520807148e+00
340.700000,9.9909209328e-04,2.6165416131e+00
340.750000,9.9860357451e-04,2.4878684868e+00
340.800000,9.9928525818e-04,2.2726858017e+00
340.850000,1.0001932834e-03,2.6729470118e+00
340.900000,1.0002493671e-03,2.6373667770e+00
340.950000,1.0015261512e-03,2.6287095763e+00
341.000000,1.0012885143e-03,2.4799259204e+00
341.050000,1.0005578421e-03,2.4874604512e+00
341.100000,1.0007600304e-03,2.5654883037e+00
341.150000,9.9996772952e-04,2.6777909176e+00
341.200000,1.0012014480e-03,2.4631025036e+00
341.250000,1.0017020272e-03,2.5690622930e+00
341.300000,1.0004587110e-03,2.4323001570e+00
341.350000,9.9958150091e-04,2.6167852762e+00
341.400000,9.9908377553e-04,2.4963037016e+00
341.450000,1.0017094991e-03,2.5710447202e+00
341.500000,9.9886772952e-04,2.5997311322e+00
341.550000,9.9948858473e-04,2.4872818038e+00
341.600000,9.9945392139e-04,2.6395321801e+00
341.650000,1.0012602535e-03,2.6170498399e+00
341.700000,9.9950504682e-04,2.4996472423e+00
341.750000,1.0006990337e-03,2.3511883832e+00
341.800000,1.0004356052e-03,2.3843301426e+00
341.850000,1.0001780722e-03,2.5959622960e+00
341.900000,1.0002309084e-03,2.4215694903e+00
341.950000,1.0012928243e-03,2.4956366343e+00
342.000000,1.0002927040e-03,2.6074766346e+00
342.050000,1.0017905134e-03,2.6008921029e+00
342.100000,9.9946060475e-04,2.5970584669e+00
342.150000,9.9998223505e-04,2.6134713723e+00
342.200000,1.0014017558e-03,2.3928602661e+00
342.250000,9.9957347318e-04,2.3533529639e+00
342.300000,1.0000725133e-03,2.4849894380e+00
342.350000,9.9973578314e-04,2.3962580072e+00
342.400000,9.9976271959e-04,2.5616381312e+00
342.450000,9.9985594280e-04,2.6785840952e+00
342.500000,9.9981840001e-04,2.6361671226e+00
342.550000,1.0008500811e-03,2.6479273653e+00
342.600000,9.9814772909e-04,2.6618506523e+00
342.650000,1.0025308912e-03,2.4025265586e+00
342.700000,9.9829661599e-04,2.4538333337e+00
342.750000,1.0001294243e-03,2.4801508172e+00
342.800000,9.9913764912e-04,2.7220348458e+00
342.850000,1.0009965254e-03,2.3064851993e+00
342.900000,1.0008829492e-03,2.5801979709e+00
342.950000,9.9878618692e-04,2.4308871262e+00
343.000000,1.0013028419e-03,2.5511232209e+00
343.050000,1.0003758378e-03,2.5252303413e+00
343.100000,9.9980745178e-04,2.4132052733e+00
343.150000,9.9831364153e-04,2.5248012539e+00
343.200000,9.9939355567e-04,2.5681015583e+00
343.250000,1.0012306833e-03,2.3921298294e+00
343.300000,9.9869896849e-04,2.4632532050e+00
343.350000,9.9880525499e-04,2.3201852454e+00
343.400000,1.0016944326e-03,2.5699422075e+00
343.450000,1.0010435888e-03,2.6257057611e+00
343.500000,9.9898321797e-04,2.3919695548e+00
343.550000,9.9970349871e-04,2.5507816168e+00
343.600000,1.0003829950e-03,2.3890633962e+00
343.650000,1.0002099973e-03,2.5830730997e+00
343.700000,9.9988180589e-04,2.5816445004e+00
343.750000,1.0008824255e-03,2.5046037705e+00
343.800000,9.9935219091e-04,2.5670802426e+00
343.850000,9.9963537903e-04,2.5998913515e+00
343.900000,9.9986718209e-04,2.4156775638e+00
343.950000,1.0012175127e-03,2.3362796734e+00
344.000000,1.0005657027e-03,2.5363387952e+00
344.050000,1.0000127170e-03,2.3662821108e+00
344.100000,9.9967482182e-04,2.4733413573e+00
344.150000,9.9966425433e-04,2.4784963534e+00
344.200000,1.0015482734e-03,2.6768864062e+00
344.250000,9.9907201221e-04,2.5406462055e+00
344.300000,9.9852266715e-04,2.3836028881e+00
344.350000,9.9982436381e-04,2.3609657581e+00
344.400000,1.0021936660e-03,2.4936345450e+00
344.450000,1.0003017710e-03,2.5304183540e+00
344.500000,1.0005132005e-03,2.5488585129e+00
344.550000,1.0011876636e-03,2.4561405180e+00
344.600000,1.0002952531e-03,2.4795548469e+00
344.650000,1.0015478136e-03,2.4998936608e+00
344.700000,1.0004341687e-03,2.6285272005e+00
344.750000,1.0002741205e-03,2.6596753114e+00
344.800000,9.9890117291e-04,2.4814383746e+00
344.850000,9.9977851999e-04,2.5004681395e+00
344.900000,1.0003434041e-03,2.3286807418e+00
344.950000,9.9909803936e-04,2.4516592846e+00
345.000000,1.0023821875e-03,2.7562608968e+00
345.050000,1.0011557929e-03,2.4019527101e+00
345.100000,1.0009517755e-03,2.7141484799e+00
345.150000,9.9923848412e-04,2.5443524708e+00
345.200000,1.0005704344e-03,2.3608383546e+00
345.250000,1.0020479741e-03,2.4672186433e+00
345.300000,9.9907444801e-04,2.3146521439e+00
345.350000,1.0003134459e-03,2.6351767114e+00
345.400000,9.9904900484e-04,2.5030951351e+00
345.450000,1.0010174068e-03,2.5355296032e+00
345.500000,1.0013672016e-03,2.5077800219e+00
345.550000,9.9951464345e-04,2.7368032810e+00
345.600000,9.9978441414e-04,2.5458739897e+00
345.650000,1.0008829486e-03,2.6541641133e+00
345.700000,1.0010152471e-03,2.8096596963e+00
345.750000,9.9891459242e-04,2.7273516003e+00
345.800000,9.9931228210e-04,2.4424560648e+00
345.850000,9.9971954359e-04,2.3937725068e+00
345.900000,1.0007299873e-03,2.5033428035e+00
345.950000,9.9908445413e-04,2.7430579584e+00
346.000000,1.0001762083e-03,2.1662090504e+00
346.050000,9.9995360825e-04,2.4873418102e+00
346.100000,1.0005130595e-03,2.2854679868e+00
346.150000,9.9975121175e-04,2.6092552954e+00
346.200000,9.9753495312e-04,2.6262407012e+00
346.250000,1.0005354813e-03,2.4992411338e+00
346.300000,1.0004272549e-03,2.8003879183e+00
346.350000,9.9911920118e-04,2.5795653932e+00
346.400000,1.0004324255e-03,2.5695249047e+00
346.450000,1.0002258559e-03,2.5959696113e+00
346.500000,9.9972262577e-04,2.5077027209e+00
346.550000,1.0012194419e-03,2.6378641126e+00
346.600000,9.9903838884e-04,2.5165772175e+00
346.650000,9.9997552194e-04,2.5724611859e+00
346.700000,1.0016224478e-03,2.4053311704e+00
346.750000,9.9991557476e-04,2.5913223846e+00
346.800000,9.9998687864e-04,2.4001818713e+00
346.850000,9.9893097789e-04,2.5312832206e+00
346.900000,9.9817983953e-04,2.4246555002e+00
346.950000,9.9884752118e-04,2.5568472674e+00
347.000000,9.9891804103e-04,2.4876567286e+00
347.050000,9.9942350849e-04,2.4105817051e+00
347.100000,9.9974470433e-04,2.6667346930e+00
347.150000,9.9841636229e-04,2.7013365354e+00
347.200000,1.0000679770e-03,2.2717042769e+00
347.250000,1.0004884503e-03,2.4987503682e+00
347.300000,9.9971543867e-04,2.4723174275e+00
347.350000,9.9998775900e-04,2.5058937583e+00
347.400000,9.9845571305e-04,2.5303021740e+00
347.450000,1.0003367405e-03,2.3715665067e+00
347.500000,1.0009978578e-03,2.6359005256e+00
347.550000,1.0002648774e-03,2.6578362302e+00
347.600000,1.0004755101e-03,2.4535679750e+00
347.650000,1.0020475917e-03,2.3408611603e+00
347.700000,9.9876354620e-04,2.4402627643e+00
347.750000,1.0002299223e-03,2.7115984261e+00
347.800000,1.0007912943e-03,2.7021333595e+00
347.850000,9.9991209604e-04,2.4551590115e+00
347.900000,9.9856894272e-04,2.6193295804e+00
347.950000,9.9850766410e-04,2.6618842121e+00
348.000000,1.0017809623e-03,2.7286978880e+00
348.050000,1.0013893159e-03,2.5464733898e+00
348.100000,9.9774173304e-04,2.4961497795e+00
348.150000,1.0002414905e-03,2.5281704928e+00
348.200000,1.0018593051e-03,2.6042203023e+00
348.250000,1.0010226897e-03,2.5873327112e+00
348.300000,1.0003171813e-03,2.6759053709e+00
348.350000,1.0013713523e-03,2.6665478572e+00
348.400000,9.9969804623e-04,2.3938392013e+00
348.450000,9.9950868117e-04,2.5977208569e+00
348.500000,1.0003138713e-03,2.5795823071e+00
348.550000,9.9947128133e-04,2.4851549755e+00
348.600000,1.0000006519e-03,2.4936997488e+00
348.650000,1.0006373807e-03,2.5547656887e+00
348.700000,1.0003747711e-03,2.4700589662e+00
348.750000,9.9966684682e-04,2.2494316866e+00
348.800000,1.0003557813e-03,2.5541075584e+00
348.850000,9.9916377007e-04,2.5317913526e+00
348.900000,1.0002644090e-03,2.7968049201e+00
348.950000,1.0003672902e-03,2.3787870145e+00
349.000000,1.0007193696e-03,2.7431286966e+00
349.050000,9.9977393371e-04,2.6664197846e+00
349.100000,1.0000879026e-03,2.4850991879e+00
349.150000,1.0012166270e-03,2.6628159563e+00
349.200000,9.9951500478e-04,2.3185892248e+00
349.250000,1.0000366985e-03,2.4766927502e+00
349.300000,1.0000123473e-03,2.3848275333e+00
349.350000,9.9976090248e-04,2.4542412420e+00
349.400000,9.9900324064e-04,2.4489122105e+00
349.450000,9.9879724101e-04,2.4228069211e+00
349.500000,1.0011645676e-03,2.4331961448e+00
349.550000,9.9963108394e-04,2.5728134796e+00
349.600000,1.0003863414e-03,2.5748560428e+00
349.650000,9.9895442868e-04,2.4626698645e+00
349.700000,9.9936196439e-04,2.5584144487e+00
349.750000,1.0010417173e-03,2.6024559114e+00
349.800000,9.9942857333e-04,2.3523192024e+00
349.850000,9.9828416217e-04,2.4475721806e+00
349.900000,9.9810124107e-04,2.6780499246e+00
349.950000,1.0010366258e-03,2.4978433278e+00
350.000000,1.0000846133e-03,2.4904626946e+00
350.050000,1.0000118058e-03,2.5809078803e+00
350.100000,9.9952477339e-04,2.3311737129e+00
350.150000,9.9765250568e-04,2.6196890278e+00
350.200000,9.9918346113e-04,2.6197272925e+00
350.250000,1.0010953944e-03,2.3279343452e+00
350.300000,9.9829099359e-04,2.5608692197e+00
350.350000,1.0006428568e-03,2.4347999496e+00
350.400000,1.0004103899e-03,2.5613137436e+00
350.450000,9.9988879063e-04,2.4504457339e+00
350.500000,1.0005232314e-03,2.5083877191e+00
350.550000,9.9914579628e-04,2.5567316223e+00
350.600000,9.9983514370e-04,2.4605004356e+00
350.650000,9.9723331005e-04,2.3959421141e+00
350.700000,9.9894820930e-04,2.4763556358e+00
350.750000,9.9909015739e-04,2.7014697268e+00
350.800000,1.0012299716e-03,2.3491192231e+00
350.850000,1.0001999650e-03,2.4653642101e+00
350.900000,9.9921765403e-04,2.5908915586e+00
350.950000,9.9910352186e-04,2.5773068453e+00
351.000000,1.0004730578e-03,2.5775063069e+00
351.050000,1.0000325553e-03,2.6192123914e+00
351.100000,1.0010791237e-03,2.4816801603e+00
351.150000,9.9900001239e-04,2.7210639705e+00
351.200000,9.9967421062e-04,2.7154576854e+00
351.250000,9.9978454316e-04,2.6030874373e+00
351.300000,9.9950311256e-04,2.4438389294e+00
351.350000,9.9792325024e-04,2.5272559752e+00
351.400000,9.9938971590e-04,2.3411891174e+00
351.450000,1.0000339861e-03,2.5262944834e+00
351.500000,1.0014842939e-03,2.4110411789e+00
351.550000,9.9886082419e-04,2.5473602194e+00
351.600000,9.9980894157e-04,2.7164888499e+00
351.650000,9.9950324755e-04,2.5421568151e+00
351.700000,1.0001351623e-03,2.2976286408e+00
351.750000,1.0003445668e-03,2.5416388676e+00
351.800000,1.0001201433e-03,2.5290715807e+00
351.850000,9.9999039185e-04,2.6216396968e+00
351.900000,9.9886380940e-04,2.5787740159e+00
351.950000,1.0007376962e-03,2.5772308300e+00
352.000000,9.9901500837e-04,2.6623014008e+00
352.050000,1.0002719706e-03,2.4623868749e+00
352.100000,1.0001776008e-03,2.4453290227e+00
352.150000,9.9889820502e-04,2.2847912750e+00
352.200000,1.0002549865e-03,2.6086578757e+00
352.250000,9.9931179020e-04,2.5471459666e+00
352.300000,9.9950654990e-04,2.4132266820e+00
352.350000,1.0008202329e-03,2.4954548874e+00
352.400000,1.0004036409e-03,2.4865922500e+00
352.450000,9.9992989360e-04,2.4078257116e+00
352.500000,9.9999013401e-04,2.5874885086e+00
352.550000,9.9924007308e-04,2.3617054845e+00
352.600000,9.9937895707e-04,2.4661398900e+00
352.650000,1.0014418822e-03,2.5227702826e+00
352.700000,1.0011505513e-03,2.4128527536e+00
352.750000,9.9920491501e-04,2.6987042170e+00
352.800000,1.0013709903e-03,2.4126470399e+00
352.850000,1.0015400233e-03,2.4715390677e+00
352.900000,1.0008614483e-03,2.3678762644e+00
352.950000,1.0003295001e-03,2.4535209733e+00
353.000000,9.9902414781e-04,2.5767174081e+00
353.050000,9.9975455599e-04,2.5277652707e+00
353.100000,9.9849797260e-04,2.5943060890e+00
353.150000,1.0016846018e-03,2.5130078463e+00
353.200000,1.0008595759e-03,2.2779871583e+00
353.250000,9.9899337473e-04,2.5156878877e+00
353.300000,9.9842319583e-04,2.4119325006e+00
353.350000,1.0020415558e-03,2.7310315146e+00
353.400000,1.0008611536e-03,2.3226874604e+00
353.450000,1.0004613853e-03,2.4793150309e+00
353.500000,9.9967181279e-04,2.4024061580e+00
353.550000,9.9998567804e-04,2.6352393603e+00
353.600000,1.0002639761e-03,2.3841852075e+00
353.650000,1.0003579764e-03,2.4456181186e+00
353.700000,9.9980222454e-04,2.3243819703e+00
353.750000,1.0004046950e-03,2.5319507993e+00
353.800000,1.0015387692e-03,2.6604342046e+00
353.850000,9.9967279524e-04,2.6516553494e+00
353.900000,1.0014524012e-03,2.6599664577e+00
353.950000,1.0016610269e-03,2.5713352142e+00
354.000000,1.0007271032e-03,2.4427686912e+00
354.050000,9.9908110507e-04,2.3511368028e+00
354.100000,9.9905811992e-04,2.2636454270e+00
354.150000,9.9880929829e-04,2.7326104089e+00
354.200000,9.9861612676e-04,2.3576161402e+00
354.250000,1.0000327469e-03,2.4896416387e+00
354.300000,1.0008401827e-03,2.5986604978e+00
354.350000,1.0008863664e-03,2.6785548178e+00
354.400000,1.0002662412e-03,2.4143112115e+00
354.450000,1.0009415373e-03,2.4324337221e+00
354.500000,9.9887858853e-04,2.6498271729e+00
354.550000,9.9984445844e-04,2.5126330343e+00
354.600000,9.9854608230e-04,2.4839573913e+00
354.650000,9.9943484352e-04,2.5911532729e+00
354.700000,9.9924821594e-04,2.3058498383e+00
354.750000,9.9853490024e-04,2.4632691399e+00
354.800000,1.0016179970e-03,2.3055765937e+00
354.850000,1.0007850231e-03,2.5579856655e+00
354.900000,1.0015005393e-03,2.2792972921e+00
354.950000,9.9954380010e-04,2.6213407949e+00
355.000000,9.9872162288e-04,2.5834233678e+00
355.050000,9.9996305084e-04,2.5404865462e+00
355.100000,1.0005287940e-03,2.3146120799e+00
355.150000,9.9959561679e-04,2.6260008685e+00
355.200000,1.0002814184e-03,2.5350263942e+00
355.250000,1.0011943042e-03,2.4897085302e+00
355.300000,9.9952836543e-04,2.2649888474e+00
355.350000,9.9966518158e-04,2.3580903670e+00
355.400000,1.0006323116e-03,2.6514588363e+00
355.450000,9.9996098284e-04,2.4463345669e+00
355.500000,9.9881343237e-04,2.3580719709e+00
355.550000,1.0006693281e-03,2.5009208606e+00
355.600000,9.9963722239e-04,2.4492209282e+00
355.650000,9.9915021461e-04,2.5799288186e+00
355.700000,1.0004752398e-03,2.8729601883e+00
355.750000,9.9930689638e-04,2.4906381141e+00
355.800000,1.0004828047e-03,2.4996682691e+00
355.850000,1.0004086798e-03,2.3131569217e+00
355.900000,1.0006263045e-03,2.5606140698e+00
355.950000,1.0004685646e-03,2.5529700606e+00
356.000000,1.0005038901e-03,2.7069783040e+00
356.050000,9.9983311968e-04,2.6380602926e+00
356.100000,1.0007208269e-03,2.4740333900e+00
356.150000,9.9905780882e-04,2.3632674735e+00
356.200000,9.9860601149e-04,2.4027399760e+00
356.250000,9.9980010953e-04,2.6023150328e+00
356.300000,9.9903161130e-04,2.5920157788e+00
356.350000,1.0008022629e-03,2.4364774529e+00
356.400000,9.9922751682e-04,2.5001695512e+00
356.450000,1.0008006480e-03,2.3992638695e+00
356.500000,9.9950579593e-04,2.4232211082e+00
356.550000,1.0012046282e-03,2.7417737215e+00
356.600000,1.0009833637e-03,2.4579475538e+00
356.650000,9.9979193231e-04,2.6901943895e+00
356.700000,1.0013885604e-03,2.4499267182e+00
356.750000,9.9815398045e-04,2.4991483344e+00
356.800000,9.9899515419e-04,2.5877058944e+00
356.850000,1.0015278500e-03,2.3030859640e+00
356.900000,9.9805788076e-04,2.7597394704e+00
356.950000,1.0007235592e-03,2.5164789210e+00
357.000000,1.0005238087e-03,2.4602602806e+00
357.050000,1.0000773815e-03,2.4310532571e+00
357.100000,9.9925552884e-04,2.6458203915e+00
357.150000,1.0010775765e-03,2.7456324556e+00
357.200000,9.9964046306e-04,2.5517206782e+00
357.250000,9.9970101235e-04,2.5106290262e+00
357.300000,1.0008468989e-03,2.4707894504e+00
357.350000,9.9938062458e-04,2.4809485592e+00
357.400000,1.0008770553e-03,2.6103044371e+00
357.450000,9.9936087015e-04,2.6191421310e+00
357.500000,1.0015732447e-03,2.3514769543e+00
357.550000,9.9961324458e-04,2.3169118838e+00
357.600000,1.0002759416e-03,2.7663661220e+00
357.650000,9.9998204540e-04,2.4095665341e+00
357.700000,1.0000895528e-03,2.4729428131e+00
357.750000,1.0004177643e-03,2.5007682741e+00
357.800000,9.9978169612e-04,2.6871017612e+00
357.850000,1.0009217504e-03,2.3692011963e+00
357.900000,9.9888652277e-04,2.4569852690e+00
357.950000,9.9991664629e-04,2.5066664519e+00
358.000000,1.0006526773e-03,2.4265343703e+00
358.050000,1.0012640655e-03,2.2088784517e+00
358.100000,9.9996373122e-04,2.5430756738e+00
358.150000,1.0003097198e-03,2.5471973387e+00
358.200000,9.9993620080e-04,2.3834410980e+00
358.250000,9.9862177852e-04,2.6352561902e+00
358.300000,1.0002992108e-03,2.5984548685e+00
358.350000,1.0022907769e-03,2.5454611682e+00
358.400000,9.9991947066e-04,2.3838930149e+00
358.450000,9.9942942237e-04,2.6125169876e+00
358.500000,1.0003024218e-03,2.4124336695e+00
358.550000,9.9932713315e-04,2.5355955319e+00
358.600000,9.9976169136e-04,2.4780141716e+00
358.650000,1.0000437701e-03,2.5128907921e+00
358.700000,1.0007384905e-03,2.5723049128e+00
358.750000,1.0000454465e-03,2.5331184649e+00
358.800000,1.0005750362e-03,2.6699382004e+00
358.850000,1.0021389939e-03,2.4445588544e+00
358.900000,9.9868229848e-04,2.5819413805e+00
358.950000,1.0015504004e-03,2.4384037306e+00
359.000000,1.0017246850e-03,2.5138464225e+00
359.050000,9.9872426392e-04,2.4406026352e+00
359.100000,9.9976538016e-04,2.6257854470e+00
359.150000,9.9959081265e-04,2.6480861224e+00
359.200000,1.0018235284e-03,2.3847510142e+00
359.250000,1.0004739729e-03,2.5787508310e+00
359.300000,9.9912328849e-04,2.4008616823e+00
359.350000,1.0000580714e-03,2.6313981392e+00
359.400000,1.0004601523e-03,2.3717304915e+00
359.450000,1.0016632626e-03,2.5514100927e+00
359.500000,9.9910918055e-04,2.8388900159e+00
359.550000,9.9932288027e-04,2.5648193350e+00
359.600000,1.0004366033e-03,2.4062477454e+00
359.650000,9.9903697962e-04,2.5633622592e+00
359.700000,9.9867360410e-04,2.6326544416e+00
359.750000,9.9893004802e-04,2.5210177223e+00
359.800000,1.0001063913e-03,2.5786841720e+00
359.850000,1.0000691800e-03,2.7189615911e+00
359.900000,9.9792695565e-04,2.3214366615e+00
359.950000,1.0001842331e-03,2.5506512368e+00
360.000000,1.0011161902e-03,2.4567877832e+00
360.050000,1.0013766840e-03,2.2549386111e+00
360.100000,9.9910941723e-04,2.5648840512e+00
360.150000,1.0005510878e-03,2.3648455361e+00
360.200000,1.0010583938e-03,2.3728338123e+00
360.250000,9.9959774646e-04,2.6104636598e+00
360.300000,9.9960038029e-04,2.5147942602e+00
360.350000,9.9878173485e-04,2.2396628145e+00
360.400000,1.0002457348e-03,2.7130072616e+00
360.450000,9.9916221687e-04,2.4152534216e+00
360.500000,1.0005473226e-03,2.5666584344e+00
360.550000,1.0014645720e-03,2.6660647641e+00
360.600000,9.9866317069e-04,2.6420589893e+00
360.650000,9.9945533551e-04,2.3650556082e+00
360.700000,9.9935367294e-04,2.5041613990e+00
360.750000,9.9991358343e-04,2.7579931515e+00
360.800000,1.0004055925e-03,2.4908529186e+00
360.850000,1.0003741532e-03,2.1721748668e+00
360.900000,1.0019778735e-03,2.5116700549e+00
360.950000,9.9904269356e-04,2.5653929012e+00
361.000000,1.0007070883e-03,2.5173313266e+00
361.050000,1.0003673860e-03,2.5181363524e+00
361.100000,1.0008595440e-03,2.4024954246e+00
361.150000,9.9889031368e-04,2.4306142316e+00
361.200000,9.9894154391e-04,2.6153598925e+00
361.250000,1.0000261960e-03,2.3007169861e+00
361.300000,9.9807001790e-04,2.4303865393e+00
361.350000,1.0003489867e-03,2.6650319282e+00
361.400000,1.0016239933e-03,2.4909225688e+00
361.450000,1.0001554073e-03,2.4252799918e+00
361.500000,1.0001539350e-03,2.6607527009e+00
361.550000,9.9921204983e-04,2.5999874889e+00
361.600000,9.9940096102e-04,2.4597622290e+00
361.650000,9.9831809266e-04,2.2054432486e+00
361.700000,1.0000810310e-03,2.4031291204e+00
361.750000,1.0003240322e-03,2.4673422849e+00
361.800000,1.0001031762e-03,2.4790038148e+00
361.850000,9.9999213406e-04,2.3417845946e+00
361.900000,9.9800375670e-04,2.4407757839e+00
361.950000,1.0003271536e-03,2.4614999347e+00
362.000000,9.9846397532e-04,2.4891317387e+00
362.050000,9.9841322120e-04,2.4924792390e+00
362.100000,9.9944860952e-04,2.7440029692e+00
362.150000,9.9907841841e-04,2.4226490869e+00
362.200000,1.0000270213e-03,2.5867068669e+00
362.250000,9.9899635041e-04,2.6055354754e+00
362.300000,1.0003151533e-03,2.5494021455e+00
362.350000,9.9955826640e-04,2.5791142287e+00
362.400000,9.9817526529e-04,2.4620615288e+00
362.450000,1.0004116861e-03,2.6281713061e+00
362.500000,9.9950102879e-04,2.7304469139e+00
362.550000,9.9933759487e-04,2.6819040936e+00
362.600000,9.9930300902e-04,2.3423645050e+00
362.650000,1.0018172133e-03,2.2802869784e+00
362.700000,9.9990534090e-04,2.6611117338e+00
362.750000,1.0000357326e-03,2.5876699416e+00
362.800000,1.0004247291e-03,2.3234538772e+00
362.850000,9.9929606930e-04,2.3648917477e+00
362.900000,1.0009030819e-03,2.6396437459e+00
362.950000,1.0001609148e-03,2.5154436839e+00
363.000000,1.0000844200e-03,2.3995362833e+00
363.050000,1.0005331722e-03,2.4820726774e+00
363.100000,9.9860415020e-04,2.4083132788e+00
363.150000,9.9967473602e-04,2.3390364925e+00
363.200000,1.0000225326e-03,2.5263120613e+00
363.250000,9.9903382702e-04,2.5770412306e+00
363.300000,9.9931669125e-04,2.6122896490e+00
363.350000,9.9977754634e-04,2.6744748899e+00
363.400000,1.0003080850e-03,2.5733539979e+00
363.450000,1.0016903432e-03,2.3809046191e+00
363.500000,1.0001060946e-03,2.4482819687e+00
363.550000,1.0004964458e-03,2.4951610658e+00
363.600000,1.0014338015e-03,2.4043545988e+00
363.650000,1.0021015657e-03,2.4990459573e+00
363.700000,9.9959753538e-04,2.6117854152e+00
363.750000,1.0011054909e-03,2.4924539248e+00
363.800000,1.0001381539e-03,2.5394932723e+00
363.850000,9.9795038535e-04,2.5477905182e+00
363.900000,1.0010541850e-03,2.4427877627e+00
363.950000,9.9976941383e-04,2.4765007497e+00
364.000000,1.0008716378e-03,2.4069727363e+00
364.050000,1.0020344753e-03,2.4142408187e+00
364.100000,9.9803762996e-04,2.3859931607e+00
364.150000,1.0003047461e-03,2.5812607728e+00
364.200000,9.9839212710e-04,2.5465105364e+00
364.250000,1.0004807880e-03,2.6133972805e+00
364.300000,9.9994271205e-04,2.4234048047e+00
364.350000,1.0011695060e-03,2.7415213302e+00
364.400000,9.9991840213e-04,2.6940034157e+00
364.450000,9.9964101436e-04,2.4084577489e+00
364.500000,1.0009712732e-03,2.3549078528e+00
364.550000,9.9902056801e-04,2.5546417810e+00
364.600000,1.0001918343e-03,2.4353524785e+00
364.650000,9.9907422645e-04,2.3982989375e+00
364.700000,9.9928977647e-04,2.5710975759e+00
364.750000,1.0009427427e-03,2.2809479034e+00
364.800000,1.0012782219e-03,2.6375006849e+00
364.850000,9.9915205722e-04,2.8041444776e+00
364.900000,9.9850393477e-04,2.4858267213e+00
364.950000,9.9987413677e-04,2.3538398816e+00
365.000000,1.0001238266e-03,2.4729571001e+00
365.050000,9.9873482368e-04,2.3744730417e+00
365.100000,1.0000845148e-03,2.5405926502e+00
365.150000,1.0007648839e-03,2.4435685597e+00
365.200000,1.0009681940e-03,2.5156882522e+00
365.250000,1.0000635703e-03,2.4347731796e+00
365.300000,1.0005561386e-03,2.4800774930e+00
365.350000,9.9795605861e-04,2.3477398490e+00
365.400000,1.0009016416e-03,2.5238634254e+00
365.450000,1.0002924531e-03,2.3544585328e+00
365.500000,1.0001377361e-03,2.5569499397e+00
365.550000,9.9974155342e-04,2.4925883026e+00
365.600000,1.0006384665e-03,2.6887726413e+00
365.650000,9.9843722098e-04,2.3709461902e+00
365.700000,9.9863790766e-04,2.6011051712e+00
365.750000,1.0007063342e-03,2.4794649762e+00
365.800000,1.0007263307e-03,2.4860078669e+00
365.850000,9.9988007230e-04,2.5991093810e+00
365.900000,9.9957887243e-04,2.5239474190e+00
365.950000,1.0006237659e-03,2.5436901768e+00
366.000000,9.9957214827e-04,2.6800430199e+00
366.050000,9.9971002686e-04,2.4037865504e+00
366.100000,9.9954090433e-04,2.4329497875e+00
366.150000,9.9864860697e-04,2.3600938312e+00
366.200000,1.0016031861e-03,2.6598361894e+00
366.250000,9.9969946346e-04,2.4523212857e+00
366.300000,1.0000537535e-03,2.5215510072e+00
366.350000,9.9976017722e-04,2.3355142921e+00
366.400000,9.9986281968e-04,2.4826710292e+00
366.450000,1.0002141515e-03,2.6340552065e+00
366.500000,9.9818936410e-04,2.5437872473e+00
366.550000,1.0014349506e-03,2.4275500244e+00
366.600000,9.9883206479e-04,2.5744969533e+00
366.650000,1.0021064540e-03,2.6363318532e+00
366.700000,9.9896226101e-04,2.4851597680e+00
366.750000,1.0009724970e-03,2.3677521403e+00
366.800000,1.0002654472e-03,2.5687281279e+00
366.850000,9.9964040305e-04,2.2706426663e+00
366.900000,9.9931445176e-04,2.4147174672e+00
366.950000,1.0015443358e-03,2.6222726870e+00
367.000000,9.9897261912e-04,2.4014341975e+00
367.050000,9.9968756477e-04,2.6563449921e+00
367.100000,9.9832024320e-04,2.3206951725e+00
367.150000,9.9887809831e-04,2.5899382712e+00
367.200000,9.9924656994e-04,2.5794849903e+00
367.250000,1.0006533595e-03,2.3711973508e+00
367.300000,1.0004384881e-03,2.3619857517e+00
367.350000,9.9969537211e-04,2.5196980777e+00
367.400000,1.0004421341e-03,2.3423645593e+00
367.450000,1.0000042432e-03,2.5356097477e+00
367.500000,9.9896722717e-04,2.4311229317e+00
367.550000,1.0008483049e-03,2.4335159827e+00
367.600000,1.0018618677e-03,2.6714631830e+00
367.650000,9.9906221441e-04,2.5746446147e+00
367.700000,9.9832022085e-04,2.4084963133e+00
367.750000,1.0009739712e-03,2.4554116744e+00
367.800000,1.0023520178e-03,2.4636317645e+00
367.850000,1.0003757257e-03,2.5847851265e+00
367.900000,1.0003547303e-03,2.5358234446e+00
367.950000,9.9955678729e-04,2.5619839028e+00
368.000000,9.9929746684e-04,2.4703007273e+00
368.050000,1.0004697072e-03,2.6549992790e+00
368.100000,9.9933633225e-04,2.4605085240e+00
368.150000,9.9967161921e-04,2.4365413924e+00
368.200000,1.0003758896e-03,2.7220891483e+00
368.250000,1.0004100142e-03,2.5221412803e+00
368.300000,9.9933554482e-04,2.6741975557e+00
368.350000,1.0016625705e-03,2.6358329471e+00
368.400000,9.9916186028e-04,2.5902151798e+00
368.450000,9.9918195457e-04,2.6086366304e+00
368.500000,1.0013258614e-03,2.3946717634e+00
368.550000,1.0004033753e-03,2.4138477568e+00
368.600000,9.9926010957e-04,2.6698352538e+00
368.650000,1.0001391460e-03,2.6490820647e+00
368.700000,9.9947250090e-04,2.4000827491e+00
368.750000,1.0011887519e-03,2.5233127251e+00
368.800000,1.0003354904e-03,2.3320195058e+00
368.850000,9.9976252106e-04,2.3545176711e+00
368.900000,1.0005671753e-03,2.5111510931e+00
368.950000,1.0001636366e-03,2.5581032226e+00
369.000000,1.0004905171e-03,2.5799557636e+00
369.050000,9.9801087643e-04,2.4819227459e+00
369.100000,9.9954316071e-04,2.5939977765e+00
369.150000,9.9849781112e-04,2.3657642606e+00
369.200000,9.9957231835e-04,2.4632064187e+00
369.250000,9.9874411922e-04,2.4015214998e+00
369.300000,9.9938009315e-04,2.4025271055e+00
369.350000,1.0012058664e-03,2.5235487803e+00
369.400000,9.9850103370e-04,2.2148556683e+00
369.450000,1.0013288115e-03,2.6561655027e+00
369.500000,9.9926210232e-04,2.2395084598e+00
369.550000,9.9968364359e-04,2.1541533759e+00
369.600000,1.0001302730e-03,2.4640372432e+00
369.650000,9.9976325511e-04,2.3678145989e+00
369.700000,9.9757122205e-04,2.3559681112e+00
369.750000,9.9795758071e-04,2.5791258221e+00
369.800000,1.0001863333e-03,2.4972242266e+00
369.850000,9.9941202831e-04,2.6321903117e+00
369.900000,9.9994158488e-04,2.5683364389e+00
369.950000,1.0001444819e-03,2.4473585845e+00
370.000000,9.9995444730e-04,2.4016108743e+00
370.050000,9.9901961750e-04,2.5803317954e+00
370.100000,9.9879189418e-04,2.6273707906e+00
370.150000,9.9877721232e-04,2.7872352449e+00
370.200000,9.9827738802e-04,2.5482439482e+00
370.250000,1.0010822191e-03,2.5917907063e+00
370.300000,9.9913369775e-04,2.3794619008e+00
370.350000,9.9844083410e-04,2.4890486100e+00
370.400000,1.0000170220e-03,2.5080661638e+00
370.450000,9.9935932697e-04,2.6467826988e+00
370.500000,9.9912400870e-04,2.4048339669e+00
370.550000,1.0004960708e-03,2.4511764966e+00
370.600000,9.9920041369e-04,2.5737831662e+00
370.650000,1.0001032871e-03,2.4826533303e+00
370.700000,9.9963843930e-04,2.4547543600e+00
370.750000,9.9855080354e-04,2.5024018695e+00
370.800000,1.0001278915e-03,2.6047553251e+00
370.850000,1.0016313596e-03,2.5325951409e+00
370.900000,9.9818781997e-04,2.5755122428e+00
370.950000,9.9984184078e-04,2.4589881907e+00
371.000000,1.0014326927e-03,2.4999083706e+00
371.050000,9.9949925133e-04,2.5528144487e+00
371.100000,1.0014154275e-03,2.7181565377e+00
371.150000,9.9886740667e-04,2.6940578617e+00
371.200000,1.0005347089e-03,2.4092057897e+00
371.250000,1.0004919246e-03,2.7057829730e+00
371.300000,9.9943140445e-04,2.3814301790e+00
371.350000,9.9979829104e-04,2.3341272403e+00
371.400000,9.9969187649e-04,2.6496563994e+00
371.450000,9.9922513886e-04,2.5823138574e+00
371.500000,1.0008543325e-03,2.7176838754e+00
371.550000,9.9872614069e-04,2.6814784280e+00
371.600000,9.9970002482e-04,2.6071706715e+00
371.650000,1.0004064395e-03,2.6667831553e+00
371.700000,9.9936993662e-04,2.6266514584e+00
371.750000,9.9940890381e-04,2.6246792434e+00
371.800000,9.9972340468e-04,2.5588984580e+00
371.850000,1.0000008334e-03,2.5584897221e+00
371.900000,1.0019176613e-03,2.6101556774e+00
371.950000,9.9930431962e-04,2.4346464630e+00
372.000000,1.0004005829e-03,2.5833569846e+00
372.050000,9.9908978588e-04,2.6931876049e+00
372.100000,9.9909362600e-04,2.5735924381e+00
372.150000,9.9963211411e-04,2.5637167751e+00
372.200000,9.9906979563e-04,2.6028729651e+00
372.250000,1.0003206410e-03,2.7234469522e+00
372.300000,1.0011144078e-03,2.3000257540e+00
372.350000,1.0011726147e-03,2.3554949962e+00
372.400000,1.0001609429e-03,2.6776602532e+00
372.450000,1.0009753078e-03,2.7386689455e+00
372.500000,9.9865742728e-04,2.5233895440e+00
372.550000,1.0002676740e-03,2.4540429470e+00
372.600000,1.0000997174e-03,2.6522548804e+00
372.650000,1.0016163057e-03,2.3830542835e+00
372.700000,1.0003505825e-03,2.3405956108e+00
372.750000,9.9921784235e-04,2.6047722348e+00
372.800000,1.0004520448e-03,2.2557988364e+00
372.850000,9.9988729107e-04,2.3255248810e+00
372.900000,1.0013003573e-03,2.3951273514e+00
372.950000,1.0018329849e-03,2.6754543866e+00
373.000000,1.0012812532e-03,2.5290725108e+00
373.050000,9.9945502575e-04,2.4947608502e+00
373.100000,1.0008621647e-03,2.4989861013e+00
373.150000,1.0002405734e-03,2.6214833206e+00
373.200000,1.0002905247e-03,2.4483963275e+00
373.250000,9.9967631552e-04,2.3911508577e+00
373.300000,9.9855766614e-04,2.5161393778e+00
373.350000,9.9921489839e-04,2.5510127477e+00
373.400000,1.0004570488e-03,2.5144551393e+00
373.450000,1.0006871602e-03,2.5683150941e+00
373.500000,9.9821990714e-04,2.2911707616e+00
373.550000,1.0009638824e-03,2.3532600304e+00
373.600000,1.0012480856e-03,2.8051207200e+00
373.650000,1.0001910399e-03,2.4224610338e+00
373.700000,1.0002603551e-03,2.5197834891e+00
373.750000,1.0004430976e-03,2.6217799700e+00
373.800000,9.9950421105e-04,2.5574012221e+00
373.850000,9.9959497964e-04,2.4832555076e+00
373.900000,1.0001317553e-03,2.6153165918e+00
373.950000,9.9929865238e-04,2.5765756977e+00
374.000000,1.0013942310e-03,2.5203193258e+00
374.050000,1.0006542240e-03,2.4590074383e+00
374.100000,9.9964709491e-04,2.5237248440e+00
374.150000,1.0013418046e-03,2.5959087608e+00
374.200000,1.0017853671e-03,2.5123334991e+00
374.250000,1.0008158905e-03,2.5858595800e+00
374.300000,9.9929347682e-04,2.5255744979e+00
374.350000,1.0003020600e-03,2.4918666931e+00
374.400000,9.9894057566e-04,2.5101255181e+00
374.450000,1.0002332523e-03,2.3331370335e+00
374.500000,9.9965303300e-04,2.7133597787e+00
374.550000,1.0005870621e-03,2.6690767082e+00
374.600000,9.9876674362e-04,2.6542652406e+00
374.650000,1.0009756597e-03,2.7050257588e+00
374.700000,9.9899460322e-04,2.5644921508e+00
374.750000,1.0000899085e-03,2.4681531170e+00
374.800000,9.9962035834e-04,2.5998670027e+00
374.850000,9.9768617417e-04,2.5760369409e+00
374.900000,1.0004057361e-03,2.6593075470e+00
374.950000,9.9954025588e-04,2.6617111124e+00
375.000000,9.9984179646e-04,2.5329203317e+00
375.050000,1.0003648121e-03,2.5823406531e+00
375.100000,9.9970911158e-04,2.2066983909e+00
375.150000,1.0001458017e-03,2.1121413910e+00
375.200000,1.0002824175e-03,2.7291895449e+00
375.250000,9.9971596252e-04,2.7243712528e+00
375.300000,9.9851391316e-04,2.4378893589e+00
375.350000,1.0003583373e-03,2.5912932169e+00
375.400000,9.9865759721e-04,2.4300231093e+00
375.450000,1.0011287476e-03,2.4946484186e+00
375.500000,9.9841919991e-04,2.5895743338e+00
375.550000,9.9986331773e-04,2.6553621063e+00
375.600000,1.0020133730e-03,2.5906191699e+00
375.650000,9.9940882315e-04,2.3272811126e+00
375.700000,1.0002201580e-03,2.6075289296e+00
375.750000,1.0006312339e-03,2.6443690403e+00
375.800000,1.0016954549e-03,2.5422068388e+00
375.850000,9.9780328931e-04,2.5617101642e+00
375.900000,9.9917154266e-04,2.6022956676e+00
375.950000,9.9907965712e-04,2.6010363827e+00
376.000000,9.9991496347e-04,2.3908093758e+00
376.050000,9.9816020141e-04,2.4902183397e+00
376.100000,1.0008170791e-03,2.5113161454e+00
376.150000,9.9971873617e-04,2.6316859403e+00
376.200000,9.9786171567e-04,2.4015466969e+00
376.250000,1.0001037233e-03,2.6087247195e+00
376.300000,1.0006714171e-03,2.5788650495e+00
376.350000,1.0008855404e-03,2.4745772920e+00
376.400000,1.0000822075e-03,2.4262915865e+00
376.450000,9.9958780923e-04,2.5589675805e+00
376.500000,9.9861706248e-04,2.6339050862e+00
376.550000,1.0013846559e-03,2.6207035365e+00
376.600000,9.9922524077e-04,2.6490126293e+00
376.650000,1.0002390750e-03,2.3654072246e+00
376.700000,9.9856372876e-04,2.5318887636e+00
376.750000,1.0008233813e-03,2.5134819295e+00
376.800000,9.9896515703e-04,2.7203815313e+00
376.850000,9.9975909974e-04,2.4329461628e+00
376.900000,9.9859430121e-04,2.7699684697e+00
376.950000,1.0002998963e-03,2.3404053969e+00
377.000000,9.9999188768e-04,2.4409599332e+00
377.050000,1.0004403715e-03,2.4338532809e+00
377.100000,9.9998374943e-04,2.5173145227e+00
377.150000,1.0007490035e-03,2.5687181114e+00
377.200000,9.9964378662e-04,2.5413166524e+00
377.250000,1.0018733828e-03,2.6062495271e+00
377.300000,9.9917285701e-04,2.5693467214e+00
377.350000,1.0001071637e-03,2.4843127731e+00
377.400000,1.0014359517e-03,2.3558666221e+00
377.450000,1.0009566631e-03,2.4147103763e+00
377.500000,9.9903358007e-04,2.4025257240e+00
377.550000,1.0018849548e-03,2.3328811087e+00
377.600000,1.0001717457e-03,2.6731184063e+00
377.650000,1.0000299557e-03,2.4152110179e+00
377.700000,1.0004797980e-03,2.5153591021e+00
377.750000,1.0004744947e-03,2.6415566962e+00
377.800000,1.0007584930e-03,2.5641500574e+00
377.850000,1.0003522364e-03,2.5958248652e+00
377.900000,9.9795243440e-04,2.3837303929e+00
377.950000,1.0011123865e-03,2.4215170514e+00
378.000000,1.0013339732e-03,2.7338473452e+00
378.050000,9.9877068716e-04,2.4598476948e+00
378.100000,1.0004314196e-03,2.4992607199e+00
378.150000,9.9827112604e-04,2.6355573768e+00
378.200000,9.9954051815e-04,2.6555222682e+00
378.250000,1.0008670040e-03,2.6218046187e+00
378.300000,9.9922014850e-04,2.3806218481e+00
378.350000,1.0011443661e-03,2.5052210587e+00
378.400000,1.0000518797e-03,2.2579543771e+00
378.450000,1.0009821279e-03,2.7177796243e+00
378.500000,9.9990015567e-04,2.4559320975e+00
378.550000,1.0002909436e-03,2.5055459357e+00
378.600000,1.0012860087e-03,2.5198464018e+00
378.650000,1.0009080248e-03,2.6316721921e+00
378.700000,1.0004622221e-03,2.5487409673e+00
378.750000,9.9896751901e-04,2.5802037630e+00
378.800000,1.0001622261e-03,2.4581832009e+00
378.850000,1.0010704620e-03,2.4314402657e+00
378.900000,1.0008695221e-03,2.3450612927e+00
378.950000,9.9830311420e-04,2.5571352923e+00
379.000000,1.0022444380e-03,2.3884420403e+00
379.050000,9.9947378256e-04,2.3551908431e+00
379.100000,9.9972511192e-04,2.4674487177e+00
379.150000,1.0019955483e-03,2.4878450915e+00
379.200000,1.0004142230e-03,2.4402025658e+00
379.250000,9.9943245412e-04,2.3185081510e+00
379.300000,9.9976809251e-04,2.5290153461e+00
379.350000,9.9930809122e-04,2.5703543042e+00
379.400000,9.9825537321e-04,2.4577823797e+00
379.450000,9.9884178143e-04,2.6080634416e+00
379.500000,9.9868775254e-04,2.4524678086e+00
379.550000,1.0001428210e-03,2.4706306836e+00
379.600000,1.0004983139e-03,2.5104445386e+00
379.650000,9.9831795130e-04,2.4623271074e+00
379.700000,9.9923584605e-04,2.4477483344e+00
379.750000,9.9993372384e-04,2.3623885567e+00
379.800000,9.9988561434e-04,2.4599084407e+00
379.850000,1.0006166408e-03,2.6125895540e+00
379.900000,9.9990071277e-04,2.4891299321e+00
379.950000,1.0013410606e-03,2.4507707992e+00
380.000000,9.9923546567e-04,2.5504567234e+00
380.050000,9.9836424708e-04,2.4310898200e+00
380.100000,1.0007229873e-03,2.3478082935e+00
380.150000,9.9962311969e-04,2.6089971787e+00
380.200000,1.0003393740e-03,2.4173165439e+00
380.250000,9.9914917854e-04,2.7070171006e+00
380.300000,9.9991180510e-04,2.4641643351e+00
380.350000,1.0016208231e-03,2.5432807591e+00
380.400000,1.0001066995e-03,2.3404129946e+00
380.450000,9.9870122109e-04,2.6247570630e+00
380.500000,1.0006486332e-03,2.3625213305e+00
380.550000,9.9878596531e-04,2.3244857393e+00
380.600000,9.9969646817e-04,2.6254764597e+00
380.650000,1.0000386377e-03,2.3525216555e+00
380.700000,9.9906854325e-04,2.3297134206e+00
380.750000,1.0005882274e-03,2.4436115394e+00
380.800000,1.0005126620e-03,2.3711945835e+00
380.850000,1.0002012243e-03,2.5926927529e+00
380.900000,9.9963852717e-04,2.6917072740e+00
380.950000,9.9915516372e-04,2.7479502402e+00
381.000000,1.0018302706e-03,2.6249075997e+00
381.050000,1.0014004743e-03,2.3962672545e+00
381.100000,9.9885651140e-04,2.4282491632e+00
381.150000,9.9889881767e-04,2.7226137138e+00
381.200000,9.9968602530e-04,2.4879417185e+00
381.250000,1.0000884267e-03,2.2837899190e+00
381.300000,9.9936137142e-04,2.5447777514e+00
381.350000,1.0006078040e-03,2.5418658891e+00
381.400000,9.9883367488e-04,2.5465270874e+00
381.450000,1.0010941453e-03,2.6796322571e+00
381.500000,9.9876015524e-04,2.4416915799e+00
381.550000,9.9993147348e-04,2.3583594010e+00
381.600000,1.0015898119e-03,2.3955397667e+00
381.650000,9.9954739040e-04,2.2129015214e+00
381.700000,1.0013471059e-03,2.5755858676e+00
381.750000,1.0017000790e-03,2.5241136257e+00
381.800000,1.0000067918e-03,2.4648966777e+00
381.850000,9.9956171923e-04,2.2606412841e+00
381.900000,1.0006962778e-03,2.6743634338e+00
381.950000,1.0010644253e-03,2.5948197502e+00
382.000000,1.0002349667e-03,2.5738872181e+00
382.050000,1.0005179379e-03,2.2579282305e+00
382.100000,9.9995838907e-04,2.4244053357e+00
382.150000,9.9998148573e-04,2.5231373775e+00
382.200000,1.0002395567e-03,2.4296627662e+00
382.250000,9.9850478831e-04,2.4241725093e+00
382.300000,9.9798280868e-04,2.5925283890e+00
382.350000,9.9968198960e-04,2.5352657869e+00
382.400000,1.0006757410e-03,2.5472997276e+00
382.450000,9.9973023874e-04,2.3695499975e+00
382.500000,1.0005471158e-03,2.3591454771e+00
382.550000,1.0005201443e-03,2.5442565790e+00
382.600000,9.9954850927e-04,2.3604345111e+00
382.650000,1.0014154359e-03,2.6227449244e+00
382.700000,1.0015425715e-03,2.5660253793e+00
382.750000,9.9927319660e-04,2.5810761492e+00
382.800000,9.9912299660e-04,2.4169268597e+00
382.850000,9.9934504120e-04,2.3212190261e+00
382.900000,1.0006742968e-03,2.3029090737e+00
382.950000,1.0006906190e-03,2.4510050378e+00
383.000000,9.9983513981e-04,2.7895986512e+00
383.050000,1.0015553707e-03,2.3772410275e+00
383.100000,9.9954358326e-04,2.6596846541e+00
383.150000,1.0002369073e-03,2.4830507577e+00
383.200000,9.9920508104e-04,2.4495982566e+00
383.250000,1.0009089845e-03,2.6212851075e+00
383.300000,1.0013317132e-03,2.5404682721e+00
383.350000,9.9908524267e-04,2.4038255485e+00
383.400000,1.0010322295e-03,2.7172444622e+00
383.450000,9.9761251071e-04,2.4917500196e+00
383.500000,1.0020812639e-03,2.6721489315e+00
383.550000,9.9959559224e-04,2.4574492035e+00
383.600000,9.9972878619e-04,2.6846973544e+00
383.650000,1.0000085351e-03,2.4233270865e+00
383.700000,1.0007762122e-03,2.6119973981e+00
383.750000,9.9907600222e-04,2.5675727593e+00
383.800000,9.9949663386e-04,2.7272396562e+00
383.850000,9.9962597459e-04,2.6228964307e+00
383.900000,1.0004091957e-03,2.6440429515e+00
383.950000,1.0015725712e-03,2.3753088017e+00
384.000000,1.0026370118e-03,2.5433716026e+00
384.050000,9.9732695644e-04,2.3753436797e+00
384.100000,9.9967948194e-04,2.4826975508e+00
384.150000,1.0010267203e-03,2.6562234571e+00
384.200000,9.9871293044e-04,2.4251451892e+00
384.250000,1.0007831622e-03,2.6888323650e+00
384.300000,1.0013953653e-03,2.6514261257e+00
384.350000,1.0008620000e-03,2.4663027088e+00
384.400000,9.9858577063e-04,2.6992531333e+00
384.450000,9.9956956904e-04,2.4267351300e+00
384.500000,9.9874687888e-04,2.5731783519e+00
384.550000,1.0013205246e-03,2.7733512776e+00
384.600000,1.0005247649e-03,2.4687432659e+00
384.650000,1.0020895937e-03,2.4380133153e+00
384.700000,1.0009669519e-03,2.5322648934e+00
384.750000,9.9734526870e-04,2.7361029857e+00
384.800000,9.9951466680e-04,2.3086568385e+00
384.850000,9.9859089450e-04,2.2845977719e+00
384.900000,1.0003417561e-03,2.6334162485e+00
384.950000,1.0001355479e-03,2.5873628576e+00
385.000000,1.0006319029e-03,2.6324080201e+00
385.050000,1.0001765287e-03,2.3305899082e+00
385.100000,1.0013990592e-03,2.4655673573e+00
385.150000,9.9878130540e-04,2.4875218709e+00
385.200000,9.9901842588e-04,2.7804840981e+00
385.250000,1.0008745689e-03,2.3724129590e+00
385.300000,1.0005856339e-03,2.8829153347e+00
385.350000,1.0004211182e-03,2.4703025085e+00
385.400000,1.0004902154e-03,2.4721474179e+00
385.450000,9.9942891579e-04,2.4374725649e+00
385.500000,1.0000437326e-03,2.6006166494e+00
385.550000,9.9968174864e-04,2.4585802399e+00
385.600000,9.9890157576e-04,2.6604462007e+00
385.650000,9.9973134780e-04,2.4904202679e+00
385.700000,1.0000703093e-03,2.5727007066e+00
385.750000,1.0004973708e-03,2.2888944829e+00
385.800000,1.0010428874e-03,2.5261856655e+00
385.850000,9.9945519927e-04,2.6342194454e+00
385.900000,1.0006153825e-03,2.5925697191e+00
385.950000,1.0002143537e-03,2.4320391926e+00
386.000000,9.9915647175e-04,2.4661668524e+00
386.050000,9.9949335968e-04,2.4069671848e+00
386.100000,9.9913761743e-04,2.5235806926e+00
386.150000,9.9970623793e-04,2.4925238644e+00
386.200000,9.9925839457e-04,2.6743719919e+00
386.250000,9.9858840437e-04,2.7264442975e+00
386.300000,9.9847094124e-04,2.6556731871e+00
386.350000,1.0000558234e-03,2.6020174682e+00
386.400000,9.9954103456e-04,2.4144557967e+00
386.450000,9.9890929171e-04,2.4663322900e+00
386.500000,9.9962095051e-04,2.6854176777e+00
386.550000,9.9817220124e-04,2.5750528137e+00
386.600000,9.9832581392e-04,2.8315758999e+00
386.650000,9.9967344443e-04,2.5556078675e+00
386.700000,9.9891952283e-04,2.5932420552e+00
386.750000,1.0006268004e-03,2.4333378727e+00
386.800000,1.0003721566e-03,2.3589421088e+00
386.850000,9.9989957646e-04,2.3883721025e+00
386.900000,9.9989851690e-04,2.5587634988e+00
386.950000,9.9939884055e-04,2.4088291471e+00
387.000000,9.9867454514e-04,2.7920686490e+00
387.050000,1.0007755821e-03,2.5254223789e+00
387.100000,9.9946676688e-04,2.4577792728e+00
387.150000,9.9801267061e-04,2.7446633386e+00
387.200000,9.9803295665e-04,2.4317413124e+00
387.250000,9.9918329471e-04,2.6944999722e+00
387.300000,1.0001086228e-03,2.4452413359e+00
387.350000,1.0003071350e-03,2.5741579692e+00
387.400000,9.9950352005e-04,2.4303115333e+00
387.450000,9.9756540000e-04,2.4886115250e+00
387.500000,1.0009133617e-03,2.4863944229e+00
387.550000,9.9984330639e-04,2.2587225726e+00
387.600000,9.9981588721e-04,2.4899906444e+00
387.650000,1.0017389873e-03,2.5207333456e+00
387.700000,9.9998786223e-04,2.5791207177e+00
387.750000,9.9929834868e-04,2.5594252843e+00
387.800000,9.9934356901e-04,2.5618151785e+00
387.850000,1.0000243758e-03,2.4919335192e+00
387.900000,1.0012828151e-03,2.5046888435e+00
387.950000,9.9779338915e-04,2.5270631081e+00
388.000000,1.0008002711e-03,2.8486269995e+00
388.050000,9.9909424964e-04,2.4165852047e+00
388.100000,1.0002688528e-03,2.4358104423e+00
388.150000,9.9853752656e-04,2.4962198543e+00
388.200000,9.9873316174e-04,2.6221097430e+00
388.250000,1.0013480564e-03,2.4994052441e+00
388.300000,1.0007344006e-03,2.7481490775e+00
388.350000,1.0001375325e-03,2.3605759486e+00
388.400000,1.0000122464e-03,2.4910502602e+00
388.450000,9.9904785603e-04,2.6340210319e+00
388.500000,1.0023561698e-03,2.5458437900e+00
388.550000,9.9904955511e-04,2.8310704858e+00
388.600000,9.9953626266e-04,2.5733991514e+00
388.650000,9.9917926817e-04,2.2634901084e+00
388.700000,1.0004144948e-03,2.5795612688e+00
388.750000,1.0000449298e-03,2.4052723650e+00
388.800000,1.0010915213e-03,2.5174440768e+00
388.850000,1.0018864331e-03,2.6762838742e+00
388.900000,9.9847596880e-04,2.6026046664e+00
388.950000,1.0002976342e-03,2.4268635051e+00
389.000000,1.0004269229e-03,2.5709651923e+00
389.050000,1.0002754398e-03,2.4373443032e+00
389.100000,1.0003612805e-03,2.4876352068e+00
389.150000,1.0013856767e-03,2.6363952347e+00
389.200000,1.0001255876e-03,2.5120282866e+00
389.250000,9.9902321970e-04,2.3995111930e+00
389.300000,1.0004823691e-03,2.5803775687e+00
389.350000,1.0016144471e-03,2.4529655227e+00
389.400000,1.0010531145e-03,2.7364101359e+00
389.450000,9.9936128579e-04,2.4542918232e+00
389.500000,1.0016556822e-03,2.5994160209e+00
389.550000,1.0003800806e-03,2.4675493734e+00
389.600000,9.9956918931e-04,2.2982559739e+00
389.650000,1.0009668516e-03,2.6366056659e+00
389.700000,1.0005385232e-03,2.7294344470e+00
389.750000,9.9805713868e-04,2.5212445107e+00
389.800000,9.9925103963e-04,2.3849556180e+00
389.850000,1.0001156898e-03,2.7250943404e+00
389.900000,9.9902607129e-04,2.6976558939e+00
389.950000,1.0005331898e-03,2.5179477189e+00
390.000000,9.9825494569e-04,2.7734042011e+00
390.050000,9.9950438884e-04,2.4244749067e+00
390.100000,1.0005591515e-03,2.6888226730e+00
390.150000,9.9994064005e-04,2.5709984054e+00
390.200000,1.0013073161e-03,2.6375884234e+00
390.250000,9.9842600010e-04,2.7086650378e+00
390.300000,1.0007677305e-03,2.4384876813e+00
390.350000,1.0010534979e-03,2.6450196301e+00
390.400000,1.0016756329e-03,2.7356305736e+00
390.450000,9.9856914135e-04,2.7027525985e+00
390.500000,9.9995828662e-04,2.4337625750e+00
390.550000,1.0000115376e-03,2.5528180755e+00
390.600000,9.9926386778e-04,2.4296870194e+00
390.650000,9.9990466077e-04,2.3785876012e+00
390.700000,9.9949499096e-04,2.5724712857e+00
390.750000,9.9917433777e-04,2.6206052644e+00
390.800000,1.0010210185e-03,2.6326261586e+00
390.850000,9.9908703869e-04,2.8224078994e+00
390.900000,9.9952450507e-04,2.5398957254e+00
390.950000,9.9932818538e-04,2.3829971584e+00
391.000000,1.0010848919e-03,2.5167465758e+00
391.050000,9.9968286365e-04,2.3299163595e+00
391.100000,1.0002550953e-03,2.5742930994e+00
391.150000,9.9907854468e-04,2.6265398808e+00
391.200000,1.0016415301e-03,2.5034051039e+00
391.250000,9.9869358669e-04,2.5392584087e+00
391.300000,1.0002739018e-03,2.4640702780e+00
391.350000,1.0000773539e-03,2.2963981612e+00
391.400000,9.9926801416e-04,2.6553539927e+00
391.450000,1.0004154008e-03,2.3730495682e+00
391.500000,9.9845894345e-04,2.3771177275e+00
391.550000,1.0024027369e-03,2.3945868921e+00
391.600000,9.9977805018e-04,2.3542465872e+00
391.650000,1.0013577045e-03,2.3336155682e+00
391.700000,9.9866043416e-04,2.4305696299e+00
391.750000,1.0028510105e-03,2.4716727930e+00
391.800000,1.0018210500e-03,2.4032991359e+00
391.850000,9.9988898145e-04,2.4878213156e+00
391.900000,9.9862515188e-04,2.5666670223e+00
391.950000,9.9717937929e-04,2.5678955919e+00
392.000000,9.9954605290e-04,2.5445932542e+00
392.050000,9.9942977293e-04,2.6990058112e+00
392.100000,9.9903025002e-04,2.3190622814e+00
392.150000,1.0009032479e-03,2.7555608861e+00
392.200000,1.0008440012e-03,2.5079521803e+00
392.250000,1.0000873535e-03,2.4843191000e+00
392.300000,1.0008098165e-03,2.6963029051e+00
392.350000,9.9849909902e-04,2.5513276551e+00
392.400000,9.9833842093e-04,2.6526387625e+00
392.450000,9.9975964635e-04,2.4933591139e+00
392.500000,1.0010715124e-03,2.6386867876e+00
392.550000,1.0028168201e-03,2.7755667357e+00
392.600000,9.9927882049e-04,2.5429122492e+00
392.650000,1.0013540105e-03,2.4352823200e+00
392.700000,1.0002357563e-03,2.6540541531e+00
392.750000,1.0000382284e-03,2.5809648733e+00
392.800000,9.9916275197e-04,2.4344916009e+00
392.850000,1.0005179413e-03,2.5752017276e+00
392.900000,1.0006226496e-03,2.4122323687e+00
392.950000,1.0001115109e-03,2.6308266168e+00
393.000000,9.9993857792e-04,2.5528054920e+00
393.050000,9.9815163292e-04,2.4619808524e+00
393.100000,9.9866797455e-04,2.4140899182e+00
393.150000,9.9893109425e-04,2.6021915791e+00
393.200000,1.0009779109e-03,2.3908087493e+00
393.250000,1.0004996927e-03,2.7843813993e+00
393.300000,1.0010861901e-03,2.4610971581e+00
393.350000,9.9967223818e-04,2.8052751125e+00
393.400000,1.0010394200e-03,2.6431353262e+00
393.450000,9.9920581811e-04,2.3579966865e+00
393.500000,9.9890771137e-04,2.5252566124e+00
393.550000,1.0001442679e-03,2.5531079968e+00
393.600000,9.9850810157e-04,2.6346493046e+00
393.650000,9.9828934474e-04,2.4231153553e+00
393.700000,1.0003225215e-03,2.7927337952e+00
393.750000,1.0015168610e-03,2.4406935837e+00
393.800000,9.9989113019e-04,2.5213262872e+00
393.850000,1.0000775156e-03,2.4528593178e+00
393.900000,1.0000562698e-03,2.3785469729e+00
393.950000,1.0022252827e-03,2.2711762560e+00
394.000000,1.0007394453e-03,2.7079533774e+00
394.050000,9.9931037192e-04,2.6455227423e+00
394.100000,1.0018099134e-03,2.4724466980e+00
394.150000,9.9808235172e-04,2.5130600714e+00
394.200000,1.0013964177e-03,2.6361197992e+00
394.250000,1.0010706894e-03,2.4710942771e+00
394.300000,1.0003542812e-03,2.2033133362e+00
394.350000,9.9866509862e-04,2.6639318297e+00
394.400000,1.0010609039e-03,2.5011809269e+00
394.450000,1.0015477861e-03,2.5795311198e+00
394.500000,9.9938702681e-04,2.4486570449e+00
394.550000,1.0009200721e-03,2.8474833578e+00
394.600000,9.9955344204e-04,2.5545070187e+00
394.650000,9.9920975322e-04,2.5646890940e+00
394.700000,1.0002063888e-03,2.4977572727e+00
394.750000,1.0028138054e-03,2.4175010157e+00
394.800000,1.0009038524e-03,2.2608615075e+00
394.850000,9.9977633951e-04,2.4612343652e+00
394.900000,1.0005564842e-03,2.4451611653e+00
394.950000,9.9957642948e-04,2.6348949814e+00
395.000000,9.9970208854e-04,2.5600988790e+00
395.050000,1.0002118636e-03,2.5017413955e+00
395.100000,1.0001207344e-03,2.3042188405e+00
395.150000,9.9948398550e-04,2.5153629965e+00
395.200000,1.0007772320e-03,2.5494119988e+00
395.250000,9.9944887536e-04,2.5545094141e+00
395.300000,1.0006207205e-03,2.6574802742e+00
395.350000,9.9970989349e-04,2.4356774703e+00
395.400000,9.9951473030e-04,2.5798963663e+00
395.450000,9.9763564582e-04,2.2520701951e+00
395.500000,9.9933828428e-04,2.5524575024e+00
395.550000,9.9881324305e-04,2.2926460178e+00
395.600000,1.0002179940e-03,2.6934310869e+00
395.650000,9.9973670317e-04,2.5191405940e+00
395.700000,1.0005018323e-03,2.4848737291e+00
395.750000,9.9949586773e-04,2.4140413246e+00
395.800000,9.9995005371e-04,2.7083455028e+00
395.850000,9.9979134183e-04,2.4621084867e+00
395.900000,1.0005967313e-03,2.6359568624e+00
395.950000,1.0003144597e-03,2.6212168961e+00
396.000000,1.0009422604e-03,2.6023919708e+00
396.050000,1.0004983855e-03,2.5374839877e+00
396.100000,9.9974765748e-04,2.3111308899e+00
396.150000,9.9909843377e-04,2.4606792631e+00
396.200000,9.9875518862e-04,2.2271119685e+00
396.250000,9.9946810612e-04,2.5948364504e+00
396.300000,1.0010870777e-03,2.4042001869e+00
396.350000,9.9974285779e-04,2.4139318732e+00
396.400000,9.9920107879e-04,2.4535792972e+00
396.450000,9.9859022561e-04,2.5570719275e+00
396.500000,9.9946467181e-04,2.5268617672e+00
396.550000,1.0006811728e-03,2.6685230708e+00
396.600000,9.9932506217e-04,2.1453069374e+00
396.650000,1.0007440780e-03,2.5418631615e+00
396.700000,9.9957849215e-04,2.7360649405e+00
396.750000,9.9964439906e-04,2.2842959299e+00
396.800000,9.9879814485e-04,2.4314260350e+00
396.850000,9.9859215751e-04,2.3798325870e+00
396.900000,9.9926212304e-04,2.5457593211e+00
396.950000,1.0015228539e-03,2.5649564483e+00
397.000000,1.0007857551e-03,2.5345375217e+00
397.050000,1.0007317944e-03,2.5590855237e+00
397.100000,9.9895230586e-04,2.2978890926e+00
397.150000,9.9986166522e-04,2.5586804890e+00
397.200000,9.9895370455e-04,2.4433042711e+00
397.250000,9.9857688704e-04,2.3742166632e+00
397.300000,9.9946709800e-04,2.4903455465e+00
397.350000,9.9965671248e-04,2.6606151044e+00
397.400000,9.9929538964e-04,2.5900349192e+00
397.450000,1.0007957839e-03,2.3884022544e+00
397.500000,1.0000052826e-03,2.2873341847e+00
397.550000,9.9994241842e-04,2.5976657879e+00
397.600000,9.9997593803e-04,2.7299499525e+00
397.650000,9.9985454198e-04,2.3747427936e+00
397.700000,1.0013220717e-03,2.6213389497e+00
397.750000,9.9827191286e-04,2.5886636770e+00
397.800000,9.9987508054e-04,2.4908631191e+00
397.850000,1.0004288440e-03,2.3298517992e+00
397.900000,1.0018488376e-03,2.2920717794e+00
397.950000,9.9870578747e-04,2.7201697886e+00
398.000000,1.0004913159e-03,2.4067320202e+00
398.050000,9.9998898987e-04,2.5060761317e+00
398.100000,1.0005518468e-03,2.6939860430e+00
398.150000,1.0003958879e-03,2.5845389909e+00
398.200000,9.9818494810e-04,2.3683327962e+00
398.250000,9.9953036417e-04,2.4383765626e+00
398.300000,9.9939374879e-04,2.5114971366e+00
398.350000,1.0017163055e-03,2.4770152014e+00
398.400000,1.0003620660e-03,2.6793964339e+00
398.450000,9.9971170242e-04,2.5201936033e+00
398.500000,9.9976068308e-04,2.5297249760e+00
398.550000,1.0014122509e-03,2.4197547828e+00
398.600000,9.9893103689e-04,2.3928317370e+00
398.650000,9.9992614005e-04,2.5772639490e+00
398.700000,1.0003974739e-03,2.4341567215e+00
398.750000,1.0006441157e-03,2.7236502948e+00
398.800000,1.0002548542e-03,2.6468191190e+00
398.850000,9.9912116929e-04,2.5969307129e+00
398.900000,9.9944688579e-04,2.6124985535e+00
398.950000,1.0008018008e-03,2.4519581185e+00
399.000000,9.9802862184e-04,2.5638363446e+00
399.050000,1.0005638502e-03,2.6058334320e+00
399.100000,1.0009331732e-03,2.4568887781e+00
399.150000,1.0012222128e-03,2.1999129698e+00
399.200000,9.9866823364e-04,2.4611245427e+00
399.250000,9.9984165450e-04,2.5479262970e+00
399.300000,1.0000025099e-03,2.6139550591e+00
399.350000,9.9973932784e-04,2.7118853949e+00
399.400000,9.9875675248e-04,2.2341533146e+00
399.450000,1.0013753898e-03,2.7709728689e+00
399.500000,1.0007323571e-03,2.7029236641e+00
399.550000,1.0002247243e-03,2.5081633513e+00
399.600000,9.9850156801e-04,2.6138545647e+00
399.650000,9.9936753124e-04,2.5221313781e+00
399.700000,9.9957998921e-04,2.4849906805e+00
399.750000,9.9856047807e-04,2.5807136303e+00
399.800000,1.0016203286e-03,2.7320908962e+00
399.850000,1.0003275255e-03,2.3805894796e+00
399.900000,1.0013683812e-03,2.4724788219e+00
399.950000,9.9958212732e-04,2.6233148818e+00
400.000000,1.0003788214e-03,2.6368464254e+00
400.050000,1.0007921864e-03,2.5626703247e+00
400.100000,9.9904885570e-04,2.2960835964e+00
400.150000,9.9946409439e-04,2.7679528902e+00
400.200000,1.0012018009e-03,2.4100399364e+00
400.250000,9.9900034102e-04,2.6169687394e+00
400.300000,9.9969413717e-04,2.6390342277e+00
400.350000,9.9931022507e-04,2.4711595245e+00
400.400000,1.0002309658e-03,2.4315952439e+00
400.450000,1.0018453954e-03,2.5480414329e+00
400.500000,9.9902677960e-04,2.6981883053e+00
400.550000,1.0011229826e-03,2.2427063921e+00
400.600000,1.0000601556e-03,2.5655239478e+00
400.650000,9.9972070516e-04,2.7321482463e+00
400.700000,9.9819972235e-04,2.5801907803e+00
400.750000,1.0001553630e-03,2.5681859298e+00
400.800000,1.0007109421e-03,2.4936454702e+00
400.850000,9.9939715977e-04,2.6361037862e+00
400.900000,1.0005985945e-03,2.4057930369e+00
400.950000,1.0012536632e-03,2.4712776682e+00
401.000000,9.9899198748e-04,2.4758098107e+00
401.050000,1.0003441098e-03,2.4491573684e+00
401.100000,1.0004181143e-03,2.6341463645e+00
401.150000,1.0015579625e-03,2.4303779937e+00
401.200000,1.0011423054e-03,2.7300300187e+00
401.250000,1.0013450580e-03,2.5235200830e+00
401.300000,9.9835854958e-04,2.5103990588e+00
401.350000,1.0024943308e-03,2.6041735473e+00
401.400000,9.9902851371e-04,2.4905422325e+00
401.450000,1.0001518638e-03,2.4088748568e+00
401.500000,1.0010875891e-03,2.6808955657e+00
401.550000,1.0003843338e-03,2.3354432086e+00
401.600000,1.0000231829e-03,2.5576381573e+00
401.650000,1.0004966561e-03,2.5755357748e+00
401.700000,9.9945465377e-04,2.4583672440e+00
401.750000,9.9962751021e-04,2.7080621490e+00
401.800000,9.9911814343e-04,2.3377469252e+00
401.850000,9.9933569618e-04,2.4697403763e+00
401.900000,1.0000704451e-03,2.7356366658e+00
401.950000,9.9814674842e-04,2.5755399237e+00
402.000000,1.0002200671e-03,2.6533530556e+00
402.050000,1.0006888078e-03,2.4382767182e+00
402.100000,9.9864093380e-04,2.6641325739e+00
402.150000,9.9924852378e-04,2.5280110354e+00
402.200000,9.9947915642e-04,2.2697233233e+00
402.250000,9.9849385442e-04,2.2793954268e+00
402.300000,9.9966838515e-04,2.4965428208e+00
402.350000,1.0009080184e-03,2.6210103340e+00
402.400000,9.9997563756e-04,2.4834519115e+00
402.450000,9.9951594077e-04,2.5513272990e+00
402.500000,1.0011008661e-03,2.8254414651e+00
402.550000,1.0001250696e-03,2.4218987708e+00
402.600000,1.0008746422e-03,2.4299132478e+00
402.650000,1.0001095227e-03,2.4694547003e+00
402.700000,9.9950581345e-04,2.5653368688e+00
402.750000,9.9950508152e-04,2.5180329490e+00
402.800000,1.0004276654e-03,2.5102968765e+00
402.850000,1.0000409411e-03,2.3409875797e+00
402.900000,1.0005504613e-03,2.5086767668e+00
402.950000,1.0000918177e-03,2.4478025370e+00
403.000000,1.0002932666e-03,2.8212046413e+00
403.050000,1.0019717938e-03,2.5159904191e+00
403.100000,1.0000177122e-03,2.4248066195e+00
403.150000,9.9720222576e-04,2.3791714637e+00
403.200000,1.0000574612e-03,2.5219760942e+00
403.250000,1.0008360298e-03,2.5804453851e+00
403.300000,9.9977018288e-04,2.6396304849e+00
403.350000,9.9969264133e-04,2.4453822621e+00
403.400000,9.9869953687e-04,2.7295549677e+00
403.450000,9.9933922896e-04,2.5278851884e+00
403.500000,1.0010663181e-03,2.5661276666e+00
403.550000,9.9989588604e-04,2.6063283890e+00
403.600000,1.0000207258e-03,2.1206381039e+00
403.650000,1.0005109027e-03,2.6067628473e+00
403.700000,1.0003651314e-03,2.6812086184e+00
403.750000,9.9977041751e-04,2.3682236906e+00
403.800000,9.9951140358e-04,2.4925898653e+00
403.850000,1.0008563191e-03,2.3657600030e+00
403.900000,1.0007462850e-03,2.3803044257e+00
403.950000,9.9924951780e-04,2.4220571618e+00
404.000000,9.9968026371e-04,2.5170291050e+00
404.050000,1.0000186225e-03,2.5737095862e+00
404.100000,1.0001549657e-03,2.4234670932e+00
404.150000,9.9850366049e-04,2.5214542119e+00
404.200000,9.9884054997e-04,2.4634426408e+00
404.250000,9.9896270591e-04,2.3987449679e+00
404.300000,9.9977527244e-04,2.5794062934e+00
404.350000,1.0012125399e-03,2.7403501102e+00
404.400000,9.9997114193e-04,2.6615014992e+00
404.450000,9.9916391548e-04,2.5247668864e+00
404.500000,9.9950330271e-04,2.3548805950e+00
404.550000,1.0008113072e-03,2.6403517979e+00
404.600000,1.0008653115e-03,2.3373273573e+00
404.650000,9.9997698410e-04,2.6864312230e+00
404.700000,9.9921229800e-04,2.4382135488e+00
404.750000,9.9987022219e-04,2.7617910082e+00
404.800000,9.9883295804e-04,2.5259724917e+00
404.850000,9.9926559153e-04,2.3217923741e+00
404.900000,9.9971494067e-04,2.3268246363e+00
404.950000,1.0005528276e-03,2.6935783368e+00
405.000000,1.0003664601e-03,2.3506057890e+00
405.050000,9.9863322035e-04,2.3050176752e+00
405.100000,9.9962121877e-04,2.5353751884e+00
405.150000,1.0015322670e-03,2.4890470064e+00
405.200000,1.0001104182e-03,2.3718469714e+00
405.250000,1.0005328572e-03,2.5844320735e+00
405.300000,1.0005320543e-03,2.5964941555e+00
405.350000,1.0007235548e-03,2.5793574075e+00
405.400000,9.9949301384e-04,2.4337642238e+00
405.450000,9.9912138992e-04,2.4681185015e+00
405.500000,9.9774885604e-04,2.4728061360e+00
405.550000,1.0001247543e-03,2.6583579835e+00
405.600000,1.0008789245e-03,2.5929263520e+00
405.650000,9.9972186606e-04,2.5872947748e+00
405.700000,9.9983748828e-04,2.6192096454e+00
405.750000,9.9829934994e-04,2.6325061724e+00
405.800000,9.9790388112e-04,2.6443570891e+00
405.850000,9.9902263946e-04,2.3540953019e+00
405.900000,1.0016547771e-03,2.6603336901e+00
405.950000,9.9842251244e-04,2.4888787859e+00
406.000000,9.9970024310e-04,2.6516783466e+00
406.050000,1.0002818822e-03,2.5330218225e+00
406.100000,9.9880071949e-04,2.4847386282e+00
406.150000,9.9897772409e-04,2.3539574409e+00
406.200000,1.0014221374e-03,2.8384163246e+00
406.250000,9.9886293911e-04,2.5866604680e+00
406.300000,1.0009978527e-03,2.4358931129e+00
406.350000,9.9915996797e-04,2.2928691002e+00
406.400000,9.9950428859e-04,2.3287294755e+00
406.450000,1.0004441562e-03,2.4828704588e+00
406.500000,1.0003449096e-03,2.5187771849e+00
406.550000,9.9956333016e-04,2.3573440020e+00
406.600000,9.9962025052e-04,2.5953103380e+00
406.650000,9.9934032343e-04,2.6563864810e+00
406.700000,9.9963498610e-04,2.3507818475e+00
406.750000,1.0019848359e-03,2.4078355909e+00
406.800000,1.0006206798e-03,2.4105470916e+00
406.850000,9.9917450308e-04,2.6160501004e+00
406.900000,1.0008294825e-03,2.4905466272e+00
406.950000,9.9958407278e-04,2.5361097982e+00
407.000000,9.9949186719e-04,2.2811430163e+00
407.050000,1.0006003080e-03,2.8561319974e+00
407.100000,9.9916510496e-04,2.7023831303e+00
407.150000,9.9998274142e-04,2.3190420123e+00
407.200000,1.0006876535e-03,2.3903883816e+00
407.250000,1.0013420627e-03,2.5884086842e+00
407.300000,9.9940918562e-04,2.3046991870e+00
407.350000,1.0002525602e-03,2.3499884579e+00
407.400000,1.0006321340e-03,2.5765926423e+00
407.450000,1.0001055567e-03,2.3449070400e+00
407.500000,9.9971464294e-04,2.3940941310e+00
407.550000,1.0019282188e-03,2.6924388606e+00
407.600000,1.0018074259e-03,2.4272541439e+00
407.650000,9.9996396091e-04,2.6388896625e+00
407.700000,9.9827204736e-04,2.5632901456e+00
407.750000,9.9938639411e-04,2.7108595854e+00
407.800000,9.9941289544e-04,2.5829312764e+00
407.850000,1.0008006255e-03,2.4872898651e+00
407.900000,1.0020689135e-03,2.4879094357e+00
407.950000,1.0011627860e-03,2.2675775600e+00
408.000000,9.9911116201e-04,2.5307972309e+00
408.050000,9.9870488654e-04,2.5647944083e+00
408.100000,9.9992737880e-04,2.7134324307e+00
408.150000,9.9888267227e-04,2.4597680018e+00
408.200000,9.9945180964e-04,2.5922962328e+00
408.250000,1.0009598693e-03,2.3820494790e+00
408.300000,1.0017338333e-03,2.4759402378e+00
408.350000,9.9896524925e-04,2.3062605536e+00
408.400000,9.9969155707e-04,2.4824806695e+00
408.450000,1.0008819568e-03,2.5924401087e+00
408.500000,1.0019442779e-03,2.5541920653e+00
408.550000,1.0002298348e-03,2.6025575404e+00
408.600000,1.0013131334e-03,2.6897436720e+00
408.650000,9.9781119710e-04,2.4515596517e+00
408.700000,9.9890932131e-04,2.5610613670e+00
408.750000,9.9820944368e-04,2.6136006020e+00
408.800000,1.0005374119e-03,2.5632691456e+00
408.850000,1.0001836725e-03,2.8597734720e+00
408.900000,9.9906506839e-04,2.4309977926e+00
408.950000,1.0003965943e-03,2.5276784651e+00
409.000000,9.9883940964e-04,2.6158244107e+00
409.050000,9.9998968977e-04,2.6359842851e+00
409.100000,1.0000968791e-03,2.6753787612e+00
409.150000,9.9939823129e-04,2.5855906914e+00
409.200000,1.0009209142e-03,2.5957990036e+00
409.250000,9.9961154909e-04,2.3025366270e+00
409.300000,9.9881968770e-04,2.4542884947e+00
409.350000,9.9814951471e-04,2.4723599196e+00
409.400000,1.0008803024e-03,2.4542997972e+00
409.450000,9.9929753811e-04,2.4378841450e+00
409.500000,9.9949555160e-04,2.5179863634e+00
409.550000,1.0004196931e-03,2.5946899273e+00
409.600000,1.0016631333e-03,2.5659148875e+00
409.650000,1.0002968844e-03,2.5608127122e+00
409.700000,1.0005960485e-03,2.5095714257e+00
409.750000,9.9813849721e-04,2.6136950035e+00
409.800000,9.9960635552e-04,2.5097948839e+00
409.850000,1.0006661792e-03,2.6689297115e+00
409.900000,9.9937490605e-04,2.4741135012e+00
409.950000,9.9944245764e-04,2.5652883118e+00
410.000000,9.9942173006e-04,2.3191511200e+00
410.050000,9.9963744295e-04,2.5968137901e+00
410.100000,1.0007577810e-03,2.4786005104e+00
410.150000,1.0011701833e-03,2.5739129978e+00
410.200000,9.9925690691e-04,2.4614100672e+00
410.250000,1.0002042792e-03,2.7912482668e+00
410.300000,9.9970286036e-04,2.7018728645e+00
410.350000,1.0010502305e-03,2.0697859262e+00
410.400000,9.9997310595e-04,2.4068399762e+00
410.450000,9.9914630604e-04,2.7936982755e+00
410.500000,1.0003584718e-03,2.6165758354e+00
410.550000,1.0019533338e-03,2.4494023150e+00
410.600000,1.0009250945e-03,2.6499283719e+00
410.650000,1.0017910566e-03,2.4799419005e+00
410.700000,9.9979569217e-04,2.6271358588e+00
410.750000,1.0004369091e-03,2.6461650555e+00
410.800000,1.0006310137e-03,2.2666760404e+00
410.850000,9.9957336648e-04,2.5355382668e+00
410.900000,1.0006080595e-03,2.5951149156e+00
410.950000,9.9811820725e-04,2.2052659831e+00
411.000000,9.9961336054e-04,2.6504970740e+00
411.050000,1.0005484968e-03,2.5690757575e+00
411.100000,9.9843758586e-04,2.5911913688e+00
411.150000,1.0023388725e-03,2.4987060062e+00
411.200000,1.0023946601e-03,2.4826600537e+00
411.250000,1.0000953444e-03,2.4855903141e+00
411.300000,9.9985173810e-04,2.4476753953e+00
411.350000,9.9968097966e-04,2.6035805105e+00
411.400000,1.0008279757e-03,2.4070829974e+00
411.450000,1.0003273174e-03,2.6098273878e+00
411.500000,9.9934315900e-04,2.4722276438e+00
411.550000,1.0005342085e-03,2.4818901467e+00
411.600000,1.0013449041e-03,2.5107174823e+00
411.650000,9.9927158264e-04,2.6059433574e+00
411.700000,1.0000903721e-03,2.2681204087e+00
411.750000,9.9860276204e-04,2.5909929072e+00
411.800000,9.9973417138e-04,2.4499931765e+00
411.850000,1.0001793485e-03,2.5201975580e+00
411.900000,1.0002256125e-03,2.5481381780e+00
411.950000,1.0022043059e-03,2.4858410804e+00
412.000000,1.0019561656e-03,2.4949307659e+00
412.050000,9.9913687475e-04,2.6510389096e+00
412.100000,1.0029745228e-03,2.3641709049e+00
412.150000,9.9998673953e-04,2.6341872819e+00
412.200000,1.0003347330e-03,2.4525545367e+00
412.250000,9.9959808631e-04,2.5380987745e+00
412.300000,9.9972035718e-04,2.3680755694e+00
412.350000,9.9922582057e-04,2.4429631843e+00
412.400000,1.0007564688e-03,2.5990824326e+00
412.450000,1.0002819294e-03,2.4573648406e+00
412.500000,9.9945364942e-04,2.4473168141e+00
412.550000,1.0000023717e-03,2.4696320990e+00
412.600000,1.0005833563e-03,2.5305218482e+00
412.650000,1.0001403129e-03,2.3800852354e+00
412.700000,9.9949731970e-04,2.7080846848e+00
412.750000,1.0001566821e-03,2.4448663974e+00
412.800000,9.9844403983e-04,2.5976048663e+00
412.850000,1.0002278120e-03,2.5941721213e+00
412.900000,1.0004252123e-03,2.5184712736e+00
412.950000,9.9818372450e-04,2.4755939017e+00
413.000000,1.0012646615e-03,2.6414520675e+00
413.050000,9.9949303586e-04,2.6084455361e+00
413.100000,1.0002388439e-03,2.4624174148e+00
413.150000,9.9945005954e-04,2.4208398533e+00
413.200000,9.9926114924e-04,2.6114812534e+00
413.250000,9.9960022376e-04,2.3470052672e+00
413.300000,9.9985285241e-04,2.3588475299e+00
413.350000,9.9943491338e-04,2.3025611629e+00
413.400000,9.9947509061e-04,2.5883386287e+00
413.450000,9.9948540054e-04,2.5936945588e+00
413.500000,9.9994785990e-04,2.5479402239e+00
413.550000,9.9961120570e-04,2.5261939775e+00
413.600000,1.0001774390e-03,2.5477486609e+00
413.650000,9.9972705407e-04,2.6404274929e+00
413.700000,9.9932689681e-04,2.7290218855e+00
413.750000,1.0009481451e-03,2.3737081341e+00
413.800000,1.0009813166e-03,2.5515016406e+00
413.850000,9.9980327012e-04,2.4483230263e+00
413.900000,9.9960862508e-04,2.5886413071e+00
413.950000,1.0003764207e-03,2.6253679842e+00
414.000000,1.0003031260e-03,2.4851580124e+00
414.050000,9.9927352656e-04,2.5355143089e+00
414.100000,9.9993240303e-04,2.5520756440e+00
414.150000,1.0000066249e-03,2.4234124708e+00
414.200000,9.9853809660e-04,2.3059430046e+00
414.250000,1.0006966339e-03,2.4011046077e+00
414.300000,9.9924426866e-04,2.4474420062e+00
414.350000,9.9958375496e-04,2.6120641358e+00
414.400000,1.0019232929e-03,2.2990716399e+00
414.450000,1.0000436910e-03,2.3406080609e+00
414.500000,9.9853195070e-04,2.7752957810e+00
414.550000,1.0013930957e-03,2.6365202703e+00
414.600000,1.0014061520e-03,2.6772030646e+00
414.650000,9.9888141210e-04,2.6977378170e+00
414.700000,9.9978583134e-04,2.5082968214e+00
414.750000,1.0017355327e-03,2.5223049394e+00
414.800000,1.0012685901e-03,2.5386307800e+00
414.850000,9.9901673770e-04,2.6995911801e+00
414.900000,9.9936067015e-04,2.5136187154e+00
414.950000,9.9991255274e-04,2.2205744328e+00
415.000000,9.9998072771e-04,2.6807597358e+00
415.050000,9.9988630499e-04,2.5306815660e+00
415.100000,9.9908562427e-04,2.5151631195e+00
415.150000,9.9848120757e-04,2.5459153632e+00
415.200000,9.9948960919e-04,2.4503900415e+00
415.250000,9.9842112735e-04,2.5808848465e+00
415.300000,9.9978866314e-04,2.5226149134e+00
415.350000,1.0022697930e-03,2.6101426933e+00
415.400000,9.9866856801e-04,2.4500233592e+00
415.450000,9.9843546987e-04,2.6095650136e+00
415.500000,1.0005996545e-03,2.5075963383e+00
415.550000,1.0010287920e-03,2.5195963933e+00
415.600000,1.0008965506e-03,2.3856671807e+00
415.650000,9.9908921056e-04,2.3536560597e+00
415.700000,9.9861988385e-04,2.5255524975e+00
415.750000,1.0005604735e-03,2.3545784854e+00
415.800000,9.9915600254e-04,2.7713457167e+00
415.850000,9.9981975676e-04,2.4730376064e+00
415.900000,9.9913009862e-04,2.5172524161e+00
415.950000,9.9870729568e-04,2.5162125361e+00
416.000000,9.9932830837e-04,2.6663340048e+00
416.050000,1.0000334790e-03,2.5972292377e+00
416.100000,9.9859113749e-04,2.5491831608e+00
416.150000,1.0002648057e-03,2.7285181682e+00
416.200000,9.9942701967e-04,2.4654443588e+00
416.250000,9.9765219572e-04,2.4576265009e+00
416.300000,1.0007155483e-03,2.7010399052e+00
416.350000,1.0006972901e-03,2.3640316851e+00
416.400000,9.9938175886e-04,2.6297569024e+00
416.450000,1.0001726465e-03,2.5979604363e+00
416.500000,1.0013502928e-03,2.7633939557e+00
416.550000,9.9938487711e-04,2.6053112171e+00
416.600000,1.0013322080e-03,2.5678263792e+00
416.650000,1.0005799879e-03,2.4109567972e+00
416.700000,9.9859946804e-04,2.4152798650e+00
416.750000,9.9927779724e-04,2.5653378246e+00
416.800000,9.9918618265e-04,2.4744063131e+00
416.850000,1.0000642221e-03,2.8216806223e+00
416.900000,1.0003950178e-03,2.7591197072e+00
416.950000,9.9842862680e-04,2.4851465293e+00
417.000000,9.9993724696e-04,2.4087694720e+00
417.050000,9.9936614072e-04,2.6162320561e+00
417.100000,1.0009793492e-03,2.4663983926e+00
417.150000,9.9823874941e-04,2.5119502281e+00
417.200000,9.9871887450e-04,2.6965882626e+00
417.250000,1.0001226445e-03,2.4916894967e+00
417.300000,9.9886633388e-04,2.4209437642e+00
417.350000,9.9925099688e-04,2.5919423504e+00
417.400000,1.0001183109e-03,2.5779320962e+00
417.450000,9.9991331791e-04,2.5246959026e+00
417.500000,9.9953461810e-04,2.6204946288e+00
417.550000,9.9933107545e-04,2.5464851055e+00
417.600000,1.0004917453e-03,2.5409858914e+00
417.650000,9.9987433576e-04,2.5107448322e+00
417.700000,1.0000870215e-03,2.5943424304e+00
417.750000,9.9967733655e-04,2.5368213597e+00
417.800000,1.0010138379e-03,2.6168670667e+00
417.850000,9.9900455010e-04,2.4837189155e+00
417.900000,1.0016960385e-03,2.6087468924e+00
417.950000,9.9986223031e-04,2.5478172065e+00
418.000000,9.9964065545e-04,2.4508781784e+00
418.050000,1.0004934408e-03,2.6265179326e+00
418.100000,9.9934249640e-04,2.4828120970e+00
418.150000,1.0002786399e-03,2.6771999603e+00
418.200000,9.9888277150e-04,2.5769576383e+00
418.250000,1.0010273465e-03,2.4493692914e+00
418.300000,1.0010380981e-03,2.2765477057e+00
418.350000,9.9923803530e-04,2.3747679202e+00
418.400000,1.0015602847e-03,2.3558390469e+00
418.450000,9.9988950829e-04,2.5541193570e+00
418.500000,9.9842221251e-04,2.5861913899e+00
418.550000,1.0015713613e-03,2.5640231021e+00
418.600000,1.0005909589e-03,2.6093092883e+00
418.650000,9.9959678567e-04,2.5396889353e+00
418.700000,1.0004729385e-03,2.6201346247e+00
418.750000,1.0001281381e-03,2.5711810866e+00
418.800000,1.0003349188e-03,2.4055631914e+00
418.850000,9.9769207521e-04,2.5306536563e+00
418.900000,1.0011695763e-03,2.4550630372e+00
418.950000,9.9980784857e-04,2.5459450652e+00
419.000000,1.0001691981e-03,2.5196874884e+00
419.050000,1.0000148150e-03,2.3592856007e+00
419.100000,1.0004504120e-03,2.4835289602e+00
419.150000,1.0008037453e-03,2.3405561989e+00
419.200000,1.0009095879e-03,2.3760865227e+00
419.250000,1.0002090976e-03,2.4668677969e+00
419.300000,9.9883059075e-04,2.3811087692e+00
419.350000,1.0000915662e-03,2.5588724178e+00
419.400000,1.0001548571e-03,2.7041184538e+00
419.450000,1.0006403730e-03,2.4910074329e+00
419.500000,1.0014118329e-03,2.4134764527e+00
419.550000,1.0001198866e-03,2.4746531837e+00
419.600000,9.9891861596e-04,2.7041498812e+00
419.650000,1.0009697148e-03,2.6989525321e+00
419.700000,9.9982561103e-04,2.2644972342e+00
419.750000,1.0013377928e-03,2.3763283034e+00
419.800000,1.0010809686e-03,2.5433036336e+00
419.850000,1.0007382397e-03,2.5829067207e+00
419.900000,9.9785601003e-04,2.3881176010e+00
419.950000,9.9951114834e-04,2.3879197183e+00
420.000000,1.0001973366e-03,2.5050266132e+00
420.050000,9.9993208158e-04,2.4305851753e+00
420.100000,9.9922209675e-04,2.6758538425e+00
420.150000,9.9788382205e-04,2.5303148604e+00
420.200000,1.0002706807e-03,2.2975201455e+00
420.250000,9.9942216705e-04,2.5951235649e+00
420.300000,9.9986467873e-04,2.5252633231e+00
420.350000,1.0015600602e-03,2.6845510813e+00
420.400000,1.0022746186e-03,2.5063463440e+00
420.450000,9.9927576830e-04,2.3568270221e+00
420.500000,9.9995928701e-04,2.6358252873e+00
420.550000,9.9782083069e-04,2.6316176465e+00
420.600000,9.9937674401e-04,2.2628155997e+00
420.650000,1.0008346979e-03,2.2586513006e+00
420.700000,9.9907153301e-04,2.6393664642e+00
420.750000,9.9870943846e-04,2.5844109814e+00
420.800000,9.9886844858e-04,2.4528468846e+00
420.850000,9.9911090436e-04,2.8413901867e+00
420.900000,1.0001751644e-03,2.3272574696e+00
420.950000,9.9817154964e-04,2.2322050244e+00
421.000000,9.9997814925e-04,2.6378135082e+00
421.050000,1.0011522016e-03,2.4404609246e+00
421.100000,1.0009913753e-03,2.7947571454e+00
421.150000,9.9981039865e-04,2.6208560729e+00
421.200000,9.9924123538e-04,2.3239063925e+00
421.250000,1.0014198116e-03,2.5642353169e+00
421.300000,1.0001083322e-03,2.3340785608e+00
421.350000,1.0011860890e-03,2.4247715890e+00
421.400000,9.9993899201e-04,2.3408099397e+00
421.450000,1.0003308170e-03,2.5313518652e+00
421.500000,1.0004260597e-03,2.5703751149e+00
421.550000,9.9940428459e-04,2.4946721713e+00
421.600000,1.0002022835e-03,2.2422645103e+00
421.650000,9.9906247817e-04,2.6107763314e+00
421.700000,9.9933524590e-04,2.4367584577e+00
421.750000,1.0006652540e-03,2.5511144470e+00
421.800000,1.0009819907e-03,2.3336937164e+00
421.850000,9.9947532463e-04,2.4429503273e+00
421.900000,1.0008942972e-03,2.5423749984e+00
421.950000,1.0004301366e-03,2.4806758665e+00
422.000000,9.9954229841e-04,2.4400427622e+00
422.050000,9.9836228102e-04,2.4250273069e+00
422.100000,9.9801758796e-04,2.3495003621e+00
422.150000,9.9886767258e-04,2.4419956463e+00
422.200000,1.0002092239e-03,2.4492894320e+00
422.250000,1.0018150637e-03,2.5242748900e+00
422.300000,1.0005566827e-03,2.4596769696e+00
422.350000,1.0003792961e-03,2.5670248692e+00
422.400000,9.9942029554e-04,2.2687245286e+00
422.450000,1.0002435763e-03,2.4943580365e+00
422.500000,1.0003946166e-03,2.5337300934e+00
422.550000,1.0001308926e-03,2.3952404538e+00
422.600000,1.0003062556e-03,2.1718468593e+00
422.650000,1.0003538934e-03,2.2187275843e+00
422.700000,1.0006842632e-03,2.6084434181e+00
422.750000,1.0020249736e-03,2.3316939460e+00
422.800000,1.0027319310e-03,2.5292727681e+00
422.850000,1.0004959977e-03,2.3611626384e+00
422.900000,9.9896467596e-04,2.6794604228e+00
422.950000,1.0008138631e-03,2.5179844372e+00
423.000000,9.9962616012e-04,2.4582411132e+00
423.050000,9.9897547387e-04,2.2587337833e+00
423.100000,1.0008648143e-03,2.6336943732e+00
423.150000,1.0002840620e-03,2.3053406053e+00
423.200000,1.0004295098e-03,2.7212616434e+00
423.250000,9.9900802912e-04,2.6122468814e+00
423.300000,1.0016316798e-03,2.6972146869e+00
423.350000,9.9940079406e-04,2.4214159240e+00
423.400000,1.0005438920e-03,2.5816046073e+00
423.450000,9.9999249619e-04,2.3687403122e+00
423.500000,9.9999594319e-04,2.4459754101e+00
423.550000,9.9890183876e-04,2.4927285091e+00
423.600000,1.0014760560e-03,2.4940140711e+00
423.650000,1.0023464366e-03,2.3642011102e+00
423.700000,9.9704015574e-04,2.4842965666e+00
423.750000,9.9900435368e-04,2.5850836478e+00
423.800000,1.0003617325e-03,2.3162384233e+00
423.850000,9.9963403146e-04,2.5727811173e+00
423.900000,9.9950963647e-04,2.5593578163e+00
423.950000,9.9910421763e-04,2.5592690548e+00
424.000000,9.9995292705e-04,2.3334204065e+00
424.050000,1.0012728403e-03,2.4762618069e+00
424.100000,9.9840993225e-04,2.3903252764e+00
424.150000,9.9965313506e-04,2.7521641785e+00
424.200000,9.9796855466e-04,2.4819118753e+00
424.250000,1.0009272925e-03,2.5833751250e+00
424.300000,1.0008719281e-03,2.3416434978e+00
424.350000,1.0006155211e-03,2.5817923136e+00
424.400000,1.0008772601e-03,2.4459400402e+00
424.450000,1.0016808436e-03,2.5740191706e+00
424.500000,9.9978709555e-04,2.4311103924e+00
424.550000,9.9977159987e-04,2.6657232392e+00
424.600000,9.9883230943e-04,2.6388254262e+00
424.650000,1.0008183428e-03,2.4539540828e+00
424.700000,9.9948213031e-04,2.4958739409e+00
424.750000,1.0012448840e-03,2.5526957024e+00
424.800000,9.9895405395e-04,2.6079886016e+00
424.850000,9.9833040608e-04,2.5572814228e+00
424.900000,9.9994382495e-04,2.4785461087e+00
424.950000,1.0000187238e-03,2.4132926370e+00
425.000000,1.0008237679e-03,2.3674908970e+00
425.050000,9.9971895928e-04,2.1834957406e+00
425.100000,9.9932659066e-04,2.6297494639e+00
425.150000,9.9812873849e-04,2.5656416504e+00
425.200000,1.0004465722e-03,2.7549804488e+00
425.250000,9.9931719104e-04,2.6446835679e+00
425.300000,1.0000336437e-03,2.5975349940e+00
425.350000,1.0003042631e-03,2.4989287288e+00
425.400000,1.0006395049e-03,2.3273435061e+00
425.450000,1.0004574541e-03,2.7675998820e+00
425.500000,1.0019814144e-03,2.5980737572e+00
425.550000,1.0008855328e-03,2.5265213091e+00
425.600000,9.9997622056e-04,2.6180125430e+00
425.650000,1.0000820669e-03,2.6037078145e+00
425.700000,1.0009816065e-03,2.4602414178e+00
425.750000,1.0001575158e-03,2.5995506252e+00
425.800000,1.0009030153e-03,2.5590369185e+00
425.850000,9.9934269469e-04,2.6953541252e+00
425.900000,9.9926270112e-04,2.1373692604e+00
425.950000,1.0008054474e-03,2.4899080071e+00
426.000000,1.0001353608e-03,2.4562937759e+00
426.050000,1.0003160230e-03,2.5709465133e+00
426.100000,1.0000173096e-03,2.2924793363e+00
426.150000,1.0010435001e-03,2.5373497078e+00
426.200000,1.0000735463e-03,2.5835730829e+00
426.250000,1.0000699736e-03,2.3127901168e+00
426.300000,9.9909559459e-04,2.5167809839e+00
426.350000,1.0003604820e-03,2.2698618147e+00
426.400000,1.0003221548e-03,2.3648845103e+00
426.450000,1.0016602375e-03,2.4386450454e+00
426.500000,1.0010200607e-03,2.6645445935e+00
426.550000,9.9829274057e-04,2.5563337206e+00
426.600000,1.0013865209e-03,2.3720829286e+00
426.650000,9.9918255968e-04,2.5188099698e+00
426.700000,9.9983549936e-04,2.1562261639e+00
426.750000,1.0028850109e-03,2.5224804385e+00
426.800000,9.9960905559e-04,2.2913987001e+00
426.850000,9.9831635703e-04,2.5155345422e+00
426.900000,9.9911778553e-04,2.7407476543e+00
426.950000,1.0007897595e-03,2.4307877531e+00
427.000000,1.0013031424e-03,2.6105852674e+00
427.050000,1.0006101848e-03,2.4911585513e+00
427.100000,9.9966169445e-04,2.4409439715e+00
427.150000,9.9922992680e-04,2.4019558597e+00
427.200000,9.9891218503e-04,2.5022965865e+00
427.250000,1.0005244427e-03,2.4746377972e+00
427.300000,1.0002772898e-03,2.4844056032e+00
427.350000,1.0006893124e-03,2.3943211461e+00
427.400000,1.0015682933e-03,2.4166434767e+00
427.450000,1.0014377360e-03,2.6220711078e+00
427.500000,1.0005290382e-03,2.6717398054e+00
427.550000,9.9999330590e-04,2.5055661222e+00
427.600000,1.0010319594e-03,2.3881247382e+00
427.650000,1.0003187556e-03,2.4560060144e+00
427.700000,9.9888749159e-04,2.5539408568e+00
427.750000,1.0007513121e-03,2.5365767649e+00
427.800000,1.0015115180e-03,2.5961541702e+00
427.850000,9.9855920445e-04,2.6574109125e+00
427.900000,9.9956505389e-04,2.5014010346e+00
427.950000,9.9974093545e-04,2.4634418754e+00
428.000000,1.0006632279e-03,2.6023233667e+00
428.050000,9.9911727594e-04,2.6150077707e+00
428.100000,9.9851397052e-04,2.4858118578e+00
428.150000,1.0005823574e-03,2.3860967839e+00
428.200000,9.9913599491e-04,2.5279622127e+00
428.250000,9.9969260487e-04,2.8098092961e+00
428.300000,9.9984904489e-04,2.5862844563e+00
428.350000,1.0012142558e-03,2.4620969067e+00
428.400000,1.0012955238e-03,2.5516860510e+00
428.450000,1.0004639310e-03,2.3568357275e+00
428.500000,1.0002052281e-03,2.4735752939e+00
428.550000,1.0012138258e-03,2.5854826428e+00
428.600000,1.0011950275e-03,2.5418200848e+00
428.650000,1.0013647315e-03,2.4985998399e+00
428.700000,1.0005449106e-03,2.2960310061e+00
428.750000,1.0003402957e-03,2.3747461166e+00
428.800000,1.0010480456e-03,2.6168165865e+00
428.850000,1.0025637860e-03,2.3828068366e+00
428.900000,9.9982563230e-04,2.4053996558e+00
428.950000,1.0000062361e-03,2.6199577092e+00
429.000000,9.9880410923e-04,2.3928802550e+00
429.050000,9.9842765476e-04,2.5730267959e+00
429.100000,9.9932218793e-04,2.5776279807e+00
429.150000,1.0008974271e-03,2.4547763283e+00
429.200000,9.9993760228e-04,2.3753542935e+00
429.250000,1.0001071887e-03,2.7371743206e+00
429.300000,9.9956060487e-04,2.4410583441e+00
429.350000,1.0017583601e-03,2.6315377204e+00
429.400000,1.0019983750e-03,2.4649694875e+00
429.450000,1.0020981662e-03,2.5883696786e+00
429.500000,9.9879325520e-04,2.4878979438e+00
429.550000,1.0000214758e-03,2.4767077864e+00
429.600000,9.9875314519e-04,2.6136261199e+00
429.650000,9.9795844695e-04,2.4718203750e+00
429.700000,1.0004146081e-03,2.6040464367e+00
429.750000,9.9958906744e-04,2.5821236031e+00
429.800000,9.9921432709e-04,2.4192983739e+00
429.850000,1.0008589765e-03,2.4371677920e+00
429.900000,9.9950745757e-04,2.6408686025e+00
429.950000,9.9858073435e-04,2.5482372116e+00
430.000000,1.0029685102e-03,2.5791318160e+00
430.050000,9.9981958078e-04,2.4241172372e+00
430.100000,1.0011263225e-03,2.5318563887e+00
430.150000,9.9973236257e-04,2.5621050187e+00
430.200000,1.0019415531e-03,2.7934425590e+00
430.250000,9.9988059868e-04,2.7497774812e+00
430.300000,9.9908288007e-04,2.5958366618e+00
430.350000,9.9866448122e-04,2.4469635573e+00
430.400000,9.9925573891e-04,2.2944339903e+00
430.450000,1.0013679712e-03,2.3858466618e+00
430.500000,9.9851872474e-04,2.5912271615e+00
430.550000,9.9961664021e-04,2.5710143638e+00
430.600000,9.9918250524e-04,2.3060260473e+00
430.650000,1.0011022466e-03,2.6149022715e+00
430.700000,9.9939470908e-04,2.5507284946e+00
430.750000,9.9870330026e-04,2.5813361140e+00
430.800000,1.0003380003e-03,2.6139179420e+00
430.850000,1.0025604713e-03,2.6070481764e+00
430.900000,9.9853999059e-04,2.5523499838e+00
430.950000,1.0013136929e-03,2.4502945852e+00
431.000000,1.0012192464e-03,2.4457266737e+00
431.050000,1.0001913891e-03,2.5251958375e+00
431.100000,9.9944756615e-04,2.5218445516e+00
431.150000,9.9955421023e-04,2.5492916238e+00
431.200000,1.0013794309e-03,2.4779269865e+00
431.250000,1.0006013814e-03,2.5473887515e+00
431.300000,9.9809084222e-04,2.6290018240e+00
431.350000,1.0009964128e-03,2.5264684016e+00
431.400000,1.0002437298e-03,2.7554527948e+00
431.450000,9.9847349548e-04,2.6081951737e+00
431.500000,1.0006082434e-03,2.5461461223e+00
431.550000,9.9947976399e-04,2.5929465310e+00
431.600000,9.9951874386e-04,2.5803660884e+00
431.650000,1.0026735446e-03,2.2893018384e+00
431.700000,1.0009133047e-03,2.5470810897e+00
431.750000,1.0010391947e-03,2.3794870609e+00
431.800000,9.9908375789e-04,2.4009177187e+00
431.850000,1.0011634976e-03,2.4465330900e+00
431.900000,1.0009786392e-03,2.6619959895e+00
431.950000,9.9905675342e-04,2.4685371473e+00
432.000000,9.9904458178e-04,2.5067215139e+00
432.050000,1.0004738745e-03,2.4430796610e+00
432.100000,1.0010480242e-03,2.2770626282e+00
432.150000,1.0009604478e-03,2.7829106600e+00
432.200000,1.0000518979e-03,2.3340227140e+00
432.250000,1.0021060628e-03,2.6203440155e+00
432.300000,9.9894003896e-04,2.1916543351e+00
432.350000,1.0014641415e-03,2.4958731776e+00
432.400000,1.0009222520e-03,2.2793846122e+00
432.450000,1.0012945348e-03,2.3603515430e+00
432.500000,1.0004438600e-03,2.6974417488e+00
432.550000,9.9951947750e-04,2.5919690384e+00
432.600000,9.9883500767e-04,2.5425089274e+00
432.650000,9.9863791107e-04,2.6009766861e+00
432.700000,1.0000654003e-03,2.8347691167e+00
432.750000,1.0002612164e-03,2.6908519639e+00
432.800000,9.9996146031e-04,2.4665942773e+00
432.850000,9.9903902489e-04,2.3914498182e+00
432.900000,1.0003564762e-03,2.4841948958e+00
432.950000,9.9851337083e-04,2.7697248925e+00
433.000000,1.0012681771e-03,2.5737152939e+00
433.050000,9.9918733265e-04,2.4021283646e+00
433.100000,9.9943148087e-04,2.5451183913e+00
433.150000,9.9860425967e-04,2.5368553699e+00
433.200000,1.0014845185e-03,2.3418442002e+00
433.250000,1.0000053291e-03,2.3776548104e+00
433.300000,1.0008327684e-03,2.6019009432e+00
433.350000,1.0005249636e-03,2.3353008069e+00
433.400000,1.0005120467e-03,2.4984122457e+00
433.450000,1.0001193303e-03,2.4785812127e+00
433.500000,9.9976195389e-04,2.4377921498e+00
433.550000,1.0007664055e-03,2.5456277247e+00
433.600000,1.0006092449e-03,2.6036339694e+00
433.650000,1.0006727729e-03,2.4720123398e+00
433.700000,9.9943022210e-04,2.4830414163e+00
433.750000,9.9942827122e-04,2.3747703244e+00
433.800000,9.9923710640e-04,2.5335834421e+00
433.850000,1.0016401498e-03,2.4534241225e+00
433.900000,1.0016179362e-03,2.5327143849e+00
433.950000,1.0008798128e-03,2.5733151115e+00
434.000000,1.0003791104e-03,2.6089419728e+00
434.050000,9.9921423612e-04,2.7035088090e+00
434.100000,1.0002490675e-03,2.6353813014e+00
434.150000,9.9974006787e-04,2.3411748017e+00
434.200000,9.9949562345e-04,2.1489618786e+00
434.250000,1.0019324560e-03,2.5171906328e+00
434.300000,9.9919231123e-04,2.4006137291e+00
434.350000,1.0007697931e-03,2.3434914368e+00
434.400000,9.9889561785e-04,2.5174978324e+00
434.450000,1.0002241663e-03,2.6709487690e+00
434.500000,1.0011894914e-03,2.6147147315e+00
434.550000,1.0004485634e-03,2.4392033492e+00
434.600000,1.0006927714e-03,2.4746981006e+00
434.650000,9.9858698223e-04,2.4173220407e+00
434.700000,1.0010986525e-03,2.4714687064e+00
434.750000,9.9959659044e-04,2.5785194589e+00
434.800000,1.0017397755e-03,2.6486460860e+00
434.850000,1.0000198030e-03,2.4778743856e+00
434.900000,9.9929447386e-04,2.5482973276e+00
434.950000,1.0009437749e-03,2.5564584062e+00
435.000000,9.9859361355e-04,2.5890886522e+00
435.050000,1.0006413070e-03,2.5251058792e+00
435.100000,1.0017729220e-03,2.7609236958e+00
435.150000,1.0003722756e-03,2.3911796411e+00
435.200000,9.9854486672e-04,2.4887374130e+00
435.250000,1.0012651020e-03,2.5996484378e+00
435.300000,1.0004667016e-03,2.4922869426e+00
435.350000,9.9842790045e-04,2.5494665919e+00
435.400000,9.9830542512e-04,2.5332426831e+00
435.450000,1.0010395419e-03,2.4669676328e+00
435.500000,1.0002446006e-03,2.6437139934e+00
435.550000,9.9945049018e-04,2.3820004120e+00
435.600000,9.9837947468e-04,2.4683356965e+00
435.650000,1.0010322599e-03,2.4128431957e+00
435.700000,1.0000713233e-03,2.6127293749e+00
435.750000,1.0014102652e-03,2.6903684640e+00
435.800000,9.9975665106e-04,2.1624847893e+00
435.850000,9.9980971422e-04,2.5386596549e+00
435.900000,1.0003145944e-03,2.5118607935e+00
435.950000,1.0003630343e-03,2.4310022950e+00
436.000000,9.9925045146e-04,2.5171078466e+00
436.050000,1.0012076648e-03,2.4383034302e+00
436.100000,1.0008974268e-03,2.4976449802e+00
436.150000,9.9983208909e-04,2.5436041560e+00
436.200000,9.9907019022e-04,2.6157460484e+00
436.250000,1.0013636475e-03,2.5794187072e+00
436.300000,1.0002993177e-03,2.6470663783e+00
436.350000,9.9853040988e-04,2.4469339179e+00
436.400000,1.0005312611e-03,2.3914696229e+00
436.450000,9.9960295529e-04,2.4798313883e+00
436.500000,9.9956420057e-04,2.3827300255e+00
436.550000,1.0004634737e-03,2.6964125807e+00
436.600000,1.0014926819e-03,2.5636196185e+00
436.650000,9.9917511799e-04,2.3874682190e+00
436.700000,9.9969710365e-04,2.3948495485e+00
436.750000,1.0023209673e-03,2.6123391822e+00
436.800000,1.0003510708e-03,2.5613122078e+00
436.850000,9.9925894830e-04,2.6000824869e+00
436.900000,9.9985947008e-04,2.5756623333e+00
436.950000,9.9953693015e-04,2.6863350827e+00
437.000000,1.0006423300e-03,2.4409874667e+00
437.050000,1.0014398064e-03,2.6001637494e+00
437.100000,9.9915603716e-04,2.6623195926e+00
437.150000,1.0008233248e-03,2.5623920391e+00
437.200000,1.0006829888e-03,2.5431496868e+00
437.250000,9.9917302320e-04,2.5777830377e+00
437.300000,1.0015767895e-03,2.4689525887e+00
437.350000,1.0001396097e-03,2.6258914512e+00
437.400000,9.9920783858e-04,2.4967462182e+00
437.450000,9.9952405142e-04,2.5406045552e+00
437.500000,1.0023959943e-03,2.4795786556e+00
437.550000,1.0008384862e-03,2.6389768532e+00
437.600000,9.9956860812e-04,2.4387494821e+00
437.650000,1.0015886390e-03,2.5423518112e+00
437.700000,9.9871768240e-04,2.5902954369e+00
437.750000,9.9926405826e-04,2.6104525234e+00
437.800000,9.9881102844e-04,2.6893282604e+00
437.850000,9.9952737982e-04,2.5474357314e+00
437.900000,9.9981318647e-04,2.6501511481e+00
437.950000,1.0017489886e-03,2.4841107391e+00
438.000000,1.0008056034e-03,2.6745526037e+00
438.050000,1.0004957207e-03,2.4790759894e+00
438.100000,9.9991042893e-04,2.3410087350e+00
438.150000,1.0001381358e-03,2.5571814267e+00
438.200000,1.0002906945e-03,2.3948187805e+00
438.250000,1.0015506978e-03,2.6826411222e+00
438.300000,1.0005020096e-03,2.5111546620e+00
438.350000,9.9987402373e-04,2.4590734356e+00
438.400000,9.9960253353e-04,2.6606800665e+00
438.450000,1.0009653827e-03,2.4848135097e+00
438.500000,9.9910702401e-04,2.5415644052e+00
438.550000,1.0010071973e-03,2.4556606702e+00
438.600000,1.0001157137e-03,2.6463614883e+00
438.650000,9.9887311494e-04,2.4342855103e+00
438.700000,9.9919058067e-04,2.3874455601e+00
438.750000,9.9844286732e-04,2.5670248813e+00
438.800000,9.9877045710e-04,2.6361917520e+00
438.850000,1.0006138513e-03,2.5657727777e+00
438.900000,9.9928634064e-04,2.5284567726e+00
438.950000,1.0002017136e-03,2.5148596187e+00
439.000000,9.9945053938e-04,2.3632232422e+00
439.050000,1.0005484629e-03,2.5887048475e+00
439.100000,1.0000963670e-03,2.3664852583e+00
439.150000,9.9989966585e-04,2.5814477138e+00
439.200000,9.9972963634e-04,2.6731374381e+00
439.250000,9.9947320872e-04,2.4945547391e+00
439.300000,1.0007479049e-03,2.6382442577e+00
439.350000,1.0003830370e-03,2.4499896222e+00
439.400000,9.9973783458e-04,2.6151074691e+00
439.450000,1.0001173332e-03,2.3936718064e+00
439.500000,9.9867340981e-04,2.6841679675e+00
439.550000,1.0004071749e-03,2.4176327199e+00
439.600000,1.0007616565e-03,2.5568261086e+00
439.650000,1.0000420878e-03,2.6219627026e+00
439.700000,1.0001468437e-03,2.4434293756e+00
439.750000,1.0012763627e-03,2.4356932309e+00
439.800000,9.9918970441e-04,2.3987255948e+00
439.850000,9.9763295706e-04,2.5079471103e+00
439.900000,9.9830779942e-04,2.4946013447e+00
439.950000,9.9976350674e-04,2.3156837586e+00
440.000000,9.9953259275e-04,2.5386777102e+00
440.050000,1.0007142689e-03,2.4305487365e+00
440.100000,9.9730961211e-04,2.6334544487e+00
440.150000,1.0000032991e-03,2.4410482462e+00
440.200000,9.9944916101e-04,2.6526455589e+00
440.250000,9.9960970629e-04,2.3329148371e+00
440.300000,1.0004433442e-03,2.5274018735e+00
440.350000,1.0000731721e-03,2.4724116351e+00
440.400000,1.0000719390e-03,2.7496684741e+00
440.450000,1.0003516466e-03,2.4059421279e+00
440.500000,1.0008416320e-03,2.5782226779e+00
440.550000,9.9959892729e-04,2.5416436669e+00
440.600000,9.9972639124e-04,2.5661643530e+00
440.650000,1.0000469841e-03,2.5249308080e+00
440.700000,9.9838794087e-04,2.5678315072e+00
440.750000,9.9916554857e-04,2.5606472016e+00
440.800000,1.0014228559e-03,2.3621303684e+00
440.850000,1.0002135235e-03,2.3771549446e+00
440.900000,9.9964362517e-04,2.5774600760e+00
440.950000,1.0008336084e-03,2.4188184148e+00
441.000000,1.0003548568e-03,2.4614159652e+00
441.050000,9.9947561649e-04,2.5236899179e+00
441.100000,9.9801962083e-04,2.4612251441e+00
441.150000,9.9938005006e-04,2.4808663491e+00
441.200000,9.9868059070e-04,2.4178032480e+00
441.250000,1.0004230375e-03,2.5713859476e+00
441.300000,1.0008161999e-03,2.6685539263e+00
441.350000,9.9980758891e-04,2.7124522563e+00
441.400000,1.0009790971e-03,2.5356972265e+00
441.450000,9.9873324851e-04,2.4452032442e+00
441.500000,1.0020477921e-03,2.3532481892e+00
441.550000,1.0001890797e-03,2.3641341834e+00
441.600000,9.9917521892e-04,2.4654045614e+00
441.650000,9.9986639488e-04,2.4501708699e+00
441.700000,9.9989145451e-04,2.3949968009e+00
441.750000,1.0012418414e-03,2.5096027721e+00
441.800000,1.0009766176e-03,2.5513200369e+00
441.850000,1.0014993773e-03,2.4916285538e+00
441.900000,1.0006483714e-03,2.5231740087e+00
441.950000,9.9991160017e-04,2.4568556427e+00
442.000000,9.9910054602e-04,2.4990859694e+00
442.050000,1.0007786804e-03,2.2660666042e+00
442.100000,1.0000342247e-03,2.6118362846e+00
442.150000,9.9941817128e-04,2.8252686095e+00
442.200000,1.0003268549e-03,2.7167187300e+00
442.250000,1.0009084632e-03,2.7076749314e+00
442.300000,1.0001879826e-03,2.4628955747e+00
442.350000,9.9931796557e-04,2.2376180380e+00
442.400000,1.0011400060e-03,2.4444985756e+00
442.450000,1.0014289247e-03,2.3948478727e+00
442.500000,9.9843823485e-04,2.4949907784e+00
442.550000,9.9621809690e-04,2.3804884765e+00
442.600000,1.0007756663e-03,2.4878892941e+00
442.650000,1.0016607913e-03,2.6681465141e+00
442.700000,1.0001042820e-03,2.7415609193e+00
442.750000,1.0017263029e-03,2.6174505224e+00
442.800000,1.0005618432e-03,2.6284886259e+00
442.850000,1.0002259101e-03,2.4021780643e+00
442.900000,1.0001315390e-03,2.4380116917e+00
442.950000,1.0004216808e-03,2.5921275631e+00
443.000000,9.9929769272e-04,2.5448044501e+00
443.050000,9.9895372232e-04,2.4934904028e+00
443.100000,1.0000056108e-03,2.6401043085e+00
443.150000,9.9945597603e-04,2.5471574069e+00
443.200000,9.9990080083e-04,2.4909841849e+00
443.250000,1.0014130284e-03,2.4380573180e+00
443.300000,9.9912209173e-04,2.4035616946e+00
443.350000,1.0002939614e-03,2.4501230145e+00
443.400000,1.0000290764e-03,2.7432038271e+00
443.450000,1.0013173056e-03,2.3677779085e+00
443.500000,1.0002295699e-03,2.5199912905e+00
443.550000,9.9943684836e-04,2.4649478359e+00
443.600000,1.0006454919e-03,2.4220386464e+00
443.650000,9.9933131379e-04,2.5011382216e+00
443.700000,1.0009325536e-03,2.5477279072e+00
443.750000,1.0000399364e-03,2.6892846145e+00
443.800000,1.0010347541e-03,2.5183167441e+00
443.850000,1.0018734381e-03,2.6253034221e+00
443.900000,1.0013344431e-03,2.5253976419e+00
443.950000,9.9878412490e-04,2.6261292528e+00
444.000000,9.9906660754e-04,2.3293462240e+00
444.050000,9.9873747881e-04,2.2341972057e+00
444.100000,1.0020011798e-03,2.4648421078e+00
444.150000,9.9961053073e-04,2.5620724344e+00
444.200000,1.0006328333e-03,2.4677951433e+00
444.250000,9.9879889826e-04,2.4379595526e+00
444.300000,9.9896106574e-04,2.6627052947e+00
444.350000,9.9962051847e-04,2.6044660588e+00
444.400000,9.9915939113e-04,2.8533122421e+00
444.450000,1.0007833614e-03,2.3798556091e+00
444.500000,9.9966969475e-04,2.5212911146e+00
444.550000,9.9858490848e-04,2.6176998617e+00
444.600000,9.9917499022e-04,2.6547321308e+00
444.650000,9.9872813375e-04,2.5885779433e+00
444.700000,9.9856623304e-04,2.4493181025e+00
444.750000,9.9851266523e-04,2.5332411202e+00
444.800000,1.0011002584e-03,2.4780073162e+00
444.850000,9.9979309739e-04,2.3920762333e+00
444.900000,1.0000235668e-03,2.2432253598e+00
444.950000,1.0000465262e-03,2.4489168189e+00
445.000000,9.9972313144e-04,2.6118638848e+00
445.050000,1.0005235164e-03,2.6143561200e+00
445.100000,9.9982133182e-04,2.3405648869e+00
445.150000,1.0004657182e-03,2.3601451948e+00
445.200000,9.9872305203e-04,2.6515905205e+00
445.250000,9.9967207372e-04,2.4512783955e+00
445.300000,9.9912292046e-04,2.5862000510e+00
445.350000,1.0014039606e-03,2.3756649989e+00
445.400000,9.9867201639e-04,2.4550207177e+00
445.450000,1.0012344422e-03,2.5921871600e+00
445.500000,1.0002375630e-03,2.5888406056e+00
445.550000,1.0009037972e-03,2.6998363481e+00
445.600000,9.9996820317e-04,2.5445104616e+00
445.650000,9.9893643682e-04,2.4997711304e+00
445.700000,9.9995388626e-04,2.4719343850e+00
445.750000,1.0007919291e-03,2.5329175913e+00
445.800000,1.0000944527e-03,2.3967622306e+00
445.850000,9.9934005860e-04,2.3961215796e+00
445.900000,9.9966218259e-04,2.4357600362e+00
445.950000,9.9948319040e-04,2.6075001255e+00
446.000000,1.0002707969e-03,2.6325776860e+00
446.050000,1.0001814430e-03,2.6588726481e+00
446.100000,9.9914057350e-04,2.7122764635e+00
446.150000,9.9998500649e-04,2.6267991992e+00
446.200000,9.9951313515e-04,2.4971766041e+00
446.250000,9.9954299501e-04,2.3908215536e+00
446.300000,1.0003964887e-03,2.4969742989e+00
446.350000,9.9941942431e-04,2.6375067440e+00
446.400000,1.0013854222e-03,2.5915770829e+00
446.450000,9.9976565191e-04,2.5114416384e+00
446.500000,9.9948379757e-04,2.5528751519e+00
446.550000,1.0000410661e-03,2.3765326198e+00
446.600000,1.0007626066e-03,2.6096444413e+00
446.650000,9.9961320418e-04,2.4578954006e+00
446.700000,9.9926051851e-04,2.5495275968e+00
446.750000,9.9930843672e-04,2.5655415452e+00
446.800000,9.9883958245e-04,2.3493821315e+00
446.850000,1.0008911308e-03,2.5278319998e+00
446.900000,9.9831462557e-04,2.6037868859e+00
446.950000,9.9899235038e-04,2.5493990134e+00
447.000000,9.9945013843e-04,2.5607199758e+00
447.050000,9.9999387276e-04,2.2488421943e+00
447.100000,9.9978988873e-04,2.6648217609e+00
447.150000,9.9975682307e-04,2.4975974774e+00
447.200000,9.9919834800e-04,2.4026063947e+00
447.250000,1.0004244734e-03,2.3424853548e+00
447.300000,1.0001142099e-03,2.4288961795e+00
447.350000,9.9923544053e-04,2.5817131525e+00
447.400000,1.0003813009e-03,2.6865528745e+00
447.450000,9.9878090169e-04,2.3993481811e+00
447.500000,9.9746097068e-04,2.5015741543e+00
447.550000,9.9816124583e-04,2.6425393893e+00
447.600000,1.0025269814e-03,2.6364470457e+00
447.650000,9.9836814177e-04,2.6162959884e+00
447.700000,9.9971599586e-04,2.5783079689e+00
447.750000,9.9849549202e-04,2.3649555119e+00
447.800000,1.0000507041e-03,2.5354568820e+00
447.850000,9.9945695805e-04,2.5914187764e+00
447.900000,9.9905088602e-04,2.3043962506e+00
447.950000,1.0008751560e-03,2.4235572091e+00
448.000000,1.0014277625e-03,2.5090838529e+00
448.050000,1.0006724474e-03,2.4102725222e+00
448.100000,9.9948675613e-04,2.1641421670e+00
448.150000,1.0008113055e-03,2.4596048278e+00
448.200000,1.0015276858e-03,2.4144564415e+00
448.250000,1.0022464045e-03,2.6011014195e+00
448.300000,9.9920908787e-04,2.4680449847e+00
448.350000,9.9787722011e-04,2.4676443021e+00
448.400000,9.9937274687e-04,2.4984675786e+00
448.450000,1.0008767693e-03,2.5567970446e+00
448.500000,1.0001537604e-03,2.4969591789e+00
448.550000,1.0003178625e-03,2.5628800743e+00
448.600000,1.0004138089e-03,2.4863760268e+00
448.650000,9.9944352130e-04,2.5403204933e+00
448.700000,9.9859904283e-04,2.2090821245e+00
448.750000,1.0010680857e-03,2.3495368815e+00
448.800000,9.9991581231e-04,2.4942892698e+00
448.850000,9.9869802859e-04,2.4890944107e+00
448.900000,9.9888403507e-04,2.4494267656e+00
448.950000,9.9945547257e-04,2.4811868743e+00
449.000000,9.9977534048e-04,2.5707755494e+00
449.050000,1.0005044579e-03,2.4344292289e+00
449.100000,9.9894821025e-04,2.4765431247e+00
449.150000,9.9997159949e-04,2.6400275179e+00
449.200000,9.9942524498e-04,2.6510231619e+00
449.250000,9.9923705446e-04,2.3271381648e+00
449.300000,1.0006665730e-03,2.6063611101e+00
449.350000,1.0002585468e-03,2.5092446377e+00
449.400000,1.0001090310e-03,2.7288760535e+00
449.450000,1.0002177144e-03,2.5939284687e+00
449.500000,1.0000792451e-03,2.6222860732e+00
449.550000,1.0006598563e-03,2.2602485524e+00
449.600000,9.9982454918e-04,2.5407105380e+00
449.650000,9.9939402795e-04,2.5603728672e+00
449.700000,1.0005904347e-03,2.5374685944e+00
449.750000,1.0003042303e-03,2.5195724560e+00
449.800000,9.9858002870e-04,2.5613782647e+00
449.850000,1.0012846470e-03,2.7233835497e+00
449.900000,1.0002493215e-03,2.7413119222e+00
449.950000,9.9920601404e-04,2.3898341814e+00
450.000000,1.0010083888e-03,2.5696065730e+00
450.050000,9.9991264534e-04,2.4393148471e+00
450.100000,1.0000762732e-03,2.5606991413e+00
450.150000,9.9984829912e-04,2.6328364622e+00
450.200000,9.9984268113e-04,2.5524129090e+00
450.250000,1.0018633903e-03,2.5791564525e+00
450.300000,9.9970988287e-04,2.5066122664e+00
450.350000,1.0002847296e-03,2.7502562051e+00
450.400000,1.0001669667e-03,2.4679186990e+00
450.450000,1.0006495719e-03,2.4789502895e+00
450.500000,1.0010390774e-03,2.5147758010e+00
450.550000,1.0009282263e-03,2.5789124466e+00
450.600000,1.0015515070e-03,2.4696125155e+00
450.650000,1.0003174465e-03,2.4210257643e+00
450.700000,9.9942289803e-04,2.4155432205e+00
450.750000,9.9815708360e-04,2.6250417032e+00
450.800000,9.9962189321e-04,2.3609894000e+00
450.850000,1.0003075321e-03,2.4112533864e+00
450.900000,1.0003469661e-03,2.5348020310e+00
450.950000,9.9886468330e-04,2.7197133110e+00
451.000000,9.9843086410e-04,2.4841368152e+00
451.050000,9.9907904795e-04,2.7234585187e+00
451.100000,9.9951079754e-04,2.4775869436e+00
451.150000,9.9890689892e-04,2.7444976676e+00
451.200000,1.0010347238e-03,2.4483233441e+00
451.250000,9.9984209791e-04,2.3030846906e+00
451.300000,9.9944691601e-04,2.5790660310e+00
451.350000,1.0002042376e-03,2.5417132215e+00
451.400000,1.0004725276e-03,2.4295854442e+00
451.450000,9.9884256823e-04,2.5503369564e+00
451.500000,9.9887751558e-04,2.4438429741e+00
451.550000,9.9880149234e-04,2.3862933966e+00
451.600000,1.0006740559e-03,2.5261132288e+00
451.650000,1.0019822874e-03,2.6509528151e+00
451.700000,1.0006696724e-03,2.4760720437e+00
451.750000,1.0007209534e-03,2.5781046575e+00
451.800000,9.9926097571e-04,2.5422511847e+00
451.850000,1.0015044716e-03,2.6059516413e+00
451.900000,9.9896012937e-04,2.3768605534e+00
451.950000,9.9953184425e-04,2.5483832791e+00
452.000000,9.9941830079e-04,2.6005212500e+00
452.050000,9.9867191179e-04,2.7289046673e+00
452.100000,9.9837353325e-04,2.4340374082e+00
452.150000,9.9960907125e-04,2.7189297849e+00
452.200000,1.0003861818e-03,2.3353481842e+00
452.250000,9.9966108636e-04,2.4206921506e+00
452.300000,1.0008715195e-03,2.7535295839e+00
452.350000,1.0005067949e-03,2.4205260798e+00
452.400000,9.9963221481e-04,2.5534917104e+00
452.450000,1.0012975168e-03,2.4665081013e+00
452.500000,1.0005888896e-03,2.4830562674e+00
452.550000,9.9861911949e-04,2.5784901679e+00
452.600000,1.0012950262e-03,2.4870318481e+00
452.650000,1.0001618048e-03,2.6179260955e+00
452.700000,9.9829698188e-04,2.4270968439e+00
452.750000,1.0001521324e-03,2.4640806640e+00
452.800000,1.0003469179e-03,2.5138726064e+00
452.850000,9.9970031606e-04,2.5515794620e+00
452.900000,1.0006997037e-03,2.3911865070e+00
452.950000,1.0006269240e-03,2.3740196828e+00
453.000000,1.0000793859e-03,2.5220048783e+00
453.050000,9.9991296651e-04,2.3398517948e+00
453.100000,1.0003602913e-03,2.5373106685e+00
453.150000,1.0004366787e-03,2.5592813042e+00
453.200000,9.9980379172e-04,2.6602196176e+00
453.250000,9.9980531715e-04,2.5182825161e+00
453.300000,1.0002253676e-03,2.3178794709e+00
453.350000,9.9893153298e-04,2.7461655847e+00
453.400000,1.0013826686e-03,2.5323596209e+00
453.450000,9.9966818470e-04,2.4456684937e+00
453.500000,1.0015891473e-03,2.5604041790e+00
453.550000,9.9947604628e-04,2.4884430435e+00
453.600000,9.9963987034e-04,2.4223961485e+00
453.650000,9.9701577974e-04,2.4256543675e+00
453.700000,1.0010483599e-03,2.6320333329e+00
453.750000,9.9973441084e-04,2.5167463620e+00
453.800000,1.0000203081e-03,2.6187340388e+00
453.850000,9.9967250996e-04,2.3203036783e+00
453.900000,9.9826482520e-04,2.4765089586e+00
453.950000,1.0002395106e-03,2.5697114453e+00
454.000000,1.0002020449e-03,2.5904750898e+00
454.050000,1.0021241835e-03,2.4763078874e+00
454.100000,1.0003662045e-03,2.5183241436e+00
454.150000,9.9932977669e-04,2.3109592330e+00
454.200000,1.0005022363e-03,2.5880063502e+00
454.250000,9.9891834007e-04,2.7176629839e+00
454.300000,9.9941096019e-04,2.3613916637e+00
454.350000,1.0000524646e-03,2.6518404934e+00
454.400000,1.0007757544e-03,2.5095631759e+00
454.450000,1.0003700627e-03,2.4137834640e+00
454.500000,9.9994968280e-04,2.7171143223e+00
454.550000,9.9785385342e-04,2.3875497578e+00
454.600000,9.9735973606e-04,2.7960044233e+00
454.650000,9.9731678985e-04,2.3974344666e+00
454.700000,9.9897695002e-04,2.4800722896e+00
454.750000,9.9768750383e-04,2.2886096740e+00
454.800000,1.0014772898e-03,2.4139070496e+00
454.850000,9.9939994413e-04,2.4694918115e+00
454.900000,1.0001323209e-03,2.5159522569e+00
454.950000,9.9852953199e-04,2.5296632383e+00
455.000000,1.0012531753e-03,2.7670859678e+00
455.050000,9.9955893103e-04,2.6936121777e+00
455.100000,9.9933632655e-04,2.5486396212e+00
455.150000,9.9908148242e-04,2.5749877191e+00
455.200000,9.9987996774e-04,2.3255123928e+00
455.250000,1.0003156722e-03,2.5861603561e+00
455.300000,1.0008640573e-03,2.6965800394e+00
455.350000,9.9960595420e-04,2.4015240740e+00
455.400000,1.0000389752e-03,2.5723062939e+00
455.450000,1.0012298072e-03,2.5102544894e+00
455.500000,9.9990323408e-04,2.5708665237e+00
455.550000,1.0017743887e-03,2.6143130657e+00
455.600000,9.9943741463e-04,2.3217637500e+00
455.650000,9.9894290892e-04,2.5637097538e+00
455.700000,1.0002366980e-03,2.4722808339e+00
455.750000,1.0012358259e-03,2.6061113346e+00
455.800000,9.9893574339e-04,2.5267623430e+00
455.850000,9.9984082050e-04,2.3574597050e+00
455.900000,9.9954753174e-04,2.5477216225e+00
455.950000,9.9853483029e-04,2.5019272703e+00
456.000000,9.9885239525e-04,2.5259482409e+00
456.050000,9.9877933407e-04,2.6207545496e+00
456.100000,9.9826147053e-04,2.3305343261e+00
456.150000,1.0005407108e-03,2.5045376439e+00
456.200000,1.0006110169e-03,2.5178019249e+00
456.250000,1.0016012428e-03,2.7150916671e+00
456.300000,9.9850993186e-04,2.7337605654e+00
456.350000,9.9979436662e-04,2.6729648476e+00
456.400000,9.9999872815e-04,2.5420066271e+00
456.450000,9.9981292003e-04,2.8263011713e+00
456.500000,9.9956231245e-04,2.5020394939e+00
456.550000,1.0001520065e-03,2.3622522009e+00
456.600000,9.9987055979e-04,2.7893149174e+00
456.650000,9.9925277197e-04,2.2604729285e+00
456.700000,1.0003710328e-03,2.7364576264e+00
456.750000,1.0006065489e-03,2.4969223978e+00
456.800000,1.0017750985e-03,2.7476253428e+00
456.850000,9.9928957112e-04,2.5337963533e+00
456.900000,9.9988724080e-04,2.5912557253e+00
456.950000,9.9863611179e-04,2.4582817540e+00
457.000000,1.0007214392e-03,2.4657345639e+00
457.050000,9.9802076848e-04,2.4409090779e+00
457.100000,9.9989378508e-04,2.5487404411e+00
457.150000,9.9882739849e-04,2.6241750568e+00
457.200000,1.0012177320e-03,2.6776989746e+00
457.250000,9.9872941569e-04,2.5766392662e+00
457.300000,9.9966017544e-04,2.5491475022e+00
457.350000,9.9926265146e-04,2.4940189489e+00
457.400000,9.9888005595e-04,2.4998980079e+00
457.450000,9.9961293531e-04,2.7274798103e+00
457.500000,9.9962018638e-04,2.4921533181e+00
457.550000,9.9945278528e-04,2.3296318267e+00
457.600000,1.0014665240e-03,2.6334808628e+00
457.650000,1.0004983894e-03,2.6941067174e+00
457.700000,9.9993810473e-04,2.4754354223e+00
457.750000,1.0003173664e-03,2.7802202203e+00
457.800000,9.9891658863e-04,2.4319126114e+00
457.850000,9.9844183774e-04,2.4624661682e+00
457.900000,1.0011603736e-03,2.4788189804e+00
457.950000,9.9952348883e-04,2.4011516201e+00
458.000000,1.0016212469e-03,2.5688122575e+00
458.050000,9.9928122993e-04,2.6127206916e+00
458.100000,1.0001280843e-03,2.1596945153e+00
458.150000,1.0010037798e-03,2.3815498706e+00
458.200000,1.0002861929e-03,2.7364066449e+00
458.250000,1.0008829734e-03,2.5959531648e+00
458.300000,1.0011925649e-03,2.3170198462e+00
458.350000,9.9930407935e-04,2.5832646399e+00
458.400000,9.9993241698e-04,2.6052695571e+00
458.450000,1.0001492588e-03,2.6962963259e+00
458.500000,1.0015747283e-03,2.3811754796e+00
458.550000,9.9957160527e-04,2.3552569179e+00
458.600000,9.9938466494e-04,2.3760747285e+00
458.650000,1.0007641007e-03,2.6220563645e+00
458.700000,9.9985997994e-04,2.5000532295e+00
458.750000,1.0005118712e-03,2.6854830575e+00
458.800000,9.9939408179e-04,2.6517238421e+00
458.850000,9.9900960637e-04,2.3753271940e+00
458.900000,9.9966972033e-04,2.5475296325e+00
458.950000,1.0003490437e-03,2.5361801133e+00
459.000000,9.9956853529e-04,2.4777169212e+00
459.050000,1.0004793773e-03,2.7501260538e+00
459.100000,1.0004635565e-03,2.4147149948e+00
459.150000,1.0002832329e-03,2.4947249623e+00
459.200000,9.9959963419e-04,2.6424096331e+00
459.250000,9.9959477060e-04,2.4332848063e+00
459.300000,9.9928308449e-04,2.5263301450e+00
459.350000,9.9979456229e-04,2.5916988229e+00
459.400000,1.0009640847e-03,2.4124841860e+00
459.450000,9.9971570224e-04,2.6890281939e+00
459.500000,1.0000491139e-03,2.5305289131e+00
459.550000,1.0010661218e-03,2.3428046703e+00
459.600000,1.0000076091e-03,2.6133151258e+00
459.650000,9.9924323338e-04,2.6203162277e+00
459.700000,1.0010115978e-03,2.5236306339e+00
459.750000,1.0021159577e-03,2.4649115438e+00
459.800000,9.9826846212e-04,2.4959422726e+00
459.850000,1.0016002620e-03,2.5276759752e+00
459.900000,9.9922574909e-04,2.7468540451e+00
459.950000,9.9939148538e-04,2.6189108139e+00
460.000000,1.0004341414e-03,2.4184176667e+00
460.050000,1.0011417771e-03,2.5836997643e+00
460.100000,1.0023285518e-03,2.4848228160e+00
460.150000,9.9997235508e-04,2.3793011082e+00
460.200000,9.9993803613e-04,2.7005669637e+00
460.250000,9.9984150780e-04,2.7425970066e+00
460.300000,9.9925907518e-04,2.6771322264e+00
460.350000,1.0005959994e-03,2.7564937328e+00
460.400000,1.0006573825e-03,2.6392813322e+00
460.450000,9.9939222569e-04,2.4593676211e+00
460.500000,1.0008446070e-03,2.5953693737e+00
460.550000,1.0000935680e-03,2.6960085330e+00
460.600000,1.0003928825e-03,2.4521737318e+00
460.650000,1.0008220567e-03,2.5029339657e+00
460.700000,9.9917675066e-04,2.3987750546e+00
460.750000,9.9903311188e-04,2.7341482566e+00
460.800000,9.9960933229e-04,2.5542216034e+00
460.850000,9.9978103351e-04,2.5225087652e+00
460.900000,9.9948040110e-04,2.3906371075e+00
460.950000,9.9915404795e-04,2.4055507576e+00
461.000000,1.0020477548e-03,2.5742171467e+00
461.050000,1.0016023050e-03,2.4293139963e+00
461.100000,9.9925488162e-04,2.4346765847e+00
461.150000,1.0003418474e-03,2.5090156507e+00
461.200000,1.0009408525e-03,2.4851510124e+00
461.250000,9.9990463852e-04,2.4319539757e+00
461.300000,1.0003117147e-03,2.3300010633e+00
461.350000,9.9971911866e-04,2.2259638366e+00
461.400000,9.9959097515e-04,2.4303178370e+00
461.450000,9.9940438813e-04,2.5402481200e+00
461.500000,1.0006659777e-03,2.4483115236e+00
461.550000,9.9820258715e-04,2.3244453370e+00
461.600000,9.9929799932e-04,2.5923036405e+00
461.650000,9.9920594690e-04,2.5362413482e+00
461.700000,1.0003743044e-03,2.5483578590e+00
461.750000,9.9919138058e-04,2.5291821958e+00
461.800000,1.0008511447e-03,2.3972438470e+00
461.850000,9.9980160144e-04,2.6898299813e+00
461.900000,9.9971522668e-04,2.2978968189e+00
461.950000,1.0024170820e-03,2.6092168165e+00
462.000000,1.0008308400e-03,2.3722205212e+00
462.050000,9.9953088733e-04,2.5263959695e+00
462.100000,9.9957622392e-04,2.4374432296e+00
462.150000,1.0010630748e-03,2.4271000006e+00
462.200000,1.0007329825e-03,2.5984136855e+00
462.250000,9.9950006051e-04,2.5452886901e+00
462.300000,9.9873549011e-04,2.4614125636e+00
462.350000,1.0004198648e-03,2.3446301849e+00
462.400000,9.9987651999e-04,2.7922028190e+00
462.450000,9.9908571694e-04,2.5430072653e+00
462.500000,9.9978923837e-04,2.3928806059e+00
462.550000,9.9843082314e-04,2.4174112798e+00
462.600000,9.9972453629e-04,2.7848154382e+00
462.650000,9.9904613756e-04,2.3404119351e+00
462.700000,1.0008416067e-03,2.6064072042e+00
462.750000,9.9963248993e-04,2.5850344317e+00
462.800000,1.0002781686e-03,2.5062976440e+00
462.850000,9.9998405798e-04,2.4968978301e+00
462.900000,1.0012247050e-03,2.3611246255e+00
462.950000,9.9900452778e-04,2.7421756302e+00
463.000000,1.0003274417e-03,2.5477654164e+00
463.050000,1.0002985966e-03,2.5651225844e+00
463.100000,9.9972038600e-04,2.5425272664e+00
463.150000,1.0013320851e-03,2.6576845492e+00
463.200000,9.9870389034e-04,2.5525753912e+00
463.250000,1.0000717237e-03,2.5513268479e+00
463.300000,1.0008524390e-03,2.6660836063e+00
463.350000,1.0025082393e-03,2.5704172710e+00
463.400000,1.0004579835e-03,2.5461626833e+00
463.450000,9.9928054142e-04,2.6695323368e+00
463.500000,9.9951036894e-04,2.5941124316e+00
463.550000,9.9870735096e-04,2.5225896780e+00
463.600000,1.0012227201e-03,2.6099931933e+00
463.650000,1.0021687040e-03,2.3790182946e+00
463.700000,9.9945507400e-04,2.4087622068e+00
463.750000,9.9899764174e-04,2.2976332532e+00
463.800000,1.0021466262e-03,2.5689233891e+00
463.850000,1.0000148264e-03,2.8843442743e+00
463.900000,1.0010818260e-03,2.4422423255e+00
463.950000,9.9886826613e-04,2.5913620891e+00
464.000000,9.9876517200e-04,2.6550848449e+00
464.050000,9.9832554527e-04,2.7628995807e+00
464.100000,1.0012474015e-03,2.2311588068e+00
464.150000,9.9929006918e-04,2.6160527964e+00
464.200000,1.0001773307e-03,2.4242261479e+00
464.250000,1.0019431435e-03,2.6181405323e+00
464.300000,9.9965362066e-04,2.7576275129e+00
464.350000,9.9956737421e-04,2.6136610268e+00
464.400000,9.9874348093e-04,2.6985021589e+00
464.450000,9.9958168423e-04,2.5274276153e+00
464.500000,1.0000530371e-03,2.3891356314e+00
464.550000,1.0004409959e-03,2.5286828270e+00
464.600000,9.9960487458e-04,2.6802839089e+00
464.650000,1.0001951106e-03,2.6008758532e+00
464.700000,9.9983609078e-04,2.4265030960e+00
464.750000,9.9894878062e-04,2.4428595261e+00
464.800000,1.0000996056e-03,2.6069055837e+00
464.850000,9.9968365838e-04,2.6078757626e+00
464.900000,1.0007055141e-03,2.4877727570e+00
464.950000,1.0006171384e-03,2.4632799936e+00
465.000000,9.9829557087e-04,2.5429686626e+00
465.050000,1.0015407023e-03,2.5746689169e+00
465.100000,9.9738393520e-04,2.5478201777e+00
465.150000,9.9931675658e-04,2.5727704450e+00
465.200000,1.0000496378e-03,2.5542197195e+00
465.250000,1.0001277353e-03,2.6041515717e+00
465.300000,9.9907428910e-04,2.6131238453e+00
465.350000,1.0008857070e-03,2.4246957720e+00
465.400000,9.9909481268e-04,2.3903086776e+00
465.450000,9.9906942818e-04,2.2774828398e+00
465.500000,1.0025580228e-03,2.1720576044e+00
465.550000,1.0002708263e-03,2.7798702906e+00
465.600000,9.9954197458e-04,2.5520794155e+00
465.650000,9.9905876245e-04,2.5146676338e+00
465.700000,9.9929654167e-04,2.6281927849e+00
465.750000,1.0005522286e-03,2.6375275840e+00
465.800000,1.0007553879e-03,2.6214412727e+00
465.850000,9.9975889878e-04,2.5190025158e+00
465.900000,1.0005767103e-03,2.2551547144e+00
465.950000,1.0001349178e-03,2.6905811415e+00
466.000000,1.0000012507e-03,2.5536988974e+00
466.050000,9.9981774782e-04,2.6964225165e+00
466.100000,1.0000795065e-03,2.6576036560e+00
466.150000,9.9947512261e-04,2.4599117490e+00
466.200000,1.0000885293e-03,2.3890631940e+00
466.250000,9.9942250232e-04,2.4094837852e+00
466.300000,9.9936907548e-04,2.7569012603e+00
466.350000,1.0014527293e-03,2.4458132242e+00
466.400000,9.9950249131e-04,2.4058834436e+00
466.450000,9.9987228860e-04,2.4817254803e+00
466.500000,1.0001887869e-03,2.5828210531e+00
466.550000,1.0008764326e-03,2.3410023075e+00
466.600000,1.0000169676e-03,2.2014134479e+00
466.650000,9.9823560192e-04,2.4722794931e+00
466.700000,1.0000316772e-03,2.3331543331e+00
466.750000,9.9984665752e-04,2.2706115365e+00
466.800000,9.9993266402e-04,2.5132677435e+00
466.850000,9.9971614759e-04,2.6376682165e+00
466.900000,9.9796220750e-04,2.4252931190e+00
466.950000,1.0008256922e-03,2.2119096517e+00
467.000000,1.0001024437e-03,2.5551823712e+00
467.050000,9.9913720354e-04,2.7101447274e+00
467.100000,9.9831717404e-04,2.4176686884e+00
467.150000,1.0009389992e-03,2.4811726673e+00
467.200000,9.9909945397e-04,2.3670343012e+00
467.250000,9.9930042692e-04,2.6741514037e+00
467.300000,1.0007421115e-03,2.6715226217e+00
467.350000,9.9833602546e-04,2.7087332008e+00
467.400000,9.9939654817e-04,2.4614340166e+00
467.450000,9.9815188160e-04,2.3705127741e+00
467.500000,1.0006429486e-03,2.6043476581e+00
467.550000,9.9932925896e-04,2.5562983433e+00
467.600000,9.9912506073e-04,2.5976199621e+00
467.650000,9.9993718258e-04,2.4993358897e+00
467.700000,1.0007836618e-03,2.4246135350e+00
467.750000,9.9817945620e-04,2.4097962299e+00
467.800000,1.0006373794e-03,2.3641723092e+00
467.850000,9.9896546150e-04,2.5645904490e+00
467.900000,9.9986152995e-04,2.4382086717e+00
467.950000,1.0000003586e-03,2.4794039496e+00
468.000000,1.0014755320e-03,2.4930514501e+00
468.050000,1.0000569750e-03,2.5592920304e+00
468.100000,1.0001885428e-03,2.4821707347e+00
468.150000,9.9988418208e-04,2.4933662314e+00
468.200000,1.0005647491e-03,2.3614749405e+00
468.250000,9.9956226583e-04,2.3150762377e+00
468.300000,9.9904836458e-04,2.2683555788e+00
468.350000,9.9870512927e-04,2.5152130696e+00
468.400000,1.0016181622e-03,2.6591244272e+00
468.450000,9.9904664442e-04,2.2797817152e+00
468.500000,9.9848659169e-04,2.4274143089e+00
468.550000,1.0013928471e-03,2.3100536591e+00
468.600000,9.9919175323e-04,2.6071068582e+00
468.650000,1.0000499677e-03,2.4509576229e+00
468.700000,9.9973461904e-04,2.4234997672e+00
468.750000,1.0021159432e-03,2.5551843688e+00
468.800000,9.9945869056e-04,2.6565091980e+00
468.850000,1.0000854136e-03,2.5733086975e+00
468.900000,9.9933617247e-04,2.5953328850e+00
468.950000,9.9891613846e-04,2.2926808890e+00
469.000000,1.0001178771e-03,2.5053508318e+00
469.050000,1.0007142116e-03,2.4988890987e+00
469.100000,1.0011487169e-03,2.4538400568e+00
469.150000,1.0014839015e-03,2.2514482522e+00
469.200000,9.9987379152e-04,2.4370900215e+00
469.250000,1.0000910465e-03,2.3794480800e+00
469.300000,9.9943819605e-04,2.5055978488e+00
469.350000,1.0016267184e-03,2.4797840657e+00
469.400000,1.0000492381e-03,2.5553197650e+00
469.450000,9.9937753554e-04,2.5810217895e+00
469.500000,1.0018258827e-03,2.4812358377e+00
469.550000,1.0005768317e-03,2.7859880150e+00
469.600000,9.9962451710e-04,2.5502067518e+00
469.650000,1.0008183399e-03,2.4969590397e+00
469.700000,1.0013271682e-03,2.4505092820e+00
469.750000,1.0012051801e-03,2.2772201594e+00
469.800000,1.0004606355e-03,2.4014218193e+00
469.850000,1.0010764080e-03,2.4650975793e+00
469.900000,9.9939753776e-04,2.6439121115e+00
469.950000,9.9933551567e-04,2.6447904586e+00
470.000000,1.0004109295e-03,2.5271173539e+00
470.050000,9.9950775672e-04,2.5504877076e+00
470.100000,1.0002743610e-03,2.4971249549e+00
470.150000,9.9928722130e-04,2.3525892287e+00
470.200000,9.9973928289e-04,2.4667591234e+00
470.250000,9.9878327428e-04,2.3631471259e+00
470.300000,9.9884704787e-04,2.5583691543e+00
470.350000,1.0011806524e-03,2.5734466834e+00
470.400000,1.0012081743e-03,2.5167247462e+00
470.450000,9.9882983502e-04,2.6298253779e+00
470.500000,1.0003391830e-03,2.6410860221e+00
470.550000,1.0003323059e-03,2.5063544461e+00
470.600000,1.0000621503e-03,2.6463349363e+00
470.650000,1.0002801083e-03,2.4831277914e+00
470.700000,1.0009424305e-03,2.5262241164e+00
470.750000,9.9988262824e-04,2.4946141326e+00
470.800000,9.9907421648e-04,2.6774173332e+00
470.850000,1.0000154188e-03,2.3825799664e+00
470.900000,1.0004812159e-03,2.6714500928e+00
470.950000,1.0013374876e-03,2.6561804432e+00
471.000000,1.0000428680e-03,2.4460380412e+00
471.050000,1.0004224850e-03,2.7828593096e+00
471.100000,9.9987905627e-04,2.2461213991e+00
471.150000,1.0020385082e-03,2.8331449107e+00
471.200000,1.0008798330e-03,2.6251066662e+00
471.250000,9.9966884347e-04,2.6229380493e+00
471.300000,9.9924404144e-04,2.5070179027e+00
471.350000,1.0003901165e-03,2.5044892708e+00
471.400000,1.0016601512e-03,2.2988622077e+00
471.450000,9.9929824196e-04,2.3606117822e+00
471.500000,1.0001437313e-03,2.2809429760e+00
471.550000,9.9870913999e-04,2.4298957070e+00
471.600000,9.9988494533e-04,2.4600677424e+00
471.650000,1.0005288370e-03,2.4688930266e+00
471.700000,9.9978946495e-04,2.4213465256e+00
471.750000,1.0003461949e-03,2.6549933964e+00
471.800000,1.0021514017e-03,2.5959598944e+00
471.850000,9.9851121971e-04,2.7069709268e+00
471.900000,1.0004914250e-03,2.6601758162e+00
471.950000,9.9984419276e-04,2.6382362614e+00
472.000000,9.9991305751e-04,2.5466106581e+00
472.050000,1.0000447729e-03,2.4397549422e+00
472.100000,9.9888783997e-04,2.5515574505e+00
472.150000,1.0011962818e-03,2.5163386643e+00
472.200000,1.0001701163e-03,2.5244150126e+00
472.250000,9.9909038338e-04,2.3043369161e+00
472.300000,1.0001525686e-03,2.4202287059e+00
472.350000,9.9857314852e-04,2.5216352177e+00
472.400000,1.0011425335e-03,2.4265566480e+00
472.450000,9.9851537865e-04,2.4798697362e+00
472.500000,1.0004928265e-03,2.3477302481e+00
472.550000,9.9936085132e-04,2.3320405081e+00
472.600000,1.0026998851e-03,2.5015160797e+00
472.650000,9.9874356528e-04,2.2153312978e+00
472.700000,9.9949315931e-04,2.5605847190e+00
472.750000,9.9906699429e-04,2.3439439650e+00
472.800000,9.9973541179e-04,2.6729273690e+00
472.850000,9.9880996391e-04,2.5193786759e+00
472.900000,1.0010654165e-03,2.6365535019e+00
472.950000,1.0013050309e-03,2.5497034257e+00
473.000000,9.9919549160e-04,2.6733741280e+00
473.050000,9.9919075682e-04,2.6505738392e+00
473.100000,1.0015239817e-03,2.7004762032e+00
473.150000,9.9969179659e-04,2.4802358698e+00
473.200000,9.9879037544e-04,2.4191919853e+00
473.250000,1.0002136851e-03,2.4766388833e+00
473.300000,9.9967407053e-04,2.5445027886e+00
473.350000,1.0001334583e-03,2.4974594813e+00
473.400000,9.9952079820e-04,2.4942231598e+00
473.450000,1.0006803218e-03,2.5326034567e+00
473.500000,1.0017054884e-03,2.4046635503e+00
473.550000,1.0007053074e-03,2.5680486352e+00
473.600000,1.0007347973e-03,2.4802531485e+00
473.650000,1.0006615859e-03,2.4149532896e+00
473.700000,9.9997944556e-04,2.7130158649e+00
473.750000,1.0014299019e-03,2.6656354596e+00
473.800000,1.0002636311e-03,2.4524520210e+00
473.850000,1.0003741417e-03,2.6391099563e+00
473.900000,1.0006647398e-03,2.3395534586e+00
473.950000,1.0006668921e-03,2.3137535548e+00
474.000000,1.0012483324e-03,2.4814160414e+00
474.050000,1.0008800921e-03,2.6081222477e+00
474.100000,1.0002641708e-03,2.7054048943e+00
474.150000,1.0020046917e-03,2.3998001783e+00
474.200000,1.0007508555e-03,2.2473111698e+00
474.250000,1.0005367359e-03,2.3976371738e+00
474.300000,1.0010950510e-03,2.5553987533e+00
474.350000,1.0015127374e-03,2.5439778967e+00
474.400000,9.9938693742e-04,2.7681482903e+00
474.450000,1.0005322571e-03,2.4300884510e+00
474.500000,9.9942227080e-04,2.7036369373e+00
474.550000,9.9954651728e-04,2.6690257151e+00
474.600000,9.9842961097e-04,2.4708596838e+00
474.650000,1.0005267363e-03,2.7253688883e+00
474.700000,9.9993186644e-04,2.3987462348e+00
474.750000,1.0007447585e-03,2.6477261737e+00
474.800000,1.0007744020e-03,2.4405363408e+00
474.850000,1.0015235482e-03,2.6293674394e+00
474.900000,9.9974532541e-04,2.6473906852e+00
474.950000,9.9797538055e-04,2.5068427650e+00
475.000000,1.0009363956e-03,2.6211267206e+00
475.050000,1.0003081005e-03,2.5783859964e+00
475.100000,9.9940009431e-04,2.4769554039e+00
475.150000,9.9897469497e-04,2.4775729838e+00
475.200000,1.0003414142e-03,2.6777960695e+00
475.250000,9.9994708089e-04,2.5285382457e+00
475.300000,9.9998028567e-04,2.5972304781e+00
475.350000,1.0005251198e-03,2.5622923486e+00
475.400000,9.9942575257e-04,2.2871532271e+00
475.450000,1.0009906420e-03,2.4553314431e+00
475.500000,1.0015165622e-03,2.5500436729e+00
475.550000,1.0003834310e-03,2.6931146325e+00
475.600000,9.9758361114e-04,2.5316378764e+00
475.650000,9.9832866798e-04,2.5280903186e+00
475.700000,9.9993906553e-04,2.4693948449e+00
475.750000,1.0015645933e-03,2.5244534237e+00
475.800000,1.0000484370e-03,2.4116250211e+00
475.850000,1.0015341464e-03,2.4072013746e+00
475.900000,9.9971430241e-04,2.3586777732e+00
475.950000,9.9962471009e-04,2.5065972523e+00
476.000000,1.0020676467e-03,2.4826130966e+00
476.050000,1.0010387680e-03,2.6123518546e+00
476.100000,1.0005269822e-03,2.6276971618e+00
476.150000,1.0014314150e-03,2.4096249526e+00
476.200000,9.9991930900e-04,2.6976389253e+00
476.250000,9.9995774796e-04,2.6230493781e+00
476.300000,1.0004451484e-03,2.5765719366e+00
476.350000,9.9869462404e-04,2.7432788048e+00
476.400000,9.9825004665e-04,2.6127397689e+00
476.450000,9.9937540190e-04,2.4090447656e+00
476.500000,1.0004398439e-03,2.3257497390e+00
476.550000,1.0000039885e-03,2.6792060691e+00
476.600000,9.9918888908e-04,2.5112208064e+00
476.650000,1.0000030905e-03,2.5345271224e+00
476.700000,9.9859019953e-04,2.4897394999e+00
476.750000,9.9992959422e-04,2.4219188846e+00
476.800000,1.0004385652e-03,2.3310251739e+00
476.850000,1.0014785660e-03,2.5827104543e+00
476.900000,1.0007449287e-03,2.5250163071e+00
476.950000,9.9853696538e-04,2.3696048778e+00
477.000000,1.0002646262e-03,2.3818306348e+00
477.050000,9.9907361681e-04,2.4951090056e+00
477.100000,9.9834125747e-04,2.3257230357e+00
477.150000,1.0006912664e-03,2.5302094307e+00
477.200000,1.0007704215e-03,2.4262587320e+00
477.250000,9.9892466983e-04,2.7436029773e+00
477.300000,1.0000863608e-03,2.3212237427e+00
477.350000,9.9995672445e-04,2.4943098284e+00
477.400000,9.9889605489e-04,2.4231831422e+00
477.450000,1.0007383795e-03,2.5209982154e+00
477.500000,1.0010577621e-03,2.3081972181e+00
477.550000,1.0005911381e-03,2.4236788056e+00
477.600000,9.9929725885e-04,2.3582214197e+00
477.650000,1.0009274376e-03,2.5028545979e+00
477.700000,1.0007740681e-03,2.3361546362e+00
477.750000,9.9860333005e-04,2.3863962229e+00
477.800000,1.0023184835e-03,2.5513286071e+00
477.850000,1.0013400221e-03,2.4639769587e+00
477.900000,9.9946179959e-04,2.5078022111e+00
477.950000,1.0008914099e-03,2.1889769642e+00
478.000000,1.0005096903e-03,2.3084434361e+00
478.050000,9.9899276058e-04,2.6011132395e+00
478.100000,9.9914156060e-04,2.5790923364e+00
478.150000,9.9938715177e-04,2.4627506820e+00
478.200000,9.9979497116e-04,2.6427111508e+00
478.250000,9.9991583092e-04,2.3672886980e+00
478.300000,1.0007728640e-03,2.1940218541e+00
478.350000,9.9925092921e-04,2.5516817550e+00
478.400000,9.9969523197e-04,2.4979569330e+00
478.450000,1.0008442891e-03,2.5839526184e+00
478.500000,1.0001863880e-03,2.4097835831e+00
478.550000,1.0000331226e-03,2.4140874120e+00
478.600000,1.0016290510e-03,2.5493162024e+00
478.650000,1.0007280210e-03,2.3185462285e+00
478.700000,1.0003146071e-03,2.5017159546e+00
478.750000,1.0001450517e-03,2.4062255176e+00
478.800000,9.9949625998e-04,2.5931682081e+00
478.850000,9.9929696033e-04,2.5016995604e+00
478.900000,1.0001523437e-03,2.5204237086e+00
478.950000,1.0017467877e-03,2.5944870502e+00
479.000000,9.9824817956e-04,2.5140662194e+00
479.050000,1.0000225711e-03,2.6055724673e+00
479.100000,9.9993770404e-04,2.4860782081e+00
479.150000,9.9795176692e-04,2.4971348583e+00
479.200000,1.0000637441e-03,2.3843342323e+00
479.250000,1.0010745770e-03,2.3949707398e+00
479.300000,9.9938484014e-04,2.6641861946e+00
479.350000,1.0018075891e-03,2.7205365786e+00
479.400000,1.0004296317e-03,2.4630333847e+00
479.450000,1.0013353614e-03,2.7120632665e+00
479.500000,1.0012035224e-03,2.6384046013e+00
479.550000,9.9991550132e-04,2.5244943728e+00
479.600000,9.9899561938e-04,2.4697472122e+00
479.650000,1.0002179912e-03,2.6373054035e+00
479.700000,1.0007252355e-03,2.5555179114e+00
479.750000,9.9989813996e-04,2.4535295173e+00
479.800000,9.9830224568e-04,2.4215725706e+00
479.850000,1.0006043657e-03,2.4854028537e+00
479.900000,9.9851520472e-04,2.7524758276e+00
479.950000,9.9829634561e-04,2.3564894261e+00
480.000000,1.0005332370e-03,2.5726203433e+00
480.050000,1.0002915112e-03,2.5830683773e+00
480.100000,9.9896130621e-04,2.5762100546e+00
480.150000,1.0011870255e-03,2.3799182991e+00
480.200000,9.9882699930e-04,2.6284733365e+00
480.250000,9.9970926410e-04,2.6365715703e+00
480.300000,1.0020971983e-03,2.4515665297e+00
480.350000,9.9961004625e-04,2.3706654328e+00
480.400000,9.9958534523e-04,2.6496803788e+00
480.450000,9.9911911747e-04,2.1558178680e+00
480.500000,9.9954927202e-04,2.4317463360e+00
480.550000,9.9985902932e-04,2.4341458151e+00
480.600000,1.0010217021e-03,2.4919876502e+00
480.650000,9.9912639170e-04,2.2953908171e+00
480.700000,9.9908105435e-04,2.3568952364e+00
480.750000,1.0001217148e-03,2.5022465100e+00
480.800000,1.0010052893e-03,2.3053664301e+00
480.850000,9.9940963337e-04,2.5003676687e+00
480.900000,1.0014411552e-03,2.4339226796e+00
480.950000,9.9979661582e-04,2.5336748653e+00
481.000000,1.0000322363e-03,2.7768722956e+00
481.050000,1.0006508379e-03,2.3570801310e+00
481.100000,1.0012116414e-03,2.4047971477e+00
481.150000,9.9930126069e-04,2.5857893097e+00
481.200000,9.9959807815e-04,2.6478198659e+00
481.250000,9.9901962778e-04,2.4180365585e+00
481.300000,9.9880854949e-04,2.6379672500e+00
481.350000,9.9942884669e-04,2.5490808166e+00
481.400000,9.9900134739e-04,2.5140948120e+00
481.450000,9.9965533572e-04,2.4337687737e+00
481.500000,9.9996900830e-04,2.4305028633e+00
481.550000,9.9984329502e-04,2.1754688556e+00
481.600000,9.9910367474e-04,2.4298774328e+00
481.650000,1.0005280694e-03,2.3174442241e+00
481.700000,1.0005138913e-03,2.4015161126e+00
481.750000,1.0007883362e-03,2.2356482754e+00
481.800000,1.0009219351e-03,2.5049524508e+00
481.850000,1.0002921857e-03,2.7647122083e+00
481.900000,1.0004693251e-03,2.8206243200e+00
481.950000,9.9891156909e-04,2.4270389506e+00
482.000000,9.9953166121e-04,2.5337779344e+00
482.050000,9.9894298562e-04,2.4456547775e+00
482.100000,9.9934097092e-04,2.5412103989e+00
482.150000,1.0006286642e-03,2.5249781027e+00
482.200000,1.0001320955e-03,2.6350110367e+00
482.250000,9.9909537823e-04,2.5511412167e+00
482.300000,1.0008827239e-03,2.6335609038e+00
482.350000,1.0007268841e-03,2.5450414018e+00
482.400000,1.0001430294e-03,2.4280954104e+00
482.450000,9.9907246297e-04,2.3409260386e+00
482.500000,9.9943276372e-04,2.5519386774e+00
482.550000,1.0006154853e-03,2.7372438623e+00
482.600000,9.9963580964e-04,2.5398328627e+00
482.650000,9.9883383132e-04,2.3855494035e+00
482.700000,1.0019767404e-03,2.5437036148e+00
482.750000,1.0005531553e-03,2.4002797072e+00
482.800000,1.0000091810e-03,2.6559522352e+00
482.850000,9.9884482399e-04,2.4492317201e+00
482.900000,1.0014720144e-03,2.3545302635e+00
482.950000,9.9931698170e-04,2.5102159300e+00
483.000000,9.9849832308e-04,2.4610205427e+00
483.050000,9.9916880869e-04,2.5213531238e+00
483.100000,9.9987843974e-04,2.4148861109e+00
483.150000,9.9981912542e-04,2.5775085816e+00
483.200000,9.9966577359e-04,2.4556634299e+00
483.250000,9.9930504161e-04,2.4633850607e+00
483.300000,1.0003379995e-03,2.7434698078e+00
483.350000,9.9868563680e-04,2.5545417498e+00
483.400000,1.0009688570e-03,2.4168932927e+00
483.450000,9.9985223561e-04,2.5106302653e+00
483.500000,9.9967479957e-04,2.6283055082e+00
483.550000,9.9912637204e-04,2.6280817215e+00
483.600000,9.9881096981e-04,2.4895885288e+00
483.650000,1.0005885064e-03,2.5752208037e+00
483.700000,9.9962458443e-04,2.4141669156e+00
483.750000,9.9948875080e-04,2.3623101017e+00
483.800000,1.0004776342e-03,2.5220960403e+00
483.850000,1.0003792326e-03,2.5660902934e+00
483.900000,9.9954413909e-04,2.3505122589e+00
483.950000,9.9999195265e-04,2.5750811949e+00
484.000000,1.0002451123e-03,2.3738108340e+00
484.050000,1.0014143345e-03,2.7585761780e+00
484.100000,1.0004689009e-03,2.5025786958e+00
484.150000,1.0008918011e-03,2.3927180729e+00
484.200000,9.9854122590e-04,2.5925731634e+00
484.250000,1.0001850300e-03,2.3915817824e+00
484.300000,9.9985839971e-04,2.3337247217e+00
484.350000,9.9968539710e-04,2.6551378932e+00
484.400000,9.9876627030e-04,2.4859779026e+00
484.450000,9.9994788330e-04,2.4900820386e+00
484.500000,1.0003062660e-03,2.5155791949e+00
484.550000,1.0007083936e-03,2.8943001640e+00
484.600000,1.0003395065e-03,2.5307987520e+00
484.650000,9.9991294176e-04,2.4530613996e+00
484.700000,9.9899071217e-04,2.4315804084e+00
484.750000,1.0005004214e-03,2.5123085566e+00
484.800000,1.0008539886e-03,2.4617041044e+00
484.850000,9.9977325684e-04,2.3340803601e+00
484.900000,9.9918635820e-04,2.1886325211e+00
484.950000,1.0017502720e-03,2.4616957047e+00
485.000000,1.0005825844e-03,2.5070446564e+00
485.050000,9.9908801253e-04,2.6322747512e+00
485.100000,9.9974977030e-04,2.5560847812e+00
485.150000,1.0000870860e-03,2.7310710438e+00
485.200000,1.0002342372e-03,2.6385876454e+00
485.250000,9.9892249537e-04,2.7375165986e+00
485.300000,1.0002100929e-03,2.4114732882e+00
485.350000,9.9870617217e-04,2.5135651221e+00
485.400000,1.0000519657e-03,2.4535458791e+00
485.450000,9.9970020258e-04,2.3034439540e+00
485.500000,1.0008358724e-03,2.7317379245e+00
485.550000,1.0016370523e-03,2.5996008707e+00
485.600000,1.0003358682e-03,2.4175734311e+00
485.650000,9.9881495258e-04,2.5090511240e+00
485.700000,9.9973972148e-04,2.3794362471e+00
485.750000,9.9952963986e-04,2.4132630019e+00
485.800000,1.0011946363e-03,2.5990774645e+00
485.850000,1.0004403670e-03,2.3616704194e+00
485.900000,1.0013781898e-03,2.5480611710e+00
485.950000,9.9949553975e-04,2.4498939890e+00
486.000000,9.9937152091e-04,2.4809866099e+00
486.050000,1.0008230115e-03,2.3158224836e+00
486.100000,9.9944674228e-04,2.5681625431e+00
486.150000,1.0013920718e-03,2.7926278997e+00
486.200000,1.0004139451e-03,2.4181621194e+00
486.250000,9.9911040971e-04,2.5636189604e+00
486.300000,1.0013175285e-03,2.4964247962e+00
486.350000,1.0004227961e-03,2.5340901475e+00
486.400000,1.0007386713e-03,2.4665846675e+00
486.450000,1.0002227971e-03,2.6220110775e+00
486.500000,1.0005133129e-03,2.5374284140e+00
486.550000,9.9925774465e-04,2.6530878271e+00
486.600000,1.0018709291e-03,2.5480144206e+00
486.650000,9.9992191233e-04,2.2437584935e+00
486.700000,1.0008272100e-03,2.4435974299e+00
486.750000,1.0000869359e-03,2.4506344599e+00
486.800000,9.9911993610e-04,2.4340440443e+00
486.850000,9.9934801000e-04,2.3225353610e+00
486.900000,1.0002807690e-03,2.5549250107e+00
486.950000,9.9973389595e-04,2.3538695437e+00
487.000000,1.0005636010e-03,2.5283648939e+00
487.050000,1.0000990726e-03,2.6996239141e+00
487.100000,9.9809713713e-04,2.5131392028e+00
487.150000,1.0010535505e-03,2.6741819022e+00
487.200000,1.0005480679e-03,2.5697778094e+00
487.250000,1.0010077663e-03,2.4523473130e+00
487.300000,1.0006927309e-03,2.2700541116e+00
487.350000,9.9991323451e-04,2.7142266136e+00
487.400000,9.9912059887e-04,2.8071461446e+00
487.450000,1.0001276661e-03,2.4864121068e+00
487.500000,1.0003075302e-03,2.7598552404e+00
487.550000,9.9935350025e-04,2.5671670841e+00
487.600000,9.9986245212e-04,2.5576250467e+00
487.650000,1.0007849636e-03,2.6721005295e+00
487.700000,9.9979710261e-04,2.5370356312e+00
487.750000,9.9885631847e-04,2.5922004749e+00
487.800000,1.0004424989e-03,2.3594653538e+00
487.850000,9.9988141194e-04,2.5428007788e+00
487.900000,9.9866190991e-04,2.5854582288e+00
487.950000,9.9922315164e-04,2.3374049894e+00
488.000000,9.9970458448e-04,2.5396907578e+00
488.050000,9.9810796423e-04,2.5793718781e+00
488.100000,9.9837829566e-04,2.3710279310e+00
488.150000,9.9937870559e-04,2.4961669665e+00
488.200000,9.9946441000e-04,2.7980089883e+00
488.250000,1.0012179566e-03,2.5201083884e+00
488.300000,9.9989672769e-04,2.8758261318e+00
488.350000,9.9856442286e-04,2.5429939935e+00
488.400000,9.9885554914e-04,2.5928825823e+00
488.450000,9.9824111710e-04,2.4318594750e+00
488.500000,9.9937999510e-04,2.4559631737e+00
488.550000,1.0008460038e-03,2.2319581926e+00
488.600000,9.9963941843e-04,2.5576383199e+00
488.650000,1.0007710368e-03,2.6879781992e+00
488.700000,1.0001152211e-03,2.4224204076e+00
488.750000,9.9894636488e-04,2.3452345886e+00
488.800000,1.0016509056e-03,2.5016906947e+00
488.850000,9.9933964555e-04,2.5290000875e+00
488.900000,1.0011969792e-03,2.5276466006e+00
488.950000,1.0010471747e-03,2.6506119259e+00
489.000000,1.0006923004e-03,2.2065848063e+00
489.050000,1.0016785453e-03,2.6345637687e+00
489.100000,1.0006974069e-03,2.3553298216e+00
489.150000,1.0002872058e-03,2.6341230765e+00
489.200000,1.0004464776e-03,2.5789845573e+00
489.250000,1.0000954538e-03,2.3263304490e+00
489.300000,1.0020112809e-03,2.6178912375e+00
489.350000,9.9827757211e-04,2.7077332742e+00
489.400000,9.9864711790e-04,2.5259270976e+00
489.450000,9.9797420515e-04,2.4241476888e+00
489.500000,9.9957407071e-04,2.6407092718e+00
489.550000,1.0002580291e-03,2.5515700796e+00
489.600000,1.0000512804e-03,2.5631816098e+00
489.650000,1.0002923345e-03,2.2785565901e+00
489.700000,9.9996762663e-04,2.4248006051e+00
489.750000,1.0014873068e-03,2.4756029584e+00
489.800000,1.0016592731e-03,2.6714182121e+00
489.850000,1.0005154473e-03,2.4803138824e+00
489.900000,9.9944566639e-04,2.5469541155e+00
489.950000,9.9917202134e-04,2.5106817934e+00
490.000000,1.0020636243e-03,2.4583388371e+00
490.050000,9.9969511177e-04,2.5192908543e+00
490.100000,1.0001523281e-03,2.6306045703e+00
490.150000,1.0006450827e-03,2.3635339220e+00
490.200000,9.9943602628e-04,2.4330286009e+00
490.250000,9.9995229669e-04,2.6855254284e+00
490.300000,9.9920795313e-04,2.6371977443e+00
490.350000,9.9978904798e-04,2.7081495111e+00
490.400000,1.0006960738e-03,2.3770926547e+00
490.450000,9.9915550273e-04,2.4337489151e+00
490.500000,9.9966174823e-04,2.4940121405e+00
490.550000,9.9851831905e-04,2.3615240315e+00
490.600000,1.0019001815e-03,2.4701179803e+00
490.650000,9.9918925784e-04,2.4649474453e+00
490.700000,1.0000415085e-03,2.5749395114e+00
490.750000,1.0002361111e-03,2.4651688934e+00
490.800000,1.0006183807e-03,2.3946005063e+00
490.850000,1.0015003339e-03,2.5033026298e+00
490.900000,1.0001310294e-03,2.5696253156e+00
490.950000,9.9795300392e-04,2.3563490432e+00
491.000000,9.9876239478e-04,2.7090190183e+00
491.050000,9.9903195063e-04,2.5652573548e+00
491.100000,9.9934143364e-04,2.6322274853e+00
491.150000,1.0014255383e-03,2.5353899177e+00
491.200000,1.0005302656e-03,2.5044757215e+00
491.250000,1.0005027129e-03,2.5396206538e+00
491.300000,9.9999317702e-04,2.4703414670e+00
491.350000,1.0004829552e-03,2.5195678045e+00
491.400000,1.0015260554e-03,2.5451782607e+00
491.450000,9.9978852200e-04,2.3470194439e+00
491.500000,9.9889841332e-04,2.5086559878e+00
491.550000,1.0008665525e-03,2.6606558505e+00
491.600000,9.9847843517e-04,2.6508801079e+00
491.650000,1.0008923535e-03,2.5634983069e+00
491.700000,1.0000480651e-03,2.5504187229e+00
491.750000,9.9882611568e-04,2.4419600156e+00
491.800000,9.9966076787e-04,2.7170913335e+00
491.850000,1.0001553379e-03,2.5234665795e+00
491.900000,1.0003780361e-03,2.5509054111e+00
491.950000,1.0004819351e-03,2.5498996161e+00
492.000000,1.0003936390e-03,2.2775491706e+00
492.050000,9.9918409461e-04,2.6590929386e+00
492.100000,9.9983572250e-04,2.4968138224e+00
492.150000,9.9938535301e-04,2.7918608422e+00
492.200000,9.9915464914e-04,2.6303482185e+00
492.250000,1.0018034698e-03,2.5742263967e+00
492.300000,1.0006390026e-03,2.5269043426e+00
492.350000,9.9820516688e-04,2.6036820846e+00
492.400000,1.0004137793e-03,2.4986495585e+00
492.450000,9.9952440469e-04,2.5422413047e+00
492.500000,9.9893494610e-04,2.4406774664e+00
492.550000,9.9903688506e-04,2.3412816995e+00
492.600000,9.9973142706e-04,2.2504482635e+00
492.650000,1.0008615902e-03,2.5164461444e+00
492.700000,9.9912395973e-04,2.4578387656e+00
492.750000,1.0008389986e-03,2.5680073266e+00
492.800000,1.0003931793e-03,2.5580740897e+00
492.850000,9.9895854815e-04,2.4708170562e+00
492.900000,9.9990775004e-04,2.3720869701e+00
492.950000,9.9959043784e-04,2.4936162133e+00
493.000000,1.0004419778e-03,2.4650705437e+00
493.050000,9.9990907581e-04,2.5260630085e+00
493.100000,9.9879917331e-04,2.4960729530e+00
493.150000,1.0004209539e-03,2.6176614025e+00
493.200000,9.9987370109e-04,2.4833041504e+00
493.250000,1.0023315696e-03,2.4757062263e+00
493.300000,9.9890664438e-04,2.4662504478e+00
493.350000,9.9999849391e-04,2.4140087142e+00
493.400000,9.9931180951e-04,2.5508144706e+00
493.450000,1.0002872582e-03,2.6713583967e+00
493.500000,1.0011458121e-03,2.4417421858e+00
493.550000,9.9907959983e-04,2.6137627654e+00
493.600000,9.9971848037e-04,2.6364938511e+00
493.650000,9.9981494797e-04,2.5514966045e+00
493.700000,9.9849369488e-04,2.5405991907e+00
493.750000,9.9984643510e-04,2.6327601615e+00
493.800000,1.0001401702e-03,2.5981657436e+00
493.850000,9.9922301674e-04,2.5332924432e+00
493.900000,1.0004671859e-03,2.5166851840e+00
493.950000,1.0014340634e-03,2.4934548885e+00
494.000000,1.0006056571e-03,2.4304182421e+00
494.050000,1.0018330400e-03,2.5208630708e+00
494.100000,9.9835730353e-04,2.3951845562e+00
494.150000,9.9886213577e-04,2.4938241518e+00
494.200000,9.9902590702e-04,2.4475062582e+00
494.250000,1.0000514498e-03,2.5275563143e+00
494.300000,9.9944393226e-04,2.5426310949e+00
494.350000,1.0005240338e-03,2.3082983603e+00
494.400000,9.9944496088e-04,2.5622771148e+00
494.450000,9.9979514286e-04,2.4757147354e+00
494.500000,1.0008490302e-03,2.5195327707e+00
494.550000,9.9786699310e-04,2.4870520983e+00
494.600000,1.0000578170e-03,2.4208292914e+00
494.650000,9.9825738458e-04,2.5503147726e+00
494.700000,9.9871483813e-04,2.5039627870e+00
494.750000,1.0013558534e-03,2.5025916119e+00
494.800000,9.9977377041e-04,2.5480129666e+00
494.850000,9.9963866599e-04,2.6516286630e+00
494.900000,1.0008917784e-03,2.3548701025e+00
494.950000,1.0006080161e-03,2.6435897923e+00
495.000000,1.0000369707e-03,2.4896725929e+00
495.050000,9.9990141015e-04,2.4202745609e+00
495.100000,9.9901977607e-04,2.6515371868e+00
495.150000,9.9973609083e-04,2.4446444859e+00
495.200000,1.0003881324e-03,2.6208908796e+00
495.250000,1.0001457501e-03,2.3379018810e+00
495.300000,1.0000251351e-03,2.6763791939e+00
495.350000,9.9998690138e-04,2.5876080252e+00
495.400000,9.9981803538e-04,2.5116945800e+00
495.450000,1.0010549127e-03,2.4141540118e+00
495.500000,9.9935054493e-04,2.5324253480e+00
495.550000,9.9956452082e-04,2.4136807911e+00
495.600000,9.9963433330e-04,2.5544465003e+00
495.650000,1.0005480032e-03,2.1456694077e+00
495.700000,9.9923266693e-04,2.5457414062e+00
495.750000,9.9899782163e-04,2.6244379267e+00
495.800000,9.9890969506e-04,2.4565128764e+00
495.850000,9.9816883291e-04,2.5300183892e+00
495.900000,9.9889787692e-04,2.6061298138e+00
495.950000,9.9821433746e-04,2.6593872662e+00
496.000000,1.0009532376e-03,2.5471066038e+00
496.050000,9.9990938353e-04,2.3542516175e+00
496.100000,9.9934260235e-04,2.5491680627e+00
496.150000,9.9999695835e-04,2.3132086920e+00
496.200000,1.0004932659e-03,2.4461524900e+00
496.250000,9.9926850280e-04,2.5708008855e+00
496.300000,1.0000390094e-03,2.6770727107e+00
496.350000,9.9964506985e-04,2.5624641156e+00
496.400000,1.0015844008e-03,2.5174593159e+00
496.450000,9.9803579654e-04,2.5084036758e+00
496.500000,9.9866807940e-04,2.5671900922e+00
496.550000,1.0006502348e-03,2.4300114873e+00
496.600000,9.9768231496e-04,2.1745701686e+00
496.650000,9.9994549682e-04,2.4364890900e+00
496.700000,1.0006757718e-03,2.5948944940e+00
496.750000,9.9955253601e-04,2.5545640969e+00
496.800000,9.9913081976e-04,2.4921104379e+00
496.850000,9.9919376696e-04,2.5892784294e+00
496.900000,1.0010162152e-03,2.6990826250e+00
496.950000,1.0001194980e-03,2.4416274630e+00
497.000000,9.9926515058e-04,2.4294358938e+00
497.050000,9.9834824804e-04,2.4945084710e+00
497.100000,1.0011644941e-03,2.7785954324e+00
497.150000,1.0007883310e-03,2.6632640803e+00
497.200000,9.9864751871e-04,2.5539903741e+00
497.250000,1.0009934165e-03,2.5138534338e+00
497.300000,1.0006010757e-03,2.4524299775e+00
497.350000,9.9907118491e-04,2.5480691353e+00
497.400000,9.9942851357e-04,2.5200693740e+00
497.450000,9.9975672455e-04,2.5090114696e+00
497.500000,1.0007213920e-03,2.5786950026e+00
497.550000,1.0007492250e-03,2.6938190751e+00
497.600000,1.0000369560e-03,2.4602583143e+00
497.650000,9.9942755910e-04,2.7780933976e+00
497.700000,1.0007747397e-03,2.8198124476e+00
497.750000,9.9869480343e-04,2.5005607021e+00
497.800000,9.9989424846e-04,2.5495073623e+00
497.850000,9.9929320973e-04,2.6603350317e+00
497.900000,9.9983814432e-04,2.6924256796e+00
497.950000,9.9924905374e-04,2.2952706125e+00
498.000000,9.9953340988e-04,2.5474786176e+00
498.050000,9.9851117005e-04,2.5598855147e+00
498.100000,9.9916100285e-04,2.4199938497e+00
498.150000,1.0000251379e-03,2.3959215237e+00
498.200000,1.0002447463e-03,2.4385051201e+00
498.250000,9.9919616406e-04,2.4614280523e+00
498.300000,9.9931923095e-04,2.4792844722e+00
498.350000,1.0013101245e-03,2.5774481844e+00
498.400000,9.9925766528e-04,2.3900038242e+00
498.450000,9.9997857397e-04,2.4657673661e+00
498.500000,1.0003654142e-03,2.6911462128e+00
498.550000,9.9977760183e-04,2.4763470732e+00
498.600000,1.0023981327e-03,2.6525309453e+00
498.650000,9.9678412255e-04,2.4919678639e+00
498.700000,1.0009182983e-03,2.6108838847e+00
498.750000,9.9898488325e-04,2.4927697244e+00
498.800000,1.0002661647e-03,2.6492664931e+00
498.850000,1.0004270550e-03,2.6662653238e+00
498.900000,9.9893482029e-04,2.6070462112e+00
498.950000,9.9965765829e-04,2.4216219120e+00
499.000000,9.9787055808e-04,2.7522373508e+00
499.050000,9.9968625137e-04,2.3731860467e+00
499.100000,1.0004902287e-03,2.4419612175e+00
499.150000,9.9965548311e-04,2.4799314164e+00
499.200000,1.0022750485e-03,2.6922163339e+00
499.250000,1.0013539067e-03,2.4957869465e+00
499.300000,1.0005516442e-03,2.5866195144e+00
499.350000,9.9974382715e-04,2.4617991552e+00
499.400000,9.9917745621e-04,2.3602148346e+00
499.450000,1.0006252033e-03,2.6485175891e+00
499.500000,1.0007023215e-03,2.4918031057e+00
499.550000,1.0003157723e-03,2.6270350439e+00
499.600000,1.0003203757e-03,2.5596482699e+00
499.650000,1.0010780188e-03,2.6412583074e+00
499.700000,9.9972736831e-04,2.6652753284e+00
499.750000,9.9962913781e-04,2.5116797128e+00
499.800000,9.9927403587e-04,2.3796859593e+00
499.850000,9.9807625078e-04,2.6537003591e+00
499.900000,9.9829795854e-04,2.5534751554e+00
499.950000,9.9937291409e-04,2.5237083413e+00
500.000000,1.0017342934e-03,2.3678546956e+00
500.050000,1.0004518528e-03,2.3303178917e+00
500.100000,1.0001965723e-03,2.6346519086e+00
500.150000,1.0003428440e-03,2.5160982955e+00
500.200000,1.0003870095e-03,2.3789318082e+00
500.250000,9.9988786150e-04,2.4477417140e+00
500.300000,9.9980438758e-04,2.5597179504e+00
500.350000,9.9834834625e-04,2.4385365890e+00
500.400000,1.0002364591e-03,2.5327350460e+00
500.450000,1.0001433153e-03,2.3099165949e+00
500.500000,9.9963130802e-04,2.3820312069e+00
500.550000,1.0005015396e-03,2.4130300734e+00
500.600000,9.9879488448e-04,2.4302987137e+00
500.650000,1.0001554793e-03,2.5023018979e+00
500.700000,9.9978210025e-04,2.3582883786e+00
500.750000,1.0002201776e-03,2.6700753753e+00
500.800000,9.9986359863e-04,2.6236904722e+00
500.850000,1.0015087438e-03,2.4400912691e+00
500.900000,9.9976383156e-04,2.5145730838e+00
500.950000,1.0001931931e-03,2.5131588445e+00
501.000000,9.9960191231e-04,2.6005760068e+00
501.050000,1.0000047234e-03,2.6281903478e+00
501.100000,1.0008800561e-03,2.6375174669e+00
501.150000,1.0005431206e-03,2.4178872408e+00
501.200000,9.9975595006e-04,2.4079713086e+00
501.250000,1.0014577198e-03,2.7163003870e+00
501.300000,9.9924981503e-04,2.5904553288e+00
501.350000,1.0001812825e-03,2.4579744514e+00
501.400000,9.9987423956e-04,2.6403142370e+00
501.450000,1.0000219274e-03,2.4854085991e+00
501.500000,1.0003961411e-03,2.5621919945e+00
501.550000,1.0010057934e-03,2.5438015619e+00
501.600000,9.9961148529e-04,2.5398540100e+00
501.650000,9.9961769472e-04,2.6629939328e+00
501.700000,1.0000162154e-03,2.5232130478e+00
501.750000,1.0007921265e-03,2.3907800772e+00
501.800000,1.0010064211e-03,2.6676067529e+00
501.850000,9.9843019029e-04,2.5261126606e+00
501.900000,1.0007494309e-03,2.4930890904e+00
501.950000,9.9998906198e-04,2.5957573053e+00
502.000000,9.9987320810e-04,2.5238199921e+00
502.050000,1.0022141298e-03,2.6051663011e+00
502.100000,1.0002257355e-03,2.4960595701e+00
502.150000,9.9766016659e-04,2.4258809168e+00
502.200000,9.9846323699e-04,2.3845337039e+00
502.250000,9.9977284815e-04,2.4731621644e+00
502.300000,9.9881908345e-04,2.5457135515e+00
502.350000,1.0001173037e-03,2.3230121186e+00
502.400000,1.0011379105e-03,2.3987457218e+00
502.450000,9.9804024125e-04,2.4964681564e+00
502.500000,1.0004228896e-03,2.5425982822e+00
502.550000,9.9980095645e-04,2.4905699501e+00
502.600000,9.9965285099e-04,2.5020773764e+00
502.650000,1.0003480347e-03,2.4049278912e+00
502.700000,9.9935504345e-04,2.4638926201e+00
502.750000,9.9901098656e-04,2.7714527123e+00
502.800000,9.9897579215e-04,2.4430557175e+00
502.850000,1.0016202791e-03,2.6406999502e+00
502.900000,9.9899722833e-04,2.6447965200e+00
502.950000,9.9978547709e-04,2.3765740701e+00
503.000000,1.0006683850e-03,2.8745318799e+00
503.050000,9.9803463401e-04,2.7155056408e+00
503.100000,1.0000715076e-03,2.5333573532e+00
503.150000,9.9924986466e-04,2.4936616989e+00
503.200000,9.9821962896e-04,2.7353824459e+00
503.250000,1.0021807977e-03,2.3898651456e+00
503.300000,9.9827363813e-04,2.5574065769e+00
503.350000,1.0009270026e-03,2.3113790596e+00
503.400000,9.9983572564e-04,2.7693557846e+00
503.450000,1.0008626083e-03,2.6374297627e+00
503.500000,9.9974734606e-04,2.3926235599e+00
503.550000,1.0004029936e-03,2.4211692475e+00
503.600000,9.9919506209e-04,2.3669529639e+00
503.650000,9.9972183540e-04,2.4291643591e+00
503.700000,9.9955420619e-04,2.4571032704e+00
503.750000,9.9932268620e-04,2.5146705899e+00
503.800000,9.9999890496e-04,2.4907491839e+00
503.850000,9.9926270903e-04,2.7720612330e+00
503.900000,9.9992049269e-04,2.6037261822e+00
503.950000,9.9892375670e-04,2.6337441063e+00
504.000000,1.0016470079e-03,2.5970885614e+00
504.050000,9.9942469104e-04,2.7777766608e+00
504.100000,1.0000901513e-03,2.4816331317e+00
504.150000,9.9980478171e-04,2.7090927032e+00
504.200000,9.9914486904e-04,2.5542338856e+00
504.250000,9.9986442160e-04,2.4568745498e+00
504.300000,9.9932568189e-04,2.6670769126e+00
504.350000,1.0009657721e-03,2.6279586387e+00
504.400000,9.9876046081e-04,2.3698235422e+00
504.450000,9.9878292819e-04,2.5862264337e+00
504.500000,9.9973155445e-04,2.6010745603e+00
504.550000,9.9964759484e-04,2.4918500558e+00
504.600000,1.0018519322e-03,2.4531038115e+00
504.650000,1.0009673725e-03,2.4400745666e+00
504.700000,9.9981537516e-04,2.3425889613e+00
504.750000,1.0004396583e-03,2.4812319346e+00
504.800000,1.0002950278e-03,2.5230929684e+00
504.850000,1.0010400567e-03,2.4031905122e+00
504.900000,1.0002452907e-03,2.6126009770e+00
504.950000,9.9994768444e-04,2.5528498763e+00
505.000000,9.9808157127e-04,2.4892699332e+00
505.050000,1.0013804105e-03,2.5258606350e+00
505.100000,9.9968316041e-04,2.3686700696e+00
505.150000,1.0003987811e-03,2.5935651764e+00
505.200000,1.0009486172e-03,2.6467277268e+00
505.250000,9.9931729838e-04,2.7245374869e+00
505.300000,9.9941044338e-04,2.5337134341e+00
505.350000,1.0000719432e-03,2.6733545384e+00
505.400000,9.9925246931e-04,2.4878137018e+00
505.450000,1.0008397478e-03,2.4579990964e+00
505.500000,9.9771606868e-04,2.5609219118e+00
505.550000,9.9800720714e-04,2.5806172251e+00
505.600000,9.9929381903e-04,2.4158961945e+00
505.650000,1.0019255666e-03,2.6448456413e+00
505.700000,1.0013767659e-03,2.6521900512e+00
505.750000,1.0000023103e-03,2.5775269415e+00
505.800000,1.0007239884e-03,2.5035756494e+00
505.850000,1.0006204723e-03,2.3830154648e+00
505.900000,9.9939312701e-04,2.8269694166e+00
505.950000,9.9859945293e-04,2.7306222986e+00
506.000000,9.9942796699e-04,2.3507271837e+00
506.050000,1.0005590090e-03,2.5200124425e+00
506.100000,1.0010359213e-03,2.3699588884e+00
506.150000,1.0001795399e-03,2.5303755463e+00
506.200000,9.9989700691e-04,2.5447857445e+00
506.250000,9.9855842071e-04,2.4433201741e+00
506.300000,9.9996867966e-04,2.4110778090e+00
506.350000,9.9848148242e-04,2.5006584019e+00
506.400000,1.0010555132e-03,2.5402862098e+00
506.450000,9.9965044076e-04,2.3773238255e+00
506.500000,9.9891581902e-04,2.3438403934e+00
506.550000,9.9996568918e-04,2.3650842128e+00
506.600000,9.9926742560e-04,2.5902984072e+00
506.650000,1.0006415903e-03,2.5864938618e+00
506.700000,1.0017751845e-03,2.4822764808e+00
506.750000,9.9960299495e-04,2.5137448325e+00
506.800000,1.0016361004e-03,2.5730414369e+00
506.850000,1.0003999462e-03,2.7396886434e+00
506.900000,1.0006641837e-03,2.4714374859e+00
506.950000,1.0002776507e-03,2.6217389308e+00
507.000000,9.9954532472e-04,2.5374057883e+00
507.050000,9.9996419808e-04,2.6538854835e+00
507.100000,1.0013748754e-03,2.6514651348e+00
507.150000,9.9954561587e-04,2.6538431469e+00
507.200000,1.0006982988e-03,2.4275354684e+00
507.250000,1.0001097196e-03,2.5546872378e+00
507.300000,9.9912626007e-04,2.7294421304e+00
507.350000,9.9865303235e-04,2.5862620449e+00
507.400000,9.9985969107e-04,2.5395787403e+00
507.450000,1.0008421497e-03,2.4798132750e+00
507.500000,9.9953915886e-04,2.6502669874e+00
507.550000,9.9972677088e-04,2.6211188563e+00
507.600000,1.0006465784e-03,2.6788618422e+00
507.650000,1.0009052213e-03,2.4649022759e+00
507.700000,1.0011206795e-03,2.6039972577e+00
507.750000,1.0013362037e-03,2.3909155070e+00
507.800000,9.9990412935e-04,2.6611144234e+00
507.850000,9.9953572354e-04,2.4352222816e+00
507.900000,1.0002219281e-03,2.5898381688e+00
507.950000,9.9890028287e-04,2.6767879337e+00
508.000000,9.9946651892e-04,2.5452555523e+00
508.050000,9.9965492203e-04,2.6616601644e+00
508.100000,1.0003157463e-03,2.4538665480e+00
508.150000,1.0010852314e-03,2.6580409311e+00
508.200000,9.9962164449e-04,2.3379427280e+00
508.250000,9.9871276177e-04,2.6291326231e+00
508.300000,1.0017551510e-03,2.5890511129e+00
508.350000,1.0010086820e-03,2.5737111594e+00
508.400000,1.0005603109e-03,2.5711689790e+00
508.450000,9.9881015611e-04,2.2840292528e+00
508.500000,1.0008498521e-03,2.4855346160e+00
508.550000,9.9811618634e-04,2.7217747239e+00
508.600000,9.9973224672e-04,2.4353321100e+00
508.650000,9.9836135660e-04,2.6812482082e+00
508.700000,9.9882232464e-04,2.8110899114e+00
508.750000,1.0001442010e-03,2.4329454572e+00
508.800000,9.9934044197e-04,2.4330141909e+00
508.850000,1.0017364257e-03,2.3470491629e+00
508.900000,9.9969042165e-04,2.5027386869e+00
508.950000,9.9971505557e-04,2.3032520181e+00
509.000000,9.9995213345e-04,2.2985546697e+00
509.050000,9.9740912490e-04,2.2988075275e+00
509.100000,1.0005644224e-03,2.6626960785e+00
509.150000,1.0004845303e-03,2.5167466076e+00
509.200000,1.0001625753e-03,2.5821875368e+00
509.250000,1.0003539102e-03,2.5440672125e+00
509.300000,1.0007880586e-03,2.5512415869e+00
509.350000,9.9890384465e-04,2.5219609159e+00
509.400000,1.0002961253e-03,2.6948092234e+00
509.450000,9.9975065061e-04,2.3383479896e+00
509.500000,9.9985633833e-04,2.5063237584e+00
509.550000,9.9987725829e-04,2.3998355863e+00
509.600000,1.0006703851e-03,2.4088664795e+00
509.650000,9.9949514041e-04,2.5025632062e+00
509.700000,9.9937649031e-04,2.8408771504e+00
509.750000,9.9844652668e-04,2.4970935933e+00
509.800000,9.9893352685e-04,2.6363276801e+00
509.850000,9.9949135384e-04,2.4448394633e+00
509.900000,1.0009885034e-03,2.6407332166e+00
509.950000,9.9936242591e-04,2.3255356891e+00
510.000000,1.0001433882e-03,2.3421315474e+00
510.050000,9.9885975840e-04,2.4441339701e+00
510.100000,9.9891490314e-04,2.4910618997e+00
510.150000,9.9957033384e-04,2.5564696232e+00
510.200000,1.0014638775e-03,2.4408198935e+00
510.250000,9.9976460891e-04,2.3039983155e+00
510.300000,1.0021161848e-03,2.6546812307e+00
510.350000,1.0008845347e-03,2.6916203709e+00
510.400000,1.0007262332e-03,2.4446343383e+00
510.450000,1.0014720684e-03,2.5283419824e+00
510.500000,9.9822934940e-04,2.4409336098e+00
510.550000,1.0006755010e-03,2.5856982152e+00
510.600000,1.0018459561e-03,2.7844571880e+00
510.650000,1.0016944192e-03,2.5323575908e+00
510.700000,9.9830706958e-04,2.5741420648e+00
510.750000,1.0008019579e-03,2.5484522066e+00
510.800000,9.9876371004e-04,2.5722926518e+00
510.850000,1.0002185550e-03,2.4151647539e+00
510.900000,1.0000941148e-03,2.5937170730e+00
510.950000,1.0019749442e-03,2.7483819955e+00
511.000000,9.9812295741e-04,2.4446497379e+00
511.050000,9.9925624069e-04,2.5280682632e+00
511.100000,1.0004890132e-03,2.5017000198e+00
511.150000,1.0008996456e-03,2.4817303591e+00
511.200000,1.0001647147e-03,2.6213025163e+00
511.250000,9.9757564119e-04,2.6811386488e+00
511.300000,1.0012343306e-03,2.4503297577e+00
511.350000,9.9940907445e-04,2.6857739530e+00
511.400000,1.0001899778e-03,2.6365507576e+00
511.450000,9.9759612769e-04,2.5517556433e+00
511.500000,9.9981534432e-04,2.5729564339e+00
511.550000,1.0007648962e-03,2.6053127832e+00
511.600000,1.0020519976e-03,2.4796560556e+00
511.650000,9.9984377413e-04,2.7353558505e+00
511.700000,9.9990069405e-04,2.3814385574e+00
511.750000,9.9920838309e-04,2.4451936138e+00
511.800000,1.0005482750e-03,2.4197399629e+00
511.850000,1.0006092167e-03,2.3520369035e+00
511.900000,1.0014661451e-03,2.5491517997e+00
511.950000,1.0018999651e-03,2.4918741874e+00
512.000000,9.9852002427e-04,2.4280848340e+00
512.050000,9.9985004669e-04,2.4656250828e+00
512.100000,9.9922723627e-04,2.5013263908e+00
512.150000,1.0002034776e-03,2.6129507601e+00
512.200000,1.0001168554e-03,2.4945635427e+00
512.250000,9.9964998706e-04,2.3554826918e+00
512.300000,1.0002269877e-03,2.6094467494e+00
512.350000,9.9997492402e-04,2.6302483783e+00
512.400000,9.9870325466e-04,2.2067029855e+00
512.450000,9.9824060957e-04,2.4877783736e+00
512.500000,9.9953704530e-04,2.5303020782e+00
512.550000,1.0006251324e-03,2.5026974037e+00
512.600000,1.0006569552e-03,2.4352696263e+00
512.650000,9.9954549500e-04,2.5681589671e+00
512.700000,1.0007164310e-03,2.4603493901e+00
512.750000,9.9880019452e-04,2.4408967367e+00
512.800000,9.9985243353e-04,2.6089163128e+00
512.850000,1.0001288743e-03,2.5147351906e+00
512.900000,9.9879901383e-04,2.6100917598e+00
512.950000,1.0015755341e-03,2.3564214830e+00
513.000000,9.9947722500e-04,2.6363697005e+00
513.050000,1.0008564867e-03,2.6796697812e+00
513.100000,9.9943225102e-04,2.5629539652e+00
513.150000,1.0010887755e-03,2.4895764164e+00
513.200000,1.0008587972e-03,2.3860427552e+00
513.250000,1.0000226012e-03,2.6205070206e+00
513.300000,9.9865986564e-04,2.6264849466e+00
513.350000,9.9901171664e-04,2.5042617477e+00
513.400000,9.9938025712e-04,2.5290392022e+00
513.450000,9.9892027052e-04,2.4357232348e+00
513.500000,9.9952291199e-04,2.3988374057e+00
513.550000,9.9966631993e-04,2.5487504975e+00
513.600000,1.0009231003e-03,2.4271964782e+00
513.650000,9.9823307324e-04,2.3449580530e+00
513.700000,9.9994165747e-04,2.5196760930e+00
513.750000,9.9948535806e-04,2.5656629535e+00
513.800000,9.9978110882e-04,2.4740081298e+00
513.850000,9.9864218492e-04,2.5377802926e+00
513.900000,1.0014837194e-03,2.7479947013e+00
513.950000,9.9992546290e-04,2.4074253514e+00
514.000000,1.0015112091e-03,2.4851382549e+00
514.050000,9.9985168048e-04,2.4626363356e+00
514.100000,1.0003184582e-03,2.5781372098e+00
514.150000,1.0000162901e-03,2.7625248555e+00
514.200000,1.0015837009e-03,2.5636917576e+00
514.250000,9.9930243778e-04,2.4881867786e+00
514.300000,1.0019708679e-03,2.4960726190e+00
514.350000,9.9947459925e-04,2.4154079366e+00
514.400000,9.9973845411e-04,2.5706041825e+00
514.450000,1.0007381651e-03,2.6031308387e+00
514.500000,9.9955186717e-04,2.1472278043e+00
514.550000,1.0005983983e-03,2.4537009265e+00
514.600000,9.9926277713e-04,2.3853831669e+00
514.650000,9.9928882311e-04,2.5950832091e+00
514.700000,9.9952390070e-04,2.7767051954e+00
514.750000,9.9880980983e-04,2.5426313750e+00
514.800000,9.9997981630e-04,2.5836154514e+00
514.850000,1.0003276499e-03,2.5634886420e+00
514.900000,9.9902569592e-04,2.4626030751e+00
514.950000,1.0009680398e-03,2.4543442056e+00
515.000000,9.9980244802e-04,2.3640184240e+00
515.050000,9.9942962338e-04,2.5461096929e+00
515.100000,1.0010418172e-03,2.4072230295e+00
515.150000,1.0003777936e-03,2.5526684661e+00
515.200000,9.9990114146e-04,2.6478341933e+00
515.250000,1.0005121564e-03,2.4643863063e+00
515.300000,9.9868448368e-04,2.6257587773e+00
515.350000,9.9983493738e-04,2.5677455186e+00
515.400000,1.0003693994e-03,2.5536751083e+00
515.450000,9.9993502647e-04,2.4109507845e+00
515.500000,9.9930740285e-04,2.6719215646e+00
515.550000,1.0001259065e-03,2.3300743709e+00
515.600000,1.0000836428e-03,2.4385973491e+00
515.650000,9.9826440869e-04,2.4310916350e+00
515.700000,1.0006098399e-03,2.3512874420e+00
515.750000,9.9972627186e-04,2.3250120486e+00
515.800000,9.9897800906e-04,2.4661040205e+00
515.850000,1.0016505778e-03,2.4027429406e+00
515.900000,9.9872489669e-04,2.4243302314e+00
515.950000,1.0002455510e-03,2.4815099964e+00
516.000000,1.0013322214e-03,2.5005913498e+00
516.050000,9.9912842905e-04,2.4143493505e+00
516.100000,9.9944271033e-04,2.6924012032e+00
516.150000,1.0025398772e-03,2.6146545749e+00
516.200000,1.0006502837e-03,2.5973832485e+00
516.250000,9.9882227127e-04,2.6185252013e+00
516.300000,9.9854130225e-04,2.4731971572e+00
516.350000,9.9981256198e-04,2.6867770903e+00
516.400000,1.0030503257e-03,2.4193154781e+00
516.450000,9.9991380036e-04,2.6441291485e+00
516.500000,1.0007842447e-03,2.5678866015e+00
516.550000,1.0008101675e-03,2.7586607666e+00
516.600000,1.0000738863e-03,2.5464206293e+00
516.650000,1.0000504766e-03,2.6402322048e+00
516.700000,9.9860879502e-04,2.6784946293e+00
516.750000,1.0006906251e-03,2.3654618768e+00
516.800000,9.9989208761e-04,2.4321546068e+00
516.850000,9.9869080083e-04,2.5984338348e+00
516.900000,9.9826355741e-04,2.6565080543e+00
516.950000,9.9937268686e-04,2.5659254239e+00
517.000000,1.0010756848e-03,2.4302651621e+00
517.050000,9.9981515637e-04,2.6246665256e+00
517.100000,9.9959630553e-04,2.5177477972e+00
517.150000,9.9926742338e-04,2.1544348792e+00
517.200000,9.9889067082e-04,2.4167670836e+00
517.250000,1.0003476817e-03,2.4657428582e+00
517.300000,1.0013546122e-03,2.5269125947e+00
517.350000,9.9995534258e-04,2.4081259396e+00
517.400000,9.9970253824e-04,2.5595554007e+00
517.450000,9.9951847871e-04,2.5490908625e+00
517.500000,1.0003292587e-03,2.6794186153e+00
517.550000,9.9786227827e-04,2.4957270860e+00
517.600000,9.9859091647e-04,2.5212523785e+00
517.650000,1.0005528375e-03,2.6042580271e+00
517.700000,9.9817194928e-04,2.5155133522e+00
517.750000,9.9803801410e-04,2.4128881673e+00
517.800000,9.9815533633e-04,2.6977688899e+00
517.850000,1.0011730316e-03,2.4068043862e+00
517.900000,1.0008318776e-03,2.7530065570e+00
517.950000,1.0007397104e-03,2.4169087107e+00
518.000000,9.9918958701e-04,2.4983148191e+00
518.050000,1.0012242762e-03,2.5345644555e+00
518.100000,1.0017165427e-03,2.6015117971e+00
518.150000,9.9797331146e-04,2.6721774722e+00
518.200000,1.0008201381e-03,2.4488671911e+00
518.250000,9.9940998923e-04,2.5109202992e+00
518.300000,9.9869611890e-04,2.3137092273e+00
518.350000,9.9950257301e-04,2.2666560631e+00
518.400000,1.0000773240e-03,2.3987787296e+00
518.450000,1.0007270061e-03,2.5652102098e+00
518.500000,1.0006834849e-03,2.6940409941e+00
518.550000,1.0020012535e-03,2.4570663399e+00
518.600000,1.0011275877e-03,2.2765199778e+00
518.650000,9.9967037526e-04,2.5391323896e+00
518.700000,1.0000678827e-03,2.4121393188e+00
518.750000,9.9962195286e-04,2.6311003534e+00
518.800000,9.9962503909e-04,2.5297358150e+00
518.850000,9.9929968036e-04,2.5503213784e+00
518.900000,9.9975829204e-04,2.5175111856e+00
518.950000,9.9915380925e-04,2.6432460120e+00
519.000000,1.0010160789e-03,2.2614900843e+00
519.050000,9.9969109773e-04,2.5318477633e+00
519.100000,9.9988537482e-04,2.6003387584e+00
519.150000,9.9958545019e-04,2.3113324443e+00
519.200000,9.9836392350e-04,2.3911026991e+00
519.250000,9.9903425584e-04,2.6755204069e+00
519.300000,9.9980330540e-04,2.4589682504e+00
519.350000,9.9826720946e-04,2.7184594740e+00
519.400000,9.9961822764e-04,2.8941930395e+00
519.450000,1.0012048129e-03,2.5465787492e+00
519.500000,9.9893955906e-04,2.5328444689e+00
519.550000,1.0032324201e-03,2.7279567943e+00
519.600000,9.9804896329e-04,2.3972617884e+00
519.650000,9.9943509591e-04,2.6305003496e+00
519.700000,1.0007544665e-03,2.7977835803e+00
519.750000,1.0010061953e-03,2.5551271882e+00
519.800000,1.0005253328e-03,2.5125645944e+00
519.850000,9.9989462286e-04,2.4882766123e+00
519.900000,1.0008362608e-03,2.4248772113e+00
519.950000,9.9840612442e-04,2.5621404904e+00
520.000000,1.0008596294e-03,2.5978318572e+00
520.050000,1.0011069925e-03,2.3434747072e+00
520.100000,9.9992464885e-04,2.3386294973e+00
520.150000,9.9980456615e-04,2.3446373679e+00
520.200000,9.9978364681e-04,2.5733003986e+00
520.250000,9.9958396467e-04,2.4998123211e+00
520.300000,1.0007463517e-03,2.6961264898e+00
520.350000,9.9919525819e-04,2.3442493938e+00
520.400000,9.9972080005e-04,2.5052913385e+00
520.450000,1.0007664148e-03,2.5559435732e+00
520.500000,1.0006892375e-03,2.4780369560e+00
520.550000,1.0001632725e-03,2.2646184996e+00
520.600000,9.9856782888e-04,2.3473253289e+00
520.650000,1.0013862467e-03,2.4223633086e+00
520.700000,1.0005540248e-03,2.5786690131e+00
520.750000,1.0001020958e-03,2.3135535911e+00
520.800000,1.0002068719e-03,2.5744994733e+00
520.850000,9.9881947487e-04,2.3673304195e+00
520.900000,1.0029650849e-03,2.3965587159e+00
520.950000,1.0009291268e-03,2.3124275235e+00
521.000000,1.0000411462e-03,2.5794703995e+00
521.050000,1.0003452909e-03,2.2661865463e+00
521.100000,9.9852956508e-04,2.5787641302e+00
521.150000,9.9973623073e-04,2.5733280188e+00
521.200000,1.0006088327e-03,2.2961251056e+00
521.250000,1.0002825796e-03,2.5414042161e+00
521.300000,1.0002033655e-03,2.5571453213e+00
521.350000,1.0010382927e-03,2.5015433627e+00
521.400000,9.9995741896e-04,2.6074197711e+00
521.450000,1.0001695215e-03,2.4698938486e+00
521.500000,1.0008371508e-03,2.3710766072e+00
521.550000,9.9881506224e-04,2.6052738690e+00
521.600000,1.0010071709e-03,2.4227116904e+00
521.650000,1.0011613375e-03,2.4865888559e+00
521.700000,9.9785256641e-04,2.5226593102e+00
521.750000,1.0006083791e-03,2.4162527744e+00
521.800000,1.0000437375e-03,2.6367670991e+00
521.850000,1.0008591846e-03,2.7095227582e+00
521.900000,1.0004179566e-03,2.3662951839e+00
521.950000,9.9785311720e-04,2.4768122245e+00
522.000000,1.0010379138e-03,2.4059687449e+00
522.050000,1.0002403321e-03,2.4444238791e+00
522.100000,9.9965701139e-04,2.3660636156e+00
522.150000,9.9997171060e-04,2.4341852283e+00
522.200000,9.9995432566e-04,2.4902809993e+00
522.250000,9.9892042638e-04,2.7666049698e+00
522.300000,9.9903805685e-04,2.3597291571e+00
522.350000,9.9905533684e-04,2.3641813101e+00
522.400000,9.9818775632e-04,2.5867411749e+00
522.450000,1.0006471750e-03,2.5469416174e+00
522.500000,9.9912792219e-04,2.4083376878e+00
522.550000,9.9967737795e-04,2.4388948439e+00
522.600000,1.0011676736e-03,2.4747910247e+00
522.650000,1.0001138068e-03,2.5616187253e+00
522.700000,9.9763075573e-04,2.5841296090e+00
522.750000,1.0004762141e-03,2.5026882637e+00
522.800000,1.0006315686e-03,2.3923895549e+00
522.850000,9.9974829247e-04,2.6108183009e+00
522.900000,9.9975338240e-04,2.7248749869e+00
522.950000,1.0004717197e-03,2.6187195052e+00
523.000000,9.9998192056e-04,2.4853149572e+00
523.050000,1.0013352632e-03,2.7317084704e+00
523.100000,9.9872667085e-04,2.5067815264e+00
523.150000,9.9872467773e-04,2.3566232785e+00
523.200000,1.0001401113e-03,2.5606873585e+00
523.250000,1.0003959131e-03,2.5961052247e+00
523.300000,1.0002274660e-03,2.4188350102e+00
523.350000,1.0005817795e-03,2.3062050256e+00
523.400000,1.0008285675e-03,2.6208817079e+00
523.450000,1.0007397239e-03,2.4970194531e+00
523.500000,1.0007009937e-03,2.7544453546e+00
523.550000,1.0013645549e-03,2.4568781978e+00
523.600000,9.9906656584e-04,2.3333271164e+00
523.650000,1.0018496830e-03,2.6040431197e+00
523.700000,9.9923957797e-04,2.5414443169e+00
523.750000,9.9957728330e-04,2.6711051079e+00
523.800000,9.9990554866e-04,2.5042858942e+00
523.850000,9.9871971558e-04,2.2945702184e+00
523.900000,9.9901307635e-04,2.5119981553e+00
523.950000,1.0009008275e-03,2.3013305432e+00
524.000000,9.9851954334e-04,2.4749406486e+00
524.050000,1.0015271462e-03,2.4958066320e+00
524.100000,1.0014310985e-03,2.4198983247e+00
524.150000,9.9978385127e-04,2.3952737579e+00
524.200000,1.0008008657e-03,2.4378806830e+00
524.250000,9.9924881163e-04,2.7162125683e+00
524.300000,1.0002023537e-03,2.3102756232e+00
524.350000,1.0005066915e-03,2.4014190030e+00
524.400000,1.0003440535e-03,2.5227379939e+00
524.450000,9.9929225552e-04,2.3650439288e+00
524.500000,9.9935624308e-04,2.4502411517e+00
524.550000,1.0009428519e-03,2.3564961418e+00
524.600000,9.9945419017e-04,2.6366644056e+00
524.650000,1.0005197785e-03,2.3860238406e+00
524.700000,9.9975429432e-04,2.3805978857e+00
524.750000,1.0006222871e-03,2.3999921946e+00
524.800000,1.0011062023e-03,2.6825991315e+00
524.850000,1.0010034152e-03,2.5035147633e+00
524.900000,9.9850657574e-04,2.6904573347e+00
524.950000,1.0025944399e-03,2.3754318047e+00
525.000000,1.0010100424e-03,2.4378817588e+00
525.050000,1.0010043323e-03,2.4589143974e+00
525.100000,1.0000324728e-03,2.4874654490e+00
525.150000,9.9987727110e-04,2.3443231712e+00
525.200000,9.9984419733e-04,2.4577272504e+00
525.250000,1.0008195680e-03,2.5064285752e+00
525.300000,1.0038046839e-03,2.3822570573e+00
525.350000,1.0006804027e-03,2.4626070543e+00
525.400000,9.9931661257e-04,2.5004945614e+00
525.450000,1.0019043479e-03,2.3764913230e+00
525.500000,1.0001445816e-03,2.7018886226e+00
525.550000,9.9980851802e-04,2.3648218170e+00
525.600000,9.9829993667e-04,2.5949287818e+00
525.650000,9.9985817451e-04,2.4869649804e+00
525.700000,9.9919053274e-04,2.5754182509e+00
525.750000,1.0017824374e-03,2.4225462192e+00
525.800000,9.9986687404e-04,2.3711914775e+00
525.850000,9.9983737363e-04,2.4690594492e+00
525.900000,1.0018781236e-03,2.2858169821e+00
525.950000,9.9939246580e-04,2.3699883997e+00
526.000000,9.9902989014e-04,2.5279411160e+00
526.050000,9.9875841939e-04,2.5744377920e+00
526.100000,9.9991310496e-04,2.5729866762e+00
526.150000,9.9870708399e-04,2.4066063129e+00
526.200000,9.9887041472e-04,2.7326293593e+00
526.250000,1.0003169967e-03,2.5063549054e+00
526.300000,9.9780831343e-04,2.3568289572e+00
526.350000,9.9932219102e-04,2.6102533191e+00
526.400000,1.0005315649e-03,2.5692756534e+00
526.450000,1.0002743807e-03,2.6000651615e+00
526.500000,9.9877709959e-04,2.4008071016e+00
526.550000,1.0003755296e-03,2.4288212335e+00
526.600000,1.0007984343e-03,2.4660277627e+00
526.650000,9.9957176371e-04,2.5628073153e+00
526.700000,9.9921769699e-04,2.6357666584e+00
526.750000,9.9973880769e-04,2.4956726586e+00
526.800000,9.9934402046e-04,2.6700211170e+00
526.850000,1.0004956147e-03,2.3669108611e+00
526.900000,9.9956182050e-04,2.5422638154e+00
526.950000,1.0005263437e-03,2.5170357943e+00
527.000000,9.9966584611e-04,2.5744481016e+00
527.050000,1.0028993994e-03,2.3589784397e+00
527.100000,1.0005159860e-03,2.3608739126e+00
527.150000,9.9869243833e-04,2.2041750435e+00
527.200000,1.0003046638e-03,2.4545742649e+00
527.250000,9.9854538832e-04,2.6976735289e+00
527.300000,1.0002185039e-03,2.4734810389e+00
527.350000,1.0001942616e-03,2.4700300552e+00
527.400000,1.0025635838e-03,2.2936587991e+00
527.450000,9.9980571593e-04,2.3976116487e+00
527.500000,9.9912546653e-04,2.7224104621e+00
527.550000,9.9907322825e-04,2.5279824032e+00
527.600000,9.9863646472e-04,2.4821375916e+00
527.650000,1.0007707852e-03,2.5404243777e+00
527.700000,1.0000194159e-03,2.4462189133e+00
527.750000,1.0003865527e-03,2.7795923464e+00
527.800000,1.0001242046e-03,2.2892468566e+00
527.850000,9.9998835264e-04,2.4753179713e+00
527.900000,9.9940639300e-04,2.4582986324e+00
527.950000,9.9860251154e-04,2.5471010482e+00
528.000000,1.0002765616e-03,2.4719165018e+00
528.050000,1.0023460341e-03,2.3216424397e+00
528.100000,9.9958923483e-04,2.4321204529e+00
528.150000,1.0000589115e-03,2.2964214674e+00
528.200000,9.9929235228e-04,2.6625566268e+00
528.250000,9.9902566428e-04,2.4590856079e+00
528.300000,1.0006611313e-03,2.4373637709e+00
528.350000,9.9899436915e-04,2.4725390159e+00
528.400000,1.0008635288e-03,2.6249792979e+00
528.450000,1.0000229935e-03,2.7943197032e+00
528.500000,9.9930349671e-04,2.5071537774e+00
528.550000,9.9934614886e-04,2.7426487532e+00
528.600000,9.9973265026e-04,2.5699643252e+00
528.650000,9.9943159794e-04,2.6379640031e+00
528.700000,1.0015503673e-03,2.4071876608e+00
528.750000,9.9951750331e-04,2.5720579113e+00
528.800000,9.9992714938e-04,2.5461065879e+00
528.850000,1.0012814849e-03,2.6664769798e+00
528.900000,1.0028124656e-03,2.3605019856e+00
528.950000,1.0014849559e-03,2.6254602278e+00
529.000000,9.9972285504e-04,2.5913199573e+00
529.050000,1.0000180738e-03,2.5475135227e+00
529.100000,1.0005406680e-03,2.5236113580e+00
529.150000,9.9861020467e-04,2.3346752391e+00
529.200000,1.0015457027e-03,2.4562592804e+00
529.250000,9.9841919807e-04,2.5912846782e+00
529.300000,9.9937362696e-04,2.4444011958e+00
529.350000,9.9876361088e-04,2.4954157514e+00
529.400000,1.0001806692e-03,2.6469172259e+00
529.450000,9.9985609714e-04,2.4451931975e+00
529.500000,9.9989887622e-04,2.4653677896e+00
529.550000,1.0018337524e-03,2.2935948386e+00
529.600000,9.9864161278e-04,2.6425834784e+00
529.650000,1.0010955366e-03,2.2156887543e+00
529.700000,1.0009986072e-03,2.2593392320e+00
529.750000,1.0000566868e-03,2.7793349049e+00
529.800000,1.0002653065e-03,2.7835629823e+00
529.850000,9.9952088126e-04,2.4119473642e+00
529.900000,1.0030343063e-03,2.6267899582e+00
529.950000,9.9947647128e-04,2.6297592284e+00
530.000000,9.9913299765e-04,2.7531725818e+00
530.050000,1.0007244753e-03,2.4302763254e+00
530.100000,9.9931633649e-04,2.5485731306e+00
530.150000,1.0001400298e-03,2.3484436951e+00
530.200000,1.0016725039e-03,2.4602393947e+00
530.250000,1.0002239281e-03,2.2739601983e+00
530.300000,1.0004173600e-03,2.4782631169e+00
530.350000,1.0008782949e-03,2.3471589728e+00
530.400000,9.9934795512e-04,2.4952031010e+00
530.450000,9.9959361952e-04,2.4196213574e+00
530.500000,1.0007535145e-03,2.5151914677e+00
530.550000,9.9857849135e-04,2.2302228130e+00
530.600000,1.0004782775e-03,2.5142555385e+00
530.650000,1.0010373777e-03,2.5645633399e+00
530.700000,1.0006676183e-03,2.5121538101e+00
530.750000,9.9961719906e-04,2.1443274441e+00
530.800000,1.0002424951e-03,2.6402812729e+00
530.850000,9.9906591260e-04,2.3690804423e+00
530.900000,9.9984251132e-04,2.5332685953e+00
530.950000,9.9887945497e-04,2.5257395946e+00
531.000000,9.9865267136e-04,2.6228732337e+00
531.050000,9.9789111161e-04,2.3264382924e+00
531.100000,9.9973304115e-04,2.5365932093e+00
531.150000,9.9998072521e-04,2.3965437148e+00
531.200000,1.0007201198e-03,2.5949421882e+00
531.250000,1.0001764191e-03,2.2216564121e+00
531.300000,9.9960977416e-04,2.4150668854e+00
531.350000,9.9938700519e-04,2.4984640279e+00
531.400000,9.9709065644e-04,2.5408420819e+00
531.450000,9.9981226383e-04,2.5191702569e+00
531.500000,1.0010838087e-03,2.5546741096e+00
531.550000,1.0008392231e-03,2.4312879202e+00
531.600000,9.9830978968e-04,2.4844344054e+00
531.650000,9.9929896315e-04,2.3670682294e+00
531.700000,1.0006697838e-03,2.6563573711e+00
531.750000,1.0015566999e-03,2.5248956526e+00
531.800000,9.9871541228e-04,2.6722674907e+00
531.850000,1.0019968698e-03,2.7374682524e+00
531.900000,9.9978791073e-04,2.4418338410e+00
531.950000,9.9875932110e-04,2.6114940585e+00
532.000000,9.9935861925e-04,2.7424632586e+00
532.050000,9.9927240643e-04,2.7862931182e+00
532.100000,1.0006056703e-03,2.5635382189e+00
532.150000,1.0003762475e-03,2.7010361899e+00
532.200000,1.0010151221e-03,2.5302548656e+00
532.250000,9.9955927316e-04,2.6067773446e+00
532.300000,1.0010857800e-03,2.5658765196e+00
532.350000,9.9901736754e-04,2.4828694219e+00
532.400000,9.9704944429e-04,2.5046267045e+00
532.450000,9.9849989287e-04,2.5610890172e+00
532.500000,9.9918817199e-04,2.4357617447e+00
532.550000,9.9977614759e-04,2.2929288642e+00
532.600000,9.9937951983e-04,2.6372744384e+00
532.650000,9.9946517449e-04,2.4636778344e+00
532.700000,9.9990646386e-04,2.4617554323e+00
532.750000,1.0023307296e-03,2.5858674741e+00
532.800000,1.0007674741e-03,2.4312768682e+00
532.850000,1.0007792180e-03,2.4294091256e+00
532.900000,1.0000365970e-03,2.4243426917e+00
532.950000,1.0010897873e-03,2.3920706428e+00
533.000000,1.0001020443e-03,2.5209634798e+00
533.050000,1.0008446347e-03,2.6888368009e+00
533.100000,9.9856089936e-04,2.4905482358e+00
533.150000,9.9938012169e-04,2.5045801870e+00
533.200000,1.0017530400e-03,2.5793992624e+00
533.250000,9.9900620843e-04,2.5400300147e+00
533.300000,1.0001947142e-03,2.5580526645e+00
533.350000,9.9980937058e-04,2.5466561341e+00
533.400000,1.0000087394e-03,2.4762944274e+00
533.450000,9.9976757999e-04,2.4721506768e+00
533.500000,9.9920521351e-04,2.6717573559e+00
533.550000,1.0019735092e-03,2.5501874187e+00
533.600000,1.0003533997e-03,2.3385328123e+00
533.650000,9.9825334614e-04,2.3549318796e+00
533.700000,1.0007968196e-03,2.4486749646e+00
533.750000,1.0000721219e-03,2.4696543940e+00
533.800000,9.9840201037e-04,2.6369779518e+00
533.850000,1.0013778516e-03,2.4204252026e+00
533.900000,1.0006417105e-03,2.4910554290e+00
533.950000,9.9949986903e-04,2.3822012303e+00
534.000000,1.0008413809e-03,2.5703220476e+00
534.050000,1.0006660772e-03,2.4737445846e+00
534.100000,9.9940021873e-04,2.5606989634e+00
534.150000,9.9993986615e-04,2.4099695107e+00
534.200000,1.0008554573e-03,2.5986193942e+00
534.250000,1.0002882877e-03,2.4487961081e+00
534.300000,9.9951125101e-04,2.3446173925e+00
534.350000,9.9882432782e-04,2.4614697427e+00
534.400000,9.9872989484e-04,2.6504967880e+00
534.450000,1.0005986571e-03,2.6117386605e+00
534.500000,1.0009537620e-03,2.7192745609e+00
534.550000,1.0018675981e-03,2.6576426932e+00
534.600000,1.0003498421e-03,2.6089625689e+00
534.650000,1.0019035633e-03,2.1575168808e+00
534.700000,9.9968680997e-04,2.3950649141e+00
534.750000,1.0001061232e-03,2.6466145217e+00
534.800000,9.9976466730e-04,2.3606797192e+00
534.850000,1.0007764560e-03,2.2942684399e+00
534.900000,1.0014484829e-03,2.4847166714e+00
534.950000,1.0015099071e-03,2.4760904191e+00
535.000000,1.0014481021e-03,2.5199068184e+00
535.050000,9.9815309650e-04,2.3927260524e+00
535.100000,9.9854915856e-04,2.4800983455e+00
535.150000,1.0009481465e-03,2.5917058216e+00
535.200000,9.9943911854e-04,2.6307125479e+00
535.250000,9.9939948895e-04,2.5470121794e+00
535.300000,9.9893313557e-04,2.3796863753e+00
535.350000,1.0000502868e-03,2.7576926561e+00
535.400000,9.9937403328e-04,2.6025990505e+00
535.450000,9.9913295089e-04,2.4280893118e+00
535.500000,9.9857134279e-04,2.4907064744e+00
535.550000,1.0008310437e-03,2.3787338279e+00
535.600000,9.9864604497e-04,2.7573819718e+00
535.650000,1.0014058374e-03,2.4124515244e+00
535.700000,9.9862360442e-04,2.3520956754e+00
535.750000,9.9915160782e-04,2.4908343254e+00
535.800000,1.0000268613e-03,2.4812157458e+00
535.850000,9.9877963563e-04,2.6084024860e+00
535.900000,9.9870721197e-04,2.6302469115e+00
535.950000,1.0006066261e-03,2.5579857974e+00
536.000000,1.0010487002e-03,2.5033366756e+00
536.050000,1.0011577296e-03,2.3385341278e+00
536.100000,1.0013414524e-03,2.4602184798e+00
536.150000,1.0006455290e-03,2.6377386920e+00
536.200000,9.9976299845e-04,2.6822130654e+00
536.250000,1.0011375098e-03,2.4470205993e+00
536.300000,1.0007716270e-03,2.5810473173e+00
536.350000,9.9928988522e-04,2.7005513178e+00
536.400000,1.0011218724e-03,2.4974303084e+00
536.450000,9.9973220494e-04,2.4087241420e+00
536.500000,1.0005992145e-03,2.4704173032e+00
536.550000,1.0004400530e-03,2.5581397521e+00
536.600000,9.9890349280e-04,2.4605554596e+00
536.650000,9.9921679963e-04,2.6182666378e+00
536.700000,1.0003601954e-03,2.5093494546e+00
536.750000,9.9908958932e-04,2.5162014471e+00
536.800000,9.9981133649e-04,2.5437921089e+00
536.850000,1.0005993246e-03,2.6771490289e+00
536.900000,1.0015676164e-03,2.5450180929e+00
536.950000,1.0002832615e-03,2.6081643558e+00
537.000000,9.9954648012e-04,2.4318987000e+00
537.050000,9.9921816586e-04,2.5101852912e+00
537.100000,1.0005332233e-03,2.3585076729e+00
537.150000,1.0021142826e-03,2.5150480382e+00
537.200000,9.9976837969e-04,2.4364401848e+00
537.250000,9.9879680812e-04,2.6114696882e+00
537.300000,1.0014480406e-03,2.6794579015e+00
537.350000,1.0024690852e-03,2.6252993963e+00
537.400000,9.9974919015e-04,2.4548101966e+00
537.450000,9.9980339875e-04,2.4074687353e+00
537.500000,1.0004498181e-03,2.4970066209e+00
537.550000,1.0000414889e-03,2.2123602425e+00
537.600000,1.0014519109e-03,2.4194375468e+00
537.650000,9.9989100586e-04,2.5189979319e+00
537.700000,9.9878088813e-04,2.4519520370e+00
537.750000,9.9979164195e-04,2.5373760372e+00
537.800000,9.9968924390e-04,2.4770676967e+00
537.850000,1.0011688661e-03,2.2497794395e+00
537.900000,1.0011228504e-03,2.5761025860e+00
537.950000,9.9958600707e-04,2.6404752781e+00
538.000000,9.9952305593e-04,2.8506501254e+00
538.050000,9.9998720027e-04,2.4985841370e+00
538.100000,1.0004534218e-03,2.5477965224e+00
538.150000,1.0002109555e-03,2.5864009029e+00
538.200000,9.9917929129e-04,2.5368812690e+00
538.250000,1.0001809355e-03,2.4205742855e+00
538.300000,9.9987886069e-04,2.0546326017e+00
538.350000,1.0005759191e-03,2.5314589964e+00
538.400000,1.0009941276e-03,2.6239947780e+00
538.450000,1.0004289867e-03,2.4480057807e+00
538.500000,9.9984535140e-04,2.4488932110e+00
538.550000,9.9943229892e-04,2.7025138308e+00
538.600000,9.9939025023e-04,2.6979574546e+00
538.650000,9.9962267077e-04,2.5042514356e+00
538.700000,9.9865717209e-04,2.6960872085e+00
538.750000,1.0000538904e-03,2.5388399209e+00
538.800000,1.0004871565e-03,2.3112099590e+00
538.850000,1.0002087502e-03,2.8722746668e+00
538.900000,9.9959241256e-04,2.5526859240e+00
538.950000,9.9900433560e-04,2.2518628188e+00
539.000000,1.0000793630e-03,2.6711906860e+00
539.050000,1.0011498630e-03,2.3078585269e+00
539.100000,9.9665668583e-04,2.4048015328e+00
539.150000,9.9998642678e-04,2.4308430894e+00
539.200000,9.9930564790e-04,2.5382467019e+00
539.250000,9.9888051905e-04,2.3811727335e+00
539.300000,9.9954451780e-04,2.4781145827e+00
539.350000,1.0004284576e-03,2.4036594770e+00
539.400000,9.9931943328e-04,2.5985318699e+00
539.450000,9.9901974876e-04,2.4587745470e+00
539.500000,9.9770483574e-04,2.4546289152e+00
539.550000,1.0011963789e-03,2.5249536291e+00
539.600000,1.0001855522e-03,2.7061106843e+00
539.650000,9.9952459586e-04,2.5288162933e+00
539.700000,1.0002415588e-03,2.5454599741e+00
539.750000,9.9920528894e-04,2.4024312838e+00
539.800000,9.9980336991e-04,2.3974698993e+00
539.850000,9.9930362432e-04,2.7571093060e+00
539.900000,1.0002775128e-03,2.4947390099e+00
539.950000,1.0011778153e-03,2.2547715243e+00
540.000000,9.9935774825e-04,2.2032513753e+00
540.050000,1.0006929596e-03,2.4989204900e+00
540.100000,9.9977893525e-04,2.6720093204e+00
540.150000,9.9895830002e-04,2.4269460653e+00
540.200000,1.0007615530e-03,2.6044470322e+00
540.250000,1.0019126469e-03,2.5303767652e+00
540.300000,9.9770236943e-04,2.4052861384e+00
540.350000,1.0008340767e-03,2.3465596930e+00
540.400000,9.9885399138e-04,2.5441448372e+00
540.450000,9.9718206552e-04,2.5522994621e+00
540.500000,1.0001073121e-03,2.3460703010e+00
540.550000,1.0000218179e-03,2.5365116709e+00
540.600000,1.0007246391e-03,2.5829716749e+00
540.650000,9.9815565780e-04,2.6082880939e+00
540.700000,1.0004691402e-03,2.5253124638e+00
540.750000,1.0009447897e-03,2.5920227168e+00
540.800000,9.9978472303e-04,2.7412591355e+00
540.850000,1.0016332272e-03,2.4970777055e+00
540.900000,9.9896295814e-04,2.4173034097e+00
540.950000,1.0000487388e-03,2.6203998817e+00
541.000000,9.9994022549e-04,2.5994644403e+00
541.050000,1.0005206777e-03,2.6914597787e+00
541.100000,9.9978200731e-04,2.6681761791e+00
541.150000,9.9900469051e-04,2.5693086676e+00
541.200000,9.9972227552e-04,2.6045509301e+00
541.250000,9.9870677062e-04,2.2819393148e+00
541.300000,1.0020579256e-03,2.3771470311e+00
541.350000,1.0007434714e-03,2.3055939885e+00
541.400000,9.9961820647e-04,2.3302379849e+00
541.450000,1.0011916777e-03,2.3088311610e+00
541.500000,1.0009187690e-03,2.4963613904e+00
541.550000,1.0015273825e-03,2.5721737820e+00
541.600000,1.0014325369e-03,2.5515834432e+00
541.650000,1.0026805564e-03,2.5952619492e+00
541.700000,9.9902273022e-04,2.6015602430e+00
541.750000,9.9949970760e-04,2.5542234655e+00
541.800000,9.9871848776e-04,2.3247400634e+00
541.850000,9.9864564164e-04,2.2795375216e+00
541.900000,9.9980346249e-04,2.6254040328e+00
541.950000,9.9955873344e-04,2.4031277155e+00
542.000000,1.0000417415e-03,2.6567322679e+00
542.050000,9.9916677443e-04,2.5199508027e+00
542.100000,1.0003493675e-03,2.4466476064e+00
542.150000,1.0016105347e-03,2.4908558284e+00
542.200000,1.0000163347e-03,2.5621043687e+00
542.250000,9.9766664191e-04,2.6405966581e+00
542.300000,9.9872151862e-04,2.5316766235e+00
542.350000,9.9828528584e-04,2.4120311445e+00
542.400000,9.9980918966e-04,2.5941253280e+00
542.450000,9.9960563809e-04,2.4027366481e+00
542.500000,9.9985456130e-04,2.6411402671e+00
542.550000,9.9905419390e-04,2.4923275114e+00
542.600000,9.9946766687e-04,2.4966695131e+00
542.650000,1.0007863566e-03,2.5394012855e+00
542.700000,9.9961427127e-04,2.3890222478e+00
542.750000,1.0000330525e-03,2.4608454257e+00
542.800000,9.9990114677e-04,2.1522302104e+00
542.850000,9.9923131230e-04,2.7485036117e+00
542.900000,1.0001456370e-03,2.7870539761e+00
542.950000,1.0002879985e-03,2.3937403575e+00
543.000000,9.9878546392e-04,2.4622787107e+00
543.050000,9.9913355026e-04,2.6653516782e+00
543.100000,9.9863782222e-04,2.5032808940e+00
543.150000,1.0018235102e-03,2.4319499056e+00
543.200000,9.9837203497e-04,2.5880847342e+00
543.250000,9.9996750926e-04,2.5791062671e+00
543.300000,9.9895698378e-04,2.4212599031e+00
543.350000,1.0013468795e-03,2.6655654320e+00
543.400000,9.9954601871e-04,2.8277677423e+00
543.450000,1.0005618525e-03,2.4917864589e+00
543.500000,1.0002371932e-03,2.4067758061e+00
543.550000,1.0011037714e-03,2.7829201490e+00
543.600000,9.9819395374e-04,2.6315762407e+00
543.650000,1.0014308060e-03,2.2996056392e+00
543.700000,9.9954707188e-04,2.5088133760e+00
543.750000,9.9892171461e-04,2.4035721353e+00
543.800000,9.9904132681e-04,2.4850944633e+00
543.850000,9.9866064039e-04,2.6742923807e+00
543.900000,1.0007075843e-03,2.6375036464e+00
543.950000,1.0004837854e-03,2.6277558198e+00
544.000000,1.0001758090e-03,2.3033623718e+00
544.050000,9.9936602828e-04,2.5353964361e+00
544.100000,1.0005627862e-03,2.7095518158e+00
544.150000,9.9939689151e-04,2.7416878740e+00
544.200000,1.0011614600e-03,2.5481847951e+00
544.250000,9.9980177550e-04,2.4251082850e+00
544.300000,9.9941206013e-04,2.4730655269e+00
544.350000,1.0008607183e-03,2.4900950026e+00
544.400000,9.9937102604e-04,2.4364999725e+00
544.450000,1.0008338927e-03,2.5879966857e+00
544.500000,9.9870747240e-04,2.5760528931e+00
544.550000,1.0004286089e-03,2.7199121348e+00
544.600000,9.9997993882e-04,2.4877401217e+00
544.650000,1.0008955662e-03,2.6361673512e+00
544.700000,1.0006003882e-03,2.4400471470e+00
544.750000,1.0005856561e-03,2.7457864822e+00
544.800000,9.9910813949e-04,2.4698017610e+00
544.850000,9.9963331746e-04,2.4717643280e+00
544.900000,9.9984815736e-04,2.4546346202e+00
544.950000,1.0000597774e-03,2.4632272820e+00
545.000000,1.0002471166e-03,2.7390088125e+00
545.050000,9.9933147872e-04,2.4392745886e+00
545.100000,9.9967681247e-04,2.3197942077e+00
545.150000,1.0001097684e-03,2.5400735232e+00
545.200000,9.9940884611e-04,2.5110828282e+00
545.250000,1.0010396183e-03,2.5198321051e+00
545.300000,1.0009895566e-03,2.4630365019e+00
545.350000,1.0010583242e-03,2.6520024195e+00
545.400000,9.9996542052e-04,2.5660236742e+00
545.450000,9.9971709363e-04,2.3940109549e+00
545.500000,1.0002246548e-03,2.4910071313e+00
545.550000,1.0004006723e-03,2.5303948980e+00
545.600000,9.9875640345e-04,2.4685934920e+00
545.650000,1.0002869822e-03,2.6652105320e+00
545.700000,1.0012535087e-03,2.5940534558e+00
545.750000,1.0014085337e-03,2.4154576021e+00
545.800000,1.0027365212e-03,2.4391224869e+00
545.850000,9.9877673320e-04,2.5009992714e+00
545.900000,1.0007444097e-03,2.6312251021e+00
545.950000,1.0002856809e-03,2.5773416148e+00
546.000000,1.0000314805e-03,2.4954834443e+00
546.050000,9.9853063230e-04,2.3745342530e+00
546.100000,9.9910849006e-04,2.6352264856e+00
546.150000,9.9953692983e-04,2.5230023325e+00
546.200000,1.0005563821e-03,2.5487835112e+00
546.250000,9.9957990227e-04,2.5899701693e+00
546.300000,1.0011678798e-03,2.4502863580e+00
546.350000,1.0008066692e-03,2.4753998476e+00
546.400000,1.0002165752e-03,2.6143897924e+00
546.450000,9.9897383878e-04,2.5685182152e+00
546.500000,9.9970233180e-04,2.7142211283e+00
546.550000,1.0004345277e-03,2.4254630000e+00
546.600000,9.9968064395e-04,2.4815397924e+00
546.650000,1.0005041492e-03,2.6615553780e+00
546.700000,9.9962333129e-04,2.3980742428e+00
546.750000,1.0009012599e-03,2.5072349708e+00
546.800000,9.9858753957e-04,2.6204420979e+00
546.850000,9.9922484629e-04,2.5482569878e+00
546.900000,1.0011361426e-03,2.5361011509e+00
546.950000,9.9992543887e-04,2.5650099559e+00
547.000000,1.0004389818e-03,2.5460506481e+00
547.050000,1.0008281147e-03,2.4430996988e+00
547.100000,9.9886862391e-04,2.4138402501e+00
547.150000,9.9951387236e-04,2.4561327406e+00
547.200000,1.0008675991e-03,2.4937231771e+00
547.250000,1.0007669936e-03,2.4396031913e+00
547.300000,1.0010020051e-03,2.2756777101e+00
547.350000,1.0005712569e-03,2.4306923644e+00
547.400000,9.9949802927e-04,2.6940361991e+00
547.450000,1.0007646003e-03,2.4447701033e+00
547.500000,1.0017242754e-03,2.7309411935e+00
547.550000,1.0010267776e-03,2.5501737926e+00
547.600000,1.0004884856e-03,2.5645457176e+00
547.650000,1.0010600933e-03,2.5438533712e+00
547.700000,1.0001564722e-03,2.5789577566e+00
547.750000,1.0001409850e-03,2.5303850647e+00
547.800000,1.0005838595e-03,2.4719721705e+00
547.850000,9.9973789673e-04,2.4012321732e+00
547.900000,9.9998817765e-04,2.6035939161e+00
547.950000,9.9905331376e-04,2.4827682615e+00
548.000000,1.0007149336e-03,2.6169028717e+00
548.050000,9.9932726312e-04,2.7006088190e+00
548.100000,9.9967996824e-04,2.3787997933e+00
548.150000,1.0011102287e-03,2.5156746177e+00
548.200000,1.0008173035e-03,2.5843527897e+00
548.250000,9.9963928620e-04,2.5376693596e+00
548.300000,9.9934403127e-04,2.5976259315e+00
548.350000,9.9926780591e-04,2.7460434794e+00
548.400000,9.9787985082e-04,2.5656332408e+00
548.450000,1.0000778873e-03,2.5996763217e+00
548.500000,9.9947127655e-04,2.3794079554e+00
548.550000,9.9990867749e-04,2.7039645155e+00
548.600000,1.0018007433e-03,2.6447950001e+00
548.650000,9.9980399052e-04,2.6440206499e+00
548.700000,9.9988152765e-04,2.6207455837e+00
548.750000,1.0007380697e-03,2.4867843249e+00
548.800000,1.0000423143e-03,2.4954108359e+00
548.850000,9.9897676053e-04,2.5532446622e+00
548.900000,9.9825800767e-04,2.4976529257e+00
548.950000,9.9971268241e-04,2.4122333211e+00
549.000000,1.0010537304e-03,2.6600773526e+00
549.050000,1.0005764071e-03,2.3945872186e+00
549.100000,1.0000844517e-03,2.5596441523e+00
549.150000,1.0005225400e-03,2.7031500732e+00
549.200000,1.0007465331e-03,2.4680684498e+00
549.250000,9.9987862979e-04,2.5720795849e+00
549.300000,9.9967695683e-04,2.6705384703e+00
549.350000,9.9975579333e-04,2.7306432171e+00
549.400000,1.0004435614e-03,2.3673651037e+00
549.450000,1.0001774333e-03,2.2708342031e+00
549.500000,1.0015418996e-03,2.4956303602e+00
549.550000,9.9983142994e-04,2.6073349950e+00
549.600000,1.0008406932e-03,2.6074959882e+00
549.650000,9.9958896573e-04,2.4713862981e+00
549.700000,9.9995126730e-04,2.3069934871e+00
549.750000,1.0013635849e-03,2.6523594657e+00
549.800000,1.0026335257e-03,2.4757133921e+00
549.850000,9.9909585657e-04,2.4425999542e+00
549.900000,9.9922192766e-04,2.3783347968e+00
549.950000,1.0001893450e-03,2.4664406681e+00
550.000000,1.0000133996e-03,2.5031638215e+00
550.050000,9.9938655276e-04,2.6054514609e+00
550.100000,9.9930252585e-04,2.6068508988e+00
550.150000,1.0004424007e-03,2.4227957168e+00
550.200000,9.9926593888e-04,2.3722819492e+00
550.250000,1.0003419281e-03,2.4287664227e+00
550.300000,9.9873634535e-04,2.5935360421e+00
550.350000,1.0008259623e-03,2.3751063988e+00
550.400000,1.0016387683e-03,2.5643154580e+00
550.450000,1.0001987809e-03,2.5668020361e+00
550.500000,9.9995151964e-04,2.5569500376e+00
550.550000,9.9877407646e-04,2.5163959024e+00
550.600000,9.9935070824e-04,2.5840561814e+00
550.650000,1.0003184637e-03,2.6812898933e+00
550.700000,1.0002136868e-03,2.5853223695e+00
550.750000,1.0001539179e-03,2.5032110025e+00
550.800000,9.9887629926e-04,2.5335814690e+00
550.850000,9.9949786330e-04,2.3940125480e+00
550.900000,9.9998357248e-04,2.5999784986e+00
550.950000,9.9966430486e-04,2.4711533474e+00
551.000000,1.0010791814e-03,2.2540823595e+00
551.050000,1.0009062640e-03,2.3306872947e+00
551.100000,9.9947647831e-04,2.5041696177e+00
551.150000,1.0005454232e-03,2.5409701536e+00
551.200000,1.0015121551e-03,2.3932109777e+00
551.250000,9.9893098994e-04,2.8223435751e+00
551.300000,1.0006869859e-03,2.4440032994e+00
551.350000,9.9988143180e-04,2.5398767223e+00
551.400000,1.0013662570e-03,2.6332839025e+00
551.450000,1.0004091463e-03,2.5539219705e+00
551.500000,1.0020464624e-03,2.7150071586e+00
551.550000,1.0009103090e-03,2.5005043239e+00
551.600000,1.0012110944e-03,2.5056991742e+00
551.650000,1.0007830980e-03,2.6019952792e+00
551.700000,1.0002131862e-03,2.4587974517e+00
551.750000,9.9938464239e-04,2.5422277027e+00
551.800000,1.0000018272e-03,2.4333816659e+00
551.850000,1.0002488600e-03,2.7817866118e+00
551.900000,1.0006508826e-03,2.4861097517e+00
551.950000,1.0009771055e-03,2.6645646351e+00
552.000000,1.0007538745e-03,2.6384940905e+00
552.050000,1.0006845885e-03,2.4903464015e+00
552.100000,9.9947048799e-04,2.4979839804e+00
552.150000,1.0016029974e-03,2.5743236822e+00
552.200000,9.9900495821e-04,2.3906329929e+00
552.250000,9.9964156710e-04,2.5560790526e+00
552.300000,1.0007481000e-03,2.6222467611e+00
552.350000,1.0001365744e-03,2.3993890462e+00
552.400000,1.0009262761e-03,2.5466142663e+00
552.450000,9.9907265067e-04,2.6203964742e+00
552.500000,1.0014606002e-03,2.5868910645e+00
552.550000,9.9966487825e-04,2.5332379965e+00
552.600000,9.9885199254e-04,2.5128504842e+00
552.650000,1.0004816399e-03,2.5322751160e+00
552.700000,9.9996535734e-04,2.5928154465e+00
552.750000,9.9974978454e-04,2.4011407879e+00
552.800000,1.0006073131e-03,2.4498140158e+00
552.850000,1.0002667218e-03,2.4548166944e+00
552.900000,1.0001145951e-03,2.6608595488e+00
552.950000,9.9992394256e-04,2.6109335531e+00
553.000000,1.0001857426e-03,2.5798257808e+00
553.050000,1.0011145701e-03,2.4204925238e+00
553.100000,9.9988368938e-04,2.5240768103e+00
553.150000,1.0001975550e-03,2.5924009906e+00
553.200000,9.9994825952e-04,2.5303011603e+00
553.250000,9.9907817617e-04,2.6460465899e+00
553.300000,1.0007257848e-03,2.4228632712e+00
553.350000,1.0008624115e-03,2.5019242334e+00
553.400000,9.9948000330e-04,2.6527971563e+00
553.450000,9.9872909187e-04,2.6548757435e+00
553.500000,9.9962050313e-04,2.5072775770e+00
553.550000,9.9926302364e-04,2.6021112512e+00
553.600000,9.9966643722e-04,2.6909076056e+00
553.650000,1.0017136086e-03,2.5823895091e+00
553.700000,9.9903261640e-04,2.5278737408e+00
553.750000,9.9925094903e-04,2.6659245784e+00
553.800000,1.0013362483e-03,2.5810560644e+00
553.850000,1.0010913293e-03,2.5697985355e+00
553.900000,9.9946826826e-04,2.6752102520e+00
553.950000,9.9956366245e-04,2.4944496121e+00
554.000000,9.9804505511e-04,2.3289010581e+00
554.050000,9.9979357463e-04,2.4967791637e+00
554.100000,1.0001141696e-03,2.4392564252e+00
554.150000,1.0004182683e-03,2.6602862455e+00
554.200000,1.0018889315e-03,2.4203466998e+00
554.250000,1.0008184254e-03,2.3501352095e+00
554.300000,9.9921461183e-04,2.6009202359e+00
554.350000,9.9948607870e-04,2.2276395944e+00
554.400000,1.0018569700e-03,2.4838833408e+00
554.450000,1.0005859082e-03,2.4358959658e+00
554.500000,9.9971786855e-04,2.5828964392e+00
554.550000,1.0007077872e-03,2.6522986451e+00
554.600000,9.9945383645e-04,2.6109033323e+00
554.650000,1.0002966742e-03,2.4687996670e+00
554.700000,9.9987124900e-04,2.4709846153e+00
554.750000,9.9960064604e-04,2.2163410510e+00
554.800000,9.9973219953e-04,2.4667969096e+00
554.850000,1.0010241021e-03,2.4146025883e+00
554.900000,1.0000691620e-03,2.7187987314e+00
554.950000,1.0005934492e-03,2.3054314701e+00
555.000000,9.9968871685e-04,2.6665742390e+00
555.050000,1.0016411265e-03,2.5386344285e+00
555.100000,9.9982861970e-04,2.5586201176e+00
555.150000,1.0024742612e-03,2.5113418479e+00
555.200000,1.0013284053e-03,2.4141432860e+00
555.250000,1.0007034875e-03,2.4671765796e+00
555.300000,1.0010873538e-03,2.5556979088e+00
555.350000,1.0008309007e-03,2.8227597813e+00
555.400000,1.0018331724e-03,2.6365089004e+00
555.450000,1.0022764874e-03,2.5871130708e+00
555.500000,1.0004850310e-03,2.6091068448e+00
555.550000,9.9840453020e-04,2.7021807194e+00
555.600000,1.0004842982e-03,2.5291282388e+00
555.650000,9.9950582075e-04,2.6411423892e+00
555.700000,1.0007911062e-03,2.6635259988e+00
555.750000,1.0004094813e-03,2.2480655781e+00
555.800000,1.0002296235e-03,2.5066025970e+00
555.850000,1.0011566242e-03,2.5067042941e+00
555.900000,1.0008306165e-03,2.6085675832e+00
555.950000,1.0006040045e-03,2.5464745139e+00
556.000000,1.0009886384e-03,2.3776892752e+00
556.050000,9.9999539048e-04,2.6018683227e+00
556.100000,1.0011482393e-03,2.4214915270e+00
556.150000,9.9975650606e-04,2.3341981671e+00
556.200000,9.9865335154e-04,2.6480222015e+00
556.250000,9.9963539264e-04,2.6597808533e+00
556.300000,1.0000714329e-03,2.5948629982e+00
556.350000,1.0011204334e-03,2.3884151781e+00
556.400000,9.9997670638e-04,2.4557760016e+00
556.450000,1.0007427918e-03,2.5730052241e+00
556.500000,9.9910710919e-04,2.5814100921e+00
556.550000,1.0012518995e-03,2.3861966736e+00
556.600000,1.0003265456e-03,2.3835756361e+00
556.650000,9.9970757468e-04,2.6061176121e+00
556.700000,1.0007897847e-03,2.6023774095e+00
556.750000,1.0008040529e-03,2.5918888591e+00
556.800000,9.9942693449e-04,2.5152749167e+00
556.850000,9.9957308337e-04,2.4456974214e+00
556.900000,1.0008015919e-03,2.8874598569e+00
556.950000,9.9990460871e-04,2.4531494518e+00
557.000000,1.0006650902e-03,2.5759454377e+00
557.050000,1.0009686830e-03,2.5106016832e+00
557.100000,1.0008834751e-03,2.4873515091e+00
557.150000,1.0003548470e-03,2.4808918859e+00
557.200000,1.0008064698e-03,2.5097084657e+00
557.250000,1.0015336029e-03,2.5509136184e+00
557.300000,1.0003429652e-03,2.4012889037e+00
557.350000,1.0007822972e-03,2.6037684693e+00
557.400000,1.0006755527e-03,2.4218317537e+00
557.450000,1.0003752106e-03,2.4550854884e+00
557.500000,1.0002923442e-03,2.3123071451e+00
557.550000,1.0003037126e-03,2.4110435935e+00
557.600000,1.0007260723e-03,2.5524751670e+00
557.650000,9.9892822087e-04,2.5784827991e+00
557.700000,9.9946010040e-04,2.4156066021e+00
557.750000,1.0009556146e-03,2.5968658621e+00
557.800000,9.9911411833e-04,2.3870863692e+00
557.850000,1.0000442113e-03,2.6338195925e+00
557.900000,1.0002658882e-03,2.5618941051e+00
557.950000,9.9925177446e-04,2.5510108802e+00
558.000000,1.0006926772e-03,2.6113858707e+00
558.050000,9.9924388625e-04,2.5591211448e+00
558.100000,9.9913522024e-04,2.4724382819e+00
558.150000,9.9989355707e-04,2.4824589677e+00
558.200000,1.0006047614e-03,2.5146931565e+00
558.250000,1.0020715049e-03,2.7387014131e+00
558.300000,1.0006199939e-03,2.5634700003e+00
558.350000,9.9920497224e-04,2.6067614546e+00
558.400000,1.0004623472e-03,2.6612217574e+00
558.450000,9.9923503155e-04,2.4983836775e+00
558.500000,9.9893338235e-04,2.7127596209e+00
558.550000,9.9968627898e-04,2.5269811075e+00
558.600000,1.0015275979e-03,2.5817172568e+00
558.650000,1.0004750176e-03,2.7441714859e+00
558.700000,9.9907766835e-04,2.4875019412e+00
558.750000,1.0001086655e-03,2.4360691168e+00
558.800000,1.0000452858e-03,2.6021296648e+00
558.850000,1.0005369600e-03,2.6093008709e+00
558.900000,1.0013421511e-03,2.5865642551e+00
558.950000,1.0002288492e-03,2.4394253793e+00
559.000000,9.9879660447e-04,2.6945844307e+00
559.050000,9.9975691673e-04,2.4885270875e+00
559.100000,1.0010054358e-03,2.4547911991e+00
559.150000,1.0015936594e-03,2.7203290024e+00
559.200000,9.9963879391e-04,2.3992306756e+00
559.250000,9.9916882555e-04,2.8662615101e+00
559.300000,1.0003168455e-03,2.6122820262e+00
559.350000,9.9906508209e-04,2.5770090102e+00
559.400000,9.9991628327e-04,2.3415415248e+00
559.450000,9.9883268870e-04,2.5007522204e+00
559.500000,1.0017963148e-03,2.4029674203e+00
559.550000,9.9732385429e-04,2.5205779752e+00
559.600000,9.9941184270e-04,2.7054652806e+00
559.650000,9.9893923627e-04,2.3901181924e+00
559.700000,1.0000157496e-03,2.5894203475e+00
559.750000,9.9975465946e-04,2.5449257146e+00
559.800000,9.9918608680e-04,2.4354610021e+00
559.850000,1.0008867914e-03,2.3856567930e+00
559.900000,1.0018931863e-03,2.4030876311e+00
559.950000,1.0003908417e-03,2.1899345096e+00
560.000000,1.0004355379e-03,2.3693776120e+00
560.050000,1.0008026605e-03,2.6252911690e+00
560.100000,9.9957381567e-04,2.5909991800e+00
560.150000,1.0018845070e-03,2.4747168481e+00
560.200000,9.9642594106e-04,2.3739876855e+00
560.250000,1.0019969986e-03,2.7771848364e+00
560.300000,9.9935795366e-04,2.3424744299e+00
560.350000,9.9892607545e-04,2.6141706611e+00
560.400000,9.9805528201e-04,2.5222721613e+00
560.450000,1.0002970659e-03,2.7108623121e+00
560.500000,1.0004340782e-03,2.4241866187e+00
560.550000,1.0007298321e-03,2.5444266981e+00
560.600000,1.0015485219e-03,2.4341996387e+00
560.650000,9.9884006598e-04,2.5160364240e+00
560.700000,9.9939763111e-04,2.5482048467e+00
560.750000,1.0010730609e-03,2.4036878235e+00
560.800000,9.9947071838e-04,2.5438229163e+00
560.850000,9.9836077384e-04,2.5395776532e+00
560.900000,1.0013440825e-03,2.3578274883e+00
560.950000,9.9847528440e-04,2.3758467012e+00
561.000000,9.9994619975e-04,2.6051036986e+00
561.050000,9.9957364776e-04,2.3365181918e+00
561.100000,9.9684429911e-04,2.5928566286e+00
561.150000,1.0002642607e-03,2.5221930508e+00
561.200000,1.0009637076e-03,2.2871926085e+00
561.250000,1.0008588428e-03,2.7388543955e+00
561.300000,1.0009768051e-03,2.3792039973e+00
561.350000,1.0009012074e-03,2.4542964599e+00
561.400000,1.0001397661e-03,2.7089504659e+00
561.450000,1.0008698379e-03,2.3911190520e+00
561.500000,9.9858551052e-04,2.7021400883e+00
561.550000,9.9943772121e-04,2.5406855816e+00
561.600000,9.9853426783e-04,2.5131811926e+00
561.650000,9.9890755090e-04,2.4907300566e+00
561.700000,1.0004641407e-03,2.4441025715e+00
561.750000,1.0002752105e-03,2.5051022396e+00
561.800000,1.0002860631e-03,2.4907916397e+00
561.850000,1.0000623825e-03,2.5209330294e+00
561.900000,1.0008542923e-03,2.5771892950e+00
561.950000,1.0004604079e-03,2.4192444325e+00
562.000000,9.9920238659e-04,2.7106523754e+00
562.050000,1.0016223816e-03,2.5112211543e+00
562.100000,9.9784046643e-04,2.4429583868e+00
562.150000,9.9896768029e-04,2.5633181083e+00
562.200000,9.9929646580e-04,2.7454596916e+00
562.250000,1.0018329065e-03,2.6388356827e+00
562.300000,9.9954685452e-04,2.4687517860e+00
562.350000,9.9926269384e-04,2.4624695939e+00
562.400000,1.0002358671e-03,2.5400681793e+00
562.450000,1.0014206862e-03,2.3758095729e+00
562.500000,9.9990240583e-04,2.3726694480e+00
562.550000,1.0004998836e-03,2.3426242302e+00
562.600000,9.9909774748e-04,2.5796491648e+00
562.650000,9.9991996711e-04,2.5557378412e+00
562.700000,9.9830109997e-04,2.5098814017e+00
562.750000,1.0011992052e-03,2.5603139515e+00
562.800000,1.0007394906e-03,2.4025463789e+00
562.850000,1.0000570575e-03,2.5543852366e+00
562.900000,1.0004435745e-03,2.5184655478e+00
562.950000,1.0004105199e-03,2.4770051747e+00
563.000000,1.0000217291e-03,2.4837662865e+00
563.050000,9.9866934047e-04,2.4047737955e+00
563.100000,1.0004747417e-03,2.4954671263e+00
563.150000,1.0005642516e-03,2.7549858395e+00
563.200000,9.9920435371e-04,2.6784129749e+00
563.250000,9.9880369356e-04,2.5827343762e+00
563.300000,9.9919435451e-04,2.6100640484e+00
563.350000,1.0015761841e-03,2.4516172998e+00
563.400000,1.0003918590e-03,2.5166456352e+00
563.450000,9.9875580323e-04,2.3726591775e+00
563.500000,9.9875846691e-04,2.6373016695e+00
563.550000,9.9827439504e-04,2.2551262163e+00
563.600000,1.0000702084e-03,2.5607837479e+00
563.650000,1.0008145576e-03,2.3301996723e+00
563.700000,9.9940813350e-04,2.6221534020e+00
563.750000,1.0010496635e-03,2.4592117428e+00
563.800000,9.9993347071e-04,2.4723369522e+00
563.850000,9.9961569049e-04,2.5961435017e+00
563.900000,9.9931376019e-04,2.4016158721e+00
563.950000,1.0001193703e-03,2.4461274919e+00
564.000000,1.0006987254e-03,2.3422778704e+00
564.050000,1.0004443669e-03,2.3220761829e+00
564.100000,9.9884919436e-04,2.6999592472e+00
564.150000,9.9822855209e-04,2.7038385980e+00
564.200000,9.9976318325e-04,2.7486532419e+00
564.250000,1.0000863830e-03,2.5003179295e+00
564.300000,9.9980135040e-04,2.3536867257e+00
564.350000,1.0008215494e-03,2.5649495286e+00
564.400000,9.9796953104e-04,2.3450984372e+00
564.450000,9.9808768316e-04,2.4501312052e+00
564.500000,9.9825491872e-04,2.7153308904e+00
564.550000,9.9924194424e-04,2.3530943357e+00
564.600000,9.9917966621e-04,2.7931875019e+00
564.650000,1.0000447653e-03,2.4827233731e+00
564.700000,9.9924452076e-04,2.4677497517e+00
564.750000,1.0000195541e-03,2.6339946291e+00
564.800000,1.0002274508e-03,2.4243952555e+00
564.850000,9.9913494284e-04,2.4109701658e+00
564.900000,9.9894442605e-04,2.6300843257e+00
564.950000,1.0007044360e-03,2.5213347417e+00
565.000000,9.9893349568e-04,2.4702928386e+00
565.050000,9.9994364405e-04,2.6415283174e+00
565.100000,9.9896403250e-04,2.3261262659e+00
565.150000,9.9902101871e-04,2.6051910038e+00
565.200000,9.9828007557e-04,2.5692877262e+00
565.250000,1.0005036452e-03,2.5741103228e+00
565.300000,9.9817274773e-04,2.3437643177e+00
565.350000,9.9898169374e-04,2.5431109167e+00
565.400000,1.0004939784e-03,2.5730444240e+00
565.450000,1.0016224397e-03,2.7377267502e+00
565.500000,1.0002367488e-03,2.5686219212e+00
565.550000,1.0003395413e-03,2.9442889100e+00
565.600000,9.9978230425e-04,2.4380292029e+00
565.650000,1.0009025984e-03,2.6493848279e+00
565.700000,9.9923132322e-04,2.4951970055e+00
565.750000,9.9909567515e-04,2.3722182577e+00
565.800000,9.9984685572e-04,2.5636220338e+00
565.850000,1.0008575786e-03,2.4759096519e+00
565.900000,1.0006025931e-03,2.5272444640e+00
565.950000,9.9834039265e-04,2.1306957085e+00
566.000000,9.9866125520e-04,2.6015627753e+00
566.050000,9.9957543281e-04,2.5967612528e+00
566.100000,9.9814806062e-04,2.4578127740e+00
566.150000,9.9960567692e-04,2.3758294726e+00
566.200000,1.0003959954e-03,2.6190686588e+00
566.250000,1.0008117765e-03,2.4860089148e+00
566.300000,1.0007772052e-03,2.5153654098e+00
566.350000,9.9893299745e-04,2.5019802236e+00
566.400000,1.0006523298e-03,2.6141724765e+00
566.450000,9.9812928367e-04,2.3623188726e+00
566.500000,1.0017258347e-03,2.7037224308e+00
566.550000,1.0001684597e-03,2.4118602690e+00
566.600000,9.9983471914e-04,2.4623103117e+00
566.650000,1.0006605589e-03,2.5785717113e+00
566.700000,1.0005657640e-03,2.3366400046e+00
566.750000,9.9964145017e-04,2.5272514538e+00
566.800000,9.9995348239e-04,2.4926915160e+00
566.850000,1.0006616661e-03,2.3665605045e+00
566.900000,1.0011565733e-03,2.3539636285e+00
566.950000,9.9957603920e-04,2.3755914406e+00
567.000000,9.9937145715e-04,2.5776558121e+00
567.050000,1.0009066173e-03,2.3731071334e+00
567.100000,1.0003958262e-03,2.4886080350e+00
567.150000,1.0003509878e-03,2.4359963534e+00
567.200000,1.0019275638e-03,2.6995284945e+00
567.250000,1.0017593740e-03,2.3580142376e+00
567.300000,9.9901634337e-04,2.5158848282e+00
567.350000,9.9888267875e-04,2.6194253280e+00
567.400000,9.9956987862e-04,2.4495936843e+00
567.450000,9.9976890877e-04,2.5467508226e+00
567.500000,9.9991994119e-04,2.5939441577e+00
567.550000,9.9877252232e-04,2.2838796574e+00
567.600000,9.9924244332e-04,2.4626693408e+00
567.650000,1.0003292885e-03,2.6102364520e+00
567.700000,9.9822864781e-04,2.4439909377e+00
567.750000,1.0019052800e-03,2.4177520935e+00
567.800000,9.9972984416e-04,2.5027634027e+00
567.850000,1.0001432353e-03,2.1813793025e+00
567.900000,1.0000712977e-03,2.4606365321e+00
567.950000,9.9975007612e-04,2.5893747807e+00
568.000000,9.9963137733e-04,2.2003302621e+00
568.050000,9.9898413669e-04,2.6673063796e+00
568.100000,9.9988964936e-04,2.5383772953e+00
568.150000,1.0003112713e-03,2.2678709032e+00
568.200000,9.9996015449e-04,2.4808662214e+00
568.250000,9.9940140153e-04,2.3987529245e+00
568.300000,1.0003970917e-03,2.5498689702e+00
568.350000,9.9948994752e-04,2.4813317962e+00
568.400000,9.9899397696e-04,2.3632803217e+00
568.450000,1.0007569767e-03,2.4816158055e+00
568.500000,9.9969707815e-04,2.5689395303e+00
568.550000,9.9889593125e-04,2.3237563560e+00
568.600000,1.0001942745e-03,2.4045760038e+00
568.650000,1.0019344995e-03,2.3283338719e+00
568.700000,1.0010818563e-03,2.6201842435e+00
568.750000,1.0001215361e-03,2.4053823921e+00
568.800000,9.9726650886e-04,2.5480004959e+00
568.850000,1.0006205475e-03,2.7262389298e+00
568.900000,9.9961960147e-04,2.3965265159e+00
568.950000,1.0001900688e-03,2.4375275239e+00
569.000000,9.9913429486e-04,2.6048660255e+00
569.050000,9.9875325584e-04,2.3991439136e+00
569.100000,1.0005006698e-03,2.4598765913e+00
569.150000,9.9779737786e-04,2.3943899530e+00
569.200000,9.9837132757e-04,2.5664993505e+00
569.250000,9.9930843976e-04,2.4735017756e+00
569.300000,1.0001403157e-03,2.4849853964e+00
569.350000,9.9826738867e-04,2.6501302490e+00
569.400000,9.9924834521e-04,2.5336861323e+00
569.450000,1.0011556181e-03,2.4707592724e+00
569.500000,1.0002181114e-03,2.4871887339e+00
569.550000,9.9916283003e-04,2.7749374710e+00
569.600000,1.0002965810e-03,2.1612465193e+00
569.650000,9.9869554755e-04,2.7269649175e+00
569.700000,1.0011601861e-03,2.5545377190e+00
569.750000,9.9831447949e-04,2.5281162764e+00
569.800000,9.9918684482e-04,2.4432279325e+00
569.850000,1.0016741456e-03,2.5155208918e+00
569.900000,1.0003306173e-03,2.4197290934e+00
569.950000,9.9987889813e-04,2.6203828028e+00
570.000000,9.9865024179e-04,2.5440994172e+00
570.050000,1.0004498963e-03,2.6242884684e+00
570.100000,9.9941838308e-04,2.3969813862e+00
570.150000,9.9874948452e-04,2.3512461436e+00
570.200000,9.9944513228e-04,2.6341349652e+00
570.250000,9.9817775586e-04,2.3389011298e+00
570.300000,1.0010159269e-03,2.3148724295e+00
570.350000,9.9978801258e-04,2.4599159918e+00
570.400000,9.9929862216e-04,2.4133697803e+00
570.450000,1.0014421661e-03,2.6224255056e+00
570.500000,9.9953716405e-04,2.6738342799e+00
570.550000,1.0016811061e-03,2.4904191470e+00
570.600000,1.0005815087e-03,2.4322026917e+00
570.650000,1.0008351672e-03,2.5658301962e+00
570.700000,9.9975838772e-04,2.5174010034e+00
570.750000,9.9871568376e-04,2.3549439558e+00
570.800000,9.9906397546e-04,2.4227761558e+00
570.850000,1.0008326638e-03,2.3250002304e+00
570.900000,1.0013030342e-03,2.3510038589e+00
570.950000,1.0009347848e-03,2.5358348399e+00
571.000000,9.9913742869e-04,2.4464206515e+00
571.050000,9.9899791279e-04,2.5971457737e+00
571.100000,1.0011350459e-03,2.5072718460e+00
571.150000,9.9877074626e-04,2.6399765557e+00
571.200000,1.0002687472e-03,2.5790691834e+00
571.250000,9.9906816078e-04,2.3631088833e+00
571.300000,9.9959965651e-04,2.5048448274e+00
571.350000,1.0009022465e-03,2.3408779514e+00
571.400000,9.9774082881e-04,2.4467691964e+00
571.450000,1.0008460209e-03,2.7874225965e+00
571.500000,1.0023661584e-03,2.5809537561e+00
571.550000,1.0016886106e-03,2.4396046784e+00
571.600000,9.9863464695e-04,2.4996745040e+00
571.650000,1.0002761896e-03,2.3963587464e+00
571.700000,1.0018086015e-03,2.4547796585e+00
571.750000,1.0009249528e-03,2.4257633192e+00
571.800000,9.9967787603e-04,2.4130633645e+00
571.850000,1.0000798200e-03,2.5359921103e+00
571.900000,1.0008850402e-03,2.6401344231e+00
571.950000,9.9963220317e-04,2.5341097043e+00
572.000000,9.9898032040e-04,2.4170635962e+00
572.050000,9.9820958273e-04,2.6221961074e+00
572.100000,9.9991839652e-04,2.4306115669e+00
572.150000,1.0002836215e-03,2.4675462022e+00
572.200000,9.9884402209e-04,2.5247633383e+00
572.250000,1.0023964054e-03,2.6528254826e+00
572.300000,1.0019920856e-03,2.7284514349e+00
572.350000,1.0003761093e-03,2.6127120651e+00
572.400000,1.0003888659e-03,2.6471017676e+00
572.450000,9.9974778733e-04,2.3011257854e+00
572.500000,9.9949911521e-04,2.6172048303e+00
572.550000,9.9946830805e-04,2.3469884002e+00
572.600000,9.9863265643e-04,2.7488783136e+00
572.650000,1.0007860012e-03,2.4967045216e+00
572.700000,9.9942640473e-04,2.5157809994e+00
572.750000,1.0000267961e-03,2.5335836257e+00
572.800000,1.0007738272e-03,2.5382128965e+00
572.850000,1.0008573977e-03,2.6822051078e+00
572.900000,1.0013313480e-03,2.7351335050e+00
572.950000,1.0016285851e-03,2.4291262235e+00
573.000000,9.9875530623e-04,2.5392793973e+00
573.050000,1.0018475644e-03,2.5379855856e+00
573.100000,9.9915160768e-04,2.9457714452e+00
573.150000,9.9876507461e-04,2.5946626058e+00
573.200000,1.0008636920e-03,2.4808639575e+00
573.250000,1.0004731627e-03,2.4786640904e+00
573.300000,1.0007508260e-03,2.3712631623e+00
573.350000,9.9988373071e-04,2.7473559918e+00
573.400000,1.0009930512e-03,2.1982720397e+00
573.450000,1.0014163152e-03,2.4297895620e+00
573.500000,1.0006371266e-03,2.4484519877e+00
573.550000,1.0021965472e-03,2.5183699100e+00
573.600000,9.9924487706e-04,2.6636349612e+00
573.650000,9.9967246999e-04,2.4839238559e+00
573.700000,9.9919826450e-04,2.6338145551e+00
573.750000,1.0013171396e-03,2.4807470238e+00
573.800000,1.0006840531e-03,2.4322440362e+00
573.850000,1.0004416147e-03,2.7048099208e+00
573.900000,9.9885647277e-04,2.3526962026e+00
573.950000,1.0011031175e-03,2.3730418975e+00
574.000000,9.9987120015e-04,2.4964888486e+00
574.050000,9.9993328284e-04,2.5999332250e+00
574.100000,1.0016074713e-03,2.4763178030e+00
574.150000,1.0001710043e-03,2.4894173778e+00
574.200000,9.9968513649e-04,2.5943028461e+00
574.250000,1.0012721341e-03,2.7586650084e+00
574.300000,1.0008240095e-03,2.4433506834e+00
574.350000,1.0016117592e-03,2.5214906227e+00
574.400000,1.0006336267e-03,2.4886614884e+00
574.450000,9.9908703710e-04,2.5177930752e+00
574.500000,9.9900750781e-04,2.7836415814e+00
574.550000,1.0004770176e-03,2.4406805365e+00
574.600000,1.0017388174e-03,2.2972695237e+00
574.650000,1.0009390994e-03,2.4492696003e+00
574.700000,1.0019417101e-03,2.7132863781e+00
574.750000,9.9929993050e-04,2.4645646338e+00
574.800000,9.9711513497e-04,2.4855088647e+00
574.850000,1.0014883200e-03,2.5537054124e+00
574.900000,9.9923801768e-04,2.4702216339e+00
574.950000,1.0002501035e-03,2.5337173984e+00
575.000000,9.9957323337e-04,2.4470093042e+00
575.050000,9.9852022864e-04,2.5653430024e+00
575.100000,1.0007239075e-03,2.5701997056e+00
575.150000,9.9941002747e-04,2.6755483491e+00
575.200000,9.9935145892e-04,2.6637153082e+00
575.250000,9.9926938612e-04,2.8177273442e+00
575.300000,9.9882113771e-04,2.4610130746e+00
575.350000,1.0008843333e-03,2.4594951307e+00
575.400000,9.9948265483e-04,2.6411841413e+00
575.450000,9.9990158825e-04,2.5107722589e+00
575.500000,1.0010449309e-03,2.4206984068e+00
575.550000,9.9911177345e-04,2.5931502964e+00
575.600000,9.9922144364e-04,2.3717447610e+00
575.650000,9.9970270465e-04,2.4254991781e+00
575.700000,1.0011377491e-03,2.4653381680e+00
575.750000,1.0004138757e-03,2.5845837992e+00
575.800000,1.0000117486e-03,2.2641932109e+00
575.850000,1.0001045378e-03,2.4266017698e+00
575.900000,9.9914395453e-04,2.4124166866e+00
575.950000,1.0002220166e-03,2.5694479620e+00
576.000000,9.9838408224e-04,2.2183623912e+00
576.050000,1.0017350852e-03,2.6048184899e+00
576.100000,1.0005634268e-03,2.4059672302e+00
576.150000,9.9890463570e-04,2.4075039020e+00
576.200000,9.9997669421e-04,2.3803557843e+00
576.250000,9.9959490487e-04,2.4531647786e+00
576.300000,1.0005646689e-03,2.6126315950e+00
576.350000,9.9828461658e-04,2.6098049838e+00
576.400000,9.9983273670e-04,2.2639747607e+00
576.450000,9.9943585313e-04,2.5395538114e+00
576.500000,9.9986027765e-04,2.4702211918e+00
576.550000,1.0015615138e-03,2.4760302056e+00
576.600000,9.9979800051e-04,2.4396510364e+00
576.650000,9.9845109140e-04,2.4180890247e+00
576.700000,9.9957694408e-04,2.2938591595e+00
576.750000,1.0019660267e-03,2.5384057286e+00
576.800000,9.9955422421e-04,2.6991218683e+00
576.850000,9.9989005624e-04,2.3514111516e+00
576.900000,1.0017741591e-03,2.4749483124e+00
576.950000,9.9917115718e-04,2.4347645405e+00
577.000000,1.0006881619e-03,2.5763201731e+00
577.050000,9.9852423606e-04,2.4332980147e+00
577.100000,9.9950512363e-04,2.5902062711e+00
577.150000,1.0007847115e-03,2.5964617942e+00
577.200000,1.0000927157e-03,2.6106091026e+00
577.250000,1.0006104273e-03,2.5956124410e+00
577.300000,1.0012881354e-03,2.4574230853e+00
577.350000,1.0010965072e-03,2.3775521519e+00
577.400000,9.9970629648e-04,2.5951682728e+00
577.450000,9.9920347519e-04,2.5431219067e+00
577.500000,1.0008264727e-03,2.5456400857e+00
577.550000,1.0009769294e-03,2.2967227412e+00
577.600000,9.9980797874e-04,2.5229409696e+00
577.650000,9.9939210007e-04,2.4772077967e+00
577.700000,1.0003387252e-03,2.4584881947e+00
577.750000,1.0005247941e-03,2.4316621914e+00
577.800000,9.9969041130e-04,2.6339480777e+00
577.850000,1.0008317576e-03,2.5478740833e+00
577.900000,9.9980144031e-04,2.4624075241e+00
577.950000,1.0020139795e-03,2.5511350948e+00
578.000000,1.0007337913e-03,2.5826217459e+00
578.050000,9.9871825366e-04,2.5778030516e+00
578.100000,1.0008802981e-03,2.5479475892e+00
578.150000,1.0017322687e-03,2.2608275480e+00
578.200000,1.0007804748e-03,2.4151206532e+00
578.250000,9.9916453106e-04,2.6190813298e+00
578.300000,9.9909146975e-04,2.5168376579e+00
578.350000,1.0000654368e-03,2.3383176204e+00
578.400000,9.9827098983e-04,2.7258296612e+00
578.450000,9.9981771761e-04,2.3252505078e+00
578.500000,9.9842964268e-04,2.3739644596e+00
578.550000,1.0013888205e-03,2.6595690220e+00
578.600000,9.9811289273e-04,2.5769590846e+00
578.650000,9.9929138420e-04,2.5793689146e+00
578.700000,9.9759704656e-04,2.5051877496e+00
578.750000,9.9851745441e-04,2.4647336535e+00
578.800000,9.9938841660e-04,2.5364912524e+00
578.850000,9.9957141096e-04,2.2277024498e+00
578.900000,1.0000533753e-03,2.7935627556e+00
578.950000,1.0021714694e-03,2.2835209491e+00
579.000000,1.0021295953e-03,2.6793488198e+00
579.050000,9.9867799792e-04,2.5503107879e+00
579.100000,9.9964474920e-04,2.5845449190e+00
579.150000,9.9921058499e-04,2.4844636275e+00
579.200000,1.0001191446e-03,2.6023940901e+00
579.250000,1.0016634344e-03,2.6311053647e+00
579.300000,9.9981066516e-04,2.5758842491e+00
579.350000,1.0004692050e-03,2.2751910586e+00
579.400000,9.9906336091e-04,2.7776733026e+00
579.450000,9.9858508353e-04,2.2716454464e+00
579.500000,1.0005051935e-03,2.6751186344e+00
579.550000,9.9778303804e-04,2.3925493167e+00
579.600000,9.9991131838e-04,2.3260928468e+00
579.650000,9.9934583600e-04,2.5954868579e+00
579.700000,1.0003502550e-03,2.5704912569e+00
579.750000,1.0002652804e-03,2.6986300506e+00
579.800000,9.9917031412e-04,2.7441552825e+00
579.850000,1.0019763011e-03,2.2938269168e+00
579.900000,9.9877136195e-04,2.3805837765e+00
579.950000,1.0005201369e-03,2.8011546243e+00
580.000000,9.9971164600e-04,2.6834301311e+00
580.050000,1.0006406405e-03,2.5059705953e+00
580.100000,9.9962940206e-04,2.6131061551e+00
580.150000,9.9958038713e-04,2.6366142737e+00
580.200000,9.9921768061e-04,2.4355034601e+00
580.250000,1.0016093667e-03,2.5144400708e+00
580.300000,9.9824417386e-04,2.5404498867e+00
580.350000,9.9979234275e-04,2.5044230839e+00
580.400000,9.9996612312e-04,2.6955664401e+00
580.450000,1.0011060988e-03,2.4592251299e+00
580.500000,1.0009128089e-03,2.5502885907e+00
580.550000,1.0004541034e-03,2.4173859007e+00
580.600000,1.0001521180e-03,2.4351719491e+00
580.650000,1.0010973739e-03,2.6511562289e+00
580.700000,1.0017845059e-03,2.4566829906e+00
580.750000,9.9931589216e-04,2.4576078200e+00
580.800000,9.9669307186e-04,2.4923592107e+00
580.850000,1.0011257641e-03,2.4544404081e+00
580.900000,1.0001767863e-03,2.5411956325e+00
580.950000,9.9950183429e-04,2.4513721615e+00
581.000000,9.9870545972e-04,2.4510912068e+00
581.050000,1.0018344905e-03,2.7156705618e+00
581.100000,1.0011719564e-03,2.6279282695e+00
581.150000,9.9953166120e-04,2.5265775172e+00
581.200000,1.0002875125e-03,2.4880223483e+00
581.250000,9.9842485737e-04,2.5205133466e+00
581.300000,9.9984182862e-04,2.4202896966e+00
581.350000,9.9963045439e-04,2.4911862120e+00
581.400000,9.9813886276e-04,2.3636585858e+00
581.450000,9.9966283800e-04,2.4594043438e+00
581.500000,9.9964182745e-04,2.3983343688e+00
581.550000,1.0001037353e-03,2.7440096580e+00
581.600000,9.9972418449e-04,2.5150422396e+00
581.650000,1.0012633856e-03,2.5492813326e+00
581.700000,9.9986887771e-04,2.5189217258e+00
581.750000,9.9978183428e-04,2.7014541528e+00
581.800000,9.9893050646e-04,2.4495541400e+00
581.850000,1.0001002067e-03,2.4657727511e+00
581.900000,9.9916494302e-04,2.5499285925e+00
581.950000,1.0000629694e-03,2.5128551855e+00
582.000000,1.0009953818e-03,2.5075009862e+00
582.050000,1.0006474701e-03,2.4651147870e+00
582.100000,1.0010076556e-03,2.3797902215e+00
582.150000,1.0005672580e-03,2.5432576586e+00
582.200000,1.0003056929e-03,2.4818270095e+00
582.250000,1.0008388613e-03,2.4058773335e+00
582.300000,9.9984819074e-04,2.4614602697e+00
582.350000,1.0005047750e-03,2.3822429884e+00
582.400000,9.9977434096e-04,2.6064941417e+00
582.450000,9.9977901900e-04,2.2977766362e+00
582.500000,1.0010249959e-03,2.5642253835e+00
582.550000,1.0015606588e-03,2.5543042047e+00
582.600000,9.9826590912e-04,2.3412431874e+00
582.650000,9.9910424664e-04,2.5340713561e+00
582.700000,9.9966868142e-04,2.5124182871e+00
582.750000,1.0001106162e-03,2.6799883328e+00
582.800000,1.0001422630e-03,2.3346092014e+00
582.850000,1.0011611754e-03,2.6224395020e+00
582.900000,1.0009014026e-03,2.7134650739e+00
582.950000,1.0003914777e-03,2.4530651510e+00
583.000000,1.0000646220e-03,2.5777581425e+00
583.050000,9.9968252774e-04,2.6075263940e+00
583.100000,9.9923368813e-04,2.6038374488e+00
583.150000,1.0006895350e-03,2.3495803589e+00
583.200000,9.9875930847e-04,2.6595966095e+00
583.250000,1.0017877632e-03,2.4863127474e+00
583.300000,9.9834490334e-04,2.5093471914e+00
583.350000,1.0009837730e-03,2.4698475871e+00
583.400000,9.9975839897e-04,2.4507242374e+00
583.450000,1.0003543664e-03,2.4884161324e+00
583.500000,1.0008908637e-03,2.2176607199e+00
583.550000,9.9894455309e-04,2.5944629421e+00
583.600000,1.0002840101e-03,2.4454108508e+00
583.650000,9.9963471923e-04,2.4306905415e+00
583.700000,9.9735175218e-04,2.4141626524e+00
583.750000,1.0007104042e-03,2.7783415255e+00
583.800000,9.9744614490e-04,2.3978623273e+00
583.850000,1.0001706022e-03,2.6738968059e+00
583.900000,1.0004659992e-03,2.7306148993e+00
583.950000,1.0014347272e-03,2.3361550966e+00
584.000000,1.0002907323e-03,2.3772938277e+00
584.050000,9.9979779633e-04,2.6064777590e+00
584.100000,9.9967804749e-04,2.4910995597e+00
584.150000,9.9994183951e-04,2.3423406844e+00
584.200000,1.0006526477e-03,2.6803282671e+00
584.250000,9.9795159183e-04,2.4524065381e+00
584.300000,1.0005142164e-03,2.3509808443e+00
584.350000,1.0010527847e-03,2.5130047687e+00
584.400000,9.9882312527e-04,2.3825504942e+00
584.450000,9.9791391033e-04,2.4931799032e+00
584.500000,1.0007232649e-03,2.4996712698e+00
584.550000,9.9955964107e-04,2.6646478310e+00
584.600000,1.0002151783e-03,2.5368317839e+00
584.650000,9.9998143899e-04,2.6717469515e+00
584.700000,9.9976114365e-04,2.1456397199e+00
584.750000,9.9975127750e-04,2.4411208430e+00
584.800000,1.0005972060e-03,2.4360413121e+00
584.850000,9.9868408001e-04,2.4308793729e+00
584.900000,1.0011144167e-03,2.4558779168e+00
584.950000,1.0003237086e-03,2.8535959944e+00
585.000000,9.9887027705e-04,2.5560198830e+00
585.050000,9.9939270303e-04,2.5033617054e+00
585.100000,1.0001066771e-03,2.4953097444e+00
585.150000,9.9895455590e-04,2.4715331944e+00
585.200000,1.0004164960e-03,2.2789072303e+00
585.250000,9.9853776354e-04,2.4090772468e+00
585.300000,9.9952846606e-04,2.5274045669e+00
585.350000,1.0000476655e-03,2.5656435473e+00
585.400000,9.9954680065e-04,2.2362397531e+00
585.450000,1.0026543338e-03,2.4666780664e+00
585.500000,9.9972797898e-04,2.6002674733e+00
585.550000,1.0024375191e-03,2.4557295873e+00
585.600000,9.9822590761e-04,2.6020557402e+00
585.650000,9.9914943936e-04,2.6595183396e+00
585.700000,1.0002231216e-03,2.6035177910e+00
585.750000,1.0009626536e-03,2.6310939935e+00
585.800000,9.9940372275e-04,2.2641442383e+00
585.850000,1.0007229950e-03,2.5517009348e+00
585.900000,9.9968557565e-04,2.4657239507e+00
585.950000,1.0007299759e-03,2.6363123579e+00
586.000000,1.0007694061e-03,2.5634086135e+00
586.050000,9.9999106291e-04,2.7205237552e+00
586.100000,1.0000853328e-03,2.6669905934e+00
586.150000,1.0006381775e-03,2.4529762162e+00
586.200000,9.9876552646e-04,2.5297768813e+00
586.250000,9.9939199249e-04,2.6234886532e+00
586.300000,9.9807384099e-04,2.3145195239e+00
586.350000,9.9937322190e-04,2.5490454846e+00
586.400000,1.0002271316e-03,2.6579631802e+00
586.450000,1.0009860935e-03,2.4237350311e+00
586.500000,1.0011637867e-03,2.7059143615e+00
586.550000,1.0009465608e-03,2.5604333975e+00
586.600000,1.0011041244e-03,2.5745260430e+00
586.650000,9.9947155047e-04,2.5008443898e+00
586.700000,9.9936046591e-04,2.3963870190e+00
586.750000,9.9935540622e-04,2.2359889166e+00
586.800000,9.9993440210e-04,2.4877196219e+00
586.850000,9.9891089891e-04,2.6795964711e+00
586.900000,9.9954184641e-04,2.2537419696e+00
586.950000,9.9930733040e-04,2.5815322223e+00
587.000000,9.9942968224e-04,2.5952556098e+00
587.050000,9.9897333496e-04,2.5849868833e+00
587.100000,1.0017893539e-03,2.4599260376e+00
587.150000,9.9939106198e-04,2.6408310594e+00
587.200000,9.9978876862e-04,2.5645489892e+00
587.250000,1.0013789752e-03,2.8515936983e+00
587.300000,1.0012352297e-03,2.3975129885e+00
587.350000,1.0011665630e-03,2.6355613884e+00
587.400000,1.0002093563e-03,2.5520139707e+00
587.450000,9.9975059965e-04,2.5993545381e+00
587.500000,1.0002606987e-03,2.8339941330e+00
587.550000,9.9740114203e-04,2.6091178190e+00
587.600000,9.9885232954e-04,2.5185444674e+00
587.650000,9.9825761269e-04,2.7003616809e+00
587.700000,9.9901706388e-04,2.4279263233e+00
587.750000,9.9892540446e-04,2.3553854661e+00
587.800000,9.9920963775e-04,2.4218364893e+00
587.850000,1.0000533823e-03,2.6881476043e+00
587.900000,1.0001668786e-03,2.3407951004e+00
587.950000,9.9959804460e-04,2.5238098428e+00
588.000000,9.9960724048e-04,2.3445916102e+00
588.050000,9.9918337313e-04,2.5103858412e+00
588.100000,1.0013161233e-03,2.5829605825e+00
588.150000,1.0006522641e-03,2.4140285889e+00
588.200000,1.0009674858e-03,2.5108873305e+00
588.250000,9.9885484760e-04,2.7124331782e+00
588.300000,9.9943248029e-04,2.2049525604e+00
588.350000,1.0004493909e-03,2.4445282273e+00
588.400000,9.9959357062e-04,2.5881804154e+00
588.450000,9.9824861251e-04,2.5136920950e+00
588.500000,9.9941750267e-04,2.5733093496e+00
588.550000,9.9920921907e-04,2.4915568145e+00
588.600000,1.0004139249e-03,2.4226678992e+00
588.650000,9.9895839816e-04,2.5791281572e+00
588.700000,9.9913021725e-04,2.6075119549e+00
588.750000,1.0004130944e-03,2.7236394634e+00
588.800000,9.9970035188e-04,2.5624039519e+00
588.850000,9.9845719686e-04,2.4274040418e+00
588.900000,9.9947269509e-04,2.6732439449e+00
588.950000,1.0002574109e-03,2.4667361266e+00
589.000000,1.0003611420e-03,2.7216741854e+00
589.050000,1.0001143064e-03,2.5718900699e+00
589.100000,1.0023157954e-03,2.5518275150e+00
589.150000,1.0001273701e-03,2.3480361618e+00
589.200000,1.0003609070e-03,2.4655249810e+00
589.250000,9.9907697483e-04,2.6179216631e+00
589.300000,1.0015656246e-03,2.3662588773e+00
589.350000,9.9822763557e-04,2.6978061704e+00
589.400000,1.0003028414e-03,2.5419586596e+00
589.450000,1.0013086241e-03,2.5705071354e+00
589.500000,1.0006822065e-03,2.4397302198e+00
589.550000,1.0002614416e-03,2.3338972703e+00
589.600000,9.9992533436e-04,2.5129572605e+00
589.650000,1.0010608312e-03,2.3951310584e+00
589.700000,9.9885070388e-04,2.5874558803e+00
589.750000,9.9831495591e-04,2.7256865666e+00
589.800000,9.9864964735e-04,2.4738558535e+00
589.850000,9.9871359371e-04,2.5588100375e+00
589.900000,9.9782456668e-04,2.4074036326e+00
589.950000,1.0004588951e-03,2.8093614217e+00
590.000000,1.0005661877e-03,2.4523557966e+00
590.050000,9.9975684316e-04,2.5621439875e+00
590.100000,1.0000852801e-03,2.5695439799e+00
590.150000,9.9939582498e-04,2.4897664486e+00
590.200000,9.9805421271e-04,2.2406827572e+00
590.250000,9.9950658194e-04,2.5611525118e+00
590.300000,9.9805862399e-04,2.3628520015e+00
590.350000,9.9980173003e-04,2.4496263047e+00
590.400000,1.0010859907e-03,2.2859903722e+00
590.450000,1.0005670343e-03,2.3753862113e+00
590.500000,1.0018571275e-03,2.3986789474e+00
590.550000,9.9858910934e-04,2.4927498221e+00
590.600000,9.9947077026e-04,2.4136118939e+00
590.650000,1.0013936907e-03,2.5767904764e+00
590.700000,9.9982778890e-04,2.6398649316e+00
590.750000,9.9997820112e-04,2.5106646669e+00
590.800000,9.9942077897e-04,2.5586522913e+00
590.850000,9.9953699917e-04,2.6166650051e+00
590.900000,9.9898561855e-04,2.6779585863e+00
590.950000,9.9998589876e-04,2.4283439248e+00
591.000000,9.9968722824e-04,2.3503956224e+00
591.050000,1.0000608241e-03,2.5247170371e+00
591.100000,9.9995166941e-04,2.6326680422e+00
591.150000,9.9948368591e-04,2.4592815682e+00
591.200000,1.0010519946e-03,2.4397550592e+00
591.250000,9.9904644408e-04,2.6053633137e+00
591.300000,9.9877255761e-04,2.6109549498e+00
591.350000,9.9854840577e-04,2.5053990094e+00
591.400000,9.9859513565e-04,2.6066512185e+00
591.450000,9.9990755175e-04,2.5359480246e+00
591.500000,9.9960665738e-04,2.6076386850e+00
591.550000,9.9827668877e-04,2.5938539939e+00
591.600000,1.0005938495e-03,2.6180715717e+00
591.650000,9.9841987288e-04,2.5814618215e+00
591.700000,1.0020389792e-03,2.7164837169e+00
591.750000,1.0007251688e-03,2.5629385262e+00
591.800000,9.9886705712e-04,2.5058269110e+00
591.850000,9.9931553798e-04,2.5592411816e+00
591.900000,9.9864334533e-04,2.3918625064e+00
591.950000,1.0001693532e-03,2.6640218582e+00
592.000000,9.9991347848e-04,2.5386386559e+00
592.050000,1.0002663282e-03,2.3578777094e+00
592.100000,9.9831712244e-04,2.4803075875e+00
592.150000,9.9936852025e-04,2.6928599255e+00
592.200000,1.0004525724e-03,2.3344631270e+00
592.250000,9.9956070828e-04,2.3230073906e+00
592.300000,9.9974165679e-04,2.5364349951e+00
592.350000,1.0018889055e-03,2.5941441887e+00
592.400000,1.0007441018e-03,2.4103924332e+00
592.450000,9.9918455324e-04,2.4880996531e+00
592.500000,1.0001372199e-03,2.5138557493e+00
592.550000,9.9972071384e-04,2.5367808431e+00
592.600000,9.9987540246e-04,2.5584383488e+00
592.650000,1.0006304724e-03,2.3060529737e+00
592.700000,1.0003393221e-03,2.4774625033e+00
592.750000,9.9943648906e-04,2.4682218764e+00
592.800000,1.0000811529e-03,2.5749852250e+00
592.850000,1.0000767871e-03,2.5190698292e+00
592.900000,1.0008352768e-03,2.5476099473e+00
592.950000,9.9954342120e-04,2.4599237716e+00
593.000000,9.9990504174e-04,2.3675019251e+00
593.050000,9.9937637741e-04,2.8850889843e+00
593.100000,9.9716202365e-04,2.3915290352e+00
593.150000,9.9993108697e-04,2.6593222750e+00
593.200000,1.0001255221e-03,2.4405264127e+00
593.250000,9.9608840589e-04,2.3631577726e+00
593.300000,1.0016885211e-03,2.6557924452e+00
593.350000,1.0002138727e-03,2.4046378503e+00
593.400000,1.0001279822e-03,2.5199093859e+00
593.450000,1.0007418521e-03,2.6459166133e+00
593.500000,1.0011369458e-03,2.5148401478e+00
593.550000,9.9936751963e-04,2.5475529370e+00
593.600000,1.0005181681e-03,2.6469078883e+00
593.650000,1.0002557672e-03,2.5507377220e+00
593.700000,1.0017968308e-03,2.5212855734e+00
593.750000,9.9953832681e-04,2.7824925067e+00
593.800000,9.9987205527e-04,2.7660208123e+00
593.850000,9.9828180052e-04,2.4887022217e+00
593.900000,9.9991667200e-04,2.6331196290e+00
593.950000,1.0021227945e-03,2.5858006792e+00
594.000000,1.0000803777e-03,2.5549212880e+00
594.050000,1.0000104643e-03,2.6416754819e+00
594.100000,9.9759318821e-04,2.5656495847e+00
594.150000,1.0017701806e-03,2.4279880601e+00
594.200000,1.0010693642e-03,2.5375119876e+00
594.250000,9.9882519907e-04,2.2977291264e+00
594.300000,1.0017036351e-03,2.4198835867e+00
594.350000,1.0011263836e-03,2.5491329409e+00
594.400000,9.9928367242e-04,2.3636219105e+00
594.450000,1.0019555136e-03,2.5381179804e+00
594.500000,9.9883611363e-04,2.4856053638e+00
594.550000,1.0008089198e-03,2.4317617209e+00
594.600000,9.9988878413e-04,2.6324606396e+00
594.650000,9.9955515012e-04,2.7610070710e+00
594.700000,9.9992010229e-04,2.4711766665e+00
594.750000,1.0003472864e-03,2.2711062960e+00
594.800000,9.9981415860e-04,2.5093309749e+00
594.850000,9.9879292921e-04,2.6485345048e+00
594.900000,1.0002203045e-03,2.6345512012e+00
594.950000,9.9817846284e-04,2.4314374300e+00
595.000000,1.0009543386e-03,2.5649068720e+00
595.050000,9.9889097188e-04,2.5881404982e+00
595.100000,9.9938787996e-04,2.5134438675e+00
595.150000,9.9857738789e-04,2.6213115713e+00
595.200000,1.0005301284e-03,2.3931985841e+00
595.250000,9.9899347196e-04,2.5233052606e+00
595.300000,9.9870202556e-04,2.4115138358e+00
595.350000,1.0011190214e-03,2.4680940239e+00
595.400000,9.9850633874e-04,2.5669463434e+00
595.450000,9.9923357442e-04,2.3551981223e+00
595.500000,9.9947230302e-04,2.5463980828e+00
595.550000,9.9960794906e-04,2.6238848499e+00
595.600000,1.0003404913e-03,2.5122962995e+00
595.650000,9.9820839085e-04,2.5125923577e+00
595.700000,9.9945938351e-04,2.6320884797e+00
595.750000,9.9997808344e-04,2.4539295499e+00
595.800000,9.9996743406e-04,2.4363349438e+00
595.850000,9.9986150170e-04,2.4523803094e+00
595.900000,9.9873048141e-04,2.4777812175e+00
595.950000,9.9884509027e-04,2.4338579222e+00
596.000000,9.9864768643e-04,2.5460738825e+00
596.050000,9.9987000428e-04,2.6684181046e+00
596.100000,1.0008774614e-03,2.8390760261e+00
596.150000,1.0003320257e-03,2.3527412211e+00
596.200000,9.9900124193e-04,2.4382397862e+00
596.250000,9.9882533815e-04,2.4653630445e+00
596.300000,1.0020711876e-03,2.5720212134e+00
596.350000,9.9967629834e-04,2.5134900157e+00
596.400000,9.9857106664e-04,2.4568181413e+00
596.450000,9.9938390755e-04,2.5368423046e+00
596.500000,1.0013145461e-03,2.3337770717e+00
596.550000,1.0001746483e-03,2.3317497188e+00
596.600000,1.0007222281e-03,2.3426994301e+00
596.650000,9.9785334278e-04,2.4109974783e+00
596.700000,1.0009023020e-03,2.4449344509e+00
596.750000,1.0010692844e-03,2.5159703884e+00
596.800000,1.0006702577e-03,2.8677627017e+00
596.850000,9.9913752752e-04,2.6790995905e+00
596.900000,1.0007598592e-03,2.4071257616e+00
596.950000,1.0012265368e-03,2.4597783574e+00
597.000000,9.9919868534e-04,2.5327607880e+00
597.050000,9.9760263340e-04,2.5494330320e+00
597.100000,9.9912470646e-04,2.5207841839e+00
597.150000,1.0005822575e-03,2.7155641275e+00
597.200000,9.9926305254e-04,2.4565106175e+00
597.250000,9.9850823758e-04,2.4987564188e+00
597.300000,9.9910994464e-04,2.5530036508e+00
597.350000,9.9958618014e-04,2.6213408195e+00
597.400000,1.0018921851e-03,2.6055111919e+00
597.450000,1.0007096030e-03,2.5537318946e+00
597.500000,9.9935826804e-04,2.4746575243e+00
597.550000,9.9862313801e-04,2.4468640495e+00
597.600000,1.0005117237e-03,2.6381774293e+00
597.650000,1.0004420427e-03,2.7363579278e+00
597.700000,1.0017449183e-03,2.3249404052e+00
597.750000,1.0005945461e-03,2.5783661522e+00
597.800000,9.9876145397e-04,2.4693460943e+00
597.850000,9.9983525561e-04,2.7155931382e+00
597.900000,9.9992460145e-04,2.5435641438e+00
597.950000,1.0018632267e-03,2.7192332912e+00
598.000000,9.9894799508e-04,2.3664464697e+00
598.050000,1.0005963548e-03,2.3800107750e+00
598.100000,9.9906487766e-04,2.4303149420e+00
598.150000,1.0012827663e-03,2.6854148385e+00
598.200000,9.9938880606e-04,2.4844971999e+00
598.250000,1.0007444716e-03,2.4027308428e+00
598.300000,9.9988501538e-04,2.3834602724e+00
598.350000,9.9993151494e-04,2.5233298591e+00
598.400000,9.9961324694e-04,2.4179851139e+00
598.450000,1.0001441757e-03,2.4190401815e+00
598.500000,9.9995841406e-04,2.8899877023e+00
598.550000,9.9862236763e-04,2.5163009488e+00
598.600000,1.0016024501e-03,2.4114724987e+00
598.650000,9.9806965597e-04,2.7874474074e+00
598.700000,9.9952919814e-04,2.5291301847e+00
598.750000,9.9927455279e-04,2.4852613667e+00
598.800000,1.0000275839e-03,2.5980703558e+00
598.850000,1.0010659450e-03,2.6309913916e+00
598.900000,1.0008148183e-03,2.3027289894e+00
598.950000,1.0005852940e-03,2.6950815369e+00
599.000000,9.9934556600e-04,2.6090147910e+00
599.050000,1.0021163004e-03,2.6684664838e+00
599.100000,9.9842609194e-04,2.3567257930e+00
599.150000,1.0026975549e-03,2.4767564672e+00
599.200000,1.0018339789e-03,2.5526510088e+00
599.250000,1.0003248692e-03,2.4357831200e+00
599.300000,9.9945047564e-04,2.6473632704e+00
599.350000,1.0003820497e-03,2.6732510223e+00
599.400000,1.0007442818e-03,2.4525807297e+00
599.450000,1.0001305254e-03,2.7023386105e+00
599.500000,9.9931957224e-04,2.5532067197e+00
599.550000,1.0013702382e-03,2.5121072221e+00
599.600000,9.9926985199e-04,2.2933414231e+00
599.650000,1.0011341074e-03,2.5053093063e+00
599.700000,9.9954472073e-04,2.7348335495e+00
599.750000,1.0012562454e-03,2.5219827764e+00
599.800000,1.0010113646e-03,2.4857522040e+00
599.850000,1.0005535983e-03,2.7984705513e+00
599.900000,9.9873674240e-04,2.4960282793e+00
599.950000,9.9974457280e-04,2.5240570959e+00
600.000000,9.9856421663e-04,2.3143128129e+00
