Time [s],Displacement [m],Force [N]
0.000000,1.1436666072e-07,-9.3130771771e-06
0.050000,6.0336953800e-06,5.5789493255e-05
0.100000,9.1436289819e-06,1.7193668677e-04
0.150000,1.6053545773e-05,3.2830800049e-04
0.200000,1.9708473311e-05,6.4522812300e-04
0.250000,2.5953573891e-05,9.0211640325e-04
0.300000,3.2481152788e-05,1.2027283151e-03
0.350000,3.4706425972e-05,1.6533261803e-03
0.400000,3.9557675840e-05,2.2793761594e-03
0.450000,4.7376352924e-05,2.8268340410e-03
0.500000,5.2475530883e-05,3.6609057490e-03
0.550000,5.4148895257e-05,4.3463980853e-03
0.600000,6.0549793979e-05,4.3649408930e-03
0.650000,6.6043850502e-05,5.1724738058e-03
0.700000,6.9608944238e-05,5.8814558572e-03
0.750000,7.4364617782e-05,7.1313577162e-03
0.800000,7.7540147008e-05,7.9847000624e-03
0.850000,8.3630015886e-05,9.3411794692e-03
0.900000,8.8312635613e-05,9.9960129485e-03
0.950000,9.6037554381e-05,1.0660765376e-02
1.000000,1.0041791020e-04,1.2117149958e-02
1.050000,1.0585794512e-04,1.1699772770e-02
1.100000,1.1238076303e-04,1.4011892355e-02
1.150000,1.1430574372e-04,1.6468841713e-02
1.200000,1.1796869320e-04,1.6664090476e-02
1.250000,1.2571295523e-04,1.5706814464e-02
1.300000,1.2960678992e-04,1.6518246493e-02
1.350000,1.3567600014e-04,1.9319721497e-02
1.400000,1.3957877708e-04,2.1269853147e-02
1.450000,1.4608135017e-04,1.9529326948e-02
1.500000,1.4965565911e-04,2.2590127326e-02
1.550000,1.5687417793e-04,2.3778907849e-02
1.600000,1.5879803537e-04,2.7906508307e-02
1.650000,1.6588159337e-04,2.8786948003e-02
1.700000,1.6921941750e-04,2.8414955269e-02
1.750000,1.7563145881e-04,3.2135267739e-02
1.800000,1.7919685956e-04,3.2625553894e-02
1.850000,1.8461741169e-04,3.2879337523e-02
1.900000,1.8981038321e-04,3.6434280219e-02
1.950000,1.9641265807e-04,3.7861313605e-02
2.000000,2.0159067187e-04,3.8399883668e-02
2.050000,2.0538924931e-04,3.6372636152e-02
2.100000,2.1020577311e-04,4.0492869150e-02
2.150000,2.1537982567e-04,4.4986754532e-02
2.200000,2.1703466774e-04,4.5738577170e-02
2.250000,2.2509779254e-04,4.7360287529e-02
2.300000,2.3013721385e-04,5.0458805797e-02
2.350000,2.3373571045e-04,5.0776201521e-02
2.400000,2.4021645343e-04,5.0190317522e-02
2.450000,2.4678336105e-04,5.0901880918e-02
2.500000,2.5070646993e-04,5.5529250477e-02
2.550000,2.5352198922e-04,5.5833981992e-02
2.600000,2.6144579424e-04,6.2540716980e-02
2.650000,2.6577010128e-04,6.2440036082e-02
2.700000,2.6950260899e-04,6.4486670209e-02
2.750000,2.7598701076e-04,6.7453124467e-02
2.800000,2.7948150278e-04,6.8719056708e-02
2.850000,2.8678216522e-04,7.1136540273e-02
2.900000,2.9122349729e-04,7.6780095081e-02
2.950000,2.9528704861e-04,7.3706936963e-02
3.000000,2.9920765574e-04,7.3998844259e-02
3.050000,3.0507495639e-04,8.0287119052e-02
3.100000,3.1211044645e-04,8.5029109804e-02
3.150000,3.1500888511e-04,8.5921929145e-02
3.200000,3.2119681497e-04,9.1600855842e-02
3.250000,3.2495647626e-04,8.5798136193e-02
3.300000,3.3075129974e-04,8.9253910893e-02
3.350000,3.3321396115e-04,8.9863837389e-02
3.400000,3.4028035741e-04,9.2140908412e-02
3.450000,3.4559077911e-04,9.3863072849e-02
3.500000,3.4964316932e-04,1.0109822684e-01
3.550000,3.5392511235e-04,1.0313540028e-01
3.600000,3.5882322513e-04,9.9570123335e-02
3.650000,3.6664611715e-04,9.9254489478e-02
3.700000,3.6999911784e-04,1.0717635057e-01
3.750000,3.7448833535e-04,1.1282385815e-01
3.800000,3.7909248007e-04,1.1671471139e-01
3.850000,3.8526902927e-04,1.2175345009e-01
3.900000,3.8942701327e-04,1.2232162792e-01
3.950000,3.9412140709e-04,1.3538429260e-01
4.000000,3.9927088025e-04,1.2290367953e-01
4.050000,4.0392375017e-04,1.3466343123e-01
4.100000,4.0930828830e-04,1.3695608725e-01
4.150000,4.1483891663e-04,1.2150039347e-01
4.200000,4.2065338142e-04,1.3711881196e-01
4.250000,4.2507607579e-04,1.3358097636e-01
4.300000,4.2832725623e-04,1.3975486297e-01
4.350000,4.3610264211e-04,1.3626782867e-01
4.400000,4.3871887785e-04,1.4975437990e-01
4.450000,4.4556341480e-04,1.4437294354e-01
4.500000,4.5055317706e-04,1.5685703627e-01
4.550000,4.5553291622e-04,1.6376942238e-01
4.600000,4.6095303254e-04,1.5585069552e-01
4.650000,4.6603074026e-04,1.5680121799e-01
4.700000,4.7037827344e-04,1.5867166313e-01
4.750000,4.7356485222e-04,1.7468623880e-01
4.800000,4.8108917102e-04,1.5778184296e-01
4.850000,4.8432369792e-04,1.7856717102e-01
4.900000,4.9178505315e-04,1.5908699223e-01
4.950000,4.9459756478e-04,1.8133886690e-01
5.000000,5.0001275995e-04,1.9883138091e-01
5.050000,5.0437036193e-04,2.0195708321e-01
5.100000,5.0891448521e-04,1.8736859117e-01
5.150000,5.1573200693e-04,2.0666325472e-01
5.200000,5.2045855452e-04,2.0002480295e-01
5.250000,5.2523952899e-04,2.0288793382e-01
5.300000,5.3189676925e-04,2.1634768572e-01
5.350000,5.3668312085e-04,2.1565754555e-01
5.400000,5.4016066026e-04,2.0918241692e-01
5.450000,5.4486850597e-04,2.0539898479e-01
5.500000,5.5186368242e-04,2.0093518770e-01
5.550000,5.5402945178e-04,2.2900266472e-01
5.600000,5.6008358947e-04,2.3210637967e-01
5.650000,5.6538045868e-04,2.2377568125e-01
5.700000,5.7073217854e-04,2.2269369838e-01
5.750000,5.7610164953e-04,2.4554647358e-01
5.800000,5.7979201788e-04,2.4207065578e-01
5.850000,5.8510752251e-04,2.4978693922e-01
5.900000,5.9073442668e-04,2.4014498456e-01
5.950000,5.9470091786e-04,2.5380576894e-01
6.000000,5.9851177845e-04,2.4713166884e-01
6.050000,6.0335945580e-04,2.4419025257e-01
6.100000,6.1111443460e-04,3.0206986560e-01
6.150000,6.1471534885e-04,2.6432499389e-01
6.200000,6.2064323420e-04,2.8382981263e-01
6.250000,6.2551168801e-04,2.6216738825e-01
6.300000,6.3188353453e-04,2.4863849191e-01
6.350000,6.3393317452e-04,2.8965728230e-01
6.400000,6.4040011034e-04,2.7351530420e-01
6.450000,6.4393663498e-04,2.8556146895e-01
6.500000,6.5017985654e-04,3.0724655395e-01
6.550000,6.5634499107e-04,3.0407899450e-01
6.600000,6.5785515476e-04,3.1129663536e-01
6.650000,6.6437593366e-04,3.1796666598e-01
6.700000,6.6885096384e-04,3.1667367969e-01
6.750000,6.7386605541e-04,3.2358889818e-01
6.800000,6.8136211428e-04,3.1067398499e-01
6.850000,6.8571199292e-04,3.1470535754e-01
6.900000,6.8964550910e-04,3.1989386250e-01
6.950000,6.9555582028e-04,3.6530257870e-01
7.000000,6.9989768959e-04,3.2456019709e-01
7.050000,7.0546564378e-04,3.5065991437e-01
7.100000,7.0998758175e-04,3.6277579472e-01
7.150000,7.1525467262e-04,3.5892383163e-01
7.200000,7.1781453161e-04,3.4526443932e-01
7.250000,7.2556350768e-04,3.7464486822e-01
7.300000,7.3086718953e-04,3.5160795739e-01
7.350000,7.3589089161e-04,3.5636425902e-01
7.400000,7.3945608254e-04,3.6114556156e-01
7.450000,7.4500517241e-04,3.9887069503e-01
7.500000,7.5144326001e-04,3.8617778877e-01
7.550000,7.5526260271e-04,4.0507579900e-01
7.600000,7.5894015683e-04,3.8672577576e-01
7.650000,7.6480294663e-04,4.0550504051e-01
7.700000,7.6935351326e-04,4.1085122191e-01
7.750000,7.7528908862e-04,3.6787419638e-01
7.800000,7.8144448163e-04,4.0399458176e-01
7.850000,7.8503929374e-04,3.5866937085e-01
7.900000,7.8855251968e-04,3.8249829349e-01
7.950000,7.9514455740e-04,4.1418930136e-01
8.000000,8.0006314803e-04,4.7428973733e-01
8.050000,8.0452875244e-04,4.6386087721e-01
8.100000,8.1139630209e-04,4.2914111452e-01
8.150000,8.1547747495e-04,4.3729229148e-01
8.200000,8.1890745592e-04,4.7680963993e-01
8.250000,8.2689584389e-04,4.4330328497e-01
8.300000,8.2926124985e-04,4.4121686605e-01
8.350000,8.3593413529e-04,4.3169953616e-01
8.400000,8.4026583407e-04,5.2077939871e-01
8.450000,8.4506447623e-04,4.7757297834e-01
8.500000,8.4944220127e-04,5.1269974802e-01
8.550000,8.5386198063e-04,4.8440565956e-01
8.600000,8.5876774989e-04,4.9827687727e-01
8.650000,8.6577092822e-04,5.7425081525e-01
8.700000,8.7034300592e-04,5.1055921942e-01
8.750000,8.7513443974e-04,5.0988297497e-01
8.800000,8.8029033502e-04,4.8755438257e-01
8.850000,8.8566640798e-04,4.9204042907e-01
8.900000,8.9007696626e-04,5.2797713731e-01
8.950000,8.9483337089e-04,4.9359852395e-01
9.000000,9.0132510523e-04,5.2479170153e-01
9.050000,9.0542252950e-04,5.8016230961e-01
9.100000,9.1139777987e-04,5.3429469674e-01
9.150000,9.1267029255e-04,5.2385926964e-01
9.200000,9.1859567019e-04,5.6501597952e-01
9.250000,9.2624177761e-04,5.8301575986e-01
9.300000,9.2839583568e-04,5.5539920315e-01
9.350000,9.3505989324e-04,5.6823907280e-01
9.400000,9.4149585478e-04,5.6766245495e-01
9.450000,9.4566587889e-04,6.0207172522e-01
9.500000,9.4766828418e-04,5.5519046534e-01
9.550000,9.5487122729e-04,5.9366144746e-01
9.600000,9.5987375817e-04,5.9234327211e-01
9.650000,9.6549025783e-04,6.2123271899e-01
9.700000,9.7052290962e-04,6.4365355870e-01
9.750000,9.7518082382e-04,6.0291350918e-01
9.800000,9.8055791238e-04,5.8602053863e-01
9.850000,9.8529872375e-04,5.9154225883e-01
9.900000,9.9068654140e-04,6.3505146244e-01
9.950000,9.9610931147e-04,6.5552988233e-01
10.000000,1.0002098864e-03,6.8372441816e-01
10.050000,1.0002904836e-03,6.3957728211e-01
10.100000,9.9692917524e-04,6.6029855470e-01
10.150000,9.9938677124e-04,6.4119220832e-01
10.200000,9.9982989142e-04,6.3641496587e-01
10.250000,1.0008891722e-03,6.2511139992e-01
10.300000,9.9898205638e-04,6.6408730655e-01
10.350000,1.0003890036e-03,5.8121810931e-01
10.400000,1.0013699196e-03,5.8715073147e-01
10.450000,1.0008830512e-03,5.8205936475e-01
10.500000,9.9953568898e-04,5.4291722119e-01
10.550000,9.9937459438e-04,5.5230257185e-01
10.600000,1.0003245072e-03,5.6283959193e-01
10.650000,9.9960571523e-04,5.5924517047e-01
10.700000,1.0021369527e-03,5.8484273525e-01
10.750000,9.9994398438e-04,5.5512873098e-01
10.800000,1.0015111404e-03,5.2763487510e-01
10.850000,1.0004252134e-03,5.2574123023e-01
10.900000,1.0009599738e-03,5.5672270862e-01
10.950000,9.9958281098e-04,5.6937284407e-01
11.000000,1.0000584859e-03,5.7872250949e-01
11.050000,9.9849785515e-04,5.2021243728e-01
11.100000,9.9958890660e-04,5.9835767535e-01
11.150000,1.0005688260e-03,5.5256406259e-01
11.200000,1.0003551890e-03,5.1888133945e-01
11.250000,9.9988470131e-04,5.6606620029e-01
11.300000,1.0008696826e-03,5.4919783273e-01
11.350000,1.0005511000e-03,5.0820144559e-01
11.400000,1.0004518359e-03,5.4520023173e-01
11.450000,9.9985998527e-04,5.8013863707e-01
11.500000,9.9929910652e-04,4.7430036527e-01
11.550000,1.0000894459e-03,5.2903906725e-01
11.600000,1.0018474519e-03,5.9765612838e-01
11.650000,1.0000629681e-03,5.4677787343e-01
11.700000,1.0012988217e-03,5.7709738383e-01
11.750000,9.9887843779e-04,5.4555186734e-01
11.800000,1.0001168184e-03,5.4102878850e-01
11.850000,9.9874882715e-04,5.1222932591e-01
11.900000,9.9848491954e-04,5.4432018894e-01
11.950000,1.0014347596e-03,5.2983186677e-01
12.000000,1.0001251940e-03,5.0726426561e-01
12.050000,1.0007109015e-03,5.2631578365e-01
12.100000,9.9872801570e-04,5.4401547493e-01
12.150000,9.9976300551e-04,5.5128859461e-01
12.200000,9.9967661199e-04,5.9122707170e-01
12.250000,1.0008297290e-03,5.7506386312e-01
12.300000,1.0006596896e-03,5.2566193628e-01
12.350000,1.0005206599e-03,5.6491995106e-01
12.400000,9.9973230390e-04,5.4696920389e-01
12.450000,1.0009731603e-03,5.6771425739e-01
12.500000,1.0004778692e-03,5.2340852372e-01
12.550000,9.9954064302e-04,5.6675319391e-01
12.600000,9.9962712067e-04,5.5065283943e-01
12.650000,9.9982326147e-04,5.4544167489e-01
12.700000,1.0017893331e-03,5.7207360655e-01
12.750000,9.9999374840e-04,5.2597370199e-01
12.800000,1.0007736557e-03,5.4083511667e-01
12.850000,9.9959926464e-04,5.8936535143e-01
12.900000,1.0000286254e-03,5.6045578017e-01
12.950000,9.9949770440e-04,5.2470637443e-01
13.000000,1.0003563386e-03,5.6544352675e-01
13.050000,9.9909073341e-04,5.4279725354e-01
13.100000,9.9972722026e-04,5.0686237450e-01
13.150000,9.9898034285e-04,5.8706239384e-01
13.200000,1.0006179365e-03,5.6011632544e-01
13.250000,1.0004261691e-03,5.9251215818e-01
13.300000,1.0005275539e-03,5.6782993400e-01
13.350000,1.0004759776e-03,5.5745389459e-01
13.400000,1.0000674780e-03,5.0912638004e-01
13.450000,1.0018297130e-03,5.6303999428e-01
13.500000,9.9994333266e-04,5.0831376699e-01
13.550000,9.9931970292e-04,5.7678759182e-01
13.600000,9.9893043247e-04,5.8375397005e-01
13.650000,1.0018256063e-03,5.1940693737e-01
13.700000,1.0016027430e-03,5.8214128212e-01
13.750000,1.0004745712e-03,5.5258820184e-01
13.800000,9.9991038927e-04,5.4159312613e-01
13.850000,9.9970336591e-04,5.6416636911e-01
13.900000,1.0000035838e-03,5.8283108808e-01
13.950000,9.9877094379e-04,5.6136310213e-01
14.000000,9.9842502576e-04,5.6359962674e-01
14.050000,1.0005085676e-03,4.8443249633e-01
14.100000,9.9900543049e-04,5.4014424221e-01
14.150000,9.9955753906e-04,5.4110236376e-01
14.200000,9.9907239479e-04,5.8109774609e-01
14.250000,1.0012341556e-03,5.7893418533e-01
14.300000,9.9974830769e-04,5.5623000153e-01
14.350000,1.0005345185e-03,5.1779491462e-01
14.400000,9.9950949557e-04,5.7273347047e-01
14.450000,9.9871752513e-04,5.4013313252e-01
14.500000,1.0003573779e-03,4.9430819886e-01
14.550000,9.9923315451e-04,5.3119288241e-01
14.600000,9.9762817544e-04,5.6934821244e-01
14.650000,9.9956608612e-04,5.8800156645e-01
14.700000,9.9996485374e-04,5.5357770202e-01
14.750000,1.0002343891e-03,5.6473386509e-01
14.800000,1.0015097046e-03,5.4403567059e-01
14.850000,9.9884003517e-04,5.0478800418e-01
14.900000,1.0005954091e-03,5.3205623442e-01
14.950000,1.0001008952e-03,5.7320011323e-01
15.000000,1.0005562660e-03,5.5059583717e-01
15.050000,9.9941226927e-04,5.3934901665e-01
15.100000,1.0017823269e-03,5.8450019153e-01
15.150000,1.0023743584e-03,5.4267176288e-01
15.200000,9.9973245050e-04,4.8543038175e-01
15.250000,9.9984492662e-04,5.2707246904e-01
15.300000,9.9975121826e-04,5.7866387021e-01
15.350000,1.0012277298e-03,5.8611190843e-01
15.400000,9.9950714746e-04,5.0209784890e-01
15.450000,1.0007188184e-03,5.8290178551e-01
15.500000,1.0007634252e-03,5.4608009840e-01
15.550000,9.9877795952e-04,5.2640328291e-01
15.600000,1.0003818995e-03,5.6220797820e-01
15.650000,9.9942683918e-04,5.2981662685e-01
15.700000,1.0011557502e-03,5.1390025838e-01
15.750000,9.9913039364e-04,5.3850287888e-01
15.800000,1.0010997217e-03,5.4294340256e-01
15.850000,1.0000107081e-03,5.4035162901e-01
15.900000,9.9841993319e-04,5.0735825960e-01
15.950000,9.9893593445e-04,6.2052472355e-01
16.000000,1.0004229549e-03,5.4339070054e-01
16.050000,9.9928155447e-04,5.3064996631e-01
16.100000,1.0003144025e-03,5.9644248344e-01
16.150000,1.0001989162e-03,5.5517438236e-01
16.200000,9.9909433431e-04,5.5555339924e-01
16.250000,1.0004982412e-03,5.4771912297e-01
16.300000,1.0004151649e-03,5.4862384951e-01
16.350000,1.0004544061e-03,5.7561927012e-01
16.400000,9.9955480418e-04,5.5696461718e-01
16.450000,9.9948891288e-04,4.4678374160e-01
16.500000,1.0027467561e-03,5.6606577349e-01
16.550000,9.9987216168e-04,5.8908535250e-01
16.600000,1.0002005548e-03,5.9154129825e-01
16.650000,9.9972590570e-04,5.4932452434e-01
16.700000,1.0007417954e-03,5.1344937361e-01
16.750000,1.0017477332e-03,5.7748638093e-01
16.800000,1.0001147297e-03,5.6219357821e-01
16.850000,9.9981912624e-04,5.7159057633e-01
16.900000,9.9942358677e-04,5.7100958755e-01
16.950000,1.0016969600e-03,4.9946540883e-01
17.000000,1.0005021287e-03,5.4932918564e-01
17.050000,1.0005992935e-03,5.1591738441e-01
17.100000,9.9993660316e-04,5.8063480452e-01
17.150000,9.9922108031e-04,5.8634634949e-01
17.200000,9.9954922678e-04,5.8199338200e-01
17.250000,1.0001043116e-03,5.5157913291e-01
17.300000,1.0004469919e-03,5.3252881585e-01
17.350000,1.0025408865e-03,5.3841363979e-01
17.400000,9.9925097775e-04,5.8012125684e-01
17.450000,9.9926377602e-04,5.8890446723e-01
17.500000,9.9750741082e-04,5.3445151781e-01
17.550000,9.9868891583e-04,5.2115551464e-01
17.600000,9.9799714677e-04,5.7068566802e-01
17.650000,1.0008500396e-03,5.6437096828e-01
17.700000,9.9938322592e-04,5.6462750105e-01
17.750000,9.9841430769e-04,5.6049622132e-01
17.800000,1.0011555347e-03,5.1580630313e-01
17.850000,9.9921792502e-04,5.6608144754e-01
17.900000,9.9969080120e-04,5.4088368246e-01
17.950000,1.0003974217e-03,5.7030416734e-01
18.000000,1.0006378400e-03,5.5199801310e-01
18.050000,1.0000710767e-03,5.2938852722e-01
18.100000,1.0001909021e-03,5.0479970775e-01
18.150000,9.9914859612e-04,5.5377452494e-01
18.200000,1.0003759008e-03,5.5852949108e-01
18.250000,1.0014667375e-03,5.1463721937e-01
18.300000,1.0005266114e-03,4.8438294493e-01
18.350000,1.0001494067e-03,5.0936876089e-01
18.400000,1.0004824867e-03,5.2604896322e-01
18.450000,9.9951693441e-04,5.6422866905e-01
18.500000,1.0018831650e-03,5.5552621412e-01
18.550000,1.0013027654e-03,5.1520633514e-01
18.600000,9.9955936631e-04,5.3554365574e-01
18.650000,9.9854129932e-04,5.3792188060e-01
18.700000,9.9949130427e-04,5.3346933287e-01
18.750000,9.9956284907e-04,5.3013608399e-01
18.800000,9.9955821610e-04,5.1436775468e-01
18.850000,1.0000558751e-03,6.0784807824e-01
18.900000,1.0005576851e-03,6.1009409614e-01
18.950000,1.0007503267e-03,5.3962279679e-01
19.000000,1.0021298224e-03,5.4422836648e-01
19.050000,9.9984645907e-04,5.6921955891e-01
19.100000,1.0002098942e-03,5.2435102029e-01
19.150000,9.9837525211e-04,5.9853899939e-01
19.200000,9.9962573372e-04,6.0276549191e-01
19.250000,1.0020571549e-03,5.5896868056e-01
19.300000,1.0012880158e-03,5.1920983216e-01
19.350000,1.0002184307e-03,5.6851986135e-01
19.400000,1.0003768448e-03,5.8288415373e-01
19.450000,9.9949038183e-04,5.8463550722e-01
19.500000,1.0013445576e-03,5.2106164354e-01
19.550000,9.9945492630e-04,5.2649167828e-01
19.600000,1.0007431204e-03,5.0890736054e-01
19.650000,9.9862518358e-04,5.1611744370e-01
19.700000,1.0001823928e-03,5.7902779865e-01
19.750000,9.9914623325e-04,5.9288542680e-01
19.800000,1.0012619008e-03,5.4960229642e-01
19.850000,9.9930312673e-04,4.7237141842e-01
19.900000,9.9825397933e-04,6.0718858979e-01
19.950000,1.0008077107e-03,5.0572829851e-01
20.000000,1.0015236848e-03,5.4065248250e-01
20.050000,1.0003994836e-03,5.8114907149e-01
20.100000,9.9907259261e-04,5.2544331728e-01
20.150000,1.0007387986e-03,5.7269310703e-01
20.200000,9.9928055811e-04,5.6205647018e-01
20.250000,1.0003619433e-03,5.5235291917e-01
20.300000,1.0002413328e-03,5.2488391776e-01
20.350000,1.0011413804e-03,5.4426475282e-01
20.400000,9.9923884635e-04,5.3220968250e-01
20.450000,1.0009504993e-03,5.4196798199e-01
20.500000,1.0012026595e-03,5.8706356093e-01
20.550000,1.0007697119e-03,5.2421892863e-01
20.600000,1.0003813382e-03,5.3055801048e-01
20.650000,9.9963107503e-04,6.1319191721e-01
20.700000,9.9974704684e-04,5.6092024270e-01
20.750000,9.9911472075e-04,5.5728020057e-01
20.800000,1.0010940405e-03,5.1114222502e-01
20.850000,1.0005322244e-03,5.4237369154e-01
20.900000,9.9952649965e-04,5.7481709261e-01
20.950000,1.0000725833e-03,5.2253073476e-01
21.000000,1.0008927244e-03,5.1607747235e-01
21.050000,9.9960228158e-04,5.2057944467e-01
21.100000,1.0021973233e-03,5.9272229742e-01
21.150000,9.9882245728e-04,5.2921509074e-01
21.200000,1.0010942073e-03,5.4312741490e-01
21.250000,1.0002266232e-03,5.4891239811e-01
21.300000,9.9972886135e-04,5.4340055709e-01
21.350000,1.0002589907e-03,5.3605060052e-01
21.400000,9.9937856131e-04,5.5002326002e-01
21.450000,1.0003709262e-03,5.3644763250e-01
21.500000,1.0012066299e-03,5.4653298170e-01
21.550000,9.9973983991e-04,5.1507521820e-01
21.600000,1.0005105540e-03,5.5111941252e-01
21.650000,9.9891309774e-04,5.9396053947e-01
21.700000,1.0000063935e-03,5.9245826564e-01
21.750000,9.9894098024e-04,5.4299153354e-01
21.800000,9.9893384098e-04,5.8990300550e-01
21.850000,1.0022186377e-03,5.4948668014e-01
21.900000,9.9933546535e-04,5.2887610830e-01
21.950000,1.0019630977e-03,5.4215333444e-01
22.000000,1.0002750808e-03,5.3011930319e-01
22.050000,1.0005232870e-03,5.5273528684e-01
22.100000,9.9976829776e-04,5.2066200988e-01
22.150000,9.9971679550e-04,5.6281477198e-01
22.200000,9.9824567618e-04,5.4567024708e-01
22.250000,1.0008438640e-03,5.0598142872e-01
22.300000,9.9969414811e-04,5.0678784979e-01
22.350000,9.9811586604e-04,5.5922211608e-01
22.400000,9.9949853378e-04,5.6845518333e-01
22.450000,9.9874797232e-04,5.2149000234e-01
22.500000,1.0002614128e-03,5.4103232453e-01
22.550000,9.9933060349e-04,5.9349548656e-01
22.600000,1.0010400287e-03,5.0521083662e-01
22.650000,9.9953418563e-04,5.8965917310e-01
22.700000,9.9987165879e-04,5.7080493869e-01
22.750000,9.9993845568e-04,5.5618177138e-01
22.800000,1.0018314984e-03,5.7040468887e-01
22.850000,9.9974834751e-04,5.6016219290e-01
22.900000,9.9985908046e-04,5.8234664877e-01
22.950000,9.9758522935e-04,5.8472757639e-01
23.000000,9.9952644798e-04,5.2316441593e-01
23.050000,1.0012922585e-03,5.3360359201e-01
23.100000,9.9938327648e-04,5.1391955908e-01
23.150000,1.0000305341e-03,5.4298307741e-01
23.200000,1.0003984091e-03,5.6390706349e-01
23.250000,9.9934331717e-04,5.3277345471e-01
23.300000,1.0011441146e-03,5.2297763774e-01
23.350000,9.9894210710e-04,5.5507275176e-01
23.400000,9.9879401739e-04,5.7128454615e-01
23.450000,9.9936445525e-04,5.5766139840e-01
23.500000,9.9903587814e-04,5.7445537010e-01
23.550000,9.9998309180e-04,5.3120057998e-01
23.600000,9.9872119781e-04,6.0403615115e-01
23.650000,1.0000603167e-03,5.4442789966e-01
23.700000,1.0004448200e-03,5.3312973065e-01
23.750000,9.9829156621e-04,5.2459585435e-01
23.800000,9.9840125117e-04,5.7307509420e-01
23.850000,1.0013011968e-03,5.5154526388e-01
23.900000,1.0005849513e-03,5.1528705486e-01
23.950000,9.9961685950e-04,5.8648039624e-01
24.000000,9.9993086666e-04,5.4115554336e-01
24.050000,1.0005903399e-03,5.2562266554e-01
24.100000,9.9971287700e-04,5.0427672043e-01
24.150000,1.0024899460e-03,5.6272548635e-01
24.200000,1.0004870057e-03,5.2441739822e-01
24.250000,1.0001211351e-03,5.3179275554e-01
24.300000,9.9967742133e-04,5.3640756802e-01
24.350000,1.0008050958e-03,5.4112903734e-01
24.400000,1.0008896746e-03,5.9404005653e-01
24.450000,1.0006352695e-03,5.6780692695e-01
24.500000,9.9915382434e-04,5.8819900525e-01
24.550000,9.9994179781e-04,5.4667225282e-01
24.600000,9.9906626509e-04,5.6957700912e-01
24.650000,1.0010365242e-03,5.1450560881e-01
24.700000,1.0001326764e-03,6.0024167679e-01
24.750000,1.0003453175e-03,5.4595384746e-01
24.800000,1.0001229970e-03,4.9284035801e-01
24.850000,1.0006587862e-03,5.2772511537e-01
24.900000,9.9978434947e-04,5.8330983273e-01
24.950000,1.0002845831e-03,4.9374380271e-01
25.000000,9.9901205585e-04,5.6467664371e-01
25.050000,9.9993832463e-04,5.9666496670e-01
25.100000,9.9912541200e-04,5.7526321643e-01
25.150000,9.9920915998e-04,5.6786605781e-01
25.200000,9.9917584039e-04,5.1705856150e-01
25.250000,1.0006042077e-03,5.4214335228e-01
25.300000,9.9987353301e-04,5.5443786340e-01
25.350000,1.0009638601e-03,5.6803797670e-01
25.400000,1.0005456761e-03,5.3244943273e-01
25.450000,9.9973912054e-04,5.8156392345e-01
25.500000,1.0004365822e-03,5.3300527155e-01
25.550000,1.0003984714e-03,5.6313306293e-01
25.600000,1.0002083999e-03,5.7196879951e-01
25.650000,1.0018477739e-03,5.5204651131e-01
25.700000,1.0002549813e-03,5.6750718031e-01
25.750000,1.0003702616e-03,5.1055748609e-01
25.800000,9.9898583924e-04,4.8356741220e-01
25.850000,1.0000512198e-03,5.2282749756e-01
25.900000,9.9890692595e-04,5.5316097164e-01
25.950000,1.0001804463e-03,5.5493576876e-01
26.000000,9.9946524828e-04,5.4942499412e-01
26.050000,9.9827821874e-04,5.5416424784e-01
26.100000,1.0012273969e-03,5.9685321713e-01
26.150000,9.9929190517e-04,5.7465693766e-01
26.200000,9.9865809735e-04,5.1341210442e-01
26.250000,1.0003629579e-03,5.5474309451e-01
26.300000,9.9933869333e-04,5.8042903673e-01
26.350000,1.0007876309e-03,5.2025842282e-01
26.400000,9.9985529622e-04,5.1822390309e-01
26.450000,1.0007425648e-03,5.8225473030e-01
26.500000,9.9893623959e-04,5.5184486877e-01
26.550000,9.9900590963e-04,5.2828525396e-01
26.600000,9.9975376567e-04,5.6477478789e-01
26.650000,9.9926261223e-04,5.6582066759e-01
26.700000,9.9862313626e-04,5.3577140011e-01
26.750000,9.9955437901e-04,5.7878649002e-01
26.800000,9.9999674276e-04,5.2744552920e-01
26.850000,1.0008793479e-03,5.7623968159e-01
26.900000,9.9890489189e-04,5.6256323812e-01
26.950000,1.0017347311e-03,4.8162094622e-01
27.000000,1.0000133009e-03,5.7339376215e-01
27.050000,1.0013972721e-03,5.5282095074e-01
27.100000,9.9941116728e-04,5.6488535392e-01
27.150000,9.9893391101e-04,5.1939953891e-01
27.200000,1.0017151491e-03,5.3795064851e-01
27.250000,1.0015524877e-03,5.4654981603e-01
27.300000,1.0009179616e-03,5.3973041091e-01
27.350000,9.9994090509e-04,4.8703352848e-01
27.400000,1.0008468193e-03,5.6971745824e-01
27.450000,1.0001832525e-03,5.5814874995e-01
27.500000,1.0026114419e-03,5.1887700586e-01
27.550000,9.9948010729e-04,5.4386790403e-01
27.600000,1.0009934204e-03,5.3725500156e-01
27.650000,9.9896946379e-04,5.6156386793e-01
27.700000,9.9922749697e-04,5.7369005343e-01
27.750000,1.0014941165e-03,5.3802820232e-01
27.800000,1.0011524914e-03,5.5292706524e-01
27.850000,1.0013315029e-03,5.7236623292e-01
27.900000,1.0024075807e-03,5.4601589221e-01
27.950000,1.0002996417e-03,5.3411841865e-01
28.000000,9.9929894035e-04,5.3832032439e-01
28.050000,1.0008395216e-03,5.5214684702e-01
28.100000,1.0001239079e-03,5.1810819227e-01
28.150000,9.9911004331e-04,4.8848119754e-01
28.200000,9.9954918765e-04,5.6922308116e-01
28.250000,1.0005786021e-03,5.2897693621e-01
28.300000,9.9936238470e-04,5.3288740416e-01
28.350000,1.0008007358e-03,5.5895600642e-01
28.400000,1.0008477372e-03,5.6745261461e-01
28.450000,1.0004462226e-03,5.0804892473e-01
28.500000,1.0012059647e-03,5.3490069342e-01
28.550000,9.9947873875e-04,5.5652999459e-01
28.600000,1.0016724452e-03,5.2279944849e-01
28.650000,1.0003005807e-03,5.0139144043e-01
28.700000,1.0014151823e-03,5.0062508272e-01
28.750000,1.0014563494e-03,5.5337261429e-01
28.800000,1.0006856897e-03,5.3957456241e-01
28.850000,1.0022231657e-03,4.9987074044e-01
28.900000,9.9953022901e-04,5.1583325064e-01
28.950000,9.9872020524e-04,5.8656457526e-01
29.000000,9.9927913536e-04,5.4572307186e-01
29.050000,1.0010452823e-03,5.3750907218e-01
29.100000,9.9960793081e-04,5.4080594427e-01
29.150000,9.9906315758e-04,5.4413122630e-01
29.200000,9.9935469072e-04,5.1799181831e-01
29.250000,1.0003062667e-03,5.4869947217e-01
29.300000,1.0010634236e-03,5.5041536493e-01
29.350000,1.0009518380e-03,5.5635871009e-01
29.400000,1.0006450318e-03,5.5929196179e-01
29.450000,9.9972906928e-04,5.1850380171e-01
29.500000,9.9985989823e-04,5.8607399717e-01
29.550000,1.0003663602e-03,5.5892455795e-01
29.600000,1.0018253092e-03,5.2176701228e-01
29.650000,9.9945955713e-04,5.8095011930e-01
29.700000,1.0009069642e-03,5.7384914300e-01
29.750000,1.0015627054e-03,5.7622141765e-01
29.800000,1.0008844406e-03,5.5018388036e-01
29.850000,1.0003291553e-03,5.6875891969e-01
29.900000,9.9932102825e-04,5.2924857501e-01
29.950000,1.0002336855e-03,5.4493506570e-01
30.000000,1.0007733811e-03,5.5229241733e-01
30.050000,9.9801826933e-04,5.4945461459e-01
30.100000,9.9985320040e-04,5.9214065970e-01
30.150000,9.9951725340e-04,5.4153400140e-01
30.200000,1.0004971099e-03,5.6887235829e-01
30.250000,1.0001813991e-03,5.9736464726e-01
30.300000,1.0003209621e-03,5.6752809781e-01
30.350000,1.0014361602e-03,5.8627726357e-01
30.400000,9.9973941978e-04,5.3054462943e-01
30.450000,9.9989027835e-04,5.2951819142e-01
30.500000,1.0005288734e-03,5.1376426731e-01
30.550000,9.9985755279e-04,5.9034795116e-01
30.600000,1.0001286521e-03,5.5198331992e-01
30.650000,9.9977949158e-04,5.7427419167e-01
30.700000,1.0008954234e-03,5.1209559629e-01
30.750000,1.0018431880e-03,5.3581949139e-01
30.800000,1.0013731105e-03,5.7649386732e-01
30.850000,1.0011625539e-03,5.3828224537e-01
30.900000,1.0004998374e-03,6.1820466764e-01
30.950000,1.0002228274e-03,5.5233003844e-01
31.000000,9.9929530250e-04,5.2185322440e-01
31.050000,9.9948878338e-04,5.5153681386e-01
31.100000,1.0002727935e-03,5.7472926190e-01
31.150000,1.0017834037e-03,5.4236783959e-01
31.200000,1.0001902751e-03,5.8206222090e-01
31.250000,1.0010143507e-03,5.0212437165e-01
31.300000,9.9958883108e-04,5.6127565867e-01
31.350000,1.0009678933e-03,5.7949600582e-01
31.400000,1.0001493079e-03,5.6763981585e-01
31.450000,9.9990095040e-04,5.8124019902e-01
31.500000,1.0002185026e-03,5.8134071390e-01
31.550000,9.9934131912e-04,6.0575358803e-01
31.600000,1.0002732069e-03,5.4096975009e-01
31.650000,1.0004772745e-03,5.4841851394e-01
31.700000,1.0009933816e-03,5.8573660915e-01
31.750000,9.9976715710e-04,5.2482694978e-01
31.800000,1.0001829071e-03,5.9230073091e-01
31.850000,9.9998108664e-04,5.1709063374e-01
31.900000,1.0003962762e-03,5.5208017814e-01
31.950000,1.0005763922e-03,5.1780953073e-01
32.000000,9.9941825949e-04,5.0500688916e-01
32.050000,1.0000730600e-03,5.1289770074e-01
32.100000,9.9886807711e-04,5.6218734181e-01
32.150000,1.0018513695e-03,5.3921513498e-01
32.200000,9.9902864383e-04,6.0006480258e-01
32.250000,1.0012873914e-03,5.6253869961e-01
32.300000,9.9904798129e-04,5.3043490432e-01
32.350000,9.9993863996e-04,5.2622436943e-01
32.400000,1.0014168301e-03,5.5502003139e-01
32.450000,1.0009509251e-03,5.5999368137e-01
32.500000,9.9877786008e-04,5.1999201480e-01
32.550000,9.9777980013e-04,5.6840145877e-01
32.600000,9.9941303973e-04,5.2301780745e-01
32.650000,1.0014434852e-03,4.7719042599e-01
32.700000,1.0003583364e-03,5.5956356072e-01
32.750000,1.0006940008e-03,5.2210459114e-01
32.800000,9.9859499919e-04,5.5791622198e-01
32.850000,1.0005134648e-03,5.1875432819e-01
32.900000,1.0004436401e-03,5.5515563702e-01
32.950000,9.9989880781e-04,5.3757747285e-01
33.000000,9.9866945866e-04,5.2652726550e-01
33.050000,1.0004298627e-03,5.7794535913e-01
33.100000,9.9990728145e-04,5.3371442336e-01
33.150000,1.0001904751e-03,5.9199542565e-01
33.200000,9.9944723506e-04,5.7432963745e-01
33.250000,9.9802108413e-04,5.4900270982e-01
33.300000,1.0019851768e-03,5.7665273742e-01
33.350000,9.9893228952e-04,5.4654927742e-01
33.400000,9.9961038549e-04,5.2442054792e-01
33.450000,9.9972003299e-04,5.5990894818e-01
33.500000,1.0003058580e-03,5.4756925059e-01
33.550000,1.0003876469e-03,5.4945421128e-01
33.600000,9.9873173742e-04,5.4337633379e-01
33.650000,9.9866285125e-04,5.5427901455e-01
33.700000,1.0003752232e-03,5.6917183939e-01
33.750000,1.0002229720e-03,5.2727327505e-01
33.800000,1.0005930047e-03,5.5492712905e-01
33.850000,9.9876785892e-04,5.4682656442e-01
33.900000,9.9989545391e-04,5.1742079735e-01
33.950000,9.9946676380e-04,5.5579188319e-01
34.000000,1.0021752566e-03,4.8430581403e-01
34.050000,9.9940295114e-04,5.2456274836e-01
34.100000,9.9947670021e-04,5.3444814704e-01
34.150000,1.0006688604e-03,5.9892596790e-01
34.200000,9.9938032957e-04,5.6595591696e-01
34.250000,1.0003394910e-03,5.3814225960e-01
34.300000,1.0005581679e-03,6.3062061114e-01
34.350000,1.0012600472e-03,5.1222572295e-01
34.400000,1.0011218286e-03,5.6312230763e-01
34.450000,1.0012283981e-03,5.8824219807e-01
34.500000,9.9944050356e-04,5.5804443887e-01
34.550000,9.9857437848e-04,5.0869874350e-01
34.600000,9.9998547827e-04,5.7825006811e-01
34.650000,1.0008763579e-03,4.8698725550e-01
34.700000,1.0004682049e-03,5.6021428567e-01
34.750000,1.0004727710e-03,5.4563561969e-01
34.800000,9.9949233415e-04,5.3314113502e-01
34.850000,1.0011356567e-03,5.3837345461e-01
34.900000,9.9946450823e-04,5.8805904141e-01
34.950000,1.0012132944e-03,5.3038625938e-01
35.000000,1.0008736863e-03,5.5602524473e-01
35.050000,1.0001256585e-03,5.4433188456e-01
35.100000,1.0002084885e-03,5.2491201295e-01
35.150000,1.0010865866e-03,5.2987709861e-01
35.200000,9.9956597300e-04,5.5327659637e-01
35.250000,1.0006340759e-03,5.4393479592e-01
35.300000,1.0001844600e-03,6.2766347263e-01
35.350000,1.0001462185e-03,5.3808342585e-01
35.400000,1.0015233280e-03,5.6605657841e-01
35.450000,1.0008600926e-03,6.1590436849e-01
35.500000,1.0016168650e-03,5.4949756364e-01
35.550000,1.0001834217e-03,5.5733581603e-01
35.600000,1.0000644283e-03,6.1118112448e-01
35.650000,9.9875398751e-04,5.5987757610e-01
35.700000,9.9977451690e-04,5.5901963544e-01
35.750000,9.9975605976e-04,5.5924493057e-01
35.800000,9.9882960300e-04,5.1641324833e-01
35.850000,9.9869965829e-04,5.2437838916e-01
35.900000,9.9973102811e-04,5.6107269834e-01
35.950000,1.0008356465e-03,5.2981843433e-01
36.000000,9.9941683946e-04,5.5879445476e-01
36.050000,9.9855651902e-04,5.9782874839e-01
36.100000,9.9951482795e-04,5.3799830293e-01
36.150000,9.9989870221e-04,5.2652605529e-01
36.200000,1.0006442029e-03,5.7006322783e-01
36.250000,9.9813588169e-04,5.5106827106e-01
36.300000,1.0011795173e-03,5.5107452154e-01
36.350000,9.9967729457e-04,5.3159489527e-01
36.400000,9.9893912573e-04,5.6673055895e-01
36.450000,9.9912943439e-04,5.0237407000e-01
36.500000,9.9904090027e-04,5.4892525279e-01
36.550000,9.9978700073e-04,5.4001546982e-01
36.600000,9.9878625734e-04,5.4940286001e-01
36.650000,9.9856658681e-04,5.6024082396e-01
36.700000,1.0001122855e-03,5.5305485557e-01
36.750000,9.9958668580e-04,5.4240790452e-01
36.800000,1.0006712197e-03,5.8274595602e-01
36.850000,1.0000990782e-03,5.5420150393e-01
36.900000,9.9972240986e-04,5.1708458479e-01
36.950000,1.0017986338e-03,5.6227535475e-01
37.000000,9.9947192954e-04,6.2024332243e-01
37.050000,9.9867582009e-04,5.5285901638e-01
37.100000,1.0007481507e-03,5.2897254467e-01
37.150000,9.9896643238e-04,5.5377981842e-01
37.200000,1.0013484074e-03,5.4640273109e-01
37.250000,1.0002223721e-03,5.1877896185e-01
37.300000,1.0006493988e-03,5.3320864679e-01
37.350000,9.9879527341e-04,5.5565914270e-01
37.400000,9.9878165089e-04,5.3956161806e-01
37.450000,9.9891509421e-04,5.2236281018e-01
37.500000,9.9960334575e-04,5.7000640204e-01
37.550000,9.9910499216e-04,5.5303762584e-01
37.600000,1.0005862278e-03,5.2102981474e-01
37.650000,9.9931953967e-04,5.6228204692e-01
37.700000,9.9954753067e-04,5.4407005264e-01
37.750000,9.9960047575e-04,5.5794802203e-01
37.800000,9.9965119337e-04,5.1557322665e-01
37.850000,1.0001549518e-03,5.6651001001e-01
37.900000,9.9964954026e-04,5.3517545492e-01
37.950000,1.0019538336e-03,5.3965336947e-01
38.000000,9.9942833418e-04,5.6197533475e-01
38.050000,9.9994886289e-04,5.4948090792e-01
38.100000,9.9943368240e-04,5.6290228585e-01
38.150000,9.9794208287e-04,5.4825020679e-01
38.200000,9.9995332577e-04,5.8882291268e-01
38.250000,1.0008504200e-03,5.7998597576e-01
38.300000,1.0014804818e-03,5.3153351034e-01
38.350000,1.0004534137e-03,6.0269568580e-01
38.400000,1.0006061742e-03,5.7363039610e-01
38.450000,1.0004556961e-03,4.6953196533e-01
38.500000,9.9995853428e-04,5.3085996309e-01
38.550000,1.0017195528e-03,5.1117983834e-01
38.600000,1.0001493989e-03,5.4320997991e-01
38.650000,9.9897669909e-04,6.2074611164e-01
38.700000,1.0001195879e-03,5.3154636249e-01
38.750000,9.9969057472e-04,5.6878953114e-01
38.800000,1.0012692160e-03,4.9711146317e-01
38.850000,9.9993753290e-04,4.9315841648e-01
38.900000,1.0009335536e-03,5.5555083102e-01
38.950000,1.0007235956e-03,5.1534186340e-01
39.000000,1.0011806350e-03,5.5963650003e-01
39.050000,9.9890655873e-04,4.8683373456e-01
39.100000,1.0003617800e-03,5.5027037241e-01
39.150000,9.9987495159e-04,5.1943662333e-01
39.200000,1.0005319620e-03,5.3859659319e-01
39.250000,9.9958280143e-04,6.0029270712e-01
39.300000,1.0004391643e-03,5.2188533215e-01
39.350000,1.0002125575e-03,5.6514525513e-01
39.400000,1.0004536416e-03,5.2532903236e-01
39.450000,1.0004923294e-03,5.4134888544e-01
39.500000,1.0004160709e-03,5.5612634448e-01
39.550000,1.0010587090e-03,5.2902088600e-01
39.600000,1.0000280808e-03,5.9132567883e-01
39.650000,1.0000518441e-03,5.4702476525e-01
39.700000,1.0010179168e-03,5.6787477366e-01
39.750000,1.0002161138e-03,5.3745087350e-01
39.800000,9.9826752463e-04,5.6652756533e-01
39.850000,9.9961507612e-04,5.5163650474e-01
39.900000,9.9941533269e-04,5.2110945657e-01
39.950000,1.0005955096e-03,5.8088727886e-01
40.000000,1.0003157938e-03,5.3358178730e-01
40.050000,1.0002352535e-03,5.2467277758e-01
40.100000,1.0013210773e-03,5.1694043731e-01
40.150000,9.9849887187e-04,5.7893755642e-01
40.200000,9.9988610618e-04,5.0868892696e-01
40.250000,1.0004656714e-03,5.3594988522e-01
40.300000,9.9851559135e-04,5.8253416104e-01
40.350000,1.0009242180e-03,5.3349953447e-01
40.400000,9.9797061530e-04,5.0015307657e-01
40.450000,1.0006988522e-03,5.4405155011e-01
40.500000,9.9917226328e-04,5.4311721127e-01
40.550000,1.0006941541e-03,5.0818174870e-01
40.600000,1.0019185634e-03,5.6298598371e-01
40.650000,9.9861155574e-04,5.1603734213e-01
40.700000,1.0010782991e-03,5.7090367570e-01
40.750000,9.9915587459e-04,5.0041348368e-01
40.800000,1.0018008067e-03,5.4307312509e-01
40.850000,9.9941886649e-04,5.4848411857e-01
40.900000,9.9951554175e-04,5.4442009814e-01
40.950000,9.9980607683e-04,5.4150106518e-01
41.000000,1.0008946219e-03,4.9166078343e-01
41.050000,9.9911387883e-04,5.3865302987e-01
41.100000,9.9803106595e-04,5.6081075545e-01
41.150000,1.0007120214e-03,5.5576546993e-01
41.200000,1.0014633936e-03,5.5216175310e-01
41.250000,1.0017259138e-03,5.4136438812e-01
41.300000,9.9962775637e-04,4.9656113426e-01
41.350000,9.9880887581e-04,4.7641215441e-01
41.400000,1.0000144855e-03,5.5275978860e-01
41.450000,1.0003474615e-03,5.5908435282e-01
41.500000,1.0010449790e-03,5.6258666458e-01
41.550000,1.0014674733e-03,5.3039665482e-01
41.600000,1.0001435249e-03,5.0590233954e-01
41.650000,9.9954960887e-04,5.3206421589e-01
41.700000,9.9965109381e-04,5.1926461318e-01
41.750000,1.0006547039e-03,5.5442952113e-01
41.800000,9.9870726120e-04,5.3659458934e-01
41.850000,1.0009936766e-03,6.0352930584e-01
41.900000,1.0000028089e-03,5.3586499586e-01
41.950000,1.0000778533e-03,5.5787964588e-01
42.000000,9.9887667661e-04,5.6989742891e-01
42.050000,1.0004228540e-03,5.0464227736e-01
42.100000,9.9791814514e-04,5.1982308146e-01
42.150000,9.9864105151e-04,5.6502414452e-01
42.200000,9.9980395260e-04,5.4337691900e-01
42.250000,9.9909263357e-04,5.2179674088e-01
42.300000,1.0001599401e-03,5.1622318964e-01
42.350000,1.0002184937e-03,5.2736342857e-01
42.400000,1.0003614364e-03,5.1637908574e-01
42.450000,1.0002339319e-03,5.7395971909e-01
42.500000,9.9859917139e-04,5.7798767522e-01
42.550000,9.9997746948e-04,5.2243321048e-01
42.600000,1.0009319136e-03,5.6389401446e-01
42.650000,1.0013397783e-03,5.7144245196e-01
42.700000,9.9845732342e-04,5.0139592077e-01
42.750000,9.9866738369e-04,5.0218502631e-01
42.800000,9.9986863699e-04,4.9806142083e-01
42.850000,9.9955933379e-04,5.7348514562e-01
42.900000,1.0004466903e-03,5.6475060949e-01
42.950000,1.0007491206e-03,5.6723892879e-01
43.000000,1.0015753346e-03,5.6277941208e-01
43.050000,9.9870548386e-04,5.5737794287e-01
43.100000,9.9871650760e-04,5.8044256939e-01
43.150000,9.9949717125e-04,5.7004214673e-01
43.200000,9.9958427542e-04,5.5057100657e-01
43.250000,1.0002612987e-03,5.3903959195e-01
43.300000,9.9920717170e-04,5.3631967825e-01
43.350000,1.0008396051e-03,5.4004962906e-01
43.400000,1.0018107995e-03,5.3493136352e-01
43.450000,1.0005924432e-03,5.3015025007e-01
43.500000,1.0011796030e-03,5.1185144450e-01
43.550000,1.0006001910e-03,5.5005008950e-01
43.600000,9.9808639914e-04,5.1681649499e-01
43.650000,1.0009658168e-03,5.6026367165e-01
43.700000,9.9812643362e-04,5.6217298471e-01
43.750000,9.9923214125e-04,5.2435871922e-01
43.800000,9.9885479552e-04,5.2931006783e-01
43.850000,9.9903907695e-04,5.6526536397e-01
43.900000,1.0003315170e-03,5.6887261303e-01
43.950000,9.9923765286e-04,5.5400124791e-01
44.000000,1.0018713224e-03,5.1971810621e-01
44.050000,9.9950330177e-04,5.7606928628e-01
44.100000,9.9877208617e-04,4.9259368117e-01
44.150000,1.0015670738e-03,5.1639932283e-01
44.200000,1.0001925993e-03,4.8185464538e-01
44.250000,9.9928826196e-04,5.9028034548e-01
44.300000,9.9882990467e-04,5.7306301341e-01
44.350000,1.0003773633e-03,5.4856112563e-01
44.400000,9.9940965234e-04,5.6084243506e-01
44.450000,9.9940568416e-04,5.5331143700e-01
44.500000,9.9884967726e-04,5.5730571654e-01
44.550000,1.0014128774e-03,5.3559385375e-01
44.600000,9.9993894952e-04,5.2564593875e-01
44.650000,1.0003420387e-03,5.4087570960e-01
44.700000,9.9842470339e-04,5.8508370917e-01
44.750000,9.9966762539e-04,5.7477418198e-01
44.800000,1.0001204427e-03,5.6610862536e-01
44.850000,9.9972025633e-04,5.4004333784e-01
44.900000,1.0014233060e-03,5.3375072172e-01
44.950000,1.0006133320e-03,5.3393184778e-01
45.000000,1.0002360830e-03,4.9000752757e-01
45.050000,9.9965156118e-04,5.3313669581e-01
45.100000,1.0027674549e-03,5.4445037452e-01
45.150000,1.0010250103e-03,5.4828235331e-01
45.200000,1.0032792164e-03,5.1410504208e-01
45.250000,1.0003043283e-03,4.6807965565e-01
45.300000,1.0004623574e-03,5.8746451197e-01
45.350000,9.9856975217e-04,5.3623515992e-01
45.400000,9.9979673876e-04,5.2330386119e-01
45.450000,9.9879145978e-04,5.8579938301e-01
45.500000,1.0004532427e-03,5.5953035528e-01
45.550000,1.0003683848e-03,5.3985599522e-01
45.600000,9.9958585496e-04,5.3384499014e-01
45.650000,9.9996235460e-04,5.3692898046e-01
45.700000,1.0002143327e-03,5.0064743907e-01
45.750000,1.0002300168e-03,5.5236573023e-01
45.800000,9.9996848601e-04,4.9031257144e-01
45.850000,9.9936206505e-04,5.3782582122e-01
45.900000,9.9897024177e-04,4.8326384955e-01
45.950000,1.0005200626e-03,5.3580382514e-01
46.000000,1.0006326189e-03,5.3684437985e-01
46.050000,1.0010720798e-03,5.8401800311e-01
46.100000,9.9916839833e-04,5.7716915352e-01
46.150000,1.0008629755e-03,5.9952852847e-01
46.200000,1.0006807279e-03,5.9488191989e-01
46.250000,1.0003323101e-03,5.7081036596e-01
46.300000,9.9911602303e-04,5.7133231195e-01
46.350000,1.0010595218e-03,5.5870914526e-01
46.400000,9.9964327051e-04,5.4806654657e-01
46.450000,9.9979382940e-04,5.5450164581e-01
46.500000,1.0007128912e-03,5.2123067325e-01
46.550000,1.0001524691e-03,5.2948768232e-01
46.600000,1.0000150009e-03,5.5230837279e-01
46.650000,9.9998873552e-04,5.2122609284e-01
46.700000,9.9901435251e-04,4.9590573369e-01
46.750000,9.9990731645e-04,5.4237116726e-01
46.800000,1.0008614586e-03,5.4997973716e-01
46.850000,9.9887942666e-04,5.5345247290e-01
46.900000,9.9934907623e-04,5.3183182051e-01
46.950000,9.9989387743e-04,5.4050561928e-01
47.000000,9.9898962308e-04,5.3643533468e-01
47.050000,1.0007013347e-03,5.3242073916e-01
47.100000,1.0000660888e-03,5.4618098737e-01
47.150000,1.0013555546e-03,5.3901511318e-01
47.200000,9.9911807289e-04,5.8853345158e-01
47.250000,1.0000858907e-03,5.9018680393e-01
47.300000,1.0000585496e-03,5.7886383930e-01
47.350000,9.9908003262e-04,5.9705674740e-01
47.400000,1.0002623722e-03,5.1218342265e-01
47.450000,9.9966025644e-04,5.7227586831e-01
47.500000,1.0011091273e-03,5.7095218876e-01
47.550000,1.0003059157e-03,5.3485453834e-01
47.600000,9.9995712317e-04,5.4681022282e-01
47.650000,1.0001193567e-03,6.1512236596e-01
47.700000,9.9959031287e-04,5.3639012894e-01
47.750000,1.0016933745e-03,5.3793879674e-01
47.800000,1.0003091312e-03,5.6218750698e-01
47.850000,1.0004740813e-03,4.8867965846e-01
47.900000,1.0007895335e-03,5.3532009154e-01
47.950000,1.0002093578e-03,5.4288637692e-01
48.000000,1.0005306391e-03,5.5466074405e-01
48.050000,9.9829348010e-04,5.7061694787e-01
48.100000,1.0012173579e-03,5.1660703168e-01
48.150000,1.0002892374e-03,5.6776823651e-01
48.200000,9.9889741303e-04,5.3660519363e-01
48.250000,1.0007226809e-03,5.2996244028e-01
48.300000,1.0007259955e-03,5.5381555345e-01
48.350000,1.0004318113e-03,5.1599539133e-01
48.400000,9.9999258392e-04,5.4055147698e-01
48.450000,9.9965314848e-04,5.3519927600e-01
48.500000,9.9921285559e-04,5.1962786601e-01
48.550000,9.9976604251e-04,5.5723158489e-01
48.600000,1.0000401132e-03,5.3685997301e-01
48.650000,9.9987954358e-04,5.5854159717e-01
48.700000,1.0008334784e-03,5.6051710785e-01
48.750000,1.0003356120e-03,5.8749854984e-01
48.800000,1.0009047630e-03,5.1174789762e-01
48.850000,9.9857365987e-04,5.7922456541e-01
48.900000,1.0004290469e-03,5.0245434183e-01
48.950000,9.9966407951e-04,5.6976184450e-01
49.000000,1.0000326434e-03,5.2293054628e-01
49.050000,1.0002165229e-03,5.4819036824e-01
49.100000,9.9902953442e-04,5.2912485620e-01
49.150000,9.9963797798e-04,5.4091691281e-01
49.200000,9.9928897547e-04,5.1406067105e-01
49.250000,9.9960166765e-04,5.3554542889e-01
49.300000,9.9964533293e-04,5.3280630384e-01
49.350000,9.9990044718e-04,4.8180654177e-01
49.400000,9.9980665647e-04,5.5118834438e-01
49.450000,9.9912465394e-04,5.3465709167e-01
49.500000,1.0002464118e-03,5.0660759848e-01
49.550000,9.9996481606e-04,5.9198626139e-01
49.600000,1.0021017899e-03,5.3867059234e-01
49.650000,1.0012521253e-03,5.4210675542e-01
49.700000,9.9914938203e-04,5.0774283761e-01
49.750000,1.0000021310e-03,5.6674251217e-01
49.800000,1.0002000333e-03,5.7382778473e-01
49.850000,1.0009604306e-03,5.7472457645e-01
49.900000,9.9964334737e-04,5.1814692739e-01
49.950000,9.9917672374e-04,5.4828364490e-01
50.000000,9.9845556117e-04,5.9057878133e-01
50.050000,9.9979336173e-04,5.6458654667e-01
50.100000,9.9934111083e-04,5.6985901385e-01
50.150000,1.0001735258e-03,5.1456924612e-01
50.200000,1.0010852427e-03,5.5165531360e-01
50.250000,9.9887193795e-04,5.3655454024e-01
50.300000,9.9921251970e-04,5.3568750787e-01
50.350000,9.9814040150e-04,5.3843135219e-01
50.400000,9.9931183585e-04,5.6637019586e-01
50.450000,1.0005286368e-03,5.5625022099e-01
50.500000,1.0002993284e-03,4.9457372858e-01
50.550000,1.0015571271e-03,5.7464475420e-01
50.600000,1.0000478600e-03,5.4997465277e-01
50.650000,1.0003815261e-03,5.5243443181e-01
50.700000,1.0002733902e-03,4.9428193314e-01
50.750000,1.0001483881e-03,5.2215127669e-01
50.800000,9.9887645911e-04,5.2681143237e-01
50.850000,1.0007539056e-03,5.0465770461e-01
50.900000,1.0011844004e-03,5.1670025794e-01
50.950000,1.0011401578e-03,5.3354063032e-01
51.000000,1.0007099228e-03,5.7484589355e-01
51.050000,1.0001622793e-03,5.2179321980e-01
51.100000,9.9881896754e-04,5.4082586218e-01
51.150000,1.0006868608e-03,5.9563757160e-01
51.200000,9.9904442173e-04,5.4504771093e-01
51.250000,1.0012959874e-03,5.6023368815e-01
51.300000,1.0011911962e-03,5.1949707966e-01
51.350000,1.0001904401e-03,5.6490505430e-01
51.400000,9.9988941000e-04,5.4933700694e-01
51.450000,1.0006854505e-03,5.2882946679e-01
51.500000,9.9965865813e-04,5.9508827861e-01
51.550000,1.0000659214e-03,5.4632767691e-01
51.600000,9.9931841704e-04,5.2608749416e-01
51.650000,9.9985957162e-04,5.2876548772e-01
51.700000,9.9969770503e-04,5.8097407747e-01
51.750000,1.0006906263e-03,5.5537973485e-01
51.800000,9.9952381207e-04,5.8486622194e-01
51.850000,9.9999895446e-04,5.8262509681e-01
51.900000,9.9981220532e-04,5.4981130548e-01
51.950000,1.0000347140e-03,5.4498177385e-01
52.000000,1.0009610551e-03,5.8120611758e-01
52.050000,9.9991787339e-04,5.8325254497e-01
52.100000,9.9927592149e-04,5.6675812069e-01
52.150000,1.0009167559e-03,5.6702269479e-01
52.200000,1.0018211794e-03,4.9663950167e-01
52.250000,9.9979012347e-04,5.3542278675e-01
52.300000,1.0003134600e-03,5.4482496962e-01
52.350000,1.0011864007e-03,5.7422485587e-01
52.400000,9.9855642599e-04,5.7540502131e-01
52.450000,9.9889797738e-04,5.7792822580e-01
52.500000,9.9935294151e-04,5.2749859397e-01
52.550000,9.9894109308e-04,5.6055648435e-01
52.600000,1.0003043059e-03,5.5130668039e-01
52.650000,9.9910323724e-04,5.2884133654e-01
52.700000,1.0005876746e-03,5.0968930128e-01
52.750000,1.0012206480e-03,5.2850640489e-01
52.800000,9.9929957168e-04,5.7400245963e-01
52.850000,9.9883582926e-04,5.6479377934e-01
52.900000,9.9989925303e-04,5.3521043157e-01
52.950000,9.9934479838e-04,5.3724205500e-01
53.000000,1.0007995304e-03,5.4360035135e-01
53.050000,9.9875738542e-04,5.2739689866e-01
53.100000,1.0020930119e-03,5.7204429863e-01
53.150000,9.9962897924e-04,5.3164010266e-01
53.200000,9.9655182960e-04,5.1250833444e-01
53.250000,9.9814217182e-04,5.4290638009e-01
53.300000,9.9828548267e-04,5.7429672647e-01
53.350000,9.9955113189e-04,5.6360967839e-01
53.400000,1.0000153775e-03,5.2890553428e-01
53.450000,1.0004339436e-03,5.2371486476e-01
53.500000,9.9955806296e-04,5.1813356731e-01
53.550000,1.0002851464e-03,5.2806941568e-01
53.600000,9.9988065695e-04,5.0594226755e-01
53.650000,1.0001224929e-03,5.5360293959e-01
53.700000,9.9905535892e-04,5.4429129929e-01
53.750000,9.9983693798e-04,5.3514127004e-01
53.800000,1.0014510683e-03,5.3955991130e-01
53.850000,1.0019343708e-03,5.5074703644e-01
53.900000,1.0008571491e-03,5.4491626386e-01
53.950000,1.0005483382e-03,5.2445718820e-01
54.000000,9.9974620111e-04,5.5857965387e-01
54.050000,1.0012044659e-03,5.2724650676e-01
54.100000,9.9842485492e-04,5.1806299160e-01
54.150000,9.9873144748e-04,5.3315740685e-01
54.200000,1.0012175451e-03,5.4696842320e-01
54.250000,1.0017229386e-03,5.9508364283e-01
54.300000,1.0007204293e-03,5.6306384848e-01
54.350000,1.0014256519e-03,5.4864682068e-01
54.400000,9.9906699587e-04,5.4123899466e-01
54.450000,1.0003481887e-03,5.5942395791e-01
54.500000,1.0000716417e-03,4.9670830970e-01
54.550000,9.9889220312e-04,5.4418612829e-01
54.600000,9.9996379190e-04,5.2235165519e-01
54.650000,1.0017307837e-03,5.1319687100e-01
54.700000,1.0013518569e-03,5.3397397875e-01
54.750000,1.0005355326e-03,5.6669146846e-01
54.800000,9.9988825880e-04,5.6814227792e-01
54.850000,9.9941002192e-04,5.2257535508e-01
54.900000,9.9976710333e-04,5.6795470173e-01
54.950000,1.0000536445e-03,5.4024864117e-01
55.000000,1.0002576735e-03,5.0170096332e-01
55.050000,9.9815575158e-04,5.2284550410e-01
55.100000,1.0001397443e-03,5.5545239534e-01
55.150000,1.0009536564e-03,5.1026067437e-01
55.200000,9.9937137759e-04,5.4463928674e-01
55.250000,9.9974973595e-04,5.8611384002e-01
55.300000,9.9886297826e-04,5.1318794757e-01
55.350000,9.9829872116e-04,5.7833868517e-01
55.400000,9.9948267953e-04,5.6483462498e-01
55.450000,1.0001460287e-03,5.7829077604e-01
55.500000,9.9974745765e-04,5.3500589957e-01
55.550000,1.0006648488e-03,5.2695313806e-01
55.600000,9.9881709777e-04,5.4140202379e-01
55.650000,1.0008305475e-03,5.4203906829e-01
55.700000,1.0008133797e-03,5.4776887846e-01
55.750000,9.9997942201e-04,5.4472533136e-01
55.800000,1.0020227018e-03,5.2757325577e-01
55.850000,9.9953446626e-04,5.5235863527e-01
55.900000,9.9960243073e-04,5.3368487623e-01
55.950000,1.0005820443e-03,5.4949608486e-01
56.000000,1.0012635806e-03,4.7732658580e-01
56.050000,9.9882905722e-04,5.7565320862e-01
56.100000,9.9717768308e-04,5.8459876730e-01
56.150000,1.0004783389e-03,5.7059464964e-01
56.200000,9.9992289297e-04,5.7218480614e-01
56.250000,1.0007564737e-03,5.6023804992e-01
56.300000,9.9915879774e-04,5.7010644266e-01
56.350000,9.9862851412e-04,5.7610606593e-01
56.400000,9.9999976700e-04,5.4944389592e-01
56.450000,1.0024480831e-03,5.6435636621e-01
56.500000,1.0001852140e-03,5.3128800124e-01
56.550000,1.0021655128e-03,5.4450902221e-01
56.600000,1.0021092160e-03,5.8000040233e-01
56.650000,1.0002451171e-03,5.1041998379e-01
56.700000,1.0005740708e-03,5.3214888758e-01
56.750000,9.9940304857e-04,5.8021535444e-01
56.800000,1.0004196553e-03,5.4234908294e-01
56.850000,9.9963740960e-04,5.7630444902e-01
56.900000,9.9944818373e-04,5.2992658437e-01
56.950000,1.0013608236e-03,5.9196536945e-01
57.000000,1.0021309392e-03,5.4591234091e-01
57.050000,1.0008362683e-03,5.6289106849e-01
57.100000,1.0005274802e-03,5.3557671180e-01
57.150000,1.0006253688e-03,5.1363700050e-01
57.200000,9.9923443860e-04,5.2918945043e-01
57.250000,9.9992936216e-04,5.1591445386e-01
57.300000,1.0002599466e-03,4.9001136581e-01
57.350000,9.9896892894e-04,5.5766723892e-01
57.400000,1.0003862373e-03,6.0024510329e-01
57.450000,9.9894990001e-04,5.2294313501e-01
57.500000,1.0000155924e-03,5.4516058985e-01
57.550000,9.9908622612e-04,4.9603467354e-01
57.600000,1.0004413306e-03,5.5071347040e-01
57.650000,1.0003451023e-03,5.6210888593e-01
57.700000,9.9972983975e-04,5.3789832162e-01
57.750000,9.9989476624e-04,5.7636916382e-01
57.800000,1.0024150516e-03,5.2736314352e-01
57.850000,9.9992492132e-04,5.1776120042e-01
57.900000,9.9967055780e-04,5.3573360468e-01
57.950000,9.9971765595e-04,5.6304319610e-01
58.000000,1.0004058377e-03,5.5876880366e-01
58.050000,1.0006788164e-03,5.3718182854e-01
58.100000,9.9944143970e-04,5.5449496090e-01
58.150000,1.0010034032e-03,5.6872604099e-01
58.200000,1.0009698099e-03,5.3161057660e-01
58.250000,9.9834580386e-04,5.5507163525e-01
58.300000,1.0013943132e-03,5.3523540396e-01
58.350000,9.9796071712e-04,5.4109537072e-01
58.400000,1.0019862210e-03,5.6830310118e-01
58.450000,9.9942024135e-04,5.8724484049e-01
58.500000,1.0009153399e-03,5.1806229704e-01
58.550000,1.0002364541e-03,5.3924987952e-01
58.600000,9.9946267518e-04,4.9407728832e-01
58.650000,1.0007894153e-03,5.4370280986e-01
58.700000,1.0006122027e-03,5.5748202574e-01
58.750000,1.0004419389e-03,4.9675530179e-01
58.800000,1.0005251366e-03,5.4897315406e-01
58.850000,9.9884145747e-04,5.1746541304e-01
58.900000,9.9927218175e-04,5.4943957103e-01
58.950000,1.0002108535e-03,5.5027455781e-01
59.000000,9.9856647689e-04,5.5181110112e-01
59.050000,9.9968933406e-04,5.6477037883e-01
59.100000,1.0014564991e-03,5.5692917783e-01
59.150000,1.0001803090e-03,5.5796343761e-01
59.200000,1.0000881556e-03,5.2967334221e-01
59.250000,1.0003548295e-03,5.8842690351e-01
59.300000,1.0003587231e-03,5.6495506283e-01
59.350000,9.9913668669e-04,5.5379260858e-01
59.400000,1.0011102450e-03,5.6224697567e-01
59.450000,1.0013505986e-03,6.0285014889e-01
59.500000,1.0002008264e-03,5.5605278106e-01
59.550000,1.0000749702e-03,5.6379178379e-01
59.600000,1.0007670382e-03,5.7304550256e-01
59.650000,1.0005558583e-03,5.3260062387e-01
59.700000,9.9991573387e-04,5.7705344322e-01
59.750000,1.0010186640e-03,5.5647115825e-01
59.800000,9.9854439664e-04,5.4576464859e-01
59.850000,1.0004320779e-03,5.4166364032e-01
59.900000,9.9981349794e-04,5.2407981046e-01
59.950000,9.9959155578e-04,5.1955682939e-01
60.000000,9.9996105796e-04,5.1903926688e-01
60.050000,1.0008178041e-03,5.5011706173e-01
60.100000,9.9954921031e-04,4.9451581022e-01
60.150000,9.9946272633e-04,4.8318598167e-01
60.200000,1.0003418160e-03,5.3116393575e-01
60.250000,1.0002635813e-03,5.7626068647e-01
60.300000,9.9969151415e-04,5.2541713339e-01
60.350000,9.9726486895e-04,5.0562192282e-01
60.400000,9.9702874020e-04,5.2975362730e-01
60.450000,1.0006383796e-03,5.9964642687e-01
60.500000,1.0002090635e-03,5.6371821326e-01
60.550000,1.0014208516e-03,5.5961740191e-01
60.600000,1.0015375794e-03,5.2731640077e-01
60.650000,1.0015137805e-03,4.8063863773e-01
60.700000,1.0000329543e-03,5.6634092396e-01
60.750000,1.0010372440e-03,5.2536858012e-01
60.800000,1.0002049258e-03,5.3962264657e-01
60.850000,1.0008681326e-03,5.4937015849e-01
60.900000,1.0003341488e-03,5.4048644631e-01
60.950000,9.9994711777e-04,5.2778879131e-01
61.000000,1.0007742079e-03,5.4914607220e-01
61.050000,9.9979415234e-04,5.7551053759e-01
61.100000,9.9909293307e-04,5.6707115596e-01
61.150000,9.9941797758e-04,5.7193778548e-01
61.200000,9.9965377143e-04,5.3180665036e-01
61.250000,9.9881852162e-04,5.0720575264e-01
61.300000,9.9852710737e-04,5.1111044004e-01
61.350000,1.0021687868e-03,5.3304101922e-01
61.400000,9.9943472514e-04,5.4086049113e-01
61.450000,1.0002451017e-03,5.8545956811e-01
61.500000,1.0010048043e-03,5.7505030101e-01
61.550000,1.0007239519e-03,4.4776889960e-01
61.600000,9.9955324797e-04,5.7615223532e-01
61.650000,9.9930741730e-04,5.4459616681e-01
61.700000,1.0009247792e-03,4.7284024951e-01
61.750000,9.9981370323e-04,5.8591825419e-01
61.800000,1.0000761105e-03,5.7634336948e-01
61.850000,1.0005006046e-03,5.1778980258e-01
61.900000,9.9895020568e-04,5.5859064910e-01
61.950000,9.9906964595e-04,5.3727821571e-01
62.000000,1.0010834857e-03,5.2255349589e-01
62.050000,1.0014304265e-03,5.5036931628e-01
62.100000,1.0017690713e-03,5.6559164994e-01
62.150000,9.9854450183e-04,5.6105799489e-01
62.200000,9.9926515679e-04,5.3807371720e-01
62.250000,1.0008013926e-03,5.0309970650e-01
62.300000,1.0005608229e-03,5.5405915707e-01
62.350000,1.0000732010e-03,5.1956191842e-01
62.400000,9.9924494649e-04,5.4321570774e-01
62.450000,1.0001176583e-03,5.8790559717e-01
62.500000,1.0020295762e-03,5.3180924040e-01
62.550000,9.9919149765e-04,5.5265719473e-01
62.600000,1.0010826909e-03,5.5618313100e-01
62.650000,9.9966607215e-04,5.2092891719e-01
62.700000,1.0008127659e-03,5.3637955923e-01
62.750000,1.0002431504e-03,4.9142394998e-01
62.800000,1.0011910198e-03,5.4110669521e-01
62.850000,1.0015294390e-03,5.1873979705e-01
62.900000,9.9797529460e-04,5.6102989090e-01
62.950000,9.9913987443e-04,5.3274906423e-01
63.000000,9.9742387041e-04,5.2191480336e-01
63.050000,9.9898038723e-04,5.7349119452e-01
63.100000,9.9986066856e-04,5.4934182595e-01
63.150000,1.0001587697e-03,5.2924886253e-01
63.200000,1.0003175925e-03,5.7832527853e-01
63.250000,9.9935567022e-04,5.1289819707e-01
63.300000,9.9927881193e-04,5.3841509139e-01
63.350000,9.9825856523e-04,5.0464164896e-01
63.400000,1.0011545768e-03,5.1272533979e-01
63.450000,1.0014548508e-03,5.3173207388e-01
63.500000,9.9927444122e-04,5.3877391436e-01
63.550000,9.9876249493e-04,5.5991768564e-01
63.600000,1.0004405500e-03,5.2646154632e-01
63.650000,9.9965172991e-04,5.8285774229e-01
63.700000,1.0001176876e-03,5.2039203382e-01
63.750000,1.0002759738e-03,5.4299359312e-01
63.800000,9.9937596067e-04,5.5219865364e-01
63.850000,9.9987728817e-04,5.1962654934e-01
63.900000,9.9926063857e-04,5.5128234309e-01
63.950000,9.9936020478e-04,5.5183715346e-01
64.000000,9.9919442931e-04,5.6846460825e-01
64.050000,1.0000892920e-03,5.1517821597e-01
64.100000,1.0001681450e-03,5.3107797068e-01
64.150000,1.0001784900e-03,5.3254026258e-01
64.200000,9.9868874683e-04,5.4493347801e-01
64.250000,9.9881466609e-04,5.3291704380e-01
64.300000,9.9881515962e-04,5.5215751815e-01
64.350000,9.9913438481e-04,4.8301506192e-01
64.400000,1.0012712285e-03,5.5139528583e-01
64.450000,1.0003202069e-03,5.1358653957e-01
64.500000,1.0003483974e-03,5.0860631368e-01
64.550000,9.9991421062e-04,4.8523849012e-01
64.600000,1.0003387905e-03,5.4538191619e-01
64.650000,1.0001315186e-03,5.5010258041e-01
64.700000,1.0030061345e-03,6.0832526714e-01
64.750000,1.0006602240e-03,5.2557149017e-01
64.800000,9.9952118465e-04,5.3377307650e-01
64.850000,1.0004326917e-03,5.9583567780e-01
64.900000,1.0018973135e-03,5.3361503674e-01
64.950000,1.0004583025e-03,5.5563861829e-01
65.000000,9.9781611522e-04,5.4306276864e-01
65.050000,1.0010047275e-03,5.4270829461e-01
65.100000,9.9924533410e-04,5.6885020534e-01
65.150000,9.9899873946e-04,5.3759261425e-01
65.200000,1.0022865089e-03,5.6369015236e-01
65.250000,1.0015953175e-03,5.1671076793e-01
65.300000,1.0003272091e-03,5.3615775187e-01
65.350000,1.0004555041e-03,5.5035800847e-01
65.400000,1.0010042301e-03,5.9504629631e-01
65.450000,9.9942995223e-04,5.0773361978e-01
65.500000,9.9866024538e-04,5.2905846613e-01
65.550000,1.0008302141e-03,5.3190516072e-01
65.600000,1.0008108315e-03,5.2963309677e-01
65.650000,9.9975313349e-04,5.4098423354e-01
65.700000,9.9862431728e-04,5.3524440581e-01
65.750000,1.0019977253e-03,5.0683368558e-01
65.800000,1.0009666902e-03,5.6933167029e-01
65.850000,9.9993187939e-04,5.6310202417e-01
65.900000,9.9911589904e-04,5.0769453350e-01
65.950000,9.9775214770e-04,5.6427417430e-01
66.000000,9.9969254044e-04,5.3210355274e-01
66.050000,1.0009544557e-03,5.2627186521e-01
66.100000,9.9927864614e-04,5.4445882814e-01
66.150000,1.0010782368e-03,5.4944889094e-01
66.200000,9.9866361455e-04,5.6977263773e-01
66.250000,1.0007576013e-03,5.3535121629e-01
66.300000,9.9839074337e-04,4.8778755922e-01
66.350000,1.0015115457e-03,5.5580599147e-01
66.400000,9.9970469827e-04,5.4932678631e-01
66.450000,1.0000554536e-03,5.2953978448e-01
66.500000,1.0000074359e-03,5.1370283719e-01
66.550000,1.0010033183e-03,5.3912017282e-01
66.600000,1.0005251180e-03,5.8148729612e-01
66.650000,1.0010052467e-03,5.8661335611e-01
66.700000,9.9986105638e-04,5.7888162510e-01
66.750000,1.0006236351e-03,5.5855742734e-01
66.800000,9.9995271474e-04,5.4460008692e-01
66.850000,1.0006930092e-03,5.8090799957e-01
66.900000,9.9988388529e-04,5.2990891787e-01
66.950000,1.0008595971e-03,5.6056540746e-01
67.000000,1.0004940159e-03,5.5870903112e-01
67.050000,1.0005222531e-03,5.9153305696e-01
67.100000,1.0020538673e-03,5.3353012631e-01
67.150000,1.0013823575e-03,5.0096612308e-01
67.200000,1.0013900366e-03,5.1314035639e-01
67.250000,9.9880494318e-04,5.2221117732e-01
67.300000,1.0000536995e-03,5.5808457642e-01
67.350000,9.9924918313e-04,5.3681376923e-01
67.400000,9.9910201478e-04,5.9715313959e-01
67.450000,1.0006387077e-03,5.3869970353e-01
67.500000,1.0007077568e-03,5.2047433715e-01
67.550000,9.9974362509e-04,5.0645594119e-01
67.600000,1.0002610464e-03,5.6138263499e-01
67.650000,9.9947277799e-04,5.3534705620e-01
67.700000,9.9846237004e-04,5.2515637583e-01
67.750000,1.0013579808e-03,5.3675362433e-01
67.800000,9.9989674843e-04,5.3446033897e-01
67.850000,9.9991938149e-04,4.9251498864e-01
67.900000,1.0004930535e-03,5.2897977915e-01
67.950000,1.0001889378e-03,5.4074387313e-01
68.000000,9.9861588755e-04,5.4619088546e-01
68.050000,9.9916919551e-04,5.3869833782e-01
68.100000,1.0010073474e-03,5.5150700850e-01
68.150000,1.0002842248e-03,5.2872249131e-01
68.200000,1.0007710494e-03,5.8073691920e-01
68.250000,9.9908373150e-04,5.3933001658e-01
68.300000,9.9943810181e-04,5.5357990608e-01
68.350000,1.0005197635e-03,5.9545258652e-01
68.400000,1.0006342616e-03,6.2466679011e-01
68.450000,1.0004643586e-03,5.5031001322e-01
68.500000,9.9975716915e-04,5.2653969549e-01
68.550000,9.9898498729e-04,5.5003640580e-01
68.600000,1.0004810378e-03,4.9953338507e-01
68.650000,1.0000366748e-03,5.3994245192e-01
68.700000,1.0014288923e-03,5.5233323362e-01
68.750000,9.9994230593e-04,5.4740826834e-01
68.800000,1.0011096144e-03,5.1609725207e-01
68.850000,9.9954193115e-04,6.2556497500e-01
68.900000,1.0010741821e-03,5.5121153560e-01
68.950000,1.0004692684e-03,5.7008111105e-01
69.000000,1.0006232464e-03,5.5227946060e-01
69.050000,1.0006567359e-03,5.0177067034e-01
69.100000,9.9927636588e-04,5.7106862075e-01
69.150000,1.0007720959e-03,5.2389592059e-01
69.200000,9.9949943439e-04,5.4626512130e-01
69.250000,1.0010519731e-03,5.5298267822e-01
69.300000,9.9893497500e-04,5.3135991278e-01
69.350000,1.0002091970e-03,5.7658239147e-01
69.400000,1.0006290615e-03,5.5098650912e-01
69.450000,9.9997830766e-04,5.0009321498e-01
69.500000,1.0016109310e-03,5.6620178778e-01
69.550000,9.9998952058e-04,5.4250034332e-01
69.600000,1.0007987393e-03,5.5140058140e-01
69.650000,1.0001626200e-03,5.0948714754e-01
69.700000,9.9891645966e-04,5.5945312275e-01
69.750000,1.0003063723e-03,5.7496003033e-01
69.800000,9.9988161344e-04,5.6957206534e-01
69.850000,1.0004340170e-03,5.4328151460e-01
69.900000,9.9939192135e-04,5.1925502915e-01
69.950000,1.0016361460e-03,5.5055418102e-01
70.000000,9.9865066542e-04,5.6370107615e-01
70.050000,1.0004048630e-03,5.4159126625e-01
70.100000,1.0007814952e-03,5.2151339591e-01
70.150000,9.9880326764e-04,5.8771552591e-01
70.200000,1.0001288351e-03,5.0625107910e-01
70.250000,9.9939082042e-04,5.2916409441e-01
70.300000,1.0007759124e-03,5.5140931763e-01
70.350000,9.9898702733e-04,5.5035012595e-01
70.400000,1.0009252316e-03,5.4677921539e-01
70.450000,1.0009581318e-03,5.3471527880e-01
70.500000,1.0009777367e-03,5.0947466182e-01
70.550000,9.9973240917e-04,5.3457010043e-01
70.600000,9.9993995746e-04,5.1919174071e-01
70.650000,1.0003186919e-03,4.8906601114e-01
70.700000,1.0001311724e-03,4.8349045288e-01
70.750000,9.9980583246e-04,5.6239226800e-01
70.800000,9.9866100897e-04,5.0805014290e-01
70.850000,1.0007840289e-03,5.3845745999e-01
70.900000,9.9853892907e-04,5.8415622559e-01
70.950000,1.0005179739e-03,5.9071640028e-01
71.000000,9.9965928429e-04,5.6068476685e-01
71.050000,9.9963495806e-04,5.3751209591e-01
71.100000,9.9837737756e-04,5.6462826750e-01
71.150000,9.9876708357e-04,5.6002462850e-01
71.200000,9.9878395434e-04,5.6448631469e-01
71.250000,9.9983171989e-04,5.4112169636e-01
71.300000,1.0005452694e-03,5.1607240561e-01
71.350000,9.9803401714e-04,5.5830090937e-01
71.400000,9.9978518215e-04,5.1178968066e-01
71.450000,1.0004488221e-03,5.5288902329e-01
71.500000,1.0003409716e-03,5.0479140495e-01
71.550000,1.0005462602e-03,5.0292206063e-01
71.600000,9.9975349288e-04,5.2329695817e-01
71.650000,1.0005458883e-03,5.5351994285e-01
71.700000,9.9831637284e-04,5.7658693722e-01
71.750000,1.0000714748e-03,5.4193577243e-01
71.800000,9.9839552207e-04,5.2087457696e-01
71.850000,1.0000546529e-03,5.0087154845e-01
71.900000,1.0000145333e-03,5.6194831304e-01
71.950000,9.9906560729e-04,5.6908847588e-01
72.000000,9.9962981362e-04,4.8564873987e-01
72.050000,9.9961434900e-04,5.1148119281e-01
72.100000,9.9964075277e-04,5.0241589722e-01
72.150000,1.0006814411e-03,5.7892797466e-01
72.200000,1.0016244911e-03,6.0384464657e-01
72.250000,1.0020049525e-03,5.6120307571e-01
72.300000,1.0014479058e-03,5.3155610550e-01
72.350000,9.9971630864e-04,5.2896422651e-01
72.400000,1.0009537055e-03,5.4366554039e-01
72.450000,9.9892598277e-04,5.7395335867e-01
72.500000,9.9878969195e-04,5.0319622784e-01
72.550000,1.0006323339e-03,5.9045089216e-01
72.600000,9.9988785971e-04,5.6419971911e-01
72.650000,9.9937104522e-04,5.1119321672e-01
72.700000,9.9829458335e-04,5.0456793419e-01
72.750000,1.0007914513e-03,5.7574571605e-01
72.800000,1.0020511635e-03,5.4299085511e-01
72.850000,9.9937108909e-04,5.0269382023e-01
72.900000,9.9952574484e-04,5.4305778785e-01
72.950000,9.9974770362e-04,5.4796170872e-01
73.000000,9.9966833398e-04,5.8961193667e-01
73.050000,1.0002643535e-03,5.2873778293e-01
73.100000,9.9952042543e-04,5.7254925981e-01
73.150000,9.9990455461e-04,5.0754411135e-01
73.200000,1.0012867544e-03,5.3558797856e-01
73.250000,9.9776557332e-04,5.5601970915e-01
73.300000,1.0018115155e-03,5.0600018848e-01
73.350000,1.0003190093e-03,5.6142207878e-01
73.400000,9.9934832708e-04,5.4943754090e-01
73.450000,9.9771232144e-04,5.8401304229e-01
73.500000,9.9918726853e-04,5.2490091509e-01
73.550000,1.0002025896e-03,5.4256986363e-01
73.600000,1.0021390531e-03,5.3237882346e-01
73.650000,1.0002011719e-03,5.8067714237e-01
73.700000,9.9825332444e-04,5.1685762545e-01
73.750000,9.9905733846e-04,5.3322397504e-01
73.800000,9.9866962943e-04,5.4763062038e-01
73.850000,1.0003259505e-03,5.0872859761e-01
73.900000,9.9906982676e-04,5.3247041596e-01
73.950000,9.9802072290e-04,5.0358971711e-01
74.000000,1.0003425230e-03,5.8565827427e-01
74.050000,1.0010689805e-03,5.7130473990e-01
74.100000,9.9815871574e-04,5.3444385787e-01
74.150000,9.9977585570e-04,5.5182075562e-01
74.200000,1.0002678473e-03,4.9365947070e-01
74.250000,9.9999662993e-04,5.4378123587e-01
74.300000,9.9961451515e-04,5.3810205239e-01
74.350000,1.0001405164e-03,5.3259129580e-01
74.400000,9.9783576425e-04,5.6068398030e-01
74.450000,9.9962647782e-04,5.1667965860e-01
74.500000,1.0001878386e-03,5.4871961289e-01
74.550000,9.9950534082e-04,5.0224892716e-01
74.600000,1.0002705602e-03,5.8060791887e-01
74.650000,9.9760403664e-04,5.6316261476e-01
74.700000,1.0003499577e-03,5.4725491342e-01
74.750000,9.9947019293e-04,5.5490034158e-01
74.800000,9.9975368248e-04,5.5750164572e-01
74.850000,9.9977032663e-04,5.4801581455e-01
74.900000,9.9838116527e-04,5.9021454867e-01
74.950000,1.0009311190e-03,5.4000846473e-01
75.000000,1.0002834444e-03,5.3688419271e-01
75.050000,9.9910263760e-04,6.0408628090e-01
75.100000,1.0010401634e-03,5.4458635220e-01
75.150000,9.9954906699e-04,5.4818771618e-01
75.200000,1.0000481210e-03,5.7076737489e-01
75.250000,1.0001185802e-03,5.3954330312e-01
75.300000,9.9917066481e-04,4.9409607347e-01
75.350000,1.0005768852e-03,5.2471973923e-01
75.400000,9.9881960559e-04,4.7919929627e-01
75.450000,1.0002116894e-03,5.5078547835e-01
75.500000,1.0006298203e-03,5.2723525822e-01
75.550000,1.0014542580e-03,5.0573711597e-01
75.600000,9.9925076105e-04,5.3654950243e-01
75.650000,9.9855002883e-04,5.6799834685e-01
75.700000,9.9844717579e-04,5.5539756073e-01
75.750000,9.9976137041e-04,5.3386464030e-01
75.800000,9.9957318355e-04,5.4112585600e-01
75.850000,9.9992564894e-04,5.4915190634e-01
75.900000,1.0015416530e-03,5.4618109593e-01
75.950000,9.9968975493e-04,5.3159576278e-01
76.000000,9.9872141084e-04,5.3940650914e-01
76.050000,1.0018847536e-03,5.3584002796e-01
76.100000,1.0013885871e-03,5.2387412790e-01
76.150000,9.9767896305e-04,5.1219308511e-01
76.200000,9.9887295173e-04,5.5621164272e-01
76.250000,9.9988578041e-04,5.3346507971e-01
76.300000,1.0003897958e-03,5.8233182271e-01
76.350000,1.0002093132e-03,5.3808236915e-01
76.400000,9.9935076009e-04,5.4066264365e-01
76.450000,1.0023257570e-03,5.4465241271e-01
76.500000,9.9964891677e-04,5.3455699936e-01
76.550000,9.9942821205e-04,5.4683554486e-01
76.600000,9.9960409710e-04,5.6758634999e-01
76.650000,1.0018626942e-03,5.3924209140e-01
76.700000,9.9932973511e-04,4.8067054641e-01
76.750000,9.9872359233e-04,5.1593811839e-01
76.800000,1.0012851865e-03,5.9731620069e-01
76.850000,9.9964710401e-04,6.1495712358e-01
76.900000,9.9988647736e-04,4.8720412620e-01
76.950000,1.0004757058e-03,5.7067047106e-01
77.000000,9.9985731569e-04,5.2731484847e-01
77.050000,1.0002400070e-03,5.2455315524e-01
77.100000,9.9976386660e-04,5.6801843080e-01
77.150000,1.0006896123e-03,5.4256384413e-01
77.200000,1.0009736156e-03,5.4561218322e-01
77.250000,9.9924326755e-04,5.2928287623e-01
77.300000,9.9928645646e-04,5.5120173441e-01
77.350000,1.0003029443e-03,5.9910209619e-01
77.400000,9.9977497163e-04,5.0942177748e-01
77.450000,9.9937419314e-04,5.9548490110e-01
77.500000,1.0002184515e-03,5.3933933686e-01
77.550000,1.0010496138e-03,5.7885847904e-01
77.600000,9.9931155860e-04,5.4333848664e-01
77.650000,9.9988302408e-04,5.1106468319e-01
77.700000,1.0024794190e-03,5.3979601571e-01
77.750000,9.9975875318e-04,5.2060854330e-01
77.800000,9.9995205828e-04,5.4694722044e-01
77.850000,1.0005584587e-03,5.5620835057e-01
77.900000,9.9868866442e-04,5.4430787975e-01
77.950000,1.0000694581e-03,5.6546601329e-01
78.000000,9.9858374511e-04,5.3108203652e-01
78.050000,1.0005340047e-03,5.7888138333e-01
78.100000,1.0000631655e-03,5.3891570400e-01
78.150000,1.0016274094e-03,5.3772339777e-01
78.200000,9.9925670747e-04,5.4236636009e-01
78.250000,1.0003200702e-03,5.5767791104e-01
78.300000,1.0009723997e-03,5.5057174418e-01
78.350000,1.0019427678e-03,5.5738895903e-01
78.400000,1.0005420477e-03,5.7231232172e-01
78.450000,1.0010620108e-03,5.4189017735e-01
78.500000,1.0008931132e-03,5.6887058374e-01
78.550000,9.9958789008e-04,5.4149373143e-01
78.600000,9.9866855945e-04,5.6966135095e-01
78.650000,9.9922388204e-04,5.2279155058e-01
78.700000,1.0009786651e-03,5.7092881830e-01
78.750000,9.9971687186e-04,5.0429813917e-01
78.800000,9.9947292712e-04,5.3424983224e-01
78.850000,1.0007532035e-03,5.5998979221e-01
78.900000,9.9837555922e-04,5.7540300545e-01
78.950000,1.0009307157e-03,5.4199654889e-01
79.000000,1.0007382596e-03,5.8743823553e-01
79.050000,1.0015152037e-03,5.4718089676e-01
79.100000,9.9900502545e-04,5.2594939566e-01
79.150000,1.0009561474e-03,5.7814503428e-01
79.200000,1.0007185233e-03,5.2231197942e-01
79.250000,9.9998904184e-04,5.9622742047e-01
79.300000,9.9923136535e-04,5.1257934371e-01
79.350000,9.9917771165e-04,5.6940279696e-01
79.400000,1.0003382951e-03,5.6234623031e-01
79.450000,1.0000775987e-03,5.3395556157e-01
79.500000,9.9992202679e-04,5.6192617635e-01
79.550000,1.0004174870e-03,5.4091811407e-01
79.600000,1.0003899084e-03,5.5619577928e-01
79.650000,1.0002351904e-03,5.6591007651e-01
79.700000,1.0001911535e-03,5.3873226402e-01
79.750000,9.9870404671e-04,5.4950049141e-01
79.800000,9.9997975796e-04,4.9702570726e-01
79.850000,9.9846184166e-04,5.7490314645e-01
79.900000,1.0003202249e-03,6.0768905520e-01
79.950000,9.9922877238e-04,5.6374193337e-01
80.000000,1.0000122130e-03,5.7861165133e-01
80.050000,9.9968895651e-04,5.4350498192e-01
80.100000,9.9898221655e-04,5.2260358399e-01
80.150000,9.9960721168e-04,5.3766227031e-01
80.200000,1.0025994923e-03,5.1040769943e-01
80.250000,9.9794556969e-04,4.7619234036e-01
80.300000,1.0005397656e-03,5.8775614384e-01
80.350000,9.9997209525e-04,5.1058941716e-01
80.400000,9.9966941249e-04,5.4918206706e-01
80.450000,9.9948935728e-04,5.7445067201e-01
80.500000,9.9926707084e-04,5.8786770791e-01
80.550000,9.9998998022e-04,5.3707018768e-01
80.600000,9.9772218361e-04,5.2782995992e-01
80.650000,9.9937210623e-04,5.2028609992e-01
80.700000,9.9985978894e-04,5.1555444541e-01
80.750000,1.0008733942e-03,5.3765779396e-01
80.800000,9.9798680453e-04,5.3820876262e-01
80.850000,9.9985143916e-04,5.2041747520e-01
80.900000,1.0000926454e-03,5.7129277700e-01
80.950000,9.9971333634e-04,5.5168807695e-01
81.000000,1.0009482298e-03,5.6166756587e-01
81.050000,1.0007837374e-03,5.7353341868e-01
81.100000,1.0019664211e-03,5.0966073925e-01
81.150000,9.9844207737e-04,5.0509389855e-01
81.200000,1.0012020724e-03,5.8509509305e-01
81.250000,1.0000661700e-03,5.6159785884e-01
81.300000,1.0000070216e-03,5.6693241888e-01
81.350000,1.0009664331e-03,4.8678095630e-01
81.400000,1.0004129667e-03,5.4448047968e-01
81.450000,1.0007032998e-03,5.6178183025e-01
81.500000,9.9950800223e-04,5.3448101158e-01
81.550000,1.0017590962e-03,5.4064467212e-01
81.600000,9.9955224359e-04,6.0542050332e-01
81.650000,9.9928135886e-04,5.3746628899e-01
81.700000,9.9841071438e-04,4.9815281095e-01
81.750000,1.0005546657e-03,5.4232682517e-01
81.800000,9.9995543644e-04,5.1347922938e-01
81.850000,1.0008621379e-03,5.7641505832e-01
81.900000,9.9925828845e-04,5.5765756503e-01
81.950000,1.0011325304e-03,5.4301372686e-01
82.000000,9.9961063430e-04,5.0259521925e-01
82.050000,9.9973168321e-04,5.8693006426e-01
82.100000,1.0006252582e-03,5.6941462959e-01
82.150000,9.9887839310e-04,5.2767953461e-01
82.200000,9.9955841633e-04,5.4316041964e-01
82.250000,9.9899121877e-04,5.4758447456e-01
82.300000,1.0020338916e-03,5.7215832649e-01
82.350000,9.9997923731e-04,5.5073389125e-01
82.400000,1.0013061139e-03,5.5857059344e-01
82.450000,9.9957559760e-04,5.5013474608e-01
82.500000,9.9857558053e-04,6.0415514237e-01
82.550000,1.0001566455e-03,4.9481204323e-01
82.600000,9.9898918966e-04,5.2581109485e-01
82.650000,9.9872889557e-04,5.2822713652e-01
82.700000,9.9940181165e-04,5.7080061203e-01
82.750000,9.9898428695e-04,5.5445871228e-01
82.800000,9.9918467926e-04,5.2133620486e-01
82.850000,1.0012447881e-03,5.6022482588e-01
82.900000,1.0012369603e-03,4.9994085771e-01
82.950000,1.0007927790e-03,6.0866163575e-01
83.000000,9.9858981784e-04,5.7294511595e-01
83.050000,9.9959098011e-04,4.9557056420e-01
83.100000,1.0008794759e-03,5.8524322048e-01
83.150000,1.0026526083e-03,5.4236001779e-01
83.200000,9.9881988999e-04,5.6378133232e-01
83.250000,1.0012902080e-03,5.1672116930e-01
83.300000,1.0020256471e-03,5.6780042598e-01
83.350000,9.9963879700e-04,5.7202053486e-01
83.400000,1.0009679496e-03,5.4831905480e-01
83.450000,1.0005469706e-03,6.0681911175e-01
83.500000,9.9949250001e-04,5.9763917775e-01
83.550000,1.0005622648e-03,5.8187464505e-01
83.600000,1.0006691459e-03,5.6376624454e-01
83.650000,1.0015638223e-03,5.2974992159e-01
83.700000,9.9839312543e-04,5.2076069068e-01
83.750000,1.0009227515e-03,5.5962439341e-01
83.800000,1.0000249950e-03,5.5301017864e-01
83.850000,9.9939345119e-04,5.0113412966e-01
83.900000,9.9949258587e-04,5.6968580181e-01
83.950000,1.0005627855e-03,5.5438438716e-01
84.000000,1.0004374671e-03,5.6323202551e-01
84.050000,1.0010537947e-03,5.5334538173e-01
84.100000,1.0005502128e-03,5.5775504483e-01
84.150000,1.0008408453e-03,5.1010205143e-01
84.200000,1.0005835501e-03,5.4102023338e-01
84.250000,1.0001758681e-03,5.1804188785e-01
84.300000,9.9858494412e-04,5.1164555636e-01
84.350000,9.9941872425e-04,5.6122551354e-01
84.400000,1.0013981356e-03,5.4257249052e-01
84.450000,9.9857737885e-04,5.5197015294e-01
84.500000,9.9970975246e-04,5.6035130334e-01
84.550000,1.0000560788e-03,5.5579331740e-01
84.600000,9.9849539194e-04,5.3833985905e-01
84.650000,1.0006094281e-03,5.8419592464e-01
84.700000,9.9831921788e-04,5.6449449074e-01
84.750000,9.9837819417e-04,5.3044154043e-01
84.800000,1.0002407191e-03,5.3057575668e-01
84.850000,1.0011926292e-03,5.6011356428e-01
84.900000,1.0009368964e-03,5.3648237727e-01
84.950000,1.0000508418e-03,5.5714146150e-01
85.000000,9.9952588575e-04,5.1815867883e-01
85.050000,1.0006083539e-03,5.5950418736e-01
85.100000,9.9911436070e-04,5.0815057881e-01
85.150000,1.0017663970e-03,5.4413325875e-01
85.200000,9.9986619312e-04,5.3457825717e-01
85.250000,1.0009619325e-03,4.8462637038e-01
85.300000,9.9864299667e-04,5.5980742080e-01
85.350000,9.9937684880e-04,5.1957420763e-01
85.400000,1.0010089196e-03,5.6592220707e-01
85.450000,1.0002396840e-03,5.2493634029e-01
85.500000,9.9978223121e-04,5.0818072737e-01
85.550000,9.9948801632e-04,5.4500345194e-01
85.600000,9.9995096450e-04,5.9761971065e-01
85.650000,9.9911486195e-04,5.2418965736e-01
85.700000,1.0001583741e-03,5.6462768677e-01
85.750000,1.0007969048e-03,5.3040678714e-01
85.800000,9.9998832372e-04,5.3809180491e-01
85.850000,1.0019590351e-03,4.9378565121e-01
85.900000,9.9996516916e-04,5.1383408950e-01
85.950000,1.0010210754e-03,5.1176285769e-01
86.000000,1.0011111925e-03,5.2884282603e-01
86.050000,9.9867288648e-04,5.1156465778e-01
86.100000,9.9997598626e-04,5.0970965277e-01
86.150000,1.0007492764e-03,5.4618201828e-01
86.200000,9.9911515116e-04,5.0499378104e-01
86.250000,1.0009022224e-03,5.1171816386e-01
86.300000,1.0006776358e-03,5.2327550222e-01
86.350000,9.9985092156e-04,5.3673549716e-01
86.400000,9.9926836237e-04,5.6338777194e-01
86.450000,9.9873996315e-04,5.5408833076e-01
86.500000,9.9973532809e-04,4.9786780391e-01
86.550000,9.9889673633e-04,5.2746374856e-01
86.600000,1.0000943163e-03,5.5917056286e-01
86.650000,9.9900705033e-04,5.4102074933e-01
86.700000,1.0001989125e-03,5.2152551508e-01
86.750000,1.0010952616e-03,5.4473058182e-01
86.800000,9.9812303227e-04,5.4542625069e-01
86.850000,9.9839983582e-04,5.2765597818e-01
86.900000,9.9939751964e-04,5.1900573036e-01
86.950000,9.9876385366e-04,5.5153423519e-01
87.000000,1.0002165258e-03,5.7342581064e-01
87.050000,1.0009925650e-03,5.1731544909e-01
87.100000,9.9895136042e-04,5.7494974028e-01
87.150000,1.0013963836e-03,5.6757631101e-01
87.200000,9.9884325565e-04,4.9469756442e-01
87.250000,9.9960692899e-04,5.3516026863e-01
87.300000,9.9999556638e-04,5.7063100348e-01
87.350000,1.0012671295e-03,5.1709995960e-01
87.400000,9.9894247145e-04,6.4127767318e-01
87.450000,1.0020236765e-03,5.7386441675e-01
87.500000,1.0005211241e-03,5.7807127479e-01
87.550000,1.0012295735e-03,5.0035618446e-01
87.600000,1.0000471649e-03,4.9237705834e-01
87.650000,1.0008262547e-03,5.4635787149e-01
87.700000,1.0002052510e-03,5.1969732034e-01
87.750000,9.9833260352e-04,5.3028551700e-01
87.800000,1.0008325842e-03,6.1048621537e-01
87.850000,9.9852107154e-04,5.4129416441e-01
87.900000,1.0023655627e-03,5.2959073508e-01
87.950000,1.0000031746e-03,5.1777803208e-01
88.000000,9.9880250996e-04,5.5189884969e-01
88.050000,9.9892952447e-04,5.9569477835e-01
88.100000,1.0006286742e-03,5.0803292346e-01
88.150000,1.0030757912e-03,5.6233474152e-01
88.200000,1.0001724567e-03,5.5115273603e-01
88.250000,9.9999763124e-04,5.7372556299e-01
88.300000,9.9843924652e-04,5.6287893336e-01
88.350000,9.9934117784e-04,5.6895335371e-01
88.400000,9.9880916444e-04,5.4851141094e-01
88.450000,1.0004143981e-03,5.7466121254e-01
88.500000,9.9770948640e-04,5.4589161969e-01
88.550000,1.0015915769e-03,5.0903763940e-01
88.600000,1.0002646569e-03,6.0537341351e-01
88.650000,1.0016397028e-03,5.7553523786e-01
88.700000,1.0022145159e-03,5.6771466245e-01
88.750000,1.0000406453e-03,5.0501832681e-01
88.800000,9.9872646205e-04,5.5079063432e-01
88.850000,9.9820330016e-04,5.7609798925e-01
88.900000,1.0009551597e-03,5.3605662618e-01
88.950000,1.0016449784e-03,5.6263207286e-01
89.000000,9.9918077610e-04,5.8519930411e-01
89.050000,1.0003982848e-03,5.2927173230e-01
89.100000,9.9867663999e-04,5.7203090258e-01
89.150000,1.0002538031e-03,5.3834300023e-01
89.200000,1.0012409923e-03,5.4908241054e-01
89.250000,1.0013707859e-03,4.9572888376e-01
89.300000,9.9931881063e-04,5.1917817701e-01
89.350000,9.9963276078e-04,5.8497537876e-01
89.400000,1.0019522409e-03,5.5194086680e-01
89.450000,9.9895264065e-04,5.3462176736e-01
89.500000,9.9811955925e-04,5.1334197424e-01
89.550000,9.9967381925e-04,5.1259070451e-01
89.600000,9.9991900297e-04,5.3729270605e-01
89.650000,9.9995507398e-04,5.3474395817e-01
89.700000,1.0007939584e-03,5.5559553939e-01
89.750000,9.9979375785e-04,5.7568745638e-01
89.800000,1.0009280998e-03,5.6765433569e-01
89.850000,9.9889077338e-04,5.1471054817e-01
89.900000,9.9989083254e-04,5.3207111404e-01
89.950000,9.9926060650e-04,5.3103946408e-01
90.000000,9.9966641397e-04,5.1100418236e-01
90.050000,1.0002151794e-03,5.6397902820e-01
90.100000,1.0005132250e-03,6.1735667226e-01
90.150000,9.9948781579e-04,5.1638177869e-01
90.200000,9.9988141584e-04,5.0587429488e-01
90.250000,1.0002758074e-03,5.6470681017e-01
90.300000,1.0007134961e-03,5.4078273738e-01
90.350000,1.0001202706e-03,5.3220654583e-01
90.400000,1.0009110960e-03,5.6713163442e-01
90.450000,1.0003499756e-03,5.6255555541e-01
90.500000,9.9893236139e-04,5.2769095274e-01
90.550000,1.0014018470e-03,5.9202707266e-01
90.600000,1.0013284084e-03,5.5265243035e-01
90.650000,1.0004468427e-03,5.4141409948e-01
90.700000,9.9912393162e-04,5.6286226429e-01
90.750000,9.9966045151e-04,5.2994746912e-01
90.800000,1.0004117252e-03,5.6391245302e-01
90.850000,1.0012869746e-03,5.6016903364e-01
90.900000,1.0022048754e-03,5.4605682155e-01
90.950000,1.0007796093e-03,5.5597044025e-01
91.000000,1.0004977663e-03,5.6046163202e-01
91.050000,9.9974430586e-04,5.3548730845e-01
91.100000,1.0028839459e-03,5.9615929140e-01
91.150000,1.0011293402e-03,5.0928477709e-01
91.200000,1.0018709180e-03,5.6028540161e-01
91.250000,1.0008036471e-03,5.1935486691e-01
91.300000,1.0007198996e-03,6.1321239620e-01
91.350000,9.9860916667e-04,5.3040003469e-01
91.400000,1.0000040404e-03,5.1097171039e-01
91.450000,1.0005032348e-03,5.8027520569e-01
91.500000,9.9916517246e-04,5.7485886878e-01
91.550000,1.0008216920e-03,5.2198428304e-01
91.600000,9.9987742105e-04,4.9158641827e-01
91.650000,1.0003263911e-03,5.0236390807e-01
91.700000,1.0009528642e-03,5.1193519916e-01
91.750000,1.0027822265e-03,5.2598099336e-01
91.800000,9.9876561232e-04,4.9974863402e-01
91.850000,1.0006315204e-03,4.9490015045e-01
91.900000,9.9969874564e-04,5.4825291570e-01
91.950000,9.9943485715e-04,5.5553715078e-01
92.000000,1.0001509147e-03,5.5707898229e-01
92.050000,1.0005784249e-03,5.3450346732e-01
92.100000,9.9936431399e-04,5.5999377720e-01
92.150000,9.9917460777e-04,5.2572787620e-01
92.200000,9.9913046437e-04,5.3233196220e-01
92.250000,1.0003769428e-03,5.7296163705e-01
92.300000,1.0005622391e-03,5.2818891431e-01
92.350000,1.0003349173e-03,5.5030466495e-01
92.400000,9.9927773791e-04,5.8036549884e-01
92.450000,9.9986746531e-04,5.5608640043e-01
92.500000,9.9820372207e-04,5.3949257248e-01
92.550000,1.0002527264e-03,5.4043433377e-01
92.600000,9.9975045770e-04,5.6790791674e-01
92.650000,9.9936262146e-04,5.8632431773e-01
92.700000,9.9953161021e-04,5.2356302111e-01
92.750000,1.0005174660e-03,5.8322198769e-01
92.800000,1.0005287646e-03,5.4752123121e-01
92.850000,1.0008066868e-03,5.4880693019e-01
92.900000,9.9862945996e-04,5.1463390736e-01
92.950000,1.0004817303e-03,5.1868993946e-01
93.000000,1.0002172402e-03,5.6067419559e-01
93.050000,1.0000818520e-03,5.7867834513e-01
93.100000,9.9914690310e-04,5.1005626505e-01
93.150000,1.0015138989e-03,5.5863924049e-01
93.200000,1.0003724905e-03,4.9659613881e-01
93.250000,9.9955648566e-04,5.6067638376e-01
93.300000,1.0007366717e-03,5.2996186865e-01
93.350000,1.0009217682e-03,5.1586803502e-01
93.400000,9.9990964946e-04,5.5643445577e-01
93.450000,9.9955395850e-04,5.7507507212e-01
93.500000,1.0008668647e-03,5.0234828326e-01
93.550000,1.0014456480e-03,5.9818921995e-01
93.600000,1.0008049536e-03,5.6902872036e-01
93.650000,1.0000605303e-03,5.6212372177e-01
93.700000,9.9961503523e-04,5.4325608060e-01
93.750000,9.9952557268e-04,6.0027404340e-01
93.800000,9.9982822310e-04,5.7975495391e-01
93.850000,9.9960891893e-04,5.7893229574e-01
93.900000,9.9908372435e-04,5.3644944193e-01
93.950000,9.9922674170e-04,5.1318768803e-01
94.000000,1.0010268318e-03,5.3597669362e-01
94.050000,9.9924496261e-04,5.1166813528e-01
94.100000,9.9971406425e-04,5.5722599107e-01
94.150000,1.0004953324e-03,5.4249703714e-01
94.200000,1.0000593056e-03,5.5128856313e-01
94.250000,9.9949587460e-04,5.6064928675e-01
94.300000,1.0003577731e-03,5.4617966368e-01
94.350000,9.9846274185e-04,5.7014028051e-01
94.400000,9.9957273445e-04,5.3476605637e-01
94.450000,1.0005017991e-03,5.8582350013e-01
94.500000,9.9937739201e-04,5.7966423322e-01
94.550000,9.9928757600e-04,5.9157649728e-01
94.600000,9.9758307229e-04,5.1168950529e-01
94.650000,9.9888187614e-04,5.7948851674e-01
94.700000,9.9905539381e-04,5.7254233010e-01
94.750000,9.9780398704e-04,5.3068845217e-01
94.800000,9.9961139338e-04,5.9514849051e-01
94.850000,9.9993077814e-04,5.4194930443e-01
94.900000,9.9920609476e-04,5.0266581481e-01
94.950000,1.0008403882e-03,5.1730176078e-01
95.000000,1.0000813290e-03,5.6468397530e-01
95.050000,1.0014922815e-03,5.2247295887e-01
95.100000,9.9938134818e-04,5.3829087207e-01
95.150000,1.0001217278e-03,5.4560165240e-01
95.200000,9.9991726482e-04,5.3701432977e-01
95.250000,1.0012016063e-03,5.1447348233e-01
95.300000,9.9843177024e-04,5.3671089168e-01
95.350000,1.0002320789e-03,5.0656006464e-01
95.400000,1.0006057748e-03,5.5039221207e-01
95.450000,1.0007301713e-03,5.5065244949e-01
95.500000,1.0000095873e-03,5.2417692750e-01
95.550000,9.9934770599e-04,5.0874981138e-01
95.600000,1.0000359369e-03,4.7137854954e-01
95.650000,1.0001150488e-03,5.6431844529e-01
95.700000,1.0006976080e-03,5.4065209374e-01
95.750000,1.0004842211e-03,5.4019594112e-01
95.800000,9.9815908739e-04,5.2653562176e-01
95.850000,9.9993237353e-04,5.2049571919e-01
95.900000,1.0006376920e-03,5.8577382887e-01
95.950000,1.0002649971e-03,5.3170725182e-01
96.000000,1.0001806303e-03,5.4353050081e-01
96.050000,9.9911258024e-04,5.4963267186e-01
96.100000,9.9877637058e-04,5.1831706869e-01
96.150000,9.9971624187e-04,5.5856417272e-01
96.200000,9.9679494135e-04,5.3363040154e-01
96.250000,1.0007103979e-03,5.6807698715e-01
96.300000,9.9971038816e-04,5.6696652735e-01
96.350000,1.0015803374e-03,5.2632455158e-01
96.400000,1.0004376745e-03,5.1831438731e-01
96.450000,9.9976736577e-04,5.5238056915e-01
96.500000,1.0007212896e-03,5.4762012679e-01
96.550000,1.0009949992e-03,5.3340416018e-01
96.600000,1.0003364327e-03,5.9925263687e-01
96.650000,9.9969658384e-04,5.3088908570e-01
96.700000,1.0001462532e-03,5.4733274879e-01
96.750000,1.0023528623e-03,5.7610225913e-01
96.800000,9.9960112311e-04,5.3601693780e-01
96.850000,1.0006920464e-03,5.3791942609e-01
96.900000,1.0013173833e-03,5.4442334267e-01
96.950000,9.9975654668e-04,5.8444843331e-01
97.000000,9.9813691323e-04,5.7182219161e-01
97.050000,9.9941788457e-04,5.1213361872e-01
97.100000,9.9963203843e-04,5.0977906969e-01
97.150000,1.0019566574e-03,5.6239501263e-01
97.200000,9.9831292688e-04,5.9790616073e-01
97.250000,1.0002205022e-03,5.2123678190e-01
97.300000,9.9989340119e-04,5.4282106989e-01
97.350000,1.0004472485e-03,5.0180316285e-01
97.400000,1.0011556918e-03,5.1479631221e-01
97.450000,1.0017781262e-03,5.2375499303e-01
97.500000,9.9948579645e-04,5.4012781129e-01
97.550000,1.0007228021e-03,5.2374543718e-01
97.600000,9.9991253245e-04,5.0717207152e-01
97.650000,1.0008906748e-03,5.4988979898e-01
97.700000,1.0024276816e-03,5.2483076931e-01
97.750000,1.0006148103e-03,5.0090156177e-01
97.800000,1.0004397205e-03,5.5147619642e-01
97.850000,1.0011527536e-03,5.8098669404e-01
97.900000,1.0023470500e-03,5.6245818726e-01
97.950000,1.0008508266e-03,5.4723896140e-01
98.000000,1.0003955424e-03,5.1542134668e-01
98.050000,9.9957139583e-04,5.5307186211e-01
98.100000,9.9968263213e-04,5.2222138474e-01
98.150000,9.9895533734e-04,5.8576435576e-01
98.200000,9.9911126557e-04,5.1803900432e-01
98.250000,1.0001096429e-03,5.1855280761e-01
98.300000,9.9872387971e-04,5.1096471237e-01
98.350000,1.0008159487e-03,5.4662159741e-01
98.400000,1.0013221649e-03,5.5188324781e-01
98.450000,9.9991061231e-04,4.8887089267e-01
98.500000,9.9951705314e-04,5.6407888579e-01
98.550000,1.0012532444e-03,5.1201034433e-01
98.600000,1.0001942757e-03,5.4979670384e-01
98.650000,1.0008480713e-03,5.7897438422e-01
98.700000,9.9993842937e-04,5.2755843966e-01
98.750000,1.0029141116e-03,5.8323090393e-01
98.800000,1.0013812442e-03,5.3820112098e-01
98.850000,9.9983936704e-04,5.4784633820e-01
98.900000,9.9999569722e-04,5.3117141056e-01
98.950000,1.0002070006e-03,5.6894336002e-01
99.000000,9.9923537766e-04,5.3071991350e-01
99.050000,9.9976728161e-04,5.7117717111e-01
99.100000,9.9939204370e-04,5.7243625413e-01
99.150000,1.0008625457e-03,5.5621906275e-01
99.200000,9.9961992311e-04,5.2488674449e-01
99.250000,1.0006908921e-03,5.5732686355e-01
99.300000,9.9847830673e-04,4.9514584597e-01
99.350000,1.0008113195e-03,4.9016834702e-01
99.400000,1.0003533031e-03,5.1320604920e-01
99.450000,9.9914496526e-04,5.5323771670e-01
99.500000,9.9830830964e-04,5.4971524801e-01
99.550000,9.9955342619e-04,5.7741547811e-01
99.600000,9.9912816006e-04,5.4804675809e-01
99.650000,9.9840598866e-04,5.3550520116e-01
99.700000,9.9967960492e-04,5.7914973491e-01
99.750000,9.9966816210e-04,5.4704993555e-01
99.800000,1.0017403739e-03,5.5257031999e-01
99.850000,1.0006774814e-03,5.1319800253e-01
99.900000,1.0004972841e-03,5.1247402565e-01
99.950000,1.0017469082e-03,5.0343415567e-01
100.000000,9.9803197842e-04,5.3522342571e-01
100.050000,9.9899870902e-04,5.2529664080e-01
100.100000,9.9950962613e-04,5.7925289857e-01
100.150000,1.0001961539e-03,5.6199271186e-01
100.200000,9.9968224944e-04,5.3291821465e-01
100.250000,9.9913601018e-04,5.4531212182e-01
100.300000,9.9878442783e-04,5.3696598323e-01
100.350000,9.9871667154e-04,4.9477426256e-01
100.400000,9.9951202071e-04,5.4146240096e-01
100.450000,9.9989432296e-04,5.6727960016e-01
100.500000,1.0011004701e-03,5.4685863930e-01
100.550000,9.9998284421e-04,5.7527804093e-01
100.600000,1.0002907501e-03,5.4675493119e-01
100.650000,9.9939917790e-04,5.3702825066e-01
100.700000,1.0020850435e-03,5.0710726661e-01
100.750000,9.9985107674e-04,5.6229731226e-01
100.800000,1.0001220089e-03,5.3982639724e-01
100.850000,1.0013404506e-03,4.8793830938e-01
100.900000,1.0009606492e-03,5.0018510403e-01
100.950000,9.9836090697e-04,5.2754281633e-01
101.000000,1.0019058608e-03,5.3840264409e-01
101.050000,1.0008873190e-03,5.7615523524e-01
101.100000,1.0009590469e-03,5.2885281328e-01
101.150000,9.9950462078e-04,5.0195827294e-01
101.200000,1.0004706561e-03,5.5174792936e-01
101.250000,1.0004416358e-03,4.7111931017e-01
101.300000,9.9936471522e-04,5.2194785568e-01
101.350000,1.0014238058e-03,4.9700886415e-01
101.400000,9.9916604855e-04,5.6237122489e-01
101.450000,9.9968270372e-04,5.4709849370e-01
101.500000,9.9927418788e-04,5.7276172261e-01
101.550000,9.9993003655e-04,5.8000780904e-01
101.600000,9.9754089105e-04,5.8224350105e-01
101.650000,1.0000850508e-03,5.7149350553e-01
101.700000,9.9930181401e-04,5.4221180691e-01
101.750000,1.0014717559e-03,5.3356502223e-01
101.800000,1.0017926290e-03,5.2913263232e-01
101.850000,1.0020046438e-03,5.2466923992e-01
101.900000,1.0014049833e-03,4.9632086557e-01
101.950000,9.9831904897e-04,5.4819557982e-01
102.000000,9.9923546003e-04,5.2120653655e-01
102.050000,1.0013607069e-03,5.4835314047e-01
102.100000,1.0003786398e-03,4.9123466681e-01
102.150000,1.0013427693e-03,5.5046999557e-01
102.200000,9.9962768430e-04,5.6143890678e-01
102.250000,9.9919554459e-04,5.2760001627e-01
102.300000,1.0000136739e-03,5.1279112750e-01
102.350000,9.9965129068e-04,5.5403360082e-01
102.400000,1.0012631085e-03,5.1973747046e-01
102.450000,9.9899401746e-04,5.3751615550e-01
102.500000,9.9922746419e-04,5.6553668812e-01
102.550000,1.0006471785e-03,4.7282802367e-01
102.600000,9.9883945030e-04,5.5938011348e-01
102.650000,9.9999791085e-04,5.7499789277e-01
102.700000,1.0019130349e-03,5.3121064418e-01
102.750000,1.0006628118e-03,4.9597122271e-01
102.800000,9.9929244249e-04,5.5832269499e-01
102.850000,1.0007468281e-03,5.2390001915e-01
102.900000,9.9827321038e-04,5.9319445536e-01
102.950000,9.9870330882e-04,5.3340287834e-01
103.000000,1.0007950807e-03,5.3673886315e-01
103.050000,9.9868432974e-04,5.0122230051e-01
103.100000,1.0004723561e-03,5.3424417268e-01
103.150000,9.9914911615e-04,4.7408518140e-01
103.200000,1.0004542349e-03,5.7413717308e-01
103.250000,1.0006582880e-03,5.3084177886e-01
103.300000,1.0003232571e-03,5.3550141158e-01
103.350000,9.9966283615e-04,5.4386135452e-01
103.400000,1.0028989863e-03,5.6093316583e-01
103.450000,9.9980962452e-04,5.2600149288e-01
103.500000,1.0007541185e-03,5.1203471599e-01
103.550000,1.0018213728e-03,5.1280284533e-01
103.600000,9.9954245637e-04,5.8223957750e-01
103.650000,9.9972069349e-04,5.6805249446e-01
103.700000,9.9848296511e-04,5.3478696223e-01
103.750000,1.0002419621e-03,5.7054532385e-01
103.800000,1.0009986327e-03,5.5527800471e-01
103.850000,9.9926747816e-04,5.3758944803e-01
103.900000,1.0005160061e-03,5.8269189222e-01
103.950000,9.9865206965e-04,6.0058423640e-01
104.000000,9.9955378333e-04,5.3432026330e-01
104.050000,1.0015529268e-03,5.3377551579e-01
104.100000,1.0009823027e-03,5.4262794450e-01
104.150000,9.9954783538e-04,5.7167060928e-01
104.200000,1.0013700317e-03,5.3277003368e-01
104.250000,9.9957433949e-04,5.5801387825e-01
104.300000,1.0001088719e-03,5.7324915283e-01
104.350000,1.0020970429e-03,5.8741726512e-01
104.400000,1.0009356403e-03,5.9889408242e-01
104.450000,9.9859564015e-04,4.9687711856e-01
104.500000,9.9882227243e-04,5.7166176698e-01
104.550000,9.9947548917e-04,5.7548794936e-01
104.600000,9.9973140959e-04,5.3297472885e-01
104.650000,1.0004137563e-03,5.8179142352e-01
104.700000,9.9980829610e-04,5.2985444929e-01
104.750000,1.0009398761e-03,5.1728392922e-01
104.800000,1.0002912564e-03,5.2403174888e-01
104.850000,1.0003891349e-03,5.5959799018e-01
104.900000,1.0006292194e-03,5.3802988764e-01
104.950000,1.0002819480e-03,5.5473071615e-01
105.000000,1.0006775926e-03,4.6888981736e-01
105.050000,1.0004497900e-03,5.0513275041e-01
105.100000,1.0002102626e-03,5.5643769473e-01
105.150000,1.0002778104e-03,5.5294818388e-01
105.200000,1.0001137639e-03,5.3739539312e-01
105.250000,9.9955720922e-04,5.4969047200e-01
105.300000,1.0002026609e-03,5.9103083477e-01
105.350000,9.9909839245e-04,5.4131130582e-01
105.400000,1.0008912753e-03,5.2023520158e-01
105.450000,9.9848160312e-04,4.9750986609e-01
105.500000,1.0011193624e-03,5.5752673891e-01
105.550000,1.0006348807e-03,5.3324915743e-01
105.600000,1.0001110869e-03,5.2498736023e-01
105.650000,9.9936636466e-04,6.0297694485e-01
105.700000,1.0007630307e-03,5.0274598317e-01
105.750000,1.0002769059e-03,5.9889719974e-01
105.800000,1.0002672973e-03,5.5536785601e-01
105.850000,1.0005790869e-03,5.5508999470e-01
105.900000,1.0006596475e-03,5.4844989896e-01
105.950000,1.0006157353e-03,5.4780123439e-01
106.000000,1.0011048368e-03,5.7222194249e-01
106.050000,1.0009626139e-03,5.0798177665e-01
106.100000,1.0000030722e-03,5.5515052637e-01
106.150000,1.0003178563e-03,5.3942949509e-01
106.200000,1.0005605590e-03,5.6269307248e-01
106.250000,1.0008701900e-03,5.1308680026e-01
106.300000,9.9919510001e-04,5.1935499757e-01
106.350000,1.0003291270e-03,4.9722644302e-01
106.400000,9.9826163001e-04,5.2787605827e-01
106.450000,9.9831881829e-04,5.2200271934e-01
106.500000,9.9948202103e-04,5.5686508854e-01
106.550000,9.9960555830e-04,5.2310751928e-01
106.600000,9.9944961230e-04,5.4072955515e-01
106.650000,1.0000951640e-03,5.5330604349e-01
106.700000,9.9905989770e-04,6.0115421119e-01
106.750000,1.0012700956e-03,4.6650536268e-01
106.800000,9.9895530851e-04,5.2560657529e-01
106.850000,9.9926853967e-04,5.1201756317e-01
106.900000,1.0002837765e-03,5.6271337912e-01
106.950000,1.0010522323e-03,5.1138950510e-01
107.000000,1.0006662762e-03,5.6961072647e-01
107.050000,1.0023979097e-03,5.7322441430e-01
107.100000,1.0019396597e-03,5.7367379381e-01
107.150000,9.9967048350e-04,5.3157732254e-01
107.200000,9.9995698102e-04,5.4960193206e-01
107.250000,1.0004683245e-03,5.7331603649e-01
107.300000,9.9890250141e-04,5.4436535330e-01
107.350000,9.9916478699e-04,5.3301548581e-01
107.400000,9.9984827697e-04,5.2674447334e-01
107.450000,9.9843203755e-04,5.1725947880e-01
107.500000,1.0014465574e-03,5.2142877357e-01
107.550000,9.9986963523e-04,5.5030411286e-01
107.600000,1.0009724863e-03,5.4234804134e-01
107.650000,9.9962313484e-04,5.2717537872e-01
107.700000,9.9855988505e-04,5.6147646607e-01
107.750000,9.9875733686e-04,5.4173254488e-01
107.800000,1.0010803853e-03,5.1721782317e-01
107.850000,1.0009791728e-03,5.6158349267e-01
107.900000,9.9864012223e-04,5.5211281723e-01
107.950000,9.9895819061e-04,5.6586615679e-01
108.000000,9.9974563747e-04,5.8327610833e-01
108.050000,9.9981570594e-04,5.7006005730e-01
108.100000,1.0014713190e-03,5.7303728986e-01
108.150000,9.9864736072e-04,5.9036016864e-01
108.200000,9.9954156658e-04,4.9935380953e-01
108.250000,9.9981658787e-04,5.3601205989e-01
108.300000,1.0010772577e-03,5.6345645650e-01
108.350000,1.0002557150e-03,5.3688269751e-01
108.400000,9.9968718598e-04,5.4377879856e-01
108.450000,1.0000371892e-03,5.0355571201e-01
108.500000,9.9965273362e-04,5.6204202218e-01
108.550000,1.0005567820e-03,5.2340267580e-01
108.600000,9.9859302389e-04,5.2552699173e-01
108.650000,1.0002181938e-03,5.0084268697e-01
108.700000,1.0005220958e-03,5.7245792985e-01
108.750000,9.9874464812e-04,5.5498481141e-01
108.800000,9.9848369211e-04,5.5171945382e-01
108.850000,9.9993542236e-04,5.7855074857e-01
108.900000,1.0008914776e-03,5.1669487575e-01
108.950000,9.9997222625e-04,5.3788868908e-01
109.000000,9.9975528050e-04,5.2304958525e-01
109.050000,1.0001487675e-03,5.4282449461e-01
109.100000,1.0004686216e-03,5.5653718582e-01
109.150000,9.9923490081e-04,5.6869699146e-01
109.200000,1.0009762404e-03,5.0071755430e-01
109.250000,9.9953875264e-04,5.1020053751e-01
109.300000,9.9788024793e-04,5.7521103070e-01
109.350000,1.0008788166e-03,5.4047906141e-01
109.400000,9.9731287725e-04,5.2119616059e-01
109.450000,1.0004912580e-03,5.6739555039e-01
109.500000,1.0000776284e-03,5.0416750055e-01
109.550000,1.0001200996e-03,5.8669057379e-01
109.600000,1.0002521207e-03,5.4852630761e-01
109.650000,9.9989456480e-04,5.1347480651e-01
109.700000,1.0013778763e-03,5.4365283822e-01
109.750000,1.0003824986e-03,5.6497414940e-01
109.800000,9.9992484966e-04,5.3204629922e-01
109.850000,1.0003850596e-03,5.3463995253e-01
109.900000,9.9970698805e-04,5.3780139495e-01
109.950000,1.0009950353e-03,5.8305727961e-01
110.000000,1.0004465762e-03,5.2243962837e-01
110.050000,9.9943048551e-04,5.3414638754e-01
110.100000,9.9928622548e-04,5.9358176196e-01
110.150000,1.0001080937e-03,5.3934497633e-01
110.200000,9.9901326336e-04,5.1271695936e-01
110.250000,1.0008326736e-03,5.3524395059e-01
110.300000,1.0002713566e-03,5.9566850240e-01
110.350000,1.0008749446e-03,5.2991990795e-01
110.400000,9.9903676887e-04,5.5660254605e-01
110.450000,9.9993681610e-04,5.7125284561e-01
110.500000,1.0005630591e-03,5.3475138336e-01
110.550000,1.0008578683e-03,5.2996760945e-01
110.600000,1.0023919984e-03,5.5195386309e-01
110.650000,1.0008682582e-03,5.5264801108e-01
110.700000,1.0023125272e-03,5.5357233147e-01
110.750000,9.9985113876e-04,4.9826760315e-01
110.800000,9.9924724938e-04,5.1590672882e-01
110.850000,1.0001184845e-03,5.2900618936e-01
110.900000,9.9881471150e-04,4.8190382510e-01
110.950000,9.9988013381e-04,5.2088430635e-01
111.000000,9.9977109485e-04,5.7868060474e-01
111.050000,9.9922817638e-04,5.5995895797e-01
111.100000,1.0012244600e-03,4.8668024976e-01
111.150000,1.0004610885e-03,5.6790167668e-01
111.200000,9.9881180147e-04,5.0021745172e-01
111.250000,1.0000413880e-03,4.8992207220e-01
111.300000,1.0006803669e-03,6.2654733974e-01
111.350000,9.9970941267e-04,5.4996165283e-01
111.400000,1.0010905865e-03,5.2127702163e-01
111.450000,9.9946624050e-04,5.5376858048e-01
111.500000,1.0012917511e-03,5.3069387861e-01
111.550000,1.0023204631e-03,5.5289920817e-01
111.600000,1.0015826106e-03,5.5594070003e-01
111.650000,9.9946189698e-04,5.1582690570e-01
111.700000,1.0006133129e-03,5.6540837199e-01
111.750000,1.0006753858e-03,5.0530025073e-01
111.800000,9.9990114165e-04,5.0891453300e-01
111.850000,1.0012597939e-03,5.1098756290e-01
111.900000,1.0012827361e-03,5.3385089127e-01
111.950000,1.0008390039e-03,5.5317962690e-01
112.000000,1.0002629737e-03,5.2582393067e-01
112.050000,1.0002763653e-03,5.3173648249e-01
112.100000,1.0000891198e-03,5.6416232945e-01
112.150000,9.9988147391e-04,5.7324504492e-01
112.200000,1.0002275572e-03,5.1585281374e-01
112.250000,1.0018716611e-03,5.3587443997e-01
112.300000,1.0009288988e-03,5.6531474418e-01
112.350000,9.9928612140e-04,5.9485219787e-01
112.400000,9.9931137989e-04,5.3967123239e-01
112.450000,9.9886376474e-04,5.7389403443e-01
112.500000,9.9963147117e-04,5.0306325384e-01
112.550000,9.9835661021e-04,5.5642368965e-01
112.600000,9.9862931782e-04,5.6169038374e-01
112.650000,1.0015102981e-03,5.4714648639e-01
112.700000,1.0009643031e-03,5.1114070450e-01
112.750000,9.9810660084e-04,5.2907457434e-01
112.800000,9.9998426004e-04,5.2703109756e-01
112.850000,9.9961177699e-04,5.6235323917e-01
112.900000,9.9939848324e-04,5.7234217125e-01
112.950000,1.0007693209e-03,5.0373625336e-01
113.000000,9.9947497737e-04,5.1279091403e-01
113.050000,9.9922916196e-04,5.3337080133e-01
113.100000,9.9896659861e-04,5.4559471869e-01
113.150000,9.9967216850e-04,5.3732789397e-01
113.200000,9.9864436791e-04,5.7510667820e-01
113.250000,1.0004131777e-03,5.5114703918e-01
113.300000,9.9856062648e-04,5.3420116362e-01
113.350000,1.0014284621e-03,5.0272068062e-01
113.400000,1.0002422359e-03,5.2440580814e-01
113.450000,1.0006223894e-03,5.3990268002e-01
113.500000,9.9917532430e-04,5.3512427709e-01
113.550000,9.9975998661e-04,5.7226535080e-01
113.600000,1.0010265432e-03,5.2232284353e-01
113.650000,9.9995525545e-04,5.2624072160e-01
113.700000,1.0003728233e-03,5.3360092207e-01
113.750000,9.9949914467e-04,5.5178339752e-01
113.800000,9.9845729114e-04,5.2493333880e-01
113.850000,9.9975731550e-04,5.5361303904e-01
113.900000,1.0016192628e-03,5.6742040403e-01
113.950000,9.9997350053e-04,5.2555926963e-01
114.000000,1.0003197578e-03,5.4299623833e-01
114.050000,9.9858675982e-04,5.3914230919e-01
114.100000,1.0001597969e-03,5.5405928834e-01
114.150000,1.0002955842e-03,5.4381236662e-01
114.200000,9.9935380596e-04,5.4564173646e-01
114.250000,9.9894529712e-04,5.3490823086e-01
114.300000,1.0003024553e-03,5.3639357444e-01
114.350000,1.0000079964e-03,5.5040025799e-01
114.400000,1.0008156370e-03,5.2549013442e-01
114.450000,1.0010086911e-03,5.7566957949e-01
114.500000,1.0006471069e-03,5.4754175353e-01
114.550000,1.0009805183e-03,5.3418516411e-01
114.600000,9.9938256812e-04,5.6323346306e-01
114.650000,9.9965155786e-04,5.3670087502e-01
114.700000,9.9918997184e-04,5.5961515561e-01
114.750000,1.0008924917e-03,5.2516264873e-01
114.800000,9.9880162601e-04,5.4594301914e-01
114.850000,1.0011826497e-03,5.2586017562e-01
114.900000,1.0005615234e-03,5.7685275362e-01
114.950000,1.0012227369e-03,5.8029413272e-01
115.000000,9.9944159048e-04,5.4737656242e-01
115.050000,9.9920701923e-04,5.9634086003e-01
115.100000,9.9944528918e-04,5.1557837066e-01
115.150000,9.9996787995e-04,5.5189095297e-01
115.200000,9.9847550522e-04,5.6583035993e-01
115.250000,1.0002899250e-03,5.6902178256e-01
115.300000,1.0004285115e-03,5.2386732236e-01
115.350000,9.9958094462e-04,5.8493417621e-01
115.400000,1.0006537864e-03,5.3818848315e-01
115.450000,9.9918661686e-04,5.0127185524e-01
115.500000,9.9741617396e-04,5.3152381782e-01
115.550000,9.9881522356e-04,5.3145733770e-01
115.600000,1.0008231855e-03,5.6630879507e-01
115.650000,1.0000143216e-03,5.7577989081e-01
115.700000,1.0015519443e-03,5.3782801365e-01
115.750000,9.9880965665e-04,4.8275941911e-01
115.800000,9.9886121000e-04,5.7120738331e-01
115.850000,9.9979049326e-04,5.4800893864e-01
115.900000,9.9963542007e-04,5.3508982269e-01
115.950000,1.0007579521e-03,5.5333757101e-01
116.000000,9.9931559799e-04,5.7384402861e-01
116.050000,1.0008036676e-03,5.7391269103e-01
116.100000,1.0001873009e-03,5.0805555611e-01
116.150000,1.0000620420e-03,5.1788930701e-01
116.200000,1.0003659200e-03,4.6380387826e-01
116.250000,9.9974303578e-04,5.5886299981e-01
116.300000,9.9840881369e-04,5.3185394673e-01
116.350000,1.0002579914e-03,5.6942659501e-01
116.400000,1.0009044636e-03,5.2985625296e-01
116.450000,9.9900903460e-04,5.4944741909e-01
116.500000,1.0002270658e-03,5.7700936672e-01
116.550000,9.9889295615e-04,5.1080739825e-01
116.600000,1.0008347661e-03,5.1305260069e-01
116.650000,1.0004552051e-03,5.2639078724e-01
116.700000,9.9990867014e-04,5.6893271246e-01
116.750000,9.9910255428e-04,4.9556178239e-01
116.800000,1.0022345023e-03,5.3047430512e-01
116.850000,1.0019400980e-03,5.5783737881e-01
116.900000,1.0012997615e-03,5.9367307661e-01
116.950000,9.9979690420e-04,5.8442889138e-01
117.000000,9.9747789868e-04,5.6033965754e-01
117.050000,9.9981559347e-04,5.5587403201e-01
117.100000,1.0000285622e-03,5.6203497149e-01
117.150000,1.0000451321e-03,5.7402175633e-01
117.200000,9.9895061915e-04,5.1627799658e-01
117.250000,9.9988650438e-04,5.4733139659e-01
117.300000,1.0009514757e-03,5.1918612332e-01
117.350000,9.9907764489e-04,5.1455461415e-01
117.400000,1.0003185623e-03,5.0876400166e-01
117.450000,1.0016665701e-03,5.5913952530e-01
117.500000,9.9890078537e-04,5.4905409070e-01
117.550000,9.9921812674e-04,5.5371197100e-01
117.600000,9.9838321898e-04,5.3626274263e-01
117.650000,9.9850571004e-04,5.1672971359e-01
117.700000,9.9979506525e-04,5.5935251022e-01
117.750000,9.9806621514e-04,5.4309750249e-01
117.800000,1.0016597269e-03,5.7584729724e-01
117.850000,9.9949877824e-04,5.5390074876e-01
117.900000,9.9895644656e-04,5.0641868843e-01
117.950000,1.0012484977e-03,5.6204137438e-01
118.000000,9.9936510760e-04,5.3318550151e-01
118.050000,9.9800463949e-04,5.4985660861e-01
118.100000,1.0012545278e-03,5.3754071348e-01
118.150000,9.9925665779e-04,5.5506508306e-01
118.200000,9.9874808368e-04,5.9726566238e-01
118.250000,1.0002028929e-03,5.5761831429e-01
118.300000,9.9923373195e-04,5.7443155367e-01
118.350000,1.0006892571e-03,5.5119582621e-01
118.400000,9.9957224831e-04,5.5981874899e-01
118.450000,9.9960897474e-04,5.0687027673e-01
118.500000,9.9931741683e-04,5.6022253375e-01
118.550000,1.0003242487e-03,5.6337032482e-01
118.600000,9.9955244927e-04,5.7538443209e-01
118.650000,1.0005402986e-03,5.4904849554e-01
118.700000,1.0003183662e-03,5.8614799367e-01
118.750000,1.0012631540e-03,5.5289178004e-01
118.800000,1.0026348614e-03,5.4798672140e-01
118.850000,9.9823648563e-04,5.5897719318e-01
118.900000,9.9919766321e-04,5.6136962017e-01
118.950000,9.9835699516e-04,5.9369568859e-01
119.000000,1.0008925305e-03,5.6896761758e-01
119.050000,9.9955252189e-04,5.2832429244e-01
119.100000,9.9952239408e-04,5.1190414630e-01
119.150000,1.0005058152e-03,5.4948629771e-01
119.200000,1.0003570887e-03,5.3759612510e-01
119.250000,1.0000620597e-03,5.8303875862e-01
119.300000,9.9989715112e-04,6.2604140222e-01
119.350000,9.9861328327e-04,5.5939160870e-01
119.400000,1.0011066530e-03,5.5662646822e-01
119.450000,1.0001919208e-03,5.0865750234e-01
119.500000,1.0004501680e-03,5.4425775326e-01
119.550000,9.9980358170e-04,5.6310031585e-01
119.600000,9.9950088025e-04,5.3307415481e-01
119.650000,1.0003626293e-03,5.2145561704e-01
119.700000,1.0010497269e-03,5.5555182581e-01
119.750000,1.0006140354e-03,5.3458748128e-01
119.800000,1.0003015211e-03,5.4553996711e-01
119.850000,9.9945508105e-04,5.4391430449e-01
119.900000,9.9892264485e-04,5.5098983104e-01
119.950000,9.9941880265e-04,5.3404100916e-01
120.000000,1.0005970832e-03,5.7251896208e-01
120.050000,9.9919801626e-04,5.1803288901e-01
120.100000,9.9855592766e-04,5.5492871824e-01
120.150000,9.9970734821e-04,5.1523469320e-01
120.200000,9.9913197839e-04,4.8763238918e-01
120.250000,1.0003752925e-03,5.8551201980e-01
120.300000,1.0008714212e-03,5.5324885614e-01
120.350000,1.0002671294e-03,5.5220163581e-01
120.400000,9.9832885142e-04,5.3985568257e-01
120.450000,9.9997865626e-04,5.5106769865e-01
120.500000,9.9931577784e-04,5.1841943466e-01
120.550000,1.0003457238e-03,5.5594717653e-01
120.600000,1.0019466754e-03,5.2966265407e-01
120.650000,1.0003756177e-03,5.5181170209e-01
120.700000,1.0009265539e-03,5.0435725958e-01
120.750000,9.9918904229e-04,4.9088440681e-01
120.800000,1.0000007329e-03,5.8058516827e-01
120.850000,9.9856343167e-04,5.5700482135e-01
120.900000,9.9849697433e-04,5.8939312912e-01
120.950000,9.9877231972e-04,5.7188319944e-01
121.000000,9.9939293656e-04,5.8965054288e-01
121.050000,1.0005237916e-03,5.8330743250e-01
121.100000,9.9886586645e-04,5.4413978792e-01
121.150000,9.9950859137e-04,5.6604577152e-01
121.200000,1.0011683126e-03,5.6120350872e-01
121.250000,1.0002666896e-03,5.3344041768e-01
121.300000,9.9984211999e-04,5.1272374005e-01
121.350000,9.9801324175e-04,5.3999992551e-01
121.400000,1.0005311468e-03,4.9255804452e-01
121.450000,1.0004506954e-03,5.5904220670e-01
121.500000,1.0015188733e-03,5.4665990708e-01
121.550000,1.0002162177e-03,5.9097278326e-01
121.600000,9.9803367554e-04,5.2571420667e-01
121.650000,9.9931652615e-04,5.8466430920e-01
121.700000,1.0018528538e-03,5.7868183224e-01
121.750000,9.9918999063e-04,5.9311962541e-01
121.800000,1.0002275304e-03,5.2218928611e-01
121.850000,9.9991653730e-04,5.7735543418e-01
121.900000,9.9902019418e-04,5.0743057604e-01
121.950000,1.0011985358e-03,5.3987728230e-01
122.000000,9.9965514354e-04,5.2766386174e-01
122.050000,1.0000221718e-03,5.5738270737e-01
122.100000,9.9799349672e-04,5.3470005923e-01
122.150000,9.9901849428e-04,5.7590994064e-01
122.200000,9.9875802179e-04,5.3077850544e-01
122.250000,1.0010528109e-03,5.6592412891e-01
122.300000,9.9994984304e-04,5.5731312977e-01
122.350000,9.9980890994e-04,5.6960244499e-01
122.400000,9.9951413501e-04,5.3595080612e-01
122.450000,1.0010334084e-03,5.7238407457e-01
122.500000,1.0007321634e-03,5.2724128851e-01
122.550000,1.0002962929e-03,6.0744744406e-01
122.600000,9.9914774882e-04,5.9254423363e-01
122.650000,9.9954564164e-04,5.4270921772e-01
122.700000,1.0015349752e-03,5.4353020580e-01
122.750000,9.9939217979e-04,5.4954941485e-01
122.800000,9.9876702578e-04,5.3690933163e-01
122.850000,9.9952490357e-04,5.4129382641e-01
122.900000,1.0000317614e-03,5.2019679170e-01
122.950000,1.0010045533e-03,5.7270230812e-01
123.000000,9.9821568727e-04,5.6923447645e-01
123.050000,9.9793355863e-04,5.4242324098e-01
123.100000,9.9992793552e-04,5.5804388408e-01
123.150000,1.0002241044e-03,4.7140628763e-01
123.200000,1.0016583172e-03,5.3873726613e-01
123.250000,9.9916621436e-04,5.8507249951e-01
123.300000,1.0002768717e-03,5.1000020086e-01
123.350000,9.9986597879e-04,5.1568645849e-01
123.400000,9.9870064553e-04,5.3662473912e-01
123.450000,9.9898196458e-04,5.3807185666e-01
123.500000,9.9979625222e-04,5.9287986105e-01
123.550000,1.0003702723e-03,5.4901549626e-01
123.600000,1.0002876607e-03,5.1090646088e-01
123.650000,9.9942825685e-04,5.2370614759e-01
123.700000,9.9951999223e-04,5.4492976838e-01
123.750000,1.0002688296e-03,5.7904725705e-01
123.800000,9.9926009389e-04,5.3139072270e-01
123.850000,9.9816979591e-04,5.2300810971e-01
123.900000,1.0002794003e-03,5.1882094687e-01
123.950000,9.9969598029e-04,5.6355815023e-01
124.000000,9.9900875835e-04,5.6455408807e-01
124.050000,9.9735430164e-04,5.0825615758e-01
124.100000,9.9942791019e-04,5.8982192259e-01
124.150000,9.9979639048e-04,5.5854570728e-01
124.200000,1.0002686878e-03,5.7704574169e-01
124.250000,9.9906124818e-04,5.8719670200e-01
124.300000,1.0012132629e-03,5.5161668692e-01
124.350000,9.9981286964e-04,5.7220016728e-01
124.400000,1.0000999070e-03,5.4787352852e-01
124.450000,9.9977091467e-04,5.8582956130e-01
124.500000,1.0013272331e-03,5.3608532206e-01
124.550000,1.0002847447e-03,5.8208566352e-01
124.600000,1.0013863498e-03,5.5364303414e-01
124.650000,9.9971829071e-04,5.5067382950e-01
124.700000,9.9957952175e-04,5.6571124324e-01
124.750000,9.9983429321e-04,5.4352915509e-01
124.800000,9.9860307995e-04,5.5487319297e-01
124.850000,9.9876466940e-04,5.5787342292e-01
124.900000,1.0010349597e-03,5.8890395851e-01
124.950000,9.9953955410e-04,5.2805484873e-01
125.000000,9.9948102760e-04,5.0705105551e-01
125.050000,9.9934602950e-04,5.6999230568e-01
125.100000,9.9953141894e-04,5.3098554895e-01
125.150000,1.0014740544e-03,5.5374368669e-01
125.200000,1.0000354530e-03,5.6316547209e-01
125.250000,1.0000834530e-03,5.1563091129e-01
125.300000,1.0006542436e-03,5.6332955523e-01
125.350000,1.0014629922e-03,5.3795713272e-01
125.400000,9.9972918259e-04,5.2521975049e-01
125.450000,9.9743742120e-04,5.6130818723e-01
125.500000,9.9967460456e-04,5.2296671479e-01
125.550000,9.9871464765e-04,5.2078189789e-01
125.600000,9.9900474229e-04,5.1789660601e-01
125.650000,1.0007536764e-03,5.3450645300e-01
125.700000,9.9961835281e-04,4.6198825437e-01
125.750000,9.9930936565e-04,5.3294977153e-01
125.800000,1.0005842918e-03,5.5194663436e-01
125.850000,9.9989147843e-04,5.4047581078e-01
125.900000,1.0002948148e-03,6.0466524861e-01
125.950000,1.0001111530e-03,5.2738024969e-01
126.000000,1.0021262507e-03,5.9213313255e-01
126.050000,1.0007734476e-03,5.5853758132e-01
126.100000,1.0010672964e-03,5.0368292022e-01
126.150000,9.9845123982e-04,5.1813392400e-01
126.200000,1.0005580480e-03,4.8633452692e-01
126.250000,9.9823262674e-04,5.5284711546e-01
126.300000,1.0013111644e-03,5.8432449811e-01
126.350000,1.0000473681e-03,5.2441407504e-01
126.400000,1.0000569730e-03,5.7955798027e-01
126.450000,1.0002845788e-03,5.3532703490e-01
126.500000,1.0011249829e-03,5.4731075898e-01
126.550000,9.9973545417e-04,5.3842955360e-01
126.600000,1.0013224950e-03,5.3236094103e-01
126.650000,9.9988653944e-04,5.5444634248e-01
126.700000,9.9811208071e-04,5.7412542471e-01
126.750000,1.0014823069e-03,5.1065052425e-01
126.800000,9.9924268685e-04,5.2250768023e-01
126.850000,1.0003146005e-03,5.0766948770e-01
126.900000,1.0011289908e-03,5.4217314297e-01
126.950000,9.9841703660e-04,5.3198428751e-01
127.000000,9.9923308483e-04,5.6571138299e-01
127.050000,9.9937222578e-04,5.5232867466e-01
127.100000,1.0003811833e-03,5.5558936536e-01
127.150000,1.0009273691e-03,5.2257192287e-01
127.200000,1.0003619302e-03,5.2712879153e-01
127.250000,1.0004010062e-03,5.2163993946e-01
127.300000,9.9917580693e-04,5.5107635955e-01
127.350000,1.0004294902e-03,5.8204373256e-01
127.400000,9.9869814861e-04,5.8015592582e-01
127.450000,9.9916177402e-04,5.9635287972e-01
127.500000,1.0001596790e-03,5.2573969562e-01
127.550000,9.9893361928e-04,5.6336623683e-01
127.600000,1.0011807581e-03,5.5014873612e-01
127.650000,1.0012017755e-03,5.3462655810e-01
127.700000,9.9935685365e-04,5.0052479510e-01
127.750000,9.9966561037e-04,5.1402159292e-01
127.800000,1.0006621033e-03,5.8814950029e-01
127.850000,1.0006034754e-03,5.7089998335e-01
127.900000,1.0001316723e-03,5.3912884740e-01
127.950000,9.9865513653e-04,5.7145453091e-01
128.000000,9.9865227336e-04,5.3496870003e-01
128.050000,9.9810022172e-04,5.2388296262e-01
128.100000,1.0001579832e-03,5.5120021070e-01
128.150000,1.0008947737e-03,5.4807304833e-01
128.200000,1.0004870853e-03,5.9752562504e-01
128.250000,9.9930799956e-04,5.7876129921e-01
128.300000,9.9844032441e-04,5.4121970629e-01
128.350000,1.0003795735e-03,5.5283487568e-01
128.400000,9.9956826070e-04,5.6896813194e-01
128.450000,9.9992521192e-04,5.6981900017e-01
128.500000,9.9873471366e-04,5.8207478130e-01
128.550000,1.0004174014e-03,5.5579192974e-01
128.600000,1.0008279787e-03,5.6579624054e-01
128.650000,9.9888234249e-04,5.3521842307e-01
128.700000,9.9869174654e-04,5.0645814455e-01
128.750000,1.0010309235e-03,5.5213534320e-01
128.800000,9.9909152074e-04,5.3916233439e-01
128.850000,1.0007525232e-03,5.2848873766e-01
128.900000,9.9935731323e-04,5.5678604086e-01
128.950000,9.9898508437e-04,5.3195928228e-01
129.000000,1.0003480138e-03,5.3645107927e-01
129.050000,9.9883581487e-04,5.2029162391e-01
129.100000,9.9954330738e-04,5.8113418581e-01
129.150000,9.9973380773e-04,5.8101739231e-01
129.200000,1.0001937200e-03,5.3761143768e-01
129.250000,1.0001241285e-03,5.3528690526e-01
129.300000,9.9990541719e-04,5.0395777479e-01
129.350000,9.9978537099e-04,5.8406129248e-01
129.400000,9.9994193736e-04,5.1701652785e-01
129.450000,1.0007689189e-03,5.3136696922e-01
129.500000,1.0015956746e-03,5.6410638387e-01
129.550000,9.9954583539e-04,5.7304217357e-01
129.600000,1.0001612041e-03,5.6478002360e-01
129.650000,9.9852146184e-04,5.5663859140e-01
129.700000,1.0012895325e-03,5.2085689801e-01
129.750000,1.0009070643e-03,4.9915575496e-01
129.800000,9.9973183418e-04,5.5878768458e-01
129.850000,9.9993632872e-04,5.9095486583e-01
129.900000,9.9923261335e-04,5.1423051090e-01
129.950000,9.9946984715e-04,5.5081065572e-01
130.000000,1.0010110891e-03,4.9907566106e-01
130.050000,1.0001937122e-03,6.2353776153e-01
130.100000,9.9996056012e-04,5.2464631569e-01
130.150000,9.9848201339e-04,5.5228806545e-01
130.200000,1.0024178236e-03,5.4175246202e-01
130.250000,1.0006717278e-03,5.5383563753e-01
130.300000,9.9849328026e-04,5.5119955590e-01
130.350000,1.0008548285e-03,5.2428824438e-01
130.400000,9.9864901009e-04,6.0276731842e-01
130.450000,1.0011111374e-03,5.4270442710e-01
130.500000,9.9860389854e-04,5.2800768272e-01
130.550000,9.9936855023e-04,5.9475978679e-01
130.600000,1.0024175783e-03,5.5613725802e-01
130.650000,9.9934888152e-04,5.3116471286e-01
130.700000,9.9998466025e-04,5.3247267412e-01
130.750000,1.0004350221e-03,5.8513925839e-01
130.800000,9.9979990990e-04,5.6318672694e-01
130.850000,1.0008863186e-03,5.2420243886e-01
130.900000,1.0006843033e-03,5.4953472922e-01
130.950000,9.9844993266e-04,6.0424524815e-01
131.000000,1.0011018208e-03,5.0918053440e-01
131.050000,1.0003662717e-03,5.4530525736e-01
131.100000,9.9836451577e-04,5.6274557900e-01
131.150000,9.9912741424e-04,5.3098265214e-01
131.200000,1.0003602478e-03,5.2167465009e-01
131.250000,1.0003609824e-03,5.1953807213e-01
131.300000,9.9905749763e-04,5.8976577702e-01
131.350000,1.0011489593e-03,5.3515677201e-01
131.400000,1.0011667420e-03,5.7403157284e-01
131.450000,1.0001941376e-03,5.1804728893e-01
131.500000,1.0003170857e-03,5.5379224995e-01
131.550000,9.9907692812e-04,5.1274381457e-01
131.600000,1.0016034778e-03,5.3447113101e-01
131.650000,1.0001770684e-03,5.3119610073e-01
131.700000,9.9930328040e-04,5.1379878925e-01
131.750000,9.9963925869e-04,5.2461208295e-01
131.800000,9.9794816111e-04,5.4843637146e-01
131.850000,9.9969527270e-04,5.4615042588e-01
131.900000,9.9993884431e-04,5.4241933583e-01
131.950000,9.9856309978e-04,5.2315548211e-01
132.000000,9.9925941091e-04,5.2213261090e-01
132.050000,9.9788897947e-04,4.9777269280e-01
132.100000,1.0006300530e-03,5.6191712834e-01
132.150000,1.0020940292e-03,5.6468071633e-01
132.200000,1.0003823680e-03,5.3223639340e-01
132.250000,1.0006181991e-03,5.4386049173e-01
132.300000,1.0017844658e-03,5.2221109800e-01
132.350000,9.9791855970e-04,5.1318525280e-01
132.400000,1.0001016569e-03,4.9433836471e-01
132.450000,1.0004197134e-03,5.1128020529e-01
132.500000,1.0011300635e-03,5.3915613362e-01
132.550000,1.0005816302e-03,5.3691474752e-01
132.600000,1.0017573733e-03,5.3688803523e-01
132.650000,9.9933245737e-04,5.8506546157e-01
132.700000,9.9868468870e-04,5.2729494828e-01
132.750000,1.0006468445e-03,5.4629457090e-01
132.800000,1.0006185651e-03,5.5771391753e-01
132.850000,1.0006738233e-03,5.2657782312e-01
132.900000,9.9869309596e-04,5.2841539027e-01
132.950000,1.0005707067e-03,5.4370756891e-01
133.000000,9.9924079279e-04,5.5032123746e-01
133.050000,9.9991723868e-04,5.6233245479e-01
133.100000,9.9974948642e-04,5.0447903989e-01
133.150000,1.0005856419e-03,5.7171966840e-01
133.200000,9.9940343448e-04,5.3452525525e-01
133.250000,1.0005591671e-03,5.8339754889e-01
133.300000,9.9844528616e-04,5.6669216339e-01
133.350000,9.9919600819e-04,5.5031872628e-01
133.400000,9.9953069110e-04,4.9325228459e-01
133.450000,9.9900192569e-04,5.7609821560e-01
133.500000,9.9842322862e-04,5.4703812049e-01
133.550000,9.9940058119e-04,4.9897287202e-01
133.600000,1.0006758012e-03,5.4696383021e-01
133.650000,9.9998973517e-04,5.5070202118e-01
133.700000,1.0011679909e-03,5.3817108288e-01
133.750000,1.0001986983e-03,5.5247462114e-01
133.800000,1.0009953877e-03,4.9312288743e-01
133.850000,1.0010864248e-03,5.5290899687e-01
133.900000,9.9961839245e-04,5.2483607312e-01
133.950000,1.0015233102e-03,5.6508950081e-01
134.000000,1.0001401406e-03,5.1095990094e-01
134.050000,9.9830995704e-04,5.3085638285e-01
134.100000,9.9918112946e-04,5.4834976523e-01
134.150000,9.9972703171e-04,5.4589036948e-01
134.200000,1.0004475454e-03,5.3375658215e-01
134.250000,9.9965879419e-04,5.0920640506e-01
134.300000,9.9900272073e-04,5.7621720992e-01
134.350000,9.9952613564e-04,5.7070956543e-01
134.400000,1.0004192229e-03,5.2604836321e-01
134.450000,1.0013547959e-03,5.5123153301e-01
134.500000,1.0003942087e-03,5.1428933322e-01
134.550000,1.0007083517e-03,5.0654412779e-01
134.600000,9.9870695413e-04,5.5359507131e-01
134.650000,9.9964361546e-04,5.2899593409e-01
134.700000,1.0007624361e-03,5.2021484564e-01
134.750000,9.9862975129e-04,5.3789355369e-01
134.800000,1.0015514860e-03,5.8945030482e-01
134.850000,1.0010900726e-03,5.5194079192e-01
134.900000,1.0006294887e-03,5.3739127256e-01
134.950000,1.0007936784e-03,5.9460287224e-01
135.000000,9.9924080387e-04,6.2255183253e-01
135.050000,9.9981538531e-04,5.4696437506e-01
135.100000,9.9834443656e-04,5.3220887885e-01
135.150000,9.9923610704e-04,5.0971669166e-01
135.200000,1.0013784065e-03,5.9842388479e-01
135.250000,1.0004152384e-03,5.4395164523e-01
135.300000,1.0002650055e-03,5.5706337874e-01
135.350000,9.9850429433e-04,5.4098086789e-01
135.400000,1.0022624693e-03,5.4490641511e-01
135.450000,9.9952593766e-04,4.7793173676e-01
135.500000,1.0002836519e-03,5.8285426375e-01
135.550000,9.9962110220e-04,5.7324554754e-01
135.600000,9.9939589020e-04,5.6555697184e-01
135.650000,1.0011630759e-03,5.5773617773e-01
135.700000,1.0007341811e-03,5.8640926329e-01
135.750000,9.9949290713e-04,5.5738966218e-01
135.800000,9.9988974129e-04,5.2866684189e-01
135.850000,1.0019490465e-03,5.2269328075e-01
135.900000,9.9945512121e-04,5.5461334042e-01
135.950000,1.0002262627e-03,5.5174674136e-01
136.000000,9.9829008383e-04,5.2750877048e-01
136.050000,1.0005286588e-03,5.2484237508e-01
136.100000,1.0004293829e-03,5.7663964963e-01
136.150000,1.0022343007e-03,5.4813511639e-01
136.200000,9.9994539519e-04,5.5569301227e-01
136.250000,9.9905441253e-04,5.5279406079e-01
136.300000,1.0000195936e-03,5.0897258755e-01
136.350000,9.9702957976e-04,5.3420886405e-01
136.400000,9.9930472001e-04,5.2528192523e-01
136.450000,1.0004532640e-03,5.6375192039e-01
136.500000,1.0011829088e-03,5.2533171810e-01
136.550000,9.9879424988e-04,5.8156495931e-01
136.600000,9.9944991957e-04,5.6465535523e-01
136.650000,1.0003015564e-03,5.2788543531e-01
136.700000,9.9938883472e-04,5.4854043389e-01
136.750000,9.9958185437e-04,5.2771893444e-01
136.800000,1.0000001116e-03,5.6797295477e-01
136.850000,9.9963219856e-04,5.1315843195e-01
136.900000,9.9954102346e-04,5.3781111625e-01
136.950000,9.9963744196e-04,5.2677384787e-01
137.000000,1.0008422575e-03,5.3586529456e-01
137.050000,9.9968339708e-04,5.6772114861e-01
137.100000,9.9882164105e-04,5.1416604957e-01
137.150000,1.0007965517e-03,4.9585495607e-01
137.200000,9.9795182050e-04,5.2138898307e-01
137.250000,1.0005229215e-03,5.3727124318e-01
137.300000,9.9989531056e-04,5.3033916792e-01
137.350000,9.9955628982e-04,5.1878409397e-01
137.400000,1.0023190937e-03,5.1113548153e-01
137.450000,1.0015475669e-03,5.4284187903e-01
137.500000,1.0005238629e-03,5.2540435915e-01
137.550000,9.9941891425e-04,5.4605761742e-01
137.600000,9.9999927097e-04,5.7957613028e-01
137.650000,9.9856870582e-04,5.6869497514e-01
137.700000,1.0004200898e-03,5.7151651439e-01
137.750000,1.0011003261e-03,5.4541241125e-01
137.800000,1.0005255949e-03,5.3017575624e-01
137.850000,1.0006238828e-03,5.1447943976e-01
137.900000,9.9936004399e-04,5.3733773660e-01
137.950000,1.0023840206e-03,5.4519919134e-01
138.000000,1.0021062520e-03,5.2003779423e-01
138.050000,1.0007502339e-03,5.8788657469e-01
138.100000,9.9928510384e-04,5.9682418557e-01
138.150000,9.9937418021e-04,5.1846876516e-01
138.200000,1.0004543687e-03,5.8015010105e-01
138.250000,9.9734657795e-04,5.7780899620e-01
138.300000,1.0011742103e-03,5.5734096190e-01
138.350000,1.0005360115e-03,5.4640313486e-01
138.400000,9.9903952871e-04,5.3743838639e-01
138.450000,9.9993147199e-04,5.1501731995e-01
138.500000,9.9996435736e-04,5.0241737918e-01
138.550000,9.9825862603e-04,5.3061779751e-01
138.600000,9.9941991263e-04,5.3609868908e-01
138.650000,1.0008572061e-03,5.5709383729e-01
138.700000,1.0002138092e-03,5.0870559951e-01
138.750000,1.0008889633e-03,5.4494975505e-01
138.800000,9.9950904071e-04,5.4881701334e-01
138.850000,1.0010742397e-03,5.4185770766e-01
138.900000,1.0000263952e-03,5.5122044765e-01
138.950000,1.0019963708e-03,5.8185587331e-01
139.000000,1.0009608767e-03,5.2534300576e-01
139.050000,1.0014766987e-03,5.5047466398e-01
139.100000,1.0012444034e-03,5.7088164077e-01
139.150000,9.9852788077e-04,4.8444809333e-01
139.200000,9.9899258175e-04,5.2690523054e-01
139.250000,1.0015605674e-03,5.4448039532e-01
139.300000,9.9917230345e-04,5.3188552575e-01
139.350000,1.0003681973e-03,5.4321890244e-01
139.400000,9.9803523252e-04,5.7112502055e-01
139.450000,9.9969193997e-04,5.3298607245e-01
139.500000,1.0017530052e-03,5.2173942176e-01
139.550000,9.9964007694e-04,5.6885655521e-01
139.600000,9.9736765636e-04,4.9514504782e-01
139.650000,9.9978172776e-04,5.6777404962e-01
139.700000,1.0004409562e-03,5.2460566369e-01
139.750000,1.0000281245e-03,5.5093390829e-01
139.800000,1.0004727547e-03,5.3807031025e-01
139.850000,9.9916680065e-04,5.7382110837e-01
139.900000,9.9939683745e-04,5.8495519816e-01
139.950000,1.0010033396e-03,5.5024480982e-01
140.000000,1.0011524464e-03,5.6348913609e-01
140.050000,9.9851370814e-04,5.6955884964e-01
140.100000,1.0004881870e-03,5.4241766855e-01
140.150000,9.9944317950e-04,5.7214905153e-01
140.200000,9.9995294793e-04,5.3920394165e-01
140.250000,9.9888026309e-04,5.7928665961e-01
140.300000,1.0008282461e-03,5.5465506327e-01
140.350000,1.0002003911e-03,5.9150614237e-01
140.400000,9.9903487678e-04,5.6618460485e-01
140.450000,9.9976713915e-04,5.6956804103e-01
140.500000,1.0006985704e-03,5.4449219404e-01
140.550000,1.0002631552e-03,5.6728528588e-01
140.600000,1.0009289618e-03,5.9928781948e-01
140.650000,9.9959708171e-04,5.6222069166e-01
140.700000,9.9966449517e-04,5.2951306528e-01
140.750000,9.9999244648e-04,5.5350888859e-01
140.800000,9.9929323704e-04,5.1251663714e-01
140.850000,9.9926490346e-04,5.4401358219e-01
140.900000,1.0018173641e-03,5.4006807686e-01
140.950000,1.0004055706e-03,5.6790714950e-01
141.000000,1.0009509590e-03,5.5838758204e-01
141.050000,1.0003163881e-03,5.1792508921e-01
141.100000,9.9977228713e-04,5.4313427327e-01
141.150000,1.0003936802e-03,5.1390752474e-01
141.200000,9.9974096088e-04,5.2738998922e-01
141.250000,9.9996119500e-04,5.7954889811e-01
141.300000,1.0000160471e-03,5.4176016182e-01
141.350000,9.9955056845e-04,5.3622470397e-01
141.400000,9.9922823922e-04,5.3741323528e-01
141.450000,1.0006030851e-03,5.5555885460e-01
141.500000,1.0006001289e-03,5.4535622215e-01
141.550000,9.9974407132e-04,5.8380681948e-01
141.600000,9.9764756533e-04,5.4253149800e-01
141.650000,9.9932663943e-04,5.3810273487e-01
141.700000,9.9956107875e-04,4.8662458744e-01
141.750000,1.0008909547e-03,4.9897684473e-01
141.800000,9.9911794189e-04,5.3941353611e-01
141.850000,9.9927146000e-04,5.4632794427e-01
141.900000,9.9810386608e-04,5.4675552734e-01
141.950000,9.9835672529e-04,5.1293063731e-01
142.000000,1.0002681851e-03,5.5634225757e-01
142.050000,9.9998869165e-04,4.9496551654e-01
142.100000,9.9957655672e-04,5.5076248703e-01
142.150000,9.9950987953e-04,5.7942274598e-01
142.200000,9.9877364730e-04,5.2047599590e-01
142.250000,9.9865121159e-04,6.1084227858e-01
142.300000,9.9898036967e-04,6.0076178421e-01
142.350000,9.9822100893e-04,5.4784265320e-01
142.400000,1.0016124268e-03,5.8474442062e-01
142.450000,9.9901670829e-04,5.3762035858e-01
142.500000,9.9868129599e-04,5.4600385484e-01
142.550000,9.9887142446e-04,5.8115173282e-01
142.600000,1.0005496968e-03,5.2570214059e-01
142.650000,9.9796798657e-04,5.6772851961e-01
142.700000,1.0017948973e-03,5.4924640840e-01
142.750000,1.0002481148e-03,5.4334081595e-01
142.800000,1.0015559471e-03,5.4476831476e-01
142.850000,1.0007022336e-03,5.5326373857e-01
142.900000,9.9986490142e-04,5.2838783210e-01
142.950000,1.0001223425e-03,5.6569054484e-01
143.000000,1.0014139734e-03,5.2276896531e-01
143.050000,1.0001657075e-03,5.4731994372e-01
143.100000,9.9875010887e-04,5.3317625022e-01
143.150000,9.9989066615e-04,5.3859303197e-01
143.200000,9.9909383992e-04,5.5402365609e-01
143.250000,9.9840311907e-04,5.0643890920e-01
143.300000,1.0001936005e-03,5.6979666669e-01
143.350000,1.0000130778e-03,5.0455754041e-01
143.400000,1.0003684026e-03,5.5760641711e-01
143.450000,9.9915475467e-04,5.6828565867e-01
143.500000,9.9998711531e-04,5.5454821095e-01
143.550000,9.9977629745e-04,5.0657809054e-01
143.600000,1.0006102708e-03,5.5826288837e-01
143.650000,9.9985968527e-04,5.5927188491e-01
143.700000,9.9977373424e-04,5.2658801014e-01
143.750000,1.0003467026e-03,5.2467392851e-01
143.800000,1.0001787221e-03,6.0387070970e-01
143.850000,9.9941965102e-04,5.5076695568e-01
143.900000,9.9923243861e-04,5.6065752831e-01
143.950000,9.9854053074e-04,5.1569982930e-01
144.000000,1.0002246676e-03,5.2499523569e-01
144.050000,1.0004929301e-03,5.8914242305e-01
144.100000,1.0004315223e-03,5.9029443653e-01
144.150000,9.9881175125e-04,5.3693500969e-01
144.200000,1.0002997029e-03,5.6605224490e-01
144.250000,1.0013988535e-03,5.4367962307e-01
144.300000,1.0002538428e-03,5.3171163326e-01
144.350000,1.0006262904e-03,5.7305402757e-01
144.400000,1.0007420374e-03,5.8097402650e-01
144.450000,9.9932301520e-04,5.3826223963e-01
144.500000,9.9984302904e-04,5.6358029226e-01
144.550000,1.0004556678e-03,5.4002359054e-01
144.600000,1.0005506674e-03,5.3548934846e-01
144.650000,1.0005868633e-03,5.3484576664e-01
144.700000,1.0001784667e-03,5.6741786615e-01
144.750000,1.0015678122e-03,5.5600049830e-01
144.800000,9.9912872634e-04,4.9497258763e-01
144.850000,9.9964627069e-04,5.1733386031e-01
144.900000,9.9847461312e-04,5.0992264517e-01
144.950000,1.0010130048e-03,5.4526417527e-01
145.000000,1.0000591381e-03,5.3475453039e-01
145.050000,1.0012438343e-03,5.2048951785e-01
145.100000,1.0004471212e-03,5.4051788845e-01
145.150000,9.9963685944e-04,5.2557596767e-01
145.200000,9.9937361962e-04,5.3856444267e-01
145.250000,1.0005648289e-03,5.5262392445e-01
145.300000,9.9859519714e-04,5.7404063762e-01
145.350000,1.0018241637e-03,5.6201620903e-01
145.400000,1.0006617696e-03,5.4989460280e-01
145.450000,1.0005756024e-03,5.2270893412e-01
145.500000,1.0018514790e-03,5.2333778375e-01
145.550000,9.9950698881e-04,5.7635298130e-01
145.600000,1.0004259842e-03,5.6396019680e-01
145.650000,1.0004703475e-03,5.7476494687e-01
145.700000,9.9998897637e-04,5.2166337546e-01
145.750000,1.0008987152e-03,5.1867640833e-01
145.800000,1.0002411880e-03,5.2346957492e-01
145.850000,9.9875990523e-04,4.9945666497e-01
145.900000,9.9966293330e-04,5.8426578931e-01
145.950000,9.9932292497e-04,5.3238008905e-01
146.000000,9.9892738728e-04,5.7347642510e-01
146.050000,1.0000073295e-03,5.4961129780e-01
146.100000,1.0007058990e-03,5.2987811558e-01
146.150000,9.9883237486e-04,5.3800230639e-01
146.200000,9.9987749161e-04,5.4531049057e-01
146.250000,9.9874487588e-04,5.4311186107e-01
146.300000,9.9854083013e-04,5.1983284341e-01
146.350000,9.9873979981e-04,5.6850915282e-01
146.400000,1.0007791469e-03,5.6216245595e-01
146.450000,1.0019723982e-03,5.0839050761e-01
146.500000,9.9968017236e-04,5.8547612572e-01
146.550000,1.0006447753e-03,5.9642520631e-01
146.600000,1.0010338581e-03,4.9692726370e-01
146.650000,9.9851925975e-04,5.3832533624e-01
146.700000,1.0004668544e-03,5.6146571364e-01
146.750000,9.9961996162e-04,5.7426992428e-01
146.800000,9.9958551852e-04,5.4787865839e-01
146.850000,9.9817889678e-04,5.5647558155e-01
146.900000,1.0022604296e-03,5.7897223284e-01
146.950000,9.9879368698e-04,5.5634661164e-01
147.000000,1.0004782088e-03,5.3896058267e-01
147.050000,1.0008644129e-03,5.0744477561e-01
147.100000,9.9817043312e-04,5.6108961614e-01
147.150000,1.0003874481e-03,5.3769584693e-01
147.200000,9.9991565465e-04,5.5570552316e-01
147.250000,9.9882904473e-04,5.5053921920e-01
147.300000,1.0029982121e-03,4.9877238609e-01
147.350000,1.0003444557e-03,5.2580350360e-01
147.400000,1.0012386985e-03,5.3577873063e-01
147.450000,1.0007342398e-03,4.9716200317e-01
147.500000,9.9777949529e-04,5.4821093563e-01
147.550000,9.9940232805e-04,5.6989898772e-01
147.600000,9.9860460616e-04,5.5404429129e-01
147.650000,1.0014903531e-03,5.2585021940e-01
147.700000,9.9983904243e-04,5.5219049354e-01
147.750000,1.0026942319e-03,5.7228597651e-01
147.800000,1.0015861685e-03,5.3435697389e-01
147.850000,9.9833597023e-04,5.2441281986e-01
147.900000,1.0014704410e-03,5.4720533118e-01
147.950000,9.9959526524e-04,5.4929693898e-01
148.000000,1.0003095893e-03,5.4744156214e-01
148.050000,9.9931882474e-04,5.3973770597e-01
148.100000,1.0007628791e-03,5.5012719807e-01
148.150000,1.0017156430e-03,5.5357271373e-01
148.200000,9.9913852941e-04,5.2162790074e-01
148.250000,1.0000301160e-03,5.4730053070e-01
148.300000,9.9847032173e-04,5.6580132314e-01
148.350000,1.0019733461e-03,5.8028597408e-01
148.400000,9.9868538853e-04,5.7278883198e-01
148.450000,9.9971843398e-04,5.6189727465e-01
148.500000,1.0015404415e-03,5.4095393242e-01
148.550000,1.0002690981e-03,5.3289819125e-01
148.600000,9.9918956296e-04,5.3040927008e-01
148.650000,9.9923467582e-04,5.6031544621e-01
148.700000,1.0009288315e-03,5.5890042921e-01
148.750000,1.0002987984e-03,4.9902934835e-01
148.800000,9.9886121958e-04,5.4493345735e-01
148.850000,1.0005773518e-03,5.3411482549e-01
148.900000,1.0003252487e-03,5.6130116145e-01
148.950000,1.0002467088e-03,5.7486147056e-01
149.000000,1.0002988207e-03,5.6757678031e-01
149.050000,9.9980256853e-04,5.1717754784e-01
149.100000,9.9967350922e-04,5.7280513116e-01
149.150000,9.9771379618e-04,5.4449180843e-01
149.200000,9.9967678809e-04,5.8463748771e-01
149.250000,9.9966372392e-04,5.3754549682e-01
149.300000,9.9975678197e-04,5.3297262613e-01
149.350000,9.9969495137e-04,4.9762636124e-01
149.400000,9.9984205252e-04,5.4622840356e-01
149.450000,1.0024624595e-03,5.5836316172e-01
149.500000,9.9821410162e-04,5.6631780422e-01
149.550000,9.9933110896e-04,5.8851799748e-01
149.600000,1.0008057090e-03,5.2585582130e-01
149.650000,9.9895406912e-04,5.4134908879e-01
149.700000,9.9986753758e-04,5.2033867310e-01
149.750000,9.9842124693e-04,5.4809490846e-01
149.800000,1.0013256762e-03,5.5071492366e-01
149.850000,1.0014214764e-03,5.4013145804e-01
149.900000,1.0006800536e-03,5.2526029478e-01
149.950000,9.9993808729e-04,5.4096425092e-01
150.000000,1.0002942417e-03,5.2330265178e-01
150.050000,9.9897852418e-04,4.8687969627e-01
150.100000,9.9888652419e-04,5.7875087098e-01
150.150000,1.0002901753e-03,5.2461853977e-01
150.200000,1.0003837648e-03,5.5601718114e-01
150.250000,9.9971648866e-04,5.5073031156e-01
150.300000,1.0008145587e-03,5.3227265392e-01
150.350000,9.9964805160e-04,5.4597037319e-01
150.400000,1.0003585388e-03,5.5421728045e-01
150.450000,1.0009177440e-03,5.8724014445e-01
150.500000,9.9923382862e-04,5.6745505349e-01
150.550000,9.9921578748e-04,4.9052602822e-01
150.600000,9.9922649832e-04,5.3279856285e-01
150.650000,1.0001559954e-03,4.9880842981e-01
150.700000,1.0006733299e-03,5.2440819483e-01
150.750000,9.9923981321e-04,5.2458337244e-01
150.800000,9.9895384618e-04,6.2382739263e-01
150.850000,9.9988062382e-04,5.4341203059e-01
150.900000,1.0004600627e-03,5.2030293831e-01
150.950000,9.9905902301e-04,5.5213794120e-01
151.000000,9.9943604200e-04,4.6104980225e-01
151.050000,1.0000690769e-03,6.0900292844e-01
151.100000,1.0000363603e-03,4.6281242320e-01
151.150000,1.0019494221e-03,5.3560404864e-01
151.200000,9.9769292045e-04,5.7986908946e-01
151.250000,9.9967515977e-04,5.3691699638e-01
151.300000,9.9847243854e-04,4.4105931127e-01
151.350000,9.9924599689e-04,5.4053605740e-01
151.400000,1.0006684626e-03,5.3067432373e-01
151.450000,9.9996609258e-04,5.3367214194e-01
151.500000,9.9878504423e-04,5.6407682209e-01
151.550000,9.9999770855e-04,5.5974997027e-01
151.600000,1.0005006356e-03,5.2068078832e-01
151.650000,9.9873269659e-04,5.6425423033e-01
151.700000,9.9881895405e-04,5.0047641543e-01
151.750000,1.0007509663e-03,5.8518882073e-01
151.800000,1.0009078619e-03,5.1304435343e-01
151.850000,1.0012468768e-03,5.7060380830e-01
151.900000,9.9960761552e-04,5.5990387558e-01
151.950000,1.0002629046e-03,5.3265335355e-01
152.000000,9.9924094965e-04,5.4859435556e-01
152.050000,9.9717472345e-04,5.4662219561e-01
152.100000,1.0010831240e-03,5.4326321815e-01
152.150000,1.0009064860e-03,5.6432756914e-01
152.200000,1.0008484412e-03,5.8096978939e-01
152.250000,1.0010272186e-03,5.1994705864e-01
152.300000,9.9883316577e-04,5.5991174106e-01
152.350000,9.9959361972e-04,5.4504931315e-01
152.400000,9.9948858047e-04,5.0097376955e-01
152.450000,9.9890032735e-04,5.5429307604e-01
152.500000,9.9788726432e-04,5.5568080543e-01
152.550000,9.9938422491e-04,5.2464844852e-01
152.600000,9.9977936628e-04,5.3907339391e-01
152.650000,9.9991906084e-04,5.3177543502e-01
152.700000,9.9920213151e-04,5.1937290109e-01
152.750000,9.9990699083e-04,5.1787709142e-01
152.800000,9.9966777230e-04,5.0397652105e-01
152.850000,1.0004766406e-03,5.0679126132e-01
152.900000,9.9801467582e-04,5.1333971790e-01
152.950000,9.9766918561e-04,5.5554196692e-01
153.000000,9.9938016872e-04,5.7152469715e-01
153.050000,9.9977645130e-04,5.2842969743e-01
153.100000,9.9972275826e-04,4.8398919499e-01
153.150000,1.0012645423e-03,5.6496307328e-01
153.200000,9.9816577005e-04,5.3289988318e-01
153.250000,1.0010434039e-03,5.3775416610e-01
153.300000,1.0004554608e-03,5.5514786343e-01
153.350000,9.9999458713e-04,5.5226460192e-01
153.400000,9.9946837759e-04,5.2081954882e-01
153.450000,1.0001945697e-03,5.3680763717e-01
153.500000,1.0007490537e-03,5.3636643196e-01
153.550000,9.9968537157e-04,5.0351812721e-01
153.600000,9.9905073427e-04,5.5069045870e-01
153.650000,9.9968054760e-04,5.2690408660e-01
153.700000,9.9768423735e-04,5.5290569108e-01
153.750000,9.9974446521e-04,5.3674896116e-01
153.800000,9.9949788984e-04,4.8653470649e-01
153.850000,1.0002306467e-03,5.1504284660e-01
153.900000,9.9967384765e-04,4.8244912426e-01
153.950000,9.9882335489e-04,4.8511827775e-01
154.000000,1.0010457551e-03,5.6440786940e-01
154.050000,9.9839782779e-04,4.9920539340e-01
154.100000,9.9815208744e-04,5.0705970038e-01
154.150000,9.9987886660e-04,5.2851102493e-01
154.200000,1.0010948494e-03,5.0839758742e-01
154.250000,1.0003214033e-03,5.2631239067e-01
154.300000,9.9827039762e-04,5.8838875038e-01
154.350000,9.9930131743e-04,5.1497502902e-01
154.400000,1.0006751241e-03,5.8421448236e-01
154.450000,9.9978920128e-04,5.1101066747e-01
154.500000,9.9936882648e-04,5.7164604515e-01
154.550000,1.0005141307e-03,4.9420219653e-01
154.600000,1.0011070241e-03,5.1328457914e-01
154.650000,1.0011790744e-03,5.9432196603e-01
154.700000,9.9978434440e-04,5.3107470543e-01
154.750000,9.9765522527e-04,5.4564563689e-01
154.800000,1.0002536709e-03,5.3816055171e-01
154.850000,1.0006785131e-03,5.7380893674e-01
154.900000,9.9843263252e-04,5.7507780072e-01
154.950000,1.0003613989e-03,5.4659554585e-01
155.000000,1.0019646252e-03,5.0354309392e-01
155.050000,1.0014545454e-03,5.0645110087e-01
155.100000,9.9874635803e-04,5.1522373686e-01
155.150000,1.0003306952e-03,5.1403661797e-01
155.200000,9.9819125962e-04,5.1944227432e-01
155.250000,9.9920030916e-04,5.0983608287e-01
155.300000,9.9978732378e-04,5.5468929298e-01
155.350000,1.0012440063e-03,5.4850011468e-01
155.400000,9.9933231882e-04,5.8778564935e-01
155.450000,9.9995820628e-04,5.5202871206e-01
155.500000,1.0001323754e-03,5.3529761444e-01
155.550000,9.9919668255e-04,5.5985763048e-01
155.600000,9.9926309939e-04,5.7238310585e-01
155.650000,9.9958332357e-04,5.6969617881e-01
155.700000,9.9945824616e-04,6.0594438001e-01
155.750000,1.0006779869e-03,5.3359683468e-01
155.800000,1.0010444596e-03,5.0555004515e-01
155.850000,9.9929954284e-04,5.5186625638e-01
155.900000,9.9919575196e-04,5.0311860156e-01
155.950000,1.0000238956e-03,5.4227386544e-01
156.000000,1.0008956467e-03,5.4939713053e-01
156.050000,1.0015064533e-03,5.3594236751e-01
156.100000,1.0000503049e-03,5.1113867804e-01
156.150000,1.0003630332e-03,5.3764678590e-01
156.200000,1.0003052903e-03,5.4032632331e-01
156.250000,1.0004646850e-03,5.2532006773e-01
156.300000,9.9954485630e-04,5.7034184500e-01
156.350000,1.0005687738e-03,5.6721126375e-01
156.400000,9.9938073784e-04,4.8742511700e-01
156.450000,1.0012874448e-03,5.6842859827e-01
156.500000,1.0001636689e-03,5.2939130683e-01
156.550000,9.9992913049e-04,5.5781836460e-01
156.600000,9.9954745771e-04,5.0190380132e-01
156.650000,1.0005907598e-03,5.8936221932e-01
156.700000,9.9855802386e-04,5.3899644793e-01
156.750000,9.9903971289e-04,5.6862059158e-01
156.800000,9.9877341990e-04,5.2414652920e-01
156.850000,9.9996593864e-04,5.2398283761e-01
156.900000,9.9993306217e-04,5.6359668188e-01
156.950000,1.0013269204e-03,4.9453113625e-01
157.000000,9.9886680210e-04,4.9958681027e-01
157.050000,9.9893139052e-04,5.2482159838e-01
157.100000,1.0002592886e-03,5.5728109306e-01
157.150000,1.0001198752e-03,5.7461056609e-01
157.200000,9.9968184903e-04,5.6141542960e-01
157.250000,9.9803022587e-04,5.3613075054e-01
157.300000,1.0001649751e-03,4.9320526576e-01
157.350000,9.9976820760e-04,5.2386090818e-01
157.400000,9.9945293533e-04,5.2734782945e-01
157.450000,9.9825521231e-04,5.2605258296e-01
157.500000,9.9877557792e-04,5.5253510240e-01
157.550000,9.9872265003e-04,5.5601500325e-01
157.600000,9.9976396568e-04,5.4980690493e-01
157.650000,9.9923379507e-04,5.4546210540e-01
157.700000,9.9960721005e-04,5.7950956396e-01
157.750000,1.0009172019e-03,5.7634504109e-01
157.800000,9.9783502959e-04,5.3434560619e-01
157.850000,1.0004551431e-03,6.2193531978e-01
157.900000,1.0010830341e-03,5.2569564789e-01
157.950000,9.9880354509e-04,5.2423416211e-01
158.000000,1.0010237281e-03,5.2891073541e-01
158.050000,9.9965907921e-04,6.0731171275e-01
158.100000,1.0010661430e-03,5.5242477159e-01
158.150000,1.0012667624e-03,5.3087195224e-01
158.200000,1.0000973580e-03,5.5444969799e-01
158.250000,1.0017650085e-03,5.5384151405e-01
158.300000,9.9995675258e-04,5.0063969040e-01
158.350000,9.9929691260e-04,5.6570116729e-01
158.400000,1.0000843022e-03,5.5186022365e-01
158.450000,9.9890340678e-04,5.2889772196e-01
158.500000,9.9846168988e-04,5.8319431922e-01
158.550000,9.9928367414e-04,5.2237305930e-01
158.600000,9.9909666530e-04,5.6127070279e-01
158.650000,1.0003992060e-03,5.3551420255e-01
158.700000,1.0007104609e-03,4.9899733371e-01
158.750000,9.9949127324e-04,5.4069129720e-01
158.800000,9.9809909155e-04,4.7603267162e-01
158.850000,1.0004267684e-03,5.7485774482e-01
158.900000,1.0008535645e-03,5.2470383928e-01
158.950000,1.0009000107e-03,5.7657992891e-01
159.000000,9.9897110589e-04,5.1197874802e-01
159.050000,1.0017823831e-03,5.8705248400e-01
159.100000,9.9945495940e-04,5.3575664888e-01
159.150000,1.0009769184e-03,5.6533439456e-01
159.200000,9.9812681171e-04,5.8341830014e-01
159.250000,1.0010435473e-03,5.1505311633e-01
159.300000,9.9930204347e-04,5.6354800454e-01
159.350000,1.0004098129e-03,5.4428756265e-01
159.400000,1.0004524003e-03,5.6230282411e-01
159.450000,9.9936316475e-04,5.7733736412e-01
159.500000,1.0019587255e-03,5.8621920426e-01
159.550000,1.0009184160e-03,5.1505053184e-01
159.600000,1.0005542353e-03,5.1134996862e-01
159.650000,9.9971440150e-04,5.5672519558e-01
159.700000,1.0003795954e-03,5.0499754978e-01
159.750000,9.9921702736e-04,5.3309562113e-01
159.800000,9.9956418400e-04,5.6074817170e-01
159.850000,9.9951276484e-04,5.9657912295e-01
159.900000,9.9913569765e-04,5.7345530700e-01
159.950000,1.0001887620e-03,5.1489675966e-01
160.000000,1.0004664793e-03,5.3981975109e-01
160.050000,9.9922638654e-04,4.9645239718e-01
160.100000,9.9910031860e-04,5.2195069628e-01
160.150000,9.9759265403e-04,5.5223229079e-01
160.200000,9.9903496212e-04,5.5456024581e-01
160.250000,9.9991611530e-04,5.1366522573e-01
160.300000,1.0010652786e-03,5.3446742577e-01
160.350000,1.0000374074e-03,5.8513869271e-01
160.400000,1.0011337978e-03,5.4198551402e-01
160.450000,9.9695392976e-04,5.6716832206e-01
160.500000,9.9826414554e-04,5.5194964255e-01
160.550000,1.0002603419e-03,4.7968710955e-01
160.600000,1.0001962872e-03,5.5919927394e-01
160.650000,9.9856868299e-04,5.6183355056e-01
160.700000,9.9996772236e-04,4.9300239048e-01
160.750000,1.0003320563e-03,5.1813237658e-01
160.800000,9.9937947536e-04,5.5242643483e-01
160.850000,1.0009853255e-03,5.2795424043e-01
160.900000,9.9910354226e-04,5.4681765302e-01
160.950000,1.0020389736e-03,5.4602080710e-01
161.000000,1.0003160417e-03,5.5344766942e-01
161.050000,9.9899283823e-04,5.3761166955e-01
161.100000,9.9996853775e-04,5.3152704599e-01
161.150000,1.0007435197e-03,4.9853977545e-01
161.200000,1.0008927484e-03,5.5455884679e-01
161.250000,9.9939642089e-04,5.1474788745e-01
161.300000,1.0012867598e-03,5.6780829097e-01
161.350000,1.0005679886e-03,5.4698859346e-01
161.400000,1.0006193534e-03,5.2672415299e-01
161.450000,1.0000553992e-03,5.4660329306e-01
161.500000,9.9943181756e-04,5.2774787248e-01
161.550000,9.9861269912e-04,5.6268228499e-01
161.600000,1.0003596001e-03,6.0843936891e-01
161.650000,9.9950795526e-04,5.6912216624e-01
161.700000,1.0006083180e-03,5.1926802614e-01
161.750000,9.9956915256e-04,5.9976273342e-01
161.800000,1.0005320068e-03,5.6863680841e-01
161.850000,9.9933898544e-04,5.5692801111e-01
161.900000,9.9905667619e-04,5.6146435914e-01
161.950000,9.9942242213e-04,6.1568719378e-01
162.000000,9.9965085776e-04,5.4452084082e-01
162.050000,1.0008547078e-03,5.2188909075e-01
162.100000,1.0006994025e-03,5.7186495842e-01
162.150000,1.0002641031e-03,5.5164899698e-01
162.200000,1.0017382484e-03,5.7581224847e-01
162.250000,9.9850701911e-04,5.3675745012e-01
162.300000,1.0009704383e-03,5.0752794941e-01
162.350000,1.0003167414e-03,5.6911152455e-01
162.400000,9.9984261296e-04,5.5998563941e-01
162.450000,9.9880015424e-04,5.9545880864e-01
162.500000,1.0002641495e-03,5.4940934322e-01
162.550000,9.9865486803e-04,5.4490092159e-01
162.600000,9.9941949118e-04,5.1054497863e-01
162.650000,9.9679245836e-04,5.5826952933e-01
162.700000,1.0000963027e-03,5.7065193374e-01
162.750000,9.9969770844e-04,5.7767103626e-01
162.800000,1.0011844229e-03,5.7730614770e-01
162.850000,1.0007608979e-03,5.1494038563e-01
162.900000,1.0000805746e-03,5.6810887864e-01
162.950000,1.0016195850e-03,5.8329742301e-01
163.000000,9.9961927950e-04,5.7506264156e-01
163.050000,1.0003826092e-03,5.4499736285e-01
163.100000,1.0017374424e-03,5.1114871816e-01
163.150000,9.9857051139e-04,4.7783675638e-01
163.200000,1.0003637641e-03,5.5263353742e-01
163.250000,1.0000613128e-03,5.4011316352e-01
163.300000,9.9811114974e-04,4.7474338852e-01
163.350000,1.0007519825e-03,5.7303974644e-01
163.400000,9.9774312961e-04,5.4718467610e-01
163.450000,1.0008373739e-03,5.4813295352e-01
163.500000,1.0009182985e-03,5.0685677798e-01
163.550000,1.0002051523e-03,4.8823334510e-01
163.600000,1.0001524140e-03,5.2847181700e-01
163.650000,9.9860922092e-04,6.1462352312e-01
163.700000,9.9923602376e-04,5.7383062471e-01
163.750000,9.9899182142e-04,5.6444849164e-01
163.800000,9.9876437142e-04,5.5590220851e-01
163.850000,9.9851728606e-04,5.3120589926e-01
163.900000,1.0013097639e-03,4.7979176857e-01
163.950000,1.0001818474e-03,5.1736180664e-01
164.000000,9.9936428282e-04,6.0219921354e-01
164.050000,9.9945194477e-04,5.4019161362e-01
164.100000,9.9831360651e-04,4.8170605067e-01
164.150000,9.9971355418e-04,5.2535331699e-01
164.200000,9.9854590057e-04,5.6111705863e-01
164.250000,1.0005581936e-03,6.0601582737e-01
164.300000,9.9790117193e-04,5.2418046585e-01
164.350000,9.9852861027e-04,5.6238572551e-01
164.400000,1.0013151462e-03,5.1480906739e-01
164.450000,9.9939758858e-04,5.9967536342e-01
164.500000,9.9991893956e-04,5.8610616443e-01
164.550000,1.0004734659e-03,5.5586129588e-01
164.600000,1.0004495654e-03,5.3746642126e-01
164.650000,1.0015465852e-03,5.0368556211e-01
164.700000,1.0011536220e-03,5.6335655688e-01
164.750000,1.0003718820e-03,5.2628927833e-01
164.800000,1.0003276251e-03,5.2385717791e-01
164.850000,1.0005655932e-03,5.6479683042e-01
164.900000,1.0004803650e-03,5.0579058959e-01
164.950000,1.0013513382e-03,5.5011022475e-01
165.000000,1.0009116372e-03,6.1699178193e-01
165.050000,1.0006918183e-03,5.7610253359e-01
165.100000,9.9927431546e-04,5.1671356135e-01
165.150000,9.9878416275e-04,5.0741078240e-01
165.200000,9.9882792973e-04,5.5386338263e-01
165.250000,1.0009445366e-03,5.4927095210e-01
165.300000,9.9911834129e-04,5.7125403858e-01
165.350000,9.9923657733e-04,6.1564519224e-01
165.400000,1.0002265132e-03,5.5399483362e-01
165.450000,9.9997204747e-04,5.5058961897e-01
165.500000,9.9934581654e-04,5.3998294038e-01
165.550000,9.9934786025e-04,5.4469274108e-01
165.600000,9.9918889885e-04,5.4450441787e-01
165.650000,9.9894315049e-04,5.1195405281e-01
165.700000,9.9872072218e-04,5.1985748737e-01
165.750000,1.0011282130e-03,5.6179185731e-01
165.800000,1.0000090483e-03,5.2342249551e-01
165.850000,1.0006147562e-03,5.0801221548e-01
165.900000,1.0002593854e-03,5.2471102063e-01
165.950000,1.0000656930e-03,5.5553125355e-01
166.000000,9.9908285380e-04,5.4589607389e-01
166.050000,1.0007682476e-03,5.8744167510e-01
166.100000,1.0000581122e-03,5.3184278473e-01
166.150000,9.9964880415e-04,5.2080679420e-01
166.200000,9.9783450205e-04,5.5979125744e-01
166.250000,9.9950864685e-04,5.0953922556e-01
166.300000,9.9815625137e-04,5.5416609204e-01
166.350000,9.9948513942e-04,5.8407388622e-01
166.400000,1.0018591515e-03,5.5644662821e-01
166.450000,1.0014166664e-03,5.3714758204e-01
166.500000,9.9892926512e-04,5.4997710376e-01
166.550000,9.9994487076e-04,5.5251553921e-01
166.600000,9.9963141887e-04,5.6782530962e-01
166.650000,1.0014449615e-03,5.0421967420e-01
166.700000,9.9999759274e-04,5.5940647252e-01
166.750000,1.0000474154e-03,5.4879998200e-01
166.800000,1.0003033103e-03,5.2143207869e-01
166.850000,1.0006400669e-03,5.5149269963e-01
166.900000,1.0005923359e-03,5.1900075827e-01
166.950000,9.9835314145e-04,5.5216532410e-01
167.000000,9.9901262643e-04,5.4134057303e-01
167.050000,9.9947456241e-04,5.4807139515e-01
167.100000,1.0000481191e-03,5.3332669706e-01
167.150000,9.9967145674e-04,5.3303410875e-01
167.200000,1.0012446585e-03,5.0724309277e-01
167.250000,9.9883767115e-04,5.1729564524e-01
167.300000,9.9931098539e-04,5.0157106930e-01
167.350000,1.0000722247e-03,5.8718503344e-01
167.400000,9.9919906030e-04,5.6568570193e-01
167.450000,1.0009724457e-03,5.2198251460e-01
167.500000,1.0010392197e-03,5.5932481127e-01
167.550000,9.9868369246e-04,5.4208387855e-01
167.600000,9.9999883598e-04,4.9765553360e-01
167.650000,1.0001137174e-03,5.3479580425e-01
167.700000,9.9937110351e-04,5.8713785231e-01
167.750000,9.9894023164e-04,5.1259653963e-01
167.800000,1.0000374385e-03,5.5273923699e-01
167.850000,1.0017629568e-03,5.6919142317e-01
167.900000,1.0003897543e-03,5.2523935157e-01
167.950000,1.0006738186e-03,5.1524378676e-01
168.000000,1.0000574441e-03,5.6235505910e-01
168.050000,9.9888781531e-04,5.5306312581e-01
168.100000,1.0013534701e-03,5.0556839059e-01
168.150000,1.0000833927e-03,5.5041897921e-01
168.200000,1.0003781932e-03,5.3658833015e-01
168.250000,1.0002675882e-03,5.4579749480e-01
168.300000,9.9880304794e-04,6.0605290069e-01
168.350000,9.9988144238e-04,5.6580836219e-01
168.400000,1.0004357674e-03,6.0486311406e-01
168.450000,1.0017067588e-03,5.7298623679e-01
168.500000,1.0002188952e-03,5.6176118193e-01
168.550000,1.0004604905e-03,5.5351531126e-01
168.600000,1.0008868117e-03,5.4079342261e-01
168.650000,1.0005534778e-03,5.3569055290e-01
168.700000,9.9870059884e-04,5.3028600577e-01
168.750000,9.9955412937e-04,5.5417785319e-01
168.800000,9.9884974550e-04,5.2034287012e-01
168.850000,9.9967058216e-04,5.2742620265e-01
168.900000,1.0008291991e-03,5.6764287987e-01
168.950000,1.0021030864e-03,5.4795798519e-01
169.000000,1.0000189834e-03,5.6419180470e-01
169.050000,9.9753910815e-04,4.8779029096e-01
169.100000,1.0010550897e-03,5.2105096052e-01
169.150000,9.9968890327e-04,5.2977269736e-01
169.200000,9.9926809926e-04,5.4369784091e-01
169.250000,1.0001839643e-03,5.3835706687e-01
169.300000,1.0000058933e-03,5.2800401267e-01
169.350000,9.9979266167e-04,5.4212852337e-01
169.400000,1.0000548395e-03,5.3913066057e-01
169.450000,1.0013184132e-03,5.6934957744e-01
169.500000,1.0003629471e-03,5.7080988214e-01
169.550000,1.0016360050e-03,4.9889527964e-01
169.600000,1.0017918356e-03,5.5619240080e-01
169.650000,1.0000973372e-03,5.5186647645e-01
169.700000,1.0014973808e-03,5.5711251337e-01
169.750000,1.0004937044e-03,5.4537976032e-01
169.800000,9.9998526274e-04,5.4618728381e-01
169.850000,9.9903991751e-04,5.2126251286e-01
169.900000,1.0001449892e-03,5.5426666076e-01
169.950000,1.0008868565e-03,5.5850728651e-01
170.000000,1.0000740256e-03,5.2262087544e-01
170.050000,9.9905822049e-04,5.5450946910e-01
170.100000,1.0006533356e-03,5.6706683200e-01
170.150000,1.0010313985e-03,5.7342400485e-01
170.200000,9.9854722662e-04,5.1051445369e-01
170.250000,1.0005062378e-03,6.0988388321e-01
170.300000,9.9899591419e-04,5.4755973940e-01
170.350000,1.0009429441e-03,5.9859997529e-01
170.400000,9.9914721529e-04,5.1847042003e-01
170.450000,1.0008276263e-03,5.3537757002e-01
170.500000,1.0024982798e-03,5.5182124211e-01
170.550000,1.0011602098e-03,5.4634885077e-01
170.600000,1.0011120049e-03,5.2140411174e-01
170.650000,9.9947268052e-04,5.1570786327e-01
170.700000,9.9896331435e-04,5.6335770005e-01
170.750000,9.9962460292e-04,5.0766435042e-01
170.800000,1.0012874660e-03,5.4342898383e-01
170.850000,1.0015644790e-03,5.2875247587e-01
170.900000,9.9916680535e-04,5.4478439557e-01
170.950000,1.0013805375e-03,5.0355825058e-01
171.000000,9.9973963798e-04,5.8328505530e-01
171.050000,1.0009181373e-03,5.1936869917e-01
171.100000,1.0009194399e-03,5.3578609801e-01
171.150000,1.0004058499e-03,5.3420813533e-01
171.200000,1.0016879622e-03,5.9385025605e-01
171.250000,9.9987036412e-04,5.2457908760e-01
171.300000,9.9993471786e-04,5.5591570352e-01
171.350000,9.9997720773e-04,5.4053629856e-01
171.400000,9.9962649008e-04,5.6681262461e-01
171.450000,1.0001241167e-03,5.0834544958e-01
171.500000,9.9970477317e-04,5.4347127492e-01
171.550000,9.9944125001e-04,5.1264750099e-01
171.600000,9.9751714165e-04,5.4977251573e-01
171.650000,9.9984977828e-04,5.7561332707e-01
171.700000,1.0009111228e-03,5.3688299462e-01
171.750000,9.9785534418e-04,5.9873500587e-01
171.800000,1.0007662291e-03,5.1105559133e-01
171.850000,9.9962420155e-04,4.9579224192e-01
171.900000,9.9929424544e-04,4.9852704960e-01
171.950000,1.0002123783e-03,5.6323680042e-01
172.000000,1.0006179295e-03,5.5068855223e-01
172.050000,1.0006553300e-03,5.5810630047e-01
172.100000,9.9990736920e-04,5.5789587322e-01
172.150000,9.9924174577e-04,5.4068061418e-01
172.200000,9.9900207132e-04,5.7526337620e-01
172.250000,9.9999663250e-04,5.4944829380e-01
172.300000,1.0012378231e-03,5.0995980484e-01
172.350000,9.9888458810e-04,5.3307051045e-01
172.400000,9.9881943283e-04,6.0501421357e-01
172.450000,9.9901315214e-04,5.2341012958e-01
172.500000,1.0018124581e-03,5.1385445366e-01
172.550000,1.0011858396e-03,4.9614215113e-01
172.600000,9.9997637146e-04,5.0814283256e-01
172.650000,1.0007265569e-03,5.7105676068e-01
172.700000,1.0008413361e-03,5.5799126054e-01
172.750000,1.0016389234e-03,5.4447254133e-01
172.800000,1.0011769119e-03,5.2794284117e-01
172.850000,1.0009564861e-03,4.7964875317e-01
172.900000,9.9991025931e-04,5.7282006338e-01
172.950000,9.9902161886e-04,4.9929736816e-01
173.000000,1.0006457091e-03,5.1861255370e-01
173.050000,9.9875149250e-04,5.5111807503e-01
173.100000,1.0003040887e-03,5.4478624345e-01
173.150000,1.0014255778e-03,5.4100810208e-01
173.200000,1.0000597926e-03,5.3341405032e-01
173.250000,1.0008984591e-03,5.0712248856e-01
173.300000,9.9933394583e-04,5.4521949799e-01
173.350000,1.0002476633e-03,5.5178692628e-01
173.400000,1.0008551983e-03,5.5336708520e-01
173.450000,9.9988123356e-04,5.6967486555e-01
173.500000,1.0003606855e-03,5.9476546801e-01
173.550000,1.0015304460e-03,5.2876302059e-01
173.600000,9.9822504653e-04,5.3451194175e-01
173.650000,9.9922673106e-04,5.2850882266e-01
173.700000,9.9961839227e-04,5.2257791721e-01
173.750000,1.0013636946e-03,5.6497244255e-01
173.800000,9.9975722993e-04,5.2434236137e-01
173.850000,9.9898445406e-04,5.1245061751e-01
173.900000,1.0009040709e-03,4.9343941873e-01
173.950000,1.0025074973e-03,5.2847348434e-01
174.000000,1.0002123299e-03,5.2923060097e-01
174.050000,9.9788707820e-04,5.6178216185e-01
174.100000,1.0010159696e-03,5.8277610418e-01
174.150000,9.9833718388e-04,5.7086205375e-01
174.200000,1.0000967879e-03,5.3942109983e-01
174.250000,9.9836876363e-04,5.5957314378e-01
174.300000,1.0015397003e-03,5.2196583922e-01
174.350000,1.0008495731e-03,5.5143715924e-01
174.400000,9.9927859147e-04,5.5382605818e-01
174.450000,1.0007496520e-03,5.5669410806e-01
174.500000,9.9831787563e-04,5.1003448016e-01
174.550000,9.9928033564e-04,5.1663720557e-01
174.600000,1.0011115635e-03,5.6386218405e-01
174.650000,9.9981315291e-04,5.1710191205e-01
174.700000,9.9924870278e-04,5.1115663893e-01
174.750000,1.0008390950e-03,5.0008501210e-01
174.800000,9.9978504817e-04,5.4756309892e-01
174.850000,9.9995834561e-04,5.6527227837e-01
174.900000,1.0001537402e-03,5.3041100749e-01
174.950000,9.9965347235e-04,5.5679189328e-01
175.000000,1.0000812660e-03,5.3381258732e-01
175.050000,9.9882584245e-04,5.3294848937e-01
175.100000,1.0007426873e-03,5.7253335124e-01
175.150000,1.0014959973e-03,5.4033440143e-01
175.200000,1.0009541713e-03,5.3045821042e-01
175.250000,9.9967128668e-04,4.9881664471e-01
175.300000,1.0007152942e-03,5.3264407093e-01
175.350000,1.0002389292e-03,5.7991615359e-01
175.400000,1.0005447958e-03,5.6398248019e-01
175.450000,1.0015899075e-03,6.1132694149e-01
175.500000,9.9833142813e-04,5.5506571648e-01
175.550000,9.9991964723e-04,5.4014777117e-01
175.600000,1.0009086162e-03,4.8873145343e-01
175.650000,9.9950528474e-04,5.4382021760e-01
175.700000,9.9825220079e-04,5.6140402597e-01
175.750000,9.9893434102e-04,5.6848310344e-01
175.800000,9.9997134565e-04,5.3148593103e-01
175.850000,9.9959551262e-04,5.8934710165e-01
175.900000,9.9932661032e-04,5.8127926907e-01
175.950000,9.9987961829e-04,5.4679639394e-01
176.000000,1.0014104528e-03,5.6489439601e-01
176.050000,9.9998544038e-04,5.2904593749e-01
176.100000,1.0006595102e-03,5.4278926259e-01
176.150000,1.0013108524e-03,5.6861137684e-01
176.200000,1.0010111170e-03,5.1741844331e-01
176.250000,1.0001002643e-03,5.1256152566e-01
176.300000,1.0007748754e-03,5.3615345312e-01
176.350000,1.0014157419e-03,5.2804683115e-01
176.400000,9.9970001747e-04,5.7841550174e-01
176.450000,1.0005323590e-03,5.4838075746e-01
176.500000,1.0017676157e-03,5.4253525168e-01
176.550000,9.9964018581e-04,5.4091274412e-01
176.600000,9.9917775946e-04,5.4685822163e-01
176.650000,9.9989018376e-04,5.2983326991e-01
176.700000,1.0004314087e-03,5.7372444416e-01
176.750000,1.0009360976e-03,5.8268401527e-01
176.800000,9.9902081705e-04,5.5852410386e-01
176.850000,1.0006637905e-03,5.3488549694e-01
176.900000,1.0012533722e-03,5.7092005315e-01
176.950000,9.9860619008e-04,5.4690900835e-01
177.000000,9.9941184494e-04,5.8747324486e-01
177.050000,1.0009696227e-03,5.2925909745e-01
177.100000,9.9931314027e-04,5.6049261105e-01
177.150000,1.0003295919e-03,5.6560285026e-01
177.200000,9.9952757201e-04,5.3959534748e-01
177.250000,1.0019297106e-03,5.6854512099e-01
177.300000,1.0014056192e-03,5.3678810726e-01
177.350000,9.9872752732e-04,5.2568236452e-01
177.400000,9.9913542931e-04,5.3422813815e-01
177.450000,9.9968196681e-04,5.1519827434e-01
177.500000,9.9907594700e-04,5.4440074652e-01
177.550000,1.0004590395e-03,6.2212972798e-01
177.600000,1.0013398333e-03,5.2354326240e-01
177.650000,1.0003186439e-03,5.4683718708e-01
177.700000,1.0002247829e-03,5.6372261725e-01
177.750000,9.9916705833e-04,5.3393962174e-01
177.800000,1.0008833410e-03,5.6694689931e-01
177.850000,9.9876491332e-04,5.4728875355e-01
177.900000,9.9979986811e-04,5.0982086772e-01
177.950000,1.0016300660e-03,5.3005183706e-01
178.000000,9.9964035413e-04,5.8642289985e-01
178.050000,1.0005033770e-03,5.6766712563e-01
178.100000,1.0005645139e-03,5.7928027149e-01
178.150000,1.0000739868e-03,5.2472946741e-01
178.200000,1.0021817643e-03,5.4064498450e-01
178.250000,9.9942930239e-04,5.1767375131e-01
178.300000,1.0002971863e-03,5.4699819486e-01
178.350000,9.9859718762e-04,5.0944192995e-01
178.400000,1.0005606162e-03,5.2815052995e-01
178.450000,9.9924526344e-04,5.4048060213e-01
178.500000,9.9936243736e-04,4.8698380975e-01
178.550000,9.9986945489e-04,5.4754993720e-01
178.600000,1.0001736333e-03,5.4534729637e-01
178.650000,9.9927302475e-04,5.5147054681e-01
178.700000,1.0002906902e-03,6.0475066602e-01
178.750000,1.0008037167e-03,5.9543872772e-01
178.800000,9.9965166594e-04,5.6531688213e-01
178.850000,9.9885566496e-04,5.5101285094e-01
178.900000,1.0003763467e-03,5.3956076908e-01
178.950000,1.0019307480e-03,5.5797997701e-01
179.000000,9.9971133793e-04,5.4623193018e-01
179.050000,9.9761732991e-04,5.7720432377e-01
179.100000,1.0008219477e-03,5.2594760778e-01
179.150000,1.0000185103e-03,5.2755786418e-01
179.200000,9.9985473911e-04,5.4632473103e-01
179.250000,9.9913619086e-04,5.6462978630e-01
179.300000,9.9864895874e-04,5.2124449593e-01
179.350000,1.0006603343e-03,5.4936532758e-01
179.400000,9.9905291935e-04,5.5007624284e-01
179.450000,9.9875622723e-04,5.7141241477e-01
179.500000,9.9917094848e-04,5.3561010964e-01
179.550000,1.0005098603e-03,5.8714243419e-01
179.600000,1.0006646243e-03,5.4129496896e-01
179.650000,1.0006161462e-03,5.5820410127e-01
179.700000,9.9995704423e-04,5.6574263178e-01
179.750000,1.0002309510e-03,5.2461564513e-01
179.800000,9.9987326458e-04,5.5991324476e-01
179.850000,9.9961122131e-04,5.4505773735e-01
179.900000,9.9919958442e-04,5.2479460144e-01
179.950000,9.9964298473e-04,5.1662026636e-01
180.000000,9.9815978766e-04,5.7192139632e-01
180.050000,9.9979568297e-04,5.2319898382e-01
180.100000,1.0000592301e-03,5.5961298926e-01
180.150000,1.0014391886e-03,5.6449931048e-01
180.200000,1.0004535025e-03,5.0606075751e-01
180.250000,9.9992798972e-04,5.4269507005e-01
180.300000,1.0002086190e-03,5.1849934982e-01
180.350000,9.9965763631e-04,5.6587324618e-01
180.400000,9.9988501477e-04,5.6968102840e-01
180.450000,9.9900441060e-04,5.6782108138e-01
180.500000,9.9896567404e-04,4.9233800314e-01
180.550000,1.0008247592e-03,5.3642341055e-01
180.600000,9.9988909330e-04,5.1542041440e-01
180.650000,9.9963090036e-04,5.6110629638e-01
180.700000,9.9892800774e-04,5.2799455681e-01
180.750000,9.9957763470e-04,5.1000598616e-01
180.800000,9.9991897914e-04,4.9192839927e-01
180.850000,9.9882685481e-04,5.1982877155e-01
180.900000,9.9942640842e-04,5.9085746646e-01
180.950000,1.0006007341e-03,5.2779850929e-01
181.000000,9.9994217315e-04,5.4158577909e-01
181.050000,1.0001221979e-03,5.1427931505e-01
181.100000,9.9942811769e-04,5.7151644582e-01
181.150000,1.0018667596e-03,5.5889244345e-01
181.200000,1.0005163307e-03,5.2766522802e-01
181.250000,1.0006773370e-03,5.2124504847e-01
181.300000,1.0002416736e-03,5.2088818683e-01
181.350000,1.0025050011e-03,5.4748595105e-01
181.400000,1.0012113663e-03,5.5456327234e-01
181.450000,1.0005647096e-03,5.5490026586e-01
181.500000,9.9997072568e-04,5.2835791872e-01
181.550000,1.0003864392e-03,5.3926163295e-01
181.600000,1.0019154268e-03,5.4950999333e-01
181.650000,9.9974416975e-04,5.2315942538e-01
181.700000,1.0002433849e-03,5.2257786114e-01
181.750000,1.0000006696e-03,5.3676694450e-01
181.800000,1.0004617912e-03,5.4635085726e-01
181.850000,1.0000959675e-03,5.6235769595e-01
181.900000,1.0008709939e-03,5.8049340257e-01
181.950000,1.0009525668e-03,5.4227861896e-01
182.000000,1.0011267138e-03,5.4307163111e-01
182.050000,1.0005440446e-03,5.3424698157e-01
182.100000,9.9819749745e-04,4.9306338322e-01
182.150000,1.0007187783e-03,5.6249341266e-01
182.200000,1.0001196574e-03,5.3284405008e-01
182.250000,1.0024554382e-03,5.5450206571e-01
182.300000,1.0004225430e-03,5.5254635936e-01
182.350000,1.0013577675e-03,5.4475767342e-01
182.400000,1.0004116563e-03,5.4942035951e-01
182.450000,9.9999600697e-04,5.9554732593e-01
182.500000,1.0018816965e-03,5.5963312850e-01
182.550000,9.9895541250e-04,5.3815570261e-01
182.600000,9.9979331554e-04,5.3285817811e-01
182.650000,9.9993572717e-04,5.5625218446e-01
182.700000,1.0003301532e-03,4.8973378340e-01
182.750000,1.0002582454e-03,5.1838175619e-01
182.800000,1.0007313432e-03,5.4821481717e-01
182.850000,9.9980360248e-04,5.6024144094e-01
182.900000,9.9886739784e-04,5.2694603883e-01
182.950000,9.9877357658e-04,5.2695817830e-01
183.000000,1.0021966016e-03,5.7493236486e-01
183.050000,1.0001710786e-03,5.0439711580e-01
183.100000,1.0007593668e-03,5.6421843262e-01
183.150000,9.9936767958e-04,5.5330443124e-01
183.200000,1.0025461202e-03,5.5251721813e-01
183.250000,9.9835597103e-04,5.2230979964e-01
183.300000,9.9975830587e-04,5.2212707132e-01
183.350000,1.0007277855e-03,5.2312227575e-01
183.400000,1.0004338729e-03,5.5853342287e-01
183.450000,9.9990426557e-04,5.2838932663e-01
183.500000,1.0005017266e-03,5.6649292437e-01
183.550000,1.0008505395e-03,5.6572496094e-01
183.600000,1.0007131742e-03,5.5959965258e-01
183.650000,9.9857208205e-04,5.7264471175e-01
183.700000,1.0001001747e-03,5.1134932954e-01
183.750000,9.9955296663e-04,5.5524678834e-01
183.800000,1.0012185845e-03,5.3559674037e-01
183.850000,9.9796311672e-04,4.8850526458e-01
183.900000,1.0021547749e-03,5.4346210955e-01
183.950000,1.0006366484e-03,5.4295415234e-01
184.000000,9.9924892453e-04,5.4158269008e-01
184.050000,9.9996946493e-04,5.3417935629e-01
184.100000,1.0012324303e-03,5.6104098809e-01
184.150000,9.9932290301e-04,5.1645106577e-01
184.200000,1.0002993608e-03,5.2617880809e-01
184.250000,9.9834522749e-04,5.4325105057e-01
184.300000,9.9875349297e-04,5.3020373359e-01
184.350000,9.9946505831e-04,5.2289015782e-01
184.400000,9.9952619206e-04,5.2757144141e-01
184.450000,9.9974816196e-04,5.0431080713e-01
184.500000,9.9960573623e-04,5.4077568421e-01
184.550000,1.0009184143e-03,5.8408565494e-01
184.600000,9.9815941940e-04,5.7459928930e-01
184.650000,9.9997953437e-04,5.0589510278e-01
184.700000,1.0003322645e-03,5.1997131428e-01
184.750000,9.9936593530e-04,5.5229367164e-01
184.800000,9.9981327057e-04,5.0687904078e-01
184.850000,9.9690467051e-04,5.4316211566e-01
184.900000,1.0008134032e-03,5.3703478649e-01
184.950000,9.9984822268e-04,5.5081932202e-01
185.000000,1.0012380043e-03,5.6852043036e-01
185.050000,1.0009378101e-03,5.2400128627e-01
185.100000,9.9990430590e-04,5.7458778420e-01
185.150000,9.9973747013e-04,5.4211706375e-01
185.200000,9.9958205180e-04,5.8247219211e-01
185.250000,9.9903478730e-04,5.7496449787e-01
185.300000,1.0001362264e-03,5.7862761940e-01
185.350000,1.0000673420e-03,5.9069114729e-01
185.400000,1.0000990978e-03,5.3847318173e-01
185.450000,1.0004668055e-03,5.8728049357e-01
185.500000,9.9838283325e-04,5.2591928910e-01
185.550000,1.0000270374e-03,5.8138740578e-01
185.600000,9.9996511538e-04,5.2634724246e-01
185.650000,9.9900481141e-04,5.7422797840e-01
185.700000,1.0004002359e-03,5.9922293848e-01
185.750000,9.9996322173e-04,5.2455898557e-01
185.800000,9.9933159107e-04,5.3316239770e-01
185.850000,1.0004974450e-03,5.3087050126e-01
185.900000,1.0005461369e-03,5.3872635444e-01
185.950000,9.9862760308e-04,5.3562777419e-01
186.000000,9.9996835498e-04,4.7543101287e-01
186.050000,1.0007971427e-03,5.0596328901e-01
186.100000,9.9839975070e-04,5.4397936737e-01
186.150000,1.0004195685e-03,4.8859563250e-01
186.200000,1.0002417930e-03,5.2192195540e-01
186.250000,1.0016624136e-03,5.1577211591e-01
186.300000,1.0017367038e-03,5.0400372397e-01
186.350000,1.0020195203e-03,5.2276990147e-01
186.400000,9.9764146787e-04,5.5294830184e-01
186.450000,1.0024745678e-03,5.1121662231e-01
186.500000,1.0016185938e-03,6.0617134693e-01
186.550000,1.0011993004e-03,5.7985086403e-01
186.600000,9.9990152047e-04,5.4383104182e-01
186.650000,1.0001924111e-03,5.6864509795e-01
186.700000,9.9996341532e-04,5.3487416805e-01
186.750000,1.0006170891e-03,5.3941712825e-01
186.800000,1.0007285164e-03,5.5985339897e-01
186.850000,9.9981906327e-04,5.4686597110e-01
186.900000,9.9926221314e-04,5.8698748031e-01
186.950000,9.9896979294e-04,5.3524502142e-01
187.000000,9.9923639035e-04,5.2343214774e-01
187.050000,1.0007322039e-03,5.3667439319e-01
187.100000,1.0009349576e-03,5.9937027131e-01
187.150000,9.9928503430e-04,5.4631075340e-01
187.200000,9.9886112164e-04,5.5438485527e-01
187.250000,9.9975960878e-04,5.7221954301e-01
187.300000,9.9889105524e-04,5.8586058345e-01
187.350000,9.9953490030e-04,5.1924451919e-01
187.400000,1.0006309124e-03,5.3293304576e-01
187.450000,1.0005593099e-03,6.1891120739e-01
187.500000,9.9988333432e-04,5.2461409079e-01
187.550000,9.9965427833e-04,5.2682853922e-01
187.600000,9.9910069504e-04,5.8789108062e-01
187.650000,1.0002501312e-03,5.6383839448e-01
187.700000,9.9997580009e-04,5.5589816654e-01
187.750000,9.9919624806e-04,5.5923505618e-01
187.800000,1.0014000774e-03,5.3926332379e-01
187.850000,1.0007318898e-03,5.5457533404e-01
187.900000,9.9924190450e-04,5.6182158349e-01
187.950000,1.0007705295e-03,5.0289812000e-01
188.000000,1.0007722024e-03,5.5344895046e-01
188.050000,9.9859175106e-04,5.0793509425e-01
188.100000,1.0010015596e-03,5.8117133187e-01
188.150000,1.0011467238e-03,5.1480106294e-01
188.200000,9.9985524903e-04,5.5547976322e-01
188.250000,9.9881340861e-04,5.2146912145e-01
188.300000,9.9995423827e-04,5.3147726709e-01
188.350000,1.0003137342e-03,5.7882849292e-01
188.400000,9.9866341989e-04,5.6173722988e-01
188.450000,9.9995270188e-04,5.5650104810e-01
188.500000,1.0013803011e-03,5.3120272300e-01
188.550000,1.0000554778e-03,5.2994411726e-01
188.600000,1.0002766383e-03,5.5735607914e-01
188.650000,1.0006068995e-03,5.5315943143e-01
188.700000,9.9848283327e-04,5.7637644778e-01
188.750000,9.9981225261e-04,5.4993517981e-01
188.800000,9.9951059862e-04,5.2875365826e-01
188.850000,9.9852165070e-04,5.4750439317e-01
188.900000,1.0008772135e-03,5.2945187239e-01
188.950000,9.9876185652e-04,5.7652633870e-01
189.000000,9.9959032832e-04,5.0866754386e-01
189.050000,9.9865538465e-04,4.8194845568e-01
189.100000,9.9962256621e-04,5.6728272033e-01
189.150000,9.9985276390e-04,5.4041003852e-01
189.200000,1.0015348777e-03,5.0525523546e-01
189.250000,9.9939151038e-04,5.2595318892e-01
189.300000,9.9977528013e-04,5.6703418067e-01
189.350000,9.9995706472e-04,5.2139043157e-01
189.400000,9.9946864025e-04,5.7010159827e-01
189.450000,9.9942133563e-04,5.7773705526e-01
189.500000,1.0015579242e-03,5.7416368671e-01
189.550000,9.9936282491e-04,4.9722136950e-01
189.600000,9.9840531610e-04,5.3327812474e-01
189.650000,1.0001422135e-03,5.3839248927e-01
189.700000,1.0002823547e-03,5.1636355799e-01
189.750000,9.9928011418e-04,5.6297591471e-01
189.800000,1.0001934875e-03,5.5838512836e-01
189.850000,1.0007073602e-03,5.2538677051e-01
189.900000,9.9838297423e-04,5.5462221307e-01
189.950000,9.9913762191e-04,5.3168242404e-01
190.000000,9.9795594178e-04,5.8450446344e-01
190.050000,9.9999998374e-04,5.3277097047e-01
190.100000,9.9821167637e-04,5.6032216995e-01
190.150000,1.0005062752e-03,5.3937981362e-01
190.200000,9.9859844163e-04,5.9374479339e-01
190.250000,9.9842252060e-04,5.9110308544e-01
190.300000,1.0002367306e-03,5.5965614254e-01
190.350000,1.0005513184e-03,5.7587744308e-01
190.400000,1.0009796188e-03,5.1331042096e-01
190.450000,9.9852290770e-04,5.5558539225e-01
190.500000,1.0005109927e-03,5.5306313676e-01
190.550000,1.0002423455e-03,5.3923983513e-01
190.600000,9.9856131211e-04,5.1061662384e-01
190.650000,1.0006770738e-03,5.3530835521e-01
190.700000,9.9977366632e-04,5.1614307311e-01
190.750000,9.9977223356e-04,5.3130380717e-01
190.800000,1.0019468969e-03,5.8334075021e-01
190.850000,9.9868428387e-04,5.6669599420e-01
190.900000,9.9974256419e-04,5.2511535647e-01
190.950000,9.9921939625e-04,5.3651306984e-01
191.000000,1.0004874585e-03,6.2865073862e-01
191.050000,1.0001212420e-03,5.3113228188e-01
191.100000,9.9892197170e-04,5.7263197845e-01
191.150000,1.0001089398e-03,5.2494609163e-01
191.200000,1.0007226612e-03,5.7307234631e-01
191.250000,9.9975366151e-04,5.4825770766e-01
191.300000,1.0001104950e-03,5.8541668176e-01
191.350000,1.0001145223e-03,5.5749810974e-01
191.400000,9.9861658656e-04,5.1147981349e-01
191.450000,1.0005959156e-03,5.7872491992e-01
191.500000,9.9922603398e-04,5.0152410996e-01
191.550000,1.0014806977e-03,5.6700713237e-01
191.600000,1.0004641130e-03,5.3582258241e-01
191.650000,9.9968455846e-04,5.6876777556e-01
191.700000,1.0000978495e-03,5.0794085754e-01
191.750000,9.9998505297e-04,5.6604651660e-01
191.800000,9.9960200193e-04,5.4350197193e-01
191.850000,1.0012163855e-03,5.3892125154e-01
191.900000,9.9917337387e-04,5.7797794783e-01
191.950000,1.0004389399e-03,5.6525169758e-01
192.000000,1.0005722212e-03,5.6597735497e-01
192.050000,9.9949380081e-04,5.3947173139e-01
192.100000,1.0009060104e-03,5.5165792746e-01
192.150000,9.9899931695e-04,5.7691398388e-01
192.200000,9.9896377850e-04,5.1847536797e-01
192.250000,1.0002028644e-03,5.5059900206e-01
192.300000,1.0010553026e-03,5.1686724851e-01
192.350000,1.0006814850e-03,5.0763554658e-01
192.400000,1.0012520354e-03,4.9976219539e-01
192.450000,1.0001337390e-03,5.8240624814e-01
192.500000,9.9965417197e-04,5.5281349973e-01
192.550000,9.9823293453e-04,5.4011788838e-01
192.600000,1.0005920258e-03,5.4592274768e-01
192.650000,1.0010246951e-03,5.3341475011e-01
192.700000,1.0010435596e-03,5.3237089412e-01
192.750000,1.0018837188e-03,5.4080821891e-01
192.800000,1.0010994830e-03,4.9995484277e-01
192.850000,1.0002764228e-03,5.6678932789e-01
192.900000,9.9722619749e-04,5.4702016044e-01
192.950000,1.0001401887e-03,5.6962822851e-01
193.000000,9.9958019938e-04,5.4697737786e-01
193.050000,9.9843322964e-04,5.4662487251e-01
193.100000,9.9901136275e-04,5.3874753293e-01
193.150000,9.9824661328e-04,5.1894832097e-01
193.200000,1.0008600297e-03,5.3179458087e-01
193.250000,1.0015331223e-03,5.2027908779e-01
193.300000,9.9911655791e-04,5.6120292081e-01
193.350000,1.0005947818e-03,5.1411762055e-01
193.400000,1.0004115893e-03,5.5391268065e-01
193.450000,9.9958985169e-04,5.4678008185e-01
193.500000,1.0000655283e-03,5.5622373037e-01
193.550000,9.9869943488e-04,5.4200347395e-01
193.600000,1.0003482846e-03,5.0435686406e-01
193.650000,9.9905443321e-04,5.1088751394e-01
193.700000,9.9934447756e-04,5.0766495131e-01
193.750000,1.0005058904e-03,5.4831423103e-01
193.800000,9.9925741658e-04,5.3620283985e-01
193.850000,1.0008551305e-03,4.7019415982e-01
193.900000,9.9975862198e-04,5.4889564156e-01
193.950000,1.0002617676e-03,5.2733658879e-01
194.000000,1.0005444708e-03,5.5642448545e-01
194.050000,1.0011674168e-03,6.0675062741e-01
194.100000,1.0005806358e-03,5.4076139617e-01
194.150000,9.9938892784e-04,5.2627921878e-01
194.200000,9.9881752635e-04,5.4726030120e-01
194.250000,1.0026602216e-03,5.0995848203e-01
194.300000,9.9836515750e-04,4.8801994412e-01
194.350000,1.0000119071e-03,5.1748370730e-01
194.400000,1.0012976155e-03,5.4616213848e-01
194.450000,9.9969562598e-04,5.8047160040e-01
194.500000,1.0013319839e-03,5.1034261343e-01
194.550000,9.9984567816e-04,4.7340247747e-01
194.600000,1.0004257718e-03,5.0951784521e-01
194.650000,1.0009686947e-03,5.0998894179e-01
194.700000,1.0014361072e-03,5.3679965256e-01
194.750000,9.9835203946e-04,5.2778722849e-01
194.800000,1.0003959618e-03,5.3161178746e-01
194.850000,1.0004706109e-03,5.3906570412e-01
194.900000,9.9974907150e-04,4.8879053857e-01
194.950000,9.9823612558e-04,5.7356658056e-01
195.000000,9.9924924602e-04,5.5709688880e-01
195.050000,9.9869060519e-04,5.0937883061e-01
195.100000,1.0006076840e-03,5.2927844130e-01
195.150000,9.9820143725e-04,5.5326882340e-01
195.200000,9.9977460778e-04,5.2353821167e-01
195.250000,9.9839139968e-04,5.4775268984e-01
195.300000,1.0011050233e-03,5.7777808995e-01
195.350000,1.0011210785e-03,5.1161817692e-01
195.400000,1.0011278650e-03,5.9814095706e-01
195.450000,1.0007171100e-03,5.2611568036e-01
195.500000,9.9967944165e-04,5.4581062548e-01
195.550000,9.9872391307e-04,5.3254153984e-01
195.600000,9.9897817985e-04,5.3507949561e-01
195.650000,1.0018164021e-03,5.2933160247e-01
195.700000,1.0015980894e-03,5.0221824251e-01
195.750000,9.9910495874e-04,4.9726292482e-01
195.800000,1.0000472091e-03,5.0105542342e-01
195.850000,1.0017718091e-03,5.8247181728e-01
195.900000,1.0004763964e-03,5.2712957759e-01
195.950000,9.9976254452e-04,5.3246432607e-01
196.000000,9.9888393405e-04,5.2531901273e-01
196.050000,9.9937023998e-04,5.5052403011e-01
196.100000,9.9917179144e-04,5.5377346774e-01
196.150000,1.0000933093e-03,5.4978428153e-01
196.200000,1.0012512727e-03,5.9131256398e-01
196.250000,1.0006007573e-03,5.2515451113e-01
196.300000,9.9780967994e-04,5.7133127674e-01
196.350000,9.9976456617e-04,5.5069335491e-01
196.400000,1.0001195105e-03,5.4725652242e-01
196.450000,9.9980298955e-04,5.7798164669e-01
196.500000,1.0017312781e-03,5.4941967989e-01
196.550000,1.0009275902e-03,5.7677659890e-01
196.600000,1.0001759864e-03,5.4491618301e-01
196.650000,1.0008487245e-03,6.0656050201e-01
196.700000,9.9889528638e-04,5.2420122032e-01
196.750000,1.0008426719e-03,5.2918243706e-01
196.800000,9.9823025856e-04,5.3664832365e-01
196.850000,1.0005902820e-03,5.4524248791e-01
196.900000,9.9982197680e-04,5.7237060594e-01
196.950000,9.9916944514e-04,5.5662718419e-01
197.000000,9.9941135743e-04,5.7008023760e-01
197.050000,1.0015264966e-03,5.3564036184e-01
197.100000,1.0015740600e-03,5.2749834355e-01
197.150000,9.9913549592e-04,5.6478617595e-01
197.200000,9.9883233140e-04,5.2332720478e-01
197.250000,1.0015041333e-03,5.8079974388e-01
197.300000,1.0002784545e-03,5.0657487964e-01
197.350000,1.0008171762e-03,5.6627335474e-01
197.400000,1.0016673287e-03,5.4337362339e-01
197.450000,1.0012541661e-03,5.4311172561e-01
197.500000,9.9958186604e-04,5.2630751011e-01
197.550000,9.9897671034e-04,5.8790679711e-01
197.600000,1.0010797631e-03,5.1926586535e-01
197.650000,9.9910202922e-04,5.0735127452e-01
197.700000,9.9985135330e-04,5.8446764400e-01
197.750000,9.9956454985e-04,5.2532928491e-01
197.800000,9.9850055005e-04,5.3368214050e-01
197.850000,1.0007127014e-03,5.4405919184e-01
197.900000,9.9936360708e-04,5.8267518032e-01
197.950000,9.9894668443e-04,5.6501905399e-01
198.000000,9.9878788194e-04,5.6165724207e-01
198.050000,1.0008731261e-03,4.8569404029e-01
198.100000,9.9957006692e-04,4.9454298236e-01
198.150000,1.0000280152e-03,5.1991377143e-01
198.200000,9.9928900189e-04,5.7330000043e-01
198.250000,9.9947085461e-04,5.3734799735e-01
198.300000,9.9963380397e-04,5.6237162819e-01
198.350000,1.0019227506e-03,5.7077181197e-01
198.400000,9.9944500536e-04,5.7101603276e-01
198.450000,9.9971257511e-04,5.1592317290e-01
198.500000,1.0006545170e-03,5.5867028589e-01
198.550000,9.9868901256e-04,5.2571603276e-01
198.600000,1.0003806109e-03,5.8082831582e-01
198.650000,9.9999053505e-04,5.3961729727e-01
198.700000,1.0021905993e-03,5.5307480712e-01
198.750000,9.9942603813e-04,5.0572608522e-01
198.800000,9.9988705031e-04,5.4323665959e-01
198.850000,1.0010912370e-03,5.7828511223e-01
198.900000,1.0010373959e-03,5.3239846112e-01
198.950000,9.9994721238e-04,5.8522175433e-01
199.000000,9.9887035483e-04,5.3412379702e-01
199.050000,9.9960373871e-04,5.9173682840e-01
199.100000,1.0004601230e-03,5.2422068320e-01
199.150000,1.0009371362e-03,5.3757086300e-01
199.200000,9.9998607451e-04,6.1750906427e-01
199.250000,1.0014861923e-03,6.0829023051e-01
199.300000,9.9994249329e-04,5.9805224628e-01
199.350000,9.9946121171e-04,5.2854622486e-01
199.400000,1.0002037806e-03,5.8012877886e-01
199.450000,9.9913441326e-04,5.7152550431e-01
199.500000,1.0000117923e-03,5.8098431739e-01
199.550000,1.0001506214e-03,5.5029189953e-01
199.600000,9.9913225347e-04,5.5221176880e-01
199.650000,9.9849246228e-04,4.9911416231e-01
199.700000,1.0001800432e-03,5.0735631376e-01
199.750000,9.9944420729e-04,5.7270973863e-01
199.800000,1.0004765171e-03,5.0455579551e-01
199.850000,1.0010110050e-03,5.4894584610e-01
199.900000,9.9920218925e-04,5.1682408914e-01
199.950000,9.9895686204e-04,5.8069279678e-01
200.000000,1.0006150090e-03,5.5762837332e-01
200.050000,9.9799466022e-04,5.5470095884e-01
200.100000,9.9875596869e-04,5.9723827615e-01
200.150000,1.0006209944e-03,5.5144001188e-01
200.200000,1.0002277479e-03,5.8660735258e-01
200.250000,9.9978221020e-04,5.7182065808e-01
200.300000,1.0001951538e-03,5.7344438649e-01
200.350000,9.9937149352e-04,5.0801199656e-01
200.400000,1.0001998460e-03,5.7564733650e-01
200.450000,1.0003656875e-03,5.2123479137e-01
200.500000,1.0001105526e-03,5.4626768072e-01
200.550000,9.9855214313e-04,5.5019812609e-01
200.600000,9.9997564740e-04,5.1147525715e-01
200.650000,9.9924775714e-04,5.7521083825e-01
200.700000,9.9980694142e-04,5.5065323956e-01
200.750000,9.9822622044e-04,5.7087617468e-01
200.800000,1.0009954035e-03,5.4893650325e-01
200.850000,1.0011009519e-03,5.2545268127e-01
200.900000,1.0020767286e-03,5.7434803346e-01
200.950000,9.9960679482e-04,5.6024539775e-01
201.000000,9.9827302446e-04,5.8567445922e-01
201.050000,9.9951524334e-04,5.3531956581e-01
201.100000,1.0003091823e-03,5.1286650192e-01
201.150000,1.0014385799e-03,5.8890751677e-01
201.200000,9.9912940479e-04,5.2071183851e-01
201.250000,9.9953693409e-04,5.4745474475e-01
201.300000,1.0000154839e-03,5.7451925093e-01
201.350000,9.9969228209e-04,5.3100596022e-01
201.400000,1.0000502100e-03,5.7404979814e-01
201.450000,9.9913871226e-04,5.2858609000e-01
201.500000,9.9947299791e-04,5.8092070007e-01
201.550000,9.9979929346e-04,5.4882476191e-01
201.600000,9.9895160828e-04,5.0725957114e-01
201.650000,9.9993944503e-04,5.4073781863e-01
201.700000,9.9911937794e-04,5.7932831818e-01
201.750000,1.0006066786e-03,5.4380460740e-01
201.800000,9.9900815889e-04,5.0498955808e-01
201.850000,9.9921482099e-04,5.7154180259e-01
201.900000,9.9897592018e-04,5.5462430540e-01
201.950000,9.9948463260e-04,5.3252504073e-01
202.000000,9.9975738308e-04,5.2700186574e-01
202.050000,9.9995026852e-04,5.3400927909e-01
202.100000,1.0002434027e-03,5.3644214651e-01
202.150000,1.0004245981e-03,5.5087658828e-01
202.200000,9.9830655040e-04,5.8031508343e-01
202.250000,9.9989972882e-04,5.3508527377e-01
202.300000,9.9934046894e-04,5.4506991680e-01
202.350000,9.9895343649e-04,5.0731431884e-01
202.400000,1.0006113560e-03,5.8237317818e-01
202.450000,1.0000869054e-03,6.0108975483e-01
202.500000,1.0004827513e-03,5.7767043769e-01
202.550000,1.0015103610e-03,5.0799726768e-01
202.600000,1.0002037199e-03,5.0983614932e-01
202.650000,1.0003824624e-03,5.3009607970e-01
202.700000,9.9807429727e-04,5.6752751995e-01
202.750000,1.0001266998e-03,5.0478578824e-01
202.800000,9.9962503966e-04,5.7061631439e-01
202.850000,1.0011378122e-03,5.7030772835e-01
202.900000,9.9992825743e-04,5.4058207253e-01
202.950000,9.9762063548e-04,5.5561883557e-01
203.000000,1.0009196609e-03,5.0098397714e-01
203.050000,1.0003206649e-03,5.7815281111e-01
203.100000,1.0004311794e-03,5.2004345518e-01
203.150000,9.9924327163e-04,5.2270459972e-01
203.200000,1.0003060089e-03,5.5292113146e-01
203.250000,1.0003995970e-03,5.8367938615e-01
203.300000,9.9864836029e-04,5.9761660000e-01
203.350000,9.9945352776e-04,5.6353776826e-01
203.400000,9.9867492009e-04,5.0060696330e-01
203.450000,9.9999341173e-04,5.6652791647e-01
203.500000,1.0004894638e-03,5.7881913310e-01
203.550000,9.9865426334e-04,5.6448793078e-01
203.600000,9.9987166187e-04,5.3888781439e-01
203.650000,1.0005674990e-03,5.3398694665e-01
203.700000,9.9852458988e-04,5.6992633447e-01
203.750000,9.9921189395e-04,5.5381347824e-01
203.800000,9.9777110899e-04,5.8897348032e-01
203.850000,1.0000556403e-03,5.2594238680e-01
203.900000,1.0011153794e-03,5.2716101393e-01
203.950000,9.9800134745e-04,5.6621624850e-01
204.000000,1.0044311605e-03,5.4364530710e-01
204.050000,9.9888130988e-04,5.2565128971e-01
204.100000,1.0001962438e-03,5.2606621905e-01
204.150000,9.9843614378e-04,5.4197007123e-01
204.200000,9.9871544065e-04,5.4974967748e-01
204.250000,9.9956786171e-04,5.4526909188e-01
204.300000,1.0010786538e-03,5.8670684035e-01
204.350000,1.0008445791e-03,5.6160879588e-01
204.400000,9.9996454859e-04,5.1853480950e-01
204.450000,1.0006494119e-03,5.6792923378e-01
204.500000,9.9840009502e-04,5.9622582009e-01
204.550000,1.0003324991e-03,5.0629058918e-01
204.600000,1.0001980392e-03,5.6335033627e-01
204.650000,1.0006838960e-03,5.2944433529e-01
204.700000,9.9992024533e-04,5.8816525924e-01
204.750000,1.0007849272e-03,5.6140978533e-01
204.800000,1.0002897038e-03,5.5237775579e-01
204.850000,9.9922945376e-04,5.2034743348e-01
204.900000,1.0006317557e-03,5.4599067135e-01
204.950000,9.9877864188e-04,5.6787228648e-01
205.000000,1.0001733755e-03,5.6869048571e-01
205.050000,1.0010808267e-03,5.3771966238e-01
205.100000,1.0004098915e-03,5.7929778734e-01
205.150000,9.9974437466e-04,5.1469438731e-01
205.200000,1.0001011362e-03,5.3436046695e-01
205.250000,1.0017129856e-03,5.7085833278e-01
205.300000,1.0003157751e-03,5.4168416555e-01
205.350000,1.0012442109e-03,5.3651622808e-01
205.400000,9.9959062650e-04,5.5393974158e-01
205.450000,9.9846696238e-04,5.1068217022e-01
205.500000,9.9851013902e-04,5.8930860762e-01
205.550000,9.9816649972e-04,5.7188809783e-01
205.600000,9.9937567847e-04,5.0791420387e-01
205.650000,9.9970561297e-04,5.4607432662e-01
205.700000,1.0001034624e-03,5.3618789523e-01
205.750000,1.0004519990e-03,5.6219818531e-01
205.800000,9.9933782659e-04,5.3629931574e-01
205.850000,1.0008241924e-03,5.5257114158e-01
205.900000,1.0003029418e-03,5.2755915485e-01
205.950000,1.0002669366e-03,5.5184395902e-01
206.000000,1.0000804518e-03,5.5435844618e-01
206.050000,9.9997488980e-04,5.2202076350e-01
206.100000,1.0003642128e-03,5.3413163943e-01
206.150000,9.9789370848e-04,5.1481953069e-01
206.200000,9.9935601371e-04,5.4819611494e-01
206.250000,1.0008539823e-03,5.2880546639e-01
206.300000,9.9871363009e-04,5.2795040603e-01
206.350000,1.0002081636e-03,5.1050610364e-01
206.400000,1.0006919081e-03,5.8551693151e-01
206.450000,9.9984071644e-04,5.5142927428e-01
206.500000,9.9988006881e-04,5.3291011613e-01
206.550000,1.0008059506e-03,5.9373972724e-01
206.600000,9.9927780292e-04,4.8853733111e-01
206.650000,1.0007349378e-03,5.8515495342e-01
206.700000,1.0006334740e-03,5.8093185087e-01
206.750000,1.0000840339e-03,5.8089461131e-01
206.800000,1.0006830323e-03,6.0330305342e-01
206.850000,9.9756661204e-04,5.4135416797e-01
206.900000,1.0011119166e-03,5.3548345306e-01
206.950000,9.9955226551e-04,5.5165463387e-01
207.000000,1.0003261220e-03,6.2847074016e-01
207.050000,9.9908172196e-04,5.0082941719e-01
207.100000,9.9946715496e-04,5.2476068260e-01
207.150000,9.9879012452e-04,4.8371598078e-01
207.200000,1.0001298927e-03,5.3116952844e-01
207.250000,1.0011065587e-03,5.6784760584e-01
207.300000,9.9967799973e-04,5.3210067083e-01
207.350000,9.9851999214e-04,5.1588680901e-01
207.400000,9.9989590918e-04,5.3043098641e-01
207.450000,1.0004510031e-03,5.4673580157e-01
207.500000,9.9872502113e-04,5.8055282380e-01
207.550000,1.0011311890e-03,5.1690619738e-01
207.600000,9.9777486808e-04,5.0587794389e-01
207.650000,1.0004095127e-03,5.1947773630e-01
207.700000,1.0011888480e-03,5.4787287893e-01
207.750000,9.9911253537e-04,5.3136027738e-01
207.800000,1.0020487855e-03,5.3544671453e-01
207.850000,9.9961585648e-04,5.4251312970e-01
207.900000,1.0014808203e-03,5.8399687130e-01
207.950000,9.9930389326e-04,5.1565325533e-01
208.000000,1.0007880316e-03,5.8476893917e-01
208.050000,1.0004349179e-03,6.0558609108e-01
208.100000,1.0010753060e-03,5.4769849740e-01
208.150000,9.9925359383e-04,5.6367226262e-01
208.200000,9.9826002915e-04,5.2660867197e-01
208.250000,9.9947359168e-04,5.4296829559e-01
208.300000,9.9976920350e-04,5.3443292845e-01
208.350000,1.0001175547e-03,4.7299925467e-01
208.400000,1.0007823721e-03,5.5574265485e-01
208.450000,9.9984335027e-04,5.4126184996e-01
208.500000,1.0002122097e-03,5.5141392621e-01
208.550000,9.9942714016e-04,5.7002619502e-01
208.600000,1.0014236023e-03,5.3438943516e-01
208.650000,1.0009900986e-03,5.3150188845e-01
208.700000,9.9849194139e-04,5.3547635255e-01
208.750000,1.0018936330e-03,5.4712452886e-01
208.800000,9.9954403054e-04,5.1747623489e-01
208.850000,9.9874128339e-04,5.1212732498e-01
208.900000,1.0007807926e-03,5.4425841477e-01
208.950000,9.9889996882e-04,5.5143559706e-01
209.000000,9.9864153615e-04,5.6720527827e-01
209.050000,1.0007303657e-03,5.8390077360e-01
209.100000,1.0019026999e-03,5.5882634764e-01
209.150000,9.9965653713e-04,5.1182058203e-01
209.200000,1.0012181519e-03,5.7307045041e-01
209.250000,9.9891709937e-04,5.8614402904e-01
209.300000,1.0019152414e-03,5.5660896220e-01
209.350000,1.0003117589e-03,5.4634385449e-01
209.400000,1.0011217814e-03,5.7393318194e-01
209.450000,9.9934674200e-04,5.9187300375e-01
209.500000,1.0009268649e-03,5.8425261186e-01
209.550000,9.9847224644e-04,5.3894285277e-01
209.600000,9.9921768462e-04,5.2644183398e-01
209.650000,1.0003700316e-03,5.6160269095e-01
209.700000,1.0018302266e-03,5.5807750861e-01
209.750000,1.0005207409e-03,5.1670440175e-01
209.800000,1.0009032780e-03,5.5333130108e-01
209.850000,9.9987093295e-04,5.1409314230e-01
209.900000,1.0006472368e-03,5.8790270447e-01
209.950000,9.9942681638e-04,5.2936976716e-01
210.000000,9.9964474140e-04,5.2374226762e-01
210.050000,1.0007240632e-03,5.5378219122e-01
210.100000,1.0012761720e-03,5.0714734625e-01
210.150000,1.0031073237e-03,5.0936025506e-01
210.200000,1.0003290168e-03,5.6935277496e-01
210.250000,1.0005130693e-03,5.4988369481e-01
210.300000,9.9982177409e-04,5.2167406144e-01
210.350000,1.0014006339e-03,5.4028746206e-01
210.400000,1.0007540467e-03,5.3023569151e-01
210.450000,1.0018602399e-03,6.2511288544e-01
210.500000,9.9962588864e-04,5.4682689180e-01
210.550000,9.9900344435e-04,5.4140506387e-01
210.600000,9.9767947693e-04,5.5689979203e-01
210.650000,9.9851374848e-04,5.1494646617e-01
210.700000,9.9932983977e-04,5.4620710940e-01
210.750000,9.9962358247e-04,5.3415294711e-01
210.800000,1.0000488264e-03,5.8503682741e-01
210.850000,9.9962519340e-04,5.4460194790e-01
210.900000,9.9938964327e-04,5.3450297132e-01
210.950000,1.0000314954e-03,5.0224569693e-01
211.000000,9.9970187790e-04,5.5907986875e-01
211.050000,1.0002395733e-03,5.1375512724e-01
211.100000,1.0015173848e-03,5.1881325156e-01
211.150000,1.0012065554e-03,5.2204306192e-01
211.200000,9.9906151369e-04,5.1767754386e-01
211.250000,1.0007925733e-03,5.3716493557e-01
211.300000,9.9835950817e-04,5.3778428026e-01
211.350000,9.9958659222e-04,5.5355937988e-01
211.400000,1.0004224041e-03,5.3647871372e-01
211.450000,1.0012587706e-03,5.0970660925e-01
211.500000,9.9965113527e-04,5.2536705416e-01
211.550000,1.0000392207e-03,5.6832150165e-01
211.600000,1.0002426690e-03,5.7617780535e-01
211.650000,9.9937810522e-04,5.0412520197e-01
211.700000,1.0002554683e-03,4.9246416417e-01
211.750000,9.9761787395e-04,5.3385195757e-01
211.800000,1.0003784241e-03,5.3204658920e-01
211.850000,9.9933668258e-04,5.1958295047e-01
211.900000,1.0020865686e-03,5.8658706558e-01
211.950000,9.9867009395e-04,5.2983584369e-01
212.000000,9.9926824209e-04,5.8535839079e-01
212.050000,1.0019835521e-03,6.0976761069e-01
212.100000,1.0031038694e-03,5.4620211076e-01
212.150000,9.9880258258e-04,5.4933913841e-01
212.200000,1.0001027898e-03,5.1000749953e-01
212.250000,1.0014358195e-03,5.6198226513e-01
212.300000,9.9996347391e-04,5.2373055860e-01
212.350000,9.9941336123e-04,5.7783764550e-01
212.400000,1.0008407612e-03,5.5822485282e-01
212.450000,1.0012241969e-03,5.4036488604e-01
212.500000,9.9866940692e-04,5.3295892645e-01
212.550000,9.9933844926e-04,5.4939564608e-01
212.600000,9.9918177948e-04,5.7458430099e-01
212.650000,9.9908399726e-04,5.6215217984e-01
212.700000,9.9981653920e-04,5.5180242099e-01
212.750000,1.0001265543e-03,5.7836263423e-01
212.800000,1.0007162563e-03,5.0559733931e-01
212.850000,9.9834291865e-04,5.3592091829e-01
212.900000,1.0001852320e-03,5.1059815789e-01
212.950000,9.9934428184e-04,5.3632057701e-01
213.000000,9.9926220358e-04,5.4258392463e-01
213.050000,1.0010252803e-03,5.4233439263e-01
213.100000,1.0000679236e-03,5.9155959026e-01
213.150000,1.0000771420e-03,5.8205332516e-01
213.200000,9.9901169715e-04,5.7296628694e-01
213.250000,1.0002847550e-03,5.7641520611e-01
213.300000,9.9883014291e-04,5.5615574769e-01
213.350000,1.0014774213e-03,5.3677963712e-01
213.400000,9.9800908549e-04,5.3041316305e-01
213.450000,9.9982919284e-04,5.5590428969e-01
213.500000,9.9990777699e-04,5.7571892273e-01
213.550000,9.9934964968e-04,5.1885892775e-01
213.600000,1.0016661093e-03,5.2873117593e-01
213.650000,9.9975720163e-04,5.7322575407e-01
213.700000,9.9954534785e-04,4.8924060834e-01
213.750000,9.9893423505e-04,5.6169787400e-01
213.800000,9.9958193874e-04,5.4898835250e-01
213.850000,1.0007351402e-03,5.3668852458e-01
213.900000,9.9803392068e-04,5.4776531981e-01
213.950000,1.0011499664e-03,5.4690609165e-01
214.000000,9.9936588095e-04,5.3861646815e-01
214.050000,1.0020319355e-03,5.3607061843e-01
214.100000,9.9973119478e-04,5.5162209777e-01
214.150000,9.9891574017e-04,5.7012387709e-01
214.200000,9.9917054272e-04,5.8943342900e-01
214.250000,9.9846546742e-04,5.1043821911e-01
214.300000,9.9912511565e-04,5.2692076344e-01
214.350000,9.9929108518e-04,5.6719166538e-01
214.400000,9.9909042987e-04,5.8559072444e-01
214.450000,1.0000055183e-03,5.5082126228e-01
214.500000,9.9924791553e-04,5.6157785920e-01
214.550000,1.0005646157e-03,5.4737391739e-01
214.600000,1.0013906379e-03,5.7235790222e-01
214.650000,9.9867124024e-04,5.0155182779e-01
214.700000,1.0007705066e-03,5.7178238612e-01
214.750000,9.9728348486e-04,5.8578271002e-01
214.800000,9.9984455875e-04,5.0422737617e-01
214.850000,9.9953065331e-04,5.7614593895e-01
214.900000,9.9930302242e-04,5.6861031669e-01
214.950000,9.9988214125e-04,5.3151040747e-01
215.000000,1.0010492241e-03,5.4722066146e-01
215.050000,1.0006821403e-03,5.4652123832e-01
215.100000,1.0000003819e-03,5.6072974415e-01
215.150000,1.0011849116e-03,4.6000584632e-01
215.200000,9.9949580410e-04,5.2196796448e-01
215.250000,9.9880374720e-04,5.2199699617e-01
215.300000,9.9894725741e-04,5.4456174318e-01
215.350000,9.9951647584e-04,5.2352047295e-01
215.400000,1.0009375244e-03,5.4707388952e-01
215.450000,9.9867443617e-04,5.3233977359e-01
215.500000,9.9991788030e-04,5.2216171722e-01
215.550000,1.0014285281e-03,5.5432131197e-01
215.600000,9.9933149619e-04,5.3005384752e-01
215.650000,9.9969860945e-04,5.2476949443e-01
215.700000,1.0003092039e-03,5.0827220037e-01
215.750000,1.0004277871e-03,5.4366348984e-01
215.800000,9.9870981461e-04,5.3123840600e-01
215.850000,1.0002349378e-03,5.5331959200e-01
215.900000,1.0011840158e-03,5.1603738947e-01
215.950000,9.9849054990e-04,5.4681114417e-01
216.000000,1.0004844133e-03,5.1087366638e-01
216.050000,1.0001086491e-03,5.6234122444e-01
216.100000,9.9924931887e-04,5.6046619499e-01
216.150000,1.0023866475e-03,5.8280339053e-01
216.200000,1.0014502865e-03,5.8377758133e-01
216.250000,9.9914188738e-04,5.3458651700e-01
216.300000,9.9966703857e-04,5.3342941281e-01
216.350000,9.9922067953e-04,5.1998490448e-01
216.400000,1.0014203314e-03,5.3343206633e-01
216.450000,1.0000551467e-03,5.9662815787e-01
216.500000,1.0004977497e-03,5.9747277971e-01
216.550000,1.0017884281e-03,5.2845240721e-01
216.600000,9.9879743626e-04,5.2157088160e-01
216.650000,9.9936258019e-04,5.4803926066e-01
216.700000,9.9955313874e-04,5.1550228480e-01
216.750000,9.9836989038e-04,5.6113388886e-01
216.800000,1.0001492738e-03,5.9839245793e-01
216.850000,1.0008858753e-03,5.3410540548e-01
216.900000,1.0013443493e-03,5.3420466674e-01
216.950000,1.0010616049e-03,5.8098095415e-01
217.000000,1.0004369546e-03,5.3114469309e-01
217.050000,1.0004830871e-03,5.7910647612e-01
217.100000,9.9949024568e-04,5.0707878387e-01
217.150000,9.9887080524e-04,5.6661114262e-01
217.200000,1.0002739217e-03,5.8364809807e-01
217.250000,9.9975766266e-04,5.4365791277e-01
217.300000,9.9837872681e-04,5.3492310231e-01
217.350000,1.0012208022e-03,5.3834049385e-01
217.400000,1.0019202135e-03,5.6055906005e-01
217.450000,1.0008347960e-03,5.2766932783e-01
217.500000,1.0015690476e-03,5.5137262428e-01
217.550000,1.0003796855e-03,5.3082470457e-01
217.600000,9.9758905240e-04,5.4116147436e-01
217.650000,9.9959319592e-04,5.1789292928e-01
217.700000,1.0005214195e-03,5.1157747303e-01
217.750000,1.0015592332e-03,5.6952035247e-01
217.800000,1.0003868467e-03,5.6783668173e-01
217.850000,9.9949934316e-04,5.9598252791e-01
217.900000,9.9933116301e-04,5.3099643242e-01
217.950000,9.9828997116e-04,5.0147726423e-01
218.000000,9.9926693264e-04,5.1841924899e-01
218.050000,9.9948528261e-04,5.5960770418e-01
218.100000,9.9948218294e-04,5.1646015378e-01
218.150000,1.0007012686e-03,4.8928973941e-01
218.200000,1.0009813837e-03,4.8947356752e-01
218.250000,1.0000472963e-03,5.2000531739e-01
218.300000,1.0000791896e-03,5.1961820007e-01
218.350000,9.9899917048e-04,5.3248080657e-01
218.400000,9.9975483232e-04,5.4035641794e-01
218.450000,1.0002253785e-03,5.6917870359e-01
218.500000,1.0031770332e-03,5.5975972540e-01
218.550000,1.0015448880e-03,5.0801966845e-01
218.600000,1.0022382608e-03,5.3960298081e-01
218.650000,9.9974829838e-04,5.4789795096e-01
218.700000,9.9985383197e-04,5.5411279314e-01
218.750000,9.9981733609e-04,5.5743924372e-01
218.800000,1.0006295990e-03,5.1424610865e-01
218.850000,1.0008734789e-03,5.3078129583e-01
218.900000,9.9916586622e-04,5.3918960093e-01
218.950000,1.0017952905e-03,5.4385454349e-01
219.000000,9.9942835025e-04,5.5554502578e-01
219.050000,1.0001011311e-03,5.6760562708e-01
219.100000,9.9968895710e-04,5.0969766885e-01
219.150000,9.9879811370e-04,5.0866439125e-01
219.200000,9.9994205792e-04,5.8410910806e-01
219.250000,9.9865321085e-04,5.4448755273e-01
219.300000,9.9993044517e-04,5.2944069525e-01
219.350000,1.0012332683e-03,5.4836777468e-01
219.400000,9.9853035858e-04,5.4143977913e-01
219.450000,1.0002861298e-03,5.6031193927e-01
219.500000,9.9981461687e-04,5.4763814262e-01
219.550000,9.9868718724e-04,5.7796066913e-01
219.600000,1.0008115804e-03,5.9644826915e-01
219.650000,1.0008794077e-03,5.4905799745e-01
219.700000,9.9989299970e-04,5.5620344917e-01
219.750000,9.9899961767e-04,5.1482122894e-01
219.800000,9.9946740898e-04,5.5743109493e-01
219.850000,1.0004034383e-03,4.8784236980e-01
219.900000,9.9938076097e-04,5.3302554412e-01
219.950000,1.0001178831e-03,5.0916864267e-01
220.000000,9.9908974779e-04,6.0770379606e-01
220.050000,9.9985680311e-04,5.3529125818e-01
220.100000,9.9983372836e-04,5.8273508325e-01
220.150000,1.0005459523e-03,5.3272964684e-01
220.200000,9.9946403267e-04,5.4745088086e-01
220.250000,9.9943846923e-04,5.5015401101e-01
220.300000,9.9989989312e-04,5.1516889121e-01
220.350000,9.9886826912e-04,5.1077063514e-01
220.400000,1.0009133137e-03,5.2211274197e-01
220.450000,9.9877952524e-04,5.3889454259e-01
220.500000,9.9983290476e-04,5.5434365760e-01
220.550000,1.0008911160e-03,5.7956154006e-01
220.600000,1.0003975141e-03,5.6934913331e-01
220.650000,9.9926495628e-04,5.6655869098e-01
220.700000,1.0008826764e-03,5.2235486776e-01
220.750000,9.9981936686e-04,5.4920704673e-01
220.800000,9.9993832522e-04,5.2244285140e-01
220.850000,9.9979296031e-04,5.3392444311e-01
220.900000,1.0000660953e-03,5.4816100080e-01
220.950000,9.9920673516e-04,5.4267089620e-01
221.000000,9.9904256207e-04,5.3480354190e-01
221.050000,9.9909034675e-04,5.3552333260e-01
221.100000,1.0000059188e-03,5.3584466060e-01
221.150000,9.9774726297e-04,5.6052437860e-01
221.200000,9.9934082277e-04,5.4620740632e-01
221.250000,9.9959473984e-04,5.6311644704e-01
221.300000,1.0007655256e-03,5.7829044929e-01
221.350000,1.0006861950e-03,5.5161836366e-01
221.400000,1.0004485831e-03,5.8810366280e-01
221.450000,1.0003058424e-03,5.6349461507e-01
221.500000,9.9959183900e-04,5.3075491110e-01
221.550000,1.0009841961e-03,5.1962339578e-01
221.600000,1.0000851817e-03,5.5798407800e-01
221.650000,9.9991473816e-04,5.5885472705e-01
221.700000,9.9916307028e-04,5.2924155057e-01
221.750000,1.0000060831e-03,5.5424381126e-01
221.800000,9.9886109551e-04,5.6762674740e-01
221.850000,1.0006160093e-03,5.0752693286e-01
221.900000,1.0013762407e-03,5.5137524334e-01
221.950000,9.9915552526e-04,5.4098231092e-01
222.000000,1.0009090522e-03,5.2753175156e-01
222.050000,9.9870013118e-04,5.2633953019e-01
222.100000,1.0005809666e-03,5.3200760213e-01
222.150000,1.0001401585e-03,5.6522876977e-01
222.200000,9.9995126512e-04,5.4605588151e-01
222.250000,1.0005857854e-03,5.3323897356e-01
222.300000,1.0003630325e-03,5.4156770596e-01
222.350000,9.9913609373e-04,5.1632623843e-01
222.400000,1.0001830754e-03,5.7592178938e-01
222.450000,1.0013942674e-03,5.1221448064e-01
222.500000,1.0001058963e-03,5.1120654191e-01
222.550000,1.0006405088e-03,5.5821455305e-01
222.600000,1.0023185443e-03,5.5507926263e-01
222.650000,9.9895209376e-04,5.4025066760e-01
222.700000,1.0000676472e-03,5.7442707331e-01
222.750000,9.9968258331e-04,5.3885563583e-01
222.800000,1.0012953384e-03,5.5639554127e-01
222.850000,9.9985457529e-04,5.3305467133e-01
222.900000,1.0001276991e-03,5.7850028772e-01
222.950000,1.0011595608e-03,5.6216642898e-01
223.000000,1.0014360142e-03,5.1127382524e-01
223.050000,9.9976572507e-04,5.4579917907e-01
223.100000,1.0004296336e-03,5.4360119522e-01
223.150000,1.0019049181e-03,5.7745378108e-01
223.200000,1.0010175918e-03,5.3129868334e-01
223.250000,1.0014979059e-03,5.3355343827e-01
223.300000,9.9978180848e-04,5.7446439132e-01
223.350000,1.0019056094e-03,5.5087583501e-01
223.400000,1.0007388102e-03,5.0130190763e-01
223.450000,9.9913923809e-04,5.3342564710e-01
223.500000,9.9921135709e-04,5.8031000719e-01
223.550000,9.9858113141e-04,5.4229197726e-01
223.600000,1.0006174841e-03,5.1899149278e-01
223.650000,9.9948085715e-04,5.7050286507e-01
223.700000,9.9821738351e-04,5.3083576550e-01
223.750000,1.0003278064e-03,5.6304511157e-01
223.800000,1.0006145872e-03,5.7180943023e-01
223.850000,9.9931566103e-04,5.1259768726e-01
223.900000,1.0001223919e-03,5.4945936463e-01
223.950000,1.0008100193e-03,5.3574456289e-01
224.000000,9.9962251363e-04,5.2102605764e-01
224.050000,9.9888276491e-04,5.4295487443e-01
224.100000,9.9960053253e-04,5.5298754178e-01
224.150000,1.0007213173e-03,5.2989661639e-01
224.200000,9.9938482656e-04,5.6132573370e-01
224.250000,9.9901061014e-04,5.6587688824e-01
224.300000,9.9811629381e-04,5.0099870457e-01
224.350000,9.9897179807e-04,6.1106897076e-01
224.400000,9.9868603510e-04,5.4508448445e-01
224.450000,9.9908134097e-04,6.0317538300e-01
224.500000,9.9995640127e-04,5.0509064777e-01
224.550000,9.9942407226e-04,5.6247835653e-01
224.600000,9.9865969475e-04,5.1979800401e-01
224.650000,1.0002771535e-03,5.5959383867e-01
224.700000,1.0003073637e-03,5.1894493549e-01
224.750000,1.0011174328e-03,5.6819489528e-01
224.800000,1.0004692615e-03,5.2433885967e-01
224.850000,1.0000206092e-03,5.3888175827e-01
224.900000,1.0017571099e-03,5.2213383383e-01
224.950000,9.9909194340e-04,6.1050903480e-01
225.000000,1.0002362212e-03,5.6949218583e-01
225.050000,1.0007843489e-03,5.3239331441e-01
225.100000,1.0004546922e-03,5.5882314833e-01
225.150000,1.0001520170e-03,5.3250059622e-01
225.200000,9.9939462180e-04,5.6706473014e-01
225.250000,9.9899262364e-04,6.0778318410e-01
225.300000,1.0002541899e-03,5.5102815154e-01
225.350000,1.0004243421e-03,5.1389284444e-01
225.400000,9.9968165175e-04,5.7290245717e-01
225.450000,1.0017782010e-03,5.3217717210e-01
225.500000,1.0006088668e-03,5.1655325874e-01
225.550000,9.9974984928e-04,5.6674826972e-01
225.600000,9.9848373536e-04,5.2204046853e-01
225.650000,9.9898156204e-04,5.9089605132e-01
225.700000,1.0004925194e-03,4.9597008806e-01
225.750000,9.9920282679e-04,5.2539145731e-01
225.800000,1.0010712926e-03,5.6645954507e-01
225.850000,9.9922859500e-04,5.7316114271e-01
225.900000,1.0010382855e-03,5.2992133659e-01
225.950000,9.9924119436e-04,5.3355840531e-01
226.000000,1.0004974708e-03,5.4113592195e-01
226.050000,9.9917169164e-04,5.5915289044e-01
226.100000,9.9919276920e-04,5.4619724104e-01
226.150000,9.9923894231e-04,5.5856137913e-01
226.200000,1.0011382495e-03,5.5519602996e-01
226.250000,1.0001918440e-03,5.4977425075e-01
226.300000,1.0006567377e-03,5.5162393099e-01
226.350000,1.0006504335e-03,5.6317084035e-01
226.400000,1.0017551995e-03,5.6958993432e-01
226.450000,9.9989475881e-04,5.2860153095e-01
226.500000,9.9921095716e-04,5.2717821865e-01
226.550000,9.9972376743e-04,5.4677140458e-01
226.600000,9.9968092948e-04,5.4738056163e-01
226.650000,9.9911582164e-04,5.9073731717e-01
226.700000,9.9975491466e-04,6.0142490916e-01
226.750000,1.0006892032e-03,5.4861486571e-01
226.800000,9.9934471846e-04,5.6299743625e-01
226.850000,1.0006735364e-03,5.7772664893e-01
226.900000,1.0011054797e-03,5.7034680629e-01
226.950000,1.0001468562e-03,4.9473044982e-01
227.000000,1.0007147559e-03,5.6239849702e-01
227.050000,1.0005553457e-03,5.3847512560e-01
227.100000,9.9990402938e-04,5.5237027366e-01
227.150000,1.0001437626e-03,5.2886166102e-01
227.200000,1.0002427374e-03,5.3271007090e-01
227.250000,1.0004741683e-03,5.8005323238e-01
227.300000,9.9934407614e-04,5.6499366316e-01
227.350000,9.9959288772e-04,5.6450407345e-01
227.400000,9.9899524699e-04,5.4245716070e-01
227.450000,9.9913437953e-04,5.5357297529e-01
227.500000,9.9832327254e-04,6.0344689714e-01
227.550000,1.0007315225e-03,5.2528653566e-01
227.600000,1.0000285383e-03,5.5380947444e-01
227.650000,9.9944647275e-04,5.4286192345e-01
227.700000,9.9985235961e-04,5.5521719882e-01
227.750000,1.0010826787e-03,5.1539974189e-01
227.800000,9.9991130299e-04,5.1929020305e-01
227.850000,9.9944404923e-04,5.7508236300e-01
227.900000,9.9972122805e-04,5.4944004974e-01
227.950000,1.0004141096e-03,5.1422322845e-01
228.000000,1.0002299451e-03,6.0146314683e-01
228.050000,1.0008485583e-03,5.1513199327e-01
228.100000,9.9778036781e-04,5.7432984622e-01
228.150000,9.9930494278e-04,5.6384935645e-01
228.200000,1.0006560238e-03,5.3650742385e-01
228.250000,1.0016671689e-03,5.3752634599e-01
228.300000,1.0000920845e-03,5.6772048600e-01
228.350000,1.0005499835e-03,5.7991340201e-01
228.400000,1.0001014496e-03,5.7202226403e-01
228.450000,9.9982477287e-04,5.5064252067e-01
228.500000,1.0000914520e-03,5.9948837303e-01
228.550000,1.0013357179e-03,5.1712571333e-01
228.600000,1.0005972443e-03,5.3149874331e-01
228.650000,9.9946019273e-04,5.4296923753e-01
228.700000,9.9957436102e-04,5.5012075009e-01
228.750000,1.0001243209e-03,5.6632708654e-01
228.800000,9.9858130485e-04,5.3096327115e-01
228.850000,9.9913412744e-04,5.3378955584e-01
228.900000,9.9899944649e-04,5.5982993352e-01
228.950000,9.9970631510e-04,5.5807787465e-01
229.000000,1.0009792159e-03,5.4532828470e-01
229.050000,9.9943799474e-04,5.2921403079e-01
229.100000,1.0002506859e-03,5.3835317283e-01
229.150000,1.0010431448e-03,5.4111005489e-01
229.200000,1.0000614939e-03,5.7380522613e-01
229.250000,9.9854505594e-04,6.0969184081e-01
229.300000,1.0004056841e-03,5.5875174779e-01
229.350000,9.9870573990e-04,5.5941174735e-01
229.400000,1.0000390657e-03,5.4896282907e-01
229.450000,9.9899670844e-04,5.5257656412e-01
229.500000,1.0015843927e-03,5.5122055315e-01
229.550000,9.9978574035e-04,5.4694811481e-01
229.600000,9.9921655158e-04,5.3520543541e-01
229.650000,9.9876843852e-04,5.3797999039e-01
229.700000,1.0028802535e-03,5.6290499326e-01
229.750000,9.9832583593e-04,5.7506964967e-01
229.800000,1.0001490001e-03,4.9577564964e-01
229.850000,1.0003817208e-03,5.6505871189e-01
229.900000,9.9914312143e-04,5.5268467036e-01
229.950000,9.9989176571e-04,5.4368145991e-01
230.000000,9.9883296357e-04,5.6598483454e-01
230.050000,9.9942289092e-04,5.5304029664e-01
230.100000,1.0012280718e-03,5.6517508544e-01
230.150000,1.0017434814e-03,5.9544561114e-01
230.200000,9.9936355551e-04,5.2965457589e-01
230.250000,9.9951863849e-04,5.2687184943e-01
230.300000,1.0009886214e-03,5.5443653131e-01
230.350000,1.0002262017e-03,5.6891820373e-01
230.400000,9.9932591763e-04,5.1758592617e-01
230.450000,9.9925252500e-04,5.5185057751e-01
230.500000,1.0004178081e-03,5.4905295088e-01
230.550000,9.9949829135e-04,5.3180578143e-01
230.600000,1.0001976717e-03,5.8791590876e-01
230.650000,9.9897245098e-04,5.4394355685e-01
230.700000,1.0002263993e-03,5.6718289690e-01
230.750000,9.9967949665e-04,5.1664889558e-01
230.800000,1.0026637103e-03,5.6259839436e-01
230.850000,1.0011692609e-03,5.5044195749e-01
230.900000,9.9997097407e-04,5.6137949868e-01
230.950000,9.9984798017e-04,5.4260190110e-01
231.000000,1.0009039087e-03,5.4379976751e-01
231.050000,1.0000382357e-03,5.6014633587e-01
231.100000,1.0011113641e-03,5.6139507897e-01
231.150000,1.0009424851e-03,5.4174902963e-01
231.200000,9.9959420622e-04,5.1557811572e-01
231.250000,1.0018058892e-03,5.7619469996e-01
231.300000,1.0009110435e-03,5.4364394804e-01
231.350000,1.0005422613e-03,4.9150899827e-01
231.400000,9.9911281920e-04,5.3522012310e-01
231.450000,9.9954887174e-04,5.3757665392e-01
231.500000,1.0007118551e-03,5.4551677898e-01
231.550000,9.9977303833e-04,5.8963405474e-01
231.600000,9.9998533794e-04,5.7317243732e-01
231.650000,1.0003015229e-03,5.5228055553e-01
231.700000,1.0014536456e-03,5.5892158981e-01
231.750000,1.0009974076e-03,5.5775022274e-01
231.800000,9.9906220531e-04,5.4860299651e-01
231.850000,1.0001540616e-03,6.0132930817e-01
231.900000,9.9829675511e-04,5.7508759624e-01
231.950000,9.9897179622e-04,5.5313774973e-01
232.000000,9.9927945418e-04,5.1655800337e-01
232.050000,1.0009866445e-03,5.7481089253e-01
232.100000,9.9978922129e-04,5.0659198194e-01
232.150000,9.9658954052e-04,5.6008043988e-01
232.200000,1.0011613031e-03,5.4117849461e-01
232.250000,9.9912976263e-04,5.4136809198e-01
232.300000,9.9915372680e-04,5.5493080708e-01
232.350000,9.9786959230e-04,5.6080825630e-01
232.400000,1.0007856576e-03,5.4359950607e-01
232.450000,1.0013172384e-03,5.1511220580e-01
232.500000,1.0000286908e-03,5.6141991261e-01
232.550000,1.0005229255e-03,5.5737350762e-01
232.600000,1.0018074153e-03,5.1008221666e-01
232.650000,9.9981804949e-04,5.3926942890e-01
232.700000,1.0021103515e-03,5.5614481240e-01
232.750000,1.0016150240e-03,5.5414837410e-01
232.800000,9.9914323512e-04,5.0953342880e-01
232.850000,9.9877822797e-04,5.3184206504e-01
232.900000,9.9924865457e-04,5.1953762077e-01
232.950000,1.0010519678e-03,5.4423857460e-01
233.000000,9.9987047811e-04,5.7986817370e-01
233.050000,9.9783138083e-04,5.6650310844e-01
233.100000,9.9978378298e-04,5.5453105475e-01
233.150000,1.0003170585e-03,5.9201572772e-01
233.200000,1.0000458053e-03,5.6542673301e-01
233.250000,9.9977234902e-04,5.5965941762e-01
233.300000,9.9917977468e-04,5.0739722394e-01
233.350000,9.9870539174e-04,5.2949120653e-01
233.400000,9.9889827348e-04,5.2568377885e-01
233.450000,1.0006255497e-03,5.5629569390e-01
233.500000,9.9870719027e-04,5.3499428373e-01
233.550000,1.0012444310e-03,5.7086500950e-01
233.600000,9.9877182820e-04,5.3907579195e-01
233.650000,1.0030084783e-03,5.9288659699e-01
233.700000,1.0016768391e-03,5.2364148991e-01
233.750000,9.9996259026e-04,5.2681429411e-01
233.800000,9.9929474172e-04,5.5408324121e-01
233.850000,9.9987582012e-04,5.1399535364e-01
233.900000,1.0018587435e-03,5.0443753060e-01
233.950000,1.0001882755e-03,5.4944955297e-01
234.000000,9.9926599933e-04,5.5447011561e-01
234.050000,9.9970158644e-04,5.3663156336e-01
234.100000,9.9897949822e-04,5.6133169602e-01
234.150000,9.9976989868e-04,5.1713836110e-01
234.200000,9.9929253139e-04,5.7450994137e-01
234.250000,1.0020669420e-03,5.8760613647e-01
234.300000,9.9967341241e-04,5.6766802368e-01
234.350000,1.0008033643e-03,5.4278565021e-01
234.400000,9.9914060670e-04,5.3597248735e-01
234.450000,1.0001579734e-03,5.8766987551e-01
234.500000,9.9732778831e-04,5.1269817889e-01
234.550000,1.0004582857e-03,5.2053693196e-01
234.600000,9.9917559857e-04,5.6177883749e-01
234.650000,9.9927226545e-04,5.5856380667e-01
234.700000,9.9903228932e-04,5.4623526868e-01
234.750000,9.9993972935e-04,5.5947368813e-01
234.800000,9.9784276356e-04,5.3039298580e-01
234.850000,1.0005493604e-03,5.0687517980e-01
234.900000,1.0001021945e-03,5.4065332612e-01
234.950000,1.0000496221e-03,5.3289959885e-01
235.000000,9.9959409678e-04,5.3942256515e-01
235.050000,9.9969932916e-04,5.2511016934e-01
235.100000,1.0000484479e-03,5.4369268464e-01
235.150000,1.0013992428e-03,5.2387629078e-01
235.200000,1.0005328397e-03,5.5865167071e-01
235.250000,1.0002026675e-03,5.4737309219e-01
235.300000,9.9972627792e-04,5.4729200964e-01
235.350000,9.9847717018e-04,5.5215793845e-01
235.400000,1.0002923506e-03,5.7960065099e-01
235.450000,1.0003648307e-03,6.4189727498e-01
235.500000,9.9843193120e-04,5.0209678965e-01
235.550000,1.0007658966e-03,5.3880376709e-01
235.600000,9.9800686323e-04,5.7143071962e-01
235.650000,1.0000004252e-03,5.6191324100e-01
235.700000,9.9998275429e-04,5.8528968152e-01
235.750000,1.0020597306e-03,5.1840519383e-01
235.800000,9.9974709897e-04,5.2624627535e-01
235.850000,9.9825728181e-04,5.6584405857e-01
235.900000,9.9961426127e-04,5.5574556894e-01
235.950000,9.9888584155e-04,5.2144357970e-01
236.000000,1.0009020471e-03,5.7442474234e-01
236.050000,9.9927657239e-04,5.1599408227e-01
236.100000,1.0007992402e-03,5.4212721962e-01
236.150000,1.0002937781e-03,5.4895764572e-01
236.200000,1.0005241532e-03,5.9801148524e-01
236.250000,9.9906594395e-04,5.6821010216e-01
236.300000,9.9956679356e-04,5.5229383903e-01
236.350000,1.0004113966e-03,5.5026392850e-01
236.400000,1.0006883439e-03,5.2135457408e-01
236.450000,1.0013141328e-03,5.2166822312e-01
236.500000,9.9948353073e-04,5.6212685278e-01
236.550000,9.9910862112e-04,5.2284502306e-01
236.600000,1.0009600192e-03,5.1844460919e-01
236.650000,9.9897864315e-04,5.5185405363e-01
236.700000,9.9973277617e-04,5.7323174168e-01
236.750000,9.9947706238e-04,5.1671574648e-01
236.800000,9.9986294024e-04,5.6108930663e-01
236.850000,9.9940251749e-04,5.3560161053e-01
236.900000,1.0010054780e-03,5.3055222527e-01
236.950000,1.0001188879e-03,5.2588039899e-01
237.000000,1.0002697246e-03,5.7265354395e-01
237.050000,1.0018972604e-03,5.6606110702e-01
237.100000,9.9966205450e-04,5.7965451844e-01
237.150000,1.0002389316e-03,5.5888274615e-01
237.200000,9.9907531939e-04,5.1739592902e-01
237.250000,9.9937195442e-04,5.8140243389e-01
237.300000,9.9876462401e-04,5.5174391026e-01
237.350000,1.0003849101e-03,5.3004240898e-01
237.400000,1.0011411355e-03,5.0603089062e-01
237.450000,9.9816744165e-04,5.0917036213e-01
237.500000,9.9938422520e-04,5.2839514270e-01
237.550000,1.0022117111e-03,5.5314786666e-01
237.600000,1.0001854819e-03,5.5276890968e-01
237.650000,9.9897255204e-04,5.7241715319e-01
237.700000,1.0002434397e-03,5.5454557801e-01
237.750000,1.0009092089e-03,5.1689612290e-01
237.800000,1.0000552817e-03,5.6377919286e-01
237.850000,1.0007074602e-03,5.5989872787e-01
237.900000,9.9969133022e-04,5.5890580181e-01
237.950000,9.9987386899e-04,5.3843346413e-01
238.000000,1.0007838284e-03,5.4095507232e-01
238.050000,1.0011630877e-03,5.5615058761e-01
238.100000,9.9929835701e-04,5.3751751485e-01
238.150000,9.9983070386e-04,5.5934451780e-01
238.200000,9.9773502490e-04,5.9731239493e-01
238.250000,9.9905544624e-04,5.3742602022e-01
238.300000,9.9907727418e-04,5.2913896465e-01
238.350000,1.0001025921e-03,5.1423082015e-01
238.400000,1.0003060576e-03,5.5176694901e-01
238.450000,1.0005134300e-03,5.3828548876e-01
238.500000,9.9988726641e-04,4.9927790128e-01
238.550000,1.0013937231e-03,5.5159701054e-01
238.600000,1.0018779489e-03,5.4404548830e-01
238.650000,1.0009282064e-03,5.3720378809e-01
238.700000,1.0007731659e-03,5.2897836947e-01
238.750000,9.9986501189e-04,5.4869226293e-01
238.800000,1.0009904490e-03,5.2768932097e-01
238.850000,9.9935645534e-04,5.8553592008e-01
238.900000,1.0007897256e-03,5.1398076319e-01
238.950000,9.9998065722e-04,5.1529552378e-01
239.000000,9.9835089796e-04,5.3033791533e-01
239.050000,1.0007316999e-03,5.8531277791e-01
239.100000,1.0012377151e-03,5.7732494047e-01
239.150000,9.9992808667e-04,4.9027079282e-01
239.200000,1.0002684792e-03,5.3568719578e-01
239.250000,1.0008668544e-03,5.8102845936e-01
239.300000,9.9948469352e-04,5.8076912610e-01
239.350000,9.9770775782e-04,5.3467164742e-01
239.400000,1.0004371839e-03,5.6854881490e-01
239.450000,1.0011507271e-03,5.7183903827e-01
239.500000,9.9855430976e-04,5.8114977187e-01
239.550000,9.9828941288e-04,5.3573577425e-01
239.600000,9.9865469835e-04,6.0401013309e-01
239.650000,9.9984149511e-04,5.9837974514e-01
239.700000,9.9921714992e-04,5.5800756438e-01
239.750000,1.0007341042e-03,5.5962362695e-01
239.800000,1.0014871194e-03,6.0934919305e-01
239.850000,9.9949877386e-04,5.3194806382e-01
239.900000,9.9954595122e-04,5.6743032182e-01
239.950000,1.0000743749e-03,5.8036104046e-01
240.000000,9.9928689285e-04,5.4785274971e-01
240.050000,1.0009420199e-03,6.1198583914e-01
240.100000,9.9959876830e-04,5.5006060477e-01
240.150000,1.0010880939e-03,5.3770958392e-01
240.200000,9.9846901615e-04,5.5750892203e-01
240.250000,9.9947350155e-04,5.5345847681e-01
240.300000,1.0003429243e-03,5.5157682242e-01
240.350000,1.0001858984e-03,5.6366517440e-01
240.400000,1.0015654817e-03,5.2577089650e-01
240.450000,1.0015477437e-03,5.2641390774e-01
240.500000,9.9975978699e-04,5.8325439121e-01
240.550000,9.9837086477e-04,5.4789522499e-01
240.600000,9.9824779192e-04,5.3428040555e-01
240.650000,1.0002813132e-03,5.2285709425e-01
240.700000,9.9975881002e-04,5.5100281420e-01
240.750000,9.9744937496e-04,5.2897369578e-01
240.800000,9.9843301887e-04,5.7168139110e-01
240.850000,9.9783232654e-04,5.4969918302e-01
240.900000,9.9874746481e-04,5.0848807586e-01
240.950000,9.9972252869e-04,5.3978191242e-01
241.000000,9.9966115026e-04,5.0173906653e-01
241.050000,1.0001781801e-03,5.4281381519e-01
241.100000,1.0003734647e-03,5.3179844246e-01
241.150000,9.9964676962e-04,5.4060713284e-01
241.200000,9.9950251793e-04,5.7593046453e-01
241.250000,9.9864113435e-04,5.6507141109e-01
241.300000,9.9972870861e-04,5.2117196589e-01
241.350000,1.0004213679e-03,5.5689563398e-01
241.400000,1.0000632129e-03,5.9378068018e-01
241.450000,1.0014088982e-03,5.8451509937e-01
241.500000,9.9801292746e-04,5.0079730210e-01
241.550000,9.9938975412e-04,5.4478865968e-01
241.600000,1.0007720272e-03,5.6662887193e-01
241.650000,1.0012610641e-03,5.0285455871e-01
241.700000,1.0017793804e-03,5.4095856982e-01
241.750000,9.9816571143e-04,5.3840928114e-01
241.800000,1.0008071258e-03,5.3109393697e-01
241.850000,9.9999999201e-04,5.6467498164e-01
241.900000,9.9930885020e-04,5.8193445886e-01
241.950000,9.9873380957e-04,5.2724767551e-01
242.000000,1.0010154741e-03,5.0923663418e-01
242.050000,9.9942467957e-04,5.6407745534e-01
242.100000,9.9901359706e-04,5.6132112792e-01
242.150000,9.9891480810e-04,5.4081241976e-01
242.200000,1.0009959025e-03,5.5858476477e-01
242.250000,9.9872789046e-04,5.2777273729e-01
242.300000,1.0002385363e-03,5.2863685441e-01
242.350000,9.9897017745e-04,5.5418272152e-01
242.400000,1.0008979386e-03,5.6432257072e-01
242.450000,1.0001408211e-03,5.4818732908e-01
242.500000,1.0012175856e-03,5.1835782590e-01
242.550000,1.0007841571e-03,6.1037100339e-01
242.600000,9.9974021593e-04,5.9571537031e-01
242.650000,9.9995953844e-04,5.3249914528e-01
242.700000,1.0012616535e-03,5.2725979747e-01
242.750000,9.9795542622e-04,5.7679913414e-01
242.800000,9.9963325206e-04,5.4810426278e-01
242.850000,9.9935726342e-04,5.5729143894e-01
242.900000,1.0016815875e-03,5.9141317658e-01
242.950000,1.0001955578e-03,5.2157239915e-01
243.000000,9.9848347252e-04,5.8869125054e-01
243.050000,9.9896881019e-04,5.5456099185e-01
243.100000,1.0001433604e-03,5.0999410572e-01
243.150000,1.0000161629e-03,5.5127779808e-01
243.200000,9.9889791548e-04,5.0792500128e-01
243.250000,1.0010230390e-03,5.5016936168e-01
243.300000,9.9991854801e-04,5.1866250977e-01
243.350000,1.0016050598e-03,5.2810180676e-01
243.400000,9.9993623492e-04,5.1480450732e-01
243.450000,9.9965832454e-04,5.3418971575e-01
243.500000,1.0001757238e-03,6.1389878662e-01
243.550000,9.9972798730e-04,5.5883584636e-01
243.600000,9.9979931135e-04,5.1156165887e-01
243.650000,9.9917462001e-04,5.6753322729e-01
243.700000,1.0023059889e-03,5.5131522906e-01
243.750000,9.9943615863e-04,5.6313002252e-01
243.800000,9.9955161153e-04,5.8935735469e-01
243.850000,9.9960348711e-04,5.6118830666e-01
243.900000,9.9988109069e-04,4.8175495160e-01
243.950000,9.9927276015e-04,4.8874005538e-01
244.000000,9.9917587242e-04,5.5090238590e-01
244.050000,9.9979266932e-04,5.2623275594e-01
244.100000,1.0016164535e-03,5.4660215630e-01
244.150000,1.0019222255e-03,5.4867433445e-01
244.200000,1.0000974794e-03,5.4018777900e-01
244.250000,9.9837711375e-04,6.0454741293e-01
244.300000,9.9735812724e-04,5.6559128847e-01
244.350000,9.9978697131e-04,5.4571388661e-01
244.400000,9.9900464886e-04,6.1161988541e-01
244.450000,9.9919228253e-04,5.6377770331e-01
244.500000,1.0011364998e-03,5.4392538690e-01
244.550000,1.0018708134e-03,5.0591578934e-01
244.600000,9.9931871070e-04,5.6101305716e-01
244.650000,9.9876072719e-04,5.3957777341e-01
244.700000,9.9947939067e-04,5.9767453343e-01
244.750000,9.9994720393e-04,6.0000152683e-01
244.800000,9.9822067211e-04,5.6579591732e-01
244.850000,9.9849679235e-04,6.1158805818e-01
244.900000,1.0008045333e-03,5.6592722580e-01
244.950000,9.9965551687e-04,5.1969615603e-01
245.000000,1.0007444277e-03,5.4576540689e-01
245.050000,1.0011138991e-03,5.2023665245e-01
245.100000,9.9984312200e-04,5.4948183516e-01
245.150000,1.0002051962e-03,5.4041179534e-01
245.200000,9.9971315636e-04,4.8990453436e-01
245.250000,1.0005472924e-03,4.9995590632e-01
245.300000,1.0001358136e-03,5.6997837358e-01
245.350000,1.0007846000e-03,5.6566116882e-01
245.400000,9.9924899387e-04,5.8393687162e-01
245.450000,1.0010191178e-03,5.4867532441e-01
245.500000,1.0006253736e-03,5.3508849066e-01
245.550000,9.9865601881e-04,5.7412621629e-01
245.600000,1.0011632853e-03,5.4458328189e-01
245.650000,9.9860750203e-04,5.3443803815e-01
245.700000,1.0004813687e-03,5.3226599884e-01
245.750000,9.9943209991e-04,5.4462507596e-01
245.800000,9.9973996110e-04,5.6331989922e-01
245.850000,9.9934120474e-04,5.5790542878e-01
245.900000,1.0003133916e-03,5.0110197382e-01
245.950000,1.0003421861e-03,5.2647005509e-01
246.000000,9.9950352160e-04,5.3816975624e-01
246.050000,1.0005621376e-03,5.2541910785e-01
246.100000,9.9985029375e-04,5.2442183598e-01
246.150000,1.0008521645e-03,5.4819807681e-01
246.200000,1.0000148079e-03,5.9676305245e-01
246.250000,9.9983582701e-04,5.1529623443e-01
246.300000,9.9937805749e-04,5.3642129375e-01
246.350000,1.0001466810e-03,5.3396914132e-01
246.400000,1.0016448487e-03,5.8948082975e-01
246.450000,9.9827009045e-04,5.4053319495e-01
246.500000,9.9822587867e-04,5.5608761393e-01
246.550000,9.9988618249e-04,5.8940620880e-01
246.600000,1.0000556178e-03,5.3605315455e-01
246.650000,9.9940474206e-04,5.2468549435e-01
246.700000,9.9828684236e-04,4.7889531298e-01
246.750000,1.0002903785e-03,5.6048385374e-01
246.800000,1.0001296794e-03,5.3391664882e-01
246.850000,9.9975168694e-04,5.8545694256e-01
246.900000,9.9931344068e-04,5.6638721550e-01
246.950000,9.9987970845e-04,5.5653796680e-01
247.000000,1.0003509964e-03,5.4813319013e-01
247.050000,9.9946758584e-04,5.4517210175e-01
247.100000,9.9994442356e-04,5.7240081340e-01
247.150000,1.0002752133e-03,5.7782025438e-01
247.200000,1.0013814479e-03,5.1443312517e-01
247.250000,1.0009802732e-03,4.9264327269e-01
247.300000,9.9976620100e-04,5.6026867044e-01
247.350000,9.9969763076e-04,5.5573803738e-01
247.400000,1.0014174095e-03,5.8527514631e-01
247.450000,1.0001666588e-03,5.2850748570e-01
247.500000,9.9885079587e-04,5.1431241951e-01
247.550000,1.0004683675e-03,5.3437423839e-01
247.600000,9.9953165615e-04,5.3882056512e-01
247.650000,9.9870270853e-04,5.7794866727e-01
247.700000,9.9993813249e-04,5.4576547728e-01
247.750000,9.9787836876e-04,5.2886933293e-01
247.800000,9.9978502558e-04,5.5903227716e-01
247.850000,1.0001035194e-03,5.1316949417e-01
247.900000,1.0014589870e-03,5.8023651476e-01
247.950000,9.9982272468e-04,5.6597075413e-01
248.000000,9.9946304539e-04,5.4698752620e-01
248.050000,1.0017177699e-03,5.5094012481e-01
248.100000,9.9924031664e-04,5.1029078985e-01
248.150000,1.0006026368e-03,5.5117223045e-01
248.200000,1.0012456577e-03,5.2532895798e-01
248.250000,9.9918732821e-04,5.6890077932e-01
248.300000,9.9883161618e-04,5.4730994608e-01
248.350000,1.0000844078e-03,5.9903441601e-01
248.400000,9.9949046206e-04,5.6655743397e-01
248.450000,1.0002713867e-03,5.3262129201e-01
248.500000,1.0019074198e-03,5.5744522388e-01
248.550000,9.9973360379e-04,5.1717474641e-01
248.600000,9.9970273197e-04,5.5824476227e-01
248.650000,1.0004910184e-03,5.1424054364e-01
248.700000,1.0018062215e-03,5.4016877935e-01
248.750000,9.9997373935e-04,5.8002045725e-01
248.800000,9.9945337768e-04,5.3960590991e-01
248.850000,1.0002376708e-03,5.4308397430e-01
248.900000,9.9938873251e-04,5.5410032145e-01
248.950000,1.0006379048e-03,5.9841222168e-01
249.000000,1.0001337523e-03,5.5569117116e-01
249.050000,9.9963039177e-04,5.6203794699e-01
249.100000,1.0007681007e-03,4.9727783737e-01
249.150000,1.0001402533e-03,5.6804228049e-01
249.200000,9.9757398015e-04,5.7024442832e-01
249.250000,9.9999334542e-04,5.1419668110e-01
249.300000,9.9997586964e-04,5.2948631165e-01
249.350000,1.0003479643e-03,5.2202556294e-01
249.400000,9.9798501939e-04,5.3951838963e-01
249.450000,9.9867903913e-04,5.2298100639e-01
249.500000,1.0006704937e-03,5.0999203049e-01
249.550000,1.0005992475e-03,5.6977991341e-01
249.600000,9.9988279069e-04,5.3686868136e-01
249.650000,9.9906809517e-04,5.4409897241e-01
249.700000,9.9942542830e-04,5.2786567978e-01
249.750000,1.0006548168e-03,5.9785670383e-01
249.800000,1.0032477836e-03,5.1333325446e-01
249.850000,9.9941972882e-04,5.5693513703e-01
249.900000,9.9934550243e-04,5.1313330934e-01
249.950000,9.9956749102e-04,5.1941553636e-01
250.000000,9.9949394075e-04,5.0235597862e-01
250.050000,1.0010743157e-03,5.8119426394e-01
250.100000,1.0001415915e-03,5.2865086697e-01
250.150000,9.9917166099e-04,5.5050763548e-01
250.200000,1.0008986628e-03,5.6406865672e-01
250.250000,9.9949322891e-04,5.4385941863e-01
250.300000,9.9997421812e-04,5.9265183612e-01
250.350000,9.9799740602e-04,5.3796924130e-01
250.400000,1.0005682128e-03,5.2885916812e-01
250.450000,9.9935173661e-04,5.4028817028e-01
250.500000,9.9886195881e-04,5.0586248759e-01
250.550000,9.9966367983e-04,5.1206342838e-01
250.600000,1.0002667294e-03,5.6645427774e-01
250.650000,9.9912333364e-04,5.5622557860e-01
250.700000,9.9952390619e-04,6.0264658619e-01
250.750000,9.9833069357e-04,4.8838019645e-01
250.800000,1.0002001210e-03,5.2465001469e-01
250.850000,9.9864813685e-04,5.5144481834e-01
250.900000,1.0013434886e-03,5.4353859576e-01
250.950000,1.0008042102e-03,5.8867098735e-01
251.000000,9.9961168079e-04,5.3005805776e-01
251.050000,9.9960891996e-04,5.2400076699e-01
251.100000,9.9831663681e-04,5.3546733021e-01
251.150000,9.9934640180e-04,5.6541141236e-01
251.200000,9.9980800682e-04,5.5277267548e-01
251.250000,9.9832839802e-04,5.8552428918e-01
251.300000,1.0006523277e-03,5.2066110582e-01
251.350000,1.0009855198e-03,5.5896381395e-01
251.400000,1.0009232693e-03,5.1808196101e-01
251.450000,1.0001240389e-03,5.8840196650e-01
251.500000,1.0010111580e-03,5.5564258675e-01
251.550000,9.9902205813e-04,5.9368641255e-01
251.600000,1.0010276846e-03,5.5438360351e-01
251.650000,9.9971936295e-04,5.2438454261e-01
251.700000,1.0003590189e-03,5.4593734189e-01
251.750000,9.9918997860e-04,5.9165936087e-01
251.800000,9.9957124612e-04,5.2121392757e-01
251.850000,1.0000940303e-03,5.4723644481e-01
251.900000,9.9860177450e-04,5.4635209069e-01
251.950000,1.0000582322e-03,5.1988438950e-01
252.000000,9.9919617572e-04,5.5376974461e-01
252.050000,9.9918804778e-04,4.7868324903e-01
252.100000,1.0006615619e-03,4.9503360507e-01
252.150000,1.0005680000e-03,5.1682527668e-01
252.200000,1.0012255232e-03,5.7411644965e-01
252.250000,9.9918095813e-04,5.3053673474e-01
252.300000,1.0013723449e-03,5.0796959726e-01
252.350000,1.0004471824e-03,5.8437053472e-01
252.400000,9.9842808834e-04,5.7224225200e-01
252.450000,1.0003363095e-03,5.4792515572e-01
252.500000,1.0001176893e-03,5.5311282232e-01
252.550000,1.0008888900e-03,5.2570390956e-01
252.600000,1.0011776213e-03,5.5016473024e-01
252.650000,1.0003672297e-03,5.6773069085e-01
252.700000,1.0003629224e-03,5.4171910604e-01
252.750000,9.9873239276e-04,6.0104765553e-01
252.800000,9.9949527461e-04,5.6386663614e-01
252.850000,9.9957352425e-04,6.1029707734e-01
252.900000,9.9989924624e-04,5.1237361861e-01
252.950000,9.9854587754e-04,5.6436170545e-01
253.000000,9.9926947503e-04,5.4200373607e-01
253.050000,9.9996467790e-04,5.5307391078e-01
253.100000,1.0007070177e-03,5.7335254081e-01
253.150000,1.0005365341e-03,5.2125470455e-01
253.200000,9.9970981048e-04,5.5107668293e-01
253.250000,1.0015104542e-03,5.8582329725e-01
253.300000,9.9915816504e-04,5.8676684125e-01
253.350000,1.0014228793e-03,5.5395521186e-01
253.400000,9.9974870914e-04,5.4652778595e-01
253.450000,9.9982517982e-04,5.6401955649e-01
253.500000,1.0007891297e-03,5.4037101597e-01
253.550000,9.9990728792e-04,5.0613202646e-01
253.600000,1.0001612396e-03,5.7014929553e-01
253.650000,9.9953198714e-04,5.5393716355e-01
253.700000,9.9908111319e-04,5.1625496241e-01
253.750000,1.0000267778e-03,5.5200130141e-01
253.800000,9.9894692470e-04,5.1764293700e-01
253.850000,9.9876719767e-04,5.6097545490e-01
253.900000,9.9871463555e-04,5.6664871673e-01
253.950000,9.9837509065e-04,5.0087023366e-01
254.000000,9.9817953728e-04,5.1577336588e-01
254.050000,9.9849694311e-04,5.1435759731e-01
254.100000,9.9944381531e-04,5.1115688647e-01
254.150000,1.0003111587e-03,5.5122173992e-01
254.200000,1.0007011751e-03,5.5299374970e-01
254.250000,9.9836753286e-04,4.7332883253e-01
254.300000,1.0003868338e-03,5.4957810180e-01
254.350000,1.0003384547e-03,5.7758454761e-01
254.400000,9.9912335632e-04,5.2495675281e-01
254.450000,9.9841898421e-04,5.2993224821e-01
254.500000,1.0012859836e-03,5.5682414400e-01
254.550000,1.0004358300e-03,5.6719558998e-01
254.600000,1.0000658908e-03,5.3229856775e-01
254.650000,1.0012373720e-03,5.0802196457e-01
254.700000,1.0004837006e-03,5.6352001395e-01
254.750000,9.9840469324e-04,5.4238488757e-01
254.800000,9.9974346348e-04,5.3686470423e-01
254.850000,9.9892513034e-04,5.8402068228e-01
254.900000,1.0012060338e-03,5.5291506589e-01
254.950000,1.0001654927e-03,5.7813358908e-01
255.000000,9.9828958486e-04,5.4585447594e-01
255.050000,9.9707690699e-04,5.3217610045e-01
255.100000,1.0003445087e-03,5.5142223024e-01
255.150000,1.0001981389e-03,5.5440841721e-01
255.200000,1.0004932759e-03,5.6455840446e-01
255.250000,9.9874039775e-04,5.3359268250e-01
255.300000,9.9960118733e-04,5.6614487296e-01
255.350000,1.0012857290e-03,5.1694017286e-01
255.400000,9.9890103640e-04,5.3859040979e-01
255.450000,9.9979589958e-04,5.7476479208e-01
255.500000,1.0015870115e-03,5.2667438862e-01
255.550000,9.9871515835e-04,5.3965753665e-01
255.600000,9.9796965048e-04,4.9192181873e-01
255.650000,9.9898212875e-04,5.2221984452e-01
255.700000,1.0007360755e-03,5.3390254209e-01
255.750000,1.0006374254e-03,5.6691149491e-01
255.800000,9.9964176966e-04,5.7814484112e-01
255.850000,1.0018644545e-03,5.2116017385e-01
255.900000,9.9989946446e-04,5.5105141865e-01
255.950000,9.9950230984e-04,5.7209973964e-01
256.000000,1.0012990038e-03,5.4178617244e-01
256.050000,9.9914041252e-04,5.5017274037e-01
256.100000,9.9900407662e-04,5.3999655532e-01
256.150000,1.0004951315e-03,5.2405574007e-01
256.200000,1.0005188597e-03,5.5147638397e-01
256.250000,1.0022329155e-03,5.2138622495e-01
256.300000,9.9943097141e-04,5.4641274827e-01
256.350000,9.9848313712e-04,5.1145875211e-01
256.400000,1.0000488822e-03,5.3034969106e-01
256.450000,9.9951275943e-04,5.5558562004e-01
256.500000,1.0003249026e-03,5.7231392218e-01
256.550000,1.0004997993e-03,5.3969018038e-01
256.600000,9.9986956410e-04,5.2531210973e-01
256.650000,9.9868273515e-04,5.4803898197e-01
256.700000,9.9772421856e-04,5.7488560160e-01
256.750000,1.0005663922e-03,6.1015102706e-01
256.800000,9.9948994537e-04,5.4118644637e-01
256.850000,9.9971773070e-04,5.5523647052e-01
256.900000,1.0020390967e-03,5.2966537260e-01
256.950000,9.9917933768e-04,5.2594786270e-01
257.000000,9.9928866501e-04,5.3713755292e-01
257.050000,1.0008763801e-03,5.3983940571e-01
257.100000,9.9809089766e-04,5.8087085155e-01
257.150000,1.0016310365e-03,5.3098966595e-01
257.200000,1.0011378199e-03,5.2500455103e-01
257.250000,9.9965912204e-04,5.9301755938e-01
257.300000,9.9951348595e-04,4.8531409863e-01
257.350000,9.9919004451e-04,5.4814615381e-01
257.400000,1.0012787704e-03,5.3334181280e-01
257.450000,1.0005007827e-03,5.7512874125e-01
257.500000,1.0012587860e-03,5.5790458078e-01
257.550000,9.9965583746e-04,5.3570058282e-01
257.600000,9.9862509598e-04,5.3262709978e-01
257.650000,1.0011429757e-03,5.4654981810e-01
257.700000,1.0031996147e-03,4.8252459374e-01
257.750000,1.0011766780e-03,5.2310286695e-01
257.800000,9.9872893085e-04,5.6495364231e-01
257.850000,9.9929829318e-04,5.3421830864e-01
257.900000,9.9713252989e-04,5.2691041976e-01
257.950000,9.9958786065e-04,5.6161270809e-01
258.000000,1.0006491853e-03,5.5353042303e-01
258.050000,9.9951259646e-04,5.4576355249e-01
258.100000,1.0017410123e-03,5.0000388730e-01
258.150000,1.0013290976e-03,4.9777575129e-01
258.200000,9.9979019968e-04,5.0800273136e-01
258.250000,9.9872125221e-04,5.4105013976e-01
258.300000,9.9920948517e-04,5.3626150098e-01
258.350000,1.0015731271e-03,5.1648473289e-01
258.400000,9.9763998914e-04,5.4892932896e-01
258.450000,9.9843962392e-04,5.4875054947e-01
258.500000,9.9941725611e-04,5.6271317312e-01
258.550000,1.0013624983e-03,5.2255596474e-01
258.600000,9.9946870529e-04,6.0712875834e-01
258.650000,9.9943619577e-04,5.6026080635e-01
258.700000,1.0004337606e-03,5.0624320901e-01
258.750000,9.9916528004e-04,6.1466985039e-01
258.800000,9.9855961689e-04,4.9182909624e-01
258.850000,9.9904877115e-04,5.5438046719e-01
258.900000,9.9753893016e-04,5.5446033102e-01
258.950000,9.9920306968e-04,5.1142034534e-01
259.000000,1.0005397553e-03,5.4285540185e-01
259.050000,1.0011872002e-03,5.1397252927e-01
259.100000,1.0018538633e-03,5.6432585166e-01
259.150000,1.0009836931e-03,5.5782171092e-01
259.200000,9.9905411580e-04,5.5560207805e-01
259.250000,9.9911654623e-04,5.5712284147e-01
259.300000,9.9853321199e-04,5.7075525442e-01
259.350000,1.0014848304e-03,5.5963643109e-01
259.400000,1.0009788159e-03,4.8449101523e-01
259.450000,1.0002320363e-03,5.5613728598e-01
259.500000,1.0013271442e-03,5.7036795354e-01
259.550000,1.0001399322e-03,5.2752742708e-01
259.600000,1.0010080090e-03,5.5956267198e-01
259.650000,1.0006350040e-03,5.2338786917e-01
259.700000,1.0017560364e-03,5.7434411813e-01
259.750000,1.0023120805e-03,5.4432755883e-01
259.800000,1.0012379812e-03,5.0596361336e-01
259.850000,9.9871331270e-04,5.4836751908e-01
259.900000,1.0001784699e-03,5.4575349293e-01
259.950000,1.0002678926e-03,5.7138331036e-01
260.000000,9.9902137219e-04,5.1678280869e-01
260.050000,9.9962474500e-04,5.6163508412e-01
260.100000,9.9933467599e-04,5.8960746571e-01
260.150000,1.0000273080e-03,5.2790643423e-01
260.200000,9.9871366589e-04,5.1738726688e-01
260.250000,1.0008292940e-03,5.5705176076e-01
260.300000,9.9900273728e-04,5.5416896133e-01
260.350000,1.0007700886e-03,5.7263594339e-01
260.400000,1.0004603074e-03,5.0199118268e-01
260.450000,1.0018485035e-03,5.5488778420e-01
260.500000,1.0008097204e-03,5.5212349344e-01
260.550000,1.0002006151e-03,5.6574969019e-01
260.600000,9.9787528782e-04,5.4056186771e-01
260.650000,1.0008289079e-03,5.0777500388e-01
260.700000,9.9945804939e-04,5.0585305813e-01
260.750000,9.9842412704e-04,5.5698529834e-01
260.800000,9.9905430321e-04,5.6140007507e-01
260.850000,9.9998858841e-04,5.2486671260e-01
260.900000,1.0009040583e-03,5.1935623092e-01
260.950000,9.9962378654e-04,5.5304772077e-01
261.000000,9.9644072150e-04,5.1060324581e-01
261.050000,9.9974253250e-04,5.9453519495e-01
261.100000,9.9824832884e-04,5.1342841791e-01
261.150000,1.0007044307e-03,6.4050424023e-01
261.200000,9.9934422747e-04,5.9026137703e-01
261.250000,9.9923801202e-04,5.5769695322e-01
261.300000,9.9987655694e-04,5.5145505075e-01
261.350000,9.9774743981e-04,5.3501188444e-01
261.400000,9.9925641971e-04,5.8008587408e-01
261.450000,1.0003713870e-03,5.6085178776e-01
261.500000,1.0008249944e-03,5.2221642505e-01
261.550000,9.9975449800e-04,5.6560582273e-01
261.600000,1.0002395539e-03,5.4735951436e-01
261.650000,9.9873397004e-04,5.7258800407e-01
261.700000,9.9916178102e-04,5.9093206566e-01
261.750000,1.0010662674e-03,5.4149313809e-01
261.800000,9.9895898476e-04,5.5398578278e-01
261.850000,9.9902567815e-04,5.5042395884e-01
261.900000,1.0002269158e-03,5.3857969372e-01
261.950000,1.0007999141e-03,5.2926630552e-01
262.000000,1.0021431260e-03,5.0545102059e-01
262.050000,9.9850612376e-04,5.7475626452e-01
262.100000,9.9957294972e-04,5.8124619452e-01
262.150000,1.0003675315e-03,5.4839337405e-01
262.200000,1.0007215090e-03,5.5336665318e-01
262.250000,1.0018735929e-03,5.7224432528e-01
262.300000,9.9988416046e-04,5.7154133338e-01
262.350000,1.0011150673e-03,4.9979707947e-01
262.400000,1.0010364113e-03,5.5702254874e-01
262.450000,9.9961820593e-04,4.9361058282e-01
262.500000,1.0006158955e-03,4.8972607374e-01
262.550000,1.0014928371e-03,5.8990821499e-01
262.600000,1.0004220744e-03,5.7390828387e-01
262.650000,1.0004743572e-03,5.4447507182e-01
262.700000,1.0016433619e-03,5.5625811312e-01
262.750000,9.9853070959e-04,5.2705482349e-01
262.800000,9.9818245176e-04,5.8818705711e-01
262.850000,9.9995254255e-04,5.8615672581e-01
262.900000,1.0018802775e-03,5.3689332227e-01
262.950000,1.0004259085e-03,6.0758348500e-01
263.000000,1.0001919526e-03,5.1528556232e-01
263.050000,1.0008962813e-03,4.9523626019e-01
263.100000,1.0000813624e-03,4.8970509385e-01
263.150000,1.0006807990e-03,5.4156853787e-01
263.200000,1.0001778674e-03,5.5027230257e-01
263.250000,1.0007338189e-03,5.1841792179e-01
263.300000,1.0007387840e-03,5.7378273203e-01
263.350000,9.9940912678e-04,5.2404676615e-01
263.400000,1.0002856624e-03,6.3796352030e-01
263.450000,9.9973313595e-04,5.5464219975e-01
263.500000,1.0003638063e-03,5.4342794390e-01
263.550000,9.9966732766e-04,5.3341784003e-01
263.600000,1.0015963690e-03,4.7304555235e-01
263.650000,1.0002494147e-03,5.5999866352e-01
263.700000,1.0022046115e-03,5.5139206738e-01
263.750000,1.0015863366e-03,5.4283261550e-01
263.800000,1.0007540503e-03,5.0057014937e-01
263.850000,9.9901755510e-04,6.0371333666e-01
263.900000,9.9942755996e-04,5.1224160551e-01
263.950000,9.9916027148e-04,5.9478981950e-01
264.000000,9.9904429994e-04,5.7040503418e-01
264.050000,1.0008656581e-03,5.1423963924e-01
264.100000,1.0010115751e-03,5.2141674696e-01
264.150000,9.9920629386e-04,5.3853626356e-01
264.200000,1.0004348888e-03,5.5338262724e-01
264.250000,9.9984431569e-04,5.2748387573e-01
264.300000,9.9985850198e-04,5.5049038852e-01
264.350000,1.0010387601e-03,5.8597979494e-01
264.400000,1.0010075520e-03,5.8920947381e-01
264.450000,9.9978995300e-04,5.6296512939e-01
264.500000,9.9942334700e-04,5.6505674181e-01
264.550000,1.0008819471e-03,5.3699712141e-01
264.600000,9.9784039821e-04,5.7493176306e-01
264.650000,1.0022155960e-03,5.2489418505e-01
264.700000,1.0005181331e-03,5.0960590246e-01
264.750000,1.0008756235e-03,5.6262315766e-01
264.800000,1.0001608220e-03,5.1508147692e-01
264.850000,1.0013182236e-03,5.6130559505e-01
264.900000,1.0000197882e-03,5.4475614319e-01
264.950000,1.0014278842e-03,5.0001210464e-01
265.000000,1.0015825645e-03,5.4430567685e-01
265.050000,9.9980446586e-04,5.2947575504e-01
265.100000,1.0004755496e-03,5.4907656332e-01
265.150000,1.0008596885e-03,5.6237962974e-01
265.200000,9.9898510702e-04,5.6475567073e-01
265.250000,9.9940282595e-04,5.3137790700e-01
265.300000,9.9840545520e-04,5.6327145627e-01
265.350000,1.0009498107e-03,5.5219798234e-01
265.400000,1.0000707798e-03,5.6153784971e-01
265.450000,9.9839311294e-04,5.7893291031e-01
265.500000,1.0020270143e-03,5.8735860434e-01
265.550000,1.0008873336e-03,5.4104874279e-01
265.600000,9.9886226390e-04,5.4941128770e-01
265.650000,9.9979567736e-04,5.7704541538e-01
265.700000,9.9914725969e-04,5.3453935204e-01
265.750000,1.0012455619e-03,5.3348005170e-01
265.800000,1.0005889857e-03,5.7085502076e-01
265.850000,9.9998465431e-04,5.6704191418e-01
265.900000,1.0024334640e-03,5.4136013667e-01
265.950000,9.9991001867e-04,5.5990213828e-01
266.000000,9.9863336029e-04,5.2236516505e-01
266.050000,1.0008020719e-03,5.5117584454e-01
266.100000,1.0002080959e-03,5.4857819323e-01
266.150000,1.0010393495e-03,5.3038693893e-01
266.200000,1.0014207226e-03,5.9007766322e-01
266.250000,9.9889156056e-04,5.3981205633e-01
266.300000,9.9979693700e-04,5.7456266258e-01
266.350000,1.0007033742e-03,5.5149503879e-01
266.400000,1.0002402179e-03,5.8695769664e-01
266.450000,9.9925934113e-04,5.5077529230e-01
266.500000,9.9985338611e-04,5.3372580956e-01
266.550000,1.0001053409e-03,5.5253645831e-01
266.600000,1.0015491548e-03,5.6786917045e-01
266.650000,1.0005909614e-03,5.6607649101e-01
266.700000,9.9917049050e-04,5.1425754288e-01
266.750000,1.0002521571e-03,5.3040366768e-01
266.800000,1.0001663344e-03,5.2020272349e-01
266.850000,1.0009798310e-03,5.3368095164e-01
266.900000,9.9900081526e-04,5.7439323083e-01
266.950000,9.9952557830e-04,5.1669298430e-01
267.000000,1.0002158397e-03,5.3310772084e-01
267.050000,1.0026814062e-03,6.0342940554e-01
267.100000,1.0007731683e-03,5.2844082045e-01
267.150000,1.0016638223e-03,5.0560075111e-01
267.200000,1.0001975104e-03,5.2315486982e-01
267.250000,9.9919752941e-04,5.6058240494e-01
267.300000,9.9927217251e-04,5.8268011661e-01
267.350000,1.0017639963e-03,5.2520503902e-01
267.400000,9.9984490282e-04,5.6960236140e-01
267.450000,1.0008867097e-03,5.3459209146e-01
267.500000,9.9922059949e-04,5.2580639976e-01
267.550000,1.0006220581e-03,5.6259516398e-01
267.600000,9.9971436794e-04,5.7233712874e-01
267.650000,9.9936394970e-04,5.2821964728e-01
267.700000,9.9838945431e-04,5.3003516646e-01
267.750000,1.0009538848e-03,5.7664574481e-01
267.800000,9.9937911586e-04,5.6628150274e-01
267.850000,9.9950502314e-04,5.1358404294e-01
267.900000,9.9969335144e-04,5.7007151730e-01
267.950000,9.9913376326e-04,5.0361009344e-01
268.000000,1.0004503530e-03,5.2658637581e-01
268.050000,9.9982445605e-04,5.9417839649e-01
268.100000,1.0018930820e-03,5.4122963311e-01
268.150000,9.9950442122e-04,5.1515404919e-01
268.200000,9.9888994494e-04,5.8655300961e-01
268.250000,1.0008659771e-03,5.6594198381e-01
268.300000,1.0014759328e-03,5.1965126431e-01
268.350000,9.9841067960e-04,5.2763939377e-01
268.400000,9.9850570244e-04,5.4344313670e-01
268.450000,1.0004841394e-03,5.4035579558e-01
268.500000,1.0014558413e-03,5.5513806377e-01
268.550000,1.0009170083e-03,5.1977975225e-01
268.600000,9.9902119906e-04,5.0962994428e-01
268.650000,9.9893698682e-04,5.3185783235e-01
268.700000,9.9910196819e-04,5.7139329221e-01
268.750000,9.9993794252e-04,5.2001446580e-01
268.800000,9.9885418797e-04,5.5572300965e-01
268.850000,1.0010653502e-03,5.3363046504e-01
268.900000,9.9961282589e-04,5.4983888814e-01
268.950000,9.9870193482e-04,4.9994792036e-01
269.000000,9.9865197510e-04,5.5016902162e-01
269.050000,9.9969581524e-04,5.2370365440e-01
269.100000,1.0008115589e-03,5.3201132768e-01
269.150000,9.9916357346e-04,5.4595353106e-01
269.200000,9.9996166290e-04,5.6970560519e-01
269.250000,1.0004138132e-03,5.4198366510e-01
269.300000,9.9865661872e-04,5.5508566095e-01
269.350000,9.9856519596e-04,5.5943956251e-01
269.400000,1.0013547419e-03,5.3795397175e-01
269.450000,1.0015247824e-03,5.4055796946e-01
269.500000,1.0001592655e-03,5.4235819587e-01
269.550000,9.9890465616e-04,5.7837976883e-01
269.600000,9.9964230173e-04,5.4978198352e-01
269.650000,1.0001603156e-03,5.6173206155e-01
269.700000,9.9925818284e-04,5.3806613686e-01
269.750000,9.9880088047e-04,5.3366624298e-01
269.800000,9.9984183647e-04,5.2995753957e-01
269.850000,9.9862569699e-04,5.7933033270e-01
269.900000,1.0001883127e-03,5.7397853203e-01
269.950000,9.9935931907e-04,5.0522435293e-01
270.000000,1.0001106158e-03,5.9157540223e-01
270.050000,9.9990412858e-04,4.8697636305e-01
270.100000,1.0000676589e-03,5.3350290299e-01
270.150000,9.9975184358e-04,5.7941706334e-01
270.200000,9.9971739484e-04,5.5281155894e-01
270.250000,9.9974758216e-04,5.2381389680e-01
270.300000,9.9959451566e-04,5.0807291406e-01
270.350000,1.0005663927e-03,5.5376697954e-01
270.400000,9.9899754734e-04,5.2597702745e-01
270.450000,1.0005161448e-03,5.0577321763e-01
270.500000,9.9894210257e-04,5.4211131236e-01
270.550000,9.9996669521e-04,5.2498705314e-01
270.600000,9.9959160174e-04,5.3734295003e-01
270.650000,1.0007942355e-03,5.2875202402e-01
270.700000,9.9968832037e-04,5.5275302060e-01
270.750000,1.0002715253e-03,5.3907555627e-01
270.800000,9.9831205901e-04,5.5581723928e-01
270.850000,1.0015158792e-03,5.4387715649e-01
270.900000,9.9995787892e-04,5.2189528981e-01
270.950000,1.0008754820e-03,5.6834200818e-01
271.000000,9.9801748763e-04,5.8887097901e-01
271.050000,1.0009669535e-03,5.6983830097e-01
271.100000,1.0006964027e-03,4.9198828585e-01
271.150000,1.0004630213e-03,5.6171554821e-01
271.200000,9.9857862714e-04,5.4493397579e-01
271.250000,1.0018091009e-03,5.2234146961e-01
271.300000,9.9918659067e-04,5.1827407971e-01
271.350000,9.9992313243e-04,5.1994666979e-01
271.400000,9.9924978683e-04,5.6111812346e-01
271.450000,1.0005808668e-03,5.7381466512e-01
271.500000,1.0000746640e-03,6.1940283095e-01
271.550000,1.0003392047e-03,5.5380236381e-01
271.600000,1.0005210521e-03,5.2817962757e-01
271.650000,9.9826136161e-04,5.5395646025e-01
271.700000,9.9881225721e-04,5.2755028850e-01
271.750000,1.0012242044e-03,5.3102108505e-01
271.800000,1.0000080724e-03,5.6436421299e-01
271.850000,1.0001922454e-03,5.6208463353e-01
271.900000,9.9956368517e-04,5.3068813506e-01
271.950000,1.0010514041e-03,4.8431583469e-01
272.000000,9.9948188708e-04,4.8369836367e-01
272.050000,1.0012867051e-03,5.4464320190e-01
272.100000,1.0000746470e-03,5.4272558937e-01
272.150000,1.0004527231e-03,5.1024947571e-01
272.200000,1.0005845667e-03,5.6785618617e-01
272.250000,1.0009267575e-03,5.7371114971e-01
272.300000,9.9865441673e-04,5.3546389908e-01
272.350000,9.9938576623e-04,5.5584069917e-01
272.400000,9.9958386186e-04,5.3920106657e-01
272.450000,9.9915749599e-04,5.3280787223e-01
272.500000,1.0011174122e-03,5.8039403065e-01
272.550000,9.9968862047e-04,5.7207103837e-01
272.600000,9.9924101675e-04,5.6574509504e-01
272.650000,9.9843080505e-04,4.9537927694e-01
272.700000,9.9932223927e-04,6.0746247749e-01
272.750000,9.9971140812e-04,5.6663362295e-01
272.800000,9.9960625883e-04,4.9759573928e-01
272.850000,1.0006163176e-03,5.1510898225e-01
272.900000,1.0001812457e-03,5.5008575137e-01
272.950000,1.0000911962e-03,5.1155623605e-01
273.000000,9.9916608897e-04,5.5416403249e-01
273.050000,1.0004495952e-03,5.1370753014e-01
273.100000,1.0028017122e-03,5.4437145826e-01
273.150000,1.0014363978e-03,5.4713341002e-01
273.200000,9.9936544742e-04,5.2964457021e-01
273.250000,1.0015779310e-03,4.6861817001e-01
273.300000,1.0003613363e-03,5.6222950032e-01
273.350000,1.0004686756e-03,6.0004819768e-01
273.400000,1.0001790803e-03,5.4809447601e-01
273.450000,1.0002059403e-03,5.4790306465e-01
273.500000,1.0003448041e-03,5.2350587551e-01
273.550000,1.0002114109e-03,4.9430904535e-01
273.600000,1.0005494699e-03,5.6887529367e-01
273.650000,9.9919092779e-04,5.5267343347e-01
273.700000,9.9901652652e-04,5.4601965712e-01
273.750000,9.9903036957e-04,5.1614699199e-01
273.800000,1.0017838659e-03,5.6735189721e-01
273.850000,9.9990339541e-04,5.4665232706e-01
273.900000,9.9914051159e-04,5.3616571804e-01
273.950000,1.0004542110e-03,5.4533035981e-01
274.000000,9.9946758874e-04,5.7953752925e-01
274.050000,9.9851005466e-04,5.1591060338e-01
274.100000,9.9922634672e-04,5.4420152217e-01
274.150000,1.0011213074e-03,5.9199977264e-01
274.200000,1.0001885938e-03,5.4487487525e-01
274.250000,9.9873634113e-04,5.1427073425e-01
274.300000,9.9801643551e-04,5.2647263787e-01
274.350000,9.9980712859e-04,5.4891868001e-01
274.400000,9.9996461871e-04,5.5952441996e-01
274.450000,9.9913348969e-04,5.5649916023e-01
274.500000,1.0030334108e-03,5.4305327165e-01
274.550000,9.9989151676e-04,5.4751341380e-01
274.600000,1.0010947880e-03,5.5832058829e-01
274.650000,1.0003962759e-03,5.3161672058e-01
274.700000,1.0003551743e-03,5.4861697291e-01
274.750000,9.9799493157e-04,5.9240872640e-01
274.800000,9.9975524685e-04,5.5732407464e-01
274.850000,1.0002064934e-03,5.5777465194e-01
274.900000,1.0021009164e-03,5.2904660605e-01
274.950000,9.9845377145e-04,5.4434789864e-01
275.000000,9.9908896247e-04,5.8258371776e-01
275.050000,1.0007365347e-03,5.6582006306e-01
275.100000,9.9965470620e-04,5.3901440166e-01
275.150000,1.0000116804e-03,5.6795756694e-01
275.200000,1.0009326176e-03,5.2164184032e-01
275.250000,9.9891493163e-04,5.8223321552e-01
275.300000,1.0007314327e-03,5.2748917594e-01
275.350000,1.0013819692e-03,5.3722081355e-01
275.400000,1.0003042545e-03,5.1766926995e-01
275.450000,1.0010599152e-03,5.1000899442e-01
275.500000,9.9971134139e-04,4.9033587589e-01
275.550000,1.0000967523e-03,5.4460557468e-01
275.600000,1.0009173588e-03,5.8986907012e-01
275.650000,1.0004966359e-03,5.3052597889e-01
275.700000,1.0007169806e-03,5.3670724584e-01
275.750000,1.0006430002e-03,4.9691607579e-01
275.800000,1.0001170009e-03,5.1879147058e-01
275.850000,1.0006697959e-03,5.4892860606e-01
275.900000,9.9986246002e-04,5.8694791732e-01
275.950000,1.0000734354e-03,5.3519359854e-01
276.000000,1.0003930340e-03,5.4020575579e-01
276.050000,9.9916569988e-04,5.2586376392e-01
276.100000,9.9993047895e-04,5.0784823390e-01
276.150000,1.0008123795e-03,5.4909338375e-01
276.200000,9.9857834253e-04,5.3689236422e-01
276.250000,9.9959806630e-04,5.4144026453e-01
276.300000,9.9996128525e-04,4.9123236759e-01
276.350000,9.9909710069e-04,5.6678457032e-01
276.400000,9.9786654463e-04,5.9671080532e-01
276.450000,1.0003461367e-03,5.1796940522e-01
276.500000,9.9971984384e-04,5.7755606414e-01
276.550000,1.0009071407e-03,5.2947749196e-01
276.600000,9.9884201562e-04,5.5524841987e-01
276.650000,1.0011208645e-03,5.3082260052e-01
276.700000,9.9944442445e-04,5.2514640284e-01
276.750000,1.0008606645e-03,5.6041196207e-01
276.800000,9.9989299812e-04,5.1867362533e-01
276.850000,9.9866404395e-04,5.9649662519e-01
276.900000,1.0018135068e-03,5.0601502077e-01
276.950000,9.9945206481e-04,5.5222412947e-01
277.000000,1.0003730028e-03,5.3674798083e-01
277.050000,1.0008580501e-03,5.4537203654e-01
277.100000,9.9861670218e-04,5.0257209715e-01
277.150000,9.9877654827e-04,5.8664290513e-01
277.200000,1.0009820832e-03,4.8954518023e-01
277.250000,1.0006753347e-03,5.2328332941e-01
277.300000,1.0004095208e-03,4.8193824079e-01
277.350000,9.9943367515e-04,5.5686696442e-01
277.400000,9.9798185797e-04,5.8885572295e-01
277.450000,1.0010788498e-03,5.5227199443e-01
277.500000,1.0010264648e-03,5.7146328160e-01
277.550000,9.9924441879e-04,5.7085446694e-01
277.600000,9.9885748949e-04,5.3645727546e-01
277.650000,1.0008594259e-03,5.3725161706e-01
277.700000,1.0006325630e-03,5.1752866745e-01
277.750000,9.9992214882e-04,5.4634776673e-01
277.800000,1.0003626856e-03,5.4706916088e-01
277.850000,9.9927431326e-04,5.4888135543e-01
277.900000,1.0012417767e-03,5.5323998716e-01
277.950000,9.9795730370e-04,5.4267389424e-01
278.000000,9.9963268415e-04,4.9363782261e-01
278.050000,1.0016668702e-03,5.3108281364e-01
278.100000,1.0021145262e-03,5.6456008418e-01
278.150000,1.0002038635e-03,5.2403901902e-01
278.200000,1.0001264818e-03,5.1568166874e-01
278.250000,9.9891723590e-04,5.3288271946e-01
278.300000,9.9914813828e-04,5.3102849731e-01
278.350000,9.9963741641e-04,5.2690233662e-01
278.400000,1.0001515849e-03,5.4502595107e-01
278.450000,9.9971774337e-04,4.8323627306e-01
278.500000,9.9920351505e-04,5.6462531077e-01
278.550000,1.0000235989e-03,5.3385168207e-01
278.600000,1.0016340602e-03,5.4359906019e-01
278.650000,9.9868338060e-04,5.5828728152e-01
278.700000,1.0003751930e-03,5.7423858012e-01
278.750000,9.9884073414e-04,5.3867953501e-01
278.800000,1.0001614465e-03,5.3246775268e-01
278.850000,1.0012315618e-03,5.8421942933e-01
278.900000,9.9969474403e-04,5.6455701638e-01
278.950000,9.9975620297e-04,5.5465916570e-01
279.000000,1.0018921397e-03,4.9662120983e-01
279.050000,9.9893621873e-04,5.6931324108e-01
279.100000,9.9932053192e-04,5.4111202814e-01
279.150000,1.0006093142e-03,5.1438289047e-01
279.200000,1.0007224347e-03,5.2878567251e-01
279.250000,9.9999887751e-04,5.3757617232e-01
279.300000,1.0015290055e-03,5.3955427513e-01
279.350000,1.0020474466e-03,5.3927286579e-01
279.400000,9.9950873527e-04,5.3025563986e-01
279.450000,9.9833539353e-04,4.8963578717e-01
279.500000,9.9978470996e-04,5.8060755355e-01
279.550000,1.0002740670e-03,5.3543607227e-01
279.600000,9.9838387229e-04,5.3090220338e-01
279.650000,9.9899273348e-04,5.8697117623e-01
279.700000,1.0000138144e-03,5.2059659478e-01
279.750000,1.0020901233e-03,5.7896987825e-01
279.800000,1.0008269997e-03,6.0757583649e-01
279.850000,9.9977093173e-04,5.5253767739e-01
279.900000,1.0000399574e-03,5.4130397842e-01
279.950000,1.0005910876e-03,5.9319907083e-01
280.000000,9.9934763602e-04,6.2830811309e-01
280.050000,1.0020647110e-03,5.4493516734e-01
280.100000,1.0000333857e-03,5.6946889015e-01
280.150000,9.9942317797e-04,5.7696273965e-01
280.200000,9.9894063753e-04,5.7450959703e-01
280.250000,1.0012128271e-03,5.6785219381e-01
280.300000,9.9964859322e-04,5.6093073757e-01
280.350000,9.9890443499e-04,5.3079199028e-01
280.400000,9.9903942797e-04,5.6119373117e-01
280.450000,1.0000440535e-03,5.3723957839e-01
280.500000,1.0003661315e-03,5.4255115760e-01
280.550000,1.0009307826e-03,5.1650818039e-01
280.600000,1.0002149194e-03,5.6121331949e-01
280.650000,1.0021273152e-03,5.2968243233e-01
280.700000,9.9882901014e-04,5.8762176716e-01
280.750000,9.9997468734e-04,5.7089845922e-01
280.800000,1.0004631827e-03,4.6870493845e-01
280.850000,9.9799417043e-04,5.9142866770e-01
280.900000,1.0010334964e-03,5.2876111196e-01
280.950000,1.0004754144e-03,5.0338135532e-01
281.000000,9.9929286984e-04,4.7716598291e-01
281.050000,1.0000397518e-03,5.0383002285e-01
281.100000,9.9810016759e-04,5.8496566237e-01
281.150000,1.0000676736e-03,5.6556556969e-01
281.200000,1.0002633685e-03,5.2460384026e-01
281.250000,1.0008878510e-03,5.0655544003e-01
281.300000,9.9920242710e-04,5.4673772403e-01
281.350000,9.9961872635e-04,5.3895332688e-01
281.400000,1.0007119085e-03,5.4788888603e-01
281.450000,1.0007304977e-03,5.2326768228e-01
281.500000,9.9934710659e-04,4.9243367254e-01
281.550000,1.0002808279e-03,4.9554636313e-01
281.600000,9.9974929411e-04,5.6364369560e-01
281.650000,9.9993102257e-04,5.5753087607e-01
281.700000,9.9892393818e-04,5.3479539255e-01
281.750000,9.9907889533e-04,5.6909573256e-01
281.800000,1.0017261409e-03,5.0646429756e-01
281.850000,9.9998031066e-04,4.8149700164e-01
281.900000,1.0003233149e-03,5.5730402102e-01
281.950000,1.0000197499e-03,5.2963694336e-01
282.000000,1.0013642138e-03,5.2517751825e-01
282.050000,9.9892721166e-04,5.1062748157e-01
282.100000,1.0004332418e-03,5.3306618045e-01
282.150000,9.9845393815e-04,5.3986944678e-01
282.200000,9.9942120752e-04,5.2114814623e-01
282.250000,1.0009034815e-03,5.1409560352e-01
282.300000,9.9936489812e-04,5.3015164512e-01
282.350000,1.0009318297e-03,5.4725434148e-01
282.400000,9.9823563735e-04,5.3085122296e-01
282.450000,1.0010416415e-03,6.0242940719e-01
282.500000,1.0000608110e-03,5.3411749069e-01
282.550000,1.0000935790e-03,5.7051735927e-01
282.600000,9.9901404922e-04,5.4219632100e-01
282.650000,9.9975648494e-04,5.4882494882e-01
282.700000,9.9995507989e-04,5.2707820277e-01
282.750000,1.0014233272e-03,5.6417843827e-01
282.800000,9.9971701771e-04,5.5406098175e-01
282.850000,1.0018203490e-03,5.9167982827e-01
282.900000,1.0009822077e-03,5.3489342226e-01
282.950000,1.0006942950e-03,5.7413217851e-01
283.000000,1.0007946880e-03,5.4087690233e-01
283.050000,1.0006192910e-03,5.5872770261e-01
283.100000,9.9914348375e-04,5.2518726894e-01
283.150000,9.9969428469e-04,5.2929802206e-01
283.200000,1.0010264942e-03,5.9391591541e-01
283.250000,1.0000964228e-03,5.0890793549e-01
283.300000,1.0008529800e-03,5.3030937380e-01
283.350000,9.9853202757e-04,5.4004111352e-01
283.400000,1.0007570699e-03,5.2105013500e-01
283.450000,1.0013338161e-03,5.4221704524e-01
283.500000,1.0001003351e-03,4.8174011949e-01
283.550000,9.9979587535e-04,5.1921818486e-01
283.600000,9.9966213162e-04,5.6712109040e-01
283.650000,1.0008042493e-03,5.4128619012e-01
283.700000,9.9986621305e-04,5.5647429016e-01
283.750000,9.9985763069e-04,5.7336393238e-01
283.800000,9.9887859820e-04,5.5804615437e-01
283.850000,9.9939983550e-04,5.4646605169e-01
283.900000,9.9962075530e-04,5.4923573118e-01
283.950000,9.9940171137e-04,5.2249691061e-01
284.000000,1.0000987102e-03,5.0977927048e-01
284.050000,9.9984113799e-04,5.5881371307e-01
284.100000,9.9890640581e-04,5.4647374833e-01
284.150000,9.9969274235e-04,5.2824797570e-01
284.200000,9.9958411298e-04,5.5238536549e-01
284.250000,9.9880100323e-04,5.1472640682e-01
284.300000,9.9979251638e-04,5.4520814033e-01
284.350000,1.0019528720e-03,5.2734177891e-01
284.400000,1.0006987638e-03,5.1038983650e-01
284.450000,1.0011668974e-03,4.8184520334e-01
284.500000,1.0020982568e-03,5.7003402819e-01
284.550000,9.9922974835e-04,5.5619186235e-01
284.600000,9.9853872776e-04,5.8326718777e-01
284.650000,1.0006593721e-03,5.1217207989e-01
284.700000,9.9935426977e-04,5.6035523731e-01
284.750000,1.0007527636e-03,5.3973774560e-01
284.800000,9.9975145673e-04,5.4223232180e-01
284.850000,1.0008249276e-03,5.5761208398e-01
284.900000,1.0006535737e-03,5.6012766698e-01
284.950000,9.9931968085e-04,5.1562673864e-01
285.000000,1.0003268640e-03,5.5519038698e-01
285.050000,9.9996484647e-04,5.6242415971e-01
285.100000,9.9969120228e-04,5.1862074458e-01
285.150000,9.9949992443e-04,5.7710356202e-01
285.200000,1.0007763977e-03,5.6979037131e-01
285.250000,1.0021136878e-03,5.6345653393e-01
285.300000,1.0021422030e-03,5.9240391014e-01
285.350000,9.9857351482e-04,5.4638157677e-01
285.400000,9.9865728776e-04,6.0936887113e-01
285.450000,9.9897707815e-04,5.4040567056e-01
285.500000,1.0000440143e-03,5.5447620586e-01
285.550000,1.0016793240e-03,5.3731393125e-01
285.600000,1.0008099068e-03,5.4704563498e-01
285.650000,9.9955724943e-04,5.3620248775e-01
285.700000,1.0003285718e-03,5.8763749581e-01
285.750000,9.9869212342e-04,5.4954111130e-01
285.800000,1.0007435448e-03,5.5454738220e-01
285.850000,9.9922726046e-04,5.0881121536e-01
285.900000,1.0002486297e-03,5.7278199247e-01
285.950000,1.0017261057e-03,5.5988312654e-01
286.000000,1.0016034316e-03,5.1058876077e-01
286.050000,1.0014850911e-03,5.4523695580e-01
286.100000,1.0008774674e-03,5.2795102644e-01
286.150000,9.9887449292e-04,5.6807990635e-01
286.200000,9.9934770433e-04,5.1647876150e-01
286.250000,1.0011017856e-03,5.4967131922e-01
286.300000,1.0012654511e-03,5.4082424249e-01
286.350000,9.9865696769e-04,5.3016026077e-01
286.400000,1.0002165663e-03,5.8763371895e-01
286.450000,9.9982865335e-04,5.7164327500e-01
286.500000,1.0006307696e-03,5.3342048215e-01
286.550000,9.9887236192e-04,5.2954134251e-01
286.600000,1.0020447190e-03,4.9614098859e-01
286.650000,9.9997881458e-04,5.3693498480e-01
286.700000,1.0007281697e-03,5.9250924654e-01
286.750000,9.9994704287e-04,5.7427394106e-01
286.800000,1.0006156123e-03,5.5096100593e-01
286.850000,9.9918733340e-04,5.3622516156e-01
286.900000,1.0006161876e-03,5.2393105253e-01
286.950000,9.9997558271e-04,5.3769019507e-01
287.000000,1.0000227169e-03,5.5036984384e-01
287.050000,9.9921290814e-04,5.2047513141e-01
287.100000,9.9982156229e-04,5.7724157071e-01
287.150000,1.0004966332e-03,4.8767834037e-01
287.200000,1.0007821965e-03,5.4684647971e-01
287.250000,9.9994020070e-04,4.9798385634e-01
287.300000,9.9993991660e-04,5.3997285057e-01
287.350000,1.0002304859e-03,5.4373155472e-01
287.400000,1.0006422463e-03,5.7901073241e-01
287.450000,1.0022401766e-03,5.1764470690e-01
287.500000,9.9900788940e-04,5.6253435652e-01
287.550000,9.9996657510e-04,5.7924733523e-01
287.600000,9.9895595146e-04,5.0864525737e-01
287.650000,9.9881817485e-04,5.4483703059e-01
287.700000,1.0017024396e-03,5.7825454819e-01
287.750000,1.0001609791e-03,5.7621989665e-01
287.800000,9.9802338362e-04,5.7513599228e-01
287.850000,9.9988679272e-04,5.5649724175e-01
287.900000,9.9984440667e-04,5.4553052727e-01
287.950000,1.0014282191e-03,5.7663468908e-01
288.000000,9.9928822252e-04,5.7741913520e-01
288.050000,1.0003161235e-03,5.7571706097e-01
288.100000,9.9862178918e-04,5.6668704909e-01
288.150000,1.0015579852e-03,5.7485758428e-01
288.200000,9.9910905698e-04,5.4675466258e-01
288.250000,1.0013849542e-03,5.6767240921e-01
288.300000,9.9962883293e-04,5.9147696046e-01
288.350000,9.9873372336e-04,5.4282917087e-01
288.400000,1.0001864816e-03,5.3525794232e-01
288.450000,9.9948616476e-04,5.2231228895e-01
288.500000,9.9949072729e-04,5.5565439767e-01
288.550000,9.9985525880e-04,5.4467496752e-01
288.600000,9.9877068934e-04,5.5836721119e-01
288.650000,1.0000065115e-03,5.3373789484e-01
288.700000,1.0002119418e-03,5.1318084875e-01
288.750000,1.0012061660e-03,5.1885241909e-01
288.800000,1.0003268064e-03,5.6039916457e-01
288.850000,1.0014408522e-03,5.6990594633e-01
288.900000,1.0021117423e-03,5.5065706832e-01
288.950000,9.9895027989e-04,5.4455204787e-01
289.000000,9.9972484433e-04,5.2968382834e-01
289.050000,9.9847869612e-04,5.7518074410e-01
289.100000,9.9919738292e-04,5.2490055851e-01
289.150000,9.9965730948e-04,5.8560760469e-01
289.200000,1.0017453864e-03,5.7903718809e-01
289.250000,1.0002079693e-03,5.8587039478e-01
289.300000,1.0012610257e-03,5.2456454712e-01
289.350000,1.0001789485e-03,5.5012192667e-01
289.400000,1.0006670346e-03,5.8502906675e-01
289.450000,9.9894734905e-04,5.4670007709e-01
289.500000,1.0004051690e-03,5.3674262364e-01
289.550000,9.9982931033e-04,5.1635845776e-01
289.600000,9.9800701955e-04,5.2417270390e-01
289.650000,9.9895218787e-04,5.1681539083e-01
289.700000,1.0012913393e-03,5.0748823161e-01
289.750000,9.9981408852e-04,4.9560614917e-01
289.800000,9.9848590483e-04,5.5966136744e-01
289.850000,9.9992037089e-04,5.6482033927e-01
289.900000,1.0000272755e-03,6.1187499747e-01
289.950000,9.9953550747e-04,5.1705180404e-01
290.000000,9.9826716748e-04,5.4802473454e-01
290.050000,9.9918372363e-04,5.2826845713e-01
290.100000,9.9981922943e-04,5.1794220485e-01
290.150000,9.9852487787e-04,5.6315665648e-01
290.200000,1.0025192546e-03,5.6532014602e-01
290.250000,9.9929994841e-04,5.5410220424e-01
290.300000,1.0007825808e-03,5.4925374388e-01
290.350000,1.0000812726e-03,5.8039522221e-01
290.400000,9.9863819105e-04,5.2786785304e-01
290.450000,1.0001093983e-03,5.4489577491e-01
290.500000,1.0002947024e-03,5.4860552233e-01
290.550000,9.9972995574e-04,5.6097076754e-01
290.600000,1.0001467104e-03,5.5305795305e-01
290.650000,1.0008619592e-03,5.4930945056e-01
290.700000,9.9984636834e-04,5.5888685532e-01
290.750000,9.9917202623e-04,5.5103554904e-01
290.800000,9.9968666289e-04,5.5999438706e-01
290.850000,9.9937694618e-04,5.5154790677e-01
290.900000,1.0010948268e-03,5.5975245774e-01
290.950000,1.0010469813e-03,5.0961283331e-01
291.000000,1.0001810446e-03,5.4572053062e-01
291.050000,9.9979436623e-04,5.4728690685e-01
291.100000,1.0002558095e-03,5.6591701367e-01
291.150000,1.0008507932e-03,5.2290983513e-01
291.200000,9.9878501290e-04,5.4109937420e-01
291.250000,1.0008086729e-03,5.1288440742e-01
291.300000,9.9941358310e-04,5.6144583110e-01
291.350000,9.9972085898e-04,5.6834737300e-01
291.400000,1.0008373655e-03,5.6997817176e-01
291.450000,9.9938688844e-04,5.6407632544e-01
291.500000,9.9959906534e-04,5.3646846536e-01
291.550000,1.0018078669e-03,5.4146390116e-01
291.600000,9.9992538365e-04,5.4387700721e-01
291.650000,9.9984015171e-04,5.3706074809e-01
291.700000,1.0003354754e-03,5.2626363345e-01
291.750000,1.0003347985e-03,5.2553035001e-01
291.800000,9.9810960682e-04,6.0901412647e-01
291.850000,9.9927683206e-04,5.7764457665e-01
291.900000,1.0004697767e-03,5.1396881472e-01
291.950000,9.9964767417e-04,5.8331007595e-01
292.000000,9.9891880157e-04,5.5662844523e-01
292.050000,9.9922427287e-04,5.8160276627e-01
292.100000,9.9979309803e-04,5.4243523575e-01
292.150000,9.9986443733e-04,5.7690428085e-01
292.200000,9.9931463160e-04,5.6651432549e-01
292.250000,1.0000023029e-03,5.7929761665e-01
292.300000,1.0002704932e-03,5.2959071534e-01
292.350000,9.9876967093e-04,5.5492641923e-01
292.400000,9.9931730421e-04,4.9381798931e-01
292.450000,9.9954620261e-04,5.0207564640e-01
292.500000,9.9919101222e-04,5.4766750729e-01
292.550000,9.9861390325e-04,5.1043006237e-01
292.600000,1.0015261137e-03,5.5374855783e-01
292.650000,1.0003215891e-03,5.8421555752e-01
292.700000,1.0009325584e-03,5.2925381468e-01
292.750000,1.0006760221e-03,5.6486079929e-01
292.800000,9.9953313184e-04,5.4665664201e-01
292.850000,9.9837599574e-04,5.5104921200e-01
292.900000,9.9962217813e-04,5.4438233118e-01
292.950000,1.0016936820e-03,5.3224725632e-01
293.000000,9.9907338404e-04,5.5088047446e-01
293.050000,1.0000014104e-03,5.7283110396e-01
293.100000,1.0001197877e-03,5.6137028240e-01
293.150000,1.0001960528e-03,5.6847749950e-01
293.200000,9.9832193964e-04,5.2960506646e-01
293.250000,9.9834900516e-04,5.0881525580e-01
293.300000,9.9933168067e-04,5.5252529307e-01
293.350000,9.9951459423e-04,5.7772006220e-01
293.400000,9.9841644742e-04,5.3655895375e-01
293.450000,1.0023382436e-03,4.9021330335e-01
293.500000,1.0012748478e-03,5.7300411220e-01
293.550000,1.0005048704e-03,5.5305844596e-01
293.600000,9.9994729300e-04,5.4638617788e-01
293.650000,9.9990345246e-04,5.6229025197e-01
293.700000,1.0014371236e-03,5.1957416334e-01
293.750000,9.9935328018e-04,5.1600566542e-01
293.800000,9.9917162643e-04,5.2815695847e-01
293.850000,9.9988169910e-04,4.7762467243e-01
293.900000,9.9959113721e-04,5.0056670775e-01
293.950000,9.9966799034e-04,5.4882006312e-01
294.000000,1.0005729668e-03,5.4487348534e-01
294.050000,9.9932135823e-04,5.7643995283e-01
294.100000,1.0003111455e-03,5.5825087179e-01
294.150000,9.9949848229e-04,5.7028533865e-01
294.200000,9.9892186347e-04,5.7971484437e-01
294.250000,9.9947248562e-04,5.1978949854e-01
294.300000,9.9982515297e-04,5.7179163875e-01
294.350000,1.0008490233e-03,5.7728786677e-01
294.400000,9.9939412751e-04,5.0478136470e-01
294.450000,9.9897024083e-04,5.0748618503e-01
294.500000,9.9937067570e-04,5.4080942010e-01
294.550000,9.9956801961e-04,5.9896642112e-01
294.600000,1.0009763452e-03,5.6782642333e-01
294.650000,9.9975449642e-04,5.5993444146e-01
294.700000,9.9917804321e-04,5.9658441267e-01
294.750000,9.9929191747e-04,5.5550193081e-01
294.800000,1.0013000144e-03,5.8155219393e-01
294.850000,9.9984514928e-04,5.7177161461e-01
294.900000,9.9899617832e-04,4.8634899840e-01
294.950000,1.0008973331e-03,6.0101215954e-01
295.000000,1.0013723783e-03,5.4506960561e-01
295.050000,1.0004650487e-03,5.1301529290e-01
295.100000,9.9910605626e-04,4.9075445021e-01
295.150000,9.9858161382e-04,5.2427920619e-01
295.200000,9.9954912162e-04,5.0194254021e-01
295.250000,1.0001983739e-03,5.4278840084e-01
295.300000,1.0000109646e-03,5.4063053604e-01
295.350000,9.9969157452e-04,5.5300681513e-01
295.400000,9.9840084191e-04,5.8117389263e-01
295.450000,9.9992729298e-04,5.5486759640e-01
295.500000,1.0007490522e-03,5.1083216197e-01
295.550000,9.9972731117e-04,5.3978202557e-01
295.600000,1.0015815695e-03,5.4117302794e-01
295.650000,9.9842189441e-04,5.6133298551e-01
295.700000,9.9938321362e-04,5.3366389646e-01
295.750000,1.0012974658e-03,5.4230966804e-01
295.800000,1.0016760617e-03,6.0220092910e-01
295.850000,9.9888667586e-04,5.5265123950e-01
295.900000,9.9825626078e-04,5.3138556028e-01
295.950000,1.0017705624e-03,5.3524597832e-01
296.000000,1.0004403329e-03,5.2540982007e-01
296.050000,9.9934638416e-04,5.5568626082e-01
296.100000,1.0004530905e-03,5.1168509109e-01
296.150000,9.9943954596e-04,5.2949302255e-01
296.200000,1.0017473132e-03,4.8148525374e-01
296.250000,9.9977723812e-04,5.6123401267e-01
296.300000,1.0007877402e-03,5.6311976447e-01
296.350000,9.9849987253e-04,5.9155773043e-01
296.400000,9.9993925249e-04,4.8699287546e-01
296.450000,1.0009560167e-03,5.1593700207e-01
296.500000,9.9853857015e-04,5.5967197211e-01
296.550000,1.0001063668e-03,5.1730456135e-01
296.600000,1.0000215828e-03,5.1064926568e-01
296.650000,1.0013340172e-03,5.6980040895e-01
296.700000,9.9912105123e-04,5.2450170285e-01
296.750000,9.9864086769e-04,5.3173806196e-01
296.800000,9.9907893388e-04,5.1510730473e-01
296.850000,1.0002481516e-03,5.4148653062e-01
296.900000,1.0008740944e-03,5.5385055552e-01
296.950000,9.9995097746e-04,5.2767410900e-01
297.000000,9.9919498596e-04,5.3537748287e-01
297.050000,9.9994555212e-04,5.1450111329e-01
297.100000,1.0003789692e-03,5.5890770606e-01
297.150000,9.9962373093e-04,5.5486733288e-01
297.200000,1.0005050729e-03,5.5435531765e-01
297.250000,1.0004329647e-03,5.0990614227e-01
297.300000,1.0001941578e-03,5.5305138475e-01
297.350000,9.9902276759e-04,5.3370519830e-01
297.400000,1.0017017378e-03,5.2405244176e-01
297.450000,9.9963316323e-04,5.3337603238e-01
297.500000,9.9888187153e-04,5.5168129606e-01
297.550000,1.0005449800e-03,5.6281501078e-01
297.600000,1.0013982733e-03,5.1668255479e-01
297.650000,9.9931012981e-04,5.7659244011e-01
297.700000,1.0009372421e-03,5.0252863392e-01
297.750000,9.9956439927e-04,5.6613278661e-01
297.800000,9.9821533106e-04,5.2448701233e-01
297.850000,1.0010477150e-03,5.5955169860e-01
297.900000,1.0010178377e-03,5.8908227568e-01
297.950000,9.9889133143e-04,5.5827269104e-01
298.000000,9.9836879477e-04,5.7067194668e-01
298.050000,1.0016457824e-03,5.3989658949e-01
298.100000,9.9949053007e-04,6.0405993700e-01
298.150000,9.9973130822e-04,5.3683801337e-01
298.200000,1.0004752207e-03,5.8920758175e-01
298.250000,9.9872549928e-04,5.3821192205e-01
298.300000,1.0005740518e-03,5.1898351398e-01
298.350000,1.0017348023e-03,5.7047237544e-01
298.400000,9.9979650901e-04,5.1988628777e-01
298.450000,1.0003875435e-03,5.7762370399e-01
298.500000,1.0012360482e-03,5.0536074491e-01
298.550000,1.0011111550e-03,4.9613245859e-01
298.600000,9.9870895116e-04,5.3786537594e-01
298.650000,1.0002993155e-03,5.9253960747e-01
298.700000,9.9919927149e-04,5.9222884051e-01
298.750000,1.0000885283e-03,5.9595921791e-01
298.800000,9.9706767238e-04,5.3125905283e-01
298.850000,1.0019564574e-03,5.6605360776e-01
298.900000,9.9967870811e-04,5.8878618089e-01
298.950000,9.9933901140e-04,5.2249125724e-01
299.000000,1.0006275940e-03,5.8898326917e-01
299.050000,1.0015072423e-03,5.7170732133e-01
299.100000,9.9858283205e-04,5.4548815128e-01
299.150000,1.0010545551e-03,5.5319637006e-01
299.200000,9.9865360288e-04,5.3947715728e-01
299.250000,1.0001058258e-03,5.3017015522e-01
299.300000,9.9980489118e-04,5.4252715900e-01
299.350000,9.9975575573e-04,5.3075939792e-01
299.400000,1.0009062782e-03,5.1213615610e-01
299.450000,9.9958185868e-04,5.0813330468e-01
299.500000,9.9847918422e-04,5.6991933359e-01
299.550000,9.9968656016e-04,5.6034183068e-01
299.600000,1.0001522062e-03,5.2361791496e-01
299.650000,9.9948421800e-04,5.8746237232e-01
299.700000,9.9818408760e-04,5.3666679702e-01
299.750000,9.9861778128e-04,5.1860923634e-01
299.800000,9.9924077698e-04,5.3974745283e-01
299.850000,1.0014374307e-03,5.3747741827e-01
299.900000,1.0008769105e-03,5.3853116563e-01
299.950000,1.0004270184e-03,5.4904929808e-01
300.000000,9.9926548193e-04,5.2424068867e-01
300.050000,9.9934709826e-04,4.9101457095e-01
300.100000,1.0003637681e-03,5.1537647612e-01
300.150000,9.9968538901e-04,5.4378775038e-01
300.200000,1.0007647026e-03,5.4053950573e-01
300.250000,9.9982399683e-04,5.5439714203e-01
300.300000,9.9911264773e-04,5.5932274591e-01
300.350000,1.0009992622e-03,5.0823990607e-01
300.400000,1.0020672399e-03,5.2085941568e-01
300.450000,9.9867398228e-04,6.2528071411e-01
300.500000,1.0008952445e-03,5.6713423599e-01
300.550000,9.9947808820e-04,5.5148824832e-01
300.600000,1.0013660661e-03,5.6042021893e-01
300.650000,1.0003037563e-03,5.3212647379e-01
300.700000,9.9890278661e-04,5.2513776124e-01
300.750000,1.0001379017e-03,5.7289671309e-01
300.800000,9.9991880093e-04,5.1832962553e-01
300.850000,9.9752689739e-04,5.4854457527e-01
300.900000,1.0006288637e-03,5.4767220001e-01
300.950000,1.0004874415e-03,5.2468801361e-01
301.000000,9.9973551215e-04,5.5529259937e-01
301.050000,1.0004393669e-03,5.0334410865e-01
301.100000,9.9964895591e-04,5.4190220373e-01
301.150000,1.0009717845e-03,5.7093662180e-01
301.200000,9.9961881821e-04,5.4880322543e-01
301.250000,1.0008943316e-03,5.5975520208e-01
301.300000,1.0008074187e-03,5.5511457538e-01
301.350000,1.0002988962e-03,5.0715594812e-01
301.400000,9.9962608985e-04,5.1758227859e-01
301.450000,1.0011567470e-03,4.7801861472e-01
301.500000,1.0010607218e-03,5.4006293956e-01
301.550000,1.0000697981e-03,5.5756514333e-01
301.600000,9.9934409438e-04,5.0748783935e-01
301.650000,1.0011411807e-03,5.4204524476e-01
301.700000,9.9985067958e-04,5.3665164678e-01
301.750000,9.9933233013e-04,5.4587438846e-01
301.800000,9.9899400117e-04,5.3896926876e-01
301.850000,9.9834470334e-04,4.9362677657e-01
301.900000,1.0007260689e-03,5.8158075569e-01
301.950000,1.0001153239e-03,5.4776559764e-01
302.000000,9.9841556981e-04,5.9658834802e-01
302.050000,9.9898143445e-04,5.4192257705e-01
302.100000,1.0010875853e-03,5.8311069267e-01
302.150000,1.0009603387e-03,5.0424149129e-01
302.200000,1.0016979563e-03,5.6193078910e-01
302.250000,1.0008005063e-03,5.3886322119e-01
302.300000,1.0002233659e-03,5.3087410868e-01
302.350000,1.0001573785e-03,5.3313424836e-01
302.400000,1.0005917855e-03,5.4459715420e-01
302.450000,1.0005411809e-03,4.9893609927e-01
302.500000,9.9964592918e-04,5.3154588002e-01
302.550000,1.0014328015e-03,5.1144965145e-01
302.600000,1.0004158699e-03,5.3985796850e-01
302.650000,1.0005639221e-03,5.2047545713e-01
302.700000,1.0013155843e-03,5.1859535910e-01
302.750000,9.9816097248e-04,5.5184426453e-01
302.800000,1.0009483870e-03,5.6451604805e-01
302.850000,1.0010385513e-03,6.1567247673e-01
302.900000,1.0004929476e-03,5.3760420654e-01
302.950000,9.9984851747e-04,5.1638827146e-01
303.000000,9.9898123969e-04,5.7731648792e-01
303.050000,9.9845675230e-04,4.9965563181e-01
303.100000,1.0018474073e-03,4.9403859228e-01
303.150000,9.9966137176e-04,5.3467719894e-01
303.200000,1.0006606529e-03,5.5145970775e-01
303.250000,9.9968286814e-04,4.8624395452e-01
303.300000,1.0010771113e-03,5.5627192964e-01
303.350000,9.9929020402e-04,5.1487211226e-01
303.400000,1.0009264950e-03,5.4869000557e-01
303.450000,9.9931917931e-04,5.2491685451e-01
303.500000,9.9891565647e-04,5.4799315726e-01
303.550000,9.9732036836e-04,5.5320692264e-01
303.600000,9.9930831985e-04,4.9321539226e-01
303.650000,1.0029991872e-03,5.3457915786e-01
303.700000,1.0013553785e-03,5.3826371280e-01
303.750000,1.0018629107e-03,5.3435182388e-01
303.800000,1.0007783300e-03,5.0370198180e-01
303.850000,1.0004792775e-03,5.5994242240e-01
303.900000,1.0006302633e-03,5.6594662822e-01
303.950000,9.9869931075e-04,5.5048891452e-01
304.000000,1.0000031618e-03,5.3834448375e-01
304.050000,1.0003725391e-03,5.1333190194e-01
304.100000,9.9856303005e-04,5.3178112520e-01
304.150000,9.9855226813e-04,5.6259672646e-01
304.200000,9.9859326116e-04,5.2620423712e-01
304.250000,1.0001385066e-03,5.1747346931e-01
304.300000,9.9901880164e-04,5.2911180852e-01
304.350000,1.0016127690e-03,5.5677546265e-01
304.400000,9.9795503983e-04,5.1622624759e-01
304.450000,1.0004173005e-03,5.4683615876e-01
304.500000,9.9970373818e-04,5.3199698862e-01
304.550000,9.9988848556e-04,5.1078553099e-01
304.600000,9.9799021205e-04,5.7404094915e-01
304.650000,1.0009387444e-03,5.4588852502e-01
304.700000,1.0005466977e-03,5.5683461081e-01
304.750000,1.0012334182e-03,5.7488825892e-01
304.800000,9.9911473009e-04,5.4367843476e-01
304.850000,1.0011561278e-03,5.3918858235e-01
304.900000,9.9896237742e-04,5.6766453945e-01
304.950000,9.9879976066e-04,5.4291385050e-01
305.000000,9.9959285948e-04,5.0091307165e-01
305.050000,9.9940277824e-04,5.2463517625e-01
305.100000,9.9985500228e-04,5.8464766692e-01
305.150000,9.9988607645e-04,5.3564560688e-01
305.200000,1.0009760962e-03,5.5646048022e-01
305.250000,9.9856529277e-04,5.0116072524e-01
305.300000,9.9975880316e-04,5.5535610148e-01
305.350000,9.9955818919e-04,5.3301850318e-01
305.400000,9.9960163208e-04,5.7568672841e-01
305.450000,1.0010231898e-03,5.5641242146e-01
305.500000,1.0014233931e-03,5.6013688853e-01
305.550000,1.0009293930e-03,5.5067105152e-01
305.600000,9.9993834448e-04,5.5795606480e-01
305.650000,1.0011760950e-03,5.4942211395e-01
305.700000,9.9986937106e-04,5.6291621084e-01
305.750000,1.0001357494e-03,5.9219250447e-01
305.800000,1.0008477112e-03,5.2146547372e-01
305.850000,9.9911340245e-04,5.4625918143e-01
305.900000,1.0004024210e-03,5.5387979461e-01
305.950000,1.0001681511e-03,5.5907456873e-01
306.000000,9.9898753229e-04,5.6267833914e-01
306.050000,9.9995744798e-04,5.4361105971e-01
306.100000,1.0003911878e-03,5.6731295574e-01
306.150000,9.9993627614e-04,5.2653301038e-01
306.200000,9.9995467809e-04,5.5600154438e-01
306.250000,1.0001390390e-03,5.5443315121e-01
306.300000,1.0002383574e-03,5.4123908466e-01
306.350000,1.0001075714e-03,5.0866778676e-01
306.400000,9.9868238704e-04,5.1259398363e-01
306.450000,1.0004269216e-03,5.5630347467e-01
306.500000,9.9886627808e-04,5.4793237051e-01
306.550000,1.0010416902e-03,5.4477309718e-01
306.600000,1.0019948681e-03,5.1959210007e-01
306.650000,9.9956068539e-04,5.9497148255e-01
306.700000,9.9978457184e-04,5.1357557502e-01
306.750000,9.9896382195e-04,5.0158704974e-01
306.800000,1.0011224638e-03,5.3412774484e-01
306.850000,1.0018319471e-03,4.8627752212e-01
306.900000,1.0003346086e-03,5.6984299663e-01
306.950000,9.9864344507e-04,6.0045806439e-01
307.000000,9.9956673320e-04,5.3583064531e-01
307.050000,9.9927140125e-04,4.9065697195e-01
307.100000,1.0009704150e-03,5.4638426993e-01
307.150000,1.0002023385e-03,5.4783235710e-01
307.200000,9.9921252515e-04,5.5876066620e-01
307.250000,1.0019052460e-03,5.9192033838e-01
307.300000,1.0000098786e-03,5.6282820079e-01
307.350000,1.0003895267e-03,5.4962274487e-01
307.400000,1.0013993851e-03,5.4168850791e-01
307.450000,1.0013034245e-03,5.4015865185e-01
307.500000,1.0013444166e-03,5.4322717098e-01
307.550000,9.9918435024e-04,5.3655371074e-01
307.600000,1.0005129554e-03,5.8868940250e-01
307.650000,1.0010453237e-03,5.4410117924e-01
307.700000,9.9919638989e-04,5.5607056307e-01
307.750000,9.9990547461e-04,5.6326019743e-01
307.800000,1.0006951289e-03,5.2001490807e-01
307.850000,9.9956507784e-04,5.3874109316e-01
307.900000,9.9984796911e-04,5.3348008100e-01
307.950000,9.9998383541e-04,5.6261169637e-01
308.000000,1.0002906862e-03,6.1266037075e-01
308.050000,1.0010338927e-03,5.4809707694e-01
308.100000,9.9905172555e-04,5.2008165326e-01
308.150000,9.9965871752e-04,5.9166610547e-01
308.200000,1.0001580215e-03,5.7573472623e-01
308.250000,9.9971808111e-04,5.3349602528e-01
308.300000,1.0019503368e-03,5.8626616321e-01
308.350000,1.0002179115e-03,5.4535039177e-01
308.400000,9.9899503312e-04,4.9789055709e-01
308.450000,9.9956485272e-04,5.1208053618e-01
308.500000,9.9768626160e-04,5.0707616410e-01
308.550000,9.9940282863e-04,5.2979977146e-01
308.600000,9.9848381637e-04,5.2601832669e-01
308.650000,1.0009198798e-03,5.2466123893e-01
308.700000,9.9950518388e-04,6.0621254683e-01
308.750000,9.9979839726e-04,5.5109185255e-01
308.800000,1.0002997048e-03,5.5124676730e-01
308.850000,9.9990385385e-04,5.1714912021e-01
308.900000,1.0002076572e-03,5.3599529209e-01
308.950000,9.9932978783e-04,5.6006441059e-01
309.000000,9.9999127525e-04,5.6103764853e-01
309.050000,9.9903680763e-04,5.6580792929e-01
309.100000,9.9984294464e-04,5.6829054688e-01
309.150000,1.0023734876e-03,5.7015558200e-01
309.200000,9.9914501462e-04,5.2673192145e-01
309.250000,1.0004212953e-03,5.5096672795e-01
309.300000,1.0013939654e-03,5.5603983460e-01
309.350000,9.9878148932e-04,5.4743970079e-01
309.400000,1.0009969165e-03,5.2404979711e-01
309.450000,9.9894473507e-04,5.5563329909e-01
309.500000,9.9852380730e-04,5.6160660294e-01
309.550000,9.9992186972e-04,5.5722955369e-01
309.600000,9.9728923735e-04,5.0579217585e-01
309.650000,9.9926955357e-04,5.3990402559e-01
309.700000,1.0000748919e-03,5.6921780855e-01
309.750000,1.0011038134e-03,5.5958069959e-01
309.800000,9.9902766018e-04,5.3750983466e-01
309.850000,1.0017035559e-03,5.3847191639e-01
309.900000,1.0012921383e-03,5.5554463711e-01
309.950000,1.0009981272e-03,5.5842397215e-01
310.000000,9.9983929509e-04,5.3293912038e-01
310.050000,1.0026773819e-03,5.3749926629e-01
310.100000,9.9874984771e-04,5.5720586521e-01
310.150000,1.0007634347e-03,5.3686072206e-01
310.200000,9.9911907263e-04,4.8047831617e-01
310.250000,9.9837439134e-04,5.4850061098e-01
310.300000,1.0000912540e-03,6.0674811179e-01
310.350000,9.9919043240e-04,5.6620166840e-01
310.400000,1.0013995527e-03,5.1181864139e-01
310.450000,9.9983311834e-04,5.2585507637e-01
310.500000,1.0000602864e-03,5.0158927976e-01
310.550000,9.9889260626e-04,4.9703115419e-01
310.600000,1.0000734470e-03,5.3198396032e-01
310.650000,9.9893829146e-04,5.7708359984e-01
310.700000,9.9943224187e-04,5.4902608998e-01
310.750000,1.0017126620e-03,5.0715411272e-01
310.800000,9.9933744157e-04,5.6104266574e-01
310.850000,9.9950330822e-04,5.1716872321e-01
310.900000,1.0001639599e-03,5.5356531549e-01
310.950000,9.9890152419e-04,5.7053196071e-01
311.000000,1.0014941740e-03,5.5897187248e-01
311.050000,9.9981272425e-04,5.4017409729e-01
311.100000,1.0001694706e-03,5.3122319732e-01
311.150000,1.0007057095e-03,5.7452173017e-01
311.200000,1.0012246922e-03,5.3798641320e-01
311.250000,9.9764675740e-04,5.4377676407e-01
311.300000,1.0008110526e-03,5.4723195964e-01
311.350000,1.0003645217e-03,5.4159146242e-01
311.400000,1.0000676997e-03,5.7967410522e-01
311.450000,9.9936459443e-04,5.1090757502e-01
311.500000,9.9947014399e-04,5.5429120676e-01
311.550000,9.9940176240e-04,5.3318007701e-01
311.600000,9.9995659109e-04,5.8018483381e-01
311.650000,9.9993945525e-04,5.5677997111e-01
311.700000,9.9886957363e-04,5.1097319132e-01
311.750000,1.0003934923e-03,5.1506246483e-01
311.800000,9.9968742826e-04,5.3244988097e-01
311.850000,9.9938278444e-04,5.4440713054e-01
311.900000,1.0000694176e-03,5.4357540621e-01
311.950000,9.9925131562e-04,5.6735840918e-01
312.000000,9.9956672666e-04,5.6038530910e-01
312.050000,1.0020477756e-03,5.0374691020e-01
312.100000,1.0012513192e-03,5.1270226222e-01
312.150000,9.9997948079e-04,5.4452011341e-01
312.200000,1.0002643269e-03,5.8879433296e-01
312.250000,9.9846533992e-04,5.3795146404e-01
312.300000,1.0001071031e-03,5.2847678164e-01
312.350000,1.0026505129e-03,5.4902895798e-01
312.400000,9.9966319040e-04,4.9827670970e-01
312.450000,1.0001591308e-03,4.9885578942e-01
312.500000,9.9930389539e-04,5.3250614675e-01
312.550000,1.0003789586e-03,5.5787049255e-01
312.600000,1.0009102446e-03,5.3768753766e-01
312.650000,1.0000544283e-03,5.4076577798e-01
312.700000,9.9889464996e-04,5.8500955920e-01
312.750000,9.9960301349e-04,5.1606816768e-01
312.800000,9.9902049869e-04,5.6410138075e-01
312.850000,9.9906453496e-04,5.4487847683e-01
312.900000,9.9794999131e-04,5.6196200687e-01
312.950000,1.0003303243e-03,5.4961713762e-01
313.000000,1.0002550572e-03,5.7665062633e-01
313.050000,9.9899452828e-04,5.6626527880e-01
313.100000,9.9942272479e-04,5.7480111526e-01
313.150000,1.0007778349e-03,5.1404178354e-01
313.200000,1.0007403453e-03,5.3329653840e-01
313.250000,9.9860114526e-04,5.8584590091e-01
313.300000,1.0002007200e-03,5.5225746271e-01
313.350000,9.9910254943e-04,5.2130531284e-01
313.400000,9.9945045030e-04,5.8192039668e-01
313.450000,9.9935736647e-04,5.3714527236e-01
313.500000,9.9912678888e-04,4.9971402878e-01
313.550000,1.0016351782e-03,5.6737117776e-01
313.600000,9.9986632707e-04,5.2759153253e-01
313.650000,1.0000531181e-03,5.3883888961e-01
313.700000,9.9909624007e-04,4.8406176137e-01
313.750000,9.9781807675e-04,5.5461018698e-01
313.800000,1.0003182585e-03,5.1981988420e-01
313.850000,9.9983432784e-04,5.0959185945e-01
313.900000,9.9978359429e-04,5.0195150961e-01
313.950000,9.9912998342e-04,5.6773202868e-01
314.000000,1.0003644777e-03,5.6800217146e-01
314.050000,9.9849006125e-04,5.2107108714e-01
314.100000,9.9863417480e-04,5.6243079178e-01
314.150000,1.0014855248e-03,5.7196922276e-01
314.200000,9.9921157335e-04,5.8340086895e-01
314.250000,1.0013023573e-03,5.8079297597e-01
314.300000,9.9981763885e-04,5.8799596954e-01
314.350000,9.9995330044e-04,5.4931781011e-01
314.400000,1.0002179689e-03,5.3725049150e-01
314.450000,9.9980707769e-04,5.5270939217e-01
314.500000,9.9971798272e-04,5.4083572385e-01
314.550000,1.0000225766e-03,5.6825428653e-01
314.600000,1.0016424043e-03,6.0911642652e-01
314.650000,1.0003365184e-03,5.7607324357e-01
314.700000,9.9860291889e-04,5.4468933708e-01
314.750000,9.9837688715e-04,5.4327939697e-01
314.800000,9.9930142616e-04,5.4266308770e-01
314.850000,9.9939389274e-04,5.2217908682e-01
314.900000,9.9934687163e-04,5.2390672654e-01
314.950000,9.9919443094e-04,5.0875859325e-01
315.000000,9.9746753495e-04,5.2969553097e-01
315.050000,1.0000830800e-03,5.6862835411e-01
315.100000,1.0010294536e-03,5.3832534579e-01
315.150000,1.0016628753e-03,5.3732606753e-01
315.200000,1.0001164904e-03,5.8544894136e-01
315.250000,1.0004680911e-03,5.3948162582e-01
315.300000,1.0012340787e-03,5.2731184784e-01
315.350000,1.0014351843e-03,5.6784008851e-01
315.400000,9.9973966071e-04,5.1978268616e-01
315.450000,9.9932395172e-04,5.0769944885e-01
315.500000,9.9892065509e-04,5.8385236627e-01
315.550000,1.0005313671e-03,4.9087948475e-01
315.600000,1.0006053400e-03,5.3064492811e-01
315.650000,9.9947365242e-04,5.3937946664e-01
315.700000,9.9915705016e-04,5.5671852250e-01
315.750000,1.0000205777e-03,5.8168871018e-01
315.800000,1.0001552603e-03,5.5977250613e-01
315.850000,1.0004701155e-03,5.2503251769e-01
315.900000,1.0008540065e-03,4.8522777612e-01
315.950000,1.0001564743e-03,5.3090669904e-01
316.000000,9.9945791186e-04,5.7457529873e-01
316.050000,9.9936841474e-04,5.5426468382e-01
316.100000,9.9932544611e-04,5.4046805148e-01
316.150000,9.9938433208e-04,5.1266077900e-01
316.200000,9.9939824756e-04,5.1337751098e-01
316.250000,9.9905488446e-04,5.4754243047e-01
316.300000,9.9880634542e-04,5.6592821640e-01
316.350000,9.9934109043e-04,5.0100371425e-01
316.400000,1.0009685937e-03,5.3345606164e-01
316.450000,1.0003531446e-03,5.3875372153e-01
316.500000,1.0006171239e-03,5.7608456313e-01
316.550000,1.0015003624e-03,5.3249462844e-01
316.600000,1.0003723046e-03,5.7053995812e-01
316.650000,1.0009323551e-03,5.4566442650e-01
316.700000,1.0006092272e-03,5.8122485984e-01
316.750000,9.9870394071e-04,4.9477466612e-01
316.800000,1.0005339607e-03,5.6938182842e-01
316.850000,1.0004227585e-03,5.5655031929e-01
316.900000,1.0015126520e-03,5.3609015115e-01
316.950000,9.9988976337e-04,5.7160800797e-01
317.000000,9.9857934683e-04,5.5790646079e-01
317.050000,9.9912491685e-04,5.6610973505e-01
317.100000,1.0006547316e-03,5.7158567068e-01
317.150000,9.9779076897e-04,5.7262694996e-01
317.200000,9.9851999241e-04,5.6109203844e-01
317.250000,9.9775657193e-04,5.4177904450e-01
317.300000,9.9941574071e-04,5.8661915784e-01
317.350000,9.9974010056e-04,5.0220910691e-01
317.400000,9.9984442387e-04,5.6684759949e-01
317.450000,9.9951959526e-04,5.5734960900e-01
317.500000,1.0014941510e-03,4.7549555180e-01
317.550000,9.9973353113e-04,5.4071884163e-01
317.600000,9.9881798718e-04,4.8823031647e-01
317.650000,1.0019113321e-03,5.4715704717e-01
317.700000,9.9953483245e-04,5.3580009019e-01
317.750000,9.9793617855e-04,5.5543841632e-01
317.800000,9.9819412158e-04,5.4409961459e-01
317.850000,9.9921013633e-04,5.6729167847e-01
317.900000,9.9939600846e-04,5.3362973231e-01
317.950000,9.9973260124e-04,5.6539961584e-01
318.000000,1.0006844547e-03,5.4028487858e-01
318.050000,1.0009487121e-03,5.4122278117e-01
318.100000,1.0013621936e-03,5.2693052487e-01
318.150000,9.9911917194e-04,5.4327547220e-01
318.200000,1.0002698422e-03,5.3446953603e-01
318.250000,9.9980555483e-04,5.1595467462e-01
318.300000,1.0011299007e-03,5.1038523616e-01
318.350000,1.0009241690e-03,5.2968243041e-01
318.400000,9.9868980958e-04,5.8688505688e-01
318.450000,1.0007337104e-03,5.2026704300e-01
318.500000,1.0006989497e-03,5.9680666438e-01
318.550000,1.0000588803e-03,5.6946785015e-01
318.600000,1.0005134368e-03,5.7521848547e-01
318.650000,9.9947436565e-04,5.6818971728e-01
318.700000,1.0018357102e-03,5.3511666186e-01
318.750000,9.9937017494e-04,5.2381370442e-01
318.800000,9.9892418302e-04,5.4250118168e-01
318.850000,1.0007650106e-03,5.7168543075e-01
318.900000,1.0004920744e-03,5.2293585490e-01
318.950000,1.0000374521e-03,5.3867080844e-01
319.000000,9.9914826934e-04,5.6810583832e-01
319.050000,1.0013853447e-03,5.3348364796e-01
319.100000,9.9801942119e-04,5.3392331908e-01
319.150000,1.0009769688e-03,5.7038593528e-01
319.200000,1.0007693719e-03,5.6008538034e-01
319.250000,1.0003948470e-03,5.7193558389e-01
319.300000,9.9963469631e-04,5.6201701155e-01
319.350000,9.9853853698e-04,5.6596811350e-01
319.400000,9.9987378745e-04,5.4226760035e-01
319.450000,1.0020387165e-03,5.1282302799e-01
319.500000,9.9823472168e-04,5.7363804619e-01
319.550000,9.9989534236e-04,5.5473752338e-01
319.600000,9.9966094598e-04,5.6354577289e-01
319.650000,9.9954767630e-04,5.5019692220e-01
319.700000,9.9971453555e-04,5.8424440917e-01
319.750000,1.0006713231e-03,5.7860378617e-01
319.800000,9.9806915680e-04,6.2020585461e-01
319.850000,9.9884966798e-04,5.3346817083e-01
319.900000,9.9948265563e-04,5.9557071573e-01
319.950000,9.9991053302e-04,5.4302491235e-01
320.000000,1.0005457774e-03,5.6390367035e-01
320.050000,9.9961995692e-04,5.4337867779e-01
320.100000,9.9888940222e-04,5.3982388401e-01
320.150000,1.0008139085e-03,5.3645216265e-01
320.200000,1.0011708678e-03,5.2655544692e-01
320.250000,1.0007749406e-03,5.6678742396e-01
320.300000,1.0003902100e-03,5.0533107966e-01
320.350000,1.0004736484e-03,5.6665421937e-01
320.400000,9.9909464815e-04,5.2767404857e-01
320.450000,1.0013060430e-03,5.5973960385e-01
320.500000,9.9937908723e-04,5.1614858592e-01
320.550000,1.0003894534e-03,5.6492987389e-01
320.600000,1.0015896438e-03,6.1024555021e-01
320.650000,1.0002865797e-03,5.3710761004e-01
320.700000,1.0007050667e-03,4.9805649684e-01
320.750000,9.9954533966e-04,5.5041206246e-01
320.800000,1.0017374673e-03,5.3214683670e-01
320.850000,9.9846621944e-04,4.7437153447e-01
320.900000,9.9981003150e-04,5.5979677458e-01
320.950000,1.0013741610e-03,5.4604071913e-01
321.000000,9.9842391013e-04,5.0870134960e-01
321.050000,9.9968063834e-04,5.7337033218e-01
321.100000,9.9935638560e-04,5.1256195782e-01
321.150000,1.0003095857e-03,5.3868815801e-01
321.200000,1.0007376783e-03,5.0430799580e-01
321.250000,9.9977917903e-04,5.5238345862e-01
321.300000,9.9985039356e-04,5.5652104784e-01
321.350000,9.9953199994e-04,5.4903424572e-01
321.400000,9.9888026705e-04,5.2232505381e-01
321.450000,1.0005098016e-03,5.1808862389e-01
321.500000,9.9882920410e-04,5.2924861368e-01
321.550000,9.9956972333e-04,5.5919357096e-01
321.600000,9.9913679520e-04,5.8380683098e-01
321.650000,9.9974553393e-04,5.3253236623e-01
321.700000,1.0010742974e-03,5.1935269872e-01
321.750000,9.9903303466e-04,5.8201236093e-01
321.800000,9.9968993771e-04,5.2294801075e-01
321.850000,1.0015432820e-03,5.6031616943e-01
321.900000,1.0009440229e-03,5.4902614763e-01
321.950000,1.0010382527e-03,5.5782104271e-01
322.000000,1.0009291437e-03,5.4906430546e-01
322.050000,1.0009014657e-03,5.6171518394e-01
322.100000,1.0001685729e-03,5.7938807366e-01
322.150000,9.9844847451e-04,5.3571674978e-01
322.200000,9.9933089663e-04,5.5854829027e-01
322.250000,1.0012975660e-03,5.2054681640e-01
322.300000,1.0014942038e-03,5.1833526336e-01
322.350000,1.0005744792e-03,5.0206373095e-01
322.400000,9.9946739177e-04,5.2316366379e-01
322.450000,9.9905792503e-04,5.3894556736e-01
322.500000,9.9751120793e-04,4.9974230602e-01
322.550000,1.0011859767e-03,5.6429970943e-01
322.600000,9.9952744732e-04,5.3545558515e-01
322.650000,1.0013845734e-03,5.9933040066e-01
322.700000,1.0002753658e-03,5.6545398543e-01
322.750000,1.0009537982e-03,5.2337654145e-01
322.800000,1.0004925255e-03,5.5012976279e-01
322.850000,1.0005961155e-03,5.1017156757e-01
322.900000,9.9784625474e-04,5.0522391850e-01
322.950000,1.0002936753e-03,5.4896884642e-01
323.000000,1.0022583637e-03,4.9973493896e-01
323.050000,1.0009614684e-03,5.2956222470e-01
323.100000,9.9895183693e-04,5.7468737574e-01
323.150000,9.9958078841e-04,5.4723877662e-01
323.200000,1.0005251870e-03,5.9928821362e-01
323.250000,1.0004564685e-03,5.5897240404e-01
323.300000,1.0000179709e-03,5.8712071805e-01
323.350000,9.9982403597e-04,5.5979291712e-01
323.400000,9.9845711896e-04,4.9452013117e-01
323.450000,1.0028878631e-03,5.3894976351e-01
323.500000,9.9969918048e-04,5.1683586621e-01
323.550000,1.0006554979e-03,5.4760828933e-01
323.600000,9.9933840179e-04,5.2419553713e-01
323.650000,9.9988150816e-04,5.4882604376e-01
323.700000,1.0001082816e-03,5.0743515769e-01
323.750000,1.0000680573e-03,5.4453134662e-01
323.800000,9.9993830502e-04,5.4403683058e-01
323.850000,1.0004322516e-03,5.3244258089e-01
323.900000,9.9991210662e-04,5.4610403212e-01
323.950000,9.9894405511e-04,5.6554371267e-01
324.000000,9.9910147434e-04,5.3448373135e-01
324.050000,9.9956385094e-04,5.5667937146e-01
324.100000,9.9980516479e-04,5.3345573754e-01
324.150000,9.9915016955e-04,5.2493125623e-01
324.200000,9.9896588263e-04,5.4277422534e-01
324.250000,9.9954868290e-04,5.4763211596e-01
324.300000,1.0000298588e-03,5.5709528132e-01
324.350000,9.9859739677e-04,5.5729411514e-01
324.400000,1.0014075974e-03,5.4833064518e-01
324.450000,9.9755339784e-04,5.5108468551e-01
324.500000,1.0002865800e-03,4.7426227241e-01
324.550000,1.0007903798e-03,5.4801380536e-01
324.600000,9.9995217716e-04,5.1323110335e-01
324.650000,9.9994382491e-04,5.4276595854e-01
324.700000,1.0010763465e-03,6.0236153746e-01
324.750000,1.0005037922e-03,5.1292679228e-01
324.800000,9.9941070310e-04,5.6803003768e-01
324.850000,1.0016222312e-03,5.6216031724e-01
324.900000,9.9909601632e-04,5.3883251990e-01
324.950000,9.9994140786e-04,4.7812456056e-01
325.000000,9.9932298590e-04,4.9045940013e-01
325.050000,9.9990735818e-04,5.5811513437e-01
325.100000,1.0019632865e-03,5.6889195963e-01
325.150000,1.0000240981e-03,5.4003985924e-01
325.200000,9.9921185684e-04,5.5165119339e-01
325.250000,9.9997378097e-04,5.5627909027e-01
325.300000,9.9852847045e-04,5.3920774532e-01
325.350000,9.9920114001e-04,5.3271730034e-01
325.400000,9.9910334199e-04,5.0979615647e-01
325.450000,9.9958350535e-04,5.7155717094e-01
325.500000,1.0002729327e-03,4.9842511159e-01
325.550000,1.0010323467e-03,5.6389650140e-01
325.600000,1.0007326347e-03,5.2053585516e-01
325.650000,1.0010358829e-03,5.3054756752e-01
325.700000,9.9932493458e-04,5.2406294772e-01
325.750000,9.9904774119e-04,5.4421822337e-01
325.800000,1.0001807163e-03,5.3169061898e-01
325.850000,1.0006322422e-03,5.1964945923e-01
325.900000,1.0001794748e-03,5.5935658169e-01
325.950000,9.9840737568e-04,5.4917365861e-01
326.000000,1.0003119973e-03,5.7563270063e-01
326.050000,1.0008087303e-03,5.6324400965e-01
326.100000,1.0008327747e-03,5.6015082073e-01
326.150000,1.0005173106e-03,5.4356519786e-01
326.200000,9.9853085618e-04,5.8786709542e-01
326.250000,1.0005282824e-03,5.3181532728e-01
326.300000,9.9993793564e-04,5.8634203332e-01
326.350000,1.0002851126e-03,5.6327536416e-01
326.400000,1.0006005272e-03,6.0537432597e-01
326.450000,1.0010407352e-03,4.8725867651e-01
326.500000,1.0002313529e-03,5.5581519766e-01
326.550000,9.9939577322e-04,5.0449460785e-01
326.600000,1.0008228921e-03,5.1242637893e-01
326.650000,1.0010243039e-03,5.2192764785e-01
326.700000,1.0002304557e-03,5.2323049443e-01
326.750000,9.9879555982e-04,5.2132643653e-01
326.800000,9.9959830495e-04,5.5209180860e-01
326.850000,1.0011425786e-03,5.4028981642e-01
326.900000,1.0020132934e-03,5.0500312612e-01
326.950000,9.9931884073e-04,5.4896120406e-01
327.000000,9.9984065014e-04,5.6888698450e-01
327.050000,1.0008412204e-03,5.4067838872e-01
327.100000,9.9965487607e-04,5.3171334753e-01
327.150000,9.9868524081e-04,4.8697264931e-01
327.200000,9.9930184378e-04,5.3145779073e-01
327.250000,9.9840645994e-04,5.0748659456e-01
327.300000,9.9889864145e-04,5.2804383688e-01
327.350000,9.9875323217e-04,5.9961095619e-01
327.400000,1.0000167075e-03,5.1520208286e-01
327.450000,9.9929869267e-04,5.5096245982e-01
327.500000,1.0019130523e-03,5.7192271724e-01
327.550000,1.0013979342e-03,5.2717112056e-01
327.600000,1.0011970253e-03,4.9771524834e-01
327.650000,9.9759349559e-04,5.2745048820e-01
327.700000,1.0013563444e-03,5.5932768137e-01
327.750000,1.0010620992e-03,5.8028209049e-01
327.800000,9.9935977767e-04,5.4489748169e-01
327.850000,9.9994682235e-04,5.6073012524e-01
327.900000,1.0016548644e-03,5.3746397302e-01
327.950000,9.9911292907e-04,5.3913885559e-01
328.000000,9.9906759071e-04,5.5763240536e-01
328.050000,9.9650778478e-04,5.5657748884e-01
328.100000,9.9837217722e-04,5.3198886515e-01
328.150000,9.9912654920e-04,5.3008833554e-01
328.200000,1.0010661130e-03,5.5670938828e-01
328.250000,9.9995205933e-04,5.0958853872e-01
328.300000,9.9829952787e-04,5.4813519564e-01
328.350000,1.0007185332e-03,5.6605425206e-01
328.400000,1.0005874977e-03,5.2376638598e-01
328.450000,1.0002794998e-03,5.2153827951e-01
328.500000,1.0008137872e-03,5.5804712595e-01
328.550000,9.9896681461e-04,5.0986132612e-01
328.600000,9.9957750827e-04,5.2974458262e-01
328.650000,1.0000862322e-03,5.3919973024e-01
328.700000,1.0010142177e-03,5.5551545384e-01
328.750000,9.9869438890e-04,4.8518682098e-01
328.800000,9.9759674105e-04,5.4068186555e-01
328.850000,9.9941693585e-04,5.8183948543e-01
328.900000,9.9909742906e-04,5.2110311637e-01
328.950000,9.9948936393e-04,5.8045040007e-01
329.000000,9.9997807090e-04,5.6106766676e-01
329.050000,9.9898329998e-04,5.0778475420e-01
329.100000,9.9976502059e-04,5.3304500787e-01
329.150000,9.9912303623e-04,5.1126134701e-01
329.200000,1.0000082377e-03,5.8352494342e-01
329.250000,1.0005022480e-03,5.2252532592e-01
329.300000,1.0013835052e-03,5.7429816975e-01
329.350000,1.0012694370e-03,5.1574756266e-01
329.400000,9.9999837153e-04,5.7958046098e-01
329.450000,1.0004472275e-03,5.9812561649e-01
329.500000,1.0000787007e-03,5.4480905250e-01
329.550000,9.9869160015e-04,5.3401527891e-01
329.600000,9.9993733263e-04,5.7119818138e-01
329.650000,1.0008846818e-03,4.9242216711e-01
329.700000,1.0005622533e-03,5.1562113644e-01
329.750000,9.9926824717e-04,5.6156436258e-01
329.800000,9.9838805707e-04,5.6215111261e-01
329.850000,1.0006569673e-03,5.9611188696e-01
329.900000,1.0002878414e-03,5.3040172054e-01
329.950000,1.0000461071e-03,5.6295993932e-01
330.000000,9.9811613684e-04,5.3175764211e-01
330.050000,9.9802607333e-04,5.2563752888e-01
330.100000,1.0007587973e-03,5.3275261297e-01
330.150000,1.0005456233e-03,5.8944727653e-01
330.200000,9.9995287247e-04,5.1771099640e-01
330.250000,1.0009575097e-03,5.2287730248e-01
330.300000,1.0001247509e-03,5.5685212559e-01
330.350000,9.9964877969e-04,5.6532329550e-01
330.400000,1.0004900832e-03,5.6817240953e-01
330.450000,9.9837920908e-04,5.3418544000e-01
330.500000,1.0003927455e-03,5.3820443892e-01
330.550000,1.0007077537e-03,5.7738944311e-01
330.600000,1.0010496698e-03,5.5090541602e-01
330.650000,9.9960345245e-04,5.1605597633e-01
330.700000,9.9952996119e-04,5.4102480718e-01
330.750000,9.9960888640e-04,5.1573965134e-01
330.800000,9.9868318586e-04,5.1965869973e-01
330.850000,1.0002649221e-03,5.6708660778e-01
330.900000,9.9997423297e-04,5.4521711823e-01
330.950000,1.0008754148e-03,5.9764759767e-01
331.000000,9.9996957878e-04,5.3100991006e-01
331.050000,9.9856282800e-04,5.3373433319e-01
331.100000,9.9848389590e-04,5.6801934159e-01
331.150000,1.0005760782e-03,5.4686953432e-01
331.200000,1.0009901248e-03,5.2823279964e-01
331.250000,1.0007125573e-03,5.2597317676e-01
331.300000,9.9932924098e-04,6.2888383275e-01
331.350000,9.9921948072e-04,5.6289518392e-01
331.400000,9.9826042459e-04,5.6448130778e-01
331.450000,1.0010273453e-03,5.3080820805e-01
331.500000,9.9962026974e-04,5.0855171412e-01
331.550000,1.0014824153e-03,5.3267938343e-01
331.600000,1.0009122982e-03,5.3565817777e-01
331.650000,9.9989884271e-04,5.4846865673e-01
331.700000,1.0001918560e-03,5.2646182931e-01
331.750000,1.0006710063e-03,5.8636483304e-01
331.800000,9.9944184389e-04,5.3333688047e-01
331.850000,1.0019746363e-03,5.1485099574e-01
331.900000,1.0005058205e-03,5.5581745222e-01
331.950000,1.0003356659e-03,5.6458689095e-01
332.000000,1.0008245131e-03,5.6654313720e-01
332.050000,9.9984165953e-04,5.3301060291e-01
332.100000,1.0004861893e-03,5.1049317273e-01
332.150000,9.9966203961e-04,5.3011509870e-01
332.200000,9.9959703622e-04,5.8833889207e-01
332.250000,1.0013212225e-03,5.1376352813e-01
332.300000,9.9900131982e-04,5.6359462390e-01
332.350000,9.9762454352e-04,5.4820622459e-01
332.400000,9.9921599989e-04,5.3037140009e-01
332.450000,1.0010361507e-03,5.3147570800e-01
332.500000,9.9924630748e-04,5.5262782767e-01
332.550000,9.9935917695e-04,5.2024628174e-01
332.600000,1.0001629036e-03,5.6954396706e-01
332.650000,1.0014741081e-03,5.5414979845e-01
332.700000,1.0002000907e-03,4.7536703637e-01
332.750000,1.0004855583e-03,5.4488050210e-01
332.800000,9.9954962365e-04,5.5729562346e-01
332.850000,1.0001959705e-03,5.3566933809e-01
332.900000,1.0001172433e-03,5.2945966827e-01
332.950000,1.0001503533e-03,5.6876071564e-01
333.000000,1.0012536295e-03,5.2519873008e-01
333.050000,1.0014360031e-03,5.3160753384e-01
333.100000,9.9985784490e-04,5.5677812987e-01
333.150000,9.9964994506e-04,5.7025217141e-01
333.200000,9.9938500812e-04,6.1797820026e-01
333.250000,1.0003618210e-03,6.2615557163e-01
333.300000,1.0003127927e-03,5.3009355170e-01
333.350000,1.0008975240e-03,5.6857650284e-01
333.400000,1.0005632383e-03,5.4650052152e-01
333.450000,1.0011612643e-03,5.4627822225e-01
333.500000,9.9934639812e-04,5.6059181105e-01
333.550000,9.9970951728e-04,5.7902453862e-01
333.600000,9.9993710539e-04,5.2741293701e-01
333.650000,1.0008992635e-03,5.9305637874e-01
333.700000,1.0008598482e-03,5.5608485984e-01
333.750000,9.9918964635e-04,5.5864365084e-01
333.800000,9.9759317158e-04,5.4584807772e-01
333.850000,1.0009929341e-03,5.2336926605e-01
333.900000,9.9918862596e-04,5.4944772785e-01
333.950000,1.0002312580e-03,5.6475546940e-01
334.000000,1.0018410050e-03,5.8823688682e-01
334.050000,1.0003551350e-03,5.2108969464e-01
334.100000,9.9937946655e-04,5.6544277207e-01
334.150000,1.0028708593e-03,5.3102180263e-01
334.200000,9.9924919143e-04,5.0894379182e-01
334.250000,1.0025170600e-03,5.7247673369e-01
334.300000,1.0004239954e-03,4.5469450966e-01
334.350000,1.0004332481e-03,5.6362053243e-01
334.400000,1.0017093275e-03,5.5903801485e-01
334.450000,9.9924943818e-04,5.7898122643e-01
334.500000,9.9977145567e-04,4.5410349540e-01
334.550000,9.9999023985e-04,5.5734692311e-01
334.600000,9.9769004592e-04,5.6147398117e-01
334.650000,9.9803557675e-04,5.0631535443e-01
334.700000,9.9918498547e-04,5.3605564555e-01
334.750000,9.9898943183e-04,5.7758673492e-01
334.800000,1.0005426760e-03,5.8891661750e-01
334.850000,1.0002320416e-03,5.6073114768e-01
334.900000,1.0024838650e-03,6.0272262865e-01
334.950000,9.9951708164e-04,5.6507357428e-01
335.000000,9.9845220089e-04,5.6264351441e-01
335.050000,1.0007679465e-03,4.8465073876e-01
335.100000,9.9971583841e-04,5.3629905106e-01
335.150000,1.0002438499e-03,5.8144676508e-01
335.200000,1.0000419475e-03,5.5386026661e-01
335.250000,9.9945648401e-04,5.7549416006e-01
335.300000,9.9828754628e-04,5.5747904934e-01
335.350000,1.0010971146e-03,5.1386432497e-01
335.400000,9.9894785471e-04,5.7895776646e-01
335.450000,1.0003132961e-03,5.6788796948e-01
335.500000,9.9938695071e-04,5.0916648192e-01
335.550000,1.0004789019e-03,5.2696870314e-01
335.600000,1.0005684287e-03,5.6567210933e-01
335.650000,9.9806576039e-04,5.1571782692e-01
335.700000,9.9977520407e-04,5.0506290513e-01
335.750000,1.0004156886e-03,5.3585183401e-01
335.800000,9.9920002728e-04,5.3225079058e-01
335.850000,9.9881524721e-04,5.1729697987e-01
335.900000,1.0003450247e-03,5.0093759199e-01
335.950000,9.9874631968e-04,5.3299986914e-01
336.000000,1.0006375249e-03,5.4595145566e-01
336.050000,9.9890936953e-04,5.7987065330e-01
336.100000,1.0018157576e-03,5.2723556937e-01
336.150000,1.0003423169e-03,5.3940259385e-01
336.200000,1.0008959804e-03,5.4411271005e-01
336.250000,9.9966202808e-04,5.1478928598e-01
336.300000,1.0001927776e-03,5.4206991076e-01
336.350000,1.0009940700e-03,5.5126412776e-01
336.400000,9.9983961292e-04,5.8937705597e-01
336.450000,9.9921966974e-04,5.7631592364e-01
336.500000,9.9914407969e-04,5.5557444328e-01
336.550000,1.0005780881e-03,5.3811109458e-01
336.600000,9.9982168835e-04,4.7298122622e-01
336.650000,1.0004813369e-03,5.3913566648e-01
336.700000,9.9898525563e-04,5.5907342733e-01
336.750000,9.9935866879e-04,5.3184866821e-01
336.800000,9.9851374456e-04,5.4879819395e-01
336.850000,1.0000660105e-03,5.7244359512e-01
336.900000,9.9947454464e-04,5.7696428547e-01
336.950000,1.0008019982e-03,4.9644919152e-01
337.000000,9.9953788381e-04,5.2004500569e-01
337.050000,9.9923954115e-04,5.5130321233e-01
337.100000,1.0016883623e-03,5.2973440688e-01
337.150000,1.0004666507e-03,5.4479514575e-01
337.200000,1.0012581423e-03,5.2990210149e-01
337.250000,1.0016154620e-03,5.0342220751e-01
337.300000,9.9777008657e-04,5.6128022060e-01
337.350000,1.0028261440e-03,5.4897313675e-01
337.400000,1.0008424514e-03,5.4208477032e-01
337.450000,9.9944818371e-04,5.5788163629e-01
337.500000,9.9981732792e-04,5.5026427579e-01
337.550000,1.0009665387e-03,5.4510480094e-01
337.600000,9.9872086226e-04,5.4291067775e-01
337.650000,1.0008420973e-03,5.5087827975e-01
337.700000,1.0009056856e-03,5.4966039953e-01
337.750000,1.0009412975e-03,5.3146764882e-01
337.800000,9.9969355908e-04,5.3245801258e-01
337.850000,1.0002281616e-03,5.4477981406e-01
337.900000,1.0000122380e-03,5.3909931612e-01
337.950000,1.0004722925e-03,5.6142564548e-01
338.000000,1.0013464023e-03,5.0705379230e-01
338.050000,1.0010030622e-03,5.2277134046e-01
338.100000,9.9850691660e-04,5.5227836713e-01
338.150000,9.9994730254e-04,5.4178977450e-01
338.200000,9.9984044026e-04,5.5042580824e-01
338.250000,9.9893327578e-04,5.0858281581e-01
338.300000,1.0006665906e-03,5.0040396949e-01
338.350000,1.0002704912e-03,5.4291256184e-01
338.400000,1.0002240440e-03,5.2522668394e-01
338.450000,1.0020894295e-03,5.2152245461e-01
338.500000,9.9922014886e-04,5.1291364398e-01
338.550000,9.9940174788e-04,5.5401759543e-01
338.600000,1.0016659302e-03,5.7889095112e-01
338.650000,1.0016600740e-03,5.6135451437e-01
338.700000,1.0007687887e-03,5.5299301529e-01
338.750000,9.9972609137e-04,5.7084177832e-01
338.800000,9.9864659311e-04,5.3300914805e-01
338.850000,1.0000077348e-03,4.8641587981e-01
338.900000,9.9925747949e-04,5.6629157603e-01
338.950000,9.9910149969e-04,5.4934664118e-01
339.000000,1.0003661981e-03,5.5583443548e-01
339.050000,1.0002134000e-03,5.5866058036e-01
339.100000,1.0006843612e-03,5.1704093913e-01
339.150000,9.9959817597e-04,4.5249634811e-01
339.200000,1.0010712769e-03,5.1053260594e-01
339.250000,1.0002830453e-03,5.3635254656e-01
339.300000,1.0006645260e-03,5.4282841276e-01
339.350000,1.0012658835e-03,5.3872120035e-01
339.400000,9.9973743503e-04,5.4575714245e-01
339.450000,1.0013344693e-03,6.1058946415e-01
339.500000,1.0004127474e-03,5.5258017643e-01
339.550000,9.9958049342e-04,5.0505714838e-01
339.600000,9.9988551014e-04,5.6236498977e-01
339.650000,9.9870753187e-04,5.4174063192e-01
339.700000,9.9875522573e-04,5.5232221738e-01
339.750000,9.9924788263e-04,5.5963668522e-01
339.800000,1.0003415302e-03,4.8215786627e-01
339.850000,1.0003123085e-03,5.4363573863e-01
339.900000,1.0010344411e-03,5.6731779496e-01
339.950000,9.9950294485e-04,5.8322483490e-01
340.000000,9.9962479268e-04,5.5036034510e-01
340.050000,1.0003654773e-03,5.5815311807e-01
340.100000,1.0010593774e-03,5.1528212267e-01
340.150000,9.9906911851e-04,5.9465534413e-01
340.200000,9.9929865961e-04,6.0361905844e-01
340.250000,1.0005680326e-03,5.3574705525e-01
340.300000,1.0009636284e-03,5.7967926623e-01
340.350000,9.9971088567e-04,5.4140697577e-01
340.400000,1.0002884387e-03,5.6403796558e-01
340.450000,1.0012883942e-03,5.2781165515e-01
340.500000,1.0002877331e-03,5.6187702401e-01
340.550000,1.0000761988e-03,5.5326884805e-01
340.600000,9.9899367932e-04,5.7259782616e-01
340.650000,1.0007479753e-03,5.7771268775e-01
340.700000,1.0002829518e-03,5.2840156501e-01
340.750000,9.9922309253e-04,5.7517555891e-01
340.800000,1.0016142009e-03,5.1696195636e-01
340.850000,9.9986331279e-04,5.2719299884e-01
340.900000,9.9789212072e-04,5.6956916979e-01
340.950000,1.0006807177e-03,5.3230089144e-01
341.000000,1.0005849061e-03,6.1492236193e-01
341.050000,1.0004876142e-03,5.3598320135e-01
341.100000,9.9944256743e-04,5.9208645035e-01
341.150000,1.0004377814e-03,5.4880397357e-01
341.200000,9.9978272247e-04,5.2092472193e-01
341.250000,1.0004653723e-03,5.3247795073e-01
341.300000,1.0019484654e-03,5.6924840794e-01
341.350000,1.0009855555e-03,5.5760705773e-01
341.400000,1.0009786348e-03,5.0898241269e-01
341.450000,1.0009871855e-03,5.6590148678e-01
341.500000,1.0019756397e-03,5.5584756766e-01
341.550000,1.0005020319e-03,5.2170914287e-01
341.600000,1.0010328512e-03,5.3003100389e-01
341.650000,1.0007718463e-03,5.3941726921e-01
341.700000,9.9992210441e-04,5.1502669744e-01
341.750000,9.9845169653e-04,5.8652871924e-01
341.800000,9.9903903306e-04,5.0772914484e-01
341.850000,1.0005756156e-03,5.4181468170e-01
341.900000,9.9978602205e-04,5.9238460860e-01
341.950000,1.0022734629e-03,5.5674372336e-01
342.000000,9.9853274579e-04,5.7050747329e-01
342.050000,1.0022775239e-03,6.0021519629e-01
342.100000,1.0002094379e-03,5.1146137487e-01
342.150000,1.0006650753e-03,5.1387153481e-01
342.200000,9.9825276944e-04,5.0464659264e-01
342.250000,1.0005678120e-03,5.1428096218e-01
342.300000,1.0000938857e-03,5.4941186816e-01
342.350000,1.0001066829e-03,5.7697809108e-01
342.400000,1.0000273106e-03,5.4357407329e-01
342.450000,1.0023258771e-03,5.4113953911e-01
342.500000,9.9888724875e-04,5.3541675725e-01
342.550000,1.0013626751e-03,5.1048051029e-01
342.600000,1.0007773714e-03,5.3211824096e-01
342.650000,9.9859316314e-04,5.7591683924e-01
342.700000,1.0007099943e-03,5.4067856198e-01
342.750000,9.9897259696e-04,5.4017013862e-01
342.800000,1.0013815250e-03,5.1624572153e-01
342.850000,1.0019850446e-03,5.8676621361e-01
342.900000,1.0016183924e-03,5.4680233455e-01
342.950000,9.9946298517e-04,5.2299577754e-01
343.000000,1.0002614472e-03,5.5263926168e-01
343.050000,1.0009876838e-03,5.1088264741e-01
343.100000,9.9939932601e-04,5.3323964280e-01
343.150000,9.9938275869e-04,5.2932936878e-01
343.200000,9.9882411602e-04,5.5795586530e-01
343.250000,1.0002913014e-03,5.2928276091e-01
343.300000,9.9957458027e-04,5.5340102295e-01
343.350000,1.0004948180e-03,5.5163949169e-01
343.400000,9.9892718934e-04,4.6914778292e-01
343.450000,1.0005448653e-03,5.1034384676e-01
343.500000,1.0000484596e-03,5.6846983166e-01
343.550000,1.0014939944e-03,5.3288156882e-01
343.600000,9.9992290130e-04,4.8623432521e-01
343.650000,9.9953156869e-04,5.3680485051e-01
343.700000,1.0009281413e-03,5.3744663021e-01
343.750000,9.9938202521e-04,4.9715696081e-01
343.800000,9.9883966258e-04,5.4650780556e-01
343.850000,9.9848546379e-04,5.2675540021e-01
343.900000,1.0006657797e-03,5.6322928286e-01
343.950000,1.0009883215e-03,5.0632714647e-01
344.000000,9.9902162080e-04,5.6667307833e-01
344.050000,1.0022252796e-03,5.3459782533e-01
344.100000,1.0006797474e-03,5.2432031423e-01
344.150000,1.0008841817e-03,5.4013338328e-01
344.200000,9.9886513884e-04,5.3904630544e-01
344.250000,1.0013519277e-03,5.4777948004e-01
344.300000,1.0001213796e-03,5.4528614456e-01
344.350000,1.0019710419e-03,4.9778414334e-01
344.400000,1.0015889496e-03,5.3431954908e-01
344.450000,9.9804821727e-04,5.6027101999e-01
344.500000,9.9991492875e-04,5.2971889392e-01
344.550000,1.0002906672e-03,5.6591578060e-01
344.600000,9.9767131008e-04,5.5525476399e-01
344.650000,9.9799594241e-04,5.7151550125e-01
344.700000,1.0005334394e-03,5.5758178647e-01
344.750000,9.9920206406e-04,5.2009332088e-01
344.800000,1.0010240690e-03,5.8365464875e-01
344.850000,9.9861654087e-04,5.4191717415e-01
344.900000,1.0014850386e-03,5.1725517788e-01
344.950000,1.0007468410e-03,5.3353230827e-01
345.000000,1.0002358502e-03,6.1690833165e-01
345.050000,9.9943568835e-04,5.4910209706e-01
345.100000,9.9941305294e-04,5.2001334262e-01
345.150000,1.0000071073e-03,5.1131944650e-01
345.200000,1.0001397894e-03,5.3411633739e-01
345.250000,1.0019215350e-03,5.7730850298e-01
345.300000,1.0016655044e-03,5.6664240843e-01
345.350000,1.0008971754e-03,4.8757635798e-01
345.400000,1.0004642059e-03,5.3443777757e-01
345.450000,1.0008725368e-03,5.2404514834e-01
345.500000,9.9987616274e-04,5.5359171367e-01
345.550000,9.9848590712e-04,6.0170439129e-01
345.600000,1.0001308268e-03,5.2825483543e-01
345.650000,1.0001537578e-03,5.2734362408e-01
345.700000,9.9977829245e-04,5.5460587965e-01
345.750000,9.9890883338e-04,5.5122214915e-01
345.800000,9.9746738313e-04,4.8321016546e-01
345.850000,9.9826619872e-04,5.3684877976e-01
345.900000,9.9923998382e-04,5.5372058381e-01
345.950000,1.0000244776e-03,5.2419520736e-01
346.000000,1.0008290208e-03,5.6881255923e-01
346.050000,1.0008697642e-03,5.6332958638e-01
346.100000,1.0010814938e-03,5.7111054284e-01
346.150000,9.9927882931e-04,5.3755699231e-01
346.200000,9.9985522854e-04,5.7546738486e-01
346.250000,1.0013564046e-03,5.2473513587e-01
346.300000,1.0001725358e-03,5.5987713247e-01
346.350000,9.9921284942e-04,5.6579356581e-01
346.400000,9.9865923063e-04,5.8878231926e-01
346.450000,9.9994692675e-04,5.1179220426e-01
346.500000,9.9948271812e-04,5.8804003277e-01
346.550000,1.0009438543e-03,5.8933170885e-01
346.600000,9.9976002143e-04,4.9871991036e-01
346.650000,9.9897543154e-04,5.6865145972e-01
346.700000,9.9906605041e-04,5.6829993564e-01
346.750000,9.9991054515e-04,5.3494712915e-01
346.800000,1.0006949533e-03,5.7737847876e-01
346.850000,9.9974485019e-04,5.0586074558e-01
346.900000,1.0002704907e-03,5.8958554876e-01
346.950000,1.0009969958e-03,5.0300568312e-01
347.000000,1.0024870657e-03,4.9810025698e-01
347.050000,9.9926590391e-04,5.4803454102e-01
347.100000,1.0001229822e-03,5.3788995491e-01
347.150000,9.9862207776e-04,5.4688663814e-01
347.200000,9.9997015137e-04,5.5313615072e-01
347.250000,1.0007482980e-03,5.6777734739e-01
347.300000,1.0003139865e-03,5.6711479442e-01
347.350000,9.9914390224e-04,5.3126423398e-01
347.400000,1.0016109073e-03,5.2834825186e-01
347.450000,9.9993464988e-04,5.3633148721e-01
347.500000,1.0001728770e-03,5.4113561247e-01
347.550000,9.9839175834e-04,5.5545743331e-01
347.600000,9.9895707571e-04,5.4881257663e-01
347.650000,1.0005484183e-03,5.9566350290e-01
347.700000,9.9944448176e-04,5.8468835734e-01
347.750000,9.9953899129e-04,5.4144479579e-01
347.800000,9.9847235631e-04,5.4674005236e-01
347.850000,1.0001726172e-03,5.6217745723e-01
347.900000,9.9948885425e-04,5.3964018043e-01
347.950000,1.0002251539e-03,5.2225918149e-01
348.000000,1.0009826820e-03,5.3343625071e-01
348.050000,1.0007823718e-03,5.8294284729e-01
348.100000,9.9883953678e-04,5.5135415999e-01
348.150000,1.0011273584e-03,5.5395033428e-01
348.200000,1.0002903914e-03,5.2998181377e-01
348.250000,9.9794954363e-04,5.7491049812e-01
348.300000,9.9984132055e-04,5.7136813002e-01
348.350000,1.0009716366e-03,4.8677048937e-01
348.400000,9.9929058248e-04,5.2679055364e-01
348.450000,1.0009639981e-03,5.2622353043e-01
348.500000,1.0001304300e-03,5.2253393444e-01
348.550000,9.9877826071e-04,5.1909397572e-01
348.600000,1.0010735708e-03,5.8130848268e-01
348.650000,1.0009279630e-03,5.5900070111e-01
348.700000,9.9886118166e-04,5.4538826459e-01
348.750000,1.0002754610e-03,5.4829860091e-01
348.800000,1.0015834609e-03,5.7369112429e-01
348.850000,1.0006506400e-03,5.3000924832e-01
348.900000,9.9863506173e-04,5.6207942119e-01
348.950000,1.0004851910e-03,4.8632742955e-01
349.000000,9.9830461690e-04,5.3893516309e-01
349.050000,9.9959840135e-04,5.6027459654e-01
349.100000,9.9960700976e-04,5.2224713387e-01
349.150000,9.9977881446e-04,5.3509076550e-01
349.200000,9.9981908539e-04,4.9426784170e-01
349.250000,9.9915982221e-04,5.4997679533e-01
349.300000,1.0006773901e-03,5.3487191732e-01
349.350000,1.0003830434e-03,5.5494573412e-01
349.400000,9.9867089110e-04,5.3010407334e-01
349.450000,9.9986890202e-04,5.7274193008e-01
349.500000,9.9895043473e-04,5.4063224903e-01
349.550000,1.0001368227e-03,5.9259165172e-01
349.600000,9.9974476453e-04,5.3916245742e-01
349.650000,9.9958780550e-04,5.5268143397e-01
349.700000,9.9991387786e-04,5.1406460364e-01
349.750000,1.0007484678e-03,5.3295362989e-01
349.800000,1.0010556586e-03,5.2381956924e-01
349.850000,1.0003952323e-03,5.1202218654e-01
349.900000,9.9872808459e-04,5.1942305115e-01
349.950000,1.0000478920e-03,5.4071809621e-01
350.000000,1.0005420542e-03,5.2941701285e-01
350.050000,9.9949846394e-04,5.8161406716e-01
350.100000,9.9845099036e-04,5.3280223968e-01
350.150000,1.0002191615e-03,5.2596924498e-01
350.200000,1.0006953378e-03,5.5003614739e-01
350.250000,9.9957260563e-04,5.3487355191e-01
350.300000,1.0003085291e-03,5.4682913553e-01
350.350000,1.0006253864e-03,5.2056324374e-01
350.400000,9.9908286783e-04,5.6874368206e-01
350.450000,9.9940327867e-04,5.5293730736e-01
350.500000,9.9931783569e-04,5.3285715852e-01
350.550000,1.0004830610e-03,5.5533595923e-01
350.600000,1.0001558384e-03,5.4575498998e-01
350.650000,9.9944645838e-04,5.4198612519e-01
350.700000,1.0007137652e-03,5.1801998839e-01
350.750000,9.9972819972e-04,5.3296681619e-01
350.800000,9.9965588710e-04,5.3850574838e-01
350.850000,9.9941391265e-04,5.6665313110e-01
350.900000,9.9943393284e-04,5.5341444129e-01
350.950000,9.9913283843e-04,5.7850076763e-01
351.000000,9.9904694186e-04,5.5681085403e-01
351.050000,9.9946204555e-04,5.7619779830e-01
351.100000,1.0004596170e-03,5.5088605899e-01
351.150000,9.9961573750e-04,5.2653461828e-01
351.200000,9.9868863324e-04,5.1623689104e-01
351.250000,9.9988751321e-04,4.9737223581e-01
351.300000,1.0008636933e-03,5.5757998448e-01
351.350000,1.0000053865e-03,5.4041738133e-01
351.400000,1.0006011053e-03,5.5283817807e-01
351.450000,9.9994266286e-04,5.3560308292e-01
351.500000,1.0008678002e-03,5.5826780996e-01
351.550000,1.0008331700e-03,5.3202218671e-01
351.600000,1.0004535689e-03,5.0138592381e-01
351.650000,9.9984931502e-04,5.7648983982e-01
351.700000,1.0015301270e-03,5.4045155237e-01
351.750000,1.0007916962e-03,5.4482276998e-01
351.800000,1.0011203947e-03,5.5943228220e-01
351.850000,9.9951099515e-04,5.4724881581e-01
351.900000,1.0009107053e-03,5.2991139702e-01
351.950000,9.9942508205e-04,5.0565517969e-01
352.000000,9.9915121846e-04,5.4240154934e-01
352.050000,1.0011422215e-03,5.5215868953e-01
352.100000,9.9939652894e-04,5.6700746979e-01
352.150000,9.9946609612e-04,5.3555215762e-01
352.200000,9.9929387723e-04,5.3307261346e-01
352.250000,9.9968151904e-04,5.6741513156e-01
352.300000,1.0013789926e-03,5.5384599947e-01
352.350000,9.9957559653e-04,5.6197005747e-01
352.400000,9.9940558987e-04,5.3541299824e-01
352.450000,1.0003782344e-03,5.1284166316e-01
352.500000,1.0017354023e-03,5.2261342995e-01
352.550000,1.0016872005e-03,5.9389565137e-01
352.600000,9.9895689577e-04,5.6727561320e-01
352.650000,9.9900159978e-04,5.1420635792e-01
352.700000,1.0000698480e-03,6.0021993188e-01
352.750000,1.0004210462e-03,4.9991712682e-01
352.800000,9.9779090706e-04,5.1852780112e-01
352.850000,1.0002627836e-03,5.1314174115e-01
352.900000,1.0005066048e-03,5.2722873088e-01
352.950000,9.9892239744e-04,5.7031726454e-01
353.000000,9.9944909312e-04,5.3939396933e-01
353.050000,9.9975087337e-04,5.5151063737e-01
353.100000,1.0008972289e-03,5.8215631166e-01
353.150000,1.0013049169e-03,5.3555158470e-01
353.200000,1.0002789056e-03,5.2163107134e-01
353.250000,9.9929775363e-04,5.3116353904e-01
353.300000,9.9840177882e-04,5.4257105372e-01
353.350000,1.0002278726e-03,5.4727059628e-01
353.400000,9.9806753374e-04,5.3799481280e-01
353.450000,1.0022450977e-03,5.8053841075e-01
353.500000,1.0010400313e-03,5.3005522541e-01
353.550000,9.9931704403e-04,5.0592775828e-01
353.600000,1.0007637921e-03,5.6641131053e-01
353.650000,9.9935653810e-04,5.2014513668e-01
353.700000,1.0003169862e-03,5.9035735066e-01
353.750000,1.0002709993e-03,5.5245477692e-01
353.800000,9.9927479898e-04,5.6018579576e-01
353.850000,1.0012751872e-03,5.3532491033e-01
353.900000,9.9933402737e-04,5.2791903784e-01
353.950000,1.0007031795e-03,5.1174890618e-01
354.000000,9.9925444017e-04,5.5668345531e-01
354.050000,1.0010065078e-03,5.8018868691e-01
354.100000,9.9935575247e-04,5.7936936408e-01
354.150000,1.0014536045e-03,5.3310102165e-01
354.200000,1.0014573281e-03,5.4555439099e-01
354.250000,9.9930103201e-04,5.6288677814e-01
354.300000,1.0003207925e-03,5.7023572417e-01
354.350000,9.9966554465e-04,5.9914622539e-01
354.400000,9.9887268113e-04,5.6393160460e-01
354.450000,9.9988352647e-04,5.7412619259e-01
354.500000,9.9927879946e-04,5.0754510155e-01
354.550000,1.0008175539e-03,5.8997669309e-01
354.600000,9.9951650404e-04,5.2444639260e-01
354.650000,1.0011407621e-03,5.7914667393e-01
354.700000,9.9902056188e-04,5.9068309293e-01
354.750000,1.0002116018e-03,5.2842690178e-01
354.800000,9.9999228304e-04,5.5300815393e-01
354.850000,9.9947514220e-04,5.5217404450e-01
354.900000,9.9894808696e-04,5.5290968764e-01
354.950000,1.0004662706e-03,5.4570507356e-01
355.000000,1.0009593449e-03,5.7141132775e-01
355.050000,1.0007571233e-03,5.4569535725e-01
355.100000,9.9949528877e-04,5.5883426417e-01
355.150000,1.0013619589e-03,4.9526419261e-01
355.200000,9.9995298029e-04,5.2313125132e-01
355.250000,9.9894902498e-04,5.2701994955e-01
355.300000,1.0000145870e-03,5.2384153866e-01
355.350000,9.9918540018e-04,5.6487836896e-01
355.400000,1.0002900335e-03,5.1337260339e-01
355.450000,1.0001244163e-03,5.6337313345e-01
355.500000,1.0008917278e-03,5.3792543710e-01
355.550000,1.0007871325e-03,5.7928430489e-01
355.600000,9.9813501562e-04,5.0643578702e-01
355.650000,1.0015035257e-03,5.0942259447e-01
355.700000,9.9781637672e-04,5.3872093597e-01
355.750000,9.9997443918e-04,5.6334554812e-01
355.800000,1.0000872412e-03,5.2987357857e-01
355.850000,1.0006907880e-03,5.8145272406e-01
355.900000,9.9985473070e-04,5.5674148084e-01
355.950000,9.9871325605e-04,5.2489870018e-01
356.000000,1.0001395745e-03,5.3599821250e-01
356.050000,1.0005491790e-03,5.4235679459e-01
356.100000,1.0005792419e-03,5.2028496601e-01
356.150000,1.0010697826e-03,5.3364212184e-01
356.200000,9.9999949281e-04,5.3888589851e-01
356.250000,9.9863561384e-04,4.8498882092e-01
356.300000,1.0004085733e-03,5.2736047566e-01
356.350000,9.9864862741e-04,5.6319788082e-01
356.400000,9.9906974356e-04,5.2707125619e-01
356.450000,1.0010364466e-03,5.3495512691e-01
356.500000,1.0011570961e-03,5.1918292295e-01
356.550000,9.9926088839e-04,5.7794635754e-01
356.600000,1.0008043901e-03,5.1153082013e-01
356.650000,1.0008275684e-03,6.0033485425e-01
356.700000,9.9883956279e-04,5.6299108338e-01
356.750000,1.0002448877e-03,5.3095490957e-01
356.800000,1.0005450172e-03,5.1664565706e-01
356.850000,9.9919593410e-04,5.2205745982e-01
356.900000,9.9985089398e-04,5.8431532004e-01
356.950000,1.0010388115e-03,5.3633150288e-01
357.000000,1.0010100901e-03,5.4939448056e-01
357.050000,9.9940063215e-04,5.7875020542e-01
357.100000,1.0008301672e-03,5.4824759019e-01
357.150000,9.9919842426e-04,5.7228260082e-01
357.200000,9.9842909687e-04,5.1977225233e-01
357.250000,9.9999984825e-04,5.5437855942e-01
357.300000,1.0005385523e-03,5.7604720849e-01
357.350000,1.0021247004e-03,5.3509599249e-01
357.400000,1.0010403579e-03,5.1086120042e-01
357.450000,9.9959087436e-04,5.2746125688e-01
357.500000,9.9951535903e-04,5.0127155622e-01
357.550000,1.0001322113e-03,5.2726186491e-01
357.600000,1.0012960138e-03,5.9556607067e-01
357.650000,1.0003396654e-03,6.0110364909e-01
357.700000,1.0010304598e-03,5.3903767111e-01
357.750000,1.0004377271e-03,5.3596091295e-01
357.800000,1.0002409374e-03,5.5371579280e-01
357.850000,1.0009573548e-03,5.0212558368e-01
357.900000,1.0019030744e-03,5.3906355925e-01
357.950000,9.9956425613e-04,4.9534178746e-01
358.000000,9.9930482232e-04,5.4803518622e-01
358.050000,1.0001337128e-03,5.6795064643e-01
358.100000,9.9808434759e-04,5.3966939559e-01
358.150000,1.0001111996e-03,5.4570246616e-01
358.200000,9.9925116326e-04,5.7660172355e-01
358.250000,1.0008255185e-03,5.1136521709e-01
358.300000,1.0003842943e-03,5.6787432502e-01
358.350000,9.9922378081e-04,5.5142471226e-01
358.400000,9.9908194163e-04,5.1276408642e-01
358.450000,1.0009575734e-03,5.4481937158e-01
358.500000,9.9819780951e-04,5.4146113159e-01
358.550000,1.0009351834e-03,5.5102508696e-01
358.600000,9.9960682409e-04,5.5930616205e-01
358.650000,9.9914885419e-04,6.0261220271e-01
358.700000,1.0005422245e-03,5.1876008664e-01
358.750000,9.9929649619e-04,5.3455526853e-01
358.800000,9.9996522621e-04,5.6829881871e-01
358.850000,1.0004147521e-03,4.9766186051e-01
358.900000,9.9873921574e-04,5.5800363290e-01
358.950000,1.0005046782e-03,5.4357073428e-01
359.000000,1.0007393287e-03,5.1567304528e-01
359.050000,9.9977582906e-04,5.1093000495e-01
359.100000,1.0009309444e-03,5.4793736042e-01
359.150000,9.9995866705e-04,5.1886000740e-01
359.200000,9.9816861767e-04,5.5212964484e-01
359.250000,9.9979879070e-04,5.2264007866e-01
359.300000,1.0000041317e-03,5.9967001410e-01
359.350000,1.0008065714e-03,5.5690833986e-01
359.400000,1.0005021582e-03,5.3895737849e-01
359.450000,9.9908432424e-04,5.3742520535e-01
359.500000,1.0014217860e-03,5.8070061246e-01
359.550000,1.0000239564e-03,5.6588348046e-01
359.600000,1.0015512084e-03,5.2293206490e-01
359.650000,1.0000246739e-03,4.8054024491e-01
359.700000,1.0018370263e-03,5.3627335498e-01
359.750000,9.9906492803e-04,4.8648094689e-01
359.800000,9.9914429725e-04,5.4970645412e-01
359.850000,9.9953817993e-04,4.9440845899e-01
359.900000,1.0003484331e-03,5.5619578468e-01
359.950000,1.0001689819e-03,5.1736978865e-01
360.000000,1.0012056970e-03,5.3276430624e-01
360.050000,1.0003141294e-03,5.1387740789e-01
360.100000,1.0004470542e-03,5.5779828419e-01
360.150000,9.9884031547e-04,5.4976391894e-01
360.200000,9.9727782872e-04,5.3265674827e-01
360.250000,1.0004646770e-03,5.2371295233e-01
360.300000,1.0015690133e-03,5.9065118647e-01
360.350000,1.0003592403e-03,5.4946530782e-01
360.400000,1.0004845550e-03,5.6227155860e-01
360.450000,9.9904799592e-04,5.4809309363e-01
360.500000,1.0016764097e-03,5.5965304702e-01
360.550000,9.9843566552e-04,5.8175171816e-01
360.600000,1.0012489687e-03,5.3562128127e-01
360.650000,1.0005412999e-03,5.2050304462e-01
360.700000,1.0011357059e-03,5.9685054198e-01
360.750000,1.0011659783e-03,5.2756419503e-01
360.800000,1.0008786674e-03,4.9175134097e-01
360.850000,9.9990372003e-04,5.4886912642e-01
360.900000,1.0016341430e-03,4.9031995744e-01
360.950000,1.0015393232e-03,5.5782627795e-01
361.000000,9.9964808538e-04,5.9072756226e-01
361.050000,9.9801106163e-04,5.6802484143e-01
361.100000,9.9952987601e-04,5.4339937668e-01
361.150000,9.9973015029e-04,5.5373184487e-01
361.200000,9.9828933756e-04,5.4450754397e-01
361.250000,9.9863413138e-04,5.5013354943e-01
361.300000,9.9842315020e-04,4.8626573460e-01
361.350000,1.0000778306e-03,5.4639132214e-01
361.400000,9.9947297315e-04,5.5430367666e-01
361.450000,9.9940437726e-04,5.2546087126e-01
361.500000,1.0005309947e-03,5.2847595631e-01
361.550000,9.9948865063e-04,5.2303532840e-01
361.600000,9.9823101154e-04,5.5772372969e-01
361.650000,9.9938815987e-04,5.5776803662e-01
361.700000,1.0007155299e-03,5.5454132683e-01
361.750000,1.0001482066e-03,5.1176735908e-01
361.800000,9.9917822346e-04,5.7478489644e-01
361.850000,9.9803067823e-04,5.3792510589e-01
361.900000,1.0001882458e-03,5.5666669747e-01
361.950000,1.0011260402e-03,5.4941457772e-01
362.000000,1.0013396637e-03,4.9182788971e-01
362.050000,1.0000582049e-03,5.7813451106e-01
362.100000,9.9949437622e-04,4.8488225051e-01
362.150000,9.9906290330e-04,5.3633351447e-01
362.200000,9.9906022159e-04,5.5023267518e-01
362.250000,9.9842499874e-04,5.2513080701e-01
362.300000,9.9877968555e-04,5.1456453804e-01
362.350000,1.0003533524e-03,5.7401459964e-01
362.400000,1.0006571877e-03,5.4937999931e-01
362.450000,1.0017804467e-03,5.2948500148e-01
362.500000,9.9974051066e-04,6.1136360570e-01
362.550000,9.9880283738e-04,5.9076027649e-01
362.600000,9.9962129629e-04,5.1098556284e-01
362.650000,9.9952678773e-04,5.3102227775e-01
362.700000,1.0009379422e-03,5.3492026770e-01
362.750000,9.9912580487e-04,5.6033214807e-01
362.800000,9.9974379074e-04,5.7056797004e-01
362.850000,9.9798577671e-04,5.4728915279e-01
362.900000,1.0019240248e-03,5.2257479788e-01
362.950000,9.9812893683e-04,5.2140544172e-01
363.000000,9.9954477059e-04,5.1177703437e-01
363.050000,9.9876106277e-04,4.9727505405e-01
363.100000,1.0002440848e-03,5.6090643981e-01
363.150000,1.0008792219e-03,5.5272923139e-01
363.200000,9.9957063159e-04,5.5791147872e-01
363.250000,9.9991212063e-04,6.1350329068e-01
363.300000,1.0006934783e-03,5.2719232024e-01
363.350000,9.9951043801e-04,5.7609780447e-01
363.400000,9.9900317853e-04,5.6346388481e-01
363.450000,1.0007321760e-03,4.9830345834e-01
363.500000,1.0003132080e-03,5.8423636768e-01
363.550000,1.0008131747e-03,5.5636383750e-01
363.600000,9.9935219212e-04,4.9824439058e-01
363.650000,9.9937958883e-04,5.3887467812e-01
363.700000,1.0008492001e-03,5.1260982675e-01
363.750000,1.0011444906e-03,5.4709148850e-01
363.800000,9.9744195818e-04,5.6642398115e-01
363.850000,9.9928124713e-04,5.5126022049e-01
363.900000,9.9985486765e-04,5.5550581439e-01
363.950000,1.0010250459e-03,5.3696050655e-01
364.000000,9.9968548916e-04,5.8293908070e-01
364.050000,9.9830177266e-04,5.2789085469e-01
364.100000,9.9890093408e-04,5.5387430283e-01
364.150000,1.0005346480e-03,5.2854257042e-01
364.200000,9.9962859604e-04,5.4212552702e-01
364.250000,1.0004058365e-03,5.6842499914e-01
364.300000,9.9784007284e-04,5.3584536345e-01
364.350000,9.9892163463e-04,5.3738390543e-01
364.400000,1.0021076754e-03,4.9693875834e-01
364.450000,9.9926447964e-04,5.2234553987e-01
364.500000,1.0011928920e-03,5.4288242928e-01
364.550000,1.0004194429e-03,5.7195213086e-01
364.600000,9.9920859959e-04,5.3717892926e-01
364.650000,9.9979457106e-04,5.2137219829e-01
364.700000,9.9907576317e-04,5.6714118163e-01
364.750000,9.9916930387e-04,5.4979748215e-01
364.800000,9.9938681870e-04,5.1072518743e-01
364.850000,9.9883582658e-04,5.6506481381e-01
364.900000,9.9999249028e-04,5.4244296676e-01
364.950000,1.0008413464e-03,5.0529256183e-01
365.000000,9.9909312652e-04,5.4428493377e-01
365.050000,1.0003790663e-03,4.9250218868e-01
365.100000,9.9944184009e-04,5.1593252850e-01
365.150000,9.9878638009e-04,5.2304451845e-01
365.200000,1.0007712333e-03,5.5709766160e-01
365.250000,1.0010853444e-03,5.5570413972e-01
365.300000,9.9866553045e-04,5.5732618280e-01
365.350000,1.0000842244e-03,5.4456915979e-01
365.400000,9.9985138315e-04,5.9580516422e-01
365.450000,1.0000911849e-03,5.2632248864e-01
365.500000,9.9837522196e-04,5.2643123731e-01
365.550000,1.0006061041e-03,5.5117323144e-01
365.600000,1.0011587009e-03,4.9064854900e-01
365.650000,1.0001197820e-03,5.3596308253e-01
365.700000,1.0008484704e-03,5.2873643419e-01
365.750000,1.0008339999e-03,5.1010288753e-01
365.800000,9.9883568951e-04,5.8197317564e-01
365.850000,9.9939046447e-04,5.6698671582e-01
365.900000,1.0002409679e-03,5.6207791911e-01
365.950000,1.0021222607e-03,5.5409275656e-01
366.000000,1.0003762397e-03,5.8203109464e-01
366.050000,9.9996594272e-04,6.0368783843e-01
366.100000,9.9895146657e-04,5.6794979899e-01
366.150000,9.9864839079e-04,5.4934076799e-01
366.200000,9.9983525710e-04,5.8840535670e-01
366.250000,1.0005503216e-03,5.7129671523e-01
366.300000,1.0007433466e-03,5.5252540985e-01
366.350000,1.0012231472e-03,5.3850839986e-01
366.400000,9.9995931964e-04,5.6042325285e-01
366.450000,1.0002452188e-03,5.5423380251e-01
366.500000,9.9985466461e-04,5.8230466694e-01
366.550000,1.0008683035e-03,5.6268963992e-01
366.600000,9.9995799148e-04,5.2354432127e-01
366.650000,9.9962282758e-04,5.8186192237e-01
366.700000,1.0005742372e-03,5.4252507948e-01
366.750000,1.0009250002e-03,5.1432986075e-01
366.800000,1.0013706086e-03,5.5395870211e-01
366.850000,1.0011522663e-03,5.7036021754e-01
366.900000,9.9887124374e-04,5.7139689284e-01
366.950000,1.0003269479e-03,5.7960620777e-01
367.000000,1.0012159516e-03,5.3623843613e-01
367.050000,1.0009875013e-03,5.7691543046e-01
367.100000,1.0002308833e-03,5.9935461592e-01
367.150000,9.9901708601e-04,5.3115406810e-01
367.200000,9.9974403064e-04,5.7467996207e-01
367.250000,9.9968397540e-04,5.7539405198e-01
367.300000,9.9907958630e-04,5.4257402467e-01
367.350000,9.9910132275e-04,4.9626197161e-01
367.400000,9.9810526074e-04,5.4417720677e-01
367.450000,9.9919236025e-04,5.4521028361e-01
367.500000,1.0009591640e-03,5.8387599177e-01
367.550000,1.0013302036e-03,5.1214517159e-01
367.600000,9.9834434034e-04,5.6347022173e-01
367.650000,9.9923326483e-04,5.1768985078e-01
367.700000,1.0008704931e-03,5.4363114299e-01
367.750000,9.9772935799e-04,5.9494123694e-01
367.800000,9.9965460690e-04,5.2066509810e-01
367.850000,1.0003436018e-03,5.5111437768e-01
367.900000,9.9992510418e-04,5.6910689897e-01
367.950000,9.9989580807e-04,5.4579514798e-01
368.000000,1.0004018896e-03,5.3146835161e-01
368.050000,1.0001858952e-03,5.8215773213e-01
368.100000,9.9816136678e-04,5.1486818421e-01
368.150000,1.0004604431e-03,5.5419355345e-01
368.200000,1.0001554225e-03,5.4265501314e-01
368.250000,9.9962212594e-04,5.5235086681e-01
368.300000,1.0006977898e-03,5.3655305930e-01
368.350000,1.0000773465e-03,5.5149807004e-01
368.400000,9.9884440095e-04,5.7926571662e-01
368.450000,9.9926118493e-04,5.5066852957e-01
368.500000,1.0001191416e-03,5.2612466876e-01
368.550000,1.0003187119e-03,5.4783082351e-01
368.600000,1.0000479575e-03,5.0829358444e-01
368.650000,9.9974463787e-04,5.4295880651e-01
368.700000,1.0023478983e-03,5.4928176419e-01
368.750000,1.0000829026e-03,5.2411465790e-01
368.800000,9.9976166602e-04,5.0223063633e-01
368.850000,9.9973369278e-04,5.2109786305e-01
368.900000,1.0013215890e-03,5.5938542516e-01
368.950000,9.9957507950e-04,5.4427144766e-01
369.000000,9.9943183515e-04,5.1052107995e-01
369.050000,1.0006614751e-03,5.5096861396e-01
369.100000,9.9901714137e-04,4.7529592667e-01
369.150000,9.9885003864e-04,5.5629398279e-01
369.200000,9.9882872354e-04,5.2960818969e-01
369.250000,9.9942810343e-04,5.9846097172e-01
369.300000,9.9986199448e-04,5.5591686345e-01
369.350000,9.9842237394e-04,5.7613695294e-01
369.400000,9.9787973009e-04,5.0892029757e-01
369.450000,1.0017108516e-03,5.4714556554e-01
369.500000,9.9865956547e-04,5.3394870868e-01
369.550000,9.9926650981e-04,5.4312762365e-01
369.600000,9.9893752205e-04,5.3870859912e-01
369.650000,9.9862314079e-04,5.1039608008e-01
369.700000,1.0025227295e-03,5.2975494520e-01
369.750000,1.0019531721e-03,5.8673991202e-01
369.800000,9.9821583599e-04,5.1959812316e-01
369.850000,9.9999132694e-04,5.4509405484e-01
369.900000,9.9946826056e-04,5.5045553630e-01
369.950000,9.9929871950e-04,5.5222024683e-01
370.000000,9.9924792846e-04,5.0623518497e-01
370.050000,9.9967497894e-04,5.5086781333e-01
370.100000,9.9874806853e-04,5.6750140298e-01
370.150000,9.9984427573e-04,5.5987117328e-01
370.200000,9.9984619516e-04,5.7349861773e-01
370.250000,9.9966886619e-04,5.5949340327e-01
370.300000,9.9971336681e-04,5.3753975644e-01
370.350000,1.0014566278e-03,5.2273358488e-01
370.400000,1.0010363683e-03,5.2178664061e-01
370.450000,9.9901955176e-04,5.2841888496e-01
370.500000,1.0003762033e-03,6.1019708749e-01
370.550000,1.0001330165e-03,5.3578937450e-01
370.600000,9.9975464101e-04,5.5231518449e-01
370.650000,9.9837678836e-04,5.2493078919e-01
370.700000,1.0013441268e-03,5.9644645884e-01
370.750000,9.9929984163e-04,5.5123723708e-01
370.800000,1.0003977533e-03,5.4278296831e-01
370.850000,1.0000905908e-03,5.4661043772e-01
370.900000,1.0009555956e-03,4.9751054600e-01
370.950000,1.0016361214e-03,5.6557590938e-01
371.000000,1.0000187705e-03,5.1783766503e-01
371.050000,1.0004451632e-03,5.6466754584e-01
371.100000,1.0000416836e-03,5.2677682618e-01
371.150000,9.9924315317e-04,5.1203523888e-01
371.200000,9.9882149809e-04,5.2331001625e-01
371.250000,1.0000810687e-03,5.1689765927e-01
371.300000,9.9954911393e-04,5.7303132513e-01
371.350000,1.0000124666e-03,5.7159431441e-01
371.400000,1.0020265859e-03,5.2368841827e-01
371.450000,9.9881305261e-04,5.2276066453e-01
371.500000,9.9936348451e-04,5.1628964445e-01
371.550000,9.9852282896e-04,5.5061053761e-01
371.600000,1.0014259477e-03,5.4306313419e-01
371.650000,1.0012549475e-03,5.7070307683e-01
371.700000,9.9946801628e-04,5.2186767330e-01
371.750000,1.0008707378e-03,5.3102936831e-01
371.800000,9.9944531988e-04,5.4754231855e-01
371.850000,9.9877733596e-04,5.5422937052e-01
371.900000,1.0020779461e-03,5.3705004458e-01
371.950000,1.0007252357e-03,5.5667098609e-01
372.000000,1.0015809577e-03,5.0672522770e-01
372.050000,1.0019180169e-03,5.2485319641e-01
372.100000,9.9922265067e-04,5.4671820903e-01
372.150000,1.0008288803e-03,5.8224648456e-01
372.200000,9.9897390224e-04,5.7160988530e-01
372.250000,1.0005592819e-03,5.1789422730e-01
372.300000,1.0012139293e-03,5.3710976172e-01
372.350000,1.0020248392e-03,5.7454028864e-01
372.400000,9.9965691977e-04,5.3294425275e-01
372.450000,9.9984272368e-04,5.4655632551e-01
372.500000,9.9669457254e-04,5.2639813710e-01
372.550000,1.0001045785e-03,6.1190036686e-01
372.600000,1.0007532057e-03,5.3679726771e-01
372.650000,1.0010519320e-03,5.3697660312e-01
372.700000,9.9866653323e-04,5.7992393355e-01
372.750000,1.0000906398e-03,5.6261817851e-01
372.800000,9.9894946560e-04,5.4636332574e-01
372.850000,9.9972556769e-04,5.5388928612e-01
372.900000,1.0010020390e-03,5.2223573921e-01
372.950000,1.0005400074e-03,5.3184214072e-01
373.000000,9.9940780505e-04,5.4858690318e-01
373.050000,1.0003623481e-03,5.3199037098e-01
373.100000,9.9999337903e-04,5.1985661269e-01
373.150000,9.9978149192e-04,5.3756183408e-01
373.200000,1.0012220888e-03,5.9246698943e-01
373.250000,9.9988111322e-04,5.9529528694e-01
373.300000,1.0009658750e-03,5.6406559141e-01
373.350000,9.9864101146e-04,5.5645065716e-01
373.400000,1.0003697207e-03,5.4587196869e-01
373.450000,9.9996069182e-04,5.5574762539e-01
373.500000,1.0000123646e-03,4.9360767282e-01
373.550000,1.0006793326e-03,5.1610908967e-01
373.600000,1.0008737394e-03,5.3615842931e-01
373.650000,9.9826983171e-04,5.5071049140e-01
373.700000,9.9912998636e-04,5.0744932239e-01
373.750000,1.0020474340e-03,5.4501931271e-01
373.800000,1.0003072036e-03,5.3072993920e-01
373.850000,9.9895075674e-04,5.6411459280e-01
373.900000,1.0008236953e-03,5.2342020003e-01
373.950000,9.9964900719e-04,5.1958917636e-01
374.000000,9.9808054180e-04,5.5410577078e-01
374.050000,9.9991983851e-04,5.2846522763e-01
374.100000,9.9875887331e-04,5.5366692018e-01
374.150000,1.0001838142e-03,5.0124431071e-01
374.200000,9.9933112450e-04,6.2045055551e-01
374.250000,9.9875608808e-04,5.3164040873e-01
374.300000,9.9991654141e-04,5.4064311999e-01
374.350000,1.0016992288e-03,5.5808729456e-01
374.400000,9.9992716109e-04,5.3171402641e-01
374.450000,9.9868149744e-04,5.6466335415e-01
374.500000,9.9805289915e-04,5.7182264676e-01
374.550000,1.0015865985e-03,5.7922831563e-01
374.600000,1.0005799089e-03,5.6894809436e-01
374.650000,9.9984035185e-04,5.4504450519e-01
374.700000,9.9817578494e-04,5.5341121809e-01
374.750000,9.9968061390e-04,5.4276751250e-01
374.800000,1.0009179028e-03,5.2506009696e-01
374.850000,1.0006420940e-03,5.0750667587e-01
374.900000,1.0013110756e-03,5.4916990253e-01
374.950000,9.9938319886e-04,5.6415740835e-01
375.000000,9.9815362848e-04,5.5760899958e-01
375.050000,1.0005772592e-03,5.0892248835e-01
375.100000,9.9711073556e-04,5.4473524723e-01
375.150000,9.9966581170e-04,5.7339217110e-01
375.200000,9.9980939741e-04,5.2972749273e-01
375.250000,1.0009915092e-03,5.8014420559e-01
375.300000,1.0002700196e-03,5.6920940488e-01
375.350000,1.0006859867e-03,5.5987102208e-01
375.400000,1.0002720087e-03,5.1343859888e-01
375.450000,1.0012124313e-03,5.4632483154e-01
375.500000,9.9880515472e-04,5.1683840347e-01
375.550000,9.9828545479e-04,5.2437645773e-01
375.600000,1.0008574903e-03,5.6856832030e-01
375.650000,9.9895336837e-04,5.5828366677e-01
375.700000,1.0006353856e-03,5.5894561663e-01
375.750000,1.0020252710e-03,5.3593625159e-01
375.800000,9.9908296048e-04,5.3499367270e-01
375.850000,9.9832662268e-04,5.5418777766e-01
375.900000,1.0002521131e-03,5.2517608292e-01
375.950000,9.9866706959e-04,5.8949371674e-01
376.000000,9.9967804003e-04,5.5378228751e-01
376.050000,9.9960334612e-04,5.0959333216e-01
376.100000,1.0002417977e-03,5.1552190691e-01
376.150000,1.0001941014e-03,5.8261548168e-01
376.200000,9.9932956530e-04,5.5411785076e-01
376.250000,1.0007120146e-03,5.3292103589e-01
376.300000,1.0002933037e-03,5.9661848750e-01
376.350000,9.9930368109e-04,5.6236008962e-01
376.400000,9.9901031816e-04,5.3394469576e-01
376.450000,9.9935299952e-04,5.9382401834e-01
376.500000,1.0008220042e-03,5.4487911200e-01
376.550000,9.9992892026e-04,5.2583984252e-01
376.600000,9.9956296698e-04,5.1406382276e-01
376.650000,1.0007375047e-03,5.2464568143e-01
376.700000,9.9973527373e-04,5.7974514312e-01
376.750000,9.9985667840e-04,5.5302708848e-01
376.800000,9.9924038222e-04,5.5564858154e-01
376.850000,1.0000284251e-03,5.7415287778e-01
376.900000,9.9988127424e-04,5.3812570368e-01
376.950000,9.9847084643e-04,5.7493285463e-01
377.000000,1.0007263659e-03,5.1400554502e-01
377.050000,1.0018253773e-03,5.7385015363e-01
377.100000,1.0009487602e-03,5.4725594660e-01
377.150000,9.9818923914e-04,5.3326644781e-01
377.200000,9.9887654057e-04,5.2444730091e-01
377.250000,1.0007624161e-03,5.4822343251e-01
377.300000,9.9887141922e-04,5.3205652510e-01
377.350000,9.9934937894e-04,5.1872598187e-01
377.400000,1.0007271909e-03,5.4408876619e-01
377.450000,9.9959951562e-04,5.8488134939e-01
377.500000,9.9968028516e-04,5.5780027400e-01
377.550000,9.9846577341e-04,5.6098061788e-01
377.600000,1.0009995016e-03,5.2161990858e-01
377.650000,9.9813565579e-04,5.2772100032e-01
377.700000,1.0008451239e-03,5.4406994928e-01
377.750000,9.9868559529e-04,5.5492512626e-01
377.800000,9.9914959227e-04,5.6095231586e-01
377.850000,9.9957952197e-04,5.4778386989e-01
377.900000,9.9886667314e-04,5.5260603646e-01
377.950000,9.9948727291e-04,5.6851696189e-01
378.000000,1.0006361748e-03,5.6323741347e-01
378.050000,9.9903094605e-04,5.4081109466e-01
378.100000,9.9982548000e-04,5.4468765842e-01
378.150000,1.0013271441e-03,5.4110189281e-01
378.200000,1.0005168074e-03,5.6710125396e-01
378.250000,1.0004091471e-03,5.4329006908e-01
378.300000,9.9976534656e-04,5.6170473565e-01
378.350000,1.0004188527e-03,5.9157909378e-01
378.400000,1.0001845491e-03,5.4854845827e-01
378.450000,1.0014170872e-03,5.0880172712e-01
378.500000,9.9879017915e-04,4.9646716006e-01
378.550000,1.0003368185e-03,5.0777529815e-01
378.600000,1.0009764866e-03,5.4455623974e-01
378.650000,1.0002197269e-03,5.0640297866e-01
378.700000,9.9992103580e-04,5.2413490399e-01
378.750000,1.0007882339e-03,5.2653733666e-01
378.800000,1.0013520043e-03,5.4235191345e-01
378.850000,9.9991869269e-04,5.0737724148e-01
378.900000,1.0005448435e-03,5.3324578444e-01
378.950000,9.9980829867e-04,6.1874722117e-01
379.000000,1.0003224211e-03,5.5936103789e-01
379.050000,9.9966829098e-04,6.2067089154e-01
379.100000,1.0011975633e-03,5.1504824513e-01
379.150000,9.9950014532e-04,5.2300841868e-01
379.200000,1.0019271680e-03,5.1363258603e-01
379.250000,1.0006432795e-03,5.6179158224e-01
379.300000,9.9911661838e-04,4.7427675752e-01
379.350000,9.9947026224e-04,5.5042079046e-01
379.400000,9.9881729987e-04,5.3662098514e-01
379.450000,1.0000054930e-03,5.2154595942e-01
379.500000,9.9853370224e-04,5.5638158236e-01
379.550000,1.0004170728e-03,5.0835025198e-01
379.600000,1.0003317438e-03,5.6807981490e-01
379.650000,1.0007995748e-03,5.8652925565e-01
379.700000,1.0004675979e-03,5.8106613725e-01
379.750000,1.0003331937e-03,5.3749654519e-01
379.800000,9.9980735992e-04,5.3740446621e-01
379.850000,9.9929479753e-04,5.7189690433e-01
379.900000,9.9981027846e-04,5.3113982687e-01
379.950000,1.0004572244e-03,5.7363438275e-01
380.000000,1.0003528974e-03,5.7163446550e-01
380.050000,1.0012010230e-03,5.1558198341e-01
380.100000,9.9984347830e-04,5.5742209734e-01
380.150000,9.9966010774e-04,5.7280026343e-01
380.200000,9.9849568093e-04,5.7087246253e-01
380.250000,1.0000988659e-03,5.3849109603e-01
380.300000,9.9903947267e-04,4.8078894135e-01
380.350000,9.9911728448e-04,5.8126085223e-01
380.400000,9.9974038323e-04,5.6568873157e-01
380.450000,1.0011766721e-03,5.6650988237e-01
380.500000,1.0012865612e-03,5.5584486521e-01
380.550000,9.9973078412e-04,5.0512861840e-01
380.600000,9.9754742686e-04,5.2691705504e-01
380.650000,9.9979750405e-04,5.6730329287e-01
380.700000,9.9924079403e-04,5.0268345601e-01
380.750000,9.9986605752e-04,5.6275242978e-01
380.800000,9.9962970661e-04,5.3200152731e-01
380.850000,9.9972972657e-04,5.8040589362e-01
380.900000,1.0005750463e-03,5.2513871083e-01
380.950000,9.9992219350e-04,5.5704148168e-01
381.000000,9.9995724615e-04,5.5928056706e-01
381.050000,1.0022578944e-03,5.0019788034e-01
381.100000,9.9895587810e-04,5.3001680076e-01
381.150000,1.0009214617e-03,5.2392633924e-01
381.200000,9.9906577890e-04,5.3530786460e-01
381.250000,9.9939902072e-04,5.5408472480e-01
381.300000,9.9903817023e-04,5.0655500851e-01
381.350000,1.0012642693e-03,5.4637763713e-01
381.400000,9.9803820065e-04,5.4473703498e-01
381.450000,1.0002996923e-03,5.3888530465e-01
381.500000,9.9976020469e-04,5.7128661016e-01
381.550000,1.0000230397e-03,5.8276562494e-01
381.600000,9.9993194881e-04,5.5951737558e-01
381.650000,9.9957671416e-04,5.7483736590e-01
381.700000,9.9922424933e-04,5.8486548546e-01
381.750000,1.0005381025e-03,5.5714158736e-01
381.800000,9.9869272064e-04,5.1783123752e-01
381.850000,9.9930312229e-04,5.4762962294e-01
381.900000,9.9876754605e-04,5.1890691729e-01
381.950000,1.0010599990e-03,5.3026671906e-01
382.000000,9.9993910610e-04,5.5355475075e-01
382.050000,1.0006268291e-03,5.3902946176e-01
382.100000,9.9942660846e-04,5.2884281271e-01
382.150000,9.9859459077e-04,5.5178145944e-01
382.200000,1.0001387921e-03,5.1321137380e-01
382.250000,1.0005172747e-03,5.7305716506e-01
382.300000,9.9929184221e-04,5.2633993227e-01
382.350000,1.0004255125e-03,5.2155268714e-01
382.400000,1.0014932312e-03,5.5315989383e-01
382.450000,9.9982787445e-04,5.3135484003e-01
382.500000,9.9969614410e-04,5.7109234626e-01
382.550000,9.9820247973e-04,5.5491040368e-01
382.600000,1.0002843608e-03,5.6877509343e-01
382.650000,1.0018135217e-03,5.4105656337e-01
382.700000,1.0003028496e-03,5.1656770579e-01
382.750000,9.9877444210e-04,5.7169452806e-01
382.800000,9.9990113357e-04,5.4823497066e-01
382.850000,1.0001387203e-03,6.2505689757e-01
382.900000,1.0002340721e-03,4.9730359549e-01
382.950000,1.0003106789e-03,5.3806070769e-01
383.000000,1.0011985403e-03,5.0706921633e-01
383.050000,1.0006180032e-03,5.3803934523e-01
383.100000,9.9959646832e-04,5.6658692402e-01
383.150000,1.0019196058e-03,5.2275197656e-01
383.200000,1.0022530993e-03,5.7120727213e-01
383.250000,1.0009605516e-03,5.6136795932e-01
383.300000,1.0003858203e-03,5.3407255131e-01
383.350000,9.9967776313e-04,5.1100017279e-01
383.400000,1.0008800200e-03,5.8662239671e-01
383.450000,9.9968314829e-04,5.3707878957e-01
383.500000,1.0016032490e-03,5.6122179109e-01
383.550000,9.9889177701e-04,5.5564563718e-01
383.600000,1.0017273242e-03,5.7875646076e-01
383.650000,1.0010837073e-03,5.6064350447e-01
383.700000,1.0011449179e-03,5.0043636171e-01
383.750000,1.0009644691e-03,5.2105776696e-01
383.800000,9.9932398549e-04,5.5790300614e-01
383.850000,1.0017581276e-03,5.4854920557e-01
383.900000,9.9987880339e-04,5.4411064305e-01
383.950000,1.0020155252e-03,5.3825954446e-01
384.000000,1.0020050288e-03,6.4385283475e-01
384.050000,1.0019383956e-03,5.8135971112e-01
384.100000,1.0003809093e-03,5.1873856954e-01
384.150000,1.0001604496e-03,5.6136763513e-01
384.200000,9.9888924453e-04,5.2675904134e-01
384.250000,1.0001906767e-03,5.5736135094e-01
384.300000,1.0007221053e-03,5.3100221469e-01
384.350000,9.9986643340e-04,5.1018551383e-01
384.400000,1.0000811939e-03,5.4037263334e-01
384.450000,1.0021779293e-03,5.5321002976e-01
384.500000,9.9953688784e-04,5.1831590920e-01
384.550000,1.0003315327e-03,5.5343082601e-01
384.600000,9.9815930068e-04,5.3190814173e-01
384.650000,1.0001320988e-03,5.2382195888e-01
384.700000,1.0000448398e-03,5.6909928132e-01
384.750000,9.9871207374e-04,6.0490514215e-01
384.800000,9.9966996678e-04,5.1535264580e-01
384.850000,1.0011596871e-03,5.3524769399e-01
384.900000,9.9943333187e-04,5.6784383689e-01
384.950000,1.0004315973e-03,5.1083073445e-01
385.000000,1.0001224858e-03,5.5747102577e-01
385.050000,9.9900143976e-04,5.4524917791e-01
385.100000,1.0010084468e-03,5.4109854771e-01
385.150000,1.0000508171e-03,5.6077559389e-01
385.200000,9.9976212818e-04,5.9939536421e-01
385.250000,9.9940200697e-04,5.7309635447e-01
385.300000,1.0006254062e-03,5.6156809455e-01
385.350000,1.0009574734e-03,5.6313083615e-01
385.400000,9.9988107081e-04,5.6968541398e-01
385.450000,1.0009173665e-03,6.1143608217e-01
385.500000,9.9980475988e-04,5.5840781047e-01
385.550000,1.0006758371e-03,5.7711716205e-01
385.600000,9.9889979854e-04,5.1761900993e-01
385.650000,1.0007448395e-03,5.4256276084e-01
385.700000,9.9859631422e-04,5.0131645244e-01
385.750000,9.9966529922e-04,5.7107159433e-01
385.800000,9.9996606375e-04,5.1299259123e-01
385.850000,1.0001684465e-03,6.1197350730e-01
385.900000,1.0009991679e-03,4.7205048779e-01
385.950000,1.0002354693e-03,5.3703256407e-01
386.000000,1.0001781100e-03,5.5985693056e-01
386.050000,9.9898373134e-04,5.5239671855e-01
386.100000,9.9913254191e-04,5.6839677564e-01
386.150000,9.9894034229e-04,5.1520113168e-01
386.200000,1.0003099469e-03,5.6698703702e-01
386.250000,9.9892517603e-04,5.7322234949e-01
386.300000,1.0018474548e-03,5.0508027004e-01
386.350000,1.0000772757e-03,5.5405442233e-01
386.400000,1.0009077078e-03,5.5251917975e-01
386.450000,1.0001507429e-03,5.2373908463e-01
386.500000,9.9956760720e-04,5.5405955669e-01
386.550000,9.9943866811e-04,5.3680402951e-01
386.600000,1.0007391769e-03,5.3749343415e-01
386.650000,9.9956480712e-04,5.4696357923e-01
386.700000,9.9882030654e-04,5.1275841484e-01
386.750000,9.9966243728e-04,5.7253013178e-01
386.800000,1.0002864548e-03,5.8198398961e-01
386.850000,1.0000015785e-03,5.6298403448e-01
386.900000,1.0004876266e-03,5.2247415728e-01
386.950000,1.0000788598e-03,5.8526618457e-01
387.000000,9.9862545679e-04,5.1774070726e-01
387.050000,9.9968067012e-04,5.3445987029e-01
387.100000,1.0021208258e-03,5.1888806219e-01
387.150000,1.0022776106e-03,5.4747923685e-01
387.200000,9.9910253751e-04,5.2279420171e-01
387.250000,1.0013350511e-03,4.9580592048e-01
387.300000,1.0010131069e-03,5.7965926842e-01
387.350000,1.0008469935e-03,5.7566894562e-01
387.400000,1.0016383472e-03,4.6956356352e-01
387.450000,1.0002331803e-03,5.4345719030e-01
387.500000,1.0001671411e-03,4.9965474659e-01
387.550000,9.9871456283e-04,5.6155803222e-01
387.600000,9.9977448463e-04,5.6166854294e-01
387.650000,1.0009866073e-03,5.2863741851e-01
387.700000,1.0006113672e-03,5.0854173373e-01
387.750000,1.0000760378e-03,5.6579960085e-01
387.800000,1.0011432396e-03,5.3780095207e-01
387.850000,1.0010791233e-03,5.0992867611e-01
387.900000,9.9884249943e-04,5.7134822485e-01
387.950000,1.0000160218e-03,5.6304316213e-01
388.000000,1.0005838819e-03,5.1395035718e-01
388.050000,1.0023102276e-03,5.1070301404e-01
388.100000,1.0011685647e-03,5.6678027923e-01
388.150000,9.9987550318e-04,5.5098932783e-01
388.200000,9.9871363326e-04,5.1848738890e-01
388.250000,1.0006226129e-03,5.7284219957e-01
388.300000,1.0000487699e-03,5.8088618618e-01
388.350000,1.0010714189e-03,5.2513802696e-01
388.400000,1.0006953102e-03,5.4728621592e-01
388.450000,1.0011147935e-03,5.4860683585e-01
388.500000,9.9904941011e-04,5.4171941391e-01
388.550000,9.9993797954e-04,5.3897281396e-01
388.600000,1.0009760403e-03,5.2823966738e-01
388.650000,1.0014372941e-03,5.4416380081e-01
388.700000,1.0014974360e-03,5.9192683873e-01
388.750000,1.0002550881e-03,5.0363175954e-01
388.800000,9.9994846257e-04,5.5007036415e-01
388.850000,9.9871118085e-04,5.6452754548e-01
388.900000,1.0016060771e-03,5.5009162756e-01
388.950000,1.0000988259e-03,5.2600305319e-01
389.000000,1.0000576049e-03,5.2427210292e-01
389.050000,1.0009474520e-03,5.6470008704e-01
389.100000,9.9868031671e-04,5.2704295201e-01
389.150000,1.0005715669e-03,5.5321105502e-01
389.200000,1.0008731414e-03,5.3552175244e-01
389.250000,1.0012096053e-03,5.2936282597e-01
389.300000,9.9870559472e-04,5.6585602875e-01
389.350000,9.9977358144e-04,5.5265703516e-01
389.400000,9.9984758192e-04,5.5589792293e-01
389.450000,9.9908715256e-04,4.7494820057e-01
389.500000,1.0001829920e-03,4.9940649129e-01
389.550000,1.0001847807e-03,5.1405991062e-01
389.600000,1.0007787188e-03,5.6934359794e-01
389.650000,9.9938435990e-04,5.4894619617e-01
389.700000,9.9831867103e-04,5.3556513513e-01
389.750000,1.0018811818e-03,5.7509341524e-01
389.800000,1.0003534931e-03,5.4863477106e-01
389.850000,1.0005616075e-03,5.4405472826e-01
389.900000,9.9920614608e-04,5.1409849241e-01
389.950000,9.9768150279e-04,5.3239688897e-01
390.000000,9.9945775766e-04,5.2042415622e-01
390.050000,9.9878091611e-04,5.3402631513e-01
390.100000,1.0015462390e-03,4.4946430871e-01
390.150000,9.9869876675e-04,5.3964801330e-01
390.200000,9.9933001997e-04,5.1992713250e-01
390.250000,9.9914548674e-04,5.3369853352e-01
390.300000,9.9936720852e-04,5.5125745567e-01
390.350000,9.9877385993e-04,5.0506060777e-01
390.400000,9.9943671804e-04,5.5017661176e-01
390.450000,9.9979583809e-04,5.3674789952e-01
390.500000,1.0009561781e-03,5.4281767711e-01
390.550000,1.0008930902e-03,5.4428246917e-01
390.600000,9.9985123590e-04,5.3325956776e-01
390.650000,9.9953161174e-04,5.3415788786e-01
390.700000,1.0011278107e-03,5.4182373366e-01
390.750000,9.9804072645e-04,5.3217896198e-01
390.800000,1.0007787651e-03,5.6691584780e-01
390.850000,9.9919585422e-04,5.5687291286e-01
390.900000,9.9961115847e-04,5.3133502813e-01
390.950000,9.9979357104e-04,5.8179385924e-01
391.000000,9.9990766838e-04,5.1368857399e-01
391.050000,1.0005603917e-03,5.2705539559e-01
391.100000,1.0006542203e-03,5.9872663358e-01
391.150000,9.9985016980e-04,5.6143935621e-01
391.200000,1.0002378185e-03,5.3343083332e-01
391.250000,9.9988138456e-04,5.5034348838e-01
391.300000,1.0001801804e-03,5.8515653033e-01
391.350000,9.9800199677e-04,5.6058133160e-01
391.400000,1.0011987587e-03,5.6301707425e-01
391.450000,9.9934106990e-04,5.9471646765e-01
391.500000,1.0003240874e-03,5.6301594613e-01
391.550000,9.9960005701e-04,4.9030263077e-01
391.600000,1.0011135250e-03,6.2845949285e-01
391.650000,1.0008452526e-03,5.2856113898e-01
391.700000,1.0003024775e-03,4.9093281134e-01
391.750000,9.9947012955e-04,5.3772542387e-01
391.800000,1.0006191433e-03,5.2677010864e-01
391.850000,9.9827923714e-04,5.3470347722e-01
391.900000,9.9928217209e-04,5.0833169632e-01
391.950000,9.9951954045e-04,5.7874830580e-01
392.000000,9.9998276278e-04,5.0411951439e-01
392.050000,1.0006107890e-03,5.5961526988e-01
392.100000,9.9895121067e-04,5.3017738494e-01
392.150000,9.9969079115e-04,5.8009240455e-01
392.200000,1.0007745275e-03,5.0963158956e-01
392.250000,9.9794409212e-04,5.4780115949e-01
392.300000,1.0002323519e-03,5.3760088103e-01
392.350000,1.0014522109e-03,5.5833607284e-01
392.400000,9.9949285308e-04,5.9320994446e-01
392.450000,1.0015832565e-03,5.0447039035e-01
392.500000,1.0000270109e-03,5.6643840459e-01
392.550000,9.9995155706e-04,5.6604061352e-01
392.600000,1.0003634927e-03,5.1750727179e-01
392.650000,1.0004138636e-03,5.2927709536e-01
392.700000,9.9952513900e-04,4.9135209525e-01
392.750000,1.0001180976e-03,5.5795933968e-01
392.800000,9.9929872782e-04,5.4888112852e-01
392.850000,9.9886182588e-04,4.9505147919e-01
392.900000,1.0003993540e-03,5.2955037082e-01
392.950000,9.9991900006e-04,5.1777230939e-01
393.000000,1.0017645383e-03,4.9717883615e-01
393.050000,1.0001771471e-03,5.0241607526e-01
393.100000,9.9987298394e-04,5.6839818459e-01
393.150000,9.9930638541e-04,5.1105234145e-01
393.200000,1.0013772612e-03,4.9672489131e-01
393.250000,9.9851869265e-04,5.0391343180e-01
393.300000,1.0001446596e-03,5.5710592242e-01
393.350000,9.9998248452e-04,5.8933079160e-01
393.400000,9.9980403456e-04,5.1601570849e-01
393.450000,1.0004351150e-03,5.3578361684e-01
393.500000,9.9933005669e-04,5.5231227162e-01
393.550000,9.9943034264e-04,5.4072728760e-01
393.600000,9.9907650703e-04,5.9297582235e-01
393.650000,9.9860164844e-04,5.3596560861e-01
393.700000,9.9964367347e-04,5.3218125216e-01
393.750000,9.9954268406e-04,5.3430057427e-01
393.800000,1.0005135913e-03,5.7037487396e-01
393.850000,1.0013779455e-03,5.5351896777e-01
393.900000,1.0011475807e-03,5.0285952951e-01
393.950000,1.0005868580e-03,5.8879732818e-01
394.000000,9.9876825719e-04,5.6311348699e-01
394.050000,1.0006396941e-03,5.4419566464e-01
394.100000,1.0010494388e-03,5.6825766659e-01
394.150000,9.9950081616e-04,5.5434667631e-01
394.200000,9.9982020962e-04,4.9358500866e-01
394.250000,9.9964143650e-04,5.4676490665e-01
394.300000,9.9926604060e-04,5.7644594715e-01
394.350000,9.9982919130e-04,5.6653259720e-01
394.400000,9.9991078606e-04,5.6768163325e-01
394.450000,1.0009269370e-03,5.5767131265e-01
394.500000,9.9818724151e-04,5.6994626176e-01
394.550000,1.0005315728e-03,5.6270655313e-01
394.600000,1.0005408834e-03,5.9232928151e-01
394.650000,1.0004666213e-03,5.6750059598e-01
394.700000,9.9966063896e-04,5.4070104669e-01
394.750000,1.0010987736e-03,5.4769634981e-01
394.800000,9.9979883181e-04,5.6988021602e-01
394.850000,1.0018967122e-03,5.3398940858e-01
394.900000,9.9870219652e-04,5.7169816427e-01
394.950000,1.0005699359e-03,5.4158742443e-01
395.000000,1.0007143898e-03,5.5385033110e-01
395.050000,1.0009462704e-03,5.5112479367e-01
395.100000,1.0009039222e-03,5.6174832148e-01
395.150000,9.9790973350e-04,5.0106200343e-01
395.200000,9.9975431058e-04,4.8990435903e-01
395.250000,9.9944307818e-04,5.6751559967e-01
395.300000,1.0004475493e-03,5.8533798168e-01
395.350000,9.9990147061e-04,5.2519837623e-01
395.400000,1.0015344768e-03,6.0513626846e-01
395.450000,9.9890142553e-04,5.7137915189e-01
395.500000,9.9992334102e-04,5.5876175659e-01
395.550000,1.0002030614e-03,5.6635400457e-01
395.600000,1.0008642517e-03,5.2270806252e-01
395.650000,9.9892801497e-04,5.1128749635e-01
395.700000,1.0008500140e-03,5.6472383326e-01
395.750000,9.9999359588e-04,5.5240256481e-01
395.800000,1.0003590592e-03,5.5393114843e-01
395.850000,9.9908837005e-04,5.5279071189e-01
395.900000,9.9929610326e-04,5.1640868275e-01
395.950000,9.9917614154e-04,5.4540434583e-01
396.000000,9.9857644077e-04,5.4460149196e-01
396.050000,1.0006675611e-03,5.7459849639e-01
396.100000,1.0001796374e-03,4.9522002945e-01
396.150000,9.9962814251e-04,5.4799100138e-01
396.200000,1.0001279133e-03,5.7658959529e-01
396.250000,9.9923155318e-04,5.2802242374e-01
396.300000,1.0009457846e-03,5.3197130539e-01
396.350000,9.9992763801e-04,5.4800703786e-01
396.400000,1.0002703263e-03,5.0390374103e-01
396.450000,1.0017928873e-03,5.4459769190e-01
396.500000,9.9952091385e-04,5.6069238897e-01
396.550000,9.9830183502e-04,5.4436280266e-01
396.600000,1.0005602041e-03,5.2292029899e-01
396.650000,9.9845277619e-04,5.4224548899e-01
396.700000,1.0003919167e-03,5.6351286721e-01
396.750000,9.9974293844e-04,5.5490688638e-01
396.800000,9.9959007297e-04,5.4555325734e-01
396.850000,9.9932500385e-04,5.3286962088e-01
396.900000,9.9943147778e-04,5.5613981156e-01
396.950000,1.0000116233e-03,5.5440588936e-01
397.000000,9.9911954610e-04,5.3469937100e-01
397.050000,9.9922635974e-04,5.0042333085e-01
397.100000,1.0002835589e-03,5.8812791953e-01
397.150000,9.9873263982e-04,5.5471808536e-01
397.200000,9.9968434029e-04,5.9426733928e-01
397.250000,9.9964628163e-04,5.6562507190e-01
397.300000,9.9859319745e-04,5.3346222460e-01
397.350000,9.9926970501e-04,5.4851237369e-01
397.400000,1.0004619555e-03,5.0222856489e-01
397.450000,1.0003359280e-03,5.3913322999e-01
397.500000,9.9979925421e-04,5.4973125772e-01
397.550000,9.9988152908e-04,5.3580746037e-01
397.600000,1.0000891249e-03,5.0964469141e-01
397.650000,1.0020687168e-03,5.7563572549e-01
397.700000,9.9900519023e-04,5.2714437544e-01
397.750000,1.0027633761e-03,5.2531190343e-01
397.800000,9.9984168744e-04,5.9631104914e-01
397.850000,1.0014256178e-03,5.1589051666e-01
397.900000,9.9812999481e-04,5.6898951166e-01
397.950000,1.0003923448e-03,5.3638906197e-01
398.000000,1.0008054452e-03,5.5720759401e-01
398.050000,1.0009975841e-03,4.6655158722e-01
398.100000,9.9855606449e-04,5.4874420846e-01
398.150000,1.0012332837e-03,4.8902446782e-01
398.200000,1.0017787607e-03,5.2914552063e-01
398.250000,1.0006819055e-03,5.4427480388e-01
398.300000,9.9864900633e-04,5.2988270919e-01
398.350000,9.9871040205e-04,5.8183659295e-01
398.400000,1.0005260702e-03,5.9842136644e-01
398.450000,1.0000557393e-03,5.1511635231e-01
398.500000,9.9951488905e-04,5.4361385944e-01
398.550000,9.9812235321e-04,5.4904217000e-01
398.600000,9.9998537693e-04,5.7118540260e-01
398.650000,9.9964666679e-04,5.2904593840e-01
398.700000,9.9987289652e-04,5.4894384738e-01
398.750000,1.0000210369e-03,5.5381804725e-01
398.800000,9.9902615543e-04,5.0058388065e-01
398.850000,9.9991053752e-04,5.3132825750e-01
398.900000,9.9988143712e-04,5.7389399204e-01
398.950000,1.0008980241e-03,5.7248073432e-01
399.000000,1.0002253691e-03,5.2480710130e-01
399.050000,9.9978297563e-04,6.0138572385e-01
399.100000,1.0004977951e-03,5.1084837979e-01
399.150000,9.9952583680e-04,5.8739040508e-01
399.200000,9.9896576057e-04,5.3434927571e-01
399.250000,1.0003090821e-03,5.5972347524e-01
399.300000,1.0001874770e-03,5.5675668014e-01
399.350000,1.0000370566e-03,5.6551061939e-01
399.400000,9.9906137992e-04,5.7989995789e-01
399.450000,9.9905308824e-04,5.4434727203e-01
399.500000,9.9999181427e-04,5.4526901732e-01
399.550000,1.0002558224e-03,5.4015271381e-01
399.600000,9.9984966976e-04,5.1938060863e-01
399.650000,1.0007011248e-03,5.3057563708e-01
399.700000,9.9995211189e-04,5.5718111575e-01
399.750000,9.9943340965e-04,5.4691334301e-01
399.800000,9.9815520879e-04,5.5421144618e-01
399.850000,9.9955906981e-04,5.6462954312e-01
399.900000,9.9957487099e-04,5.7190368723e-01
399.950000,1.0008410788e-03,5.6557711300e-01
400.000000,1.0020849266e-03,5.3816327046e-01
400.050000,1.0026969182e-03,5.3732262790e-01
400.100000,1.0003828816e-03,5.6322513383e-01
400.150000,9.9936099901e-04,5.6002327518e-01
400.200000,1.0007712129e-03,5.2207977084e-01
400.250000,9.9940607680e-04,5.7239449887e-01
400.300000,9.9884250653e-04,5.5138237356e-01
400.350000,9.9878924359e-04,5.2832033829e-01
400.400000,9.9831826070e-04,5.8658518967e-01
400.450000,9.9993023377e-04,5.3316715536e-01
400.500000,9.9962746945e-04,5.6348699081e-01
400.550000,9.9770601811e-04,5.2933244307e-01
400.600000,1.0004874817e-03,5.7603643158e-01
400.650000,1.0001600946e-03,5.2453032266e-01
400.700000,1.0009133606e-03,5.7516573712e-01
400.750000,1.0002502287e-03,5.3616741841e-01
400.800000,9.9895197137e-04,5.6384621034e-01
400.850000,9.9988716868e-04,5.1135716234e-01
400.900000,9.9940142638e-04,5.4879117484e-01
400.950000,1.0016695152e-03,5.1891145811e-01
401.000000,9.9987541904e-04,5.3317457132e-01
401.050000,9.9869013170e-04,5.9011561259e-01
401.100000,9.9988141721e-04,6.0909631018e-01
401.150000,1.0007111731e-03,5.5853859997e-01
401.200000,9.9913822879e-04,5.3174393979e-01
401.250000,9.9935616819e-04,5.9096786658e-01
401.300000,9.9994132028e-04,6.0976227156e-01
401.350000,9.9949283083e-04,5.4245484217e-01
401.400000,9.9882375067e-04,5.4141124408e-01
401.450000,1.0003508481e-03,4.8727058270e-01
401.500000,9.9930475978e-04,5.6435331140e-01
401.550000,1.0001162963e-03,5.1185857524e-01
401.600000,1.0006293775e-03,5.2281008840e-01
401.650000,9.9849022186e-04,5.5713169489e-01
401.700000,1.0014641674e-03,5.8453348987e-01
401.750000,9.9930812953e-04,5.4245248640e-01
401.800000,1.0025349526e-03,5.5359522512e-01
401.850000,1.0003302638e-03,5.6473192536e-01
401.900000,9.9886028009e-04,5.1693118400e-01
401.950000,1.0001435252e-03,5.3889797121e-01
402.000000,1.0019196096e-03,5.3985761491e-01
402.050000,9.9955723839e-04,5.8061689817e-01
402.100000,1.0006011049e-03,5.3209329514e-01
402.150000,1.0008236127e-03,5.6737233666e-01
402.200000,1.0006676228e-03,5.2198249554e-01
402.250000,1.0006033281e-03,5.6641359736e-01
402.300000,9.9902851114e-04,5.8590005080e-01
402.350000,1.0001478618e-03,5.7454271513e-01
402.400000,1.0001225176e-03,5.5214878994e-01
402.450000,1.0007031400e-03,5.9450871126e-01
402.500000,1.0006801341e-03,5.7858958582e-01
402.550000,9.9921016085e-04,5.1871365334e-01
402.600000,9.9889378651e-04,4.9700372360e-01
402.650000,9.9979684741e-04,5.1251437596e-01
402.700000,9.9978913933e-04,5.7574774577e-01
402.750000,9.9957565933e-04,5.8660373903e-01
402.800000,1.0018511412e-03,5.5489936296e-01
402.850000,9.9899553044e-04,5.7606354524e-01
402.900000,9.9936748708e-04,5.4937614842e-01
402.950000,9.9952201837e-04,5.3405214481e-01
403.000000,9.9883655876e-04,5.3274832907e-01
403.050000,9.9973056685e-04,5.3640134159e-01
403.100000,1.0012244946e-03,5.3563773830e-01
403.150000,1.0000568995e-03,4.5115874103e-01
403.200000,1.0006489111e-03,5.7924886451e-01
403.250000,1.0002984632e-03,5.6601138912e-01
403.300000,9.9820122466e-04,5.5129092905e-01
403.350000,9.9932913469e-04,5.5097902573e-01
403.400000,9.9983602765e-04,5.5450083086e-01
403.450000,9.9935637043e-04,5.6728045863e-01
403.500000,1.0001585921e-03,5.3186336136e-01
403.550000,9.9960804023e-04,5.5277430212e-01
403.600000,9.9953891143e-04,5.0202774675e-01
403.650000,1.0005273174e-03,5.5152802085e-01
403.700000,1.0002282630e-03,5.6746551968e-01
403.750000,1.0003251773e-03,5.3048168001e-01
403.800000,1.0001261536e-03,5.0971006105e-01
403.850000,9.9954672058e-04,5.7867094152e-01
403.900000,9.9936416343e-04,5.8097326499e-01
403.950000,1.0009853172e-03,5.6851168066e-01
404.000000,1.0003024541e-03,5.7761188919e-01
404.050000,1.0008481521e-03,5.2066405720e-01
404.100000,1.0007922421e-03,5.6887865255e-01
404.150000,1.0016775084e-03,4.8976807522e-01
404.200000,1.0004278023e-03,4.9081372380e-01
404.250000,9.9990506116e-04,5.5334824035e-01
404.300000,9.9923708033e-04,6.2337435084e-01
404.350000,9.9898457256e-04,5.6513122415e-01
404.400000,1.0000503118e-03,6.2718330578e-01
404.450000,9.9976688005e-04,5.4738842486e-01
404.500000,9.9941021934e-04,5.2325474713e-01
404.550000,1.0012916806e-03,5.7114009349e-01
404.600000,9.9854568576e-04,5.6926250851e-01
404.650000,9.9947312091e-04,5.4987483797e-01
404.700000,1.0009006143e-03,5.5222323218e-01
404.750000,9.9967788563e-04,5.4978421264e-01
404.800000,1.0000878585e-03,5.4465497402e-01
404.850000,9.9968340678e-04,5.5432338497e-01
404.900000,9.9916551214e-04,5.7120673731e-01
404.950000,9.9992412476e-04,5.2856437440e-01
405.000000,9.9987966637e-04,5.6504584561e-01
405.050000,1.0006039124e-03,5.5700209593e-01
405.100000,9.9942914435e-04,5.7187661569e-01
405.150000,1.0012480207e-03,5.8159023727e-01
405.200000,1.0001814863e-03,5.8374188957e-01
405.250000,9.9993356243e-04,5.1887912627e-01
405.300000,1.0023720348e-03,5.5162245181e-01
405.350000,1.0004920861e-03,5.3692829273e-01
405.400000,1.0023197635e-03,5.7152211341e-01
405.450000,9.9900447494e-04,5.4251577061e-01
405.500000,9.9957419454e-04,5.8683590447e-01
405.550000,1.0000841606e-03,6.0133653997e-01
405.600000,9.9888034295e-04,5.2366278772e-01
405.650000,9.9978986589e-04,5.3452040720e-01
405.700000,1.0008705144e-03,5.4626087237e-01
405.750000,1.0009008334e-03,5.2847700594e-01
405.800000,9.9842718971e-04,5.7472193682e-01
405.850000,1.0010142684e-03,6.1198292135e-01
405.900000,9.9982150099e-04,4.9703152052e-01
405.950000,1.0018045594e-03,5.5049645159e-01
406.000000,9.9800126273e-04,6.1118658284e-01
406.050000,9.9956034055e-04,5.4262341977e-01
406.100000,1.0004021983e-03,5.4263267578e-01
406.150000,9.9985093201e-04,5.0019112924e-01
406.200000,1.0007774705e-03,5.1917470489e-01
406.250000,1.0005706804e-03,5.4281480279e-01
406.300000,1.0022190975e-03,4.9590765574e-01
406.350000,9.9936138980e-04,5.1979166056e-01
406.400000,1.0014337857e-03,5.6167857952e-01
406.450000,1.0001816643e-03,5.7819020376e-01
406.500000,1.0009116539e-03,5.5741065564e-01
406.550000,1.0012330582e-03,5.3218025139e-01
406.600000,9.9925526222e-04,5.6545300062e-01
406.650000,1.0000961289e-03,5.6105769340e-01
406.700000,9.9840390445e-04,5.1889314135e-01
406.750000,9.9978783406e-04,5.4649677019e-01
406.800000,1.0001811562e-03,5.8139094046e-01
406.850000,1.0019999665e-03,5.5044547736e-01
406.900000,1.0010323451e-03,5.4351679394e-01
406.950000,1.0008767439e-03,5.8671078538e-01
407.000000,1.0024098353e-03,5.4434083101e-01
407.050000,1.0002342004e-03,5.5943914110e-01
407.100000,9.9802779626e-04,5.5263822599e-01
407.150000,1.0004414290e-03,5.6817484401e-01
407.200000,9.9802451377e-04,5.4391490808e-01
407.250000,9.9944685840e-04,5.7079538330e-01
407.300000,1.0004511862e-03,5.3624470695e-01
407.350000,9.9866294739e-04,5.5856345176e-01
407.400000,9.9956185620e-04,5.7372730571e-01
407.450000,1.0001007090e-03,5.4522786695e-01
407.500000,1.0002760355e-03,5.5382606473e-01
407.550000,1.0013089643e-03,5.3684494449e-01
407.600000,9.9893896768e-04,4.8064007793e-01
407.650000,1.0000161354e-03,5.6072461214e-01
407.700000,9.9919098683e-04,5.4992371204e-01
407.750000,9.9989442216e-04,5.4411212722e-01
407.800000,9.9984459712e-04,5.4869445108e-01
407.850000,1.0011753743e-03,5.2786844896e-01
407.900000,9.9982014150e-04,5.3370693835e-01
407.950000,9.9961727913e-04,5.4674526630e-01
408.000000,9.9934859938e-04,5.5390591943e-01
408.050000,9.9882342435e-04,5.2951239159e-01
408.100000,9.9898708042e-04,5.6649545714e-01
408.150000,1.0006055784e-03,5.4155004058e-01
408.200000,9.9941175695e-04,5.3519033969e-01
408.250000,9.9831007490e-04,5.2749044063e-01
408.300000,1.0001220916e-03,5.7003096458e-01
408.350000,9.9806066223e-04,5.0730728707e-01
408.400000,9.9787768466e-04,5.8118835954e-01
408.450000,1.0024606471e-03,5.5588185368e-01
408.500000,1.0013274235e-03,5.8964628480e-01
408.550000,9.9829216832e-04,5.2436032353e-01
408.600000,9.9968884977e-04,5.5885937659e-01
408.650000,9.9933388496e-04,5.1585871613e-01
408.700000,9.9995425253e-04,5.0687473203e-01
408.750000,9.9820943056e-04,5.3741431876e-01
408.800000,9.9862833788e-04,5.4564655885e-01
408.850000,9.9820581943e-04,5.5427183109e-01
408.900000,1.0005750777e-03,5.4881559958e-01
408.950000,1.0011273190e-03,5.3232018600e-01
409.000000,1.0009239217e-03,5.3845284496e-01
409.050000,9.9890213967e-04,5.2747885091e-01
409.100000,1.0011785670e-03,4.6614657140e-01
409.150000,9.9891866084e-04,5.6592099571e-01
409.200000,9.9809972895e-04,5.1628838124e-01
409.250000,1.0003897602e-03,6.0711133303e-01
409.300000,1.0001576122e-03,4.8951950085e-01
409.350000,9.9997074399e-04,5.3613355836e-01
409.400000,1.0003005960e-03,5.2978029690e-01
409.450000,9.9967802037e-04,5.6785461891e-01
409.500000,9.9985824054e-04,5.6323015898e-01
409.550000,9.9828795447e-04,5.6803711630e-01
409.600000,1.0013059230e-03,5.1393767170e-01
409.650000,1.0004794288e-03,5.5980257751e-01
409.700000,9.9949277621e-04,5.8144700480e-01
409.750000,9.9931223473e-04,5.1508254515e-01
409.800000,1.0010893691e-03,5.3134342155e-01
409.850000,1.0006852703e-03,5.1823068114e-01
409.900000,1.0005765612e-03,5.7142157199e-01
409.950000,1.0017139283e-03,5.9694249817e-01
410.000000,9.9722744973e-04,5.1877662158e-01
410.050000,1.0005351491e-03,5.4108529206e-01
410.100000,1.0006441388e-03,5.5485627787e-01
410.150000,9.9932578990e-04,5.2093217604e-01
410.200000,1.0004341114e-03,5.8181128009e-01
410.250000,1.0003424140e-03,5.2243757504e-01
410.300000,9.9984065052e-04,5.7308230565e-01
410.350000,9.9949897920e-04,5.5713650958e-01
410.400000,1.0006444947e-03,5.6358451832e-01
410.450000,1.0003490359e-03,5.6730424968e-01
410.500000,9.9983364973e-04,5.0181227637e-01
410.550000,1.0001328524e-03,5.4516461981e-01
410.600000,1.0010788592e-03,4.9421026311e-01
410.650000,1.0012485869e-03,5.2949537972e-01
410.700000,9.9956347232e-04,5.4455209699e-01
410.750000,1.0016843573e-03,5.3250051082e-01
410.800000,1.0000967776e-03,5.4494218662e-01
410.850000,1.0006131049e-03,4.9455097079e-01
410.900000,9.9989996392e-04,5.8167022906e-01
410.950000,1.0002288889e-03,5.9322520181e-01
411.000000,1.0004292455e-03,5.2284562697e-01
411.050000,9.9910129759e-04,5.5752825044e-01
411.100000,9.9974331473e-04,5.4964949152e-01
411.150000,1.0008529240e-03,5.6209025926e-01
411.200000,9.9843458076e-04,5.1571815121e-01
411.250000,1.0022128019e-03,5.4809041232e-01
411.300000,1.0012567692e-03,5.4045487845e-01
411.350000,9.9896733732e-04,5.1368578241e-01
411.400000,1.0003568115e-03,5.0882178331e-01
411.450000,9.9978181771e-04,5.5928347823e-01
411.500000,9.9944956328e-04,5.3359115748e-01
411.550000,1.0002584674e-03,5.4960322125e-01
411.600000,9.9985185081e-04,5.5742851346e-01
411.650000,1.0009482460e-03,5.0820398664e-01
411.700000,9.9958767043e-04,5.3081083450e-01
411.750000,1.0011236280e-03,5.5637354025e-01
411.800000,9.9922726052e-04,5.7178206256e-01
411.850000,9.9935768636e-04,5.5978469741e-01
411.900000,9.9961654475e-04,5.2879550331e-01
411.950000,9.9878825755e-04,5.6646851564e-01
412.000000,1.0000950813e-03,5.7538966923e-01
412.050000,1.0009456092e-03,4.9952362804e-01
412.100000,1.0001675975e-03,5.9584473489e-01
412.150000,1.0006044972e-03,5.3467594519e-01
412.200000,9.9881234102e-04,5.3572645529e-01
412.250000,1.0001641395e-03,5.5048449381e-01
412.300000,9.9851185797e-04,5.5742425894e-01
412.350000,1.0006001649e-03,5.4800764413e-01
412.400000,1.0010301520e-03,5.6862785255e-01
412.450000,1.0001256087e-03,5.4915875583e-01
412.500000,1.0015775429e-03,5.0139907627e-01
412.550000,1.0015408002e-03,5.5317812589e-01
412.600000,9.9989213917e-04,5.0391108075e-01
412.650000,1.0004642407e-03,5.1165690009e-01
412.700000,1.0010898907e-03,5.6756040031e-01
412.750000,9.9954217098e-04,5.5744051301e-01
412.800000,1.0009899027e-03,5.5826363805e-01
412.850000,9.9890716465e-04,5.6274486248e-01
412.900000,1.0000914781e-03,5.6255836797e-01
412.950000,9.9970387187e-04,5.2296640968e-01
413.000000,1.0012782275e-03,5.3751499943e-01
413.050000,1.0003797592e-03,5.4832144999e-01
413.100000,1.0002010898e-03,5.5995283958e-01
413.150000,9.9971327093e-04,5.8090523415e-01
413.200000,9.9724459411e-04,5.0769859223e-01
413.250000,1.0008717020e-03,5.6528192513e-01
413.300000,1.0002303966e-03,5.6571424664e-01
413.350000,9.9816989954e-04,5.0905269917e-01
413.400000,9.9965555010e-04,5.3313848777e-01
413.450000,9.9925217590e-04,5.9504995752e-01
413.500000,9.9917475813e-04,5.4202323043e-01
413.550000,1.0003081511e-03,5.8564617863e-01
413.600000,1.0002172208e-03,5.4675984563e-01
413.650000,9.9844314580e-04,5.5980770401e-01
413.700000,1.0003161538e-03,5.7933619163e-01
413.750000,1.0004135310e-03,5.8378387902e-01
413.800000,1.0012580125e-03,5.4764159475e-01
413.850000,1.0018679105e-03,5.1996027275e-01
413.900000,9.9848487448e-04,5.4970390864e-01
413.950000,9.9996085148e-04,5.0005717835e-01
414.000000,9.9994330546e-04,5.7093450854e-01
414.050000,9.9872274110e-04,5.0383533597e-01
414.100000,1.0003751601e-03,5.4698166386e-01
414.150000,9.9990263475e-04,4.9938826278e-01
414.200000,9.9935121131e-04,4.9790705920e-01
414.250000,9.9919475712e-04,5.7731567273e-01
414.300000,1.0008323065e-03,5.6182648286e-01
414.350000,1.0018064715e-03,5.3032591843e-01
414.400000,9.9920359026e-04,5.4334160036e-01
414.450000,9.9961138689e-04,5.1729155056e-01
414.500000,1.0007234136e-03,5.4106856599e-01
414.550000,9.9852159998e-04,5.1462652916e-01
414.600000,1.0000367038e-03,5.2218966848e-01
414.650000,1.0019415496e-03,5.6309749350e-01
414.700000,1.0011462431e-03,5.4020108212e-01
414.750000,9.9874359591e-04,5.0624960864e-01
414.800000,9.9855365534e-04,5.0403260030e-01
414.850000,9.9991236064e-04,5.0597040183e-01
414.900000,9.9976619413e-04,5.2241067747e-01
414.950000,1.0011667275e-03,4.9375436943e-01
415.000000,1.0005191127e-03,5.5062569804e-01
415.050000,1.0010414696e-03,5.3478828238e-01
415.100000,9.9867024683e-04,5.5710825047e-01
415.150000,1.0003269829e-03,5.3740684835e-01
415.200000,1.0011828911e-03,5.5141765116e-01
415.250000,9.9986977248e-04,5.2977172859e-01
415.300000,9.9975661180e-04,5.3071547500e-01
415.350000,9.9894009126e-04,5.5294116557e-01
415.400000,1.0009322489e-03,5.2273586317e-01
415.450000,1.0017389704e-03,5.3757886360e-01
415.500000,1.0000872996e-03,6.0362547123e-01
415.550000,9.9909583901e-04,5.6602736355e-01
415.600000,9.9946091765e-04,5.2043303526e-01
415.650000,9.9863272944e-04,5.4620697548e-01
415.700000,1.0012636907e-03,5.6808019890e-01
415.750000,9.9848548804e-04,5.5231967378e-01
415.800000,1.0001656237e-03,5.3321150986e-01
415.850000,9.9938925069e-04,5.0458806932e-01
415.900000,9.9974863345e-04,5.1090632225e-01
415.950000,9.9974595871e-04,5.6019668110e-01
416.000000,1.0014045140e-03,5.6661049643e-01
416.050000,1.0003301525e-03,5.6142119381e-01
416.100000,9.9910383078e-04,5.4548051895e-01
416.150000,9.9845708134e-04,5.3215868267e-01
416.200000,1.0003161120e-03,5.1323424457e-01
416.250000,1.0010538387e-03,5.4242620061e-01
416.300000,1.0015220410e-03,5.5542218292e-01
416.350000,1.0007111407e-03,4.9313698919e-01
416.400000,9.9998077470e-04,5.1070314943e-01
416.450000,1.0004828770e-03,5.1853928811e-01
416.500000,9.9888920491e-04,5.6610987483e-01
416.550000,1.0004119541e-03,5.9953890284e-01
416.600000,9.9922107788e-04,5.2340588381e-01
416.650000,9.9840249675e-04,5.5346172642e-01
416.700000,1.0005184671e-03,5.6211119333e-01
416.750000,1.0011819745e-03,5.4254146718e-01
416.800000,9.9942403208e-04,5.5883786951e-01
416.850000,9.9998671203e-04,5.0641798868e-01
416.900000,9.9885224045e-04,5.5077705136e-01
416.950000,9.9945281995e-04,5.2793116051e-01
417.000000,9.9874977373e-04,5.5090154454e-01
417.050000,1.0013367427e-03,5.3159963790e-01
417.100000,1.0019347903e-03,5.4802053538e-01
417.150000,1.0008492636e-03,5.8680316908e-01
417.200000,1.0020550624e-03,5.3141420834e-01
417.250000,1.0024032092e-03,5.7345063213e-01
417.300000,9.9960562991e-04,5.2927271912e-01
417.350000,1.0003298630e-03,5.5395663490e-01
417.400000,9.9980078349e-04,5.3948990512e-01
417.450000,9.9969842437e-04,5.3897018657e-01
417.500000,1.0012653999e-03,5.5090391371e-01
417.550000,1.0005679742e-03,5.4633949145e-01
417.600000,9.9944402370e-04,5.1494403842e-01
417.650000,1.0000758996e-03,5.6621179491e-01
417.700000,9.9986637090e-04,5.3958159977e-01
417.750000,1.0021756597e-03,5.0957931318e-01
417.800000,1.0000328537e-03,5.2212881368e-01
417.850000,1.0006727525e-03,5.5569434053e-01
417.900000,9.9952938259e-04,5.5649237518e-01
417.950000,1.0009663109e-03,5.7215787730e-01
418.000000,1.0011094017e-03,4.8895331130e-01
418.050000,1.0004439893e-03,5.8380255026e-01
418.100000,9.9933686964e-04,5.8160552060e-01
418.150000,1.0021748480e-03,5.7102630321e-01
418.200000,1.0000214623e-03,5.4432131588e-01
418.250000,1.0004906961e-03,5.7286314034e-01
418.300000,9.9996507336e-04,5.0187714452e-01
418.350000,1.0003836583e-03,5.5508145087e-01
418.400000,1.0011790551e-03,5.2170406728e-01
418.450000,1.0004926007e-03,5.0025826082e-01
418.500000,1.0003170651e-03,5.5424935856e-01
418.550000,1.0010232079e-03,5.6353366837e-01
418.600000,9.9927604564e-04,5.6950266470e-01
418.650000,1.0008980546e-03,5.5914221086e-01
418.700000,1.0009345714e-03,4.8229774373e-01
418.750000,1.0002785885e-03,5.7958905851e-01
418.800000,9.9746386158e-04,5.3581247369e-01
418.850000,1.0016972866e-03,4.8599644262e-01
418.900000,9.9930749455e-04,5.1941081263e-01
418.950000,9.9974182546e-04,5.3080641299e-01
419.000000,9.9798560402e-04,5.5158884915e-01
419.050000,1.0014042097e-03,6.0538694325e-01
419.100000,1.0010514220e-03,5.4349400442e-01
419.150000,1.0006047821e-03,5.6572244950e-01
419.200000,1.0011800880e-03,5.4424758801e-01
419.250000,9.9946016754e-04,5.2509136430e-01
419.300000,1.0003075508e-03,5.0702017089e-01
419.350000,1.0014086443e-03,5.3360589605e-01
419.400000,1.0005384753e-03,5.4885622094e-01
419.450000,1.0001352696e-03,5.8323889360e-01
419.500000,9.9967550531e-04,6.0711448458e-01
419.550000,9.9984569980e-04,5.1693221714e-01
419.600000,9.9936504418e-04,5.7171891367e-01
419.650000,1.0018998822e-03,5.5170576625e-01
419.700000,9.9939975833e-04,5.8670477702e-01
419.750000,9.9811495001e-04,5.3030100595e-01
419.800000,1.0011930617e-03,4.9863992862e-01
419.850000,9.9995227601e-04,5.3556412535e-01
419.900000,1.0005987788e-03,5.2458642616e-01
419.950000,1.0010419129e-03,5.6664313520e-01
420.000000,9.9871138322e-04,5.8773980713e-01
420.050000,9.9958955935e-04,5.5330601508e-01
420.100000,9.9914508735e-04,5.3276167796e-01
420.150000,1.0004237729e-03,5.4702065919e-01
420.200000,1.0020523062e-03,5.9685146517e-01
420.250000,1.0016975676e-03,5.4218022485e-01
420.300000,1.0002417374e-03,5.7765770946e-01
420.350000,1.0007647318e-03,5.5795859663e-01
420.400000,9.9936918548e-04,5.5134066249e-01
420.450000,9.9997094513e-04,4.9087281488e-01
420.500000,1.0008722660e-03,5.6065049007e-01
420.550000,9.9906572864e-04,5.4026798283e-01
420.600000,9.9819190230e-04,5.5108920853e-01
420.650000,9.9805112518e-04,5.4086165869e-01
420.700000,9.9956717387e-04,5.4348724163e-01
420.750000,9.9922265740e-04,5.1831207192e-01
420.800000,1.0011391599e-03,4.9326809760e-01
420.850000,1.0000084088e-03,5.1370258900e-01
420.900000,9.9932209462e-04,5.2596106047e-01
420.950000,9.9851440343e-04,5.1857238120e-01
421.000000,9.9895600138e-04,5.5121639841e-01
421.050000,9.9848025364e-04,5.4687248476e-01
421.100000,1.0009493081e-03,5.3841818285e-01
421.150000,9.9985791138e-04,5.3559405216e-01
421.200000,9.9813095830e-04,5.4095763851e-01
421.250000,9.9928535665e-04,5.0980947354e-01
421.300000,1.0006746141e-03,5.4154563286e-01
421.350000,1.0001251036e-03,5.8553318334e-01
421.400000,9.9869773396e-04,5.2315456185e-01
421.450000,9.9986806115e-04,5.3716615887e-01
421.500000,9.9805326484e-04,4.9372976020e-01
421.550000,1.0011047027e-03,5.3003515531e-01
421.600000,1.0003495035e-03,5.6217652640e-01
421.650000,9.9973353707e-04,5.1352962526e-01
421.700000,9.9906481443e-04,5.3517489324e-01
421.750000,9.9930860959e-04,6.0326441137e-01
421.800000,9.9800037798e-04,5.6140339052e-01
421.850000,9.9925489454e-04,5.1408319142e-01
421.900000,9.9944981416e-04,5.4942562595e-01
421.950000,1.0000539695e-03,5.2876117194e-01
422.000000,1.0001479052e-03,5.4511837666e-01
422.050000,9.9874892783e-04,5.7665672044e-01
422.100000,1.0011673694e-03,5.6564931918e-01
422.150000,1.0012905340e-03,6.1255029083e-01
422.200000,1.0021373370e-03,5.4058379898e-01
422.250000,1.0008578152e-03,5.8067000886e-01
422.300000,9.9942535056e-04,4.9393854420e-01
422.350000,1.0008337804e-03,5.3249290853e-01
422.400000,9.9992989138e-04,5.8302055584e-01
422.450000,1.0003813896e-03,5.5779262177e-01
422.500000,1.0003197582e-03,5.8277338654e-01
422.550000,9.9960960254e-04,5.3207402474e-01
422.600000,1.0010470301e-03,5.4275301590e-01
422.650000,9.9852429066e-04,5.3675524954e-01
422.700000,1.0003126687e-03,4.8929575167e-01
422.750000,1.0011188349e-03,5.4743018097e-01
422.800000,9.9943944852e-04,5.1523849789e-01
422.850000,1.0005203543e-03,5.4651653090e-01
422.900000,1.0021041221e-03,5.3424058592e-01
422.950000,9.9947518178e-04,5.7870792261e-01
423.000000,9.9842226073e-04,5.5518264626e-01
423.050000,9.9897662652e-04,5.4431289703e-01
423.100000,1.0013934519e-03,5.9510336650e-01
423.150000,1.0002572916e-03,5.5433819091e-01
423.200000,1.0003875731e-03,5.3967798427e-01
423.250000,1.0004288730e-03,5.5547763618e-01
423.300000,9.9998587012e-04,5.3834052096e-01
423.350000,9.9897731811e-04,5.8669906889e-01
423.400000,1.0001177736e-03,5.6603427087e-01
423.450000,9.9896685694e-04,5.2956548910e-01
423.500000,1.0022945518e-03,5.2374349807e-01
423.550000,1.0005883154e-03,5.0085359940e-01
423.600000,1.0005862333e-03,5.4808330755e-01
423.650000,9.9860168467e-04,5.3415262517e-01
423.700000,1.0006757610e-03,5.4468065671e-01
423.750000,1.0008800216e-03,5.5407252195e-01
423.800000,9.9797662387e-04,5.5140271035e-01
423.850000,9.9732143329e-04,5.7842150508e-01
423.900000,9.9860288882e-04,5.5143892163e-01
423.950000,1.0001860595e-03,5.3410254140e-01
424.000000,9.9914070664e-04,5.5951333130e-01
424.050000,1.0011773349e-03,5.3291900324e-01
424.100000,9.9979694471e-04,5.5092339535e-01
424.150000,9.9935018906e-04,5.3685657109e-01
424.200000,9.9989066257e-04,5.5975111619e-01
424.250000,9.9945746730e-04,5.5279991045e-01
424.300000,1.0006401435e-03,5.7534811948e-01
424.350000,1.0010392222e-03,5.6491767887e-01
424.400000,1.0003133555e-03,5.7119779926e-01
424.450000,1.0009520665e-03,5.2620209862e-01
424.500000,1.0012656363e-03,5.5461432250e-01
424.550000,1.0011822451e-03,5.5994258935e-01
424.600000,9.9935773543e-04,5.8281073428e-01
424.650000,1.0008058386e-03,5.0827622729e-01
424.700000,1.0002469186e-03,5.4821497313e-01
424.750000,9.9971104802e-04,5.4111443356e-01
424.800000,1.0002335559e-03,5.2977786065e-01
424.850000,9.9941798143e-04,5.0775423378e-01
424.900000,9.9863865414e-04,5.1106959618e-01
424.950000,9.9982960460e-04,5.5274521812e-01
425.000000,1.0012792342e-03,5.5439243704e-01
425.050000,1.0000529005e-03,5.4998118012e-01
425.100000,9.9830475782e-04,5.2549665644e-01
425.150000,1.0007008325e-03,5.3132750367e-01
425.200000,1.0013448627e-03,5.5973301300e-01
425.250000,1.0014229832e-03,5.8058966105e-01
425.300000,1.0002780816e-03,5.5269354210e-01
425.350000,1.0001858662e-03,5.5398169013e-01
425.400000,9.9857625493e-04,5.1406770513e-01
425.450000,9.9978422056e-04,5.2852689459e-01
425.500000,9.9956708196e-04,5.1865431146e-01
425.550000,1.0006473236e-03,5.5361806041e-01
425.600000,1.0004954017e-03,4.9480162432e-01
425.650000,9.9840490376e-04,5.9051024566e-01
425.700000,1.0004339039e-03,5.1996197154e-01
425.750000,9.9923239613e-04,5.8483151022e-01
425.800000,1.0011408199e-03,5.6189409919e-01
425.850000,1.0003834875e-03,4.6655589586e-01
425.900000,1.0019607417e-03,5.2695597524e-01
425.950000,9.9946046866e-04,5.5416292798e-01
426.000000,9.9872090141e-04,5.1145920320e-01
426.050000,1.0000154885e-03,5.5135103924e-01
426.100000,9.9952057390e-04,5.1219341021e-01
426.150000,1.0019024492e-03,5.1332479456e-01
426.200000,9.9995953932e-04,5.6891890110e-01
426.250000,1.0007665784e-03,5.7652798482e-01
426.300000,9.9950280725e-04,5.1015773640e-01
426.350000,9.9905808090e-04,4.7464430884e-01
426.400000,9.9860613110e-04,5.4418448213e-01
426.450000,1.0002944057e-03,5.5033633714e-01
426.500000,1.0006983359e-03,5.4725030673e-01
426.550000,1.0008076329e-03,5.2287573404e-01
426.600000,1.0003712525e-03,5.4688435741e-01
426.650000,9.9818300526e-04,5.7909612668e-01
426.700000,1.0007266098e-03,5.7942633650e-01
426.750000,1.0006038507e-03,5.4207265925e-01
426.800000,9.9980971645e-04,5.3414711775e-01
426.850000,1.0010905185e-03,5.7678324325e-01
426.900000,1.0005822442e-03,6.2007791644e-01
426.950000,1.0007434518e-03,5.9060948982e-01
427.000000,9.9969473915e-04,5.2859122430e-01
427.050000,9.9957652863e-04,5.8137282694e-01
427.100000,1.0007954207e-03,5.4574377426e-01
427.150000,1.0007915035e-03,5.1406689050e-01
427.200000,1.0008512643e-03,5.3299335554e-01
427.250000,1.0010694773e-03,4.9979968912e-01
427.300000,9.9927600863e-04,5.4018313889e-01
427.350000,1.0009740715e-03,5.2668505297e-01
427.400000,9.9912890034e-04,5.5580126179e-01
427.450000,9.9996668071e-04,5.3115706653e-01
427.500000,1.0001400708e-03,5.3662313113e-01
427.550000,1.0010309124e-03,5.3869544660e-01
427.600000,1.0013790624e-03,5.7001613864e-01
427.650000,1.0001420494e-03,4.9510380748e-01
427.700000,1.0009385505e-03,5.5279587135e-01
427.750000,1.0007987528e-03,5.3357527100e-01
427.800000,1.0005747469e-03,5.2669132944e-01
427.850000,1.0004540108e-03,5.3207657234e-01
427.900000,9.9860145061e-04,5.9658953175e-01
427.950000,9.9903208580e-04,5.3187437697e-01
428.000000,9.9954361483e-04,5.2956907133e-01
428.050000,1.0003757451e-03,5.0337007851e-01
428.100000,1.0008235640e-03,5.3444296231e-01
428.150000,9.9794185029e-04,5.2052941142e-01
428.200000,1.0008955447e-03,5.8435397864e-01
428.250000,1.0009757040e-03,5.4738403619e-01
428.300000,1.0003368728e-03,5.5433195500e-01
428.350000,9.9881293134e-04,5.5374566789e-01
428.400000,1.0012121454e-03,5.2716345488e-01
428.450000,9.9855530808e-04,5.7620853572e-01
428.500000,9.9871068879e-04,5.4278832620e-01
428.550000,9.9954096064e-04,5.2677495768e-01
428.600000,9.9953867721e-04,5.1216773865e-01
428.650000,1.0004645690e-03,5.3465535283e-01
428.700000,1.0017048366e-03,5.0272247833e-01
428.750000,9.9970775114e-04,5.3557993418e-01
428.800000,1.0005780345e-03,5.8875588293e-01
428.850000,9.9987491379e-04,5.4305869897e-01
428.900000,1.0009375388e-03,5.1058878573e-01
428.950000,1.0023563270e-03,5.7254817786e-01
429.000000,1.0002994692e-03,5.4608119821e-01
429.050000,9.9873034682e-04,5.3364676406e-01
429.100000,9.9994988545e-04,5.9457170810e-01
429.150000,9.9925335185e-04,5.5251548009e-01
429.200000,1.0006724248e-03,5.6043316318e-01
429.250000,9.9963339876e-04,5.4293049353e-01
429.300000,1.0004936809e-03,5.6990339834e-01
429.350000,9.9910739525e-04,5.8703548874e-01
429.400000,1.0014902688e-03,5.4869940866e-01
429.450000,1.0010611286e-03,5.4215879620e-01
429.500000,9.9826015822e-04,5.9031670993e-01
429.550000,9.9933081507e-04,4.9079959212e-01
429.600000,1.0000670619e-03,5.6046132407e-01
429.650000,1.0006638260e-03,5.6443414347e-01
429.700000,1.0002612106e-03,5.6171628224e-01
429.750000,9.9991518281e-04,5.0672917278e-01
429.800000,9.9976696569e-04,5.0884477533e-01
429.850000,9.9953951957e-04,5.5025709341e-01
429.900000,1.0008594689e-03,5.4406372129e-01
429.950000,9.9878045357e-04,5.3566366908e-01
430.000000,9.9795440039e-04,5.6883846453e-01
430.050000,9.9921897665e-04,5.1779740908e-01
430.100000,1.0016731863e-03,5.1306142200e-01
430.150000,9.9944603176e-04,5.3914277840e-01
430.200000,1.0002654734e-03,5.2818148306e-01
430.250000,1.0006882473e-03,5.6244788134e-01
430.300000,1.0007192770e-03,4.6583377536e-01
430.350000,1.0007543121e-03,5.7365470281e-01
430.400000,1.0010935731e-03,5.7378311699e-01
430.450000,9.9931740315e-04,5.7859698715e-01
430.500000,1.0012075511e-03,4.6512963186e-01
430.550000,1.0012540670e-03,5.1028272280e-01
430.600000,9.9839915870e-04,5.1676250712e-01
430.650000,9.9930317007e-04,5.4448914374e-01
430.700000,9.9884482414e-04,5.8989012653e-01
430.750000,1.0002360387e-03,4.5094707519e-01
430.800000,9.9931678692e-04,5.3706918222e-01
430.850000,9.9865632343e-04,5.2548997554e-01
430.900000,9.9953081975e-04,5.8355128568e-01
430.950000,1.0017623259e-03,5.1425404414e-01
431.000000,9.9837783863e-04,5.4304981970e-01
431.050000,9.9990883049e-04,5.6804130867e-01
431.100000,9.9925006957e-04,5.3416063534e-01
431.150000,1.0007340173e-03,4.7784451441e-01
431.200000,1.0000347911e-03,5.3285883658e-01
431.250000,9.9949439362e-04,5.5246263191e-01
431.300000,9.9744216996e-04,5.4622839585e-01
431.350000,9.9886219563e-04,5.6658956444e-01
431.400000,9.9896734251e-04,5.4201305471e-01
431.450000,9.9853960013e-04,5.3993422998e-01
431.500000,9.9946851764e-04,5.4601441191e-01
431.550000,9.9961334656e-04,5.3790642884e-01
431.600000,1.0008203747e-03,5.5347134901e-01
431.650000,9.9955363987e-04,5.6242045042e-01
431.700000,9.9941760852e-04,5.5041603652e-01
431.750000,1.0000611261e-03,5.1921323959e-01
431.800000,9.9822254849e-04,5.6051490946e-01
431.850000,1.0005217057e-03,5.5453473522e-01
431.900000,9.9948829010e-04,5.3013129872e-01
431.950000,1.0003695422e-03,5.4531306647e-01
432.000000,1.0004557114e-03,5.2014890342e-01
432.050000,1.0010353916e-03,5.3242640791e-01
432.100000,1.0025793178e-03,5.7141651054e-01
432.150000,9.9882332191e-04,5.3669004294e-01
432.200000,9.9996184663e-04,5.8354964817e-01
432.250000,9.9949999680e-04,5.4520313164e-01
432.300000,1.0003177517e-03,5.3540933836e-01
432.350000,9.9937888005e-04,5.5195948171e-01
432.400000,1.0013530243e-03,5.6397235831e-01
432.450000,1.0001218873e-03,5.8118257474e-01
432.500000,1.0012977764e-03,5.5258198921e-01
432.550000,1.0001569616e-03,5.2681160771e-01
432.600000,9.9971391142e-04,5.0206736930e-01
432.650000,9.9995977866e-04,5.8087271170e-01
432.700000,1.0003128156e-03,5.2781538107e-01
432.750000,1.0000021793e-03,5.3698928568e-01
432.800000,9.9956441199e-04,6.1882074433e-01
432.850000,9.9862219974e-04,5.6904957592e-01
432.900000,9.9972034789e-04,5.3655417960e-01
432.950000,9.9982148489e-04,5.1781665792e-01
433.000000,9.9976246680e-04,5.8449214592e-01
433.050000,9.9853950267e-04,5.8374431182e-01
433.100000,1.0008440513e-03,5.1467152720e-01
433.150000,9.9936209268e-04,5.2540440488e-01
433.200000,1.0007479719e-03,5.3381661675e-01
433.250000,1.0017092128e-03,5.7508984116e-01
433.300000,9.9806472942e-04,5.5928008315e-01
433.350000,9.9958555068e-04,5.4654342294e-01
433.400000,9.9861715125e-04,5.4689849794e-01
433.450000,1.0008021416e-03,5.5397944272e-01
433.500000,1.0000941743e-03,5.2730528380e-01
433.550000,9.9949451833e-04,5.4736618977e-01
433.600000,9.9968969438e-04,5.1852882797e-01
433.650000,1.0010111291e-03,5.6452935167e-01
433.700000,9.9885248813e-04,4.9981007175e-01
433.750000,1.0011018524e-03,4.9996329619e-01
433.800000,9.9982339207e-04,5.7944488214e-01
433.850000,9.9765706912e-04,5.1704067366e-01
433.900000,1.0007821574e-03,5.4792075204e-01
433.950000,9.9961137758e-04,5.4961506509e-01
434.000000,1.0006957391e-03,5.3482618553e-01
434.050000,1.0011452747e-03,5.1971677665e-01
434.100000,1.0018122887e-03,5.4194910474e-01
434.150000,1.0003408513e-03,5.6502950941e-01
434.200000,1.0029195339e-03,5.4474429026e-01
434.250000,1.0003670632e-03,5.4174413514e-01
434.300000,9.9730619558e-04,5.4738442188e-01
434.350000,9.9885707580e-04,5.6138894677e-01
434.400000,1.0005847268e-03,5.8050978566e-01
434.450000,1.0000920963e-03,5.4151936464e-01
434.500000,9.9946415675e-04,5.1260916842e-01
434.550000,9.9874564789e-04,5.7088220540e-01
434.600000,1.0000878901e-03,5.4619116248e-01
434.650000,9.9940807811e-04,5.2247480718e-01
434.700000,1.0005744783e-03,5.5551309552e-01
434.750000,1.0012613976e-03,5.2935135912e-01
434.800000,1.0015382982e-03,5.4977610143e-01
434.850000,1.0018886159e-03,5.5030604608e-01
434.900000,1.0002664259e-03,5.5491150187e-01
434.950000,9.9966973313e-04,5.7712814534e-01
435.000000,9.9887477129e-04,6.0580156128e-01
435.050000,1.0000207780e-03,5.2031253305e-01
435.100000,1.0006977101e-03,5.4831303937e-01
435.150000,9.9876365597e-04,5.8370281430e-01
435.200000,9.9996265004e-04,5.0483483375e-01
435.250000,1.0006844978e-03,5.8589418541e-01
435.300000,1.0010026769e-03,5.1119087090e-01
435.350000,1.0007037140e-03,4.7948727425e-01
435.400000,9.9975165160e-04,5.5287653815e-01
435.450000,9.9936171674e-04,5.3373169787e-01
435.500000,9.9851922293e-04,5.2135741195e-01
435.550000,9.9902784045e-04,5.3405501271e-01
435.600000,9.9970416541e-04,5.4846264052e-01
435.650000,9.9908692641e-04,5.3068706288e-01
435.700000,9.9984042268e-04,5.8620214949e-01
435.750000,9.9878309773e-04,5.0543306295e-01
435.800000,9.9940831907e-04,5.5206152690e-01
435.850000,1.0010831261e-03,5.3495583315e-01
435.900000,1.0000006943e-03,5.3615544628e-01
435.950000,1.0006020211e-03,5.5155922248e-01
436.000000,1.0005682841e-03,5.7095771539e-01
436.050000,9.9956300729e-04,5.1207968491e-01
436.100000,9.9942244754e-04,5.6972255109e-01
436.150000,9.9988833171e-04,5.4121195455e-01
436.200000,9.9980241924e-04,5.5088358512e-01
436.250000,9.9965930033e-04,5.9472400533e-01
436.300000,9.9993913421e-04,5.2955924158e-01
436.350000,1.0017864330e-03,5.6505161260e-01
436.400000,9.9964222000e-04,6.0624998462e-01
436.450000,9.9916007461e-04,5.3990133544e-01
436.500000,1.0000363971e-03,5.6190999141e-01
436.550000,1.0012328266e-03,5.4040355412e-01
436.600000,9.9894011314e-04,5.2237627512e-01
436.650000,1.0000186512e-03,5.3050693259e-01
436.700000,1.0009598342e-03,4.8175415948e-01
436.750000,9.9977898972e-04,5.1718574467e-01
436.800000,9.9958564654e-04,5.9257412374e-01
436.850000,9.9958559027e-04,5.5785108926e-01
436.900000,1.0009124391e-03,5.5225101473e-01
436.950000,1.0000219664e-03,5.2781914459e-01
437.000000,9.9919278579e-04,4.9506145577e-01
437.050000,1.0014446685e-03,5.5694954897e-01
437.100000,1.0004601862e-03,5.4996677019e-01
437.150000,9.9996671043e-04,5.2157513941e-01
437.200000,1.0010212091e-03,5.2454479588e-01
437.250000,1.0008047138e-03,5.3602397021e-01
437.300000,9.9999774461e-04,5.3025336920e-01
437.350000,9.9969049878e-04,5.7689047010e-01
437.400000,9.9962891981e-04,5.2630426439e-01
437.450000,9.9901704940e-04,5.2112987726e-01
437.500000,9.9902164765e-04,5.5165925772e-01
437.550000,9.9904134675e-04,5.4208555581e-01
437.600000,9.9950375113e-04,5.5389590030e-01
437.650000,9.9949321201e-04,5.4774928643e-01
437.700000,9.9825377638e-04,5.4549762434e-01
437.750000,1.0001117711e-03,5.3818378929e-01
437.800000,9.9956310157e-04,5.3500259907e-01
437.850000,9.9948716924e-04,5.5422127358e-01
437.900000,9.9996448520e-04,5.9094943770e-01
437.950000,1.0003099358e-03,4.7431002493e-01
438.000000,9.9877236672e-04,5.6741195853e-01
438.050000,9.9913188328e-04,5.1894145951e-01
438.100000,1.0002515683e-03,5.9404722115e-01
438.150000,9.9874485246e-04,5.5583488565e-01
438.200000,1.0006128437e-03,5.4113167216e-01
438.250000,1.0018849839e-03,5.5814268615e-01
438.300000,1.0023367888e-03,5.5082339471e-01
438.350000,9.9868445693e-04,6.1992627907e-01
438.400000,9.9919002354e-04,5.7280894200e-01
438.450000,1.0001789550e-03,5.5108203503e-01
438.500000,1.0009249545e-03,5.3317560547e-01
438.550000,1.0001255299e-03,5.4812093320e-01
438.600000,1.0010844118e-03,4.8603776299e-01
438.650000,1.0004268648e-03,5.3205989919e-01
438.700000,9.9865935352e-04,5.7242669974e-01
438.750000,1.0005418669e-03,5.6346262928e-01
438.800000,1.0002714167e-03,5.5783731303e-01
438.850000,9.9888160692e-04,5.6590015521e-01
438.900000,1.0002919580e-03,5.4069070029e-01
438.950000,1.0011983196e-03,5.5633660518e-01
439.000000,9.9900534851e-04,5.0514993601e-01
439.050000,9.9947632416e-04,4.7184736850e-01
439.100000,1.0002645837e-03,5.4845641142e-01
439.150000,9.9959627293e-04,5.4438521919e-01
439.200000,1.0008324161e-03,5.0003239945e-01
439.250000,9.9751985237e-04,5.4363075161e-01
439.300000,1.0000783454e-03,5.5330863052e-01
439.350000,9.9917562681e-04,5.4131584953e-01
439.400000,9.9984517380e-04,5.2823615010e-01
439.450000,9.9965311322e-04,5.5338066105e-01
439.500000,9.9872523404e-04,5.3714775616e-01
439.550000,1.0009489344e-03,5.7103938359e-01
439.600000,1.0022751384e-03,5.3420064872e-01
439.650000,9.9929502465e-04,5.2550488282e-01
439.700000,9.9929648418e-04,4.9846381592e-01
439.750000,1.0009552544e-03,5.7223629942e-01
439.800000,9.9783627287e-04,5.3926913252e-01
439.850000,9.9908046838e-04,5.1781549148e-01
439.900000,9.9930873567e-04,4.8895027061e-01
439.950000,1.0003044092e-03,4.8324078331e-01
440.000000,1.0014824669e-03,5.1987807653e-01
440.050000,1.0008661419e-03,5.4121847766e-01
440.100000,9.9949232889e-04,5.0755003479e-01
440.150000,1.0008366907e-03,5.7171993664e-01
440.200000,9.9959192612e-04,5.4587991896e-01
440.250000,9.9965232915e-04,5.2195514157e-01
440.300000,1.0009304588e-03,5.8975598066e-01
440.350000,1.0007956287e-03,5.4952727723e-01
440.400000,1.0005194540e-03,5.8925559059e-01
440.450000,1.0003118783e-03,5.0102101010e-01
440.500000,1.0000811707e-03,5.7186687518e-01
440.550000,9.9940670520e-04,5.2598907474e-01
440.600000,9.9990530468e-04,5.2276154106e-01
440.650000,9.9956648105e-04,5.0998734394e-01
440.700000,9.9924429257e-04,5.7258528982e-01
440.750000,1.0005568703e-03,5.1820367242e-01
440.800000,9.9841472599e-04,5.2887764215e-01
440.850000,9.9940359237e-04,5.8324124269e-01
440.900000,1.0013402414e-03,5.6882085227e-01
440.950000,9.9894208326e-04,5.4103189859e-01
441.000000,1.0006096639e-03,4.9098678321e-01
441.050000,1.0006066894e-03,5.2149970965e-01
441.100000,9.9903105566e-04,5.2823757811e-01
441.150000,9.9773009219e-04,5.4527737258e-01
441.200000,1.0002045624e-03,5.7228582230e-01
441.250000,1.0002785116e-03,6.0982741230e-01
441.300000,1.0004138819e-03,5.1128351553e-01
441.350000,9.9802126482e-04,5.6180253457e-01
441.400000,9.9979362108e-04,5.7985566021e-01
441.450000,9.9821100261e-04,5.6344188940e-01
441.500000,9.9967514720e-04,5.5762204239e-01
441.550000,9.9912477949e-04,5.0037351636e-01
441.600000,1.0013478851e-03,5.9950388138e-01
441.650000,9.9798507885e-04,5.1989892424e-01
441.700000,1.0004533133e-03,5.4613143162e-01
441.750000,9.9865070692e-04,5.2235173086e-01
441.800000,1.0000193385e-03,5.4660317667e-01
441.850000,1.0010887152e-03,5.2536808398e-01
441.900000,1.0000547769e-03,5.4366729697e-01
441.950000,9.9980449814e-04,5.3065416385e-01
442.000000,1.0006278218e-03,5.4926821655e-01
442.050000,1.0002548638e-03,5.9340122487e-01
442.100000,1.0010030227e-03,5.6838163045e-01
442.150000,9.9915579937e-04,5.3948915754e-01
442.200000,9.9877160800e-04,5.6999979823e-01
442.250000,1.0000802984e-03,5.3052430810e-01
442.300000,9.9854445543e-04,5.2199361535e-01
442.350000,1.0007933684e-03,5.6961605933e-01
442.400000,9.9988557827e-04,5.6029271259e-01
442.450000,9.9890138847e-04,5.1924458045e-01
442.500000,1.0001998250e-03,5.1309966761e-01
442.550000,9.9983011909e-04,6.0287760704e-01
442.600000,1.0003030065e-03,5.3955769904e-01
442.650000,9.9989008794e-04,5.3261285417e-01
442.700000,1.0001955215e-03,5.7044135281e-01
442.750000,1.0015365462e-03,5.9255294801e-01
442.800000,9.9947019430e-04,5.6607524713e-01
442.850000,9.9897096243e-04,5.3234277619e-01
442.900000,1.0004661866e-03,5.2602943657e-01
442.950000,9.9968385070e-04,5.5159504261e-01
443.000000,1.0003804596e-03,5.6452040670e-01
443.050000,9.9960874188e-04,5.4308396261e-01
443.100000,9.9916719286e-04,4.9919959789e-01
443.150000,9.9971071148e-04,5.1697116818e-01
443.200000,9.9919910258e-04,5.2854501292e-01
443.250000,9.9781135457e-04,5.3186469771e-01
443.300000,9.9919058711e-04,5.3104343542e-01
443.350000,9.9956892569e-04,5.3974257582e-01
443.400000,9.9928060362e-04,5.3914122050e-01
443.450000,9.9924311739e-04,5.4879964369e-01
443.500000,9.9991769531e-04,4.9750391352e-01
443.550000,1.0006480686e-03,5.3402645651e-01
443.600000,1.0008279028e-03,5.6552295501e-01
443.650000,1.0011186366e-03,5.5042561057e-01
443.700000,1.0013018851e-03,5.1567391201e-01
443.750000,9.9983006570e-04,5.2600039474e-01
443.800000,1.0007280627e-03,5.9412242382e-01
443.850000,1.0005441454e-03,5.1159310940e-01
443.900000,9.9963398609e-04,5.6749293178e-01
443.950000,1.0004129800e-03,5.7857764161e-01
444.000000,1.0004546368e-03,5.1928906637e-01
444.050000,9.9998178962e-04,5.5522049550e-01
444.100000,9.9955912442e-04,5.1425405906e-01
444.150000,1.0003837742e-03,5.4501551141e-01
444.200000,1.0009430174e-03,5.4695926766e-01
444.250000,9.9942467738e-04,5.4983701895e-01
444.300000,1.0004913152e-03,5.5276509530e-01
444.350000,1.0011947654e-03,5.8919965335e-01
444.400000,1.0009238146e-03,5.7845320084e-01
444.450000,9.9946595369e-04,5.2614969777e-01
444.500000,1.0007508014e-03,5.3999959451e-01
444.550000,9.9964090540e-04,5.7139383066e-01
444.600000,9.9870359534e-04,5.5934531077e-01
444.650000,1.0019992330e-03,5.3732462550e-01
444.700000,9.9988861810e-04,5.5584490262e-01
444.750000,1.0003858671e-03,5.3797944401e-01
444.800000,1.0005448279e-03,5.0833014606e-01
444.850000,9.9829775919e-04,5.3317233314e-01
444.900000,1.0003430473e-03,5.4275156202e-01
444.950000,1.0010016802e-03,5.3327136949e-01
445.000000,9.9832508095e-04,5.5901702827e-01
445.050000,9.9918793930e-04,5.1314924603e-01
445.100000,1.0013854213e-03,5.5187566214e-01
445.150000,1.0001430871e-03,5.5213605805e-01
445.200000,1.0001577682e-03,5.3957829824e-01
445.250000,1.0003820813e-03,5.8142068130e-01
445.300000,9.9948511635e-04,5.5403508069e-01
445.350000,9.9983870762e-04,5.4743053657e-01
445.400000,1.0010782345e-03,5.4664201183e-01
445.450000,1.0007679601e-03,5.4654531095e-01
445.500000,1.0001411580e-03,5.8518138664e-01
445.550000,1.0001009418e-03,6.0906471396e-01
445.600000,9.9841628288e-04,5.3602409426e-01
445.650000,1.0002170199e-03,4.8356477468e-01
445.700000,9.9984570509e-04,5.4918310549e-01
445.750000,1.0004328250e-03,5.4502892184e-01
445.800000,1.0005659633e-03,5.9451785561e-01
445.850000,1.0009288222e-03,5.7757237800e-01
445.900000,1.0018645767e-03,5.7329680812e-01
445.950000,9.9899240341e-04,5.1479616720e-01
446.000000,9.9992512663e-04,5.1777717023e-01
446.050000,9.9890927623e-04,5.7059349584e-01
446.100000,9.9938172595e-04,5.5715875114e-01
446.150000,1.0004382578e-03,5.4666538284e-01
446.200000,9.9945215056e-04,5.2438131645e-01
446.250000,9.9980181600e-04,5.5530337655e-01
446.300000,9.9833729673e-04,5.2431769892e-01
446.350000,9.9905989912e-04,5.4629396366e-01
446.400000,1.0002803060e-03,5.4730920111e-01
446.450000,9.9846099409e-04,5.8811221031e-01
446.500000,1.0023359588e-03,5.7582641763e-01
446.550000,1.0008277906e-03,5.7132015205e-01
446.600000,9.9922746429e-04,5.5032164564e-01
446.650000,1.0002887939e-03,5.4035315166e-01
446.700000,9.9809959378e-04,5.2500612950e-01
446.750000,9.9990066742e-04,5.3669388950e-01
446.800000,1.0000997132e-03,5.1313705772e-01
446.850000,9.9907590425e-04,5.3949303383e-01
446.900000,1.0018098860e-03,5.5894598245e-01
446.950000,1.0025985872e-03,5.9666939409e-01
447.000000,1.0005235160e-03,5.2129216613e-01
447.050000,1.0003450422e-03,5.5580623569e-01
447.100000,9.9828569725e-04,5.1179393775e-01
447.150000,9.9861491156e-04,5.4159573331e-01
447.200000,9.9933102018e-04,5.5872196383e-01
447.250000,1.0007506393e-03,5.7265438408e-01
447.300000,1.0000353349e-03,5.6122576118e-01
447.350000,9.9945813078e-04,5.1051422833e-01
447.400000,9.9974137008e-04,5.6698840546e-01
447.450000,9.9925357431e-04,5.4117338551e-01
447.500000,9.9980148847e-04,5.5061552646e-01
447.550000,9.9991960341e-04,5.7368797717e-01
447.600000,1.0010630610e-03,5.8996764909e-01
447.650000,9.9900561253e-04,5.4401480135e-01
447.700000,9.9950943853e-04,5.3307437447e-01
447.750000,1.0015165551e-03,5.5439778986e-01
447.800000,1.0007889858e-03,5.4905349073e-01
447.850000,9.9967279429e-04,5.3320384781e-01
447.900000,1.0006341589e-03,5.3809751518e-01
447.950000,9.9901676513e-04,5.1693016986e-01
448.000000,1.0023996797e-03,5.7355038364e-01
448.050000,1.0017304862e-03,5.7483293411e-01
448.100000,9.9965131148e-04,5.8395212635e-01
448.150000,9.9998815281e-04,5.5811533522e-01
448.200000,1.0009815212e-03,5.2806926421e-01
448.250000,9.9935834377e-04,5.2370241200e-01
448.300000,1.0012859432e-03,5.3354493563e-01
448.350000,1.0014684084e-03,5.7980442325e-01
448.400000,1.0001395900e-03,5.8546870329e-01
448.450000,1.0013574306e-03,5.7152774720e-01
448.500000,9.9970527824e-04,5.3567188658e-01
448.550000,9.9997689841e-04,5.5053138562e-01
448.600000,1.0004574052e-03,5.3074743273e-01
448.650000,9.9965617139e-04,5.5470667250e-01
448.700000,9.9709315990e-04,5.3672242537e-01
448.750000,1.0012249051e-03,5.5494891101e-01
448.800000,9.9991252639e-04,5.0031851265e-01
448.850000,9.9922547986e-04,5.5758516967e-01
448.900000,9.9824053861e-04,5.1173075950e-01
448.950000,9.9881201383e-04,5.2009821864e-01
449.000000,1.0007912883e-03,5.4692742801e-01
449.050000,9.9956640646e-04,5.1774947945e-01
449.100000,1.0024129385e-03,5.7991068851e-01
449.150000,1.0010109264e-03,5.2947633131e-01
449.200000,1.0001287354e-03,5.5438006608e-01
449.250000,9.9817703248e-04,5.4721740474e-01
449.300000,1.0006759471e-03,5.6716698660e-01
449.350000,1.0007153184e-03,6.0106308061e-01
449.400000,1.0005621105e-03,5.2985049769e-01
449.450000,1.0007071395e-03,5.3562858168e-01
449.500000,1.0007009967e-03,5.5845034309e-01
449.550000,9.9962517979e-04,5.2044718606e-01
449.600000,9.9975869218e-04,5.8885910106e-01
449.650000,9.9823854862e-04,5.2263762349e-01
449.700000,9.9861921628e-04,5.0307176729e-01
449.750000,9.9916633132e-04,5.4063506470e-01
449.800000,1.0018830404e-03,5.4442350645e-01
449.850000,1.0002078677e-03,5.4399360322e-01
449.900000,9.9939659756e-04,5.3188462127e-01
449.950000,9.9917331702e-04,5.6012601941e-01
450.000000,1.0018896936e-03,5.7654271634e-01
450.050000,1.0006817455e-03,5.8170963815e-01
450.100000,1.0007235733e-03,5.8733966681e-01
450.150000,9.9925169803e-04,5.0967632826e-01
450.200000,1.0002937434e-03,5.3758448751e-01
450.250000,1.0010134592e-03,5.4142634330e-01
450.300000,1.0001061518e-03,5.3922900504e-01
450.350000,1.0003600079e-03,5.2128349980e-01
450.400000,9.9950493729e-04,5.5448284458e-01
450.450000,9.9929884824e-04,5.1352343307e-01
450.500000,9.9911013771e-04,5.3045321953e-01
450.550000,9.9829077923e-04,5.4777157199e-01
450.600000,1.0008827193e-03,4.9066885173e-01
450.650000,9.9917998207e-04,5.7496205834e-01
450.700000,1.0004792001e-03,5.0373748974e-01
450.750000,1.0003335440e-03,5.2673238657e-01
450.800000,1.0000513496e-03,5.4584286278e-01
450.850000,1.0004781832e-03,5.5386805102e-01
450.900000,1.0010248077e-03,5.4869589676e-01
450.950000,9.9996451192e-04,5.6508540383e-01
451.000000,1.0005149387e-03,5.1510784690e-01
451.050000,1.0018311442e-03,5.5564017431e-01
451.100000,9.9973479368e-04,5.2269443495e-01
451.150000,9.9989140034e-04,5.2986391232e-01
451.200000,1.0002531149e-03,5.9629058910e-01
451.250000,9.9972036989e-04,5.3646037561e-01
451.300000,1.0006482369e-03,5.4278836109e-01
451.350000,1.0002614154e-03,5.7683628903e-01
451.400000,9.9717094359e-04,5.3322305331e-01
451.450000,1.0008893524e-03,5.3875747697e-01
451.500000,9.9982429632e-04,5.1276767729e-01
451.550000,1.0014830858e-03,5.4947390034e-01
451.600000,1.0009454064e-03,5.4678572025e-01
451.650000,9.9960638250e-04,5.3318411420e-01
451.700000,1.0003382061e-03,5.4004112344e-01
451.750000,1.0010573365e-03,5.4090371549e-01
451.800000,1.0003327606e-03,5.5245580180e-01
451.850000,1.0007426172e-03,5.7487333257e-01
451.900000,1.0011322017e-03,4.9099765145e-01
451.950000,1.0003797056e-03,5.6871618376e-01
452.000000,9.9989265251e-04,5.5904562960e-01
452.050000,9.9924018398e-04,5.8719333641e-01
452.100000,1.0012827432e-03,5.2092160420e-01
452.150000,1.0014149335e-03,5.3937042813e-01
452.200000,1.0014723735e-03,5.5755652654e-01
452.250000,9.9994579294e-04,5.2094066421e-01
452.300000,1.0003492080e-03,5.4304265699e-01
452.350000,9.9923026704e-04,4.9661469644e-01
452.400000,9.9906952480e-04,5.1280905105e-01
452.450000,1.0010863537e-03,5.5815217055e-01
452.500000,1.0000678146e-03,5.2767999152e-01
452.550000,1.0002314249e-03,5.0450498075e-01
452.600000,9.9949891671e-04,5.5199409896e-01
452.650000,9.9864693994e-04,5.6901732246e-01
452.700000,9.9992067470e-04,5.3664189713e-01
452.750000,9.9884287637e-04,5.4635659578e-01
452.800000,9.9991509186e-04,5.1494920510e-01
452.850000,9.9858743160e-04,5.3142815534e-01
452.900000,9.9800086689e-04,5.5070439035e-01
452.950000,1.0004502579e-03,5.3538530213e-01
453.000000,9.9810983763e-04,5.5859245711e-01
453.050000,9.9945455879e-04,5.3220186707e-01
453.100000,1.0007544392e-03,5.2464008233e-01
453.150000,9.9836003616e-04,4.8962971985e-01
453.200000,1.0000690718e-03,5.6511640392e-01
453.250000,9.9972343004e-04,5.8765106565e-01
453.300000,1.0010750411e-03,5.4396563155e-01
453.350000,9.9945409819e-04,5.3205432865e-01
453.400000,9.9982571030e-04,5.1560122766e-01
453.450000,9.9905956430e-04,5.4745199028e-01
453.500000,1.0002452398e-03,5.1802748818e-01
453.550000,9.9888765039e-04,5.4496760218e-01
453.600000,9.9946557407e-04,5.5547666710e-01
453.650000,9.9776169165e-04,5.4466084321e-01
453.700000,1.0006052916e-03,5.1433475904e-01
453.750000,9.9871596704e-04,5.9038062744e-01
453.800000,9.9908327766e-04,6.0352625180e-01
453.850000,9.9939277820e-04,5.5692281965e-01
453.900000,1.0004944154e-03,5.4044796945e-01
453.950000,9.9988767310e-04,5.2191234358e-01
454.000000,9.9929544744e-04,5.6023318345e-01
454.050000,1.0002113842e-03,5.2370374025e-01
454.100000,1.0004878008e-03,5.5199359460e-01
454.150000,9.9836687309e-04,5.5141078205e-01
454.200000,9.9952873520e-04,5.2421273254e-01
454.250000,1.0004932075e-03,5.8854607009e-01
454.300000,1.0003903792e-03,5.6333185048e-01
454.350000,1.0027060300e-03,5.4388084248e-01
454.400000,9.9911568654e-04,5.4730422412e-01
454.450000,1.0018935654e-03,5.7515787925e-01
454.500000,9.9918998993e-04,5.6616213508e-01
454.550000,9.9883682279e-04,4.8505552908e-01
454.600000,1.0010957012e-03,5.9734457958e-01
454.650000,1.0018996696e-03,5.5316846677e-01
454.700000,9.9996073240e-04,5.5202330488e-01
454.750000,9.9954090930e-04,5.3380943492e-01
454.800000,9.9860462265e-04,5.3913351124e-01
454.850000,1.0013216305e-03,5.6316977139e-01
454.900000,9.9957740682e-04,4.9020596913e-01
454.950000,1.0016862384e-03,5.4874688196e-01
455.000000,1.0009154283e-03,5.3396763688e-01
455.050000,1.0002224072e-03,5.1398626593e-01
455.100000,9.9865407624e-04,5.0895677813e-01
455.150000,9.9846352016e-04,5.6847291781e-01
455.200000,9.9966098677e-04,4.7155674850e-01
455.250000,1.0004652731e-03,5.3694034106e-01
455.300000,9.9961388714e-04,4.9595814128e-01
455.350000,1.0016954424e-03,5.6110663240e-01
455.400000,1.0009545102e-03,5.4490173682e-01
455.450000,9.9990590143e-04,4.9831820006e-01
455.500000,1.0001088063e-03,5.3838574065e-01
455.550000,9.9782396561e-04,5.4760133835e-01
455.600000,1.0002751522e-03,5.9578179891e-01
455.650000,1.0014806604e-03,5.0426684123e-01
455.700000,9.9960650903e-04,5.2401400928e-01
455.750000,1.0002966982e-03,5.3885097088e-01
455.800000,9.9908719502e-04,5.7309391719e-01
455.850000,9.9966783069e-04,5.1373741580e-01
455.900000,9.9886668145e-04,5.6471309789e-01
455.950000,9.9914424141e-04,5.1086149820e-01
456.000000,9.9957230305e-04,5.2508377218e-01
456.050000,9.9941791412e-04,5.3308638238e-01
456.100000,1.0006557905e-03,4.7760611048e-01
456.150000,1.0000985107e-03,5.6867179844e-01
456.200000,9.9920658326e-04,5.6366657958e-01
456.250000,1.0012772982e-03,5.6758557798e-01
456.300000,1.0027620199e-03,5.6608512188e-01
456.350000,9.9960924894e-04,5.6352870693e-01
456.400000,9.9888295960e-04,5.4628137695e-01
456.450000,1.0006046788e-03,5.4339615731e-01
456.500000,1.0000545940e-03,5.3083609450e-01
456.550000,1.0009976937e-03,5.0369156147e-01
456.600000,9.9931088657e-04,5.4649017841e-01
456.650000,1.0004582066e-03,5.5518669406e-01
456.700000,9.9905162135e-04,5.4222835619e-01
456.750000,1.0000275264e-03,5.3793256114e-01
456.800000,9.9973448633e-04,5.3084140662e-01
456.850000,1.0005460137e-03,5.5402721941e-01
456.900000,1.0002906177e-03,5.1837799164e-01
456.950000,9.9973315301e-04,5.1195189986e-01
457.000000,1.0011200013e-03,5.1606129227e-01
457.050000,9.9962273314e-04,5.8587945979e-01
457.100000,9.9957644062e-04,6.0349360678e-01
457.150000,9.9917468323e-04,6.0614480873e-01
457.200000,9.9863600120e-04,5.7815827310e-01
457.250000,1.0013662987e-03,5.0004011567e-01
457.300000,1.0016295727e-03,5.8180258960e-01
457.350000,1.0004797780e-03,5.4771723682e-01
457.400000,9.9959607335e-04,4.9505936319e-01
457.450000,9.9936970683e-04,5.2036014191e-01
457.500000,1.0000182561e-03,5.8884271158e-01
457.550000,9.9926244542e-04,5.4086497075e-01
457.600000,1.0004525656e-03,5.6615165299e-01
457.650000,1.0019189307e-03,5.3886372269e-01
457.700000,1.0012434829e-03,5.4514787991e-01
457.750000,1.0001446165e-03,5.6290401996e-01
457.800000,9.9917387468e-04,5.6048350021e-01
457.850000,9.9882259787e-04,5.3624199714e-01
457.900000,9.9902492982e-04,5.3947082024e-01
457.950000,9.9979446289e-04,5.2607689490e-01
458.000000,1.0015169368e-03,5.2956761975e-01
458.050000,9.9957862564e-04,5.0242480401e-01
458.100000,9.9908326734e-04,5.8573285911e-01
458.150000,1.0006904809e-03,5.1370750090e-01
458.200000,1.0004938209e-03,5.6956771652e-01
458.250000,1.0001068067e-03,5.4433611658e-01
458.300000,1.0009434424e-03,5.2897737639e-01
458.350000,1.0005350482e-03,5.2287863469e-01
458.400000,1.0003932042e-03,5.5138969910e-01
458.450000,9.9861469760e-04,5.6783286673e-01
458.500000,1.0007975887e-03,5.2129280041e-01
458.550000,9.9996751099e-04,5.3166882825e-01
458.600000,1.0005630043e-03,5.9833988027e-01
458.650000,1.0002949919e-03,5.1733439096e-01
458.700000,1.0004437691e-03,5.3020903546e-01
458.750000,1.0004556893e-03,5.6538303514e-01
458.800000,1.0019702484e-03,5.6838657218e-01
458.850000,9.9995739346e-04,5.3833369511e-01
458.900000,9.9924062740e-04,4.8891426436e-01
458.950000,1.0011323822e-03,5.3714147986e-01
459.000000,9.9865627378e-04,5.1771461675e-01
459.050000,1.0007625006e-03,5.4822503957e-01
459.100000,1.0010256719e-03,5.0520170730e-01
459.150000,1.0011376568e-03,5.0066400516e-01
459.200000,9.9939002639e-04,5.4332438232e-01
459.250000,1.0000218509e-03,5.4938994420e-01
459.300000,9.9994184550e-04,5.1089000345e-01
459.350000,1.0013038652e-03,5.0592832419e-01
459.400000,1.0006926126e-03,5.6532953570e-01
459.450000,1.0000318662e-03,5.4983214539e-01
459.500000,1.0015779562e-03,5.3849077809e-01
459.550000,9.9955323834e-04,5.4330356188e-01
459.600000,1.0004525641e-03,5.5310710349e-01
459.650000,1.0006792613e-03,5.3227231803e-01
459.700000,9.9936420688e-04,5.0861852718e-01
459.750000,1.0012664077e-03,6.0332646732e-01
459.800000,9.9933074047e-04,5.3543463797e-01
459.850000,1.0000988731e-03,5.8290578439e-01
459.900000,9.9924239924e-04,5.0736909109e-01
459.950000,1.0016375746e-03,5.8328326965e-01
460.000000,9.9986831924e-04,5.6141393275e-01
460.050000,1.0011095328e-03,5.1928259452e-01
460.100000,9.9940840581e-04,5.2611393185e-01
460.150000,9.9946965783e-04,5.1367949677e-01
460.200000,9.9899238425e-04,5.4328000128e-01
460.250000,1.0009126082e-03,5.8634400635e-01
460.300000,1.0000692401e-03,5.6226807364e-01
460.350000,1.0000818154e-03,5.3409150420e-01
460.400000,9.9870358341e-04,5.0850546415e-01
460.450000,1.0008679729e-03,5.5597183369e-01
460.500000,1.0018713431e-03,5.4206501672e-01
460.550000,1.0011926811e-03,5.6622102886e-01
460.600000,1.0014045755e-03,5.4457939245e-01
460.650000,9.9855991606e-04,5.5376565026e-01
460.700000,9.9887497240e-04,5.0866663749e-01
460.750000,9.9991634067e-04,5.4008553826e-01
460.800000,1.0007181392e-03,5.8793307824e-01
460.850000,9.9978102440e-04,5.3156915703e-01
460.900000,9.9929447767e-04,4.4456199718e-01
460.950000,9.9846305905e-04,5.5258145365e-01
461.000000,9.9960238618e-04,4.9775579260e-01
461.050000,9.9953762640e-04,5.1545927354e-01
461.100000,1.0011439984e-03,5.2294666002e-01
461.150000,1.0015682146e-03,5.1275208174e-01
461.200000,9.9998544465e-04,5.0901460455e-01
461.250000,9.9991563909e-04,5.1425192585e-01
461.300000,1.0009527616e-03,5.8138248501e-01
461.350000,9.9933204007e-04,5.4821908120e-01
461.400000,9.9860523827e-04,5.6171393907e-01
461.450000,9.9991279169e-04,5.3161978725e-01
461.500000,1.0004655841e-03,5.5917787385e-01
461.550000,1.0006185570e-03,5.5013216680e-01
461.600000,1.0000589340e-03,5.4253890025e-01
461.650000,1.0005748499e-03,5.7735990904e-01
461.700000,9.9961275877e-04,5.0220590815e-01
461.750000,1.0003612594e-03,4.9483759350e-01
461.800000,1.0008445614e-03,5.5314800566e-01
461.850000,1.0012478459e-03,5.3926171944e-01
461.900000,9.9946577855e-04,5.5401026132e-01
461.950000,1.0005798242e-03,5.5013747491e-01
462.000000,9.9852936524e-04,5.2679814829e-01
462.050000,1.0004757646e-03,5.2968052262e-01
462.100000,9.9889295991e-04,5.4982432047e-01
462.150000,1.0000214998e-03,5.6056185798e-01
462.200000,9.9964202250e-04,5.9393972906e-01
462.250000,1.0006304885e-03,5.4436323881e-01
462.300000,9.9829623873e-04,5.7935958470e-01
462.350000,1.0003999748e-03,5.1622451625e-01
462.400000,9.9936467994e-04,5.7615976219e-01
462.450000,1.0010529211e-03,5.6130976310e-01
462.500000,9.9907234996e-04,5.4252223661e-01
462.550000,1.0007155331e-03,5.2877891035e-01
462.600000,9.9911604874e-04,5.2997598404e-01
462.650000,9.9905968118e-04,5.2374833540e-01
462.700000,1.0011211722e-03,6.1227677652e-01
462.750000,1.0000357819e-03,5.7398200376e-01
462.800000,1.0025792449e-03,5.3123317148e-01
462.850000,1.0017680515e-03,5.1754956676e-01
462.900000,1.0009239697e-03,5.1707722252e-01
462.950000,1.0014964467e-03,5.6811407251e-01
463.000000,9.9972550636e-04,5.5027768417e-01
463.050000,9.9816980985e-04,5.0051391539e-01
463.100000,1.0005518381e-03,5.7939239313e-01
463.150000,9.9899322876e-04,5.3092948754e-01
463.200000,9.9984242165e-04,5.2019455911e-01
463.250000,1.0001046786e-03,5.3573961747e-01
463.300000,9.9949574636e-04,5.5109933489e-01
463.350000,1.0004644414e-03,5.5087272266e-01
463.400000,1.0002149428e-03,5.5991969667e-01
463.450000,1.0021310213e-03,5.6543458091e-01
463.500000,1.0007965052e-03,5.6112026965e-01
463.550000,9.9851940651e-04,4.8819063225e-01
463.600000,9.9871538563e-04,5.4106710205e-01
463.650000,9.9959381072e-04,5.8695944591e-01
463.700000,1.0001215776e-03,5.7536176038e-01
463.750000,1.0011165034e-03,5.5869241145e-01
463.800000,9.9956894085e-04,5.5512487062e-01
463.850000,1.0011353671e-03,5.6773050563e-01
463.900000,1.0004216067e-03,5.1600264766e-01
463.950000,9.9849486672e-04,5.1315974039e-01
464.000000,9.9861653031e-04,5.6005556148e-01
464.050000,1.0020381548e-03,5.4199700399e-01
464.100000,9.9924317145e-04,5.4562297333e-01
464.150000,9.9943557905e-04,5.2400226375e-01
464.200000,9.9943792244e-04,5.7311061063e-01
464.250000,9.9962914146e-04,5.1286955881e-01
464.300000,1.0013713777e-03,5.2651960700e-01
464.350000,1.0007893064e-03,5.7061515140e-01
464.400000,9.9976753898e-04,5.4358616245e-01
464.450000,9.9663229564e-04,5.7023863426e-01
464.500000,1.0005017294e-03,5.4088724137e-01
464.550000,1.0023403813e-03,5.6453182387e-01
464.600000,1.0017102398e-03,5.2169669709e-01
464.650000,1.0000257126e-03,5.4369462182e-01
464.700000,9.9859694913e-04,5.2301705166e-01
464.750000,1.0007517454e-03,5.3890880936e-01
464.800000,9.9966675514e-04,5.6624642488e-01
464.850000,1.0001624237e-03,5.5622974950e-01
464.900000,1.0005256848e-03,5.4024938946e-01
464.950000,9.9901885465e-04,5.6929730441e-01
465.000000,1.0011865345e-03,5.0831252743e-01
465.050000,1.0002977447e-03,5.3695801689e-01
465.100000,1.0007337039e-03,5.7425440610e-01
465.150000,9.9962313606e-04,5.3632567883e-01
465.200000,1.0004191850e-03,5.4238133091e-01
465.250000,9.9946188097e-04,5.3106003784e-01
465.300000,9.9994820445e-04,5.4746616675e-01
465.350000,1.0011056118e-03,5.4782577840e-01
465.400000,9.9865681591e-04,5.3942424770e-01
465.450000,9.9922923527e-04,5.6389466419e-01
465.500000,9.9912543825e-04,5.4662155170e-01
465.550000,1.0003505528e-03,5.6171798875e-01
465.600000,1.0001029663e-03,5.5272266665e-01
465.650000,1.0006792443e-03,5.1075006920e-01
465.700000,9.9988311130e-04,5.4165468043e-01
465.750000,1.0001758973e-03,5.3473000315e-01
465.800000,9.9964692977e-04,5.7549961961e-01
465.850000,9.9947290880e-04,5.3663768571e-01
465.900000,9.9905135887e-04,5.9165111707e-01
465.950000,9.9978730175e-04,5.1140257498e-01
466.000000,9.9937699972e-04,5.1878427190e-01
466.050000,9.9951798045e-04,5.5040996624e-01
466.100000,1.0007905437e-03,4.9965828390e-01
466.150000,9.9930753583e-04,6.0126320579e-01
466.200000,1.0008441627e-03,5.5588824957e-01
466.250000,9.9939470752e-04,4.9764030228e-01
466.300000,1.0012664399e-03,5.4062751779e-01
466.350000,1.0001850321e-03,5.7482871349e-01
466.400000,1.0007516318e-03,5.3904884270e-01
466.450000,1.0004770797e-03,5.4425482376e-01
466.500000,9.9866151059e-04,5.4058482489e-01
466.550000,9.9908714195e-04,5.6236097518e-01
466.600000,1.0006425682e-03,5.6746841972e-01
466.650000,1.0007501206e-03,5.4716765056e-01
466.700000,1.0008399945e-03,5.6491670758e-01
466.750000,9.9829437491e-04,5.0141200103e-01
466.800000,1.0001925643e-03,4.9976210703e-01
466.850000,1.0008532390e-03,5.4291989577e-01
466.900000,9.9992419846e-04,5.4179013381e-01
466.950000,1.0000926729e-03,5.6816706671e-01
467.000000,9.9984259213e-04,5.4028265926e-01
467.050000,9.9963372806e-04,5.3786075397e-01
467.100000,9.9891661331e-04,5.7565644534e-01
467.150000,9.9934917573e-04,5.4319096901e-01
467.200000,1.0008377689e-03,5.5628564345e-01
467.250000,9.9893236488e-04,5.4435856099e-01
467.300000,9.9945922498e-04,5.6862815823e-01
467.350000,1.0003282270e-03,5.2526493224e-01
467.400000,9.9997963045e-04,5.6514555474e-01
467.450000,1.0003130657e-03,5.8452599350e-01
467.500000,1.0007492745e-03,5.1957798733e-01
467.550000,1.0005128027e-03,5.4949672044e-01
467.600000,9.9957579928e-04,5.0514979415e-01
467.650000,1.0000922581e-03,5.7042194662e-01
467.700000,9.9962823877e-04,5.3283120695e-01
467.750000,1.0001171905e-03,5.1352307425e-01
467.800000,9.9944456589e-04,5.3213406659e-01
467.850000,1.0005929268e-03,5.2486353505e-01
467.900000,9.9817715734e-04,5.6501400681e-01
467.950000,9.9850326793e-04,5.4934382187e-01
468.000000,1.0021797615e-03,5.6434612428e-01
468.050000,9.9995857598e-04,5.3943775237e-01
468.100000,9.9958234617e-04,5.4360837421e-01
468.150000,1.0000444777e-03,5.5878486077e-01
468.200000,1.0000900024e-03,5.5091227152e-01
468.250000,1.0014003471e-03,5.2150179406e-01
468.300000,9.9960017102e-04,5.6293910193e-01
468.350000,1.0008698752e-03,5.9428002022e-01
468.400000,1.0002495476e-03,5.1788392666e-01
468.450000,1.0001915531e-03,5.8564344981e-01
468.500000,1.0013583356e-03,5.2062709285e-01
468.550000,1.0011847165e-03,5.4535438168e-01
468.600000,1.0008848598e-03,5.8601840855e-01
468.650000,9.9922218601e-04,5.5887398307e-01
468.700000,9.9900677134e-04,5.8999542549e-01
468.750000,9.9934910397e-04,5.2416269635e-01
468.800000,1.0007133600e-03,5.7789313175e-01
468.850000,9.9910397710e-04,5.4480177368e-01
468.900000,9.9955682801e-04,5.4141564769e-01
468.950000,9.9959360569e-04,4.9759109102e-01
469.000000,1.0005125364e-03,5.3756353426e-01
469.050000,1.0010239076e-03,5.0557804520e-01
469.100000,9.9899149814e-04,5.3914266133e-01
469.150000,1.0003426459e-03,5.1167884845e-01
469.200000,9.9955310700e-04,6.0349940029e-01
469.250000,9.9959163224e-04,5.5591602494e-01
469.300000,9.9874814160e-04,4.7921586128e-01
469.350000,1.0002911939e-03,5.3475396097e-01
469.400000,9.9768129982e-04,5.9441015085e-01
469.450000,9.9945316373e-04,5.3253897824e-01
469.500000,1.0027570126e-03,5.2873876555e-01
469.550000,9.9894831247e-04,5.4947246339e-01
469.600000,9.9888391868e-04,5.4797273172e-01
469.650000,9.9890011959e-04,5.5687138146e-01
469.700000,9.9943652598e-04,5.8078844399e-01
469.750000,9.9954116985e-04,5.5731690799e-01
469.800000,1.0007828279e-03,5.2415732822e-01
469.850000,9.9997429688e-04,5.2437360390e-01
469.900000,1.0004689203e-03,5.3969250160e-01
469.950000,9.9878228229e-04,5.8254797399e-01
470.000000,1.0031270884e-03,5.5262168923e-01
470.050000,9.9885694385e-04,5.4559091252e-01
470.100000,1.0010102009e-03,5.4873801007e-01
470.150000,9.9902984248e-04,5.2568403251e-01
470.200000,9.9859529054e-04,5.2972040761e-01
470.250000,1.0016705339e-03,5.3822169891e-01
470.300000,9.9861900958e-04,5.1639984970e-01
470.350000,1.0013124397e-03,5.1683500687e-01
470.400000,9.9961253234e-04,5.3799131039e-01
470.450000,9.9915219583e-04,5.3548652106e-01
470.500000,9.9948033272e-04,5.1913037711e-01
470.550000,9.9988918239e-04,5.7828239031e-01
470.600000,9.9891710887e-04,5.3426721665e-01
470.650000,1.0008831746e-03,5.3780050859e-01
470.700000,1.0006485862e-03,5.0970815024e-01
470.750000,9.9925284474e-04,5.4049678973e-01
470.800000,9.9964402442e-04,5.5803068533e-01
470.850000,9.9959173733e-04,5.5581591437e-01
470.900000,9.9969620684e-04,5.1172961489e-01
470.950000,1.0016184210e-03,5.7808795272e-01
471.000000,1.0006866707e-03,4.7484113701e-01
471.050000,1.0012735091e-03,5.1272019077e-01
471.100000,1.0013122554e-03,5.4548730412e-01
471.150000,9.9916389571e-04,5.1401793408e-01
471.200000,9.9948146565e-04,5.3188378893e-01
471.250000,1.0005806513e-03,5.1537643655e-01
471.300000,9.9928685900e-04,5.6863442696e-01
471.350000,9.9950863320e-04,5.4278559014e-01
471.400000,9.9907113716e-04,5.2126423753e-01
471.450000,9.9894434029e-04,5.4467351754e-01
471.500000,1.0015898016e-03,5.7437928065e-01
471.550000,9.9950874617e-04,4.8976148218e-01
471.600000,9.9872737094e-04,5.6419133987e-01
471.650000,9.9957340367e-04,5.4911534952e-01
471.700000,1.0004132367e-03,5.0585808385e-01
471.750000,1.0005956143e-03,5.3058549823e-01
471.800000,1.0004306031e-03,4.7829097830e-01
471.850000,9.9995744348e-04,5.2740507779e-01
471.900000,9.9957014328e-04,5.6662653244e-01
471.950000,1.0011857200e-03,5.6879168021e-01
472.000000,9.9921074175e-04,5.4810257278e-01
472.050000,9.9983689674e-04,5.4380620975e-01
472.100000,1.0014317786e-03,5.3149385871e-01
472.150000,1.0009554481e-03,5.3807532392e-01
472.200000,1.0002544568e-03,5.2811773914e-01
472.250000,9.9946331279e-04,5.2294633964e-01
472.300000,1.0012708262e-03,4.9236071043e-01
472.350000,9.9961192164e-04,5.4068123851e-01
472.400000,1.0015824111e-03,5.6133732541e-01
472.450000,1.0001604517e-03,5.5635641308e-01
472.500000,9.9994014126e-04,5.8931533484e-01
472.550000,1.0002033360e-03,5.4175865146e-01
472.600000,1.0000961873e-03,5.5592540796e-01
472.650000,9.9749275942e-04,5.7848388284e-01
472.700000,1.0003685941e-03,5.1758589454e-01
472.750000,1.0004466672e-03,6.1412446425e-01
472.800000,9.9989561787e-04,5.7929982084e-01
472.850000,1.0010869596e-03,6.0609414824e-01
472.900000,9.9974387659e-04,5.7087181908e-01
472.950000,1.0010614688e-03,5.4003987294e-01
473.000000,1.0006333446e-03,5.5561164384e-01
473.050000,1.0013186041e-03,5.2075141745e-01
473.100000,1.0010434410e-03,5.5018844388e-01
473.150000,1.0005072249e-03,5.5079672551e-01
473.200000,9.9878753368e-04,5.2149291514e-01
473.250000,9.9987477802e-04,5.1344927238e-01
473.300000,9.9904730223e-04,5.4567240639e-01
473.350000,1.0013188459e-03,5.3989523415e-01
473.400000,9.9933439282e-04,5.2224467910e-01
473.450000,1.0010290328e-03,5.4330815284e-01
473.500000,9.9935559856e-04,5.6005101043e-01
473.550000,1.0016402814e-03,5.4447470717e-01
473.600000,1.0003206640e-03,5.2621515226e-01
473.650000,9.9914578376e-04,5.0210877281e-01
473.700000,1.0002404437e-03,5.2132029868e-01
473.750000,1.0000971256e-03,5.9588230967e-01
473.800000,1.0004919729e-03,5.6075374246e-01
473.850000,1.0004041916e-03,5.5148742979e-01
473.900000,1.0012754077e-03,5.4712062342e-01
473.950000,1.0011059081e-03,5.2717330658e-01
474.000000,9.9963530924e-04,5.3478193598e-01
474.050000,9.9991413763e-04,5.2811171238e-01
474.100000,9.9900601645e-04,5.3683122832e-01
474.150000,9.9793286514e-04,5.0478795272e-01
474.200000,1.0013718162e-03,5.8062712348e-01
474.250000,1.0013524508e-03,6.0589640805e-01
474.300000,1.0010609943e-03,5.6014014015e-01
474.350000,1.0001257649e-03,5.4756283768e-01
474.400000,9.9997340443e-04,5.2359920100e-01
474.450000,9.9978038625e-04,5.3754322511e-01
474.500000,1.0008940625e-03,5.5182479597e-01
474.550000,9.9948263178e-04,5.2750063916e-01
474.600000,1.0005295638e-03,5.4940320935e-01
474.650000,9.9989526830e-04,5.3329370248e-01
474.700000,1.0009820393e-03,5.3521144374e-01
474.750000,1.0014046610e-03,5.6100568744e-01
474.800000,9.9960438966e-04,5.4873585094e-01
474.850000,1.0003015195e-03,5.3359325897e-01
474.900000,9.9947244657e-04,5.3161171947e-01
474.950000,9.9991116088e-04,5.1863301477e-01
475.000000,9.9845768612e-04,5.3054938194e-01
475.050000,9.9949650486e-04,5.3104094569e-01
475.100000,9.9875392534e-04,5.4916742262e-01
475.150000,9.9966751795e-04,5.3285092266e-01
475.200000,1.0012736205e-03,5.5615274842e-01
475.250000,9.9896326475e-04,5.2733483873e-01
475.300000,1.0002251761e-03,5.5410091225e-01
475.350000,1.0006337512e-03,5.1178503618e-01
475.400000,1.0005697000e-03,5.0635238658e-01
475.450000,1.0025320331e-03,5.5234770855e-01
475.500000,9.9955401258e-04,5.1159521194e-01
475.550000,9.9828953926e-04,5.2283803698e-01
475.600000,9.9940545729e-04,5.3717952590e-01
475.650000,1.0016901113e-03,5.3251176055e-01
475.700000,9.9983231470e-04,5.6320840918e-01
475.750000,1.0012626841e-03,5.1512322843e-01
475.800000,1.0007437998e-03,4.8848380954e-01
475.850000,1.0002441012e-03,5.1508848056e-01
475.900000,1.0002043376e-03,5.8678198217e-01
475.950000,9.9991657756e-04,5.4829741963e-01
476.000000,1.0005129492e-03,5.0421201182e-01
476.050000,1.0003422849e-03,5.2868964425e-01
476.100000,1.0014715487e-03,5.6071502537e-01
476.150000,1.0003258322e-03,5.1953146276e-01
476.200000,9.9986778556e-04,5.7629765189e-01
476.250000,1.0003295789e-03,6.2269309260e-01
476.300000,9.9859136107e-04,5.3558835089e-01
476.350000,1.0003432030e-03,5.5594276817e-01
476.400000,9.9958002160e-04,5.3288212960e-01
476.450000,1.0014775698e-03,5.2264036797e-01
476.500000,9.9916310787e-04,5.2559651235e-01
476.550000,9.9972206017e-04,5.7495302879e-01
476.600000,9.9958731473e-04,5.6623779242e-01
476.650000,9.9922673971e-04,5.7684736795e-01
476.700000,9.9931788768e-04,5.3352591753e-01
476.750000,1.0007522967e-03,5.3450258575e-01
476.800000,9.9995703414e-04,5.4452062473e-01
476.850000,1.0002942363e-03,5.4001942373e-01
476.900000,1.0002637254e-03,5.2591281181e-01
476.950000,1.0017966139e-03,5.5732517742e-01
477.000000,1.0009536948e-03,5.1294357577e-01
477.050000,1.0012399428e-03,6.0343599331e-01
477.100000,9.9922367661e-04,5.5670352275e-01
477.150000,1.0013671833e-03,5.3928609824e-01
477.200000,9.9767437744e-04,5.4274834132e-01
477.250000,1.0015023031e-03,5.6313938625e-01
477.300000,9.9998428722e-04,5.2103906272e-01
477.350000,9.9933051559e-04,4.6169102364e-01
477.400000,9.9964721170e-04,5.6226853579e-01
477.450000,9.9885591854e-04,5.3177076481e-01
477.500000,9.9921891098e-04,5.4903547483e-01
477.550000,9.9935852609e-04,5.1337054531e-01
477.600000,9.9981949283e-04,5.7236829547e-01
477.650000,1.0004770968e-03,5.7855596145e-01
477.700000,1.0002653469e-03,5.8194251345e-01
477.750000,9.9999070904e-04,5.5921485640e-01
477.800000,9.9994042383e-04,5.5327776365e-01
477.850000,1.0001842039e-03,5.1290010078e-01
477.900000,9.9972792940e-04,5.1288053389e-01
477.950000,1.0015146625e-03,5.5621169723e-01
478.000000,9.9996740370e-04,5.4271500218e-01
478.050000,9.9960419616e-04,5.5291522773e-01
478.100000,1.0003095758e-03,5.2977654092e-01
478.150000,1.0017279836e-03,5.7694683112e-01
478.200000,9.9957925191e-04,5.1378985732e-01
478.250000,9.9912656653e-04,5.7409463112e-01
478.300000,1.0005831008e-03,5.5654051161e-01
478.350000,1.0002499292e-03,5.1445327469e-01
478.400000,9.9834514466e-04,5.5679518894e-01
478.450000,1.0010605972e-03,5.4805622199e-01
478.500000,9.9951256965e-04,5.6674874760e-01
478.550000,9.9946219953e-04,5.6577968060e-01
478.600000,1.0001179221e-03,5.2089404923e-01
478.650000,9.9965981034e-04,5.4736402934e-01
478.700000,1.0012894466e-03,5.2539821552e-01
478.750000,9.9932415398e-04,5.5264780226e-01
478.800000,1.0010148844e-03,5.6214156850e-01
478.850000,9.9990916150e-04,5.8049902656e-01
478.900000,9.9994374073e-04,5.3424856492e-01
478.950000,1.0013297254e-03,5.1069061533e-01
479.000000,1.0010689758e-03,5.4608363290e-01
479.050000,9.9959776811e-04,5.4095920597e-01
479.100000,9.9903373536e-04,5.5513979164e-01
479.150000,9.9976717250e-04,5.1345551025e-01
479.200000,9.9877443061e-04,5.2473983938e-01
479.250000,9.9874268672e-04,5.4643418143e-01
479.300000,1.0002958461e-03,5.2360549957e-01
479.350000,9.9885619336e-04,5.7657450750e-01
479.400000,9.9927829748e-04,5.2049697688e-01
479.450000,1.0002448430e-03,5.9318178921e-01
479.500000,9.9901597815e-04,5.7653932689e-01
479.550000,1.0009689031e-03,5.4837773269e-01
479.600000,1.0013931764e-03,5.5792253923e-01
479.650000,1.0010873778e-03,5.3232409775e-01
479.700000,9.9904885293e-04,4.8556648237e-01
479.750000,9.9891361919e-04,5.2998322584e-01
479.800000,1.0000542258e-03,5.1858706383e-01
479.850000,1.0008838541e-03,5.4263533841e-01
479.900000,1.0007314938e-03,5.3135737383e-01
479.950000,9.9871265457e-04,5.5529757979e-01
480.000000,9.9895256495e-04,5.5690488243e-01
480.050000,1.0004274044e-03,5.3144726525e-01
480.100000,1.0001671568e-03,5.1455251839e-01
480.150000,9.9957740363e-04,5.7392862606e-01
480.200000,1.0003790542e-03,4.5849736556e-01
480.250000,9.9986241467e-04,5.4968561657e-01
480.300000,1.0010910673e-03,5.1458922608e-01
480.350000,1.0011996473e-03,5.4039911865e-01
480.400000,1.0000031035e-03,5.3629089067e-01
480.450000,9.9960042214e-04,5.8980130350e-01
480.500000,1.0002849728e-03,5.5076746190e-01
480.550000,9.9907652005e-04,5.0788653641e-01
480.600000,1.0008404053e-03,5.5490153926e-01
480.650000,9.9966506173e-04,5.2263402282e-01
480.700000,9.9897124937e-04,5.3829432471e-01
480.750000,1.0005559219e-03,5.2255735261e-01
480.800000,9.9997216474e-04,5.3192497767e-01
480.850000,1.0003070885e-03,5.5716350620e-01
480.900000,1.0007797253e-03,5.5375604643e-01
480.950000,9.9938121354e-04,5.1859950064e-01
481.000000,1.0009475685e-03,6.1496770233e-01
481.050000,9.9932853743e-04,5.5847810695e-01
481.100000,9.9998074539e-04,5.3559556624e-01
481.150000,9.9952094503e-04,5.3250933517e-01
481.200000,9.9797614965e-04,5.5017810474e-01
481.250000,9.9929335583e-04,5.9024181436e-01
481.300000,1.0004431131e-03,5.3972835025e-01
481.350000,1.0007865299e-03,5.5419855339e-01
481.400000,1.0007733844e-03,5.2944051744e-01
481.450000,1.0011666296e-03,5.1313999680e-01
481.500000,1.0017678293e-03,5.5141203785e-01
481.550000,9.9873937596e-04,5.1210063114e-01
481.600000,9.9955484109e-04,5.6104020752e-01
481.650000,9.9990416747e-04,4.8965754615e-01
481.700000,9.9973313387e-04,5.2061367451e-01
481.750000,9.9983824210e-04,5.5260743839e-01
481.800000,9.9940726982e-04,5.6492238862e-01
481.850000,1.0008778230e-03,5.3375355002e-01
481.900000,1.0013480359e-03,5.3760776367e-01
481.950000,9.9888618836e-04,5.4590348471e-01
482.000000,1.0002222603e-03,5.4011100238e-01
482.050000,1.0011124028e-03,5.0522452588e-01
482.100000,1.0006490994e-03,5.1420990360e-01
482.150000,9.9869049257e-04,5.8749356274e-01
482.200000,9.9984795322e-04,5.4018629264e-01
482.250000,9.9849725250e-04,5.5134806621e-01
482.300000,1.0004388577e-03,5.7482342535e-01
482.350000,9.9908645832e-04,5.4318012438e-01
482.400000,1.0008430298e-03,5.0900512621e-01
482.450000,1.0016679182e-03,5.1095943699e-01
482.500000,1.0020371432e-03,5.3515618919e-01
482.550000,1.0017457133e-03,5.2112740440e-01
482.600000,1.0004412073e-03,5.4402029084e-01
482.650000,1.0013154717e-03,5.8827273264e-01
482.700000,9.9621458535e-04,5.7242728363e-01
482.750000,1.0003612930e-03,5.4622498646e-01
482.800000,1.0010418268e-03,5.1278921421e-01
482.850000,1.0014348415e-03,5.5748859000e-01
482.900000,1.0008628564e-03,5.9173250120e-01
482.950000,9.9900573000e-04,5.2952013371e-01
483.000000,9.9890329113e-04,4.9041308513e-01
483.050000,9.9783248503e-04,5.5365492391e-01
483.100000,9.9992152723e-04,5.5084461077e-01
483.150000,9.9979913076e-04,5.2441993385e-01
483.200000,1.0002449951e-03,5.5352624838e-01
483.250000,1.0003024314e-03,5.6488429980e-01
483.300000,1.0021608912e-03,5.1032533507e-01
483.350000,9.9969763845e-04,5.6569882357e-01
483.400000,9.9997935495e-04,5.3095793240e-01
483.450000,9.9953052467e-04,5.4071041935e-01
483.500000,9.9835295450e-04,5.4372849590e-01
483.550000,1.0008334679e-03,5.4596076183e-01
483.600000,9.9888098478e-04,5.5192783822e-01
483.650000,9.9985846259e-04,5.4307743782e-01
483.700000,9.9950708955e-04,5.8400576705e-01
483.750000,9.9867411387e-04,5.6840423945e-01
483.800000,9.9971874989e-04,5.3328758624e-01
483.850000,1.0011021008e-03,5.3401465113e-01
483.900000,1.0005182888e-03,5.3129410099e-01
483.950000,1.0003621190e-03,5.3447398902e-01
484.000000,1.0010252744e-03,5.7338364243e-01
484.050000,9.9863243801e-04,5.6483920054e-01
484.100000,1.0001272054e-03,5.5118458910e-01
484.150000,9.9998022453e-04,5.6991870765e-01
484.200000,9.9951987421e-04,5.5157885690e-01
484.250000,1.0005817322e-03,5.6427517491e-01
484.300000,9.9961083950e-04,5.3572321545e-01
484.350000,1.0007558777e-03,5.6765637488e-01
484.400000,1.0012272126e-03,4.7128728157e-01
484.450000,9.9980145480e-04,5.3123190613e-01
484.500000,1.0004258404e-03,5.4041082441e-01
484.550000,1.0003994174e-03,5.4244753349e-01
484.600000,9.9867929155e-04,5.2173317312e-01
484.650000,9.9883676570e-04,5.0002317361e-01
484.700000,1.0006836314e-03,5.5106789211e-01
484.750000,9.9865521564e-04,5.3724202019e-01
484.800000,9.9932203880e-04,5.2974498735e-01
484.850000,1.0002596964e-03,5.6522430106e-01
484.900000,1.0008157673e-03,5.8779978420e-01
484.950000,1.0002950057e-03,5.4911420100e-01
485.000000,9.9990376233e-04,5.2216068719e-01
485.050000,9.9946961831e-04,5.6287658953e-01
485.100000,9.9976698794e-04,4.6448819999e-01
485.150000,1.0002233308e-03,5.6456764770e-01
485.200000,1.0006899163e-03,5.1326090675e-01
485.250000,9.9952797384e-04,6.0718316872e-01
485.300000,1.0017504964e-03,5.4268985394e-01
485.350000,1.0010741614e-03,5.4090838920e-01
485.400000,9.9957860573e-04,5.3939887479e-01
485.450000,1.0002716956e-03,5.4070142256e-01
485.500000,9.9920603907e-04,5.4521864048e-01
485.550000,9.9855965418e-04,5.8105281557e-01
485.600000,1.0013776684e-03,6.0144859813e-01
485.650000,9.9982491790e-04,5.6544009480e-01
485.700000,9.9814389598e-04,5.8251903474e-01
485.750000,9.9977907643e-04,5.6258717537e-01
485.800000,1.0014101310e-03,5.7968377749e-01
485.850000,9.9930384625e-04,5.7266088864e-01
485.900000,1.0012875349e-03,5.3121340772e-01
485.950000,9.9921132821e-04,5.7087893965e-01
486.000000,9.9804202431e-04,5.5611767063e-01
486.050000,1.0003693033e-03,5.4632323971e-01
486.100000,1.0009272278e-03,5.4005224575e-01
486.150000,1.0008113462e-03,5.3085120314e-01
486.200000,1.0002084490e-03,5.3856733561e-01
486.250000,1.0005588118e-03,5.8553667063e-01
486.300000,9.9791889701e-04,5.6758093893e-01
486.350000,9.9891917702e-04,5.4939349737e-01
486.400000,1.0010397993e-03,5.3023217909e-01
486.450000,9.9861741580e-04,5.7123957936e-01
486.500000,9.9958807686e-04,5.1891114538e-01
486.550000,1.0011156982e-03,5.6474339970e-01
486.600000,1.0010346127e-03,5.6050142983e-01
486.650000,1.0025799418e-03,5.7033479145e-01
486.700000,1.0008797500e-03,5.5618262911e-01
486.750000,9.9978368952e-04,5.3376050296e-01
486.800000,1.0018388952e-03,5.3407107621e-01
486.850000,1.0005920820e-03,5.6905186840e-01
486.900000,9.9774193751e-04,5.5513104162e-01
486.950000,9.9803910134e-04,5.9565844308e-01
487.000000,1.0012670761e-03,5.1742165245e-01
487.050000,9.9773050485e-04,5.4261795115e-01
487.100000,1.0000702528e-03,5.2180886963e-01
487.150000,1.0004314217e-03,5.5047329570e-01
487.200000,1.0003562863e-03,5.7424116612e-01
487.250000,9.9990654782e-04,5.5650407551e-01
487.300000,1.0014393578e-03,5.6304531482e-01
487.350000,9.9754589720e-04,5.3655472214e-01
487.400000,9.9850381162e-04,5.4818760570e-01
487.450000,9.9875939422e-04,5.3600132500e-01
487.500000,9.9861411363e-04,5.0081753112e-01
487.550000,9.9850948353e-04,5.5149661319e-01
487.600000,1.0001711532e-03,5.3747035027e-01
487.650000,1.0002375877e-03,5.6575467937e-01
487.700000,9.9772840848e-04,5.6895449562e-01
487.750000,9.9945488850e-04,5.2101825621e-01
487.800000,9.9960563613e-04,5.7545407201e-01
487.850000,9.9991414898e-04,5.1800238878e-01
487.900000,1.0006721159e-03,5.6305756943e-01
487.950000,1.0018608887e-03,5.3178273191e-01
488.000000,9.9888603330e-04,5.3661634334e-01
488.050000,1.0005469915e-03,5.7865522155e-01
488.100000,1.0010852059e-03,5.4466650597e-01
488.150000,9.9955810727e-04,5.4656751689e-01
488.200000,1.0013963045e-03,5.8197140505e-01
488.250000,9.9957591770e-04,4.9834079505e-01
488.300000,1.0022460801e-03,5.4855222899e-01
488.350000,9.9825745439e-04,5.7119370618e-01
488.400000,9.9905711304e-04,5.6796331048e-01
488.450000,1.0018459777e-03,5.5017122802e-01
488.500000,1.0008482080e-03,5.4632099861e-01
488.550000,1.0011344736e-03,5.4063839718e-01
488.600000,9.9954874318e-04,5.0940899347e-01
488.650000,9.9706037483e-04,5.2592179478e-01
488.700000,9.9962393992e-04,5.2314959402e-01
488.750000,9.9906276260e-04,5.8469940887e-01
488.800000,9.9914935267e-04,5.6060480724e-01
488.850000,9.9819537354e-04,5.4033554246e-01
488.900000,1.0005810489e-03,5.4772709844e-01
488.950000,1.0005052838e-03,5.6098428196e-01
489.000000,1.0000787901e-03,5.1333700566e-01
489.050000,1.0002216313e-03,5.2922164260e-01
489.100000,9.9993729527e-04,5.7248340476e-01
489.150000,1.0010394928e-03,5.8633294929e-01
489.200000,1.0000806483e-03,5.0881884081e-01
489.250000,1.0004143083e-03,5.2332135821e-01
489.300000,1.0001987549e-03,5.6789823825e-01
489.350000,9.9926862017e-04,4.9118511073e-01
489.400000,1.0002416050e-03,5.5594296965e-01
489.450000,1.0014541169e-03,5.3974488415e-01
489.500000,1.0003743668e-03,5.1289997541e-01
489.550000,1.0010911757e-03,5.0912125390e-01
489.600000,1.0009430581e-03,4.9404364787e-01
489.650000,9.9938300183e-04,5.8834868537e-01
489.700000,1.0007220979e-03,5.5519493006e-01
489.750000,9.9958959906e-04,5.2260532188e-01
489.800000,9.9936039664e-04,5.2762312755e-01
489.850000,9.9974688393e-04,5.8956780913e-01
489.900000,9.9732435670e-04,5.9276679958e-01
489.950000,9.9871361599e-04,5.2928571313e-01
490.000000,1.0008551340e-03,5.3433704551e-01
490.050000,1.0003415855e-03,5.0216359208e-01
490.100000,9.9816122404e-04,5.1408574822e-01
490.150000,9.9830317629e-04,5.4150422076e-01
490.200000,1.0007667643e-03,5.5637153671e-01
490.250000,9.9957818687e-04,5.6272439648e-01
490.300000,1.0003653296e-03,5.0756844777e-01
490.350000,9.9875988869e-04,5.3084775944e-01
490.400000,9.9958495676e-04,5.4224463274e-01
490.450000,9.9920183788e-04,5.3434508380e-01
490.500000,9.9971335481e-04,5.7896612415e-01
490.550000,1.0007791866e-03,5.6777461173e-01
490.600000,1.0012653227e-03,5.6399445245e-01
490.650000,9.9952357423e-04,5.4851620789e-01
490.700000,1.0003909822e-03,5.4194659058e-01
490.750000,1.0014273389e-03,5.2378382016e-01
490.800000,9.9852058567e-04,5.7722951790e-01
490.850000,1.0029433374e-03,4.9493782099e-01
490.900000,1.0005085389e-03,5.2175460993e-01
490.950000,9.9973518097e-04,5.6882860125e-01
491.000000,1.0009373120e-03,5.5897668157e-01
491.050000,1.0006183640e-03,5.3145478632e-01
491.100000,1.0004921276e-03,5.3011939181e-01
491.150000,1.0009366846e-03,5.3631928270e-01
491.200000,1.0008371419e-03,5.9497786501e-01
491.250000,1.0006920775e-03,5.2085032863e-01
491.300000,9.9868752257e-04,5.3926894515e-01
491.350000,9.9992137761e-04,5.7617496864e-01
491.400000,9.9698084906e-04,5.4531340513e-01
491.450000,9.9948627450e-04,5.4665387437e-01
491.500000,1.0003233149e-03,5.1841693324e-01
491.550000,9.9991360772e-04,5.4553077416e-01
491.600000,9.9872016319e-04,4.8501530587e-01
491.650000,9.9901139489e-04,5.7047795490e-01
491.700000,9.9958147237e-04,5.1039691083e-01
491.750000,1.0013839337e-03,5.9658005958e-01
491.800000,1.0017014796e-03,5.4033242170e-01
491.850000,9.9748641983e-04,5.0851942954e-01
491.900000,9.9936751117e-04,5.5885166441e-01
491.950000,1.0001139621e-03,5.2563998700e-01
492.000000,1.0002089269e-03,5.5071689859e-01
492.050000,1.0002978809e-03,5.3702644273e-01
492.100000,1.0011886368e-03,5.5520175701e-01
492.150000,9.9986711123e-04,5.1058478168e-01
492.200000,1.0017161588e-03,5.7821631647e-01
492.250000,1.0001861618e-03,5.5096131933e-01
492.300000,1.0000231025e-03,5.4129974407e-01
492.350000,1.0002774284e-03,5.4109972870e-01
492.400000,9.9942910247e-04,5.3160117666e-01
492.450000,9.9869729224e-04,5.1316737655e-01
492.500000,1.0007109764e-03,5.3612597922e-01
492.550000,9.9981775658e-04,5.2420309257e-01
492.600000,9.9952259387e-04,5.7031884517e-01
492.650000,1.0004821455e-03,4.9675712440e-01
492.700000,9.9942299910e-04,5.5152364797e-01
492.750000,9.9925462729e-04,5.2823932158e-01
492.800000,9.9892568106e-04,5.5309800076e-01
492.850000,1.0020314749e-03,5.3478713459e-01
492.900000,1.0004633942e-03,5.3467630440e-01
492.950000,1.0001419424e-03,5.4476389117e-01
493.000000,9.9921613792e-04,5.7179677081e-01
493.050000,9.9970806828e-04,5.4953683113e-01
493.100000,9.9795746638e-04,4.8624849061e-01
493.150000,1.0008374035e-03,5.7503977769e-01
493.200000,9.9932320024e-04,5.6808624625e-01
493.250000,9.9991491548e-04,5.7432414087e-01
493.300000,1.0006043818e-03,5.4555609082e-01
493.350000,9.9998299498e-04,5.4530824261e-01
493.400000,9.9956811772e-04,5.9527201309e-01
493.450000,1.0001407293e-03,5.4784147817e-01
493.500000,9.9889457919e-04,5.2751183455e-01
493.550000,1.0013986874e-03,5.3578640869e-01
493.600000,9.9824244139e-04,5.4053943348e-01
493.650000,9.9965946317e-04,5.2224931435e-01
493.700000,1.0000414003e-03,5.2555196661e-01
493.750000,1.0013206517e-03,5.6572575180e-01
493.800000,9.9977623227e-04,5.4191097874e-01
493.850000,1.0015099803e-03,5.2736418629e-01
493.900000,9.9953270573e-04,4.7182074110e-01
493.950000,1.0005539570e-03,5.0900841867e-01
494.000000,1.0003223028e-03,5.0284646590e-01
494.050000,9.9979396713e-04,5.0775217424e-01
494.100000,9.9966997762e-04,5.9110685522e-01
494.150000,9.9994139176e-04,6.0450795190e-01
494.200000,9.9965660998e-04,5.1406066073e-01
494.250000,1.0005246229e-03,5.2151980606e-01
494.300000,9.9930314705e-04,5.5847157284e-01
494.350000,1.0013942800e-03,5.2450473133e-01
494.400000,9.9899249087e-04,5.2343888706e-01
494.450000,9.9869761494e-04,5.4592976883e-01
494.500000,9.9914949511e-04,5.4167456780e-01
494.550000,9.9928879862e-04,5.8870953648e-01
494.600000,9.9865257985e-04,5.1856748383e-01
494.650000,9.9921656414e-04,5.7113161829e-01
494.700000,9.9752491765e-04,5.5505081377e-01
494.750000,1.0001020795e-03,5.6091290030e-01
494.800000,9.9872123450e-04,5.2635739610e-01
494.850000,1.0008582120e-03,5.3548227480e-01
494.900000,1.0021909451e-03,5.9621610029e-01
494.950000,9.9878619429e-04,5.7853811025e-01
495.000000,1.0007006895e-03,5.4271926951e-01
495.050000,9.9959604662e-04,4.8704033457e-01
495.100000,9.9906482499e-04,5.1011540317e-01
495.150000,1.0005389133e-03,5.1957335597e-01
495.200000,1.0005609522e-03,4.8654970396e-01
495.250000,9.9868742241e-04,5.6051766191e-01
495.300000,9.9885674015e-04,5.4799118355e-01
495.350000,9.9952891432e-04,5.4372187684e-01
495.400000,9.9945775791e-04,5.2170830707e-01
495.450000,9.9929497119e-04,4.8506143854e-01
495.500000,1.0009453552e-03,5.8560607447e-01
495.550000,9.9818212689e-04,5.9720315542e-01
495.600000,1.0003077853e-03,5.7752461808e-01
495.650000,1.0008983137e-03,5.2255954129e-01
495.700000,9.9977244017e-04,5.4328440041e-01
495.750000,1.0005193786e-03,5.8820851609e-01
495.800000,9.9902211843e-04,5.1006573852e-01
495.850000,1.0011153108e-03,4.9901696282e-01
495.900000,1.0003082504e-03,5.5105221804e-01
495.950000,9.9764539139e-04,5.8097869796e-01
496.000000,9.9960013637e-04,4.9743368094e-01
496.050000,1.0010651154e-03,5.3535449104e-01
496.100000,1.0005722748e-03,5.5647506171e-01
496.150000,9.9984544634e-04,5.3332475410e-01
496.200000,9.9874150240e-04,5.3972672591e-01
496.250000,9.9800334427e-04,5.1726323888e-01
496.300000,9.9937260206e-04,5.5942918199e-01
496.350000,1.0004344243e-03,5.1364282947e-01
496.400000,1.0001472540e-03,5.1621843559e-01
496.450000,1.0010100907e-03,5.3819415494e-01
496.500000,9.9820472251e-04,5.5892323242e-01
496.550000,9.9990424054e-04,5.8042993658e-01
496.600000,1.0018689645e-03,5.5808704418e-01
496.650000,1.0018340051e-03,5.2110129820e-01
496.700000,1.0000552504e-03,5.4578567898e-01
496.750000,9.9991629223e-04,5.0658860338e-01
496.800000,9.9977371504e-04,5.4591583698e-01
496.850000,9.9949511670e-04,5.3899735216e-01
496.900000,9.9938845799e-04,5.3100815487e-01
496.950000,9.9957250766e-04,5.2130502462e-01
497.000000,1.0027232038e-03,5.2020674490e-01
497.050000,9.9982469230e-04,5.5927789699e-01
497.100000,9.9901336096e-04,5.6960601064e-01
497.150000,9.9939873087e-04,5.7249580903e-01
497.200000,1.0003341158e-03,5.0474978184e-01
497.250000,1.0006550682e-03,5.9483969172e-01
497.300000,9.9892612230e-04,4.9874065541e-01
497.350000,9.9956483861e-04,5.1370386133e-01
497.400000,9.9938094683e-04,5.2413468440e-01
497.450000,1.0009803160e-03,5.6425378930e-01
497.500000,9.9929932474e-04,4.9947843944e-01
497.550000,9.9995330860e-04,5.4228832153e-01
497.600000,1.0010807036e-03,5.8964808682e-01
497.650000,1.0002112332e-03,5.8788581579e-01
497.700000,1.0002656296e-03,5.1969087808e-01
497.750000,9.9821288001e-04,5.5712291010e-01
497.800000,1.0005743002e-03,5.3440532887e-01
497.850000,1.0005728214e-03,5.7805373438e-01
497.900000,9.9957723645e-04,5.5179825641e-01
497.950000,9.9854603646e-04,5.5643701829e-01
498.000000,9.9958433804e-04,5.6329616999e-01
498.050000,1.0007772581e-03,5.8052716225e-01
498.100000,1.0002453479e-03,5.3736712608e-01
498.150000,1.0010313446e-03,5.2868106842e-01
498.200000,9.9897715817e-04,5.6324721197e-01
498.250000,9.9989267662e-04,5.2576464567e-01
498.300000,9.9949666035e-04,5.1908236161e-01
498.350000,1.0001459243e-03,5.4414438489e-01
498.400000,1.0013712135e-03,5.0982936733e-01
498.450000,1.0000533968e-03,5.2133724684e-01
498.500000,9.9864819111e-04,5.4785557848e-01
498.550000,1.0016035126e-03,5.4425716156e-01
498.600000,1.0007037786e-03,5.5211279364e-01
498.650000,1.0010436014e-03,5.9862418224e-01
498.700000,1.0008868438e-03,5.6186482549e-01
498.750000,9.9988552268e-04,6.0775200989e-01
498.800000,9.9973714029e-04,5.5222882703e-01
498.850000,9.9828729426e-04,5.6154870440e-01
498.900000,1.0004449097e-03,5.4428786670e-01
498.950000,1.0007028383e-03,5.4303728349e-01
499.000000,1.0005699251e-03,5.0073346159e-01
499.050000,1.0017506711e-03,5.4906514845e-01
499.100000,9.9996322184e-04,5.8147025180e-01
499.150000,9.9798934700e-04,5.5055342470e-01
499.200000,1.0000631901e-03,5.6793264310e-01
499.250000,9.9972643910e-04,5.3963954086e-01
499.300000,1.0014597146e-03,5.8588871471e-01
499.350000,9.9927502567e-04,5.6224708109e-01
499.400000,1.0008600683e-03,5.1042092121e-01
499.450000,1.0015930176e-03,5.5045891676e-01
499.500000,1.0014377606e-03,5.0766501927e-01
499.550000,1.0004249756e-03,5.1062102990e-01
499.600000,9.9991739909e-04,5.3419949276e-01
499.650000,1.0006924500e-03,5.3201242160e-01
499.700000,9.9937810235e-04,5.1360414274e-01
499.750000,9.9916769903e-04,5.4413608587e-01
499.800000,1.0013754636e-03,5.0274892330e-01
499.850000,9.9972283265e-04,5.6545842529e-01
499.900000,1.0004729865e-03,5.4251800148e-01
499.950000,9.9724163883e-04,5.2542747854e-01
500.000000,9.9942194554e-04,5.2620806521e-01
500.050000,1.0000706170e-03,5.7170929962e-01
500.100000,1.0014762329e-03,5.2471388879e-01
500.150000,1.0014917100e-03,5.3049891358e-01
500.200000,9.9967357032e-04,5.6936958129e-01
500.250000,1.0001460404e-03,5.5073381747e-01
500.300000,9.9812942416e-04,5.7749442079e-01
500.350000,9.9967024992e-04,5.2700377191e-01
500.400000,9.9959918418e-04,5.5479163832e-01
500.450000,1.0003610271e-03,5.3646396815e-01
500.500000,1.0022295179e-03,5.5462789437e-01
500.550000,9.9693228900e-04,5.4077700729e-01
500.600000,1.0013081792e-03,4.8443038547e-01
500.650000,1.0012690367e-03,5.5782826862e-01
500.700000,1.0004489533e-03,5.2726993414e-01
500.750000,1.0010430169e-03,5.3491685258e-01
500.800000,1.0003522288e-03,5.4450882722e-01
500.850000,9.9758669621e-04,5.1897788540e-01
500.900000,1.0005127641e-03,5.0467744799e-01
500.950000,9.9990050186e-04,5.3432695428e-01
501.000000,9.9950393639e-04,5.3757027750e-01
501.050000,1.0004341017e-03,5.0908927228e-01
501.100000,9.9868328865e-04,5.1403521100e-01
501.150000,9.9944146422e-04,5.3674534541e-01
501.200000,9.9860235089e-04,5.6994709519e-01
501.250000,1.0020416571e-03,5.5012801485e-01
501.300000,1.0001569628e-03,5.1783114264e-01
501.350000,9.9975447665e-04,5.6550601795e-01
501.400000,1.0003498162e-03,5.4328841931e-01
501.450000,1.0001854606e-03,5.6927800802e-01
501.500000,1.0001131521e-03,5.0943556030e-01
501.550000,9.9975936189e-04,5.1046057937e-01
501.600000,1.0009984588e-03,5.0837393186e-01
501.650000,9.9957388782e-04,5.2803510300e-01
501.700000,9.9818055846e-04,5.5863555934e-01
501.750000,1.0007973812e-03,5.6550965843e-01
501.800000,1.0004033371e-03,5.3905783608e-01
501.850000,1.0000753730e-03,5.2780837487e-01
501.900000,9.9770606008e-04,5.6741339786e-01
501.950000,1.0002759131e-03,5.1502638581e-01
502.000000,1.0013378293e-03,5.7483107521e-01
502.050000,1.0005719503e-03,5.3177076224e-01
502.100000,1.0022604800e-03,5.3347639423e-01
502.150000,9.9954590860e-04,5.2185548603e-01
502.200000,9.9960964333e-04,5.3766210840e-01
502.250000,1.0003300005e-03,5.4699189833e-01
502.300000,1.0006241644e-03,5.4465812244e-01
502.350000,1.0003917346e-03,5.2800357535e-01
502.400000,9.9959814830e-04,5.4170995767e-01
502.450000,1.0015523326e-03,5.1005152471e-01
502.500000,1.0007994309e-03,5.4814683231e-01
502.550000,1.0004409554e-03,5.1197072753e-01
502.600000,9.9926941690e-04,5.5819869785e-01
502.650000,1.0004189056e-03,5.5604301675e-01
502.700000,1.0014662937e-03,5.2714128937e-01
502.750000,9.9955279674e-04,6.2017283290e-01
502.800000,1.0002809597e-03,5.9158759257e-01
502.850000,1.0007175912e-03,5.3080282883e-01
502.900000,1.0009437875e-03,5.4381749880e-01
502.950000,1.0013213105e-03,5.7710711033e-01
503.000000,1.0008814061e-03,5.6408520564e-01
503.050000,9.9914876786e-04,5.7404478300e-01
503.100000,1.0005252686e-03,6.1282895220e-01
503.150000,1.0000632427e-03,5.2717673828e-01
503.200000,1.0007813178e-03,5.4583353119e-01
503.250000,9.9838215280e-04,4.7923836854e-01
503.300000,1.0006102116e-03,5.3175892569e-01
503.350000,9.9826028535e-04,5.3406365303e-01
503.400000,1.0004924022e-03,5.2219173169e-01
503.450000,9.9977649991e-04,5.9541191787e-01
503.500000,1.0008921237e-03,5.2840835443e-01
503.550000,9.9975735935e-04,5.1692392125e-01
503.600000,9.9953033273e-04,5.3909338680e-01
503.650000,9.9922305389e-04,6.2598624644e-01
503.700000,9.9959792200e-04,5.7009366491e-01
503.750000,9.9946277604e-04,5.6299716652e-01
503.800000,9.9841952882e-04,4.9225734181e-01
503.850000,1.0010308195e-03,5.4154396831e-01
503.900000,1.0014340563e-03,5.1124864847e-01
503.950000,9.9987834939e-04,5.3357286953e-01
504.000000,9.9862900757e-04,5.3424335294e-01
504.050000,9.9897192968e-04,5.2222537109e-01
504.100000,1.0006233888e-03,5.2154009191e-01
504.150000,9.9846352959e-04,5.3168243153e-01
504.200000,1.0008371037e-03,5.4430279037e-01
504.250000,9.9801433173e-04,5.4944692147e-01
504.300000,9.9942427116e-04,5.6021105334e-01
504.350000,9.9968648744e-04,5.4120118969e-01
504.400000,1.0000770180e-03,5.7446608976e-01
504.450000,9.9999379842e-04,5.6786493798e-01
504.500000,1.0001883188e-03,5.0873855075e-01
504.550000,1.0010974404e-03,5.7288605275e-01
504.600000,9.9952505912e-04,5.6056608394e-01
504.650000,9.9926796678e-04,5.4503739516e-01
504.700000,1.0000377625e-03,5.6087680282e-01
504.750000,1.0008778291e-03,4.9746294880e-01
504.800000,9.9762416771e-04,5.2079401270e-01
504.850000,1.0009181523e-03,5.4315706962e-01
504.900000,9.9976362603e-04,5.6241129459e-01
504.950000,9.9906187799e-04,5.7881695330e-01
505.000000,9.9959400612e-04,5.5989489136e-01
505.050000,1.0008092281e-03,5.5038635789e-01
505.100000,9.9990540571e-04,5.5838217181e-01
505.150000,9.9942516840e-04,5.4255315234e-01
505.200000,1.0003512739e-03,5.3088117313e-01
505.250000,9.9996981655e-04,5.3862682226e-01
505.300000,1.0006252199e-03,5.3488200407e-01
505.350000,9.9960940911e-04,5.1143532524e-01
505.400000,9.9813536453e-04,5.0033211886e-01
505.450000,1.0002061285e-03,5.2798467794e-01
505.500000,1.0004146786e-03,5.5937841692e-01
505.550000,9.9928068154e-04,5.3997802177e-01
505.600000,9.9963550163e-04,5.4433745387e-01
505.650000,9.9994707989e-04,5.4194753322e-01
505.700000,1.0002786151e-03,5.5514833355e-01
505.750000,1.0007285125e-03,4.8894812833e-01
505.800000,9.9942959980e-04,5.6298265450e-01
505.850000,1.0010311328e-03,5.5537273613e-01
505.900000,1.0004819511e-03,5.3711181868e-01
505.950000,1.0006283505e-03,5.6272108125e-01
506.000000,9.9933419814e-04,5.4124330345e-01
506.050000,1.0016965637e-03,5.4009048434e-01
506.100000,9.9951028485e-04,5.5151998935e-01
506.150000,9.9888341541e-04,5.5266555700e-01
506.200000,1.0014120378e-03,5.1640358421e-01
506.250000,9.9951114773e-04,5.3268988299e-01
506.300000,1.0002395192e-03,5.4690642279e-01
506.350000,9.9951832683e-04,5.4669277585e-01
506.400000,9.9988388238e-04,4.9676049029e-01
506.450000,9.9820182372e-04,5.4845847867e-01
506.500000,1.0000034371e-03,5.9005891298e-01
506.550000,1.0015682810e-03,5.6691845187e-01
506.600000,1.0016498262e-03,4.9765759575e-01
506.650000,9.9944991048e-04,5.3061712981e-01
506.700000,1.0006494196e-03,5.4638530134e-01
506.750000,1.0001900760e-03,5.0330175243e-01
506.800000,9.9961010372e-04,5.7382951043e-01
506.850000,9.9865109111e-04,6.0815389357e-01
506.900000,9.9832042794e-04,5.6758478713e-01
506.950000,1.0008294325e-03,5.5128996386e-01
507.000000,9.9977146258e-04,5.8899777439e-01
507.050000,9.9831373331e-04,5.8265588915e-01
507.100000,1.0001360314e-03,5.2982860249e-01
507.150000,1.0009670897e-03,5.7867463898e-01
507.200000,1.0002194088e-03,5.4854048598e-01
507.250000,1.0003391157e-03,5.7238450631e-01
507.300000,9.9734754552e-04,5.8326036991e-01
507.350000,1.0011978805e-03,5.2194163314e-01
507.400000,9.9933227964e-04,5.5815420138e-01
507.450000,9.9943360322e-04,5.7042495695e-01
507.500000,1.0003344547e-03,5.6932598548e-01
507.550000,9.9996968536e-04,5.3976314168e-01
507.600000,1.0012646156e-03,5.7825460711e-01
507.650000,9.9828488466e-04,5.3559071924e-01
507.700000,1.0000036908e-03,5.5192706793e-01
507.750000,1.0007201059e-03,5.6104881025e-01
507.800000,9.9963971632e-04,4.9970038413e-01
507.850000,1.0007485381e-03,5.2412039184e-01
507.900000,1.0006185136e-03,5.6743387945e-01
507.950000,1.0000269815e-03,5.9948974719e-01
508.000000,1.0005353587e-03,5.2865086979e-01
508.050000,1.0013855104e-03,4.8253965981e-01
508.100000,1.0007130818e-03,4.9134240545e-01
508.150000,1.0005930147e-03,5.2568886923e-01
508.200000,1.0000537257e-03,5.4687637568e-01
508.250000,9.9892915785e-04,5.6885905137e-01
508.300000,9.9919660754e-04,5.2075525473e-01
508.350000,1.0002105418e-03,5.3164629576e-01
508.400000,9.9974997577e-04,5.5509966454e-01
508.450000,9.9960464699e-04,5.3128958020e-01
508.500000,1.0001633871e-03,5.5449904652e-01
508.550000,9.9977333855e-04,5.1809547913e-01
508.600000,1.0015550309e-03,5.3298204657e-01
508.650000,1.0023701365e-03,5.4173417397e-01
508.700000,1.0019530407e-03,5.1669675736e-01
508.750000,9.9943838729e-04,5.8396005394e-01
508.800000,1.0010743322e-03,5.3073798062e-01
508.850000,1.0005466406e-03,5.2938660603e-01
508.900000,1.0020594431e-03,5.4327687963e-01
508.950000,1.0007499130e-03,5.3230427251e-01
509.000000,1.0004536498e-03,5.4873770142e-01
509.050000,1.0003660771e-03,5.8740950524e-01
509.100000,1.0002597833e-03,5.1411138814e-01
509.150000,9.9951856688e-04,5.4935466881e-01
509.200000,1.0014488114e-03,5.1890351590e-01
509.250000,9.9920885887e-04,5.7938475946e-01
509.300000,1.0004858388e-03,5.5116011480e-01
509.350000,1.0016360939e-03,5.1778610390e-01
509.400000,9.9943428202e-04,6.1444411707e-01
509.450000,1.0002070937e-03,5.2116770734e-01
509.500000,9.9925491380e-04,5.2539102405e-01
509.550000,9.9968582149e-04,5.7542406068e-01
509.600000,1.0003200874e-03,5.3750426122e-01
509.650000,9.9955206583e-04,5.3808845608e-01
509.700000,9.9913386322e-04,5.4616157665e-01
509.750000,9.9864132062e-04,5.2516244515e-01
509.800000,1.0002484224e-03,5.6387228218e-01
509.850000,1.0017038954e-03,5.1820041568e-01
509.900000,9.9956972792e-04,5.2804575761e-01
509.950000,1.0001030444e-03,5.3643027717e-01
510.000000,9.9938602714e-04,5.3073155143e-01
510.050000,9.9943177804e-04,5.7711880746e-01
510.100000,9.9788545915e-04,5.3221961532e-01
510.150000,1.0002972644e-03,5.4893397562e-01
510.200000,9.9936673051e-04,5.1002349953e-01
510.250000,9.9964514566e-04,5.3552256729e-01
510.300000,1.0004493198e-03,5.2522400895e-01
510.350000,1.0002129386e-03,5.0470546009e-01
510.400000,1.0009705656e-03,5.9600457218e-01
510.450000,9.9861861482e-04,5.3754476145e-01
510.500000,1.0004950312e-03,5.5181378942e-01
510.550000,1.0006707230e-03,6.0332718204e-01
510.600000,9.9988312699e-04,4.9793600138e-01
510.650000,1.0005202189e-03,5.5852708763e-01
510.700000,9.9934792879e-04,5.4274149133e-01
510.750000,9.9914924656e-04,5.4835815150e-01
510.800000,9.9912196298e-04,5.2609389590e-01
510.850000,1.0009123559e-03,5.3878947613e-01
510.900000,9.9906888254e-04,5.1489124466e-01
510.950000,9.9935153996e-04,5.0122216464e-01
511.000000,9.9863956650e-04,5.7107895498e-01
511.050000,9.9978965682e-04,5.4040569017e-01
511.100000,1.0010438879e-03,5.8122908821e-01
511.150000,9.9973243556e-04,5.5522622283e-01
511.200000,9.9889790729e-04,5.0810467250e-01
511.250000,1.0005252380e-03,5.7229757431e-01
511.300000,1.0001891103e-03,5.7697325024e-01
511.350000,9.9988826238e-04,5.6959789751e-01
511.400000,1.0002322502e-03,5.2752623015e-01
511.450000,9.9948250736e-04,5.3325882371e-01
511.500000,9.9992532634e-04,5.1260141482e-01
511.550000,1.0006240617e-03,5.2570242300e-01
511.600000,9.9847889768e-04,5.4247476775e-01
511.650000,1.0024724883e-03,5.8682635335e-01
511.700000,9.9856245667e-04,5.2271885014e-01
511.750000,9.9866970490e-04,5.6112924295e-01
511.800000,1.0023143532e-03,5.1529270108e-01
511.850000,9.9934332334e-04,5.1780446221e-01
511.900000,1.0001334893e-03,5.5284276422e-01
511.950000,1.0013438537e-03,5.4957305978e-01
512.000000,1.0006357049e-03,5.3224963810e-01
512.050000,1.0016812279e-03,5.2337647540e-01
512.100000,9.9962704843e-04,5.0042198221e-01
512.150000,9.9933956574e-04,5.7199604369e-01
512.200000,1.0016201390e-03,5.5821284321e-01
512.250000,9.9920067465e-04,5.7914680709e-01
512.300000,1.0009362184e-03,5.8905931252e-01
512.350000,1.0002316240e-03,5.1626306381e-01
512.400000,1.0003128674e-03,5.2666776686e-01
512.450000,1.0000112641e-03,5.1664306264e-01
512.500000,9.9864543458e-04,5.6160580583e-01
512.550000,1.0013825366e-03,5.2017488935e-01
512.600000,1.0003695939e-03,5.7997629940e-01
512.650000,9.9891488077e-04,5.6390950609e-01
512.700000,1.0006701405e-03,5.1623007019e-01
512.750000,9.9800278724e-04,5.3033365020e-01
512.800000,1.0002020674e-03,5.5637701034e-01
512.850000,9.9804200232e-04,5.4602834646e-01
512.900000,1.0007257624e-03,5.5541003640e-01
512.950000,9.9985988171e-04,5.8468061716e-01
513.000000,9.9970676398e-04,5.6271464371e-01
513.050000,1.0018774080e-03,5.0394041580e-01
513.100000,1.0011163344e-03,5.2358355133e-01
513.150000,9.9991473174e-04,5.6452034057e-01
513.200000,9.9889410246e-04,5.5598746208e-01
513.250000,9.9918793496e-04,5.6661254488e-01
513.300000,9.9850007481e-04,5.5188970243e-01
513.350000,1.0000131248e-03,5.3524549327e-01
513.400000,9.9982456774e-04,5.2624711150e-01
513.450000,1.0004471305e-03,5.2615104966e-01
513.500000,1.0015335012e-03,5.1919875744e-01
513.550000,9.9721547885e-04,5.4871773290e-01
513.600000,1.0007858369e-03,5.5203915057e-01
513.650000,1.0011912485e-03,5.2277519881e-01
513.700000,1.0006526356e-03,5.9005042894e-01
513.750000,9.9924785730e-04,5.6367242159e-01
513.800000,9.9951555753e-04,5.4040329999e-01
513.850000,9.9958398657e-04,5.4656477883e-01
513.900000,9.9898972105e-04,5.1921114241e-01
513.950000,9.9965124223e-04,5.2452730663e-01
514.000000,1.0005201767e-03,5.3721444909e-01
514.050000,1.0019232937e-03,5.8852215289e-01
514.100000,9.9936670933e-04,5.1959249742e-01
514.150000,9.9826584490e-04,5.8482713971e-01
514.200000,9.9722130013e-04,5.5292043409e-01
514.250000,9.9910591834e-04,5.7562574371e-01
514.300000,9.9987319575e-04,5.6258366061e-01
514.350000,9.9833454118e-04,5.4607829270e-01
514.400000,1.0004095740e-03,5.6002595293e-01
514.450000,1.0010732756e-03,5.4634942040e-01
514.500000,9.9944742119e-04,5.2397643953e-01
514.550000,9.9934612025e-04,5.1895413847e-01
514.600000,9.9885750439e-04,5.2053368318e-01
514.650000,1.0001487970e-03,5.3321762348e-01
514.700000,1.0002965123e-03,5.4573011167e-01
514.750000,9.9872221722e-04,5.4012487689e-01
514.800000,1.0011754592e-03,5.1268935554e-01
514.850000,9.9979932570e-04,5.4053954359e-01
514.900000,9.9970021968e-04,5.8883729555e-01
514.950000,1.0014603478e-03,5.4258451085e-01
515.000000,9.9898959047e-04,5.7483575375e-01
515.050000,9.9931621370e-04,5.2355395562e-01
515.100000,9.9953724963e-04,5.2683500663e-01
515.150000,9.9899102725e-04,5.4898832172e-01
515.200000,1.0011109720e-03,5.2495429767e-01
515.250000,1.0000342941e-03,5.3646042652e-01
515.300000,1.0005761524e-03,6.0485395641e-01
515.350000,1.0015340648e-03,5.4438850349e-01
515.400000,9.9983058895e-04,5.7538989032e-01
515.450000,9.9901275453e-04,5.4570507725e-01
515.500000,9.9974330234e-04,5.7259752304e-01
515.550000,9.9832153717e-04,5.4332354784e-01
515.600000,9.9964381623e-04,5.5477890042e-01
515.650000,1.0005105431e-03,5.3579716689e-01
515.700000,1.0000317704e-03,5.3729701846e-01
515.750000,1.0014284165e-03,5.1516191194e-01
515.800000,9.9961326762e-04,5.1653958635e-01
515.850000,9.9982935456e-04,5.6612141526e-01
515.900000,9.9955755391e-04,5.7351197147e-01
515.950000,1.0007857271e-03,5.5906374133e-01
516.000000,1.0002651849e-03,5.5602472339e-01
516.050000,1.0009693072e-03,5.5513688820e-01
516.100000,1.0012353299e-03,5.3488441019e-01
516.150000,1.0010409826e-03,5.0890277274e-01
516.200000,9.9863033530e-04,5.1375759096e-01
516.250000,1.0008779716e-03,5.0790549855e-01
516.300000,1.0007333743e-03,5.6574981200e-01
516.350000,1.0010480071e-03,5.7299147655e-01
516.400000,1.0006044614e-03,5.2963651627e-01
516.450000,1.0007238493e-03,5.2320954219e-01
516.500000,1.0002016743e-03,5.2940080654e-01
516.550000,9.9873935645e-04,4.9817795188e-01
516.600000,9.9817619055e-04,5.5057158813e-01
516.650000,1.0002444911e-03,5.3156470987e-01
516.700000,1.0005377858e-03,5.1030649778e-01
516.750000,9.9898969676e-04,5.1849903068e-01
516.800000,9.9917958726e-04,5.5009354316e-01
516.850000,9.9983292683e-04,5.4977780130e-01
516.900000,9.9928360481e-04,5.4805922412e-01
516.950000,1.0010525340e-03,6.2828742303e-01
517.000000,1.0012963106e-03,5.0273119813e-01
517.050000,1.0012806712e-03,5.5930920204e-01
517.100000,9.9932629187e-04,5.4855188882e-01
517.150000,1.0003633320e-03,5.6359285918e-01
517.200000,9.9940389319e-04,5.5131884470e-01
517.250000,1.0013596409e-03,5.4602946415e-01
517.300000,1.0006061360e-03,5.2044255024e-01
517.350000,1.0008787740e-03,5.1506330122e-01
517.400000,9.9883411597e-04,5.6322607834e-01
517.450000,1.0003768167e-03,5.5263379793e-01
517.500000,1.0002784722e-03,5.7854852413e-01
517.550000,1.0005558839e-03,5.8759412034e-01
517.600000,1.0003863914e-03,4.8196937733e-01
517.650000,9.9912518851e-04,5.4036021755e-01
517.700000,9.9869495485e-04,4.8468198162e-01
517.750000,9.9885170945e-04,5.6060519778e-01
517.800000,1.0017583160e-03,5.2299706177e-01
517.850000,9.9885481657e-04,6.0525678661e-01
517.900000,9.9780860103e-04,5.3068650321e-01
517.950000,1.0011773086e-03,5.7570953665e-01
518.000000,1.0022508899e-03,5.2296997162e-01
518.050000,9.9843689542e-04,5.2494876484e-01
518.100000,9.9917586794e-04,5.6447434394e-01
518.150000,9.9984831218e-04,4.7355617143e-01
518.200000,1.0002920698e-03,5.3697039975e-01
518.250000,1.0004469899e-03,5.4953121121e-01
518.300000,9.9780915236e-04,6.0741325471e-01
518.350000,9.9982183047e-04,5.1237299558e-01
518.400000,9.9811328976e-04,5.5244249265e-01
518.450000,9.9846056952e-04,5.8348888160e-01
518.500000,1.0005689089e-03,5.3201486812e-01
518.550000,1.0003810513e-03,5.1375185600e-01
518.600000,1.0000863138e-03,5.0060359549e-01
518.650000,9.9986618490e-04,5.8158548692e-01
518.700000,1.0014945077e-03,5.5153027072e-01
518.750000,9.9998880291e-04,5.8200558529e-01
518.800000,9.9951297835e-04,5.4634406842e-01
518.850000,1.0004173290e-03,5.3687209065e-01
518.900000,1.0011814532e-03,5.3322479399e-01
518.950000,9.9858999621e-04,5.3367677115e-01
519.000000,1.0002143636e-03,5.1869869857e-01
519.050000,9.9977103295e-04,5.0993195373e-01
519.100000,9.9938640947e-04,5.3143964389e-01
519.150000,1.0013190036e-03,5.2021787804e-01
519.200000,1.0007133953e-03,5.4403657957e-01
519.250000,1.0008894517e-03,5.7663423108e-01
519.300000,1.0016524327e-03,5.5915814314e-01
519.350000,9.9915038484e-04,5.2910178261e-01
519.400000,1.0023564079e-03,5.4155190831e-01
519.450000,9.9936035508e-04,5.4177276064e-01
519.500000,9.9839889529e-04,5.3146207794e-01
519.550000,1.0007751324e-03,5.4605752290e-01
519.600000,9.9881121732e-04,5.0316310467e-01
519.650000,9.9956014999e-04,5.4293590630e-01
519.700000,9.9833216534e-04,5.1499865570e-01
519.750000,9.9895998162e-04,5.4213613496e-01
519.800000,9.9785647592e-04,5.5250976521e-01
519.850000,1.0007120166e-03,5.4676567269e-01
519.900000,9.9966161494e-04,5.5115726846e-01
519.950000,1.0011826415e-03,4.9862275836e-01
520.000000,9.9968305761e-04,5.6116118795e-01
520.050000,1.0033398231e-03,5.4512450345e-01
520.100000,1.0018839017e-03,6.0234442054e-01
520.150000,9.9987274616e-04,5.5140337222e-01
520.200000,1.0013614543e-03,5.1835758194e-01
520.250000,1.0009743904e-03,5.3979380810e-01
520.300000,9.9935679043e-04,5.5480165108e-01
520.350000,9.9937581832e-04,5.7423525732e-01
520.400000,9.9992905100e-04,5.3684659907e-01
520.450000,9.9824449441e-04,5.6485801842e-01
520.500000,9.9910208137e-04,5.7383080168e-01
520.550000,1.0012979964e-03,4.9513604149e-01
520.600000,9.9978396090e-04,5.6421838095e-01
520.650000,9.9959412499e-04,5.4479920152e-01
520.700000,9.9981588134e-04,5.6896993370e-01
520.750000,9.9852917354e-04,5.5647621341e-01
520.800000,9.9932967218e-04,5.0389970759e-01
520.850000,1.0000088838e-03,5.4099127329e-01
520.900000,9.9942055965e-04,5.5027299144e-01
520.950000,9.9798012986e-04,5.2045943285e-01
521.000000,1.0011998999e-03,5.3880944175e-01
521.050000,9.9980537774e-04,5.7499957566e-01
521.100000,9.9999173920e-04,5.5806720504e-01
521.150000,9.9898503222e-04,5.2307551881e-01
521.200000,9.9853941358e-04,5.4147665636e-01
521.250000,9.9933464931e-04,5.3345115060e-01
521.300000,9.9957479995e-04,5.7699283889e-01
521.350000,1.0025950400e-03,4.9676147571e-01
521.400000,9.9922391056e-04,5.3726614855e-01
521.450000,1.0008610889e-03,5.3658070913e-01
521.500000,9.9894496510e-04,5.6756003630e-01
521.550000,9.9853634220e-04,5.5652194217e-01
521.600000,1.0013974167e-03,5.5302568066e-01
521.650000,1.0009272874e-03,5.7414799000e-01
521.700000,1.0009568780e-03,5.4132372561e-01
521.750000,9.9923827611e-04,5.3073865352e-01
521.800000,1.0008564276e-03,5.1724996439e-01
521.850000,1.0003511664e-03,5.4399207727e-01
521.900000,9.9986725967e-04,6.1131824150e-01
521.950000,1.0008205746e-03,5.5675645543e-01
522.000000,1.0029698286e-03,5.0977936444e-01
522.050000,9.9866324945e-04,5.4056894886e-01
522.100000,9.9883790429e-04,5.5046808681e-01
522.150000,9.9870525187e-04,5.6170577878e-01
522.200000,1.0009158668e-03,5.4509651616e-01
522.250000,1.0002099138e-03,5.2748306305e-01
522.300000,1.0000953943e-03,5.2471859942e-01
522.350000,9.9867791444e-04,5.2635310827e-01
522.400000,9.9987900545e-04,5.5807057229e-01
522.450000,9.9945720102e-04,5.4579973022e-01
522.500000,9.9936148379e-04,5.5117358878e-01
522.550000,9.9827200542e-04,4.8691277874e-01
522.600000,1.0002856524e-03,5.2847515318e-01
522.650000,1.0015651602e-03,5.0069406727e-01
522.700000,1.0004598840e-03,5.5293572214e-01
522.750000,1.0010028064e-03,5.4166687786e-01
522.800000,9.9970131787e-04,5.1839328082e-01
522.850000,9.9860634301e-04,5.4128517920e-01
522.900000,1.0008132664e-03,5.4711404611e-01
522.950000,9.9898521246e-04,5.0500456703e-01
523.000000,1.0001729941e-03,5.0422561440e-01
523.050000,1.0001610445e-03,5.2531782349e-01
523.100000,9.9952645458e-04,4.9240207712e-01
523.150000,9.9867106344e-04,5.9178111146e-01
523.200000,9.9970011696e-04,5.1654763852e-01
523.250000,9.9978261743e-04,5.8100094620e-01
523.300000,9.9896108663e-04,5.9525298594e-01
523.350000,9.9988012852e-04,5.6529697803e-01
523.400000,9.9921786188e-04,5.8352576088e-01
523.450000,9.9851146192e-04,5.1406001328e-01
523.500000,9.9935848485e-04,5.1582923901e-01
523.550000,9.9965945898e-04,5.4844265851e-01
523.600000,1.0003530551e-03,5.4038220048e-01
523.650000,1.0007200618e-03,5.4362296271e-01
523.700000,1.0009995671e-03,5.6822700769e-01
523.750000,9.9844884138e-04,5.7836920545e-01
523.800000,9.9979695358e-04,4.9505856438e-01
523.850000,1.0013942776e-03,5.6767434662e-01
523.900000,9.9941832959e-04,5.6690839829e-01
523.950000,9.9754021562e-04,5.3389298164e-01
524.000000,9.9950500272e-04,5.0086693463e-01
524.050000,9.9901997105e-04,5.3011460369e-01
524.100000,1.0006902498e-03,5.4975431939e-01
524.150000,9.9966408660e-04,5.6723674394e-01
524.200000,1.0005792024e-03,5.3514746750e-01
524.250000,9.9952868913e-04,5.5400889277e-01
524.300000,1.0024142113e-03,5.3134157191e-01
524.350000,9.9972284349e-04,5.2239421213e-01
524.400000,1.0003216538e-03,5.6666251726e-01
524.450000,9.9960897039e-04,5.4282996370e-01
524.500000,9.9972266973e-04,5.3353156752e-01
524.550000,1.0012718448e-03,5.2772236611e-01
524.600000,1.0018693931e-03,5.2327367894e-01
524.650000,1.0019854022e-03,5.1470673592e-01
524.700000,1.0005218586e-03,5.6628581932e-01
524.750000,9.9865575754e-04,5.2979730508e-01
524.800000,9.9956221440e-04,5.3220666710e-01
524.850000,1.0005036691e-03,5.4307679457e-01
524.900000,9.9776128434e-04,5.6630514381e-01
524.950000,9.9912559657e-04,5.8415295921e-01
525.000000,1.0007983642e-03,5.0653003945e-01
525.050000,9.9969400154e-04,5.9519497082e-01
525.100000,9.9847572330e-04,5.3842811324e-01
525.150000,1.0010611989e-03,5.9843322390e-01
525.200000,9.9876953324e-04,6.0150455667e-01
525.250000,9.9796037346e-04,5.1948988798e-01
525.300000,1.0002998489e-03,5.1126333237e-01
525.350000,1.0000942065e-03,5.4871682609e-01
525.400000,9.9927099553e-04,5.0480652667e-01
525.450000,1.0001555897e-03,5.6504692582e-01
525.500000,9.9989489426e-04,4.7928747199e-01
525.550000,9.9992587478e-04,5.1919852631e-01
525.600000,9.9988078596e-04,5.7885247625e-01
525.650000,1.0008754184e-03,5.7503326114e-01
525.700000,9.9909611872e-04,5.5336148818e-01
525.750000,9.9957267913e-04,5.5825167406e-01
525.800000,9.9979121439e-04,5.6306936638e-01
525.850000,9.9843961415e-04,5.8243119110e-01
525.900000,9.9913366106e-04,5.1084334725e-01
525.950000,9.9900992151e-04,5.3366964634e-01
526.000000,1.0000143229e-03,4.5511558735e-01
526.050000,9.9968315038e-04,5.5081859460e-01
526.100000,9.9894712302e-04,5.4936186484e-01
526.150000,9.9924902439e-04,5.3773532416e-01
526.200000,1.0020746015e-03,5.0097007602e-01
526.250000,1.0010361475e-03,5.0836179626e-01
526.300000,9.9987241922e-04,5.1935546406e-01
526.350000,1.0001723623e-03,5.4305240539e-01
526.400000,1.0002585498e-03,5.1779794191e-01
526.450000,9.9974223306e-04,5.4641247500e-01
526.500000,9.9992651607e-04,5.6202770214e-01
526.550000,9.9986452157e-04,5.9676261324e-01
526.600000,1.0022385057e-03,5.3986772696e-01
526.650000,9.9861074069e-04,5.6306784387e-01
526.700000,9.9992893111e-04,5.5862189253e-01
526.750000,1.0000432606e-03,5.3143579789e-01
526.800000,1.0004088613e-03,5.4801397519e-01
526.850000,9.9856990675e-04,5.7780950560e-01
526.900000,1.0009584685e-03,5.6770426132e-01
526.950000,9.9892182660e-04,5.2560994343e-01
527.000000,1.0003034053e-03,5.3921833801e-01
527.050000,9.9747806231e-04,5.5049816506e-01
527.100000,9.9988000458e-04,4.5809902908e-01
527.150000,1.0002299408e-03,5.4973041303e-01
527.200000,1.0008427232e-03,4.6325527110e-01
527.250000,1.0011149604e-03,5.3520409645e-01
527.300000,1.0003239592e-03,5.3824391228e-01
527.350000,1.0007044467e-03,5.0582218029e-01
527.400000,1.0009187189e-03,5.3956046922e-01
527.450000,1.0006680224e-03,5.5311255933e-01
527.500000,1.0000476518e-03,5.1964155037e-01
527.550000,1.0004974512e-03,5.1555660593e-01
527.600000,9.9955421027e-04,5.5648903859e-01
527.650000,1.0007418954e-03,5.4902740775e-01
527.700000,9.9925094633e-04,5.3838539240e-01
527.750000,1.0008158999e-03,5.2657016308e-01
527.800000,1.0012193854e-03,5.5719262338e-01
527.850000,9.9877527913e-04,4.9998976014e-01
527.900000,1.0004864154e-03,5.2552165807e-01
527.950000,1.0007250711e-03,5.2059907709e-01
528.000000,1.0012958301e-03,5.7361642450e-01
528.050000,1.0001466274e-03,5.3601072257e-01
528.100000,1.0005787265e-03,5.2177158340e-01
528.150000,1.0015549970e-03,5.8478685097e-01
528.200000,9.9844568176e-04,5.6371877545e-01
528.250000,9.9903115376e-04,5.7036660906e-01
528.300000,9.9959418234e-04,5.6447420864e-01
528.350000,9.9872339519e-04,5.4673096664e-01
528.400000,9.9985550960e-04,5.2060788899e-01
528.450000,1.0012551483e-03,5.0251539172e-01
528.500000,9.9892637080e-04,5.0890133923e-01
528.550000,1.0001248239e-03,5.8166956769e-01
528.600000,9.9977060772e-04,5.6087809861e-01
528.650000,9.9984381140e-04,5.5395589745e-01
528.700000,1.0001536571e-03,5.1848994666e-01
528.750000,9.9958762446e-04,5.9737439976e-01
528.800000,1.0001839954e-03,5.3695613805e-01
528.850000,9.9934879855e-04,4.9083927092e-01
528.900000,9.9869361195e-04,5.1275220702e-01
528.950000,9.9922106061e-04,5.5993121147e-01
529.000000,9.9872773935e-04,5.4976873968e-01
529.050000,1.0010345226e-03,5.8267708840e-01
529.100000,9.9949782042e-04,5.4816133468e-01
529.150000,1.0002717960e-03,5.2061305428e-01
529.200000,1.0003396614e-03,5.5429621935e-01
529.250000,9.9861955587e-04,5.5211620254e-01
529.300000,9.9998179955e-04,5.3633520529e-01
529.350000,9.9995948469e-04,5.2146101555e-01
529.400000,1.0012240906e-03,5.3423108880e-01
529.450000,1.0020427804e-03,5.5007955815e-01
529.500000,9.9997600354e-04,5.3245646285e-01
529.550000,1.0000059344e-03,5.6250869545e-01
529.600000,1.0003167164e-03,5.3482289231e-01
529.650000,1.0001786741e-03,5.1400408098e-01
529.700000,1.0002512961e-03,5.6392999552e-01
529.750000,1.0000217310e-03,5.6686196772e-01
529.800000,1.0000271486e-03,5.3150705954e-01
529.850000,1.0002977437e-03,5.8083989783e-01
529.900000,9.9881254743e-04,5.1045258341e-01
529.950000,9.9988748336e-04,5.1384965757e-01
530.000000,9.9972190531e-04,5.0054378186e-01
530.050000,1.0009011215e-03,5.3028296210e-01
530.100000,9.9987329581e-04,5.1350896742e-01
530.150000,9.9958144849e-04,5.8784985120e-01
530.200000,1.0016909008e-03,5.3007038170e-01
530.250000,9.9902621592e-04,5.2030935777e-01
530.300000,1.0006937594e-03,6.1956691898e-01
530.350000,9.9942341394e-04,4.9698813527e-01
530.400000,9.9967427674e-04,5.7742804850e-01
530.450000,9.9965755247e-04,5.2913761012e-01
530.500000,1.0008229380e-03,5.4581958668e-01
530.550000,1.0006063780e-03,5.3441301736e-01
530.600000,1.0003686656e-03,5.7151846725e-01
530.650000,1.0003208705e-03,5.2448090304e-01
530.700000,1.0000952156e-03,5.8666639815e-01
530.750000,1.0000104685e-03,5.5628583072e-01
530.800000,1.0000150983e-03,5.3392976699e-01
530.850000,9.9864373935e-04,5.1839303949e-01
530.900000,9.9998869768e-04,5.3606266054e-01
530.950000,1.0002447568e-03,5.2944564088e-01
531.000000,1.0015533645e-03,5.2834999745e-01
531.050000,1.0001508368e-03,5.1472384387e-01
531.100000,9.9954366017e-04,5.7418186367e-01
531.150000,9.9824929376e-04,5.1548221135e-01
531.200000,9.9830421755e-04,5.6124097357e-01
531.250000,9.9954147918e-04,5.2695580556e-01
531.300000,9.9966843233e-04,5.0260701029e-01
531.350000,9.9970597406e-04,5.6051622488e-01
531.400000,1.0002974715e-03,5.1325597689e-01
531.450000,1.0005073547e-03,5.1768692719e-01
531.500000,1.0004456054e-03,5.7911291810e-01
531.550000,9.9849341327e-04,5.6666472062e-01
531.600000,1.0009811963e-03,5.3423471141e-01
531.650000,9.9944180632e-04,5.5440669413e-01
531.700000,9.9974298914e-04,5.2428767168e-01
531.750000,9.9918882922e-04,5.2630828005e-01
531.800000,9.9908508566e-04,5.8864686173e-01
531.850000,9.9881667049e-04,5.1907631939e-01
531.900000,9.9878558127e-04,5.7502779799e-01
531.950000,1.0016463796e-03,5.0960369296e-01
532.000000,9.9947564497e-04,5.4922351910e-01
532.050000,9.9930628286e-04,5.5320228791e-01
532.100000,1.0001307146e-03,5.1382142391e-01
532.150000,1.0001142166e-03,5.0705772433e-01
532.200000,9.9871558946e-04,5.9065372897e-01
532.250000,9.9900291406e-04,5.7948838386e-01
532.300000,9.9992264944e-04,5.1353618475e-01
532.350000,9.9989711773e-04,5.4952831163e-01
532.400000,1.0004704962e-03,5.1354543931e-01
532.450000,1.0016678411e-03,5.1577603226e-01
532.500000,1.0004430153e-03,5.4291615191e-01
532.550000,1.0007111980e-03,5.1782207151e-01
532.600000,1.0010673185e-03,5.7336652306e-01
532.650000,1.0015090569e-03,5.5086914461e-01
532.700000,1.0000773199e-03,5.3162991982e-01
532.750000,1.0003149524e-03,5.9265610197e-01
532.800000,1.0009373752e-03,5.4626551580e-01
532.850000,9.9907343162e-04,5.7993401184e-01
532.900000,9.9881607664e-04,5.1463345585e-01
532.950000,1.0006951753e-03,5.1912435003e-01
533.000000,1.0008045377e-03,5.3243947044e-01
533.050000,9.9994110184e-04,5.2551376762e-01
533.100000,9.9958115267e-04,5.5840842122e-01
533.150000,9.9888129658e-04,5.6012128650e-01
533.200000,9.9928654483e-04,5.7904401010e-01
533.250000,9.9825595728e-04,5.4224385411e-01
533.300000,9.9973427800e-04,5.9982098447e-01
533.350000,1.0000688059e-03,5.4330460841e-01
533.400000,1.0008888167e-03,5.3578565956e-01
533.450000,1.0008881619e-03,5.1615921312e-01
533.500000,9.9848404891e-04,5.2602282386e-01
533.550000,1.0003630754e-03,5.4544973628e-01
533.600000,1.0002944494e-03,5.8219480615e-01
533.650000,9.9876696636e-04,5.3911157348e-01
533.700000,9.9930120454e-04,5.4866352853e-01
533.750000,9.9928343736e-04,5.5417874342e-01
533.800000,1.0000339657e-03,5.7445824010e-01
533.850000,1.0003818250e-03,5.4328916199e-01
533.900000,1.0020540816e-03,4.9993781711e-01
533.950000,1.0014530273e-03,5.9431890408e-01
534.000000,9.9980687297e-04,5.6171391789e-01
534.050000,9.9993672538e-04,5.2351065354e-01
534.100000,1.0010405929e-03,5.3589951920e-01
534.150000,1.0007322338e-03,5.2910030145e-01
534.200000,1.0005905890e-03,5.5147660228e-01
534.250000,9.9936804186e-04,5.8608679584e-01
534.300000,9.9920982913e-04,5.2363071550e-01
534.350000,9.9946611090e-04,5.3601326974e-01
534.400000,9.9877591866e-04,5.3636253918e-01
534.450000,1.0010587845e-03,6.0560141169e-01
534.500000,1.0008816885e-03,5.1066936513e-01
534.550000,9.9987881521e-04,5.4910186344e-01
534.600000,1.0009436652e-03,5.1728331565e-01
534.650000,1.0003911015e-03,5.9044976721e-01
534.700000,1.0008684002e-03,5.3286330729e-01
534.750000,1.0016878931e-03,5.3757686636e-01
534.800000,1.0015365913e-03,5.5565185999e-01
534.850000,9.9970282111e-04,5.4843399064e-01
534.900000,1.0013799944e-03,5.6148314059e-01
534.950000,9.9983392725e-04,5.3140766485e-01
535.000000,9.9964313770e-04,5.7148557522e-01
535.050000,9.9975966641e-04,5.4253436460e-01
535.100000,9.9906414988e-04,5.4781926648e-01
535.150000,1.0016795049e-03,5.9083932621e-01
535.200000,1.0008212201e-03,5.3687768798e-01
535.250000,9.9893925161e-04,5.5250692863e-01
535.300000,9.9862649693e-04,5.5743116204e-01
535.350000,1.0009251829e-03,5.5724345950e-01
535.400000,9.9880347749e-04,5.8931907826e-01
535.450000,9.9951433489e-04,5.2133839126e-01
535.500000,1.0000820485e-03,5.7766851808e-01
535.550000,1.0002442222e-03,5.5493756864e-01
535.600000,1.0015438566e-03,5.3439165530e-01
535.650000,9.9938284129e-04,5.9362358832e-01
535.700000,9.9861834425e-04,5.4745268312e-01
535.750000,9.9985608675e-04,5.2744512476e-01
535.800000,1.0006744045e-03,5.6127254383e-01
535.850000,1.0002989979e-03,5.6896085492e-01
535.900000,1.0000186108e-03,5.8847584273e-01
535.950000,1.0012032982e-03,5.1685173473e-01
536.000000,1.0004760695e-03,5.5984475012e-01
536.050000,9.9863052567e-04,5.6885732621e-01
536.100000,9.9981401068e-04,5.6230579405e-01
536.150000,9.9895089219e-04,5.8841979423e-01
536.200000,1.0000752943e-03,5.8574789692e-01
536.250000,1.0016748306e-03,5.3605538553e-01
536.300000,1.0002851087e-03,5.5123276428e-01
536.350000,1.0009754414e-03,5.2799405994e-01
536.400000,1.0005022679e-03,5.7041357396e-01
536.450000,1.0004758099e-03,5.4312982387e-01
536.500000,1.0000738555e-03,5.4362750435e-01
536.550000,1.0009958940e-03,5.7258034620e-01
536.600000,1.0009980540e-03,5.1605159696e-01
536.650000,1.0014827942e-03,5.1399070959e-01
536.700000,1.0000593688e-03,5.2943541143e-01
536.750000,1.0006468752e-03,5.3169708474e-01
536.800000,9.9894840248e-04,5.2113261403e-01
536.850000,1.0009903663e-03,5.4241719445e-01
536.900000,9.9993435668e-04,5.2712988603e-01
536.950000,1.0004271219e-03,5.5293406583e-01
537.000000,9.9798124403e-04,5.6581890585e-01
537.050000,9.9920920504e-04,5.8017662124e-01
537.100000,1.0009839093e-03,5.3079587434e-01
537.150000,9.9940184400e-04,4.9900592958e-01
537.200000,1.0000836078e-03,5.2224700505e-01
537.250000,9.9925279456e-04,5.0389183533e-01
537.300000,1.0007387810e-03,5.2568966822e-01
537.350000,9.9917378635e-04,5.6417052059e-01
537.400000,9.9892325512e-04,5.3113010995e-01
537.450000,1.0020091811e-03,5.3581241602e-01
537.500000,1.0002418521e-03,5.3477229704e-01
537.550000,1.0001076257e-03,5.2427916937e-01
537.600000,9.9937875791e-04,4.9867599366e-01
537.650000,9.9947200557e-04,5.4752474189e-01
537.700000,1.0004253180e-03,5.7308976736e-01
537.750000,9.9887431330e-04,5.4204793164e-01
537.800000,1.0009446419e-03,4.9545286081e-01
537.850000,1.0011386279e-03,5.7131533225e-01
537.900000,1.0004913489e-03,5.6637403984e-01
537.950000,1.0004935368e-03,5.7925513534e-01
538.000000,9.9926124491e-04,5.9413996692e-01
538.050000,9.9818810302e-04,5.3422707799e-01
538.100000,1.0000656268e-03,5.6578811628e-01
538.150000,1.0010077703e-03,6.0236539915e-01
538.200000,1.0011988891e-03,5.0305416113e-01
538.250000,9.9919428844e-04,5.1754829748e-01
538.300000,9.9959937323e-04,5.3310749088e-01
538.350000,1.0006581393e-03,5.2076372634e-01
538.400000,1.0005435004e-03,5.1035383695e-01
538.450000,9.9877720851e-04,5.5418869518e-01
538.500000,1.0012530508e-03,5.4890874857e-01
538.550000,1.0010694653e-03,5.2263152970e-01
538.600000,9.9828986505e-04,5.5753785387e-01
538.650000,9.9969749647e-04,5.3659483635e-01
538.700000,1.0001773378e-03,5.4444882156e-01
538.750000,1.0005394226e-03,5.1067700203e-01
538.800000,1.0005589932e-03,5.2987013194e-01
538.850000,9.9951677010e-04,5.0762289886e-01
538.900000,1.0007969209e-03,5.0824280039e-01
538.950000,9.9953244022e-04,5.2746467645e-01
539.000000,1.0011551375e-03,5.2452299320e-01
539.050000,1.0019061681e-03,5.0967244521e-01
539.100000,9.9905182907e-04,4.9606110434e-01
539.150000,1.0003481613e-03,5.2649163048e-01
539.200000,9.9853287163e-04,5.2205849534e-01
539.250000,1.0010714786e-03,5.4019080239e-01
539.300000,1.0002665834e-03,5.6861576938e-01
539.350000,1.0020018250e-03,5.9375113466e-01
539.400000,1.0011212105e-03,5.1664903527e-01
539.450000,9.9992673460e-04,5.2020734023e-01
539.500000,9.9992978673e-04,5.6398490453e-01
539.550000,9.9982603237e-04,5.4825070264e-01
539.600000,9.9847650320e-04,5.7606364521e-01
539.650000,1.0002696068e-03,5.4308306722e-01
539.700000,1.0010961536e-03,5.8884337751e-01
539.750000,1.0001718068e-03,5.2380673865e-01
539.800000,1.0001279159e-03,5.4291428167e-01
539.850000,1.0005614091e-03,5.8456012127e-01
539.900000,1.0001819349e-03,5.4669828613e-01
539.950000,9.9994975755e-04,5.7039161047e-01
540.000000,1.0005381982e-03,5.4978095429e-01
540.050000,1.0006115588e-03,5.7418452105e-01
540.100000,9.9982450057e-04,5.4795752461e-01
540.150000,1.0000855556e-03,5.5237338417e-01
540.200000,1.0013617203e-03,5.7207223451e-01
540.250000,1.0010347265e-03,5.4911537473e-01
540.300000,1.0003495431e-03,5.3754466609e-01
540.350000,1.0004173782e-03,6.0410907532e-01
540.400000,9.9899165982e-04,5.2217623653e-01
540.450000,1.0027059032e-03,5.2091994718e-01
540.500000,9.9956260657e-04,5.2572883632e-01
540.550000,1.0000299196e-03,5.4419958704e-01
540.600000,9.9867741568e-04,5.2560456548e-01
540.650000,9.9996232947e-04,5.1560127009e-01
540.700000,1.0025415080e-03,5.7708015264e-01
540.750000,1.0008198351e-03,5.4033296571e-01
540.800000,1.0005017681e-03,5.5047986890e-01
540.850000,1.0016764236e-03,5.8201886251e-01
540.900000,1.0006379193e-03,5.6243932668e-01
540.950000,9.9950954261e-04,5.4435055156e-01
541.000000,9.9990561260e-04,5.5167687260e-01
541.050000,9.9888008341e-04,4.7776991400e-01
541.100000,1.0029760936e-03,5.7802919129e-01
541.150000,9.9950537336e-04,5.3345935345e-01
541.200000,9.9903179419e-04,5.4443878538e-01
541.250000,9.9880506215e-04,5.5341786200e-01
541.300000,1.0001779978e-03,5.0464775215e-01
541.350000,9.9889583139e-04,5.3805068922e-01
541.400000,1.0001492678e-03,5.5881480336e-01
541.450000,1.0003864206e-03,5.6865811205e-01
541.500000,1.0001967995e-03,5.0833833391e-01
541.550000,1.0001708903e-03,5.7918769749e-01
541.600000,9.9907806319e-04,5.0376173892e-01
541.650000,9.9935792465e-04,5.3051666318e-01
541.700000,9.9926473070e-04,5.0446096175e-01
541.750000,9.9857761291e-04,5.6025499683e-01
541.800000,9.9996274400e-04,5.1047316867e-01
541.850000,9.9876511197e-04,6.1604048081e-01
541.900000,9.9658280643e-04,5.0584979086e-01
541.950000,1.0000317401e-03,5.2904463256e-01
542.000000,9.9930358496e-04,5.2308778384e-01
542.050000,1.0017948430e-03,5.3038720574e-01
542.100000,1.0004982962e-03,5.4602577855e-01
542.150000,1.0009906661e-03,5.8450323813e-01
542.200000,1.0010332948e-03,5.0793248610e-01
542.250000,1.0000111615e-03,5.5215042304e-01
542.300000,9.9832711028e-04,5.0412417818e-01
542.350000,1.0002388456e-03,5.5403060520e-01
542.400000,1.0008542895e-03,5.9531236895e-01
542.450000,1.0006884765e-03,6.3753054042e-01
542.500000,1.0007103061e-03,5.6953587269e-01
542.550000,1.0009413568e-03,5.6053831763e-01
542.600000,1.0001249797e-03,4.9925041838e-01
542.650000,9.9866527884e-04,5.2238301389e-01
542.700000,1.0006066872e-03,5.3813614179e-01
542.750000,9.9581351774e-04,5.7490336619e-01
542.800000,1.0008631869e-03,5.9592488234e-01
542.850000,9.9885249197e-04,5.8753034712e-01
542.900000,9.9911941229e-04,5.6202436580e-01
542.950000,1.0002663383e-03,5.2963372618e-01
543.000000,1.0017688137e-03,5.6031415613e-01
543.050000,9.9965192807e-04,5.0733321423e-01
543.100000,1.0010374746e-03,5.3287227432e-01
543.150000,1.0012292250e-03,5.7110890480e-01
543.200000,1.0006306463e-03,5.3020744604e-01
543.250000,9.9960882384e-04,5.5006962923e-01
543.300000,1.0007331260e-03,5.3735714214e-01
543.350000,1.0014297915e-03,5.6563625479e-01
543.400000,9.9990041421e-04,4.6507339406e-01
543.450000,9.9979741850e-04,5.3246653733e-01
543.500000,9.9923727377e-04,5.1460068106e-01
543.550000,9.9961449573e-04,5.6841214072e-01
543.600000,9.9986752861e-04,5.6668215682e-01
543.650000,1.0004682749e-03,5.3277874476e-01
543.700000,9.9962700885e-04,5.7071633052e-01
543.750000,9.9976159504e-04,5.8083667275e-01
543.800000,9.9899234331e-04,5.7683974062e-01
543.850000,9.9877648189e-04,5.5368355738e-01
543.900000,1.0004237632e-03,5.0755666140e-01
543.950000,9.9972273051e-04,5.4611483750e-01
544.000000,1.0016674974e-03,5.8329929480e-01
544.050000,9.9975197801e-04,5.4514514559e-01
544.100000,1.0008150587e-03,5.6798980512e-01
544.150000,1.0004334344e-03,5.0493433688e-01
544.200000,9.9920811506e-04,5.3584674985e-01
544.250000,1.0000131180e-03,6.0046081981e-01
544.300000,1.0002689860e-03,6.0299440780e-01
544.350000,9.9917866268e-04,5.6131541190e-01
544.400000,1.0021941347e-03,5.3953826215e-01
544.450000,9.9953988415e-04,5.6963661413e-01
544.500000,9.9884829102e-04,4.8519737967e-01
544.550000,1.0000724611e-03,5.7706055608e-01
544.600000,9.9980374624e-04,6.0464206110e-01
544.650000,1.0010891493e-03,5.0217998895e-01
544.700000,1.0000776417e-03,5.1484062135e-01
544.750000,1.0002652930e-03,5.0421537396e-01
544.800000,1.0001907461e-03,5.4108292906e-01
544.850000,1.0007328105e-03,5.1951307067e-01
544.900000,9.9828875640e-04,5.4153853483e-01
544.950000,1.0014437669e-03,5.3900801852e-01
545.000000,1.0004048545e-03,5.6669579211e-01
545.050000,1.0004720159e-03,5.5118470758e-01
545.100000,1.0011825054e-03,5.9098512258e-01
545.150000,1.0001647491e-03,5.3690447250e-01
545.200000,9.9859452125e-04,4.9781409852e-01
545.250000,9.9940723870e-04,4.7495315019e-01
545.300000,1.0008199387e-03,5.6023387892e-01
545.350000,9.9879422911e-04,5.8303618501e-01
545.400000,9.9902424056e-04,5.3887447899e-01
545.450000,1.0014875853e-03,5.4149238358e-01
545.500000,9.9937475896e-04,5.4712714806e-01
545.550000,1.0016464455e-03,5.3484809433e-01
545.600000,1.0015888637e-03,5.5171710716e-01
545.650000,1.0004833257e-03,5.6175347935e-01
545.700000,1.0014621016e-03,5.3808135066e-01
545.750000,9.9975814908e-04,5.2317811359e-01
545.800000,9.9949585248e-04,5.3618561528e-01
545.850000,1.0008343263e-03,5.7755327527e-01
545.900000,9.9954588607e-04,5.1244943367e-01
545.950000,9.9898316816e-04,5.2408551250e-01
546.000000,9.9814437226e-04,5.1124664899e-01
546.050000,9.9908724774e-04,5.3190330094e-01
546.100000,1.0013228742e-03,5.4674350478e-01
546.150000,9.9946999688e-04,5.3878908627e-01
546.200000,1.0008830304e-03,5.5619202334e-01
546.250000,1.0010788999e-03,5.3768617338e-01
546.300000,9.9930627245e-04,5.4689247817e-01
546.350000,9.9966984320e-04,5.4286979561e-01
546.400000,1.0010141179e-03,5.3467021116e-01
546.450000,1.0002451879e-03,5.4603020378e-01
546.500000,1.0007556034e-03,5.8460840250e-01
546.550000,9.9985611280e-04,5.9206418985e-01
546.600000,9.9976800770e-04,5.7616603240e-01
546.650000,1.0010513492e-03,5.2282158484e-01
546.700000,1.0000976357e-03,5.2711281565e-01
546.750000,1.0005771289e-03,5.4527831940e-01
546.800000,1.0020715117e-03,5.3379091339e-01
546.850000,1.0010030680e-03,5.5999071798e-01
546.900000,9.9968945814e-04,5.5696279617e-01
546.950000,1.0006686013e-03,5.4167132393e-01
547.000000,9.9833774087e-04,5.2390201921e-01
547.050000,9.9917390373e-04,5.5097817824e-01
547.100000,9.9852268743e-04,5.5172041680e-01
547.150000,9.9922438989e-04,4.9662956235e-01
547.200000,1.0000634851e-03,5.0636053881e-01
547.250000,9.9967905054e-04,5.4965137878e-01
547.300000,9.9962703771e-04,5.2712181517e-01
547.350000,1.0003807417e-03,5.2538724537e-01
547.400000,9.9993685540e-04,5.5485198349e-01
547.450000,9.9878945223e-04,5.3934442068e-01
547.500000,1.0003144027e-03,5.6407983373e-01
547.550000,9.9842425836e-04,5.6289975450e-01
547.600000,9.9996601119e-04,5.2058569436e-01
547.650000,1.0008178513e-03,5.4595795016e-01
547.700000,1.0011122335e-03,5.2469671790e-01
547.750000,1.0005100778e-03,4.8696190174e-01
547.800000,9.9946862164e-04,5.1096166424e-01
547.850000,9.9983052664e-04,5.6295957753e-01
547.900000,9.9944542294e-04,4.9791148279e-01
547.950000,9.9895144577e-04,5.5810080277e-01
548.000000,9.9994739704e-04,5.4051809055e-01
548.050000,9.9948330805e-04,5.8508604246e-01
548.100000,1.0010009403e-03,5.3210279233e-01
548.150000,1.0004158353e-03,5.8904666999e-01
548.200000,9.9952601789e-04,5.7308816432e-01
548.250000,9.9988259231e-04,5.6745614122e-01
548.300000,1.0005477330e-03,5.5015161184e-01
548.350000,1.0012824102e-03,4.9618767346e-01
548.400000,9.9935174695e-04,5.1102047135e-01
548.450000,9.9916801567e-04,5.6352280111e-01
548.500000,9.9946767649e-04,5.2951694976e-01
548.550000,1.0006465504e-03,5.3805779897e-01
548.600000,1.0003005189e-03,5.4644923085e-01
548.650000,1.0003622151e-03,5.3113181980e-01
548.700000,1.0003733686e-03,5.2759990708e-01
548.750000,1.0004063236e-03,5.6650275698e-01
548.800000,9.9922685294e-04,5.6862723516e-01
548.850000,1.0023195042e-03,5.3307053673e-01
548.900000,9.9907472418e-04,5.4110222796e-01
548.950000,1.0003352795e-03,5.5337289356e-01
549.000000,9.9781616743e-04,5.2371060715e-01
549.050000,1.0011146986e-03,4.9568532423e-01
549.100000,9.9968537263e-04,5.2435183670e-01
549.150000,1.0006746518e-03,5.5875820840e-01
549.200000,1.0016246216e-03,5.6338697289e-01
549.250000,1.0015016983e-03,6.1014084902e-01
549.300000,9.9921708377e-04,5.3548084534e-01
549.350000,1.0001723510e-03,5.0940357118e-01
549.400000,1.0006360083e-03,5.7004463495e-01
549.450000,9.9983708194e-04,5.5133065061e-01
549.500000,9.9975300280e-04,5.6969007877e-01
549.550000,1.0012397610e-03,5.8552221873e-01
549.600000,9.9912303172e-04,5.5363252302e-01
549.650000,1.0015284013e-03,5.8001819312e-01
549.700000,9.9905095138e-04,5.4292947578e-01
549.750000,1.0009071200e-03,5.5114553362e-01
549.800000,1.0004508843e-03,5.4967046836e-01
549.850000,1.0005533721e-03,5.4409195684e-01
549.900000,9.9784497964e-04,5.5512195359e-01
549.950000,9.9810870979e-04,5.7926590239e-01
550.000000,1.0008625373e-03,5.2142618108e-01
550.050000,9.9841171416e-04,5.5603976606e-01
550.100000,1.0002889849e-03,5.3130399071e-01
550.150000,9.9869655099e-04,5.7550676070e-01
550.200000,1.0009826013e-03,5.0742950080e-01
550.250000,9.9981935774e-04,5.2809846855e-01
550.300000,1.0007988770e-03,5.7720773751e-01
550.350000,9.9912438345e-04,5.4302947546e-01
550.400000,1.0000340948e-03,5.7938054873e-01
550.450000,9.9994656931e-04,5.8969175886e-01
550.500000,9.9944533568e-04,5.1765607213e-01
550.550000,1.0010645443e-03,5.2777219713e-01
550.600000,1.0014065836e-03,5.3167194155e-01
550.650000,1.0003036459e-03,5.5675431420e-01
550.700000,1.0003694989e-03,5.3588296190e-01
550.750000,1.0012559629e-03,5.5979865067e-01
550.800000,1.0013648338e-03,5.4565631915e-01
550.850000,9.9708965269e-04,5.8020362915e-01
550.900000,9.9956683429e-04,5.7364749516e-01
550.950000,1.0007225874e-03,5.5113527822e-01
551.000000,1.0008846610e-03,5.4228549690e-01
551.050000,1.0005531171e-03,5.4137082756e-01
551.100000,1.0012182187e-03,5.6089801248e-01
551.150000,1.0001850843e-03,5.0028312423e-01
551.200000,9.9938992948e-04,4.7804524152e-01
551.250000,1.0005240593e-03,5.6615561248e-01
551.300000,1.0013176494e-03,5.5311364911e-01
551.350000,9.9998765995e-04,5.0797113617e-01
551.400000,9.9907656376e-04,4.9308272272e-01
551.450000,1.0003332627e-03,5.7246971048e-01
551.500000,1.0002464768e-03,5.4620415033e-01
551.550000,9.9905530978e-04,5.4005409623e-01
551.600000,9.9971908338e-04,5.6455927401e-01
551.650000,9.9972812989e-04,5.7677110558e-01
551.700000,1.0003890069e-03,5.2585740282e-01
551.750000,9.9881678840e-04,5.3974762086e-01
551.800000,1.0012391218e-03,5.2997765503e-01
551.850000,1.0010001245e-03,5.5281601071e-01
551.900000,9.9917198257e-04,4.8295774451e-01
551.950000,1.0003074421e-03,5.1678435289e-01
552.000000,9.9988731972e-04,4.8234487390e-01
552.050000,1.0003226032e-03,5.5651379442e-01
552.100000,1.0001840110e-03,5.7362407713e-01
552.150000,9.9856891727e-04,5.5189052460e-01
552.200000,1.0004804503e-03,5.7751079811e-01
552.250000,1.0005259679e-03,5.4273219673e-01
552.300000,9.9999836984e-04,5.4464397503e-01
552.350000,1.0000605827e-03,5.2935505493e-01
552.400000,9.9929270894e-04,5.3356231829e-01
552.450000,9.9901078746e-04,5.5439387780e-01
552.500000,9.9738778345e-04,5.6047912184e-01
552.550000,1.0010005759e-03,5.2124120601e-01
552.600000,1.0015552606e-03,5.1174125915e-01
552.650000,9.9957030060e-04,5.7512777369e-01
552.700000,1.0003057615e-03,5.7239742350e-01
552.750000,1.0010724963e-03,5.2769503796e-01
552.800000,9.9961412234e-04,5.2556344632e-01
552.850000,1.0007595226e-03,5.3375412436e-01
552.900000,1.0002581980e-03,5.3042425111e-01
552.950000,1.0002064634e-03,5.4015223419e-01
553.000000,9.9913701747e-04,5.0025754123e-01
553.050000,1.0004958993e-03,4.9784320211e-01
553.100000,9.9968871863e-04,5.3027366461e-01
553.150000,9.9861565583e-04,5.5327293794e-01
553.200000,1.0005582280e-03,5.2507050887e-01
553.250000,1.0006989240e-03,5.4228939925e-01
553.300000,9.9769320869e-04,5.4232763606e-01
553.350000,1.0003952596e-03,5.6707256039e-01
553.400000,9.9868812561e-04,5.3175290098e-01
553.450000,1.0003922183e-03,5.3407835104e-01
553.500000,1.0002649455e-03,5.8616261762e-01
553.550000,1.0000965826e-03,5.2667642225e-01
553.600000,1.0032900501e-03,5.5821992199e-01
553.650000,9.9898020414e-04,5.4805899046e-01
553.700000,9.9954766413e-04,5.7664060749e-01
553.750000,9.9942963017e-04,6.2547288702e-01
553.800000,9.9944410093e-04,5.1714301887e-01
553.850000,1.0005131499e-03,5.4697665214e-01
553.900000,9.9851430575e-04,5.9614485226e-01
553.950000,9.9925154726e-04,5.2499636239e-01
554.000000,9.9840546374e-04,5.4530168712e-01
554.050000,9.9878362280e-04,5.5649482097e-01
554.100000,1.0010551677e-03,5.3550564560e-01
554.150000,1.0020504158e-03,5.1511810103e-01
554.200000,9.9741724055e-04,5.4614942320e-01
554.250000,1.0009602431e-03,5.2892160784e-01
554.300000,1.0007046884e-03,5.2116684895e-01
554.350000,1.0001073083e-03,4.5861661422e-01
554.400000,9.9978265952e-04,5.2653123648e-01
554.450000,1.0000364733e-03,5.3387554468e-01
554.500000,1.0007095773e-03,5.5378112307e-01
554.550000,1.0006338099e-03,5.1282652356e-01
554.600000,1.0007356691e-03,5.6326372888e-01
554.650000,9.9739140873e-04,5.2160024375e-01
554.700000,1.0003438811e-03,5.2294020164e-01
554.750000,1.0009284623e-03,5.9090010797e-01
554.800000,9.9908629993e-04,4.7749655553e-01
554.850000,9.9972655154e-04,5.5479493498e-01
554.900000,1.0003484499e-03,5.5560441112e-01
554.950000,1.0002094687e-03,5.7462410117e-01
555.000000,1.0000920362e-03,5.1584724817e-01
555.050000,9.9916256085e-04,5.5528996859e-01
555.100000,1.0001287135e-03,5.1296362628e-01
555.150000,1.0002616170e-03,5.2895225733e-01
555.200000,9.9902272137e-04,5.7865307688e-01
555.250000,9.9907789108e-04,5.6105510890e-01
555.300000,1.0008075673e-03,5.6673796570e-01
555.350000,1.0003518277e-03,5.5451168322e-01
555.400000,1.0008565414e-03,5.3383935222e-01
555.450000,9.9833113353e-04,5.5234028710e-01
555.500000,9.9992899571e-04,5.7291566534e-01
555.550000,1.0001419275e-03,5.2345934926e-01
555.600000,1.0012523373e-03,6.0873896100e-01
555.650000,1.0015458498e-03,5.4508448782e-01
555.700000,1.0008511107e-03,5.3132890420e-01
555.750000,9.9875401534e-04,5.6371337436e-01
555.800000,9.9971525774e-04,5.7031480953e-01
555.850000,9.9986769996e-04,5.7264945355e-01
555.900000,9.9919484516e-04,5.3446412901e-01
555.950000,1.0001171886e-03,5.3537045620e-01
556.000000,1.0003529681e-03,5.5084411602e-01
556.050000,1.0004084007e-03,5.3279278977e-01
556.100000,9.9828377208e-04,5.1039700395e-01
556.150000,1.0005029717e-03,5.3887578139e-01
556.200000,9.9991174466e-04,5.7242462314e-01
556.250000,9.9947630729e-04,5.2229146044e-01
556.300000,1.0000799171e-03,5.4807311688e-01
556.350000,9.9996986290e-04,5.3123765280e-01
556.400000,1.0005683552e-03,5.6552124681e-01
556.450000,1.0015120329e-03,5.2127461428e-01
556.500000,9.9933051083e-04,6.2013703931e-01
556.550000,9.9956115659e-04,5.6193601938e-01
556.600000,1.0013192284e-03,5.2447418194e-01
556.650000,1.0012953889e-03,5.4668022733e-01
556.700000,1.0019437099e-03,5.3805467109e-01
556.750000,9.9963835552e-04,5.0516239264e-01
556.800000,9.9932541982e-04,5.3632870180e-01
556.850000,1.0007445098e-03,5.2961378861e-01
556.900000,9.9993937049e-04,5.5218058451e-01
556.950000,9.9903602082e-04,5.2746801929e-01
557.000000,1.0002300572e-03,5.3745610052e-01
557.050000,9.9991316946e-04,5.4223261967e-01
557.100000,9.9984133581e-04,5.4327983140e-01
557.150000,9.9988095213e-04,5.1637774540e-01
557.200000,1.0016362764e-03,5.4037811816e-01
557.250000,1.0002487455e-03,5.5151997786e-01
557.300000,9.9850341542e-04,5.8420232576e-01
557.350000,9.9940704690e-04,5.6527403124e-01
557.400000,9.9975463491e-04,5.6273259582e-01
557.450000,9.9887147151e-04,5.8061572644e-01
557.500000,9.9906249222e-04,5.6213865524e-01
557.550000,9.9957441941e-04,5.2998932566e-01
557.600000,1.0004087346e-03,5.3301335384e-01
557.650000,1.0001772755e-03,5.4740060012e-01
557.700000,9.9962732717e-04,5.5271039122e-01
557.750000,9.9942601826e-04,5.1099766410e-01
557.800000,1.0010628794e-03,5.7013228770e-01
557.850000,9.9894436906e-04,5.4712002502e-01
557.900000,1.0000768483e-03,5.6235896892e-01
557.950000,1.0012895250e-03,5.5530066695e-01
558.000000,1.0002713995e-03,5.2409841057e-01
558.050000,1.0002958260e-03,5.6936058699e-01
558.100000,1.0005101022e-03,5.4747286954e-01
558.150000,9.9989766856e-04,5.1936797039e-01
558.200000,1.0005462326e-03,5.5423867029e-01
558.250000,1.0011755646e-03,5.2834172483e-01
558.300000,1.0003648624e-03,5.5496104402e-01
558.350000,9.9937222331e-04,5.4595469162e-01
558.400000,1.0012023313e-03,5.1256045806e-01
558.450000,1.0004275076e-03,5.2040623178e-01
558.500000,1.0003951163e-03,5.8945952431e-01
558.550000,9.9946237868e-04,5.7393273651e-01
558.600000,9.9966643476e-04,4.8863253200e-01
558.650000,9.9976390367e-04,5.5580731634e-01
558.700000,9.9850111326e-04,5.7356730306e-01
558.750000,1.0006739384e-03,5.4777950451e-01
558.800000,9.9984642798e-04,5.6128895984e-01
558.850000,1.0021377403e-03,5.3612156568e-01
558.900000,9.9959801674e-04,5.2769633149e-01
558.950000,1.0010038825e-03,5.5272655739e-01
559.000000,1.0002604659e-03,5.4743762779e-01
559.050000,1.0002404229e-03,5.3712445456e-01
559.100000,1.0010217138e-03,5.7071492548e-01
559.150000,1.0002110434e-03,5.6896337243e-01
559.200000,1.0023588294e-03,5.3470120405e-01
559.250000,1.0001470351e-03,5.3599158144e-01
559.300000,1.0014247814e-03,5.7470933954e-01
559.350000,1.0002506397e-03,5.4360272411e-01
559.400000,9.9982631502e-04,5.7486419151e-01
559.450000,9.9973675946e-04,5.4827982592e-01
559.500000,1.0008987533e-03,5.2698346383e-01
559.550000,1.0008877401e-03,5.7588633400e-01
559.600000,9.9978017007e-04,5.0465160239e-01
559.650000,9.9933246260e-04,5.7555584033e-01
559.700000,9.9927349380e-04,5.1529811166e-01
559.750000,9.9896638274e-04,5.8373166121e-01
559.800000,9.9882527027e-04,5.2052197980e-01
559.850000,1.0008479584e-03,5.4692407705e-01
559.900000,9.9967898126e-04,5.4751129539e-01
559.950000,9.9908935726e-04,5.5629828545e-01
560.000000,1.0018170906e-03,5.5345796140e-01
560.050000,1.0003739045e-03,5.1477029323e-01
560.100000,9.9877461945e-04,5.3633820556e-01
560.150000,1.0007934056e-03,5.1157014005e-01
560.200000,9.9893467465e-04,5.2242557087e-01
560.250000,1.0000000958e-03,5.9272571249e-01
560.300000,9.9911975171e-04,5.0760423539e-01
560.350000,1.0001192366e-03,5.5991864850e-01
560.400000,9.9777827110e-04,5.4283144655e-01
560.450000,1.0007301290e-03,5.3983994958e-01
560.500000,1.0009121720e-03,5.5101888157e-01
560.550000,1.0009361192e-03,5.5820463729e-01
560.600000,1.0006413193e-03,5.3595036771e-01
560.650000,1.0003766177e-03,5.5004621186e-01
560.700000,1.0004344819e-03,5.0165450603e-01
560.750000,1.0003050877e-03,5.5742280626e-01
560.800000,1.0000577183e-03,5.1410242915e-01
560.850000,1.0015009874e-03,5.7784404310e-01
560.900000,1.0000241422e-03,5.2422782632e-01
560.950000,9.9913792476e-04,5.4222508073e-01
561.000000,9.9911801374e-04,5.8700673165e-01
561.050000,1.0012697854e-03,5.4906448069e-01
561.100000,1.0016717492e-03,5.5605071490e-01
561.150000,1.0004908751e-03,5.2933266574e-01
561.200000,9.9914116595e-04,5.4971462781e-01
561.250000,1.0001229438e-03,5.7023470196e-01
561.300000,1.0001539550e-03,5.5657046670e-01
561.350000,9.9977413757e-04,5.7694515298e-01
561.400000,9.9882073059e-04,5.7923330812e-01
561.450000,1.0017567898e-03,6.0585380510e-01
561.500000,1.0005554733e-03,5.0905853379e-01
561.550000,9.9822775451e-04,5.1638995402e-01
561.600000,9.9989014611e-04,5.1928313987e-01
561.650000,9.9971980474e-04,4.9978263039e-01
561.700000,1.0004414131e-03,4.8000969593e-01
561.750000,9.9933191681e-04,5.2310876905e-01
561.800000,9.9897291576e-04,5.7650494453e-01
561.850000,9.9914664027e-04,5.7219046773e-01
561.900000,9.9971850396e-04,5.4709883246e-01
561.950000,9.9992669869e-04,5.1721331764e-01
562.000000,1.0003649542e-03,4.8492334211e-01
562.050000,9.9965141654e-04,5.1434721681e-01
562.100000,1.0002256191e-03,5.2178052456e-01
562.150000,9.9888616794e-04,5.2251085713e-01
562.200000,9.9988936486e-04,5.2635686721e-01
562.250000,9.9935179774e-04,5.2275301649e-01
562.300000,9.9979846443e-04,5.4270235694e-01
562.350000,9.9933202533e-04,5.4892675051e-01
562.400000,9.9895067944e-04,5.5139599142e-01
562.450000,1.0005385813e-03,5.4901040671e-01
562.500000,1.0008585878e-03,5.5920935371e-01
562.550000,1.0008533291e-03,5.4729081604e-01
562.600000,9.9973694958e-04,5.2618116109e-01
562.650000,9.9961992105e-04,5.2341862210e-01
562.700000,9.9966587992e-04,5.1018021652e-01
562.750000,1.0025758552e-03,5.3351705088e-01
562.800000,9.9910908288e-04,5.3780057503e-01
562.850000,1.0008819181e-03,5.5888095261e-01
562.900000,1.0007547839e-03,5.3782387972e-01
562.950000,9.9939988531e-04,5.6729193116e-01
563.000000,9.9831514382e-04,4.8036904076e-01
563.050000,1.0010400924e-03,5.9466617429e-01
563.100000,9.9989390125e-04,5.4130749431e-01
563.150000,1.0013200869e-03,5.6576984580e-01
563.200000,9.9889962737e-04,5.4114963748e-01
563.250000,1.0006841714e-03,5.3845437715e-01
563.300000,9.9852503340e-04,5.2383306465e-01
563.350000,9.9854723245e-04,5.7730481091e-01
563.400000,9.9972446812e-04,5.1256878682e-01
563.450000,9.9833792530e-04,4.9608727924e-01
563.500000,9.9939511385e-04,5.3476055476e-01
563.550000,1.0015937723e-03,5.3523504439e-01
563.600000,9.9898455145e-04,5.2345146326e-01
563.650000,1.0012457137e-03,5.1767413000e-01
563.700000,9.9888063122e-04,5.4838045888e-01
563.750000,1.0011551806e-03,5.0555277180e-01
563.800000,9.9893868097e-04,5.0479376799e-01
563.850000,9.9928403613e-04,5.6746758712e-01
563.900000,1.0000222386e-03,6.2210766691e-01
563.950000,1.0009180635e-03,5.7940644533e-01
564.000000,9.9973046958e-04,5.3015451241e-01
564.050000,9.9938310787e-04,5.7210617924e-01
564.100000,9.9887516744e-04,6.1897119572e-01
564.150000,1.0002169837e-03,5.0889316596e-01
564.200000,1.0015232861e-03,5.4030734761e-01
564.250000,9.9851772043e-04,6.2581422511e-01
564.300000,1.0009923887e-03,5.4986099179e-01
564.350000,1.0008536722e-03,5.9904823412e-01
564.400000,9.9859514999e-04,5.7023015081e-01
564.450000,9.9957756995e-04,5.6356898956e-01
564.500000,1.0004289616e-03,5.3750542153e-01
564.550000,1.0002942308e-03,5.0890733116e-01
564.600000,1.0006633715e-03,5.5494580299e-01
564.650000,9.9948957629e-04,5.5818194729e-01
564.700000,1.0013288103e-03,5.7843787823e-01
564.750000,9.9851146860e-04,5.8704493449e-01
564.800000,9.9966379899e-04,5.5315463615e-01
564.850000,9.9958039204e-04,5.5777203543e-01
564.900000,9.9984363771e-04,5.4873877591e-01
564.950000,1.0005639970e-03,5.6529284536e-01
565.000000,9.9912121926e-04,5.5302085603e-01
565.050000,1.0014732816e-03,5.3053701787e-01
565.100000,9.9986863782e-04,5.3912060302e-01
565.150000,1.0004717689e-03,5.4076359935e-01
565.200000,9.9982541932e-04,5.0929304261e-01
565.250000,9.9861086986e-04,5.4727804603e-01
565.300000,9.9943923598e-04,5.5602818943e-01
565.350000,9.9965439998e-04,5.5795227219e-01
565.400000,1.0000392468e-03,5.3367568823e-01
565.450000,1.0004780082e-03,5.7500474412e-01
565.500000,1.0007925924e-03,5.4596150020e-01
565.550000,9.9934329801e-04,5.7067107981e-01
565.600000,9.9965499898e-04,5.5833678938e-01
565.650000,1.0016681252e-03,6.1250188111e-01
565.700000,9.9998592158e-04,5.8404953343e-01
565.750000,9.9872774090e-04,5.2872182084e-01
565.800000,9.9823907273e-04,5.4479009076e-01
565.850000,1.0005951025e-03,5.5653421691e-01
565.900000,1.0011855918e-03,5.0965946314e-01
565.950000,9.9972009355e-04,5.3703405619e-01
566.000000,1.0003931808e-03,5.4909498153e-01
566.050000,1.0000152425e-03,5.2538223692e-01
566.100000,9.9971008186e-04,5.3470052789e-01
566.150000,9.9941973948e-04,5.1837320046e-01
566.200000,1.0007878649e-03,5.7878268388e-01
566.250000,9.9929669216e-04,5.1177522488e-01
566.300000,9.9752380905e-04,5.4589615486e-01
566.350000,9.9966368933e-04,5.5873280566e-01
566.400000,1.0001119306e-03,5.2970988264e-01
566.450000,9.9826248156e-04,5.4331359727e-01
566.500000,9.9936533312e-04,5.8904794808e-01
566.550000,9.9880588157e-04,5.9895529887e-01
566.600000,1.0011328860e-03,5.7831277145e-01
566.650000,1.0000483802e-03,5.4216244015e-01
566.700000,1.0007741550e-03,4.8054746023e-01
566.750000,1.0002999043e-03,5.5933867404e-01
566.800000,1.0007333535e-03,5.6648142746e-01
566.850000,9.9989939398e-04,5.5312904572e-01
566.900000,9.9947640997e-04,5.6570847831e-01
566.950000,9.9926836572e-04,5.6781191086e-01
567.000000,9.9919183369e-04,5.2078164470e-01
567.050000,1.0020785584e-03,5.3748720230e-01
567.100000,1.0011780825e-03,5.2831244563e-01
567.150000,1.0008186898e-03,5.6119294580e-01
567.200000,1.0000553519e-03,5.6348414238e-01
567.250000,1.0005809668e-03,4.9435382809e-01
567.300000,9.9930563240e-04,5.1577436787e-01
567.350000,1.0008226984e-03,5.5812685588e-01
567.400000,1.0000424084e-03,5.6197880042e-01
567.450000,9.9892272274e-04,5.3144460216e-01
567.500000,1.0002341936e-03,5.5181869545e-01
567.550000,9.9832125224e-04,5.6771945953e-01
567.600000,9.9836961543e-04,5.6152637081e-01
567.650000,1.0003201240e-03,5.7220020585e-01
567.700000,9.9914980627e-04,5.3552562480e-01
567.750000,1.0013540763e-03,5.7919859544e-01
567.800000,1.0002131545e-03,5.2499355776e-01
567.850000,1.0003532186e-03,5.8527376406e-01
567.900000,1.0001709938e-03,5.2102115074e-01
567.950000,9.9974462386e-04,4.9741321460e-01
568.000000,9.9971530313e-04,5.2449850019e-01
568.050000,9.9870145466e-04,5.6626288615e-01
568.100000,9.9996690849e-04,5.5710734784e-01
568.150000,9.9789569063e-04,4.9682190418e-01
568.200000,9.9908089484e-04,5.9477936833e-01
568.250000,9.9930070879e-04,5.6619537204e-01
568.300000,9.9951283789e-04,5.4529479972e-01
568.350000,1.0005095541e-03,5.4970104108e-01
568.400000,1.0005324145e-03,5.2404258002e-01
568.450000,9.9847926445e-04,5.5250052341e-01
568.500000,1.0004321255e-03,5.4366741779e-01
568.550000,9.9996667890e-04,5.3572830794e-01
568.600000,9.9902438627e-04,5.7422633334e-01
568.650000,1.0005223187e-03,5.3098745209e-01
568.700000,1.0003340559e-03,4.8924457790e-01
568.750000,9.9850146772e-04,5.2015239304e-01
568.800000,9.9892662473e-04,5.2787795752e-01
568.850000,1.0002814411e-03,5.1283262781e-01
568.900000,9.9926412194e-04,5.4632836589e-01
568.950000,9.9900181448e-04,5.3551842372e-01
569.000000,1.0004953432e-03,5.2869597434e-01
569.050000,1.0001219049e-03,5.5896010281e-01
569.100000,1.0004500696e-03,5.1623635657e-01
569.150000,1.0009759674e-03,5.7533977687e-01
569.200000,1.0002442727e-03,5.4344945325e-01
569.250000,1.0024469003e-03,5.4464000777e-01
569.300000,9.9752271312e-04,5.6935049745e-01
569.350000,9.9920972051e-04,5.5833009212e-01
569.400000,9.9943252120e-04,5.0777621118e-01
569.450000,1.0004451722e-03,5.7075141895e-01
569.500000,1.0003937067e-03,5.4285192102e-01
569.550000,9.9973911107e-04,5.6407834458e-01
569.600000,9.9868195241e-04,5.2832871688e-01
569.650000,1.0003048336e-03,5.6341115859e-01
569.700000,9.9822085698e-04,4.6648761917e-01
569.750000,9.9876965736e-04,5.4898223272e-01
569.800000,1.0016942240e-03,5.4302214753e-01
569.850000,1.0003834533e-03,5.7275124688e-01
569.900000,9.9902662407e-04,5.9356567220e-01
569.950000,9.9807022947e-04,6.0473781283e-01
570.000000,1.0006508582e-03,5.6676198454e-01
570.050000,9.9813464050e-04,5.1775088210e-01
570.100000,9.9950544082e-04,5.5030176713e-01
570.150000,1.0016636881e-03,5.6439401300e-01
570.200000,1.0014068426e-03,5.3076005510e-01
570.250000,1.0000921594e-03,5.5855923507e-01
570.300000,9.9971715688e-04,5.1235531041e-01
570.350000,1.0000616796e-03,5.2960723836e-01
570.400000,9.9898734082e-04,4.9631899906e-01
570.450000,1.0017541614e-03,5.4300169232e-01
570.500000,1.0005657217e-03,5.8179181004e-01
570.550000,1.0011362111e-03,5.7719584119e-01
570.600000,9.9978422347e-04,5.8235326877e-01
570.650000,9.9916734515e-04,5.4967737183e-01
570.700000,1.0013863294e-03,5.2834717099e-01
570.750000,9.9960327334e-04,5.8777373080e-01
570.800000,1.0010141918e-03,5.0919216390e-01
570.850000,1.0011412871e-03,5.3655021984e-01
570.900000,9.9998837810e-04,6.0314361820e-01
570.950000,9.9998452222e-04,5.5000689021e-01
571.000000,9.9903010630e-04,5.1839328393e-01
571.050000,9.9806502201e-04,5.4348054347e-01
571.100000,1.0017910684e-03,5.1065229218e-01
571.150000,1.0001372459e-03,5.4459487004e-01
571.200000,1.0000039595e-03,5.6893935406e-01
571.250000,9.9952132734e-04,5.5643381229e-01
571.300000,1.0003155951e-03,5.5108613856e-01
571.350000,1.0002169028e-03,5.0769812949e-01
571.400000,9.9785557554e-04,5.1628166496e-01
571.450000,1.0009111604e-03,5.3196209281e-01
571.500000,1.0019855614e-03,5.3429961529e-01
571.550000,9.9964097792e-04,5.4839892709e-01
571.600000,1.0001076681e-03,4.7147024419e-01
571.650000,1.0001006773e-03,5.1430090383e-01
571.700000,1.0011875086e-03,5.3832666276e-01
571.750000,1.0000655837e-03,5.8604080531e-01
571.800000,1.0008406571e-03,5.1686102234e-01
571.850000,1.0008139628e-03,5.4719817276e-01
571.900000,1.0007247843e-03,6.0605078011e-01
571.950000,1.0006037485e-03,5.3616067576e-01
572.000000,1.0001486839e-03,5.8296943942e-01
572.050000,1.0005182677e-03,5.7229738358e-01
572.100000,1.0006497297e-03,5.4873637541e-01
572.150000,9.9810437623e-04,5.4371570347e-01
572.200000,9.9819895060e-04,5.4938162297e-01
572.250000,9.9882639113e-04,6.2667288651e-01
572.300000,9.9860293418e-04,5.0120033318e-01
572.350000,9.9885969840e-04,5.1691034262e-01
572.400000,9.9967375137e-04,5.5338197576e-01
572.450000,9.9950883157e-04,5.7120110135e-01
572.500000,1.0003098326e-03,5.6960453417e-01
572.550000,1.0002179204e-03,5.4138945087e-01
572.600000,1.0003930038e-03,5.4321311224e-01
572.650000,1.0001123446e-03,5.6332477356e-01
572.700000,9.9885152180e-04,5.1392942924e-01
572.750000,9.9820631551e-04,5.0041889876e-01
572.800000,1.0009781090e-03,5.5730848374e-01
572.850000,1.0016789340e-03,5.4629735953e-01
572.900000,9.9959545308e-04,5.2098484008e-01
572.950000,1.0005947224e-03,5.4640103118e-01
573.000000,1.0009358316e-03,5.5334578430e-01
573.050000,9.9902695140e-04,5.8095528535e-01
573.100000,9.9883423312e-04,4.9793413216e-01
573.150000,9.9902734359e-04,5.6042505426e-01
573.200000,1.0018545639e-03,5.5590019321e-01
573.250000,9.9978135986e-04,5.3429443033e-01
573.300000,1.0004873693e-03,5.0651610767e-01
573.350000,1.0006067742e-03,5.4502066655e-01
573.400000,9.9946637375e-04,5.4643381727e-01
573.450000,9.9870753984e-04,5.4770534536e-01
573.500000,9.9924927158e-04,5.0100898192e-01
573.550000,9.9969752351e-04,5.6570920067e-01
573.600000,9.9987852921e-04,5.5008901895e-01
573.650000,1.0001868346e-03,5.4604083430e-01
573.700000,1.0003084217e-03,5.1931965885e-01
573.750000,9.9982632078e-04,5.3641712775e-01
573.800000,9.9957980756e-04,5.0239438269e-01
573.850000,1.0003373630e-03,5.0863080795e-01
573.900000,1.0001583128e-03,5.2908334193e-01
573.950000,9.9983263050e-04,5.3251067547e-01
574.000000,9.9947428010e-04,5.3667152294e-01
574.050000,1.0002920274e-03,5.7235055162e-01
574.100000,9.9923863271e-04,5.5824468016e-01
574.150000,1.0013643480e-03,5.2229831201e-01
574.200000,9.9799876695e-04,5.4889654605e-01
574.250000,9.9860706807e-04,5.4061027843e-01
574.300000,9.9783516316e-04,5.4276872517e-01
574.350000,9.9919561515e-04,5.8043962216e-01
574.400000,1.0002491451e-03,5.1808568947e-01
574.450000,9.9982508679e-04,5.3829406775e-01
574.500000,9.9744388349e-04,5.2076050190e-01
574.550000,9.9744670607e-04,4.9366980137e-01
574.600000,1.0007087553e-03,5.1235746570e-01
574.650000,9.9859754522e-04,5.4791073307e-01
574.700000,9.9908275429e-04,4.9487868231e-01
574.750000,1.0010708599e-03,5.3907374909e-01
574.800000,9.9949656077e-04,5.8045085439e-01
574.850000,1.0012637554e-03,5.1926885515e-01
574.900000,9.9853190222e-04,5.4856801014e-01
574.950000,1.0008667031e-03,5.3055114364e-01
575.000000,9.9938901649e-04,5.4718462228e-01
575.050000,9.9885845978e-04,4.9467209436e-01
575.100000,9.9649156292e-04,5.6122972688e-01
575.150000,9.9951078943e-04,5.7201349890e-01
575.200000,9.9901312712e-04,4.7482147067e-01
575.250000,1.0011794303e-03,5.5618762008e-01
575.300000,9.9816305541e-04,5.2164377723e-01
575.350000,1.0010608241e-03,4.8969161501e-01
575.400000,9.9793407242e-04,5.6646960220e-01
575.450000,1.0004816462e-03,5.0046620828e-01
575.500000,1.0000949834e-03,5.6615313669e-01
575.550000,1.0000215142e-03,5.2131648028e-01
575.600000,1.0005300927e-03,5.6063778673e-01
575.650000,9.9953440575e-04,5.1843663792e-01
575.700000,9.9902614050e-04,5.5586760337e-01
575.750000,1.0003138742e-03,5.6012468805e-01
575.800000,9.9958297370e-04,5.5654878993e-01
575.850000,1.0003367128e-03,5.2201566348e-01
575.900000,1.0007101109e-03,5.4748637007e-01
575.950000,1.0010935055e-03,5.2771719130e-01
576.000000,9.9837504455e-04,5.4968313406e-01
576.050000,1.0008226677e-03,5.7040201371e-01
576.100000,9.9922031664e-04,5.0615556836e-01
576.150000,1.0012747043e-03,5.4616932752e-01
576.200000,1.0000957504e-03,5.6611107390e-01
576.250000,9.9872020374e-04,5.2537489234e-01
576.300000,9.9931406306e-04,5.7824915200e-01
576.350000,9.9961859704e-04,5.2754490407e-01
576.400000,1.0005897992e-03,5.3377233480e-01
576.450000,9.9927649106e-04,5.9284028225e-01
576.500000,1.0004642002e-03,5.8728242266e-01
576.550000,1.0008827975e-03,5.9247818061e-01
576.600000,9.9814286266e-04,5.2063315920e-01
576.650000,1.0005824352e-03,5.5162395336e-01
576.700000,9.9847685318e-04,5.5326471639e-01
576.750000,1.0004438039e-03,5.7574436764e-01
576.800000,1.0012543652e-03,5.3557459777e-01
576.850000,1.0010278140e-03,5.8311976594e-01
576.900000,9.9795633591e-04,5.6663624362e-01
576.950000,1.0011125715e-03,5.4861684947e-01
577.000000,9.9791707644e-04,5.4794776088e-01
577.050000,9.9762926052e-04,5.2795473089e-01
577.100000,1.0006783503e-03,5.8437992439e-01
577.150000,1.0002266069e-03,5.6721983424e-01
577.200000,9.9882310949e-04,5.5337907121e-01
577.250000,1.0003265627e-03,5.2351698443e-01
577.300000,9.9950638397e-04,5.7002297837e-01
577.350000,1.0000873406e-03,5.1296511952e-01
577.400000,1.0014864717e-03,5.5486943665e-01
577.450000,9.9991013122e-04,5.0152950296e-01
577.500000,9.9923833938e-04,5.9622603158e-01
577.550000,9.9923228346e-04,5.8237940635e-01
577.600000,1.0001911499e-03,5.2068583131e-01
577.650000,1.0005077078e-03,4.9001430747e-01
577.700000,1.0005593028e-03,5.2815386164e-01
577.750000,1.0007001523e-03,5.2301681324e-01
577.800000,9.9997048187e-04,5.3382504980e-01
577.850000,9.9992748958e-04,5.7889209227e-01
577.900000,1.0008658991e-03,5.6112230158e-01
577.950000,1.0014647329e-03,5.1680328028e-01
578.000000,1.0011354740e-03,5.3942033475e-01
578.050000,1.0010616720e-03,5.5275547940e-01
578.100000,9.9954584923e-04,5.2899639664e-01
578.150000,9.9890663809e-04,5.5783115566e-01
578.200000,1.0011091539e-03,5.5197805158e-01
578.250000,1.0003046196e-03,5.4356721565e-01
578.300000,1.0017273183e-03,5.2433094812e-01
578.350000,9.9969504799e-04,5.5991183440e-01
578.400000,9.9781741986e-04,4.9771475578e-01
578.450000,1.0008680947e-03,5.9089253170e-01
578.500000,9.9844381531e-04,5.5261020203e-01
578.550000,1.0007513525e-03,5.9305254698e-01
578.600000,9.9913455534e-04,5.7859359105e-01
578.650000,1.0000098592e-03,5.1953605460e-01
578.700000,1.0001230638e-03,5.2497082324e-01
578.750000,1.0007309398e-03,5.6416755916e-01
578.800000,9.9918689529e-04,5.4329883133e-01
578.850000,9.9983829077e-04,5.4846858431e-01
578.900000,1.0002986273e-03,5.7991599991e-01
578.950000,9.9926246929e-04,5.6063137192e-01
579.000000,9.9880890823e-04,5.5123036154e-01
579.050000,9.9932991710e-04,5.4419017103e-01
579.100000,9.9893783842e-04,5.2318225452e-01
579.150000,9.9984394183e-04,5.2492358096e-01
579.200000,1.0012437904e-03,5.5119162865e-01
579.250000,1.0008017496e-03,5.6381723480e-01
579.300000,1.0005528696e-03,5.1841242890e-01
579.350000,1.0001638601e-03,4.9924462725e-01
579.400000,9.9759705428e-04,5.5115944429e-01
579.450000,1.0011082559e-03,5.1965239208e-01
579.500000,1.0001099032e-03,5.4269069860e-01
579.550000,1.0011216966e-03,5.3250988764e-01
579.600000,9.9856469237e-04,5.8380826043e-01
579.650000,9.9894264849e-04,5.7992310877e-01
579.700000,9.9995390920e-04,5.6568192262e-01
579.750000,1.0010125589e-03,6.0150597822e-01
579.800000,9.9974384810e-04,5.4648437481e-01
579.850000,1.0000443539e-03,5.5399145792e-01
579.900000,1.0010415187e-03,5.5265910639e-01
579.950000,9.9937387253e-04,5.1357771136e-01
580.000000,1.0004332213e-03,5.1925980564e-01
580.050000,9.9927723901e-04,5.1823039172e-01
580.100000,9.9888584633e-04,5.6060934497e-01
580.150000,9.9967790669e-04,5.8742953137e-01
580.200000,9.9948061745e-04,5.2475919163e-01
580.250000,1.0009935271e-03,5.3078321767e-01
580.300000,1.0024016803e-03,5.0854393497e-01
580.350000,9.9841516155e-04,5.2436390483e-01
580.400000,1.0006950011e-03,5.9550244964e-01
580.450000,9.9921569142e-04,5.4391094924e-01
580.500000,1.0008376907e-03,5.5348740179e-01
580.550000,1.0002895438e-03,5.5065649618e-01
580.600000,9.9923621846e-04,4.9492415170e-01
580.650000,9.9823086772e-04,5.2373014271e-01
580.700000,1.0016979501e-03,5.4871334338e-01
580.750000,1.0011215580e-03,4.9437978173e-01
580.800000,9.9921653461e-04,5.2030115085e-01
580.850000,1.0011796805e-03,5.1120126924e-01
580.900000,1.0014499421e-03,5.7665541794e-01
580.950000,9.9956529648e-04,5.5454120855e-01
581.000000,1.0009588775e-03,5.0099668803e-01
581.050000,9.9956175236e-04,5.5643085497e-01
581.100000,1.0002747185e-03,5.7339665689e-01
581.150000,9.9927687740e-04,5.4690847447e-01
581.200000,9.9692632038e-04,5.4942104026e-01
581.250000,9.9963949372e-04,5.2384010370e-01
581.300000,1.0002122492e-03,5.0992948851e-01
581.350000,1.0019053514e-03,5.2174418859e-01
581.400000,9.9994756095e-04,5.2371116966e-01
581.450000,1.0000404208e-03,5.3298394397e-01
581.500000,1.0012839198e-03,5.8423090870e-01
581.550000,9.9948680412e-04,5.6405561567e-01
581.600000,9.9828587571e-04,5.6252506738e-01
581.650000,1.0000935084e-03,5.0929066631e-01
581.700000,1.0011874787e-03,5.5155458414e-01
581.750000,9.9981080388e-04,5.0993277112e-01
581.800000,1.0005119554e-03,4.9867552482e-01
581.850000,9.9947704063e-04,4.8181779259e-01
581.900000,1.0014250607e-03,5.4486691983e-01
581.950000,9.9998795116e-04,5.6817407054e-01
582.000000,1.0008856664e-03,5.2198804144e-01
582.050000,1.0026123841e-03,5.3346484573e-01
582.100000,1.0002731362e-03,5.5125086890e-01
582.150000,1.0010490063e-03,5.7617373240e-01
582.200000,9.9937214125e-04,5.6727115890e-01
582.250000,9.9939380599e-04,5.5131382154e-01
582.300000,1.0001062109e-03,5.5918880066e-01
582.350000,1.0001986930e-03,5.2225045837e-01
582.400000,9.9983584295e-04,5.5667769328e-01
582.450000,9.9984424348e-04,5.4510089228e-01
582.500000,1.0006239987e-03,5.8667830166e-01
582.550000,9.9993221102e-04,5.9517950213e-01
582.600000,1.0015866107e-03,5.7519979873e-01
582.650000,9.9889349085e-04,5.6573947343e-01
582.700000,9.9865439339e-04,5.5187521206e-01
582.750000,1.0006753448e-03,5.9658551386e-01
582.800000,9.9959140780e-04,5.7329455201e-01
582.850000,9.9914519449e-04,5.3636282210e-01
582.900000,1.0012322976e-03,5.5539153492e-01
582.950000,9.9709884008e-04,5.1936880301e-01
583.000000,1.0012131345e-03,5.4701837807e-01
583.050000,1.0008987015e-03,5.5074030343e-01
583.100000,9.9905731953e-04,5.4979575169e-01
583.150000,1.0002303771e-03,5.4001584878e-01
583.200000,9.9771411006e-04,5.1731596307e-01
583.250000,9.9798570966e-04,5.4938948241e-01
583.300000,1.0000948465e-03,5.5605292403e-01
583.350000,1.0002160403e-03,5.5057145222e-01
583.400000,9.9988323300e-04,6.2441838297e-01
583.450000,1.0005047018e-03,5.5945985662e-01
583.500000,9.9940714938e-04,5.6626562390e-01
583.550000,1.0010199854e-03,4.8081494977e-01
583.600000,9.9992568531e-04,5.3961402323e-01
583.650000,9.9977146669e-04,5.4741902663e-01
583.700000,1.0013773818e-03,5.4512991429e-01
583.750000,1.0002177046e-03,5.5753205845e-01
583.800000,9.9992989369e-04,5.6880309028e-01
583.850000,9.9993446569e-04,5.7571103576e-01
583.900000,1.0002161197e-03,5.0942276173e-01
583.950000,1.0005988767e-03,5.5935728841e-01
584.000000,1.0005795574e-03,4.9356542535e-01
584.050000,9.9955792248e-04,5.4221675982e-01
584.100000,9.9980950346e-04,5.3491829191e-01
584.150000,9.9923726195e-04,5.6772824351e-01
584.200000,1.0000306071e-03,5.3066236943e-01
584.250000,9.9994922033e-04,5.7252118413e-01
584.300000,1.0003981319e-03,5.1196339857e-01
584.350000,9.9892808017e-04,5.3360838355e-01
584.400000,9.9912157942e-04,5.3262509230e-01
584.450000,9.9868413597e-04,5.7362543916e-01
584.500000,9.9867524120e-04,5.3426080681e-01
584.550000,9.9979389762e-04,5.7163081733e-01
584.600000,1.0010222159e-03,5.7233637530e-01
584.650000,9.9945555908e-04,5.7031411391e-01
584.700000,1.0002801151e-03,5.8566570283e-01
584.750000,1.0009145911e-03,5.2731835146e-01
584.800000,9.9997284704e-04,5.6194815411e-01
584.850000,9.9908524222e-04,5.1623003641e-01
584.900000,1.0023114909e-03,5.6837542899e-01
584.950000,9.9948191434e-04,5.2798235760e-01
585.000000,1.0009673400e-03,5.2559934883e-01
585.050000,9.9861050131e-04,5.3428902880e-01
585.100000,1.0007253120e-03,5.5665623234e-01
585.150000,1.0002047363e-03,5.2251566739e-01
585.200000,9.9893015371e-04,5.7102159870e-01
585.250000,1.0009244444e-03,5.4957792855e-01
585.300000,1.0020979197e-03,4.9411176477e-01
585.350000,9.9925832060e-04,5.4195344784e-01
585.400000,1.0000659885e-03,5.0462232419e-01
585.450000,1.0010739573e-03,5.6440059712e-01
585.500000,9.9948665835e-04,5.1851331696e-01
585.550000,9.9874623950e-04,5.6262643639e-01
585.600000,1.0008287370e-03,5.4826661429e-01
585.650000,9.9936710346e-04,4.8319544568e-01
585.700000,1.0007148614e-03,5.3344709961e-01
585.750000,9.9944166752e-04,5.5059123910e-01
585.800000,1.0010322353e-03,5.5376431623e-01
585.850000,1.0005069394e-03,5.4721928350e-01
585.900000,1.0012999129e-03,5.4199406310e-01
585.950000,1.0003637074e-03,5.6091897223e-01
586.000000,1.0000275511e-03,5.6308992048e-01
586.050000,1.0004931856e-03,4.9557485215e-01
586.100000,1.0009769940e-03,5.6160252882e-01
586.150000,1.0006229278e-03,5.9426412141e-01
586.200000,1.0002568979e-03,5.1913607429e-01
586.250000,9.9737626416e-04,5.5258809831e-01
586.300000,9.9985891325e-04,5.7525556547e-01
586.350000,1.0019564560e-03,5.5206775218e-01
586.400000,1.0018770389e-03,5.4273323041e-01
586.450000,9.9851639608e-04,5.1548185456e-01
586.500000,9.9961184994e-04,5.4885544438e-01
586.550000,9.9962816112e-04,5.1626548930e-01
586.600000,9.9917931058e-04,5.5575697352e-01
586.650000,9.9926080178e-04,5.0140547470e-01
586.700000,9.9954644228e-04,5.1498784003e-01
586.750000,1.0018976896e-03,5.0438453148e-01
586.800000,9.9988987689e-04,5.9628630732e-01
586.850000,1.0002817326e-03,5.5801815902e-01
586.900000,9.9942985150e-04,5.4108837560e-01
586.950000,9.9920977451e-04,5.3002069318e-01
587.000000,9.9948706859e-04,5.4271214717e-01
587.050000,9.9805261833e-04,5.0153353894e-01
587.100000,9.9913395770e-04,6.0297954559e-01
587.150000,9.9865040294e-04,5.2997071225e-01
587.200000,1.0010418473e-03,5.2055489042e-01
587.250000,1.0001433668e-03,5.4845029160e-01
587.300000,9.9907287309e-04,5.3075977990e-01
587.350000,1.0010391446e-03,5.6587665484e-01
587.400000,1.0013140159e-03,5.4580397455e-01
587.450000,9.9811639252e-04,5.3653150607e-01
587.500000,1.0008450534e-03,5.5618222195e-01
587.550000,1.0005633951e-03,5.8669298673e-01
587.600000,1.0009625173e-03,5.5118627535e-01
587.650000,9.9952928915e-04,5.6690172315e-01
587.700000,9.9940354462e-04,5.4893478967e-01
587.750000,1.0014206180e-03,5.4482629278e-01
587.800000,9.9835328296e-04,5.6338284935e-01
587.850000,1.0003215103e-03,5.2941061229e-01
587.900000,9.9984940762e-04,5.2849946277e-01
587.950000,9.9959693327e-04,5.5443504479e-01
588.000000,1.0017847517e-03,5.5160687952e-01
588.050000,9.9983043834e-04,5.4469424847e-01
588.100000,9.9917811947e-04,5.6116032218e-01
588.150000,1.0004152290e-03,5.3451517557e-01
588.200000,1.0007734872e-03,5.6254020512e-01
588.250000,9.9911184943e-04,5.4009240871e-01
588.300000,9.9988507451e-04,5.6369032266e-01
588.350000,1.0010021939e-03,5.7017637136e-01
588.400000,1.0015194670e-03,5.7897242244e-01
588.450000,1.0010845686e-03,5.2067116745e-01
588.500000,1.0009503550e-03,5.1983127016e-01
588.550000,9.9899194934e-04,5.6852521166e-01
588.600000,1.0001519246e-03,5.3698811598e-01
588.650000,1.0008873684e-03,5.3972978354e-01
588.700000,1.0009246088e-03,5.3039566695e-01
588.750000,9.9996493466e-04,5.6032922201e-01
588.800000,9.9846074417e-04,4.6778322446e-01
588.850000,1.0004195901e-03,4.7235871547e-01
588.900000,1.0003692379e-03,5.5493989324e-01
588.950000,1.0006331904e-03,5.4899393132e-01
589.000000,1.0013467468e-03,5.7359512757e-01
589.050000,9.9900013691e-04,5.0974213653e-01
589.100000,9.9937979314e-04,5.5667774018e-01
589.150000,1.0004919376e-03,5.4012461674e-01
589.200000,1.0006578047e-03,5.6261764782e-01
589.250000,9.9786537711e-04,5.3554393321e-01
589.300000,1.0005525628e-03,5.3450482522e-01
589.350000,1.0017742831e-03,5.2776336164e-01
589.400000,9.9860346234e-04,5.9255103634e-01
589.450000,9.9985305486e-04,5.6605621982e-01
589.500000,9.9915331552e-04,5.3087545081e-01
589.550000,9.9869451244e-04,5.6971513058e-01
589.600000,9.9916271567e-04,5.3925956570e-01
589.650000,9.9977892845e-04,5.6246865558e-01
589.700000,1.0023332221e-03,5.6265873646e-01
589.750000,9.9963292316e-04,5.9667665694e-01
589.800000,9.9899644695e-04,5.4481059820e-01
589.850000,1.0000430856e-03,5.1922161687e-01
589.900000,1.0004413676e-03,5.5922796508e-01
589.950000,1.0012420884e-03,5.6281761670e-01
590.000000,1.0014910887e-03,5.4768953733e-01
590.050000,9.9923692704e-04,5.5126334385e-01
590.100000,1.0002183292e-03,5.6457210353e-01
590.150000,9.9901369920e-04,5.4636987015e-01
590.200000,1.0010256163e-03,5.4468040579e-01
590.250000,1.0010314332e-03,5.4183526491e-01
590.300000,1.0014905726e-03,5.3674304117e-01
590.350000,9.9927465652e-04,5.7891995461e-01
590.400000,9.9972007477e-04,5.6427969977e-01
590.450000,9.9763250250e-04,5.5115295237e-01
590.500000,9.9919729682e-04,5.2162213989e-01
590.550000,9.9858240572e-04,5.9391231498e-01
590.600000,1.0002814347e-03,4.9049705229e-01
590.650000,9.9992864396e-04,5.1551144777e-01
590.700000,1.0009569323e-03,5.3081053057e-01
590.750000,1.0005680907e-03,5.1879099501e-01
590.800000,9.9986901777e-04,5.3483073423e-01
590.850000,9.9921397536e-04,5.1675905204e-01
590.900000,1.0006895958e-03,6.0516438367e-01
590.950000,9.9955832722e-04,5.8379355607e-01
591.000000,9.9991494249e-04,5.4368970430e-01
591.050000,1.0020149132e-03,5.5677994218e-01
591.100000,1.0000041443e-03,6.0689405119e-01
591.150000,9.9968982339e-04,5.0004575240e-01
591.200000,1.0013535002e-03,5.6565211291e-01
591.250000,1.0008409892e-03,5.6750691663e-01
591.300000,1.0008023750e-03,5.6237291491e-01
591.350000,1.0014598513e-03,5.3998266004e-01
591.400000,9.9767327029e-04,5.5777637030e-01
591.450000,1.0005732768e-03,5.6835391289e-01
591.500000,1.0007135182e-03,5.5609637553e-01
591.550000,1.0002804924e-03,5.6476725612e-01
591.600000,1.0006385732e-03,5.5694980923e-01
591.650000,1.0007581035e-03,5.6102133668e-01
591.700000,9.9899504111e-04,5.2074710146e-01
591.750000,9.9879505807e-04,5.2549674307e-01
591.800000,1.0004456494e-03,6.0952217701e-01
591.850000,1.0000936199e-03,5.2106550912e-01
591.900000,9.9943738028e-04,5.5370706536e-01
591.950000,9.9998050474e-04,5.4426642154e-01
592.000000,1.0000745724e-03,5.5988645769e-01
592.050000,9.9955875942e-04,4.8346272975e-01
592.100000,9.9819964927e-04,5.4884575122e-01
592.150000,9.9895079533e-04,5.4508777358e-01
592.200000,9.9943714613e-04,5.2091465802e-01
592.250000,1.0014705554e-03,5.5788619111e-01
592.300000,9.9850250348e-04,5.8587606725e-01
592.350000,1.0004336962e-03,5.6511916075e-01
592.400000,1.0001317338e-03,5.0424204161e-01
592.450000,9.9952037734e-04,5.1855900291e-01
592.500000,1.0007561467e-03,5.3569135442e-01
592.550000,9.9996985722e-04,5.6497827824e-01
592.600000,1.0005987233e-03,5.6856561779e-01
592.650000,1.0000828606e-03,5.1770112816e-01
592.700000,9.9955406843e-04,5.0963955074e-01
592.750000,9.9970326499e-04,5.3417104084e-01
592.800000,1.0007610312e-03,5.6380693452e-01
592.850000,1.0000677481e-03,5.4367874734e-01
592.900000,9.9996847635e-04,5.4140864347e-01
592.950000,1.0004790989e-03,5.2540287378e-01
593.000000,1.0003249927e-03,5.0370258825e-01
593.050000,9.9957349685e-04,5.5290412827e-01
593.100000,9.9867753003e-04,5.6967685460e-01
593.150000,1.0009521220e-03,5.5669735998e-01
593.200000,9.9935745567e-04,5.6353357328e-01
593.250000,9.9987971112e-04,5.6858565961e-01
593.300000,9.9849690508e-04,5.4419439374e-01
593.350000,1.0003266651e-03,5.4717399379e-01
593.400000,9.9959371271e-04,5.1797780813e-01
593.450000,9.9977352647e-04,5.3356800476e-01
593.500000,1.0001709632e-03,5.4203792523e-01
593.550000,9.9982063070e-04,5.7895355918e-01
593.600000,9.9904911822e-04,5.7221226900e-01
593.650000,9.9815580763e-04,5.6556774822e-01
593.700000,9.9968529066e-04,5.3860799479e-01
593.750000,9.9998457699e-04,5.1542259354e-01
593.800000,1.0002317928e-03,5.1856761006e-01
593.850000,9.9973173725e-04,5.2068928082e-01
593.900000,9.9836487117e-04,5.4071609268e-01
593.950000,1.0000698469e-03,5.7472272235e-01
594.000000,1.0000663237e-03,5.9454587508e-01
594.050000,9.9918626074e-04,5.0501752853e-01
594.100000,9.9931158833e-04,5.6472607833e-01
594.150000,1.0005110922e-03,5.7442764886e-01
594.200000,9.9840030165e-04,5.4122093243e-01
594.250000,1.0000514272e-03,5.7921712190e-01
594.300000,9.9946361836e-04,5.5434850109e-01
594.350000,1.0012540497e-03,5.3471411670e-01
594.400000,9.9911689925e-04,5.3275672482e-01
594.450000,9.9974370607e-04,5.5704048818e-01
594.500000,9.9954881293e-04,5.7108934223e-01
594.550000,9.9932866885e-04,5.3752031043e-01
594.600000,9.9902790539e-04,5.3814119255e-01
594.650000,9.9953911439e-04,5.4787872371e-01
594.700000,1.0002295027e-03,5.7640041651e-01
594.750000,1.0003039857e-03,5.4129154735e-01
594.800000,1.0001251681e-03,5.2951595940e-01
594.850000,1.0001513468e-03,5.4476749244e-01
594.900000,1.0003039463e-03,5.1236264452e-01
594.950000,9.9777562898e-04,5.6930703767e-01
595.000000,9.9978228373e-04,6.0358518621e-01
595.050000,9.9955360608e-04,5.6965807042e-01
595.100000,1.0002071669e-03,5.7899264554e-01
595.150000,1.0016203064e-03,4.9400844579e-01
595.200000,1.0011205171e-03,4.9582481108e-01
595.250000,9.9792648309e-04,5.0381313882e-01
595.300000,1.0005957790e-03,5.3249035957e-01
595.350000,1.0017089249e-03,5.4682192019e-01
595.400000,1.0012039009e-03,5.5407749041e-01
595.450000,1.0009768219e-03,5.6519187850e-01
595.500000,9.9994479203e-04,5.3678965042e-01
595.550000,9.9917554232e-04,5.7307553907e-01
595.600000,1.0003311822e-03,5.4372620987e-01
595.650000,9.9912056394e-04,5.2404604012e-01
595.700000,1.0014012705e-03,5.2346375791e-01
595.750000,9.9931626206e-04,5.4963876656e-01
595.800000,9.9951710705e-04,5.4228242454e-01
595.850000,9.9805257513e-04,5.9368618441e-01
595.900000,9.9911403471e-04,5.6385389655e-01
595.950000,9.9852236424e-04,5.1077858096e-01
596.000000,1.0008767826e-03,5.6869337487e-01
596.050000,1.0008665171e-03,5.5704762081e-01
596.100000,9.9962126604e-04,4.9736896219e-01
596.150000,9.9831708242e-04,5.5020065791e-01
596.200000,9.9999759297e-04,5.3954441644e-01
596.250000,9.9902039020e-04,5.6278333740e-01
596.300000,1.0003033977e-03,5.2201331933e-01
596.350000,1.0022239617e-03,5.2145750873e-01
596.400000,1.0027845923e-03,5.5678250726e-01
596.450000,9.9891338987e-04,5.6601494568e-01
596.500000,9.9992135555e-04,5.3237767224e-01
596.550000,1.0004079210e-03,5.4917305664e-01
596.600000,9.9980298938e-04,5.2470716270e-01
596.650000,1.0001939784e-03,4.7914397904e-01
596.700000,1.0007538361e-03,5.1996996760e-01
596.750000,1.0001162126e-03,5.8595343426e-01
596.800000,9.9966818684e-04,5.5203157531e-01
596.850000,9.9950333151e-04,4.9159193969e-01
596.900000,1.0009470215e-03,5.1272985450e-01
596.950000,9.9801097959e-04,5.8637657813e-01
597.000000,9.9998557249e-04,5.0723905334e-01
597.050000,9.9981650840e-04,5.4571376447e-01
597.100000,9.9965359299e-04,5.3517607843e-01
597.150000,9.9960489064e-04,5.3378296045e-01
597.200000,9.9953403152e-04,5.4661656769e-01
597.250000,1.0005180693e-03,5.5501478455e-01
597.300000,1.0009218195e-03,5.4158553267e-01
597.350000,9.9902364306e-04,5.2985443034e-01
597.400000,1.0004216775e-03,5.4241795943e-01
597.450000,9.9950753664e-04,5.6177525943e-01
597.500000,9.9963292227e-04,5.8374224666e-01
597.550000,9.9916444764e-04,5.3588372478e-01
597.600000,9.9924042217e-04,5.3017885375e-01
597.650000,1.0003212793e-03,5.6369431126e-01
597.700000,9.9875279349e-04,5.4321278627e-01
597.750000,9.9982407973e-04,5.5613173796e-01
597.800000,9.9948173823e-04,5.6566040806e-01
597.850000,9.9966330991e-04,5.3006974843e-01
597.900000,9.9940715810e-04,5.2870806818e-01
597.950000,1.0000271250e-03,5.4561868488e-01
598.000000,9.9888438132e-04,5.4734153564e-01
598.050000,1.0009865269e-03,5.5094837494e-01
598.100000,1.0002132340e-03,6.1070882138e-01
598.150000,1.0018079605e-03,4.9835260552e-01
598.200000,1.0026536380e-03,5.6993901273e-01
598.250000,1.0002375065e-03,5.5583501378e-01
598.300000,1.0000581892e-03,5.2074222423e-01
598.350000,1.0000374225e-03,5.0671257434e-01
598.400000,1.0000738545e-03,5.3612004343e-01
598.450000,1.0007768972e-03,5.2197508656e-01
598.500000,1.0009596051e-03,5.3995437797e-01
598.550000,1.0012036296e-03,5.3426481884e-01
598.600000,1.0006271347e-03,5.7336234620e-01
598.650000,9.9996994210e-04,5.2249923013e-01
598.700000,1.0011111734e-03,5.2041324545e-01
598.750000,9.9990454774e-04,5.1787230378e-01
598.800000,9.9991539434e-04,5.6703032264e-01
598.850000,9.9888576544e-04,5.5653880629e-01
598.900000,9.9941644250e-04,4.9114574050e-01
598.950000,1.0004994841e-03,5.5138783081e-01
599.000000,1.0010374069e-03,5.4014340492e-01
599.050000,9.9853501352e-04,5.2838093500e-01
599.100000,1.0013410526e-03,5.5540732571e-01
599.150000,9.9855800883e-04,5.4033642623e-01
599.200000,1.0010920140e-03,5.0599718329e-01
599.250000,1.0016696799e-03,5.1956589553e-01
599.300000,1.0001443044e-03,5.4806420676e-01
599.350000,9.9895879610e-04,5.6568893285e-01
599.400000,9.9871461298e-04,5.3228580475e-01
599.450000,1.0010212959e-03,5.9161547034e-01
599.500000,1.0008351389e-03,5.7829387185e-01
599.550000,9.9995769554e-04,5.8183552014e-01
599.600000,9.9864713162e-04,5.5433827071e-01
599.650000,9.9954884800e-04,5.2060153654e-01
599.700000,9.9872996104e-04,5.2650569538e-01
599.750000,9.9966007004e-04,5.9028867227e-01
599.800000,1.0003019473e-03,5.4197772043e-01
599.850000,1.0002000533e-03,5.4107948356e-01
599.900000,9.9957392334e-04,5.1118285936e-01
599.950000,1.0000678292e-03,5.5386637361e-01
600.000000,9.9936806852e-04,5.2490070045e-01
