Time [s],Displacement [m],Force [N]
0.000000,0.0000000000e+00,9.3999173218e-06
0.050000,5.0264164410e-06,1.4243794771e-05
0.100000,9.9035268449e-06,2.7205446936e-05
0.150000,1.5277760177e-05,7.2138537454e-05
0.200000,2.1271014866e-05,8.3715721696e-05
0.250000,2.6574808384e-05,1.6410128392e-04
0.300000,3.0181233985e-05,2.2863596030e-04
0.350000,3.5347366212e-05,2.6686505402e-04
0.400000,4.0241596681e-05,3.2517638578e-04
0.450000,4.6065923075e-05,4.5345098800e-04
0.500000,5.1461378145e-05,5.7689567143e-04
0.550000,5.3997051284e-05,7.1285153731e-04
0.600000,5.9113920579e-05,8.0129312820e-04
0.650000,6.6448099548e-05,9.2368595104e-04
0.700000,7.1727633199e-05,1.0738280078e-03
0.750000,7.5611851063e-05,1.2031433233e-03
0.800000,8.1873185356e-05,1.4304307885e-03
0.850000,8.5225369242e-05,1.6021544857e-03
0.900000,8.7481967857e-05,1.7731132247e-03
0.950000,9.3954530056e-05,1.9194460425e-03
1.000000,1.0000632315e-04,2.0986921625e-03
1.050000,1.0525035797e-04,2.2867948535e-03
1.100000,1.0939025112e-04,2.5355035715e-03
1.150000,1.1462177782e-04,2.6602513864e-03
1.200000,1.2111506349e-04,2.8838617716e-03
1.250000,1.2573559117e-04,3.1904909865e-03
1.300000,1.2895888708e-04,3.3038248047e-03
1.350000,1.3429744760e-04,3.6784000763e-03
1.400000,1.3975014521e-04,3.9516220774e-03
1.450000,1.4403485993e-04,4.1579717909e-03
1.500000,1.4861656706e-04,4.5001363614e-03
1.550000,1.5406034844e-04,4.6195858892e-03
1.600000,1.5906543969e-04,4.8635991719e-03
1.650000,1.6453395484e-04,5.1072587622e-03
1.700000,1.7101171931e-04,5.4368065162e-03
1.750000,1.7675026848e-04,5.8359410050e-03
1.800000,1.7943590693e-04,6.1327053377e-03
1.850000,1.8539877702e-04,6.3103570985e-03
1.900000,1.9054291993e-04,6.7876968759e-03
1.950000,1.9545631615e-04,6.8530457908e-03
2.000000,1.9900437464e-04,7.1425961559e-03
2.050000,2.0476581211e-04,7.6242049086e-03
2.100000,2.1065627699e-04,7.9325216642e-03
2.150000,2.1451567515e-04,8.1770584672e-03
2.200000,2.2064355661e-04,8.2440575214e-03
2.250000,2.2484197153e-04,8.8763739517e-03
2.300000,2.2868271589e-04,8.9612013093e-03
2.350000,2.3410588993e-04,9.9311037096e-03
2.400000,2.3927850268e-04,1.0096452773e-02
2.450000,2.4613121448e-04,1.0022631622e-02
2.500000,2.5024507128e-04,1.0676627510e-02
2.550000,2.5582520194e-04,1.0719553665e-02
2.600000,2.5988999880e-04,1.0986061335e-02
2.650000,2.6607241588e-04,1.1668168357e-02
2.700000,2.6866064441e-04,1.2168839780e-02
2.750000,2.7501153312e-04,1.2509874286e-02
2.800000,2.7891700887e-04,1.2794029642e-02
2.850000,2.8483550503e-04,1.3468827006e-02
2.900000,2.8947863681e-04,1.3564058797e-02
2.950000,2.9292222242e-04,1.3969882666e-02
3.000000,2.9946857666e-04,1.4132810036e-02
3.050000,3.0618046325e-04,1.5024998010e-02
3.100000,3.1120167582e-04,1.5223639176e-02
3.150000,3.1379728657e-04,1.5392767695e-02
3.200000,3.1944203977e-04,1.5827553871e-02
3.250000,3.2498872521e-04,1.6751687897e-02
3.300000,3.2896509606e-04,1.6386107851e-02
3.350000,3.3419280974e-04,1.7020537243e-02
3.400000,3.3997050774e-04,1.7690151096e-02
3.450000,3.4592954958e-04,1.7853565913e-02
3.500000,3.5006279056e-04,1.7685029269e-02
3.550000,3.5409012460e-04,1.8513492685e-02
3.600000,3.6084552805e-04,1.8979200322e-02
3.650000,3.6436427431e-04,1.9560284893e-02
3.700000,3.6869708842e-04,1.9319882965e-02
3.750000,3.7442994458e-04,2.0388961042e-02
3.800000,3.7925964990e-04,2.0577234629e-02
3.850000,3.8580652633e-04,2.1616918058e-02
3.900000,3.9036439015e-04,2.0545229385e-02
3.950000,3.9617156450e-04,2.1534936096e-02
4.000000,4.0084747871e-04,2.2064155660e-02
4.050000,4.0488287807e-04,2.2566571956e-02
4.100000,4.0867734139e-04,2.3763103240e-02
4.150000,4.1541144085e-04,2.3039106046e-02
4.200000,4.1870688886e-04,2.3717898982e-02
4.250000,4.2497933533e-04,2.4859965093e-02
4.300000,4.3074490660e-04,2.4210181282e-02
4.350000,4.3514735673e-04,2.4019962114e-02
4.400000,4.4069638727e-04,2.5665360453e-02
4.450000,4.4254470275e-04,2.6690159784e-02
4.500000,4.4922818341e-04,2.6680323158e-02
4.550000,4.5542422822e-04,2.7095278329e-02
4.600000,4.5982613191e-04,2.6621672508e-02
4.650000,4.6550578022e-04,2.8449131377e-02
4.700000,4.6973414130e-04,2.8016971753e-02
4.750000,4.7503477904e-04,2.8550355902e-02
4.800000,4.8138536302e-04,3.0336269883e-02
4.850000,4.8494497326e-04,2.8325181864e-02
4.900000,4.8899011252e-04,3.0419075147e-02
4.950000,4.9546266870e-04,3.1149315071e-02
5.000000,5.0072013548e-04,3.1601563715e-02
5.050000,5.0418389500e-04,3.2225939626e-02
5.100000,5.0934699910e-04,3.2172341529e-02
5.150000,5.1594732714e-04,3.2323981245e-02
5.200000,5.1817680549e-04,3.2144487053e-02
5.250000,5.2523618140e-04,3.2671751499e-02
5.300000,5.2877070969e-04,3.4404837676e-02
5.350000,5.3473570058e-04,3.3044585338e-02
5.400000,5.4081735676e-04,3.3910753003e-02
5.450000,5.4541557107e-04,3.5329196801e-02
5.500000,5.4840291853e-04,3.5580598602e-02
5.550000,5.5588108852e-04,3.7235018660e-02
5.600000,5.5920544494e-04,3.5243516980e-02
5.650000,5.6445496796e-04,3.7000655920e-02
5.700000,5.6871277674e-04,3.7454752707e-02
5.750000,5.7354921133e-04,3.8193843452e-02
5.800000,5.8131709512e-04,3.7505251577e-02
5.850000,5.8508596413e-04,3.8516676913e-02
5.900000,5.8943786411e-04,3.9661033215e-02
5.950000,5.9544638577e-04,4.1073267739e-02
6.000000,5.9976389786e-04,4.1638309864e-02
6.050000,6.0439303007e-04,4.1170139386e-02
6.100000,6.1109015572e-04,4.1537118107e-02
6.150000,6.1603249146e-04,4.0340370215e-02
6.200000,6.2051949882e-04,4.2631877356e-02
6.250000,6.2495923633e-04,4.2615762107e-02
6.300000,6.2854653507e-04,4.2338364283e-02
6.350000,6.3586825111e-04,4.4348572449e-02
6.400000,6.3916936653e-04,4.3085474189e-02
6.450000,6.4472911167e-04,4.3081529121e-02
6.500000,6.4914891430e-04,4.5437405598e-02
6.550000,6.5573029374e-04,4.4584072967e-02
6.600000,6.5777526494e-04,4.6254182583e-02
6.650000,6.6604393028e-04,4.6132746617e-02
6.700000,6.6938782510e-04,4.8042908425e-02
6.750000,6.7348313929e-04,4.7321631049e-02
6.800000,6.8063843518e-04,4.7744379694e-02
6.850000,6.8525366635e-04,4.8661150878e-02
6.900000,6.9235717118e-04,4.7964499603e-02
6.950000,6.9642739264e-04,4.8105942236e-02
7.000000,6.9829181445e-04,4.9185670299e-02
7.050000,7.0604120615e-04,5.1055968193e-02
7.100000,7.1020561302e-04,5.1511217729e-02
7.150000,7.1501126976e-04,5.1125168266e-02
7.200000,7.1904101193e-04,5.1784128590e-02
7.250000,7.2487404870e-04,5.1008008627e-02
7.300000,7.3086164008e-04,5.3679955855e-02
7.350000,7.3672472500e-04,5.2013921495e-02
7.400000,7.4092633043e-04,5.1672308120e-02
7.450000,7.4453444223e-04,5.2600581230e-02
7.500000,7.5090837736e-04,5.3490468333e-02
7.550000,7.5568051137e-04,5.3969551704e-02
7.600000,7.5824979732e-04,5.6249805051e-02
7.650000,7.6391506040e-04,5.5101427247e-02
7.700000,7.6917547435e-04,5.6505012445e-02
7.750000,7.7274493968e-04,5.6058049583e-02
7.800000,7.8159562437e-04,5.6204023741e-02
7.850000,7.8574254381e-04,5.8823484175e-02
7.900000,7.8937591460e-04,5.7926885240e-02
7.950000,7.9495581510e-04,5.9004385729e-02
8.000000,8.0232918885e-04,6.0443785042e-02
8.050000,8.0399867424e-04,5.8983474497e-02
8.100000,8.1025745349e-04,5.9915975541e-02
8.150000,8.1548447560e-04,5.9678004800e-02
8.200000,8.2086445419e-04,6.0442761444e-02
8.250000,8.2517863880e-04,6.1060227096e-02
8.300000,8.3015627401e-04,5.9923977418e-02
8.350000,8.3370217988e-04,6.1292952228e-02
8.400000,8.4012286190e-04,6.4951302634e-02
8.450000,8.4498109204e-04,6.1840591018e-02
8.500000,8.5078190109e-04,6.4093098276e-02
8.550000,8.5534741278e-04,6.5982678032e-02
8.600000,8.6196307575e-04,6.6266979555e-02
8.650000,8.6491305192e-04,6.5746583443e-02
8.700000,8.6946725671e-04,6.7131526905e-02
8.750000,8.7377548478e-04,6.8114768751e-02
8.800000,8.7921070142e-04,6.5064543028e-02
8.850000,8.8438798884e-04,6.7748578250e-02
8.900000,8.9060598925e-04,6.7573308815e-02
8.950000,8.9483716388e-04,6.7599245983e-02
9.000000,9.0003663865e-04,7.1680087709e-02
9.050000,9.0300613255e-04,7.0521474412e-02
9.100000,9.1068551079e-04,6.7311372227e-02
9.150000,9.1397638998e-04,6.7388380580e-02
9.200000,9.2106865896e-04,7.1053624686e-02
9.250000,9.2423714978e-04,7.2834648729e-02
9.300000,9.3032118710e-04,7.1983720047e-02
9.350000,9.3424272413e-04,7.0502685777e-02
9.400000,9.4143311216e-04,6.9861214140e-02
9.450000,9.4273300583e-04,7.2648917189e-02
9.500000,9.4929980875e-04,7.3637521278e-02
9.550000,9.5527864907e-04,7.6037552611e-02
9.600000,9.6026064575e-04,7.4511879335e-02
9.650000,9.6615628535e-04,7.6549645658e-02
9.700000,9.7033846665e-04,7.4969800542e-02
9.750000,9.7378528616e-04,7.4436137443e-02
9.800000,9.8048292636e-04,7.4717576270e-02
9.850000,9.8408938112e-04,7.6990319260e-02
9.900000,9.8987942225e-04,7.9447014824e-02
9.950000,9.9473369795e-04,7.7782015673e-02
10.000000,1.0000405121e-03,8.0543865588e-02
10.050000,1.0001342472e-03,7.7039274106e-02
10.100000,9.9949771134e-04,7.5269347829e-02
10.150000,9.9954664006e-04,7.4144658504e-02
10.200000,1.0002863914e-03,7.0229464394e-02
10.250000,1.0001565376e-03,6.8995587939e-02
10.300000,1.0010105706e-03,6.6838302911e-02
10.350000,9.9916497984e-04,6.5466215109e-02
10.400000,9.9962127032e-04,6.5493407849e-02
10.450000,1.0006800614e-03,6.2943491635e-02
10.500000,1.0008036336e-03,5.9615709026e-02
10.550000,9.9974609581e-04,5.9477928166e-02
10.600000,1.0003666340e-03,5.8222676167e-02
10.650000,9.9983684707e-04,5.6378201268e-02
10.700000,1.0007446252e-03,5.5526498293e-02
10.750000,9.9918528206e-04,5.3069673833e-02
10.800000,1.0003858355e-03,5.1913251008e-02
10.850000,9.9966415916e-04,5.2711978967e-02
10.900000,1.0003460072e-03,4.8977963094e-02
10.950000,1.0008209027e-03,4.8417099617e-02
11.000000,1.0014604051e-03,4.8765461263e-02
11.050000,9.9897889235e-04,4.5472686182e-02
11.100000,1.0014060019e-03,4.4329190580e-02
11.150000,1.0006503970e-03,4.5437857652e-02
11.200000,9.9967991593e-04,4.5222990163e-02
11.250000,1.0020134019e-03,4.3070195231e-02
11.300000,1.0000768382e-03,4.0437983921e-02
11.350000,9.9898711393e-04,3.9571410577e-02
11.400000,9.9997948451e-04,3.9059581552e-02
11.450000,9.9976147624e-04,3.8424329846e-02
11.500000,1.0018168351e-03,3.7320173579e-02
11.550000,9.9897986759e-04,3.5615649676e-02
11.600000,1.0012528535e-03,3.5259126343e-02
11.650000,9.9979319867e-04,3.6008754619e-02
11.700000,9.9962169229e-04,3.4434084501e-02
11.750000,1.0000258657e-03,3.2879306869e-02
11.800000,1.0024112613e-03,3.1066934349e-02
11.850000,1.0005741080e-03,3.1325416355e-02
11.900000,9.9971259864e-04,3.0602210783e-02
11.950000,1.0003745185e-03,2.9730230249e-02
12.000000,9.9917279559e-04,2.9061115342e-02
12.050000,9.9953162110e-04,2.8098864037e-02
12.100000,1.0017751376e-03,2.7554495119e-02
12.150000,9.9981297543e-04,2.8547208225e-02
12.200000,9.9987984511e-04,2.7052809436e-02
12.250000,9.9985575474e-04,2.5201733731e-02
12.300000,1.0002623840e-03,2.5091270195e-02
12.350000,1.0000950706e-03,2.3847137778e-02
12.400000,1.0032049319e-03,2.3731548820e-02
12.450000,1.0002183390e-03,2.2859560003e-02
12.500000,1.0004796283e-03,2.2515125209e-02
12.550000,9.9881926600e-04,2.1932153317e-02
12.600000,9.9898645754e-04,2.1823031866e-02
12.650000,1.0014557378e-03,2.1123844941e-02
12.700000,1.0007738853e-03,2.1357582435e-02
12.750000,9.9970503646e-04,1.9960574577e-02
12.800000,9.9995253322e-04,1.9473868316e-02
12.850000,9.9863656519e-04,1.8948984612e-02
12.900000,1.0016618471e-03,1.8677724547e-02
12.950000,9.9880950227e-04,1.7493909316e-02
13.000000,1.0001261650e-03,1.7279539195e-02
13.050000,9.9808071171e-04,1.7368402938e-02
13.100000,9.9845226345e-04,1.6768102422e-02
13.150000,1.0004320071e-03,1.5726066594e-02
13.200000,9.9938899764e-04,1.5637243518e-02
13.250000,1.0009633525e-03,1.5651518926e-02
13.300000,1.0014376096e-03,1.4747162474e-02
13.350000,9.9904131233e-04,1.4391355146e-02
13.400000,9.9986764979e-04,1.4747458760e-02
13.450000,1.0004012698e-03,1.3954595880e-02
13.500000,1.0003695142e-03,1.4191252301e-02
13.550000,1.0005639603e-03,1.3005870611e-02
13.600000,9.9921785310e-04,1.2634110715e-02
13.650000,9.9899659588e-04,1.2504882740e-02
13.700000,1.0001671561e-03,1.2261243509e-02
13.750000,1.0003613174e-03,1.1922208980e-02
13.800000,9.9983359676e-04,1.1150668267e-02
13.850000,9.9924619512e-04,1.1689023600e-02
13.900000,9.9831974139e-04,1.1348132901e-02
13.950000,9.9971507011e-04,1.0752980773e-02
14.000000,1.0008866909e-03,1.0440415253e-02
14.050000,1.0000649391e-03,1.0196198345e-02
14.100000,9.9848310756e-04,9.8516141473e-03
14.150000,9.9942717707e-04,1.0361681781e-02
14.200000,9.9850939789e-04,9.2352374218e-03
14.250000,9.9937295492e-04,9.3957408910e-03
14.300000,1.0008228321e-03,9.6944676948e-03
14.350000,9.9947383980e-04,9.1860900794e-03
14.400000,1.0008968726e-03,8.7690380858e-03
14.450000,1.0001535839e-03,8.4264895447e-03
14.500000,1.0002472198e-03,8.3158140811e-03
14.550000,1.0004513943e-03,8.2241219889e-03
14.600000,1.0005653940e-03,7.7079565347e-03
14.650000,9.9957366799e-04,7.7097220908e-03
14.700000,9.9920882207e-04,7.7787103476e-03
14.750000,1.0006803733e-03,7.4536313757e-03
14.800000,1.0008036168e-03,7.1394394389e-03
14.850000,9.9951367789e-04,6.8797840891e-03
14.900000,9.9901801324e-04,6.6870770163e-03
14.950000,9.9998718122e-04,6.4911036321e-03
15.000000,9.9943645720e-04,6.5453352561e-03
15.050000,1.0012095038e-03,6.0787717141e-03
15.100000,9.9919555406e-04,6.2495293546e-03
15.150000,1.0003897855e-03,5.8879025324e-03
15.200000,1.0014938742e-03,5.9268992195e-03
15.250000,9.9953355290e-04,5.7355099180e-03
15.300000,9.9956092804e-04,5.4532119216e-03
15.350000,9.9948173019e-04,5.3304581135e-03
15.400000,1.0011208808e-03,5.4173994740e-03
15.450000,1.0002479239e-03,5.0646337376e-03
15.500000,1.0000152465e-03,5.0719779843e-03
15.550000,1.0007488750e-03,5.0156529081e-03
15.600000,9.9940452789e-04,4.8148530659e-03
15.650000,1.0007669966e-03,4.7606832254e-03
15.700000,9.9970210161e-04,4.4852338783e-03
15.750000,1.0007452395e-03,4.4872891538e-03
15.800000,9.9934010907e-04,4.3052574897e-03
15.850000,1.0000463945e-03,4.1674392047e-03
15.900000,1.0011466090e-03,4.3125580358e-03
15.950000,1.0005955069e-03,4.2181415155e-03
16.000000,1.0001867503e-03,3.8665834726e-03
16.050000,1.0011464078e-03,3.9211497278e-03
16.100000,9.9890033307e-04,3.7311316439e-03
16.150000,1.0008070305e-03,3.6418481186e-03
16.200000,9.9980065660e-04,3.3980632016e-03
16.250000,9.9944279742e-04,3.5202408353e-03
16.300000,1.0011581996e-03,3.2895739251e-03
16.350000,9.9967951245e-04,3.5079538182e-03
16.400000,9.9963950596e-04,3.1080966873e-03
16.450000,1.0024080793e-03,3.1422486714e-03
16.500000,9.9901382366e-04,2.9595560168e-03
16.550000,9.9935489156e-04,2.9364357001e-03
16.600000,9.9845456867e-04,2.9608094856e-03
16.650000,9.9993659318e-04,2.8320485437e-03
16.700000,9.9898977525e-04,2.8803056469e-03
16.750000,1.0002295568e-03,2.6374121550e-03
16.800000,9.9923180773e-04,2.7404116881e-03
16.850000,9.9829382875e-04,2.5385462139e-03
16.900000,9.9921903244e-04,2.5199115272e-03
16.950000,1.0012211246e-03,2.4434497654e-03
17.000000,9.9823222513e-04,2.4197475378e-03
17.050000,9.9996652077e-04,2.2375435564e-03
17.100000,1.0010123089e-03,2.2616478796e-03
17.150000,1.0001919341e-03,2.2672223206e-03
17.200000,1.0021860944e-03,2.1746626942e-03
17.250000,9.9935113850e-04,2.1171386384e-03
17.300000,9.9923318656e-04,2.1147391697e-03
17.350000,1.0024497573e-03,1.9733469196e-03
17.400000,1.0009593245e-03,2.0300244468e-03
17.450000,9.9701363485e-04,1.9261417146e-03
17.500000,1.0006492882e-03,1.8962513956e-03
17.550000,1.0010641907e-03,1.7809658335e-03
17.600000,1.0009141329e-03,1.7599086646e-03
17.650000,9.9992959712e-04,1.6595506429e-03
17.700000,1.0015841554e-03,1.6929085222e-03
17.750000,1.0016559837e-03,1.5752510285e-03
17.800000,1.0009069420e-03,1.5264234198e-03
17.850000,1.0013956331e-03,1.5558919973e-03
17.900000,9.9923458596e-04,1.5168614651e-03
17.950000,1.0009267818e-03,1.4602525185e-03
18.000000,9.9915773717e-04,1.5250093034e-03
18.050000,9.9970358080e-04,1.4102994120e-03
18.100000,1.0001786543e-03,1.3258306395e-03
18.150000,1.0009575570e-03,1.3224354419e-03
18.200000,9.9969052275e-04,1.3164503901e-03
18.250000,1.0014450872e-03,1.2950580505e-03
18.300000,1.0014601066e-03,1.2184410155e-03
18.350000,9.9929434696e-04,1.2030458510e-03
18.400000,1.0003093504e-03,1.1918770642e-03
18.450000,9.9957169265e-04,1.1226950296e-03
18.500000,9.9975318239e-04,1.1026114805e-03
18.550000,9.9952136451e-04,1.0574145610e-03
18.600000,9.9817992731e-04,1.0666563419e-03
18.650000,9.9872773862e-04,1.0770244646e-03
18.700000,9.9945940246e-04,1.0693611478e-03
18.750000,1.0012558053e-03,9.7262468994e-04
18.800000,9.9985839748e-04,9.5103343640e-04
18.850000,9.9926777969e-04,9.3183676548e-04
18.900000,1.0011274458e-03,9.3359236068e-04
18.950000,9.9937845175e-04,9.2593785112e-04
19.000000,1.0009862845e-03,8.6450689030e-04
19.050000,1.0009836350e-03,8.2491282060e-04
19.100000,1.0006089002e-03,7.9761694452e-04
19.150000,1.0017246735e-03,8.5775595841e-04
19.200000,9.9944078593e-04,7.7330213224e-04
19.250000,9.9943434192e-04,7.6048690641e-04
19.300000,1.0013607138e-03,7.5110985850e-04
19.350000,9.9962399666e-04,7.5098273061e-04
19.400000,9.9994555075e-04,7.6262988790e-04
19.450000,1.0024225345e-03,6.5712018981e-04
19.500000,1.0004122132e-03,7.2795657330e-04
19.550000,1.0017316619e-03,6.9698788723e-04
19.600000,1.0001411090e-03,6.4577176453e-04
19.650000,1.0000529558e-03,6.2004730208e-04
19.700000,1.0006464731e-03,6.2320686349e-04
19.750000,9.9922614600e-04,5.8612144944e-04
19.800000,9.9893042539e-04,5.7271760535e-04
19.850000,1.0002533118e-03,6.0596616684e-04
19.900000,9.9995733950e-04,5.1092333590e-04
19.950000,1.0014905832e-03,5.2148899353e-04
20.000000,1.0004178213e-03,5.1884907277e-04
20.050000,1.0008210147e-03,5.0574261137e-04
20.100000,1.0009987487e-03,5.1080193627e-04
20.150000,1.0002619829e-03,4.6397784327e-04
20.200000,1.0004039687e-03,4.3256876625e-04
20.250000,1.0015118584e-03,4.6749946983e-04
20.300000,1.0002083316e-03,4.3182699460e-04
20.350000,1.0014811351e-03,4.4020565029e-04
20.400000,1.0006709755e-03,4.4471761821e-04
20.450000,1.0003896251e-03,4.3848068677e-04
20.500000,1.0015508140e-03,3.9795082473e-04
20.550000,9.9911467664e-04,4.0695548409e-04
20.600000,1.0013514414e-03,3.7088444410e-04
20.650000,1.0003305906e-03,3.7452437663e-04
20.700000,9.9900412191e-04,3.7352064491e-04
20.750000,9.9944681509e-04,3.8228691870e-04
20.800000,9.9987183355e-04,3.7601688050e-04
20.850000,1.0015472035e-03,3.3923047472e-04
20.900000,1.0009457957e-03,3.4886078469e-04
20.950000,1.0010273731e-03,3.2991079008e-04
21.000000,9.9930210111e-04,3.5618888583e-04
21.050000,9.9955823875e-04,3.1886255422e-04
21.100000,1.0007327464e-03,3.0081404149e-04
21.150000,9.9828961277e-04,2.8581808132e-04
21.200000,9.9864217730e-04,2.8683873002e-04
21.250000,1.0004811484e-03,3.0109458051e-04
21.300000,9.9938776648e-04,2.7460995397e-04
21.350000,1.0017426695e-03,2.5531276534e-04
21.400000,9.9978315231e-04,2.7121340908e-04
21.450000,1.0007432224e-03,2.5856153024e-04
21.500000,9.9907621833e-04,2.5622037107e-04
21.550000,9.9992640106e-04,2.6703073920e-04
21.600000,1.0000151989e-03,2.1411765843e-04
21.650000,1.0005388911e-03,1.9778605510e-04
21.700000,1.0003697357e-03,2.1844443751e-04
21.750000,1.0007697303e-03,2.1890094153e-04
21.800000,1.0006315398e-03,2.3415447146e-04
21.850000,9.9996585393e-04,1.9018177875e-04
21.900000,1.0012697788e-03,2.0293329954e-04
21.950000,1.0009362602e-03,1.8729347352e-04
22.000000,1.0011692951e-03,1.9210814229e-04
22.050000,1.0000340481e-03,1.9577593546e-04
22.100000,1.0006097949e-03,1.8906271739e-04
22.150000,1.0013362660e-03,1.6711687685e-04
22.200000,1.0002818330e-03,1.7823591313e-04
22.250000,1.0003337820e-03,1.4636716117e-04
22.300000,9.9964356376e-04,1.6296373409e-04
22.350000,9.9984260458e-04,1.6170374820e-04
22.400000,9.9971228849e-04,1.8945193187e-04
22.450000,9.9796781987e-04,1.6473828817e-04
22.500000,1.0003015025e-03,1.4168003565e-04
22.550000,9.9819321715e-04,1.3050358517e-04
22.600000,9.9840872369e-04,1.5839730530e-04
22.650000,1.0001945598e-03,1.4803996380e-04
22.700000,9.9922821580e-04,1.5250197223e-04
22.750000,9.9859354089e-04,1.2678867304e-04
22.800000,1.0016837574e-03,1.3613666912e-04
22.850000,9.9990106101e-04,1.1790034173e-04
22.900000,1.0004501101e-03,1.3467007935e-04
22.950000,1.0004352548e-03,1.0297330432e-04
23.000000,1.0007119730e-03,1.0851137603e-04
23.050000,9.9913916213e-04,1.2263676740e-04
23.100000,1.0010595192e-03,1.0475534154e-04
23.150000,1.0018574343e-03,1.0089120009e-04
23.200000,9.9960968523e-04,1.0143109908e-04
23.250000,9.9883658953e-04,9.3928378168e-05
23.300000,9.9943063299e-04,1.1624679399e-04
23.350000,1.0009318196e-03,1.0325690863e-04
23.400000,1.0003951971e-03,9.5192598136e-05
23.450000,1.0002720522e-03,9.2644837448e-05
23.500000,1.0000192050e-03,9.1006183295e-05
23.550000,9.9934623555e-04,7.4657128057e-05
23.600000,1.0002982773e-03,8.2712884297e-05
23.650000,1.0006853549e-03,7.9550627546e-05
23.700000,1.0000741419e-03,8.1959140386e-05
23.750000,9.9871074361e-04,9.3591653343e-05
23.800000,9.9937805532e-04,7.9876141786e-05
23.850000,1.0018399416e-03,7.9462896233e-05
23.900000,1.0003557745e-03,6.5073751567e-05
23.950000,1.0003536508e-03,6.0629413326e-05
24.000000,1.0017628536e-03,6.4521342549e-05
24.050000,1.0010992393e-03,5.5241606809e-05
24.100000,9.9939900576e-04,8.0595488031e-05
24.150000,1.0022344263e-03,6.3692708965e-05
24.200000,9.9867577601e-04,5.9071650236e-05
24.250000,1.0011506156e-03,7.2025879782e-05
24.300000,9.9989446604e-04,6.6525734750e-05
24.350000,9.9950587443e-04,5.4479212819e-05
24.400000,1.0009673664e-03,7.6209608996e-05
24.450000,1.0007044374e-03,6.0350828064e-05
24.500000,9.9881801308e-04,8.5024209449e-05
24.550000,1.0002177368e-03,3.6564367878e-05
24.600000,1.0002893504e-03,5.2725963218e-05
24.650000,9.9944276478e-04,4.8540006429e-05
24.700000,9.9918088195e-04,4.4157915417e-05
24.750000,9.9951980515e-04,3.3181218289e-05
24.800000,1.0001875268e-03,5.4213742817e-05
24.850000,1.0014931204e-03,5.7836646844e-05
24.900000,9.9838151975e-04,4.2045460509e-05
24.950000,1.0018696217e-03,5.7489996404e-05
25.000000,9.9956289992e-04,3.6902075828e-05
25.050000,1.0001072396e-03,3.2231902174e-05
25.100000,1.0009657817e-03,4.8133894703e-05
25.150000,1.0006220054e-03,3.0060852396e-05
25.200000,9.9875333830e-04,2.3035172276e-05
25.250000,1.0019764983e-03,4.3560857143e-05
25.300000,9.9918145627e-04,1.7104553065e-05
25.350000,9.9953201945e-04,1.9494216194e-05
25.400000,9.9952796476e-04,4.9885013592e-05
25.450000,9.9936585989e-04,2.7024928212e-05
25.500000,9.9805443122e-04,4.8558341831e-05
25.550000,1.0009243958e-03,2.2772434383e-05
25.600000,1.0006050009e-03,3.7196177912e-05
25.650000,1.0007873332e-03,4.4992004631e-05
25.700000,9.9952175537e-04,3.2534164064e-05
25.750000,9.9904273325e-04,2.2369943187e-05
25.800000,1.0001435078e-03,3.6792934761e-05
25.850000,1.0006409682e-03,4.0116956709e-05
25.900000,1.0010667704e-03,3.4033873747e-05
25.950000,1.0012569576e-03,1.4220801518e-05
26.000000,1.0009722938e-03,3.3209402766e-05
26.050000,9.9976070289e-04,1.3123816175e-05
26.100000,9.9886720054e-04,4.2759088666e-05
26.150000,1.0011718410e-03,3.2344689372e-05
26.200000,9.9911880448e-04,1.9504504632e-05
26.250000,9.9891199426e-04,3.1984725600e-05
26.300000,1.0009232890e-03,2.2483207742e-05
26.350000,9.9956327219e-04,1.8276274914e-05
26.400000,1.0003825604e-03,2.8392232524e-05
26.450000,1.0006155719e-03,5.1465886089e-05
26.500000,9.9957392038e-04,2.2086893252e-05
26.550000,9.9980124132e-04,1.5429789294e-05
26.600000,1.0000843232e-03,2.0044819730e-05
26.650000,9.9925667101e-04,1.1114592459e-05
26.700000,1.0001414562e-03,-3.1856949195e-06
26.750000,9.9858615754e-04,2.9869265913e-05
26.800000,9.9958917949e-04,2.9000284358e-05
26.850000,9.9978176465e-04,1.2036821818e-05
26.900000,9.9959040186e-04,2.0959947988e-05
26.950000,1.0021096275e-03,2.2076991527e-05
27.000000,9.9998647261e-04,1.9466309871e-05
27.050000,1.0010927960e-03,1.7553438039e-05
27.100000,1.0002597320e-03,2.8023344109e-05
27.150000,1.0003979901e-03,8.9785522118e-06
27.200000,9.9974087654e-04,9.2804375234e-06
27.250000,9.9934632861e-04,9.8096352754e-06
27.300000,9.9979077305e-04,3.3435522617e-05
27.350000,9.9957372321e-04,-7.5520581838e-06
27.400000,9.9837340274e-04,2.1746247359e-06
27.450000,9.9948355732e-04,2.8318560294e-05
27.500000,9.9865245370e-04,1.2269800923e-05
27.550000,1.0021632325e-03,2.1760911203e-05
27.600000,1.0017544125e-03,1.9306364681e-05
27.650000,1.0007924232e-03,1.5172540710e-05
27.700000,9.9956736898e-04,-8.5288504310e-06
27.750000,9.9937840256e-04,8.1484683427e-06
27.800000,1.0002968317e-03,1.2040393580e-05
27.850000,9.9954999329e-04,3.8271647997e-07
27.900000,9.9994271196e-04,1.6772945304e-06
27.950000,1.0005099469e-03,7.5572298806e-06
28.000000,9.9882260632e-04,1.7542399163e-05
28.050000,1.0001118493e-03,1.1823361096e-05
28.100000,9.9883879552e-04,1.1813100831e-05
28.150000,9.9852120916e-04,1.3870839081e-05
28.200000,9.9945269011e-04,4.3930225786e-06
28.250000,9.9975614894e-04,7.6631555502e-06
28.300000,1.0021004293e-03,1.4702160985e-05
28.350000,9.9919698287e-04,2.2235575666e-05
28.400000,9.9829145748e-04,6.7355802702e-06
28.450000,1.0022097483e-03,1.6935440855e-05
28.500000,1.0015894101e-03,3.0459572666e-05
28.550000,1.0003377577e-03,7.3024313804e-06
28.600000,1.0005023523e-03,-4.6012123686e-06
28.650000,1.0006796647e-03,7.8508168476e-06
28.700000,9.9862942915e-04,1.1287055959e-05
28.750000,1.0002195593e-03,-1.9858537323e-06
28.800000,1.0012040894e-03,1.5165068603e-05
28.850000,1.0015488418e-03,-7.2549483056e-06
28.900000,1.0008053923e-03,2.3119876295e-05
28.950000,1.0002857000e-03,1.0795413932e-05
29.000000,1.0020327181e-03,2.8368892894e-06
29.050000,9.9914103378e-04,1.6349576539e-06
29.100000,9.9803623354e-04,7.4422777702e-06
29.150000,1.0000238231e-03,3.4669177016e-06
29.200000,1.0006536038e-03,1.8770660064e-05
29.250000,9.9800053639e-04,-1.1637771360e-05
29.300000,1.0005057496e-03,-2.1985440294e-06
29.350000,9.9953604689e-04,4.9809658452e-06
29.400000,9.9993958721e-04,-3.9093875889e-07
29.450000,1.0000875883e-03,7.7934457240e-06
29.500000,9.9923105639e-04,-2.6857167263e-06
29.550000,9.9958269475e-04,-3.9395742668e-06
29.600000,1.0010324313e-03,-2.3502165430e-07
29.650000,1.0016643101e-03,1.5112960576e-05
29.700000,9.9951284084e-04,4.1332220995e-06
29.750000,1.0005512688e-03,1.6480363798e-05
29.800000,1.0004629524e-03,4.2383593583e-06
29.850000,9.9921404964e-04,3.7911439303e-06
29.900000,9.9990460547e-04,-9.0967292433e-07
29.950000,1.0001634438e-03,-9.9604681964e-06
30.000000,1.0004135118e-03,-6.4087319315e-06
30.050000,9.9845307408e-04,-6.6701376022e-06
30.100000,1.0008964804e-03,7.5560600164e-07
30.150000,9.9860244514e-04,-8.0603169672e-07
30.200000,1.0004148879e-03,5.0582030960e-06
30.250000,9.9931580569e-04,5.3988296776e-07
30.300000,9.9874368238e-04,-9.7729570346e-06
30.350000,9.9934038479e-04,2.3636333332e-05
30.400000,9.9994113646e-04,-1.5017790317e-05
30.450000,1.0009447191e-03,1.6683041310e-05
30.500000,1.0023040909e-03,-6.2042790835e-06
30.550000,9.9917487365e-04,8.7637496231e-06
30.600000,1.0011144832e-03,-1.1453224124e-05
30.650000,1.0006344096e-03,8.0382151615e-06
30.700000,1.0006689604e-03,1.3572751455e-05
30.750000,1.0006761818e-03,-1.6338821292e-05
30.800000,1.0000869988e-03,1.2661333595e-05
30.850000,1.0008355337e-03,3.0430781053e-06
30.900000,9.9940918597e-04,1.4887505162e-05
30.950000,9.9813803340e-04,-9.9398920459e-06
31.000000,9.9986248117e-04,6.4532508649e-06
31.050000,9.9920044827e-04,-9.8047696066e-06
31.100000,1.0009942581e-03,-1.1440504687e-05
31.150000,9.9956529388e-04,-1.2111421382e-05
31.200000,9.9981611047e-04,1.2903381919e-06
31.250000,9.9956267554e-04,6.3786490709e-06
31.300000,9.9982528975e-04,-5.7136505884e-07
31.350000,9.9950328475e-04,-7.8453411624e-06
31.400000,1.0005289237e-03,-9.6022352272e-06
31.450000,9.9861707402e-04,3.9795096352e-06
31.500000,9.9981700551e-04,8.0474288878e-06
31.550000,1.0010678078e-03,-6.5704288746e-06
31.600000,1.0000314217e-03,2.0209149432e-06
31.650000,1.0015337964e-03,-1.5660238762e-06
31.700000,1.0019545792e-03,4.0220742328e-06
31.750000,9.9963096454e-04,-1.4042126017e-05
31.800000,1.0003160343e-03,-5.9877492597e-06
31.850000,9.9832491905e-04,2.4546657610e-06
31.900000,9.9974867496e-04,1.0178060637e-05
31.950000,9.9900191382e-04,-1.3926453153e-05
32.000000,9.9892041609e-04,7.8610918387e-06
32.050000,9.9989017462e-04,3.6882076023e-06
32.100000,1.0002390637e-03,9.5679648327e-06
32.150000,1.0016147086e-03,-9.9086819005e-06
32.200000,1.0005426287e-03,2.0529178068e-05
32.250000,9.9897767728e-04,6.7981270195e-06
32.300000,9.9966363280e-04,9.1049857138e-06
32.350000,1.0014486624e-03,1.1723736709e-05
32.400000,1.0006789363e-03,6.5906814005e-06
32.450000,9.9962868691e-04,-9.0206462823e-06
32.500000,9.9898304903e-04,-9.7753030817e-06
32.550000,9.9863309742e-04,1.2769789142e-05
32.600000,1.0005038409e-03,1.6509611786e-06
32.650000,1.0008707935e-03,5.0697247882e-07
32.700000,9.9901625285e-04,-1.9038716371e-05
32.750000,9.9691661441e-04,-7.6846333865e-06
32.800000,9.9977855711e-04,-2.7021258185e-06
32.850000,9.9976422143e-04,-9.1396380842e-06
32.900000,9.9963345320e-04,5.4724115281e-06
32.950000,9.9964181186e-04,-1.6058603691e-05
33.000000,9.9915918694e-04,4.4445762439e-06
33.050000,1.0004894646e-03,3.8886985136e-07
33.100000,9.9986096832e-04,1.5492066887e-05
33.150000,9.9942832992e-04,-1.3545838646e-05
33.200000,1.0006359504e-03,1.1041752867e-06
33.250000,9.9800069178e-04,-4.4511819509e-06
33.300000,1.0004046033e-03,4.6974834172e-07
33.350000,1.0004269850e-03,6.5166682924e-07
33.400000,9.9907850561e-04,-2.8057376861e-06
33.450000,1.0003807443e-03,-5.1984992602e-06
33.500000,1.0000063289e-03,1.8370239505e-06
33.550000,1.0021537309e-03,4.6046549789e-06
33.600000,1.0010155624e-03,1.0365088170e-05
33.650000,1.0008703299e-03,1.0063405665e-05
33.700000,9.9773897800e-04,1.3591820438e-05
33.750000,1.0003749009e-03,4.4644961958e-06
33.800000,9.9938392484e-04,-3.1435602188e-05
33.850000,9.9856689945e-04,-1.2791532694e-05
33.900000,9.9755669945e-04,9.3906641957e-06
33.950000,1.0000850584e-03,-2.4238408721e-06
34.000000,1.0004666523e-03,-1.6725928957e-05
34.050000,9.9816987822e-04,1.8415164460e-06
34.100000,1.0011188588e-03,-2.2173285400e-05
34.150000,9.9973937757e-04,1.5253885762e-05
34.200000,1.0007348065e-03,-9.2274842068e-06
34.250000,1.0001224601e-03,-1.6711749222e-05
34.300000,9.9973620934e-04,-5.9171975247e-06
34.350000,1.0002229924e-03,-1.6583648833e-05
34.400000,1.0004893865e-03,1.7057556107e-05
34.450000,1.0016047955e-03,8.2095817270e-06
34.500000,1.0019355757e-03,-1.1878761902e-05
34.550000,1.0009084847e-03,-1.5215990538e-06
34.600000,9.9884674152e-04,3.5550050801e-06
34.650000,9.9929004790e-04,-1.3927129458e-06
34.700000,1.0008328776e-03,-1.3440933617e-05
34.750000,1.0030449748e-03,-9.4437752540e-06
34.800000,1.0005874651e-03,1.1314089761e-05
34.850000,9.9884878386e-04,1.5617724500e-05
34.900000,9.9875044300e-04,-7.1881668514e-06
34.950000,9.9995583615e-04,3.1744314847e-07
35.000000,9.9969547219e-04,4.1092455482e-06
35.050000,9.9853754121e-04,-6.7961707558e-06
35.100000,1.0002780270e-03,-3.0202887743e-06
35.150000,9.9930242959e-04,1.2144581674e-05
35.200000,9.9732979403e-04,9.9882782528e-06
35.250000,1.0012910959e-03,-7.2730461016e-06
35.300000,1.0010725410e-03,-1.0509418218e-05
35.350000,1.0004669831e-03,-1.0382003787e-05
35.400000,1.0020453079e-03,1.7794820710e-06
35.450000,9.9993952882e-04,8.9900861813e-06
35.500000,9.9978770241e-04,-1.1932605639e-06
35.550000,1.0010567467e-03,2.1873939506e-06
35.600000,1.0004043388e-03,1.6534057105e-06
35.650000,1.0010633672e-03,-2.2026609302e-06
35.700000,9.9978123352e-04,1.5225650551e-06
35.750000,9.9923169363e-04,-7.2990632044e-06
35.800000,9.9952870674e-04,2.7273985651e-06
35.850000,9.9915055003e-04,2.2144118155e-05
35.900000,9.9981282886e-04,8.7838724678e-06
35.950000,1.0002207613e-03,4.8611410738e-06
36.000000,1.0006623813e-03,1.4862399089e-05
36.050000,1.0014151102e-03,2.5440451969e-06
36.100000,9.9823743362e-04,-2.5699617130e-06
36.150000,9.9877923269e-04,1.1794925963e-06
36.200000,9.9946021873e-04,1.8679817563e-05
36.250000,1.0015408207e-03,-5.7420240636e-06
36.300000,1.0019182839e-03,2.7942770127e-07
36.350000,9.9795264261e-04,2.1548793680e-05
36.400000,9.9967477517e-04,1.0573082128e-05
36.450000,9.9926352359e-04,-1.3227634989e-05
36.500000,1.0008597989e-03,1.3585148388e-06
36.550000,9.9976486030e-04,1.5789271241e-05
36.600000,1.0003610572e-03,1.6960797420e-06
36.650000,9.9843812872e-04,1.4893110649e-06
36.700000,1.0007122171e-03,1.0177847668e-05
36.750000,1.0011602849e-03,-8.7656200736e-06
36.800000,1.0000666258e-03,1.1792645712e-06
36.850000,1.0004054295e-03,1.4799957190e-05
36.900000,1.0002432840e-03,8.7969677529e-06
36.950000,1.0003156444e-03,8.4725410868e-06
37.000000,1.0004853719e-03,-1.4820740028e-05
37.050000,1.0006415533e-03,-3.4207911044e-06
37.100000,1.0007969902e-03,-1.9497889724e-06
37.150000,1.0026634487e-03,-1.7791008198e-05
37.200000,9.9898560802e-04,-1.3561288199e-06
37.250000,9.9881989410e-04,-3.6004060555e-06
37.300000,1.0000343936e-03,6.9077287133e-06
37.350000,9.9949538073e-04,-2.2950488354e-06
37.400000,1.0001112030e-03,-1.3504077708e-06
37.450000,1.0003035832e-03,-7.6077889040e-07
37.500000,1.0013083687e-03,2.4571323710e-05
37.550000,9.9990447473e-04,-7.4654367373e-06
37.600000,9.9676342595e-04,-4.1133684499e-06
37.650000,9.9989613138e-04,-1.4531182659e-05
37.700000,9.9872344811e-04,8.4878368254e-06
37.750000,1.0010824833e-03,2.2165967935e-06
37.800000,1.0006651419e-03,-1.7587037326e-05
37.850000,1.0017059841e-03,-9.0739433572e-06
37.900000,1.0021396734e-03,-8.9686619613e-07
37.950000,1.0007260784e-03,-2.4331002778e-06
38.000000,9.9918939528e-04,-5.7721573832e-06
38.050000,9.9949000392e-04,-3.0216282213e-06
38.100000,1.0009246455e-03,-2.6547057969e-07
38.150000,1.0012536553e-03,-1.2277161001e-05
38.200000,1.0013047427e-03,-1.4422701780e-05
38.250000,9.9910590982e-04,1.6786134989e-05
38.300000,9.9948256259e-04,-1.0601092810e-05
38.350000,9.9922766359e-04,7.7549231836e-06
38.400000,9.9854355160e-04,-1.2957155490e-06
38.450000,9.9945006345e-04,-1.0186040506e-05
38.500000,1.0009390923e-03,-1.9568888595e-05
38.550000,9.9956624552e-04,-1.4181701749e-05
38.600000,9.9911090063e-04,-4.8681020598e-06
38.650000,9.9961019988e-04,-1.3105360944e-05
38.700000,9.9970681866e-04,-5.2721089766e-06
38.750000,9.9948571588e-04,-2.4089287259e-05
38.800000,9.9988401439e-04,1.3585221007e-05
38.850000,1.0000940195e-03,8.4079769885e-06
38.900000,9.9965121898e-04,-2.2015728132e-06
38.950000,1.0000174977e-03,5.8037820027e-06
39.000000,9.9952048804e-04,1.0507168857e-05
39.050000,1.0000016035e-03,5.5744927395e-06
39.100000,9.9994720471e-04,6.0639485350e-06
39.150000,1.0002539294e-03,-2.5321799219e-07
39.200000,1.0016837803e-03,-1.7866796769e-06
39.250000,1.0011957314e-03,-1.6997248047e-05
39.300000,9.9996901579e-04,2.1181081475e-06
39.350000,9.9959321373e-04,6.5621232867e-07
39.400000,1.0000420664e-03,-4.0987471854e-06
39.450000,1.0011096789e-03,-7.2144533557e-06
39.500000,1.0004658075e-03,-4.0672004752e-06
39.550000,1.0012534417e-03,-3.8777988943e-06
39.600000,9.9843201263e-04,-6.4719464820e-06
39.650000,9.9950293803e-04,1.0178761298e-05
39.700000,9.9847651253e-04,-1.9091186671e-06
39.750000,9.9886242946e-04,3.5603526982e-06
39.800000,1.0003484856e-03,-1.1146679767e-06
39.850000,9.9876988559e-04,-2.5562294068e-06
39.900000,9.9990498184e-04,7.0073481286e-07
39.950000,9.9873025611e-04,1.6053619349e-05
40.000000,9.9976404154e-04,-1.0535266020e-05
40.050000,9.9795391223e-04,-6.3659091997e-06
40.100000,9.9959111945e-04,9.6606664751e-06
40.150000,9.9928052731e-04,-9.6211279170e-06
40.200000,1.0011011994e-03,7.8706907438e-06
40.250000,9.9871612629e-04,-3.4259884430e-06
40.300000,9.9958661237e-04,-5.4877953019e-06
40.350000,9.9902786825e-04,1.3315332674e-05
40.400000,1.0010637211e-03,1.3629096654e-05
40.450000,1.0006204325e-03,3.9260833113e-06
40.500000,1.0008758557e-03,1.1757325406e-05
40.550000,9.9892873815e-04,-8.8488518080e-06
40.600000,9.9707835039e-04,-1.6341161829e-05
40.650000,1.0008249965e-03,1.3911374441e-06
40.700000,1.0000432010e-03,-1.2772651383e-05
40.750000,9.9931904633e-04,-1.9787770758e-06
40.800000,9.9922226482e-04,-9.0346635711e-08
40.850000,1.0002078477e-03,2.0547623187e-05
40.900000,9.9891272022e-04,6.4177230362e-06
40.950000,9.9810962381e-04,1.3094972801e-05
41.000000,9.9905722940e-04,-2.3844766461e-06
41.050000,9.9953915528e-04,-1.5882522343e-05
41.100000,9.9783127831e-04,3.6491429431e-07
41.150000,9.9901012512e-04,-1.1787526743e-06
41.200000,1.0008586626e-03,7.7350493081e-06
41.250000,1.0002089481e-03,7.3696147976e-08
41.300000,9.9994147411e-04,2.2289670160e-06
41.350000,1.0001963309e-03,-4.6352867556e-06
41.400000,9.9843200585e-04,5.1562705029e-06
41.450000,1.0013923415e-03,2.9994158339e-06
41.500000,9.9926954497e-04,-1.0361131499e-05
41.550000,9.9817235038e-04,-1.0217628452e-05
41.600000,9.9817293086e-04,-5.5207566130e-06
41.650000,9.9974461329e-04,-1.6924440687e-05
41.700000,1.0009600834e-03,-1.7556162913e-05
41.750000,9.9961850660e-04,-4.6281772100e-06
41.800000,9.9996753863e-04,-7.2258315201e-06
41.850000,9.9849810696e-04,-1.0444158820e-05
41.900000,9.9958253667e-04,-3.3186701322e-06
41.950000,9.9703269587e-04,-1.5750323760e-05
42.000000,9.9843014137e-04,-2.1372978220e-05
42.050000,9.9920262459e-04,-3.0501225722e-06
42.100000,1.0004761469e-03,-1.4072045418e-05
42.150000,1.0008993966e-03,9.2683070739e-06
42.200000,9.9942917676e-04,6.6832658841e-06
42.250000,1.0004384475e-03,-2.1524365662e-06
42.300000,9.9917624381e-04,-5.1508446978e-06
42.350000,9.9916487412e-04,1.0822208392e-05
42.400000,1.0001358619e-03,-1.7011765685e-05
42.450000,1.0001810439e-03,1.1995403622e-06
42.500000,1.0010534870e-03,-4.7314669693e-06
42.550000,1.0004393886e-03,-1.7212924592e-05
42.600000,1.0008454175e-03,-4.5310896506e-06
42.650000,9.9820848759e-04,4.2952184373e-06
42.700000,9.9947156509e-04,5.5636090261e-06
42.750000,9.9981350544e-04,7.3184868304e-06
42.800000,1.0012325837e-03,6.7339577014e-06
42.850000,9.9836209385e-04,1.2835820663e-06
42.900000,9.9803295965e-04,6.2733640657e-06
42.950000,9.9930364698e-04,9.3029470115e-06
43.000000,1.0004918824e-03,-1.1132221276e-06
43.050000,9.9917858342e-04,1.1102562531e-05
43.100000,9.9987793510e-04,-5.3020935435e-06
43.150000,1.0004337845e-03,1.7492305156e-07
43.200000,9.9887949998e-04,1.5738682347e-05
43.250000,9.9788414623e-04,1.8712555664e-06
43.300000,1.0002480020e-03,3.9707218373e-06
43.350000,9.9992286675e-04,1.0930204245e-05
43.400000,1.0004491862e-03,3.5796825595e-06
43.450000,1.0010182962e-03,1.4780079406e-05
43.500000,9.9900448222e-04,-3.7867332167e-06
43.550000,9.9989718398e-04,1.0974743354e-05
43.600000,1.0008825319e-03,-1.7278423467e-06
43.650000,1.0004500730e-03,1.6041576067e-05
43.700000,9.9909986415e-04,6.4586889488e-06
43.750000,9.9950701157e-04,8.2303509075e-06
43.800000,1.0009368256e-03,1.5273895497e-06
43.850000,9.9801484955e-04,-1.7371248346e-05
43.900000,9.9911951313e-04,-3.0221938032e-06
43.950000,1.0003396955e-03,1.2282857439e-05
44.000000,1.0005472394e-03,-1.3932496798e-06
44.050000,1.0006129111e-03,-8.6375767413e-07
44.100000,9.9973748612e-04,-1.2228096502e-05
44.150000,1.0012480599e-03,-8.0121802022e-06
44.200000,1.0004442643e-03,-1.0948564005e-05
44.250000,9.9874055550e-04,-3.0345612526e-05
44.300000,1.0005563917e-03,6.6305265038e-07
44.350000,1.0017440527e-03,1.1417623368e-05
44.400000,9.9927598793e-04,-1.8998142628e-05
44.450000,1.0005486967e-03,2.5411794156e-06
44.500000,1.0005617744e-03,1.9615296394e-06
44.550000,9.9965874575e-04,8.2255419673e-06
44.600000,1.0006999796e-03,5.8405459481e-07
44.650000,1.0003134849e-03,5.0785842278e-06
44.700000,9.9923269352e-04,-1.0859040260e-06
44.750000,9.9947161662e-04,-8.3868225332e-06
44.800000,1.0018380226e-03,-1.7427877772e-05
44.850000,1.0016746819e-03,6.7718655801e-06
44.900000,9.9996346315e-04,-1.4706723714e-05
44.950000,1.0001991541e-03,1.4780887113e-05
45.000000,1.0014297365e-03,7.0531816320e-06
45.050000,9.9918064914e-04,2.3470053557e-06
45.100000,1.0005143338e-03,-7.7185110053e-06
45.150000,9.9831008724e-04,2.9979405340e-07
45.200000,1.0002498032e-03,-3.2369703258e-06
45.250000,1.0002931498e-03,1.7445038216e-06
45.300000,1.0001727504e-03,-1.1768175271e-05
45.350000,9.9986899342e-04,-5.9620196427e-06
45.400000,1.0020303326e-03,8.1791811277e-06
45.450000,1.0001263461e-03,2.7200337526e-06
45.500000,1.0010976610e-03,-8.0795078225e-07
45.550000,9.9960430204e-04,5.8780451288e-06
45.600000,1.0002280157e-03,-7.8647644696e-06
45.650000,9.9879965213e-04,2.3413456085e-06
45.700000,9.9925159054e-04,-2.0205036158e-05
45.750000,1.0001285234e-03,1.4821351323e-06
45.800000,1.0000732775e-03,-1.3441022210e-05
45.850000,1.0024114441e-03,-3.4977242663e-06
45.900000,1.0005094553e-03,-1.4063933118e-05
45.950000,9.9972476348e-04,-2.2189153248e-05
46.000000,1.0027644301e-03,-1.6271430771e-05
46.050000,1.0011159918e-03,-4.5050086633e-06
46.100000,1.0009419788e-03,-4.3134995090e-06
46.150000,9.9994295129e-04,3.9507788105e-06
46.200000,1.0009844796e-03,6.1346329898e-06
46.250000,1.0012701158e-03,-6.4703610307e-06
46.300000,1.0011148263e-03,4.8683333291e-07
46.350000,9.9905795345e-04,1.6905506946e-05
46.400000,9.9918339172e-04,-1.2922176179e-05
46.450000,1.0005212167e-03,1.0921810428e-05
46.500000,9.9998509039e-04,-2.7922129931e-06
46.550000,9.9917578780e-04,-2.2749685530e-06
46.600000,1.0023397977e-03,-8.2403484517e-06
46.650000,1.0005201851e-03,9.4900330994e-06
46.700000,1.0000395800e-03,-1.0579109511e-06
46.750000,9.9890587823e-04,1.5399907750e-06
46.800000,9.9945740376e-04,-1.2383118452e-06
46.850000,9.9715740879e-04,-1.1719993286e-05
46.900000,9.9913930294e-04,-1.2424192437e-05
46.950000,1.0010706963e-03,9.5158721598e-06
47.000000,9.9872251964e-04,-1.7256484327e-05
47.050000,1.0022414502e-03,1.6439153358e-05
47.100000,1.0006757594e-03,3.6326005190e-06
47.150000,9.9971565298e-04,-1.0912824962e-05
47.200000,1.0028144531e-03,-1.1701518712e-05
47.250000,9.9819554740e-04,4.7280478923e-06
47.300000,1.0010784000e-03,-2.1330869502e-05
47.350000,9.9900106253e-04,-5.8023130668e-07
47.400000,1.0004458216e-03,3.9121752036e-06
47.450000,9.9997960554e-04,5.9014562950e-06
47.500000,9.9903535541e-04,-4.7132047030e-06
47.550000,9.9991858067e-04,1.6546394315e-05
47.600000,1.0002782371e-03,5.4647099238e-06
47.650000,9.9978880279e-04,-1.7486182410e-05
47.700000,9.9912163492e-04,1.0627775174e-06
47.750000,1.0006189643e-03,-7.3841047954e-06
47.800000,1.0011858509e-03,-6.2823679697e-06
47.850000,9.9892972509e-04,-2.1614277144e-06
47.900000,1.0002495110e-03,2.3466161297e-06
47.950000,9.9989254047e-04,3.4790153061e-06
48.000000,9.9883998738e-04,-6.9172268952e-06
48.050000,9.9936853162e-04,7.7239963432e-06
48.100000,1.0002931097e-03,9.0775270368e-06
48.150000,9.9756250706e-04,-8.9528944442e-06
48.200000,1.0002476613e-03,2.7329220197e-06
48.250000,1.0026104651e-03,-7.1061011863e-06
48.300000,9.9866839549e-04,7.7860998517e-06
48.350000,9.9986008933e-04,5.9394355926e-06
48.400000,9.9959353033e-04,4.2466460996e-06
48.450000,1.0006798939e-03,-3.9317563982e-06
48.500000,9.9909491833e-04,9.4092431984e-06
48.550000,9.9991889549e-04,-3.7277505913e-06
48.600000,9.9916335481e-04,2.1543743402e-05
48.650000,9.9821236246e-04,-1.7095013379e-05
48.700000,9.9959370320e-04,-2.5447485674e-06
48.750000,1.0005998416e-03,-6.5891086604e-06
48.800000,1.0005032539e-03,5.1027577241e-06
48.850000,1.0013301463e-03,-9.5700036827e-06
48.900000,9.9912110553e-04,1.9413535952e-05
48.950000,9.9992163269e-04,-4.2642658346e-07
49.000000,1.0008569284e-03,8.1667457977e-06
49.050000,9.9839767749e-04,6.7698684535e-06
49.100000,9.9930591251e-04,-1.1882665247e-05
49.150000,1.0009711847e-03,-4.9691056022e-07
49.200000,9.9934612552e-04,-9.0622629672e-07
49.250000,9.9981022280e-04,-1.1296348364e-05
49.300000,9.9928537141e-04,-1.6683866037e-05
49.350000,1.0002414706e-03,-4.6290053518e-06
49.400000,1.0006758584e-03,7.1212698543e-07
49.450000,1.0006056951e-03,-3.7614374460e-06
49.500000,9.9935550928e-04,8.7290608878e-06
49.550000,9.9993935264e-04,-4.8074279329e-06
49.600000,1.0008242431e-03,-8.5871394817e-06
49.650000,1.0008794898e-03,6.4702314787e-06
49.700000,1.0014119344e-03,9.5866627244e-06
49.750000,1.0008062416e-03,8.4905103380e-06
49.800000,9.9924555952e-04,-1.1035704964e-05
49.850000,1.0010062218e-03,-6.9878257478e-06
49.900000,1.0003803908e-03,1.3816380150e-05
49.950000,1.0001797565e-03,1.1264673348e-05
50.000000,9.9878559342e-04,3.2261470567e-07
50.050000,1.0004070428e-03,9.9893170177e-06
50.100000,9.9910278296e-04,7.5667224781e-06
50.150000,1.0011982011e-03,-2.0665922360e-05
50.200000,9.9964338396e-04,1.7513739779e-05
50.250000,9.9909455332e-04,5.6050474522e-07
50.300000,9.9964892194e-04,-6.2144768205e-06
50.350000,9.9953638479e-04,9.2499909902e-06
50.400000,9.9983526515e-04,9.8446612984e-06
50.450000,1.0001637543e-03,6.7182229799e-06
50.500000,9.9809146359e-04,-2.2893680010e-06
50.550000,1.0026504271e-03,4.7536844713e-06
50.600000,9.9984417911e-04,8.1063566000e-07
50.650000,1.0002481570e-03,-1.4428024693e-05
50.700000,1.0011154793e-03,2.8397373998e-06
50.750000,9.9863780464e-04,-1.3294925123e-05
50.800000,1.0010807238e-03,-1.1953072731e-05
50.850000,1.0018090526e-03,1.3997280357e-06
50.900000,9.9933870223e-04,1.8591826319e-07
50.950000,9.9921576133e-04,-1.8647914427e-05
51.000000,1.0010978168e-03,-1.9533754253e-05
51.050000,1.0001019129e-03,6.7308673696e-06
51.100000,1.0003695510e-03,-8.5147768550e-06
51.150000,9.9866451543e-04,4.0635913392e-06
51.200000,1.0005781901e-03,-1.3445300366e-05
51.250000,9.9977725852e-04,-5.0114375965e-06
51.300000,9.9872362486e-04,-8.8887803689e-06
51.350000,9.9842126874e-04,2.5024928366e-06
51.400000,1.0020443757e-03,1.0835463138e-05
51.450000,1.0006724999e-03,-8.4975496836e-06
51.500000,9.9864165909e-04,-6.0797485664e-06
51.550000,9.9983425866e-04,4.5434880157e-06
51.600000,9.9987770824e-04,-3.2665577348e-06
51.650000,9.9956597680e-04,-5.1118780894e-06
51.700000,1.0002552310e-03,-4.7704593267e-06
51.750000,9.9949868712e-04,6.3985009815e-06
51.800000,1.0007932687e-03,-2.5647815020e-06
51.850000,1.0000995311e-03,4.3013260053e-06
51.900000,9.9974245414e-04,-3.6410811050e-06
51.950000,9.9913376509e-04,-7.5032141507e-06
52.000000,1.0006781595e-03,-9.4307437562e-06
52.050000,9.9939217704e-04,-5.7257575426e-06
52.100000,9.9883493141e-04,1.1548493379e-05
52.150000,9.9900246268e-04,2.0015950522e-05
52.200000,9.9880594650e-04,1.0904171648e-06
52.250000,1.0012651183e-03,-2.8179235799e-07
52.300000,9.9987106402e-04,-1.8211829546e-05
52.350000,9.9908196209e-04,1.3521127700e-05
52.400000,9.9985173111e-04,8.5313083710e-06
52.450000,9.9857935526e-04,8.8841027633e-06
52.500000,9.9918708516e-04,-1.7998314469e-05
52.550000,1.0006228261e-03,6.3180526261e-06
52.600000,1.0005715691e-03,-1.7115232801e-05
52.650000,9.9958615837e-04,-2.2125224004e-05
52.700000,1.0006712887e-03,-9.2819254443e-07
52.750000,9.9945484998e-04,1.4213292524e-05
52.800000,9.9908948019e-04,9.8633084896e-06
52.850000,9.9894348031e-04,2.1429327092e-05
52.900000,1.0006961659e-03,1.1528334819e-05
52.950000,9.9896945295e-04,-1.4179109958e-05
53.000000,1.0012568789e-03,1.2298037290e-05
53.050000,9.9916838315e-04,-1.0121697608e-05
53.100000,1.0001213313e-03,3.9108816383e-06
53.150000,9.9968803114e-04,8.9993395409e-06
53.200000,9.9898430755e-04,-2.1824529199e-05
53.250000,1.0001340411e-03,-2.1585712862e-06
53.300000,9.9934521077e-04,-1.5436433315e-05
53.350000,9.9822065276e-04,1.1618330183e-05
53.400000,9.9907791035e-04,-6.7247757070e-06
53.450000,9.9980494786e-04,-4.7686060320e-06
53.500000,9.9918880035e-04,9.3903277601e-06
53.550000,9.9919085655e-04,9.0197899718e-06
53.600000,1.0001753378e-03,2.2394050082e-06
53.650000,1.0009495965e-03,4.0442942804e-06
53.700000,9.9912270915e-04,1.0480907502e-05
53.750000,1.0006201019e-03,1.1261749027e-05
53.800000,1.0011119969e-03,-7.5919031736e-06
53.850000,1.0000611896e-03,-1.7133930109e-06
53.900000,9.9873596951e-04,-1.2369940382e-05
53.950000,9.9877128446e-04,-5.2762507617e-06
54.000000,1.0004786294e-03,5.9957218693e-06
54.050000,1.0019968290e-03,1.3285170613e-05
54.100000,1.0008237443e-03,4.8225815775e-06
54.150000,1.0001281993e-03,-2.7446762728e-06
54.200000,9.9974680898e-04,9.7382482448e-06
54.250000,9.9951538481e-04,-1.0463341326e-05
54.300000,9.9998054982e-04,-6.9824474686e-06
54.350000,9.9763825407e-04,2.5888434164e-05
54.400000,1.0007248038e-03,1.1526315096e-06
54.450000,9.9871904611e-04,1.8493953471e-06
54.500000,1.0011182121e-03,-5.3522655061e-06
54.550000,9.9794467197e-04,-9.2008418047e-06
54.600000,1.0006113330e-03,-1.9733580536e-05
54.650000,1.0008880184e-03,8.5959309935e-06
54.700000,1.0007214268e-03,-1.2193351741e-05
54.750000,1.0006443870e-03,5.8637618112e-06
54.800000,9.9950276509e-04,-1.9038238538e-06
54.850000,1.0008609630e-03,8.4488971173e-06
54.900000,9.9908638674e-04,4.8310681941e-06
54.950000,1.0005015258e-03,-9.0519268792e-06
55.000000,1.0000985768e-03,-1.1300857317e-05
55.050000,9.9867517057e-04,1.6404450464e-05
55.100000,9.9986338320e-04,3.0270501694e-06
55.150000,9.9933500171e-04,-5.5535334388e-06
55.200000,9.9982340274e-04,3.7476287614e-06
55.250000,9.9945099262e-04,1.2269561869e-05
55.300000,1.0016667773e-03,4.8562420802e-06
55.350000,1.0023603085e-03,4.2068624315e-06
55.400000,9.9978540553e-04,-6.9376885058e-06
55.450000,9.9943068646e-04,4.1419351240e-06
55.500000,9.9805256259e-04,-8.0782757186e-06
55.550000,1.0000902246e-03,1.6903062064e-07
55.600000,1.0006994443e-03,1.4188410699e-06
55.650000,1.0004258906e-03,-1.4027587523e-06
55.700000,9.9965518288e-04,1.7469788647e-05
55.750000,9.9895967448e-04,1.4268602023e-05
55.800000,9.9921118218e-04,-1.8641765876e-06
55.850000,9.9816912088e-04,-3.5189786721e-06
55.900000,1.0012797719e-03,1.6467372392e-05
55.950000,9.9883426456e-04,3.8465318421e-06
56.000000,1.0001610217e-03,-9.3328148128e-06
56.050000,1.0017158953e-03,1.3905774857e-05
56.100000,1.0010632699e-03,-1.7816418936e-07
56.150000,1.0014194100e-03,1.7478196261e-06
56.200000,9.9957465484e-04,-6.1043439384e-06
56.250000,1.0001846266e-03,1.4658254658e-06
56.300000,9.9920506474e-04,-1.7322842749e-05
56.350000,1.0008052585e-03,4.7685700877e-06
56.400000,9.9960172239e-04,-1.0079904573e-05
56.450000,1.0004141320e-03,1.2031854775e-05
56.500000,9.9953273320e-04,-3.2767511126e-06
56.550000,1.0011048372e-03,-1.0267282073e-05
56.600000,9.9877665433e-04,1.0005285043e-05
56.650000,9.9905173258e-04,-2.0727189975e-05
56.700000,1.0004111855e-03,8.2679891265e-06
56.750000,9.9983328888e-04,-4.6395613312e-06
56.800000,1.0001178457e-03,4.1143206843e-06
56.850000,9.9962820255e-04,-1.2179715756e-06
56.900000,1.0007084648e-03,1.4366592024e-05
56.950000,9.9939099132e-04,6.1709641247e-07
57.000000,1.0018648780e-03,-1.1260550353e-05
57.050000,9.9999431399e-04,-5.6178253110e-06
57.100000,9.9850203496e-04,4.0872586347e-06
57.150000,1.0004932928e-03,-1.4746200916e-05
57.200000,1.0008508090e-03,2.4492638247e-06
57.250000,9.9868230353e-04,-9.2879988757e-06
57.300000,1.0005109067e-03,1.0439837667e-06
57.350000,9.9969062609e-04,-4.9924398821e-06
57.400000,1.0008483279e-03,-5.3232339930e-06
57.450000,1.0019480263e-03,1.3986898063e-06
57.500000,1.0004814285e-03,3.0489811714e-05
57.550000,1.0002928019e-03,6.7517117656e-06
57.600000,1.0003995675e-03,-8.0494630804e-06
57.650000,9.9885363093e-04,7.9698180946e-07
57.700000,9.9775568398e-04,1.2187165039e-05
57.750000,1.0002451163e-03,-1.2307242788e-05
57.800000,9.9886211174e-04,5.6880213107e-06
57.850000,1.0023238925e-03,9.2029542756e-06
57.900000,1.0022073980e-03,-6.1707454538e-06
57.950000,1.0003900598e-03,1.3278283750e-05
58.000000,9.9949430833e-04,1.6701358916e-05
58.050000,1.0015905482e-03,1.5640992909e-05
58.100000,1.0013885455e-03,8.7548721121e-06
58.150000,9.9891744099e-04,-1.8638100706e-05
58.200000,1.0000994918e-03,-4.9861963955e-06
58.250000,9.9998970418e-04,5.9145441300e-06
58.300000,1.0002926966e-03,1.1167209282e-05
58.350000,9.9988604784e-04,-3.9747474878e-06
58.400000,9.9911724633e-04,-1.6571350802e-07
58.450000,9.9976441097e-04,1.3435651109e-06
58.500000,9.9923095913e-04,-2.3846917428e-06
58.550000,1.0011783266e-03,-1.2259099163e-05
58.600000,1.0018677048e-03,-1.0433651786e-05
58.650000,1.0000849595e-03,2.6366281882e-06
58.700000,1.0007941050e-03,-6.7933553478e-06
58.750000,9.9905349461e-04,-1.2462148552e-06
58.800000,1.0003878680e-03,8.4440842776e-06
58.850000,1.0005544096e-03,-1.8040518298e-05
58.900000,1.0002730968e-03,1.0253336217e-05
58.950000,1.0010732471e-03,8.0193960918e-06
59.000000,9.9839086501e-04,-4.8949745580e-06
59.050000,9.9975863624e-04,-1.1286755795e-05
59.100000,1.0001647150e-03,2.7237553980e-06
59.150000,9.9973908661e-04,1.1011129657e-05
59.200000,1.0000838066e-03,-6.0096643630e-06
59.250000,9.9998975581e-04,-1.5369347770e-05
59.300000,9.9951338489e-04,-5.5546704533e-06
59.350000,1.0036289965e-03,-7.5439920358e-06
59.400000,9.9939774697e-04,1.3511312230e-05
59.450000,1.0019977456e-03,-1.0422500682e-05
59.500000,9.9961393181e-04,-8.8789457003e-06
59.550000,1.0002397293e-03,-7.3525695022e-06
59.600000,1.0003982127e-03,5.7328144596e-06
59.650000,9.9986324916e-04,5.0272988110e-07
59.700000,9.9943893782e-04,-4.0462067235e-06
59.750000,1.0003007207e-03,-4.8479496477e-07
59.800000,1.0008713325e-03,2.8390593108e-06
59.850000,1.0009144940e-03,3.8414386890e-06
59.900000,1.0002420153e-03,6.9592317339e-06
59.950000,1.0020238172e-03,-1.5055229834e-05
60.000000,1.0007693546e-03,-1.3951352864e-05
60.050000,1.0007240483e-03,-3.9819519641e-06
60.100000,1.0012766073e-03,-8.0798766160e-07
60.150000,9.9894281879e-04,-6.5519288050e-06
60.200000,1.0002728826e-03,-1.4567604695e-05
60.250000,9.9885298789e-04,1.3285154858e-06
60.300000,1.0007320505e-03,-2.9685056052e-07
60.350000,1.0006717180e-03,-8.1811382899e-06
60.400000,9.9940100223e-04,-1.8951290500e-05
60.450000,1.0017349213e-03,7.2779678082e-06
60.500000,1.0004007495e-03,-3.1244897885e-06
60.550000,1.0000668424e-03,-8.5660493505e-06
60.600000,9.9831619419e-04,1.9509926863e-06
60.650000,9.9911865954e-04,8.5352641856e-06
60.700000,9.9980826828e-04,-1.4321994306e-06
60.750000,9.9978056360e-04,-2.8320046018e-07
60.800000,9.9971418037e-04,-1.4808688170e-05
60.850000,1.0007971128e-03,9.2406040945e-06
60.900000,1.0013896760e-03,-1.1139382300e-05
60.950000,1.0000481570e-03,-5.6967152327e-06
61.000000,9.9926882134e-04,-8.3070156350e-06
61.050000,1.0000902136e-03,-8.7713368302e-06
61.100000,9.9984256895e-04,8.6187241301e-06
61.150000,1.0007617230e-03,-4.1566788034e-06
61.200000,9.9935604610e-04,-6.5694849445e-06
61.250000,1.0011042192e-03,4.1124180961e-07
61.300000,9.9937481202e-04,6.4692298282e-06
61.350000,1.0013689492e-03,1.8481711133e-05
61.400000,9.9891011211e-04,5.0349331270e-06
61.450000,1.0004331593e-03,-5.4620456887e-06
61.500000,1.0001208022e-03,-3.7289690502e-07
61.550000,9.9943633478e-04,-1.8050683552e-05
61.600000,9.9994372353e-04,-4.0858052121e-06
61.650000,1.0009595289e-03,2.0893542190e-11
61.700000,1.0002914947e-03,-6.6098684323e-06
61.750000,1.0009416485e-03,-8.1047989971e-06
61.800000,1.0004689818e-03,-8.2793334503e-06
61.850000,9.9937952005e-04,-4.0719460661e-06
61.900000,9.9862628386e-04,-8.6163272397e-06
61.950000,9.9979595829e-04,2.3726487937e-07
62.000000,9.9987882412e-04,-5.6990716280e-06
62.050000,9.9969439356e-04,8.7693813913e-06
62.100000,9.9994846061e-04,-6.3418264776e-06
62.150000,1.0005812815e-03,6.1801817114e-06
62.200000,1.0007121833e-03,-2.3883440675e-06
62.250000,1.0010627136e-03,-3.3634639597e-06
62.300000,9.9941017861e-04,1.5723719726e-05
62.350000,9.9901988538e-04,-8.4662160795e-06
62.400000,1.0005243591e-03,-3.4226722236e-06
62.450000,9.9949122035e-04,-7.9964930228e-06
62.500000,1.0008206517e-03,1.3975040299e-05
62.550000,1.0002461003e-03,-3.1155954862e-06
62.600000,9.9964968356e-04,7.3627242184e-07
62.650000,9.9835465500e-04,2.0983945632e-05
62.700000,1.0014675644e-03,-2.1465590703e-06
62.750000,9.9843904197e-04,-1.4567021540e-05
62.800000,9.9909515379e-04,-9.2812966438e-09
62.850000,9.9849189835e-04,1.4628071300e-05
62.900000,1.0002892514e-03,-1.5006248337e-05
62.950000,1.0005448812e-03,7.8353498058e-06
63.000000,9.9985958840e-04,-6.1981447096e-06
63.050000,9.9993266781e-04,1.9081462604e-05
63.100000,9.9887527252e-04,1.1051837430e-05
63.150000,1.0009532597e-03,-1.7817756832e-05
63.200000,9.9950537403e-04,-5.5547424702e-06
63.250000,9.9846041945e-04,1.5264726009e-05
63.300000,9.9989934102e-04,-1.8831168513e-05
63.350000,1.0001474141e-03,1.5798704558e-05
63.400000,9.9923584567e-04,1.3085873397e-05
63.450000,1.0007324737e-03,-6.8220179768e-06
63.500000,9.9898286380e-04,1.5234342028e-05
63.550000,1.0000361614e-03,1.6752505642e-06
63.600000,9.9918617670e-04,1.7259625958e-05
63.650000,1.0009428851e-03,1.5035367889e-05
63.700000,9.9900910633e-04,-6.7662125220e-06
63.750000,9.9904604440e-04,7.1419066622e-06
63.800000,1.0020280479e-03,-8.9160896859e-06
63.850000,9.9964022101e-04,-3.4235908796e-06
63.900000,1.0006292078e-03,-1.2932620419e-05
63.950000,9.9782324122e-04,5.4790179905e-06
64.000000,9.9854309315e-04,-6.2691603311e-06
64.050000,1.0006610177e-03,-6.9397237296e-06
64.100000,9.9982574274e-04,3.8136853364e-06
64.150000,9.9882525001e-04,5.1160105814e-06
64.200000,1.0022690405e-03,-2.9440995216e-06
64.250000,9.9752982371e-04,-1.0704928176e-05
64.300000,1.0016098407e-03,-1.0204522390e-05
64.350000,1.0015723964e-03,-8.7222167237e-06
64.400000,9.9997646300e-04,-1.1894043961e-05
64.450000,1.0010108191e-03,1.4480553696e-05
64.500000,9.9848918975e-04,1.0225528953e-05
64.550000,9.9916565877e-04,1.4367051369e-05
64.600000,1.0011266668e-03,-5.5361836022e-06
64.650000,9.9899584151e-04,-1.3754753701e-06
64.700000,1.0006675605e-03,-1.7760491190e-05
64.750000,9.9920940172e-04,1.2515714265e-05
64.800000,1.0003589224e-03,-6.2361183240e-06
64.850000,9.9976078153e-04,2.9406652316e-06
64.900000,1.0027614023e-03,-3.8694442474e-06
64.950000,1.0002251680e-03,-1.5863123172e-05
65.000000,1.0001864630e-03,1.6949617431e-05
65.050000,9.9888699228e-04,-1.8792051846e-05
65.100000,1.0017171869e-03,3.5335673304e-06
65.150000,9.9899470959e-04,-1.6508005477e-06
65.200000,9.9954344865e-04,8.8468291522e-06
65.250000,1.0013421369e-03,2.8756612063e-06
65.300000,9.9911028627e-04,-5.4540978369e-06
65.350000,1.0015244044e-03,-1.1872586486e-05
65.400000,1.0009419984e-03,-1.2946097312e-05
65.450000,1.0009735787e-03,-3.2216171657e-06
65.500000,9.9974280984e-04,-1.8093649318e-05
65.550000,1.0006891966e-03,1.8649004156e-05
65.600000,9.9963547609e-04,1.8535690263e-06
65.650000,1.0000787667e-03,-1.0814898557e-05
65.700000,1.0000695794e-03,-9.9201967965e-07
65.750000,1.0002033024e-03,3.6467445674e-06
65.800000,9.9817659786e-04,-1.7700912842e-05
65.850000,9.9993384394e-04,-1.0181568189e-05
65.900000,9.9839718658e-04,8.3397511708e-06
65.950000,1.0002633824e-03,5.7592472114e-07
66.000000,9.9925643192e-04,-1.3079088320e-05
66.050000,1.0005310380e-03,4.6542954377e-06
66.100000,9.9999646824e-04,-1.0570718927e-05
66.150000,9.9956862053e-04,1.4244445322e-05
66.200000,1.0000895157e-03,2.4862490965e-07
66.250000,9.9879995588e-04,1.8870154511e-05
66.300000,1.0009210363e-03,-4.4663736839e-06
66.350000,1.0010856390e-03,-7.7670421405e-06
66.400000,9.9751678679e-04,3.9895188546e-06
66.450000,1.0017630276e-03,1.2130366090e-05
66.500000,1.0012442260e-03,7.1847746728e-06
66.550000,1.0016981109e-03,7.0040155408e-06
66.600000,9.9880973630e-04,-7.0775610958e-07
66.650000,9.9919571047e-04,-9.1239221058e-06
66.700000,1.0009022508e-03,-1.5267501282e-05
66.750000,9.9929596876e-04,-9.9222655944e-06
66.800000,9.9880279473e-04,2.5612794012e-07
66.850000,1.0028731559e-03,-1.7101189447e-05
66.900000,1.0000796763e-03,1.3388034377e-06
66.950000,9.9927100683e-04,-1.3122026317e-05
67.000000,1.0012089611e-03,8.3777913239e-06
67.050000,9.9971703409e-04,-7.0566662264e-06
67.100000,1.0003156998e-03,-6.9911323067e-06
67.150000,1.0001350872e-03,-5.6534089714e-07
67.200000,1.0002598648e-03,1.3129155655e-05
67.250000,9.9942248682e-04,-1.9954130411e-05
67.300000,1.0015185881e-03,1.2102054469e-05
67.350000,1.0001765248e-03,5.9938477715e-06
67.400000,1.0000825093e-03,3.4551646344e-06
67.450000,9.9977227102e-04,-1.8115845997e-05
67.500000,9.9993354311e-04,9.2915148785e-07
67.550000,1.0003000527e-03,6.9092902648e-06
67.600000,1.0002188448e-03,5.1991242367e-06
67.650000,1.0003265661e-03,-7.9205112936e-06
67.700000,9.9691258210e-04,-1.7152118318e-05
67.750000,1.0000788859e-03,9.5708522136e-07
67.800000,9.9960708983e-04,1.2394753169e-05
67.850000,9.9959557345e-04,-4.9959100986e-07
67.900000,1.0003931892e-03,9.9689103150e-06
67.950000,9.9997944808e-04,3.1625223290e-06
68.000000,1.0003332754e-03,-8.0437061989e-06
68.050000,1.0010350863e-03,-1.6973545860e-05
68.100000,1.0010540006e-03,1.8765764119e-06
68.150000,1.0009362844e-03,-1.1916586729e-05
68.200000,9.9984062525e-04,-8.4177471762e-06
68.250000,1.0012647140e-03,-8.3830485045e-06
68.300000,9.9916631669e-04,-1.4232743074e-05
68.350000,9.9923179015e-04,1.0517709479e-06
68.400000,1.0000579392e-03,-8.5228804901e-06
68.450000,1.0006028385e-03,-3.4231859830e-07
68.500000,9.9972778054e-04,3.7811644611e-06
68.550000,1.0002575904e-03,1.8799194004e-06
68.600000,1.0002662193e-03,-2.8287861474e-06
68.650000,9.9995004667e-04,-1.4310545379e-05
68.700000,1.0000250750e-03,-9.3093138824e-06
68.750000,1.0001349779e-03,-3.6115456116e-07
68.800000,9.9945539493e-04,-1.0555454690e-05
68.850000,9.9896138469e-04,8.5056846166e-06
68.900000,1.0007389334e-03,6.1365770927e-06
68.950000,9.9935702236e-04,8.3566600288e-06
69.000000,1.0019090431e-03,-5.5367780707e-06
69.050000,1.0012109124e-03,7.9068981728e-06
69.100000,9.9944288196e-04,1.8950207476e-05
69.150000,1.0010844216e-03,2.6965574455e-06
69.200000,9.9982157729e-04,4.8629997195e-06
69.250000,1.0010223370e-03,-3.1202179450e-06
69.300000,9.9954366481e-04,-1.7331177975e-06
69.350000,9.9924259420e-04,-2.4952418527e-07
69.400000,9.9941280408e-04,9.0512999433e-06
69.450000,1.0007327180e-03,-1.6231285112e-06
69.500000,9.9888856368e-04,-5.2810209194e-06
69.550000,9.9949702340e-04,1.2761698232e-05
69.600000,9.9987763312e-04,4.9920536524e-06
69.650000,1.0002303157e-03,-1.4506125954e-05
69.700000,9.9990020175e-04,-1.8634885142e-06
69.750000,1.0009254196e-03,4.9022492933e-06
69.800000,9.9979263198e-04,1.1876856820e-05
69.850000,9.9990659392e-04,-5.7751291608e-06
69.900000,9.9930718761e-04,1.1206853922e-05
69.950000,1.0002163972e-03,1.5251395673e-05
70.000000,1.0007187126e-03,-5.5714833419e-06
70.050000,9.9877680588e-04,-7.4236446537e-06
70.100000,1.0005821058e-03,-1.2581657119e-06
70.150000,9.9953939015e-04,-1.7217345028e-05
70.200000,9.9958295473e-04,-1.5914866636e-05
70.250000,1.0004656737e-03,3.3887328298e-06
70.300000,9.9946493032e-04,-8.2326276703e-06
70.350000,1.0008816515e-03,-5.0580712693e-06
70.400000,9.9930618660e-04,-6.0627491866e-06
70.450000,1.0001633391e-03,1.1891014107e-06
70.500000,1.0001010574e-03,8.0117104662e-07
70.550000,9.9971849416e-04,4.3839447800e-06
70.600000,9.9985065059e-04,7.6890719265e-06
70.650000,9.9926658082e-04,-4.5761342690e-06
70.700000,9.9946765898e-04,-1.3000571575e-06
70.750000,1.0013071918e-03,-9.0896213802e-06
70.800000,1.0007183744e-03,5.6062755573e-06
70.850000,1.0002800460e-03,7.2524862248e-06
70.900000,9.9892084416e-04,-1.7803546378e-06
70.950000,1.0007163492e-03,4.0934823198e-06
71.000000,9.9849318939e-04,2.5727383123e-06
71.050000,1.0015366186e-03,-1.6913052866e-07
71.100000,9.9998869442e-04,2.9441083082e-06
71.150000,9.9916347445e-04,-5.8281791644e-06
71.200000,9.9920798430e-04,-1.5369344138e-05
71.250000,1.0006278024e-03,3.1767341561e-06
71.300000,9.9937553195e-04,2.2439300429e-06
71.350000,9.9946445406e-04,1.6570119805e-05
71.400000,1.0020968197e-03,-6.1973890963e-08
71.450000,1.0006727251e-03,-5.8735822190e-06
71.500000,9.9963317509e-04,6.4526699384e-06
71.550000,1.0003596771e-03,-9.0876330268e-06
71.600000,9.9946538533e-04,6.1674705735e-06
71.650000,1.0007711629e-03,1.8291728876e-05
71.700000,9.9937524652e-04,1.2431818164e-05
71.750000,1.0020855295e-03,-2.6342720552e-06
71.800000,1.0012446028e-03,2.1522521126e-06
71.850000,9.9834798272e-04,-7.8856989265e-07
71.900000,9.9904135812e-04,-9.2108300272e-06
71.950000,9.9999966532e-04,2.7491060130e-06
72.000000,1.0010806326e-03,-5.7576957542e-06
72.050000,9.9972304484e-04,4.7890823164e-06
72.100000,9.9949303983e-04,1.5297539797e-05
72.150000,9.9997799602e-04,2.5173066864e-06
72.200000,9.9971514002e-04,1.9107448808e-05
72.250000,9.9969061099e-04,-6.9695939770e-06
72.300000,1.0011810585e-03,7.4628634696e-06
72.350000,9.9885841853e-04,4.8323218945e-06
72.400000,9.9830792673e-04,8.9207066182e-06
72.450000,1.0003003107e-03,-2.2989489298e-06
72.500000,9.9795242711e-04,1.8686152289e-06
72.550000,1.0009433329e-03,9.0811680748e-06
72.600000,1.0009287534e-03,7.1261170074e-06
72.650000,9.9880250166e-04,1.1488112992e-05
72.700000,1.0004668747e-03,9.3098890306e-06
72.750000,1.0002075529e-03,1.0228567732e-05
72.800000,1.0002952974e-03,-8.2374334502e-06
72.850000,9.9985528774e-04,-9.8396758073e-06
72.900000,9.9979802608e-04,-7.8723267325e-06
72.950000,1.0009459671e-03,-8.6918171292e-07
73.000000,1.0006738524e-03,3.5813654693e-06
73.050000,1.0009913627e-03,-1.5358165751e-06
73.100000,9.9929377789e-04,2.2437131473e-05
73.150000,1.0005809428e-03,-1.2127626850e-05
73.200000,9.9904977212e-04,-6.3583851276e-07
73.250000,9.9857378250e-04,-8.2984474112e-06
73.300000,1.0004037017e-03,6.2817609060e-06
73.350000,9.9922913661e-04,-1.4440677763e-06
73.400000,1.0004889652e-03,4.3096311034e-06
73.450000,9.9919308205e-04,-1.3646824001e-05
73.500000,9.9928926298e-04,7.1231525002e-06
73.550000,9.9955925035e-04,5.5297970910e-06
73.600000,9.9990296434e-04,5.3915176903e-06
73.650000,9.9880025825e-04,-5.7132268337e-06
73.700000,9.9965698792e-04,-8.0446021621e-06
73.750000,1.0002457885e-03,5.4747777361e-06
73.800000,1.0017643087e-03,1.5803931748e-06
73.850000,1.0007381052e-03,1.3070112595e-05
73.900000,1.0021030465e-03,-5.1940238198e-06
73.950000,9.9919377341e-04,2.7036750431e-07
74.000000,9.9966323150e-04,4.1751021938e-07
74.050000,1.0006244765e-03,-4.7111763077e-06
74.100000,1.0004494313e-03,-7.3125268944e-06
74.150000,9.9925109325e-04,1.3186037546e-06
74.200000,9.9899182325e-04,4.8594963900e-06
74.250000,1.0008507372e-03,2.5609182844e-05
74.300000,9.9751971454e-04,-1.2487595105e-05
74.350000,9.9803874770e-04,2.1171513016e-06
74.400000,9.9999987066e-04,1.3895270078e-06
74.450000,9.9899633742e-04,-1.2524602126e-05
74.500000,9.9931753837e-04,-6.0970144330e-06
74.550000,9.9997579717e-04,4.4187668382e-06
74.600000,9.9980390296e-04,-7.9622437737e-06
74.650000,1.0000923035e-03,3.0574455439e-05
74.700000,1.0015682759e-03,-3.7809999743e-06
74.750000,1.0004502605e-03,-5.6504325865e-06
74.800000,1.0005560988e-03,-8.9482178522e-06
74.850000,9.9949355159e-04,1.1138256387e-05
74.900000,1.0003853929e-03,-6.5185769613e-06
74.950000,9.9960227121e-04,-1.2040314755e-05
75.000000,9.9969218894e-04,4.6118760591e-06
75.050000,9.9932547139e-04,6.3633322002e-06
75.100000,9.9896179543e-04,1.4023054886e-05
75.150000,9.9989320672e-04,-4.3625448639e-08
75.200000,9.9917120163e-04,-1.1156839287e-06
75.250000,1.0022279778e-03,-1.8564579531e-05
75.300000,9.9747435971e-04,-1.8844811005e-05
75.350000,1.0024389261e-03,-6.3448041213e-06
75.400000,1.0007067571e-03,1.0064817063e-05
75.450000,1.0011619416e-03,-2.0268059126e-06
75.500000,9.9967193900e-04,-9.1721712186e-07
75.550000,1.0005300176e-03,4.1174650966e-06
75.600000,1.0012083160e-03,-2.1364329969e-05
75.650000,9.9789566812e-04,-2.1966089189e-06
75.700000,9.9983864509e-04,2.2424001905e-06
75.750000,1.0003676524e-03,-1.0066172530e-06
75.800000,9.9847884212e-04,-1.4981862642e-05
75.850000,1.0007425809e-03,3.1075355850e-06
75.900000,1.0017923251e-03,9.1929254704e-06
75.950000,1.0006603454e-03,1.7768490344e-06
76.000000,9.9887243957e-04,-8.1644198450e-06
76.050000,9.9872529173e-04,2.6397793218e-06
76.100000,9.9939962443e-04,1.3571169862e-05
76.150000,1.0004789585e-03,5.4195808632e-07
76.200000,1.0010978682e-03,-5.1711209996e-06
76.250000,9.9906250342e-04,6.0991879498e-06
76.300000,1.0009046806e-03,1.4208818001e-05
76.350000,9.9822225504e-04,2.3553487728e-06
76.400000,9.9909663481e-04,-6.0705436067e-06
76.450000,1.0002853443e-03,-6.4551354512e-06
76.500000,1.0013939003e-03,1.2612917639e-05
76.550000,1.0000743134e-03,-8.5196582604e-06
76.600000,9.9931213306e-04,-1.3411910824e-05
76.650000,9.9967192037e-04,-1.2356955031e-05
76.700000,9.9766894754e-04,1.1634754647e-06
76.750000,1.0007904623e-03,3.9309725212e-06
76.800000,9.9970619058e-04,1.0588427684e-05
76.850000,9.9845305254e-04,-4.2560820914e-06
76.900000,9.9979341416e-04,1.8080047603e-05
76.950000,9.9952435001e-04,2.0256002876e-05
77.000000,1.0001398079e-03,2.4442610314e-05
77.050000,9.9867041549e-04,-1.1301775081e-05
77.100000,9.9874246092e-04,7.6803866430e-06
77.150000,1.0004819255e-03,7.4365043781e-06
77.200000,9.9897327669e-04,2.3075067209e-06
77.250000,9.9961656221e-04,3.0644904253e-06
77.300000,9.9968250529e-04,2.4102516447e-06
77.350000,1.0004592062e-03,-5.0659185280e-06
77.400000,1.0007425501e-03,-3.0134525902e-06
77.450000,9.9948564897e-04,-6.2254820080e-06
77.500000,1.0004688932e-03,-1.1675943366e-05
77.550000,9.9868515023e-04,2.4292819220e-05
77.600000,1.0009684680e-03,-3.9193524911e-07
77.650000,1.0017023613e-03,7.7159776010e-06
77.700000,1.0001313081e-03,-1.7443912304e-05
77.750000,1.0001954042e-03,6.6227510650e-06
77.800000,9.9956286569e-04,2.5620083107e-05
77.850000,9.9992225099e-04,-7.3387151546e-06
77.900000,1.0031065747e-03,2.4327064695e-06
77.950000,9.9934037124e-04,-9.3582738219e-06
78.000000,1.0010399140e-03,-6.5279041793e-06
78.050000,9.9887773426e-04,4.9247241332e-06
78.100000,9.9964471185e-04,1.0745125258e-05
78.150000,9.9917503989e-04,7.2377847495e-06
78.200000,1.0013973395e-03,5.1786015315e-06
78.250000,1.0004460611e-03,1.1268945462e-05
78.300000,9.9944332286e-04,-1.3326567927e-05
78.350000,1.0004579714e-03,-9.0807466758e-07
78.400000,9.9890149666e-04,1.3448417312e-05
78.450000,9.9957247068e-04,-7.4783494172e-06
78.500000,1.0000085319e-03,1.6822083744e-06
78.550000,1.0009139486e-03,-8.7095178070e-06
78.600000,1.0016259137e-03,-2.1294525393e-06
78.650000,9.9850295845e-04,-3.0880771745e-06
78.700000,1.0011410874e-03,-3.1940748611e-05
78.750000,1.0008469292e-03,-1.3277077911e-05
78.800000,1.0007211026e-03,5.9126769878e-06
78.850000,1.0003126224e-03,-6.4921800433e-06
78.900000,9.9888469429e-04,-4.8701092096e-06
78.950000,9.9876960943e-04,2.0500131238e-06
79.000000,9.9861153716e-04,1.3902825038e-05
79.050000,9.9989814647e-04,-1.3005861682e-05
79.100000,1.0007544434e-03,-1.9154078001e-07
79.150000,9.9950297195e-04,-4.7766283585e-06
79.200000,1.0006777455e-03,-3.4303798072e-06
79.250000,1.0012005845e-03,1.9288764110e-05
79.300000,1.0007158949e-03,2.5454533862e-06
79.350000,9.9975240501e-04,2.3180064370e-06
79.400000,1.0021400863e-03,8.4959976361e-07
79.450000,1.0017995991e-03,1.5890072601e-06
79.500000,9.9983060411e-04,-2.5656691066e-06
79.550000,9.9953120755e-04,-8.1209910601e-06
79.600000,9.9942241988e-04,1.2411815569e-06
79.650000,1.0000544160e-03,4.7688701571e-06
79.700000,9.9934401586e-04,-2.1590963238e-06
79.750000,1.0004351228e-03,1.0414090708e-05
79.800000,9.9883782416e-04,-6.1490613199e-06
79.850000,9.9989825126e-04,-8.2736745962e-06
79.900000,9.9851296626e-04,-1.5511612364e-05
79.950000,9.9954841253e-04,1.1411367377e-05
80.000000,1.0008900948e-03,9.9973372092e-07
80.050000,1.0001525824e-03,-8.0799559917e-06
80.100000,9.9974689914e-04,8.1419323265e-06
80.150000,1.0002736513e-03,-2.8257021044e-06
80.200000,9.9740915482e-04,1.4096338007e-05
80.250000,9.9932607242e-04,5.1141444486e-06
80.300000,1.0003956029e-03,1.4605387014e-05
80.350000,1.0001646199e-03,-8.1138744427e-06
80.400000,9.9900877034e-04,8.9654875913e-06
80.450000,1.0013306802e-03,1.8951466030e-05
80.500000,1.0002918751e-03,6.0626828266e-06
80.550000,9.9966780992e-04,-3.4469090427e-06
80.600000,1.0004426947e-03,3.9226418390e-06
80.650000,9.9993241482e-04,-5.1243655123e-06
80.700000,1.0011847799e-03,8.3628966823e-06
80.750000,9.9975744563e-04,2.6256073707e-06
80.800000,1.0013708191e-03,-2.2870240428e-06
80.850000,9.9884116874e-04,-1.6276413777e-06
80.900000,1.0010640586e-03,1.5863056408e-05
80.950000,9.9997865510e-04,6.0156945932e-07
81.000000,1.0013119884e-03,8.6348621912e-06
81.050000,9.9985694114e-04,1.1813798981e-06
81.100000,9.9981122812e-04,-2.4310725351e-06
81.150000,1.0023658709e-03,-4.8235932480e-06
81.200000,1.0003251316e-03,2.1440090953e-05
81.250000,9.9862186914e-04,-1.9405874151e-05
81.300000,1.0017201998e-03,1.0113567307e-05
81.350000,1.0001849063e-03,-3.4487829217e-06
81.400000,9.9947170566e-04,-5.9778739183e-06
81.450000,9.9992782077e-04,4.1039299645e-06
81.500000,9.9887494431e-04,6.6230204298e-06
81.550000,1.0016784463e-03,7.9502565642e-06
81.600000,1.0019336845e-03,2.8015044716e-06
81.650000,1.0004005720e-03,1.0734412401e-05
81.700000,9.9915119944e-04,2.2848334962e-05
81.750000,1.0000161433e-03,5.8096724251e-06
81.800000,1.0002043889e-03,-2.4658367059e-06
81.850000,1.0011207080e-03,5.7654548955e-06
81.900000,1.0000177531e-03,1.5684983347e-05
81.950000,9.9714339888e-04,-1.3469373724e-06
82.000000,9.9975777169e-04,2.4495070067e-05
82.050000,1.0004992993e-03,1.0027080643e-06
82.100000,1.0000764377e-03,-4.8513772501e-06
82.150000,9.9887552716e-04,9.6844258722e-06
82.200000,9.9998605972e-04,7.4229580898e-06
82.250000,9.9994855384e-04,-8.0933163290e-07
82.300000,1.0005179006e-03,-1.9238140135e-05
82.350000,9.9924558035e-04,-4.9952365344e-06
82.400000,9.9928567336e-04,6.1561129125e-06
82.450000,1.0015274122e-03,1.2442084105e-05
82.500000,1.0008978934e-03,-8.1040136442e-06
82.550000,1.0006145164e-03,-4.0718246895e-06
82.600000,9.9921758886e-04,8.9831807951e-06
82.650000,1.0004205745e-03,-2.1678213183e-06
82.700000,9.9995726830e-04,2.1444358230e-05
82.750000,9.9987878872e-04,-1.8312920258e-05
82.800000,9.9991679766e-04,2.2160449771e-05
82.850000,1.0003812526e-03,2.7388013594e-06
82.900000,1.0023197907e-03,1.6318586141e-05
82.950000,9.9880751516e-04,6.3699806122e-06
83.000000,1.0006045225e-03,1.3530313896e-05
83.050000,1.0005102444e-03,2.5943109621e-06
83.100000,1.0004528797e-03,5.9092086997e-06
83.150000,9.9877009784e-04,9.5678898875e-07
83.200000,9.9927738683e-04,1.9663260010e-06
83.250000,1.0024373480e-03,-1.6396939983e-07
83.300000,1.0003833784e-03,-1.9455419504e-05
83.350000,1.0003590946e-03,-1.1276747130e-05
83.400000,1.0003450658e-03,1.1794130793e-05
83.450000,9.9920230148e-04,-1.5051610121e-05
83.500000,9.9946482910e-04,-1.5098538216e-05
83.550000,1.0022272815e-03,-8.4699229080e-06
83.600000,9.9976937701e-04,1.7884241069e-05
83.650000,9.9974279646e-04,7.7581233148e-06
83.700000,1.0017718331e-03,-1.5775167962e-05
83.750000,9.9849079357e-04,1.2628112492e-06
83.800000,1.0013854321e-03,-8.7805696166e-06
83.850000,9.9948137936e-04,2.7852226884e-05
83.900000,1.0005520017e-03,1.8350496088e-06
83.950000,1.0009384181e-03,-5.9855009723e-06
84.000000,1.0017698048e-03,1.2430923315e-05
84.050000,1.0007016899e-03,4.9259918172e-06
84.100000,9.9940369828e-04,-8.0714812408e-06
84.150000,1.0002860559e-03,-6.6306912714e-07
84.200000,1.0009014578e-03,8.8902216215e-06
84.250000,1.0006879072e-03,-1.0315160866e-05
84.300000,1.0006954837e-03,-8.9289081824e-06
84.350000,1.0001624264e-03,1.1397015798e-05
84.400000,1.0013298358e-03,3.7886476235e-06
84.450000,9.9922190568e-04,-1.6751598394e-05
84.500000,1.0001656041e-03,-7.3098826159e-06
84.550000,9.9917185140e-04,2.4546731896e-05
84.600000,9.9970618548e-04,1.2754988600e-05
84.650000,1.0007144705e-03,-2.3904951234e-05
84.700000,9.9952109618e-04,5.8209307868e-06
84.750000,9.9931169044e-04,6.0193492508e-06
84.800000,1.0003092976e-03,-1.0643782908e-05
84.850000,1.0005403188e-03,1.3784709569e-06
84.900000,1.0009298644e-03,4.9895561199e-06
84.950000,9.9952241579e-04,-1.7093777504e-06
85.000000,9.9970394573e-04,-2.1845358828e-06
85.050000,1.0003487865e-03,1.6290182045e-05
85.100000,9.9966668832e-04,-5.5232878445e-06
85.150000,1.0002928275e-03,1.7661572940e-06
85.200000,1.0007483007e-03,-8.5375828142e-06
85.250000,1.0000959273e-03,1.3689193647e-06
85.300000,1.0002996913e-03,-1.4885925195e-05
85.350000,1.0006632514e-03,-3.9124072372e-06
85.400000,9.9820130218e-04,7.0909861204e-06
85.450000,9.9906601522e-04,-1.6676026051e-05
85.500000,9.9957122421e-04,-1.4674026223e-05
85.550000,1.0019612345e-03,-4.6837705797e-06
85.600000,9.9948055270e-04,-9.5353691604e-06
85.650000,9.9955722596e-04,-9.1821316302e-06
85.700000,1.0004715019e-03,1.5565444573e-05
85.750000,1.0017518735e-03,-4.0292128755e-06
85.800000,9.9987249178e-04,1.7938314416e-05
85.850000,9.9711073024e-04,-2.8308893761e-07
85.900000,9.9867541731e-04,2.1742314826e-05
85.950000,1.0017224657e-03,-1.1305416880e-05
86.000000,9.9929435060e-04,-4.6882335698e-06
86.050000,9.9954988745e-04,-5.9827718065e-06
86.100000,9.9916860592e-04,8.2508289550e-06
86.150000,1.0000274908e-03,1.2959563918e-05
86.200000,9.9825691968e-04,1.5115754021e-05
86.250000,1.0023415424e-03,2.1954852326e-06
86.300000,9.9884621327e-04,-1.1365162533e-05
86.350000,9.9903185853e-04,-1.5844189500e-05
86.400000,1.0011560870e-03,4.5160835937e-07
86.450000,1.0009913469e-03,-1.5612140351e-06
86.500000,1.0004024724e-03,-1.5314165686e-06
86.550000,1.0001025146e-03,1.5574140820e-05
86.600000,1.0003881165e-03,-2.7750902528e-06
86.650000,1.0021839501e-03,4.1387987757e-06
86.700000,1.0001004491e-03,-1.2312312165e-05
86.750000,9.9946615841e-04,1.9277205909e-05
86.800000,1.0002012796e-03,-7.8472769554e-06
86.850000,9.9989098263e-04,5.7620191512e-06
86.900000,1.0007165250e-03,1.4418159566e-05
86.950000,9.9789804383e-04,-6.7912004384e-07
87.000000,9.9989219933e-04,3.5315080374e-06
87.050000,1.0007002515e-03,-1.0726999247e-05
87.100000,9.9942339400e-04,-3.2740822148e-06
87.150000,1.0006873342e-03,7.4955217674e-06
87.200000,9.9946312540e-04,1.3681112976e-05
87.250000,1.0006471449e-03,-2.2091333598e-05
87.300000,1.0005950897e-03,1.1595256082e-05
87.350000,1.0006451991e-03,1.1683064737e-05
87.400000,1.0005157007e-03,1.1071038747e-06
87.450000,9.9993769805e-04,8.0468455540e-06
87.500000,9.9921082762e-04,-1.8249242544e-05
87.550000,1.0002115776e-03,4.9437407232e-07
87.600000,9.9997291127e-04,-8.1797058184e-06
87.650000,1.0014615110e-03,2.6029479433e-06
87.700000,1.0016957484e-03,7.5399521597e-06
87.750000,9.9948688968e-04,-1.0595466008e-05
87.800000,1.0000618639e-03,9.7844405952e-06
87.850000,9.9743834689e-04,1.4398805604e-06
87.900000,9.9959855981e-04,-1.1386606849e-05
87.950000,1.0032287866e-03,2.0986443064e-05
88.000000,9.9945063603e-04,-1.2327217813e-05
88.050000,9.9991353228e-04,3.2304327809e-06
88.100000,1.0002917907e-03,1.8299616376e-06
88.150000,1.0000050777e-03,-1.1394130500e-06
88.200000,1.0004008316e-03,-7.7337127860e-06
88.250000,1.0004691927e-03,-9.9781684287e-06
88.300000,1.0013794279e-03,-1.5558647581e-05
88.350000,9.9882688320e-04,-4.0169951455e-06
88.400000,1.0009269841e-03,2.0004281377e-05
88.450000,1.0003494414e-03,-4.0235633217e-06
88.500000,1.0003001923e-03,1.5205284520e-06
88.550000,1.0002181901e-03,2.6702598347e-06
88.600000,9.9862911134e-04,-1.4280064998e-05
88.650000,9.9815795276e-04,-1.8817065239e-05
88.700000,9.9917273895e-04,-7.3344076226e-07
88.750000,9.9911127839e-04,-1.4752617740e-05
88.800000,9.9849163466e-04,3.7496327324e-06
88.850000,1.0017686029e-03,3.2318053947e-06
88.900000,9.9943798802e-04,-7.4926315391e-06
88.950000,1.0003695162e-03,3.5566112612e-06
89.000000,1.0006497186e-03,-7.3846052964e-06
89.050000,9.9959954715e-04,-1.3880295825e-06
89.100000,9.9870544914e-04,-1.3448825679e-05
89.150000,1.0001274060e-03,1.5628208711e-06
89.200000,1.0014696516e-03,-8.9283125646e-06
89.250000,9.9923233969e-04,2.5728637247e-06
89.300000,9.9960493127e-04,-1.5523763349e-05
89.350000,1.0004995977e-03,1.6429856002e-05
89.400000,1.0008548075e-03,-7.1261835237e-06
89.450000,9.9967227731e-04,6.2010942290e-06
89.500000,1.0001210967e-03,1.7745823779e-06
89.550000,1.0007157152e-03,7.4952962502e-06
89.600000,1.0022397312e-03,8.3668529293e-06
89.650000,1.0001840318e-03,-1.4345223587e-06
89.700000,1.0002945716e-03,-8.6166014706e-06
89.750000,1.0014909620e-03,1.2816006737e-05
89.800000,9.9808932134e-04,-8.6567614513e-06
89.850000,1.0007704722e-03,-2.1871436010e-05
89.900000,9.9831546098e-04,-2.8798006877e-06
89.950000,9.9880456204e-04,3.9401251637e-06
90.000000,9.9990777389e-04,5.8860841140e-06
90.050000,9.9987846700e-04,-8.8653277793e-06
90.100000,9.9888357597e-04,2.4377636642e-05
90.150000,1.0011837383e-03,-3.0460127841e-08
90.200000,1.0010539840e-03,5.1087349384e-06
90.250000,1.0004016042e-03,-1.1539380855e-05
90.300000,9.9982454008e-04,-6.8221043329e-06
90.350000,1.0015658567e-03,-1.2075071725e-05
90.400000,9.9981455359e-04,-8.0283523568e-06
90.450000,1.0007007915e-03,-2.1753633069e-06
90.500000,9.9999150570e-04,7.8384608333e-06
90.550000,1.0000842082e-03,-4.9929097453e-06
90.600000,9.9931944018e-04,1.1150265917e-05
90.650000,9.9958538246e-04,-8.1134793124e-06
90.700000,1.0006884183e-03,3.0623534591e-06
90.750000,9.9954201069e-04,6.8705402375e-06
90.800000,9.9943028143e-04,-7.3421478985e-06
90.850000,1.0004616915e-03,-1.6514787620e-05
90.900000,9.9877125936e-04,4.9807637734e-06
90.950000,9.9970928860e-04,1.2386121079e-05
91.000000,1.0010895331e-03,-9.7553057666e-06
91.050000,1.0001762020e-03,8.7759282637e-06
91.100000,1.0002722968e-03,5.1335159706e-06
91.150000,9.9903968028e-04,1.7153726806e-05
91.200000,9.9932016405e-04,4.5083708684e-06
91.250000,9.9708278203e-04,-2.4675946268e-05
91.300000,9.9987009713e-04,1.1973701278e-05
91.350000,1.0006680585e-03,-8.3105851119e-06
91.400000,9.9990434245e-04,-1.0015733994e-06
91.450000,9.9978931153e-04,-2.8054262496e-06
91.500000,9.9986319694e-04,-2.8139680944e-05
91.550000,9.9966094599e-04,-2.6726371348e-06
91.600000,1.0002324865e-03,-9.3605747417e-06
91.650000,1.0004765062e-03,-3.8935363062e-06
91.700000,1.0003024568e-03,-6.9053167680e-07
91.750000,1.0003183157e-03,-5.3946252920e-06
91.800000,9.9926237411e-04,1.5521992215e-05
91.850000,1.0019874889e-03,1.9442625392e-05
91.900000,9.9961285975e-04,-3.1816778186e-06
91.950000,9.9972904467e-04,-2.1303602291e-06
92.000000,1.0007518455e-03,8.6447570685e-06
92.050000,9.9976468760e-04,-1.9842927473e-05
92.100000,1.0008365630e-03,-7.5634947447e-06
92.150000,1.0012239915e-03,-6.3680307733e-06
92.200000,1.0003028385e-03,-2.5600424298e-07
92.250000,9.9934954124e-04,-1.7830645909e-06
92.300000,1.0012101246e-03,4.6301745856e-06
92.350000,1.0011732404e-03,-1.8640273182e-06
92.400000,1.0005897120e-03,-1.2423413597e-05
92.450000,9.9942663258e-04,-2.3936264200e-06
92.500000,9.9728025917e-04,-1.2568853385e-05
92.550000,1.0025816058e-03,3.3756848325e-07
92.600000,1.0012524291e-03,-2.9612727026e-06
92.650000,9.9985125777e-04,5.7328642660e-06
92.700000,9.9984224449e-04,-4.1159115413e-07
92.750000,1.0001604094e-03,-6.5980462022e-06
92.800000,1.0006283189e-03,-1.5338631728e-05
92.850000,9.9950342201e-04,1.3100543255e-05
92.900000,9.9952244830e-04,9.0006328937e-07
92.950000,9.9971407180e-04,-2.1665161886e-05
93.000000,1.0005261273e-03,-9.4763972525e-06
93.050000,9.9843991289e-04,-4.8455026348e-06
93.100000,1.0004105658e-03,-1.0485839226e-05
93.150000,9.9944783812e-04,7.5934356705e-06
93.200000,9.9897819820e-04,-7.0504553417e-06
93.250000,9.9943744014e-04,-4.8836161529e-06
93.300000,9.9896805220e-04,-4.4129414510e-07
93.350000,9.9895518104e-04,2.1909993462e-05
93.400000,1.0013679277e-03,2.6006651515e-07
93.450000,9.9933750623e-04,-1.0917564961e-06
93.500000,1.0002393326e-03,-1.3206303119e-05
93.550000,9.9949281195e-04,1.0368486362e-05
93.600000,1.0007889228e-03,3.8999164158e-06
93.650000,9.9873516590e-04,1.0679541608e-05
93.700000,9.9810846745e-04,-1.3812626067e-05
93.750000,9.9976592481e-04,-1.2428062411e-05
93.800000,1.0011651768e-03,-1.1315991163e-05
93.850000,1.0006593709e-03,-7.8910870316e-06
93.900000,1.0000513049e-03,-4.4823493888e-06
93.950000,9.9991671109e-04,-1.2525835460e-06
94.000000,9.9922397532e-04,2.7113763772e-06
94.050000,1.0003388862e-03,-7.5720350102e-06
94.100000,1.0002633073e-03,-4.4614967638e-06
94.150000,9.9969513186e-04,-1.7191190867e-05
94.200000,9.9955661924e-04,2.5567905056e-06
94.250000,9.9925496579e-04,-2.7519973007e-06
94.300000,9.9889290798e-04,1.4661535903e-05
94.350000,1.0010069630e-03,-8.0501923242e-06
94.400000,1.0011440720e-03,6.6961486348e-07
94.450000,9.9960420792e-04,9.3806542281e-06
94.500000,1.0003022040e-03,-4.5969757215e-06
94.550000,1.0018902319e-03,-1.4142045284e-05
94.600000,9.9923155340e-04,-4.9520649653e-06
94.650000,9.9922288818e-04,-5.0348618859e-07
94.700000,9.9972574995e-04,2.9745051966e-05
94.750000,9.9947758130e-04,-2.1559435980e-06
94.800000,9.9958656057e-04,1.5717905227e-05
94.850000,9.9914075059e-04,-9.3649455259e-06
94.900000,9.9801683168e-04,3.4387969423e-06
94.950000,1.0018804574e-03,-1.4481778057e-05
95.000000,9.9815187173e-04,-8.4564854794e-06
95.050000,9.9890577102e-04,7.3499174772e-06
95.100000,1.0001652430e-03,6.6046013768e-06
95.150000,1.0011062983e-03,-7.6275301410e-06
95.200000,1.0000849072e-03,-1.7186446837e-05
95.250000,9.9901250409e-04,2.2665572469e-07
95.300000,1.0004662612e-03,1.0229748941e-06
95.350000,1.0002379207e-03,1.1245198945e-06
95.400000,9.9948622338e-04,-1.7572389849e-05
95.450000,1.0002809405e-03,-1.3888159287e-05
95.500000,1.0014825618e-03,1.5032942433e-06
95.550000,1.0007628595e-03,7.1730226928e-06
95.600000,1.0004684914e-03,-1.6234754058e-05
95.650000,9.9995739394e-04,-2.2379436629e-05
95.700000,9.9923168120e-04,5.9137028510e-06
95.750000,1.0007309438e-03,-6.7033569600e-06
95.800000,1.0004913938e-03,8.1177638674e-06
95.850000,9.9956160976e-04,8.5421617612e-08
95.900000,1.0024255248e-03,1.7470690961e-06
95.950000,9.9868062089e-04,1.2883333711e-05
96.000000,1.0002595085e-03,-1.2807591547e-05
96.050000,9.9924774062e-04,-1.0467327309e-05
96.100000,1.0007242266e-03,9.5145399894e-06
96.150000,9.9956736531e-04,5.1548966842e-06
96.200000,9.9969395251e-04,5.6050535122e-06
96.250000,9.9984146240e-04,3.9857472325e-06
96.300000,9.9987625979e-04,-1.6700432808e-06
96.350000,9.9837720518e-04,6.5088324183e-06
96.400000,9.9729807022e-04,2.1276419635e-05
96.450000,9.9973322929e-04,-7.4567430282e-06
96.500000,1.0007840932e-03,-4.5746604227e-06
96.550000,1.0013768314e-03,1.0253878308e-05
96.600000,1.0002083996e-03,4.8474865187e-06
96.650000,1.0007450979e-03,5.8386529594e-06
96.700000,9.9768246459e-04,-5.1958538335e-06
96.750000,9.9791772480e-04,1.7574095955e-06
96.800000,9.9810699186e-04,-9.6768930677e-06
96.850000,1.0002047724e-03,1.1171112297e-05
96.900000,1.0014722951e-03,-1.5769473959e-05
96.950000,9.9994344192e-04,1.4728417874e-05
97.000000,1.0007195967e-03,1.1147249038e-06
97.050000,1.0011678038e-03,-9.2328569727e-06
97.100000,9.9894049172e-04,-5.0072608366e-06
97.150000,9.9965985900e-04,-1.1334990518e-05
97.200000,1.0002605636e-03,1.7467898400e-06
97.250000,1.0013986544e-03,5.3809683393e-06
97.300000,9.9981662624e-04,6.7943654842e-06
97.350000,9.9922994260e-04,8.3368968298e-06
97.400000,1.0004141437e-03,3.0402545638e-07
97.450000,9.9933822913e-04,-7.3322659054e-06
97.500000,9.9958608018e-04,9.5340330392e-06
97.550000,9.9965323757e-04,-5.0479639093e-06
97.600000,9.9961455002e-04,-4.8702283096e-06
97.650000,9.9898114725e-04,-4.2154352615e-06
97.700000,9.9980671592e-04,-4.8341312143e-06
97.750000,9.9947279945e-04,6.3554629984e-06
97.800000,9.9885487488e-04,1.3074260731e-07
97.850000,1.0004184859e-03,1.7935647688e-05
97.900000,1.0005902938e-03,-1.8907557322e-05
97.950000,9.9874214648e-04,-5.5653197256e-06
98.000000,9.9795607045e-04,-1.9259284840e-06
98.050000,9.9900884159e-04,1.5866080148e-05
98.100000,9.9972760364e-04,-6.1431997037e-06
98.150000,9.9909872179e-04,-6.6034811112e-06
98.200000,9.9867354405e-04,-1.4134349682e-05
98.250000,9.9851254670e-04,1.9324503942e-06
98.300000,1.0002087394e-03,4.6628754521e-06
98.350000,9.9925341995e-04,-4.8549461723e-06
98.400000,9.9999164618e-04,-8.6092705522e-06
98.450000,1.0012381309e-03,-3.0211224215e-06
98.500000,9.9981866142e-04,5.2042020124e-06
98.550000,1.0014524423e-03,-7.9780211441e-06
98.600000,1.0014044076e-03,-5.2508850763e-06
98.650000,9.9887434866e-04,5.5956610235e-06
98.700000,1.0005061988e-03,1.1165126554e-05
98.750000,1.0000150583e-03,7.8451334754e-06
98.800000,9.9884839935e-04,-6.3231625766e-06
98.850000,1.0005885825e-03,9.9682485511e-07
98.900000,9.9910362613e-04,2.7995491565e-05
98.950000,9.9900274329e-04,3.3036799561e-06
99.000000,1.0003728651e-03,-5.0347283047e-06
99.050000,1.0001499641e-03,3.8877282385e-06
99.100000,9.9912788555e-04,3.2683891907e-06
99.150000,9.9985318287e-04,-8.6791241226e-06
99.200000,1.0024900681e-03,4.8658539331e-06
99.250000,9.9951742799e-04,4.7587247964e-06
99.300000,1.0004652369e-03,-5.2421690124e-06
99.350000,1.0010145377e-03,-6.3200103013e-07
99.400000,9.9935403659e-04,1.0333703671e-05
99.450000,1.0009723427e-03,-1.6565680604e-06
99.500000,1.0016693146e-03,2.2209459570e-05
99.550000,1.0003716269e-03,1.2200385974e-05
99.600000,9.9764790387e-04,5.6883539483e-06
99.650000,9.9967805954e-04,-2.3298729069e-06
99.700000,1.0000716150e-03,8.8966375891e-06
99.750000,1.0003044712e-03,-1.1036268014e-05
99.800000,1.0004767329e-03,3.6529165943e-06
99.850000,9.9941874061e-04,5.8070460705e-06
99.900000,9.9975913436e-04,-2.4944071991e-06
99.950000,9.9746622883e-04,-1.1704211525e-05
100.000000,9.9955793349e-04,4.9969254769e-06
100.050000,9.9796544025e-04,-4.6778840174e-06
100.100000,9.9789771048e-04,-1.4067052969e-05
100.150000,1.0012718880e-03,1.3706314222e-05
100.200000,1.0009202241e-03,4.1264231019e-07
100.250000,1.0015645020e-03,2.0649052337e-05
100.300000,9.9878455853e-04,1.2307718062e-05
100.350000,1.0009392039e-03,7.6891672826e-06
100.400000,1.0014860725e-03,1.0503180389e-05
100.450000,9.9965438329e-04,-1.6395142979e-05
100.500000,1.0004635227e-03,-4.5064066482e-06
100.550000,9.9998774559e-04,6.3985319717e-06
100.600000,1.0007201039e-03,-1.6423956382e-05
100.650000,1.0003366691e-03,2.5807196556e-06
100.700000,9.9897411417e-04,2.7935719061e-06
100.750000,9.9927581325e-04,-1.8309037342e-05
100.800000,9.9962256725e-04,-9.3253857685e-06
100.850000,9.9948021930e-04,9.4242721115e-06
100.900000,1.0004349932e-03,-1.6669488279e-06
100.950000,9.9953167969e-04,-1.0026242453e-05
101.000000,1.0005065060e-03,-1.5828133672e-05
101.050000,9.9906203628e-04,-1.5459712729e-05
101.100000,9.9991718450e-04,-3.6824395803e-06
101.150000,9.9768738826e-04,-4.1820044786e-06
101.200000,1.0018373171e-03,1.4526658084e-05
101.250000,1.0001672553e-03,2.8433009101e-06
101.300000,9.9797636037e-04,-1.7198856968e-06
101.350000,1.0001144521e-03,4.5523721564e-06
101.400000,1.0000833712e-03,4.6948306574e-06
101.450000,1.0007347705e-03,-4.5793832523e-06
101.500000,9.9988754615e-04,-4.7946155331e-06
101.550000,1.0005950309e-03,-2.1192861611e-05
101.600000,1.0002529519e-03,-1.4543933253e-06
101.650000,9.9888676699e-04,1.2277420071e-05
101.700000,9.9930025117e-04,-3.9655622359e-06
101.750000,1.0014944633e-03,8.3802725307e-06
101.800000,1.0000964701e-03,-6.8463732859e-06
101.850000,1.0001986031e-03,-1.4205421661e-05
101.900000,9.9890334929e-04,7.6132336904e-06
101.950000,1.0003631260e-03,-1.0621862573e-06
102.000000,9.9818543780e-04,-1.2298002162e-06
102.050000,1.0010663625e-03,6.4402751917e-06
102.100000,9.9975180601e-04,-1.2310567372e-05
102.150000,1.0005797315e-03,-1.2636311269e-05
102.200000,9.9956009949e-04,-1.5079174574e-05
102.250000,1.0007165861e-03,-7.0857800480e-07
102.300000,9.9928566669e-04,-2.7799848617e-05
102.350000,9.9909639753e-04,7.3516543932e-07
102.400000,9.9973529608e-04,-7.9324741118e-06
102.450000,9.9915943676e-04,-7.3718235611e-06
102.500000,9.9902768365e-04,6.2091431572e-06
102.550000,1.0015723713e-03,1.0720918768e-05
102.600000,9.9954061188e-04,-9.3530276342e-07
102.650000,1.0014511063e-03,1.3580256116e-05
102.700000,1.0000514743e-03,8.9514305939e-06
102.750000,1.0000441327e-03,1.0797059651e-05
102.800000,1.0008302577e-03,-4.6729839289e-07
102.850000,1.0005574522e-03,5.1652694809e-06
102.900000,1.0017667984e-03,1.3962214045e-05
102.950000,1.0006214577e-03,-4.5232739716e-06
103.000000,9.9835698546e-04,-9.5765644694e-07
103.050000,9.9939865724e-04,-3.2181088232e-06
103.100000,1.0016279677e-03,5.5027082208e-06
103.150000,1.0002012830e-03,-8.6113298776e-06
103.200000,1.0012353024e-03,7.1790044048e-06
103.250000,9.9866157172e-04,-1.1333551450e-05
103.300000,9.9832709443e-04,9.3284927988e-06
103.350000,9.9956248407e-04,-3.1605526083e-06
103.400000,9.9964010945e-04,-4.5535953606e-08
103.450000,9.9968854255e-04,-9.9274810478e-06
103.500000,9.9943467945e-04,-4.7760321644e-06
103.550000,1.0010577486e-03,1.4418289727e-05
103.600000,1.0002714870e-03,3.0871021606e-06
103.650000,1.0021429142e-03,4.7856186135e-06
103.700000,9.9912164056e-04,-1.5619005452e-06
103.750000,9.9988677253e-04,4.6501101143e-06
103.800000,1.0006217263e-03,-5.0857081099e-06
103.850000,9.9884870047e-04,-1.5323210522e-05
103.900000,9.9901349907e-04,-3.2145180740e-06
103.950000,1.0005688180e-03,-8.0227356325e-07
104.000000,1.0004666362e-03,5.9829193428e-06
104.050000,9.9842792687e-04,-1.5499832890e-05
104.100000,9.9893636984e-04,-3.3554526736e-05
104.150000,1.0016329990e-03,-1.2502354386e-05
104.200000,1.0001770022e-03,-5.5636014607e-07
104.250000,1.0020177363e-03,7.8956399822e-06
104.300000,1.0014968100e-03,1.3949623630e-05
104.350000,1.0018590113e-03,5.9365454661e-06
104.400000,9.9705701089e-04,5.5794055262e-06
104.450000,9.9991052634e-04,-3.0286674004e-06
104.500000,1.0002732745e-03,-6.2443861830e-06
104.550000,9.9932213897e-04,4.2079215819e-06
104.600000,9.9695614035e-04,-5.8972560028e-06
104.650000,9.9926690760e-04,1.9544479801e-06
104.700000,1.0002402462e-03,-3.3825959785e-06
104.750000,9.9891557067e-04,-1.1748055167e-05
104.800000,9.9889252591e-04,-1.1341624969e-05
104.850000,1.0016727730e-03,4.7818376136e-06
104.900000,9.9821118562e-04,1.0840659088e-05
104.950000,9.9819661784e-04,-2.5043164731e-05
105.000000,9.9829350529e-04,-6.4202154262e-06
105.050000,9.9912227529e-04,1.3447647166e-05
105.100000,9.9861318565e-04,-1.2965268959e-05
105.150000,9.9848702286e-04,-9.9629257142e-06
105.200000,9.9915263308e-04,4.6055317413e-07
105.250000,9.9916485404e-04,9.5591013865e-06
105.300000,9.9960441979e-04,-3.1333320772e-07
105.350000,1.0002001760e-03,-3.2425689470e-06
105.400000,9.9871666056e-04,-5.0939193191e-06
105.450000,9.9928874992e-04,-2.6780575236e-06
105.500000,9.9896494408e-04,1.3030612962e-06
105.550000,1.0006245014e-03,-1.4676486486e-05
105.600000,9.9930286522e-04,-2.2927550943e-06
105.650000,1.0001761234e-03,-1.0456179726e-06
105.700000,9.9927702758e-04,-9.8571983369e-06
105.750000,9.9976832403e-04,-9.1990140315e-07
105.800000,1.0016633811e-03,1.4648540088e-05
105.850000,1.0009885587e-03,-3.3999901547e-06
105.900000,9.9935439129e-04,8.4200959255e-06
105.950000,1.0000306153e-03,-4.1727878538e-06
106.000000,9.9963611862e-04,7.4267686335e-06
106.050000,1.0004000722e-03,-1.6451969163e-05
106.100000,9.9910822300e-04,-1.4514963312e-07
106.150000,9.9798985490e-04,6.7910602786e-07
106.200000,1.0010262463e-03,4.0066037862e-06
106.250000,9.9886843708e-04,8.6805895914e-06
106.300000,1.0006359375e-03,-1.1416712894e-05
106.350000,1.0021436000e-03,5.1300232626e-06
106.400000,9.9989981906e-04,6.1783549442e-06
106.450000,1.0001670444e-03,4.9315717438e-06
106.500000,9.9988341273e-04,-6.0937762755e-06
106.550000,9.9956111995e-04,1.5991419923e-06
106.600000,9.9985594583e-04,4.4317334925e-06
106.650000,9.9860089239e-04,-8.6651054289e-06
106.700000,1.0023724443e-03,3.0489915837e-06
106.750000,9.9837604176e-04,1.9159614057e-06
106.800000,1.0002179375e-03,2.9413494885e-06
106.850000,9.9924071238e-04,-1.2059000421e-05
106.900000,1.0016948449e-03,7.4707540650e-06
106.950000,1.0021307230e-03,5.5920732486e-06
107.000000,9.9967834307e-04,1.2575569660e-05
107.050000,9.9996109031e-04,7.8340507070e-06
107.100000,1.0001541222e-03,-8.6881767057e-07
107.150000,9.9986364324e-04,-5.0149678407e-06
107.200000,9.9987253179e-04,-1.8453487461e-05
107.250000,9.9901760549e-04,3.7967559139e-06
107.300000,9.9793817726e-04,1.0770204507e-06
107.350000,9.9970979288e-04,5.9135303905e-06
107.400000,9.9932839002e-04,-1.5212662031e-05
107.450000,9.9944334037e-04,1.2604445014e-05
107.500000,9.9910616823e-04,3.1128808032e-06
107.550000,9.9902462205e-04,-2.0133265919e-05
107.600000,9.9976792109e-04,2.0462475841e-05
107.650000,9.9891487823e-04,1.4461765386e-05
107.700000,9.9803678270e-04,-9.2018032106e-06
107.750000,9.9989781225e-04,-7.0559918316e-06
107.800000,9.9860846494e-04,1.5306142752e-05
107.850000,9.9805085964e-04,-8.5665550059e-06
107.900000,9.9841957309e-04,1.6682623941e-06
107.950000,1.0006527737e-03,-3.6741750072e-06
108.000000,1.0001306199e-03,-1.1199346491e-06
108.050000,9.9984757646e-04,-1.2463840648e-05
108.100000,9.9921342187e-04,1.6713391163e-05
108.150000,9.9918644455e-04,4.9908201727e-06
108.200000,9.9968299296e-04,-1.1147613671e-06
108.250000,9.9868010458e-04,2.7679780429e-07
108.300000,9.9985409486e-04,-1.0016384923e-05
108.350000,1.0007687761e-03,3.5979908410e-06
108.400000,1.0001161604e-03,-1.4361023130e-06
108.450000,9.9994710140e-04,-1.4920804207e-05
108.500000,9.9932648594e-04,-4.3634869505e-06
108.550000,9.9985540365e-04,2.2709419796e-06
108.600000,9.9754216583e-04,1.0526301461e-05
108.650000,9.9998186346e-04,1.3060225278e-06
108.700000,9.9942291274e-04,-3.9038260337e-06
108.750000,1.0000265954e-03,8.4920926276e-06
108.800000,1.0007759550e-03,5.3529145825e-06
108.850000,1.0000866492e-03,-1.2332847661e-05
108.900000,1.0015327708e-03,-3.9293855954e-06
108.950000,1.0007264882e-03,1.5420530444e-05
109.000000,1.0005449010e-03,-3.3488965985e-06
109.050000,1.0001772337e-03,1.7027398857e-05
109.100000,1.0011546710e-03,-5.9630488121e-06
109.150000,1.0012089079e-03,-1.5432280894e-05
109.200000,9.9961547322e-04,-1.1435153251e-05
109.250000,9.9885521042e-04,6.6395266403e-06
109.300000,9.9794706494e-04,1.0773968885e-05
109.350000,9.9990856332e-04,-2.6250237514e-06
109.400000,1.0003195323e-03,-8.4449556427e-06
109.450000,1.0005900594e-03,-4.7373998416e-06
109.500000,1.0017491684e-03,-1.5181482709e-05
109.550000,9.9768992296e-04,-7.6493806174e-06
109.600000,1.0010199884e-03,-6.6938654185e-06
109.650000,9.9912834426e-04,-1.9114910436e-07
109.700000,9.9982451805e-04,1.2993484776e-06
109.750000,9.9847164693e-04,-1.5360213891e-05
109.800000,1.0002120673e-03,-9.3333110945e-06
109.850000,1.0007892947e-03,9.3001986550e-06
109.900000,1.0006292139e-03,9.4381686305e-06
109.950000,9.9985364966e-04,-1.5857910608e-05
110.000000,9.9945984194e-04,1.0245357941e-05
110.050000,9.9873208931e-04,-1.3668216362e-05
110.100000,9.9891430620e-04,1.5199855052e-05
110.150000,9.9978312305e-04,1.7814513951e-06
110.200000,9.9768782303e-04,3.0580207265e-06
110.250000,1.0002278417e-03,2.2324619010e-05
110.300000,1.0009303946e-03,-9.5385074881e-06
110.350000,9.9918364542e-04,-2.0149350052e-06
110.400000,9.9988885676e-04,-1.2148317325e-05
110.450000,1.0001464398e-03,-5.8150753276e-06
110.500000,9.9973253211e-04,-1.2307663430e-05
110.550000,1.0014010476e-03,2.1017202944e-06
110.600000,1.0015275578e-03,1.6637432540e-05
110.650000,1.0014199062e-03,8.5673441691e-06
110.700000,1.0019926264e-03,2.1055125650e-06
110.750000,9.9785272477e-04,8.8663685459e-06
110.800000,1.0007911635e-03,-4.7817175759e-06
110.850000,1.0006446413e-03,-4.1112956546e-06
110.900000,9.9912862879e-04,1.7567635139e-06
110.950000,9.9906592487e-04,2.1383145159e-05
111.000000,1.0006495472e-03,-9.1645810233e-06
111.050000,1.0016408761e-03,4.5777984481e-07
111.100000,9.9914429690e-04,-1.8840266270e-05
111.150000,1.0025941504e-03,7.4719282039e-08
111.200000,1.0015087828e-03,1.1486967834e-05
111.250000,1.0001084582e-03,-1.3522838237e-06
111.300000,1.0011307602e-03,-6.4229936202e-06
111.350000,9.9986377411e-04,2.6617195812e-06
111.400000,1.0016668538e-03,-9.8889124010e-06
111.450000,9.9853701120e-04,-2.2350888677e-06
111.500000,9.9948832278e-04,7.7926641648e-06
111.550000,9.9988756232e-04,3.8584793020e-06
111.600000,1.0006267816e-03,-5.8234228982e-07
111.650000,1.0002518061e-03,-5.2093415474e-06
111.700000,1.0022825929e-03,-1.1113599254e-05
111.750000,1.0001146378e-03,1.3904337552e-05
111.800000,9.9947764210e-04,5.2051455289e-06
111.850000,1.0003548561e-03,9.7921126303e-06
111.900000,1.0003735577e-03,-2.4508246796e-07
111.950000,9.9939351263e-04,-1.2170281985e-05
112.000000,9.9887958119e-04,8.4565817595e-06
112.050000,9.9870236599e-04,1.0832676997e-05
112.100000,9.9974139303e-04,-4.5896544506e-06
112.150000,1.0002359357e-03,6.4831784913e-06
112.200000,1.0005371049e-03,-5.1414184716e-06
112.250000,9.9942949491e-04,1.5623322375e-05
112.300000,9.9793583047e-04,-1.0500275817e-05
112.350000,1.0002841398e-03,-1.4716500635e-05
112.400000,9.9901755870e-04,-1.1951169723e-05
112.450000,1.0014880585e-03,-1.3993978549e-05
112.500000,9.9909591525e-04,1.0623541948e-05
112.550000,1.0014883585e-03,2.4857646021e-06
112.600000,1.0015364706e-03,6.4808798457e-06
112.650000,1.0004937234e-03,8.4617975928e-06
112.700000,1.0011702000e-03,4.8465060741e-06
112.750000,9.9975402148e-04,-4.5401776036e-06
112.800000,1.0000934496e-03,9.0773048073e-06
112.850000,1.0001441387e-03,-3.2704206324e-06
112.900000,1.0002069952e-03,-3.2038697593e-06
112.950000,9.9971678208e-04,2.9370122307e-06
113.000000,1.0019001613e-03,-5.8731511312e-06
113.050000,1.0017769587e-03,-1.1513426489e-05
113.100000,1.0007737521e-03,-2.9418225302e-06
113.150000,9.9958077433e-04,-7.7089400727e-06
113.200000,1.0019910580e-03,-1.5107228157e-07
113.250000,9.9997913123e-04,1.8108205081e-06
113.300000,9.9945121442e-04,1.9179154659e-06
113.350000,9.9839615269e-04,-8.6343900379e-06
113.400000,1.0029485158e-03,-1.0151213450e-05
113.450000,1.0010907275e-03,-2.3817799979e-05
113.500000,1.0009157598e-03,1.4444244185e-05
113.550000,1.0004841633e-03,-9.8403461041e-06
113.600000,9.9989316115e-04,5.9782541250e-06
113.650000,1.0010243150e-03,-9.8958285262e-06
113.700000,1.0011334869e-03,1.5416946806e-06
113.750000,1.0012273399e-03,-1.1111850806e-05
113.800000,9.9896640526e-04,1.9027320697e-06
113.850000,9.9956168379e-04,7.7460472253e-06
113.900000,9.9913723112e-04,-3.9122248099e-06
113.950000,9.9943752836e-04,6.4377335351e-06
114.000000,1.0002949853e-03,7.9190081141e-07
114.050000,9.9869421649e-04,2.9405586334e-06
114.100000,9.9976036128e-04,-1.0104518149e-06
114.150000,1.0000722966e-03,2.7854273312e-06
114.200000,9.9934377751e-04,3.7407594494e-06
114.250000,9.9867215973e-04,8.3411938774e-06
114.300000,1.0004228501e-03,-1.0073395096e-06
114.350000,1.0010530392e-03,-1.2945707406e-05
114.400000,1.0000173104e-03,3.1620273398e-06
114.450000,1.0001653681e-03,9.9410951611e-06
114.500000,9.9905873609e-04,-1.2699118325e-06
114.550000,9.9952255042e-04,-1.1882153021e-06
114.600000,9.9986755784e-04,3.8718443961e-06
114.650000,1.0006415426e-03,5.3091765522e-06
114.700000,1.0008962833e-03,1.5187698817e-06
114.750000,1.0004565372e-03,-1.3906110770e-06
114.800000,9.9880311747e-04,2.3260728876e-06
114.850000,9.9917099640e-04,-1.4369074612e-05
114.900000,1.0017931941e-03,3.3654830350e-06
114.950000,1.0003198675e-03,-5.4519935435e-06
115.000000,1.0000204512e-03,-1.8840059737e-06
115.050000,9.9916655087e-04,9.0712914275e-06
115.100000,9.9878240729e-04,1.0854101312e-05
115.150000,9.9997553403e-04,2.0536182100e-05
115.200000,9.9936392566e-04,1.2058308026e-05
115.250000,1.0007439549e-03,4.0241177750e-06
115.300000,9.9911958590e-04,-8.6319800385e-06
115.350000,9.9955491084e-04,4.6217830880e-06
115.400000,1.0002299596e-03,4.3229965328e-06
115.450000,1.0005123278e-03,-1.2539935801e-06
115.500000,1.0010648736e-03,-1.0226537669e-06
115.550000,1.0019081922e-03,-4.4655249985e-06
115.600000,9.9956390691e-04,-5.9390275909e-06
115.650000,9.9870938549e-04,1.2937934145e-07
115.700000,1.0004143279e-03,-8.2335358563e-06
115.750000,1.0001280335e-03,-2.3704735468e-05
115.800000,1.0013391586e-03,-2.1298407325e-05
115.850000,9.9919168386e-04,2.1614938050e-06
115.900000,9.9810948118e-04,-2.8349465238e-06
115.950000,1.0015739406e-03,-3.7646792184e-07
116.000000,1.0004638538e-03,1.1687116049e-05
116.050000,1.0007232041e-03,5.9409776048e-06
116.100000,9.9903039018e-04,-1.0565858340e-05
116.150000,9.9931716643e-04,-1.8855425038e-06
116.200000,9.9981942672e-04,8.2748572770e-06
116.250000,1.0010899464e-03,-4.1776995702e-07
116.300000,9.9709374608e-04,-3.8880750172e-06
116.350000,9.9968462880e-04,-7.1404635108e-06
116.400000,9.9989037569e-04,-5.4733191740e-06
116.450000,9.9941702650e-04,1.5344649280e-05
116.500000,1.0003558573e-03,1.5897235007e-05
116.550000,9.9775298575e-04,5.0741614929e-06
116.600000,1.0000557309e-03,-4.8796888953e-06
116.650000,9.9860560081e-04,2.2850091215e-06
116.700000,1.0013465282e-03,-8.0946155708e-06
116.750000,9.9890950267e-04,2.8972414478e-05
116.800000,1.0008077583e-03,-1.2339734730e-05
116.850000,1.0019057962e-03,1.6578710442e-05
116.900000,9.9950471711e-04,-1.5429264123e-06
116.950000,9.9990268794e-04,-1.3165977182e-05
117.000000,9.9875844267e-04,-6.9728847418e-06
117.050000,9.9989389135e-04,7.2695323013e-06
117.100000,9.9933177523e-04,1.7562638350e-05
117.150000,1.0010988527e-03,5.0342933588e-06
117.200000,9.9984173133e-04,-7.7455207908e-06
117.250000,1.0015482390e-03,-1.6286187758e-05
117.300000,9.9951576408e-04,-1.5427666920e-05
117.350000,1.0002516937e-03,-1.0540318329e-05
117.400000,1.0010813483e-03,2.3203361031e-06
117.450000,9.9886685235e-04,1.5063356343e-05
117.500000,1.0000537283e-03,5.1703525365e-06
117.550000,1.0021627946e-03,8.0311621749e-06
117.600000,9.9983493394e-04,4.9949966118e-06
117.650000,9.9940759304e-04,-1.0612107636e-05
117.700000,9.9913129642e-04,-2.8899087662e-06
117.750000,9.9945560955e-04,-1.7063493703e-05
117.800000,1.0003771886e-03,-5.5266967998e-06
117.850000,1.0013324070e-03,2.7451592720e-06
117.900000,9.9936132819e-04,1.0704232439e-06
117.950000,1.0004236557e-03,-5.0385675129e-06
118.000000,9.9951791890e-04,-5.1699795975e-06
118.050000,9.9860554186e-04,3.4234655065e-06
118.100000,1.0001318557e-03,6.4608139835e-06
118.150000,1.0020839465e-03,-1.9272530301e-05
118.200000,9.9925936076e-04,2.8857261588e-06
118.250000,9.9817599953e-04,1.3596853753e-05
118.300000,1.0007516475e-03,-1.3787321429e-05
118.350000,1.0006988091e-03,1.4209930136e-07
118.400000,9.9871631151e-04,6.0584043260e-06
118.450000,1.0001019178e-03,-5.0476589223e-06
118.500000,9.9890016043e-04,7.6005444769e-06
118.550000,1.0003951319e-03,-1.0525769378e-05
118.600000,1.0000877308e-03,-6.6835116929e-06
118.650000,1.0008965283e-03,-1.6602339835e-06
118.700000,1.0016291201e-03,-2.6841723819e-05
118.750000,9.9980414863e-04,2.4963352110e-05
118.800000,9.9883267348e-04,-4.3519458122e-07
118.850000,9.9909406565e-04,1.3479671615e-05
118.900000,9.9927016884e-04,-3.8956702335e-06
118.950000,1.0016547333e-03,-3.5487745766e-06
119.000000,9.9968007715e-04,-4.0011885396e-06
119.050000,1.0001032857e-03,1.0913104394e-05
119.100000,9.9952157755e-04,7.9757052198e-06
119.150000,1.0008881672e-03,-7.4241926192e-06
119.200000,9.9949296567e-04,-2.2584390535e-07
119.250000,9.9870369946e-04,-4.9028370518e-07
119.300000,1.0008555414e-03,-1.0669954033e-05
119.350000,1.0009051540e-03,1.4534778747e-05
119.400000,9.9930191336e-04,-1.0912420238e-05
119.450000,9.9920206882e-04,-5.9756852076e-06
119.500000,1.0004677736e-03,2.3402815641e-06
119.550000,9.9863323807e-04,-7.4536447190e-06
119.600000,9.9823021711e-04,-1.1194821174e-05
119.650000,1.0026247580e-03,4.5833790014e-06
119.700000,9.9956856206e-04,-1.9814017803e-05
119.750000,1.0009920516e-03,-2.9650738158e-06
119.800000,9.9957472844e-04,1.2669015819e-06
119.850000,1.0014706328e-03,4.2437878325e-06
119.900000,1.0009780465e-03,5.2908236387e-07
119.950000,1.0025994094e-03,-2.2903891178e-06
120.000000,1.0001047330e-03,-2.3101352979e-06
120.050000,9.9971361599e-04,4.4838615347e-06
120.100000,1.0002661162e-03,3.0690155487e-06
120.150000,1.0016842593e-03,-6.2253899633e-06
120.200000,1.0007494905e-03,2.1812571649e-06
120.250000,9.9971286168e-04,-4.2207802784e-06
120.300000,1.0006408846e-03,-9.6035353983e-06
120.350000,9.9952106812e-04,-8.1011440878e-06
120.400000,1.0010345987e-03,3.3855230901e-06
120.450000,9.9762857516e-04,7.0367584563e-06
120.500000,9.9992423775e-04,8.3166478052e-07
120.550000,9.9962616484e-04,-5.1869347608e-06
120.600000,9.9895890289e-04,-1.0790713277e-05
120.650000,1.0012444842e-03,1.8535620862e-05
120.700000,9.9870394049e-04,4.8379955258e-07
120.750000,9.9917550529e-04,3.7121871578e-06
120.800000,9.9929145628e-04,-3.3929571364e-06
120.850000,1.0006021110e-03,6.4208803205e-06
120.900000,1.0005340119e-03,2.8465357518e-07
120.950000,1.0009469456e-03,-2.4659561460e-05
121.000000,9.9980511926e-04,-6.5869826431e-06
121.050000,1.0009452679e-03,4.8492600085e-06
121.100000,9.9958875253e-04,-2.9279655461e-06
121.150000,9.9880243274e-04,9.7840273355e-06
121.200000,1.0034262342e-03,-6.6818295573e-06
121.250000,9.9832446695e-04,1.3311736571e-05
121.300000,1.0013508165e-03,1.0932760099e-05
121.350000,9.9981834739e-04,1.1806913023e-05
121.400000,9.9890970205e-04,1.0575572456e-05
121.450000,9.9934305339e-04,-3.0582992546e-06
121.500000,9.9955794235e-04,2.7024812514e-06
121.550000,1.0017846392e-03,1.0551182441e-05
121.600000,9.9991678634e-04,3.5073865455e-06
121.650000,9.9856911073e-04,-8.9723343697e-06
121.700000,1.0008400756e-03,-1.7107829416e-06
121.750000,1.0008620646e-03,-1.3445863548e-05
121.800000,1.0005514524e-03,2.8789901878e-06
121.850000,9.9937343754e-04,2.0076416450e-06
121.900000,1.0005897527e-03,-2.0267544295e-05
121.950000,9.9882034535e-04,-1.3207118951e-06
122.000000,1.0001310555e-03,-2.0323264886e-06
122.050000,1.0012061017e-03,-9.5769963476e-06
122.100000,9.9902995045e-04,1.4134835359e-06
122.150000,1.0013956942e-03,9.7266477914e-07
122.200000,1.0005531197e-03,1.0064687324e-05
122.250000,9.9938424782e-04,1.6906490989e-05
122.300000,1.0013987181e-03,1.2297970066e-05
122.350000,9.9788697809e-04,1.3642792948e-05
122.400000,1.0015685077e-03,-5.9866959603e-06
122.450000,1.0005511433e-03,1.1654321394e-05
122.500000,9.9949975238e-04,-7.1952545482e-06
122.550000,9.9828715920e-04,-1.4041466579e-05
122.600000,9.9883570025e-04,1.2745471353e-05
122.650000,9.9971144757e-04,8.0650431917e-06
122.700000,9.9687132843e-04,8.3907278304e-06
122.750000,9.9931328358e-04,2.1087800215e-06
122.800000,9.9898390608e-04,-4.9804140007e-06
122.850000,1.0011649798e-03,1.0138381759e-05
122.900000,9.9990441547e-04,6.5224358620e-06
122.950000,1.0008017279e-03,-2.3193786881e-05
123.000000,9.9959729384e-04,9.8844013180e-06
123.050000,1.0005113442e-03,1.1060697238e-05
123.100000,9.9950243232e-04,-1.5890604524e-05
123.150000,9.9977975212e-04,1.1687411466e-06
123.200000,1.0007900188e-03,7.6690599613e-06
123.250000,1.0011308342e-03,-1.4344232304e-05
123.300000,9.9918458048e-04,2.7013736485e-06
123.350000,1.0005687335e-03,1.3151177113e-05
123.400000,9.9876022268e-04,5.8387579775e-06
123.450000,1.0010549638e-03,-2.4200000371e-06
123.500000,9.9869137979e-04,3.2337168226e-06
123.550000,1.0007779151e-03,-1.4683660126e-05
123.600000,9.9975175629e-04,-4.7036025905e-06
123.650000,1.0022170595e-03,1.0652088064e-05
123.700000,9.9965417058e-04,-1.9576897788e-05
123.750000,1.0006459439e-03,5.4526944125e-07
123.800000,9.9812772301e-04,2.0380867237e-06
123.850000,9.9958263266e-04,6.0205300243e-06
123.900000,1.0012689723e-03,7.9303490495e-07
123.950000,1.0009109141e-03,-6.1261552203e-06
124.000000,9.9949974266e-04,-4.5479820718e-06
124.050000,1.0007373595e-03,1.5348945779e-05
124.100000,9.9939595540e-04,1.6257276837e-05
124.150000,1.0000782596e-03,5.8512880547e-07
124.200000,1.0010718577e-03,2.4084291156e-06
124.250000,1.0006274777e-03,-4.9778358689e-06
124.300000,1.0009726729e-03,9.7309579417e-06
124.350000,1.0019916548e-03,-6.3317240479e-06
124.400000,9.9959037518e-04,-1.1476828657e-07
124.450000,1.0011222107e-03,2.1884359952e-06
124.500000,9.9872145608e-04,-6.3605091338e-06
124.550000,9.9941337328e-04,-4.4515459110e-06
124.600000,9.9953106877e-04,-9.6063542370e-06
124.650000,1.0001738323e-03,3.7075429999e-06
124.700000,1.0009528646e-03,4.6840552606e-06
124.750000,9.9921038958e-04,-1.7868448155e-05
124.800000,1.0005147800e-03,-1.6905459292e-05
124.850000,9.9911605675e-04,1.3734175615e-06
124.900000,9.9930775172e-04,4.9239790880e-06
124.950000,1.0006776612e-03,-3.9151861191e-06
125.000000,9.9951965777e-04,1.1051618219e-06
125.050000,1.0019698329e-03,-1.6290816534e-05
125.100000,1.0014304631e-03,4.8962760005e-06
125.150000,1.0014643505e-03,1.5147900027e-06
125.200000,9.9904162877e-04,1.3898925865e-05
125.250000,1.0001771117e-03,5.0824610481e-06
125.300000,1.0004136363e-03,-1.6754674971e-05
125.350000,1.0015806599e-03,2.2670710326e-07
125.400000,1.0007953813e-03,5.1078699643e-06
125.450000,9.9991256301e-04,2.0180081482e-06
125.500000,1.0001576346e-03,1.8704103981e-05
125.550000,1.0014304879e-03,-5.0974559651e-06
125.600000,9.9918196508e-04,7.5908505304e-06
125.650000,1.0014847442e-03,-3.5336597747e-06
125.700000,9.9874030638e-04,-1.4882719373e-05
125.750000,1.0005528971e-03,3.4088430389e-06
125.800000,9.9940831962e-04,6.1961421973e-06
125.850000,9.9993524350e-04,3.1521044548e-06
125.900000,9.9974600318e-04,-7.1762967838e-06
125.950000,9.9903459606e-04,-6.8708358744e-06
126.000000,9.9970011809e-04,-9.1219650358e-06
126.050000,9.9986492022e-04,-9.0283058022e-06
126.100000,1.0004273754e-03,-1.0668561521e-06
126.150000,9.9914834764e-04,-7.4067152605e-06
126.200000,9.9878322717e-04,1.8491126950e-05
126.250000,9.9965185554e-04,-1.5458177410e-05
126.300000,1.0002535746e-03,-4.7539144120e-06
126.350000,9.9868129452e-04,-1.0544112899e-05
126.400000,9.9911522375e-04,1.5936600708e-06
126.450000,1.0000696905e-03,9.8392933989e-06
126.500000,1.0000983802e-03,-1.1305592330e-05
126.550000,1.0005668738e-03,2.2634421197e-05
126.600000,1.0008357065e-03,-5.6615808909e-06
126.650000,1.0020022717e-03,-6.3903790436e-06
126.700000,9.9955511851e-04,6.8780040844e-06
126.750000,9.9961606177e-04,-1.1710146682e-05
126.800000,9.9879283260e-04,9.7315368828e-06
126.850000,1.0011545662e-03,-7.2408256159e-06
126.900000,9.9865852960e-04,-6.5699663995e-06
126.950000,1.0024164590e-03,1.4084414073e-06
127.000000,1.0000975575e-03,4.1471453329e-06
127.050000,1.0005573476e-03,-3.1889093759e-05
127.100000,9.9882297518e-04,6.7772781518e-06
127.150000,1.0012291268e-03,8.1007220667e-06
127.200000,1.0002307416e-03,4.0191373502e-06
127.250000,1.0007480194e-03,-2.3304927528e-05
127.300000,1.0011103948e-03,2.3008187392e-06
127.350000,9.9965556638e-04,-1.8913361216e-05
127.400000,1.0011992129e-03,1.1208615121e-05
127.450000,1.0010074371e-03,2.3198069265e-06
127.500000,1.0010181223e-03,-9.4616424442e-06
127.550000,1.0016527540e-03,1.2288013497e-05
127.600000,9.9933978875e-04,4.9463896706e-06
127.650000,9.9797825532e-04,1.1668643165e-05
127.700000,9.9959085832e-04,-9.7127435788e-06
127.750000,1.0007713086e-03,-7.5206387858e-06
127.800000,9.9889972226e-04,1.4624410036e-05
127.850000,9.9987949313e-04,-1.1397236637e-05
127.900000,1.0000701704e-03,1.8150332895e-06
127.950000,1.0006589057e-03,-1.6291444498e-05
128.000000,9.9920955922e-04,-6.1607580313e-06
128.050000,1.0016020142e-03,-5.1550768204e-06
128.100000,9.9958465414e-04,2.9753431288e-06
128.150000,1.0003245780e-03,9.7168603266e-06
128.200000,1.0016145527e-03,1.6407985247e-05
128.250000,1.0005300666e-03,-3.9321419396e-06
128.300000,1.0005755259e-03,-1.7774827502e-05
128.350000,1.0001869784e-03,-1.8364844012e-06
128.400000,9.9843443968e-04,5.8279065242e-06
128.450000,9.9938120443e-04,7.9192392478e-06
128.500000,1.0001768469e-03,2.8009363340e-06
128.550000,1.0009720942e-03,1.6978245378e-05
128.600000,9.9910940462e-04,1.0443582082e-05
128.650000,1.0005168369e-03,-8.6425117654e-06
128.700000,9.9937973358e-04,2.7806743519e-08
128.750000,1.0038133391e-03,-5.8963791514e-06
128.800000,1.0008644354e-03,6.8489132888e-06
128.850000,1.0002243865e-03,3.6527452165e-05
128.900000,1.0007240295e-03,-1.0983415219e-05
128.950000,9.9937524898e-04,1.9603688055e-05
129.000000,9.9937299954e-04,4.7528333579e-06
129.050000,1.0025422246e-03,-6.8616831012e-06
129.100000,9.9919353793e-04,2.0592214496e-05
129.150000,9.9995833572e-04,-1.3816272223e-05
129.200000,9.9965099455e-04,1.0715537688e-05
129.250000,9.9994715901e-04,1.8615607328e-05
129.300000,9.9966900856e-04,-2.2432386432e-05
129.350000,9.9866693613e-04,4.3648915506e-07
129.400000,9.9902285053e-04,1.1163349315e-05
129.450000,1.0008878973e-03,6.6042573539e-06
129.500000,9.9788585839e-04,-7.1926706513e-07
129.550000,9.9894977010e-04,1.1368100376e-05
129.600000,9.9984314773e-04,6.8150769535e-07
129.650000,1.0002703888e-03,1.4908948527e-05
129.700000,1.0008481938e-03,2.0998916311e-05
129.750000,9.9940281675e-04,1.3518712791e-05
129.800000,1.0003230103e-03,3.7628629731e-06
129.850000,9.9911842168e-04,-1.1312298593e-05
129.900000,1.0000890510e-03,-5.3392744578e-06
129.950000,9.9982935804e-04,4.5403122945e-06
130.000000,9.9902460938e-04,-1.1265155000e-05
130.050000,9.9990484128e-04,-2.4591474288e-06
130.100000,9.9932420057e-04,-1.9768191401e-05
130.150000,1.0025180788e-03,2.1262093395e-05
130.200000,9.9943652590e-04,-4.7981117735e-06
130.250000,9.9957861414e-04,-1.5057877258e-05
130.300000,9.9982857519e-04,1.5123756937e-05
130.350000,9.9971172413e-04,-2.4029605034e-05
130.400000,1.0018522511e-03,1.8609688364e-05
130.450000,9.9810373807e-04,-2.0705609555e-05
130.500000,9.9931928567e-04,-6.0528149663e-06
130.550000,1.0003144012e-03,-1.7657621046e-05
130.600000,1.0002748150e-03,-1.4166882250e-05
130.650000,9.9896805053e-04,-3.4033167748e-06
130.700000,9.9983455719e-04,-2.1856310515e-05
130.750000,9.9945021187e-04,-2.1329068049e-06
130.800000,1.0016160458e-03,1.3269841704e-06
130.850000,1.0001140064e-03,2.6940213083e-06
130.900000,1.0004510057e-03,1.7335541006e-05
130.950000,9.9940296882e-04,-9.2306342295e-07
131.000000,9.9991636723e-04,-3.0429574303e-06
131.050000,9.9940142332e-04,2.2624980499e-05
131.100000,9.9964675273e-04,-1.2078389710e-05
131.150000,9.9859059956e-04,7.0065647807e-06
131.200000,9.9959168989e-04,-2.1230885306e-05
131.250000,9.9928511547e-04,-1.2522715746e-05
131.300000,1.0002962496e-03,-6.9930625090e-06
131.350000,1.0005619173e-03,1.2330667934e-05
131.400000,1.0005786951e-03,6.8914094999e-06
131.450000,9.9996281228e-04,-5.7201659418e-06
131.500000,9.9815586951e-04,-6.8487596434e-07
131.550000,1.0003659897e-03,-1.3899149896e-05
131.600000,1.0002772636e-03,3.1949463276e-06
131.650000,9.9925704942e-04,-5.3771328118e-06
131.700000,9.9818310260e-04,-1.4211951039e-05
131.750000,9.9887311292e-04,2.1416756409e-07
131.800000,1.0002210746e-03,7.2628973478e-06
131.850000,1.0000296122e-03,8.2738876451e-06
131.900000,1.0001047609e-03,-9.0658445817e-06
131.950000,1.0006642517e-03,3.4242931831e-06
132.000000,1.0007763630e-03,-9.8531777718e-06
132.050000,1.0003905296e-03,4.3318856469e-06
132.100000,1.0000061672e-03,-1.5480484882e-05
132.150000,1.0010503576e-03,-4.7799171867e-06
132.200000,9.9909759955e-04,4.9062354344e-06
132.250000,1.0005815575e-03,1.8086890938e-05
132.300000,9.9895988639e-04,1.7995783662e-06
132.350000,1.0017400982e-03,-2.8740090392e-06
132.400000,9.9795934396e-04,1.6051152545e-05
132.450000,9.9934001368e-04,-1.0758442443e-05
132.500000,1.0001383793e-03,-4.1412411146e-07
132.550000,9.9877776428e-04,-1.0535044014e-05
132.600000,9.9935705849e-04,-8.1150049582e-06
132.650000,1.0004116545e-03,2.1458954211e-05
132.700000,1.0015075804e-03,-8.0968956186e-06
132.750000,1.0022095056e-03,-7.2067183853e-06
132.800000,9.9919229876e-04,-9.3054116658e-06
132.850000,9.9888819016e-04,-2.5211720609e-06
132.900000,1.0002604151e-03,-1.4538481644e-05
132.950000,9.9992760568e-04,3.3664793738e-06
133.000000,9.9926364724e-04,1.0514178273e-05
133.050000,9.9897312196e-04,-3.5333876572e-06
133.100000,9.9968006873e-04,1.9451524331e-05
133.150000,1.0004725613e-03,1.9067934800e-06
133.200000,9.9961993148e-04,-6.9969195609e-06
133.250000,1.0010936942e-03,9.2684575442e-06
133.300000,1.0011333707e-03,-8.8193407710e-06
133.350000,1.0004767214e-03,-1.7172249299e-05
133.400000,1.0023123966e-03,5.6977283692e-06
133.450000,9.9875839360e-04,1.1111798253e-05
133.500000,1.0003330475e-03,-1.9446093439e-06
133.550000,1.0006608066e-03,-1.2814790145e-06
133.600000,9.9819662134e-04,1.1062885232e-05
133.650000,9.9770943880e-04,-1.1788504269e-05
133.700000,9.9827304074e-04,-1.1516414091e-05
133.750000,9.9882928735e-04,-1.5319262397e-05
133.800000,9.9988766912e-04,1.7469078618e-05
133.850000,9.9989812522e-04,3.5764144113e-06
133.900000,9.9886462220e-04,-6.4084541734e-06
133.950000,9.9855058717e-04,-3.5798818717e-06
134.000000,1.0002186416e-03,-1.5411204404e-05
134.050000,1.0010855392e-03,-7.6867807429e-06
134.100000,1.0010186622e-03,1.7814024008e-05
134.150000,1.0007847857e-03,5.3479910366e-06
134.200000,9.9916493547e-04,-7.5668305627e-06
134.250000,9.9975424878e-04,-5.5141617763e-06
134.300000,9.9969906906e-04,-7.4752304415e-06
134.350000,9.9840862285e-04,-4.8173524405e-06
134.400000,1.0005685628e-03,-4.2336506163e-06
134.450000,1.0001850030e-03,1.0072319270e-05
134.500000,9.9952275151e-04,5.8561683934e-06
134.550000,9.9977852508e-04,-1.4812880472e-05
134.600000,1.0017715121e-03,-1.2665845732e-05
134.650000,1.0026130648e-03,4.7819599392e-06
134.700000,9.9976773006e-04,-4.7161495568e-06
134.750000,9.9978569954e-04,-1.0905593859e-05
134.800000,9.9851526295e-04,1.1498304867e-05
134.850000,9.9988251282e-04,7.3185862566e-07
134.900000,9.9852886517e-04,-1.3210500241e-05
134.950000,1.0006529777e-03,4.6323734704e-06
135.000000,9.9949395127e-04,1.7037487846e-08
135.050000,1.0013043268e-03,-8.5662632568e-06
135.100000,1.0000976578e-03,1.1869805213e-05
135.150000,1.0011040600e-03,-1.4688243004e-05
135.200000,1.0005364916e-03,-3.7577255111e-06
135.250000,9.9986920333e-04,1.0432184266e-05
135.300000,1.0010228679e-03,-1.8411625553e-05
135.350000,9.9937885356e-04,1.1118703035e-05
135.400000,1.0020090076e-03,2.9620431659e-07
135.450000,9.9921834198e-04,-6.3572875206e-06
135.500000,9.9898362938e-04,-7.2968644517e-06
135.550000,1.0002856751e-03,4.2701756602e-07
135.600000,9.9888531707e-04,1.3743462397e-06
135.650000,1.0013746109e-03,5.7585694793e-06
135.700000,1.0008738874e-03,1.9153122494e-05
135.750000,9.9931327203e-04,1.2258170756e-06
135.800000,1.0014741136e-03,-6.4447019318e-06
135.850000,1.0024038929e-03,-1.1883682918e-05
135.900000,1.0017794896e-03,6.7461117742e-06
135.950000,9.9875101217e-04,-1.2064223620e-05
136.000000,9.9984158832e-04,-2.6175677797e-05
136.050000,1.0003573232e-03,-7.5680163863e-06
136.100000,1.0005289989e-03,1.5510359410e-05
136.150000,9.9893006625e-04,-8.4168687898e-06
136.200000,9.9973638758e-04,-5.7530592465e-06
136.250000,9.9998795478e-04,-8.8331516256e-06
136.300000,1.0001468914e-03,-3.3608749465e-06
136.350000,9.9952803114e-04,3.7978874817e-06
136.400000,9.9924449117e-04,7.8128394607e-06
136.450000,9.9957286231e-04,-9.7891248139e-06
136.500000,9.9886160662e-04,-1.3695812720e-05
136.550000,9.9930557352e-04,3.0344270050e-07
136.600000,1.0015867015e-03,-4.6309016864e-06
136.650000,1.0005723641e-03,4.5996262906e-06
136.700000,1.0013773490e-03,9.6677767533e-06
136.750000,9.9859882768e-04,-1.7646069377e-05
136.800000,1.0008482388e-03,-2.8063341122e-07
136.850000,1.0003437612e-03,2.4514100269e-06
136.900000,1.0006711848e-03,-4.6743441856e-06
136.950000,1.0006939839e-03,-3.9447644610e-06
137.000000,1.0011751279e-03,-5.4789699314e-06
137.050000,9.9902317565e-04,1.4555564844e-06
137.100000,9.9860084684e-04,9.0238424912e-06
137.150000,9.9939724448e-04,9.6008884938e-07
137.200000,9.9946588559e-04,1.9064995562e-05
137.250000,1.0005785090e-03,-4.3513497505e-06
137.300000,1.0003773445e-03,4.2677082665e-06
137.350000,1.0013256286e-03,-2.7865090392e-06
137.400000,9.9961488424e-04,2.5610746496e-06
137.450000,1.0011778710e-03,-2.5252250877e-06
137.500000,1.0009156652e-03,-1.7158322414e-06
137.550000,9.9956720491e-04,7.8662752344e-06
137.600000,9.9952497666e-04,-2.2800985328e-06
137.650000,9.9896662436e-04,1.0317533684e-05
137.700000,1.0009044528e-03,-1.2951508227e-05
137.750000,1.0011507320e-03,1.6382122585e-05
137.800000,9.9776343311e-04,1.6902424265e-06
137.850000,9.9828158979e-04,3.2454260186e-06
137.900000,9.9898283473e-04,-9.5639599895e-07
137.950000,1.0016219522e-03,4.7009470149e-06
138.000000,1.0002768594e-03,-6.3368611108e-06
138.050000,9.9947971145e-04,1.3223574602e-05
138.100000,1.0004744222e-03,-6.7043177162e-06
138.150000,1.0008460566e-03,-3.2478082370e-06
138.200000,9.9841931637e-04,-3.2587241107e-06
138.250000,9.9947339316e-04,-9.8342352433e-06
138.300000,9.9929537595e-04,6.1178132885e-06
138.350000,9.9930992912e-04,-4.1142962257e-06
138.400000,9.9839989798e-04,4.1337270722e-06
138.450000,9.9935499285e-04,-7.1627319602e-06
138.500000,9.9972296571e-04,7.7605716828e-06
138.550000,9.9871576018e-04,2.2551397462e-06
138.600000,1.0009350486e-03,3.0412350341e-05
138.650000,9.9958019142e-04,7.5760009387e-06
138.700000,9.9878934707e-04,6.7202905486e-06
138.750000,9.9849069024e-04,4.7901637677e-06
138.800000,1.0015256996e-03,1.2630952886e-05
138.850000,9.9975790412e-04,-7.5379888306e-06
138.900000,1.0011182995e-03,8.8434771144e-06
138.950000,9.9977781893e-04,-3.1032099694e-05
139.000000,1.0001397512e-03,-1.4896878535e-05
139.050000,9.9873565577e-04,-9.0621002749e-06
139.100000,9.9963303881e-04,7.3810038448e-06
139.150000,9.9995745473e-04,4.2821716145e-06
139.200000,9.9819375108e-04,4.9777708305e-06
139.250000,9.9885161736e-04,-1.3754882447e-06
139.300000,9.9936103600e-04,1.7607003369e-05
139.350000,1.0015949315e-03,-8.9138417401e-07
139.400000,1.0007153782e-03,1.4968783972e-05
139.450000,9.9977247715e-04,2.3593560172e-06
139.500000,9.9992949237e-04,6.3050788229e-06
139.550000,9.9956837415e-04,-7.0292520749e-06
139.600000,9.9906604519e-04,-8.4224666758e-06
139.650000,1.0004208233e-03,-1.4048710095e-05
139.700000,9.9952911436e-04,-7.2206190389e-06
139.750000,9.9991430168e-04,8.9299102076e-06
139.800000,9.9965683575e-04,6.5630721802e-06
139.850000,1.0001665834e-03,-4.4434636106e-06
139.900000,1.0018564001e-03,2.1958414905e-06
139.950000,1.0009405862e-03,-1.6378354750e-05
140.000000,1.0000961870e-03,-1.3571153894e-05
140.050000,9.9977312347e-04,1.6013418231e-05
140.100000,1.0004147932e-03,-1.0418331285e-05
140.150000,9.9900280030e-04,-1.9560202162e-05
140.200000,1.0000121606e-03,-6.2197089614e-06
140.250000,1.0002216422e-03,-1.4621802491e-06
140.300000,1.0010106055e-03,-9.1093338318e-06
140.350000,9.9971976720e-04,-3.8339498252e-06
140.400000,9.9905106057e-04,-1.4365598869e-05
140.450000,1.0002966330e-03,9.9344092380e-06
140.500000,9.9949156769e-04,8.9473812798e-06
140.550000,9.9913379525e-04,1.3507487868e-05
140.600000,1.0004194679e-03,-2.0443881851e-06
140.650000,9.9926588149e-04,-1.0807025038e-05
140.700000,9.9998683538e-04,5.7772620961e-06
140.750000,1.0006657668e-03,-1.4408993838e-05
140.800000,9.9838438606e-04,-8.6739770446e-06
140.850000,1.0011964270e-03,-2.3246709796e-07
140.900000,9.9825773600e-04,-7.4015398488e-06
140.950000,9.9937052937e-04,-1.7158402060e-05
141.000000,9.9906523801e-04,-5.6080122943e-07
141.050000,9.9917145508e-04,4.1974221427e-07
141.100000,9.9852267141e-04,1.3148759933e-05
141.150000,1.0008878975e-03,1.1765680895e-06
141.200000,9.9951077688e-04,-1.0930196417e-05
141.250000,1.0005341802e-03,-8.9956546423e-06
141.300000,1.0012914712e-03,-2.9383549179e-07
141.350000,1.0003948354e-03,1.3960663130e-06
141.400000,1.0010730719e-03,-1.2337863366e-05
141.450000,1.0002240300e-03,3.2336837893e-05
141.500000,1.0003145373e-03,1.0779069431e-05
141.550000,1.0010555761e-03,-4.1097129136e-06
141.600000,9.9980371828e-04,1.2024527783e-05
141.650000,9.9843313481e-04,-4.3408458778e-06
141.700000,9.9981973323e-04,1.3362006964e-07
141.750000,9.9866365337e-04,-7.5600597693e-06
141.800000,1.0010961305e-03,-5.5587637500e-06
141.850000,1.0011309620e-03,-1.0922790108e-05
141.900000,1.0004314404e-03,1.0101360533e-05
141.950000,9.9842443606e-04,-4.5321172246e-06
142.000000,1.0008706777e-03,-8.0215182301e-06
142.050000,1.0016391553e-03,-1.1951058334e-05
142.100000,9.9957484958e-04,1.3730671201e-06
142.150000,9.9798877744e-04,-4.0696896910e-06
142.200000,9.9966481595e-04,1.4030163791e-06
142.250000,9.9987970926e-04,2.3298789917e-06
142.300000,9.9868536012e-04,-3.8977070345e-06
142.350000,1.0003821001e-03,1.6481312567e-05
142.400000,1.0004327530e-03,-5.6083589398e-06
142.450000,1.0004842385e-03,-2.7561841277e-06
142.500000,9.9966071535e-04,1.0118020330e-05
142.550000,1.0000841741e-03,1.6979686182e-05
142.600000,9.9964572131e-04,-5.5176759923e-06
142.650000,9.9918559160e-04,-8.6702425258e-06
142.700000,9.9949253150e-04,7.0800458887e-06
142.750000,1.0000729519e-03,-1.5802918476e-05
142.800000,1.0000369251e-03,-4.5735540163e-06
142.850000,9.9915562362e-04,-1.1745254364e-05
142.900000,9.9932307392e-04,5.5377412597e-06
142.950000,1.0003842787e-03,1.0451602854e-05
143.000000,9.9823525242e-04,5.0724227130e-06
143.050000,9.9984706410e-04,5.7007444259e-06
143.100000,9.9942045702e-04,-1.6534957137e-06
143.150000,9.9871618735e-04,-6.2122453768e-06
143.200000,9.9931591437e-04,1.5697923591e-05
143.250000,1.0015037857e-03,-1.2194735791e-05
143.300000,1.0000748404e-03,8.8047012861e-06
143.350000,1.0006773388e-03,-5.5476176685e-06
143.400000,1.0013063536e-03,-7.8550258889e-06
143.450000,1.0000949281e-03,-6.2190260704e-06
143.500000,9.9855340742e-04,-2.3853667432e-05
143.550000,9.9781090381e-04,-5.5027934138e-06
143.600000,9.9959223030e-04,9.0716118990e-06
143.650000,1.0008017719e-03,-9.3010101987e-06
143.700000,9.9841378656e-04,-4.4018474236e-07
143.750000,1.0009156301e-03,6.4926282875e-06
143.800000,9.9921170435e-04,-5.1997878913e-07
143.850000,1.0009997199e-03,4.6313806682e-06
143.900000,1.0001396918e-03,7.3835328211e-06
143.950000,1.0003724247e-03,-2.4305311901e-06
144.000000,1.0005860495e-03,-8.4313153482e-06
144.050000,9.9882884834e-04,-9.9161207535e-06
144.100000,9.9992889649e-04,6.7905061494e-06
144.150000,1.0012307878e-03,-1.3510202999e-05
144.200000,9.9842014949e-04,-3.3801404550e-06
144.250000,9.9849127946e-04,-1.3781079200e-06
144.300000,9.9975390003e-04,5.3429715742e-06
144.350000,1.0016184426e-03,-3.4151527767e-06
144.400000,9.9754344455e-04,1.9350445370e-05
144.450000,9.9813845275e-04,2.2014024617e-06
144.500000,1.0002511917e-03,1.6929628127e-06
144.550000,9.9988512678e-04,1.0529106531e-05
144.600000,9.9963041595e-04,-4.5084560818e-07
144.650000,9.9963417426e-04,-9.4078274897e-06
144.700000,1.0005712460e-03,7.0288985846e-06
144.750000,9.9854019898e-04,2.5982794421e-05
144.800000,1.0007397890e-03,3.3255027918e-06
144.850000,9.9977190362e-04,4.4628568536e-06
144.900000,9.9832244654e-04,1.0865351206e-05
144.950000,1.0000003594e-03,-1.1526352700e-05
145.000000,9.9898116624e-04,4.5370388352e-06
145.050000,9.9895800545e-04,-1.9613922418e-06
145.100000,1.0001066695e-03,-9.0635442353e-06
145.150000,1.0002452868e-03,-2.2546432352e-05
145.200000,9.9967307870e-04,4.1724634071e-06
145.250000,9.9924553909e-04,-7.1577822610e-06
145.300000,9.9978085291e-04,-1.2082535397e-06
145.350000,1.0000479625e-03,-8.8742635747e-06
145.400000,9.9987521354e-04,2.8230663717e-06
145.450000,1.0011347810e-03,-1.0181028805e-05
145.500000,9.9928663776e-04,6.3846701897e-06
145.550000,9.9942831206e-04,-2.8325163270e-06
145.600000,9.9871385426e-04,6.5004247883e-06
145.650000,1.0001167926e-03,-6.8385472576e-06
145.700000,9.9892637981e-04,2.6316806840e-06
145.750000,1.0015841739e-03,-3.2625295341e-06
145.800000,1.0000461017e-03,-7.5150755280e-06
145.850000,1.0002936876e-03,-1.2336488955e-05
145.900000,9.9984646372e-04,-7.9930522798e-06
145.950000,9.9847487736e-04,1.5669121712e-06
146.000000,1.0001953608e-03,-1.3000218172e-05
146.050000,1.0006734521e-03,2.5422402297e-07
146.100000,1.0002597888e-03,-2.2249721711e-06
146.150000,9.9789822650e-04,-3.2316826571e-06
146.200000,1.0002494847e-03,6.4050598406e-06
146.250000,9.9920499033e-04,-1.3937717221e-05
146.300000,9.9859814943e-04,1.5336956217e-05
146.350000,1.0002914554e-03,2.0326918517e-06
146.400000,9.9979239810e-04,-2.1892998303e-06
146.450000,9.9879189492e-04,-1.5311233721e-05
146.500000,9.9910340537e-04,-6.8591331939e-06
146.550000,9.9909329246e-04,1.2616173184e-05
146.600000,1.0004785288e-03,8.8379004304e-06
146.650000,1.0003328168e-03,5.7405298737e-06
146.700000,9.9998675083e-04,-1.0122045574e-05
146.750000,1.0003609143e-03,8.6271632739e-06
146.800000,9.9814904946e-04,3.3690855086e-06
146.850000,1.0008038954e-03,3.2334004464e-06
146.900000,9.9984951353e-04,-7.4356646193e-06
146.950000,9.9995955056e-04,-6.7455578545e-06
147.000000,1.0000291958e-03,-2.8559671104e-07
147.050000,9.9943254100e-04,-2.0540439407e-06
147.100000,1.0010232958e-03,4.1281985756e-07
147.150000,1.0014089805e-03,9.8777040754e-06
147.200000,9.9928034040e-04,-3.8030758151e-06
147.250000,9.9846197117e-04,-2.9708989844e-06
147.300000,9.9937566199e-04,-4.4941830185e-06
147.350000,1.0017830185e-03,-1.6996246727e-06
147.400000,9.9908842040e-04,1.4790169914e-05
147.450000,9.9881904683e-04,5.9843092540e-06
147.500000,9.9990851325e-04,1.6116433008e-05
147.550000,9.9929184834e-04,-1.2566981144e-06
147.600000,9.9883945499e-04,8.4021277752e-06
147.650000,9.9799944678e-04,8.7458198638e-06
147.700000,9.9901148106e-04,4.8229717770e-06
147.750000,1.0010173907e-03,-2.1719991904e-07
147.800000,1.0004520007e-03,7.4788042360e-06
147.850000,9.9954702809e-04,-9.0055138023e-06
147.900000,1.0005635766e-03,7.9930978907e-06
147.950000,1.0020467475e-03,-3.1420407731e-06
148.000000,9.9877155877e-04,7.3677762291e-07
148.050000,9.9960935925e-04,-7.0710881243e-06
148.100000,1.0005575313e-03,-1.4488255428e-05
148.150000,9.9948933751e-04,-1.0131312646e-05
148.200000,9.9880468682e-04,5.1887766535e-06
148.250000,1.0002586384e-03,-1.7589012259e-05
148.300000,1.0007177700e-03,2.4397620169e-05
148.350000,1.0003735144e-03,-2.8077458296e-06
148.400000,9.9695785870e-04,7.5099931738e-06
148.450000,9.9886819918e-04,8.4463995626e-07
148.500000,9.9909179854e-04,-9.7893904745e-06
148.550000,9.9888354818e-04,-1.4642775923e-05
148.600000,9.9952814354e-04,-1.2123782758e-05
148.650000,9.9793124322e-04,-8.0514204795e-06
148.700000,9.9920779296e-04,-6.2191731560e-06
148.750000,1.0004835408e-03,-8.0769011639e-06
148.800000,1.0021909468e-03,1.0631268407e-05
148.850000,9.9993573135e-04,9.6503015052e-06
148.900000,9.9877843451e-04,1.2856535516e-05
148.950000,9.9990563232e-04,-5.8777001723e-06
149.000000,1.0005120466e-03,1.6130532547e-05
149.050000,9.9877150716e-04,-2.2104591324e-05
149.100000,1.0030629767e-03,2.3213688500e-06
149.150000,1.0000576690e-03,3.8213548600e-06
149.200000,1.0003189687e-03,1.3099461485e-05
149.250000,9.9863818754e-04,-1.0724351934e-05
149.300000,9.9827589536e-04,9.6753603084e-06
149.350000,9.9973739684e-04,-1.1184945125e-05
149.400000,9.9879652422e-04,-9.6601864348e-06
149.450000,1.0005365905e-03,-1.2098218834e-06
149.500000,9.9815224615e-04,5.6234583705e-06
149.550000,1.0000529665e-03,1.1654932666e-05
149.600000,9.9903511870e-04,3.3409425242e-06
149.650000,9.9816862557e-04,-4.5196793712e-06
149.700000,1.0015420550e-03,-3.0540132582e-06
149.750000,1.0002045890e-03,1.6251484534e-06
149.800000,9.9928293768e-04,-4.7582014772e-06
149.850000,9.9965156575e-04,-2.5862274590e-06
149.900000,9.9975152698e-04,1.5004567224e-05
149.950000,9.9986758966e-04,1.2720257217e-05
150.000000,1.0000121204e-03,3.8169244521e-06
150.050000,9.9748947656e-04,-3.7424863398e-06
150.100000,1.0000011630e-03,-3.5424481155e-06
150.150000,9.9967451767e-04,-6.2242066781e-06
150.200000,1.0010379098e-03,-7.8566524018e-06
150.250000,1.0005824712e-03,3.7462038264e-06
150.300000,1.0016174034e-03,-2.8342303980e-06
150.350000,9.9932122139e-04,1.1896694358e-05
150.400000,1.0002117129e-03,1.5757443227e-05
150.450000,1.0002236308e-03,8.6164694711e-06
150.500000,1.0018056736e-03,-4.0583262676e-06
150.550000,9.9941314523e-04,-2.2184353497e-07
150.600000,1.0005767513e-03,2.4883579274e-06
150.650000,1.0004894808e-03,1.0135302706e-05
150.700000,1.0006191821e-03,-4.3345489050e-06
150.750000,1.0000395102e-03,9.0980125826e-06
150.800000,1.0003867334e-03,-2.4607987451e-06
150.850000,1.0000100809e-03,2.0470534584e-05
150.900000,9.9994143519e-04,1.1445115673e-05
150.950000,1.0011883914e-03,-9.7114379688e-06
151.000000,9.9974481716e-04,7.0591782366e-06
151.050000,9.9924899949e-04,-1.4813187710e-05
151.100000,1.0005243769e-03,-5.9699944563e-06
151.150000,9.9894996205e-04,-8.2661037641e-06
151.200000,1.0003227421e-03,-2.7622466477e-06
151.250000,9.9900751849e-04,1.2444868862e-05
151.300000,9.9967521698e-04,9.9816017172e-06
151.350000,9.9980585911e-04,-4.4302804364e-06
151.400000,9.9976266067e-04,4.5187848975e-06
151.450000,1.0000291128e-03,-1.2959210801e-07
151.500000,1.0011977789e-03,-1.6453584451e-06
151.550000,1.0000774396e-03,6.9200912948e-06
151.600000,1.0013582763e-03,-2.2252344938e-06
151.650000,9.9955202747e-04,-1.0086581085e-05
151.700000,9.9919867007e-04,-1.7894922794e-05
151.750000,9.9775450743e-04,-1.0609875781e-05
151.800000,9.9944513803e-04,-8.5504014242e-06
151.850000,9.9984176371e-04,3.1922241468e-06
151.900000,1.0001766211e-03,-5.3829850765e-06
151.950000,9.9907684450e-04,1.1711139584e-05
152.000000,1.0004132873e-03,7.4471601316e-06
152.050000,9.9930587424e-04,-9.5024959971e-06
152.100000,9.9941126660e-04,1.3162050811e-05
152.150000,9.9995285336e-04,1.6847289416e-05
152.200000,9.9932802528e-04,6.8351452179e-06
152.250000,1.0006383362e-03,1.7635628779e-06
152.300000,9.9977124322e-04,-8.6954155018e-06
152.350000,9.9886115792e-04,4.4276133221e-06
152.400000,9.9921623136e-04,-1.2378846428e-05
152.450000,1.0001738852e-03,-2.8868265824e-07
152.500000,1.0007810814e-03,-1.1536722520e-05
152.550000,9.9934779395e-04,1.1902643212e-05
152.600000,9.9890051370e-04,-2.4355334961e-06
152.650000,9.9993845774e-04,-6.4461857921e-06
152.700000,1.0005763227e-03,-2.6253639579e-07
152.750000,1.0001955634e-03,5.3812417535e-07
152.800000,9.9924500272e-04,-1.3382491508e-05
152.850000,1.0020143419e-03,1.2269711180e-06
152.900000,9.9944091531e-04,-2.2826976282e-06
152.950000,9.9898916573e-04,-7.4876306303e-06
153.000000,1.0002535898e-03,1.5674286891e-05
153.050000,1.0001924713e-03,-1.1076457664e-05
153.100000,9.9935489647e-04,1.3782328762e-06
153.150000,1.0005311040e-03,-7.5416951460e-06
153.200000,1.0010050002e-03,-1.9870614621e-06
153.250000,1.0017092024e-03,-3.9756048826e-06
153.300000,9.9860185252e-04,8.6916385161e-06
153.350000,1.0017548056e-03,1.7704919869e-05
153.400000,9.9982795204e-04,-4.8885066722e-06
153.450000,9.9993867163e-04,-1.5803753482e-05
153.500000,1.0000649168e-03,2.2044216595e-06
153.550000,9.9983722879e-04,2.2382117226e-05
153.600000,1.0005932517e-03,-4.8787543220e-06
153.650000,1.0008606199e-03,3.3046567023e-07
153.700000,1.0001308839e-03,-6.8354286898e-06
153.750000,1.0014383184e-03,-8.9482897356e-07
153.800000,1.0003657542e-03,3.4628705187e-06
153.850000,1.0006712633e-03,1.2456420938e-05
153.900000,1.0002412413e-03,-2.0744959880e-06
153.950000,9.9952842308e-04,-6.5211261577e-06
154.000000,9.9949828208e-04,4.2531190326e-06
154.050000,9.9874679333e-04,-9.3245897874e-07
154.100000,1.0000531212e-03,-3.1878419270e-06
154.150000,1.0006625147e-03,1.6478919576e-05
154.200000,1.0008615209e-03,1.9612389992e-05
154.250000,1.0019894642e-03,-2.4174216494e-05
154.300000,1.0001008731e-03,-1.2772354108e-05
154.350000,1.0002094803e-03,1.5451986834e-05
154.400000,9.9990520960e-04,-7.2454135489e-06
154.450000,1.0001413725e-03,1.2318503542e-05
154.500000,9.9880657398e-04,2.2135170736e-06
154.550000,1.0010232744e-03,2.5552057989e-06
154.600000,1.0005164128e-03,-4.1709555258e-07
154.650000,9.9917888942e-04,1.6607067011e-05
154.700000,9.9977513460e-04,7.3863469504e-06
154.750000,1.0018649827e-03,1.5473441131e-05
154.800000,1.0009609875e-03,6.4414311408e-06
154.850000,9.9907719942e-04,5.4598520727e-06
154.900000,9.9905497955e-04,7.2382276762e-06
154.950000,1.0014550429e-03,-6.2938146304e-06
155.000000,9.9823362534e-04,-5.2227470422e-06
155.050000,1.0006523790e-03,1.1230640060e-05
155.100000,1.0005521615e-03,2.0466994538e-06
155.150000,9.9882165152e-04,2.2243860115e-06
155.200000,1.0004030986e-03,4.6525089047e-06
155.250000,1.0016150311e-03,-6.9341296526e-06
155.300000,1.0001569681e-03,6.9900187410e-06
155.350000,1.0011013472e-03,-4.7366227355e-06
155.400000,1.0009913193e-03,-1.0734832770e-05
155.450000,1.0006468473e-03,-1.3598075687e-05
155.500000,9.9951764655e-04,3.6606318548e-06
155.550000,9.9734886832e-04,-1.7132240471e-06
155.600000,9.9924380520e-04,-3.5403814302e-06
155.650000,1.0009945140e-03,7.2361960397e-06
155.700000,9.9996022385e-04,3.0009552358e-06
155.750000,1.0016741492e-03,8.1423923553e-06
155.800000,1.0010320105e-03,3.1122887351e-06
155.850000,1.0013924084e-03,3.5535848418e-06
155.900000,9.9895597969e-04,8.8969044680e-08
155.950000,9.9884868320e-04,-1.6923979465e-05
156.000000,9.9937339060e-04,1.4687281877e-05
156.050000,9.9858547407e-04,5.8623168464e-06
156.100000,9.9910512514e-04,4.5644009582e-06
156.150000,1.0016579885e-03,6.2864999781e-07
156.200000,1.0004895939e-03,-4.8377432787e-06
156.250000,1.0012159854e-03,-4.7390186502e-06
156.300000,9.9976692787e-04,-7.9233672398e-06
156.350000,1.0001062792e-03,1.9039091120e-06
156.400000,1.0012991029e-03,1.1476073950e-05
156.450000,9.9935249087e-04,1.6846948904e-05
156.500000,9.9888770496e-04,-4.2026195670e-06
156.550000,1.0008928491e-03,1.5196368706e-06
156.600000,9.9898657474e-04,5.3229377009e-06
156.650000,9.9912813353e-04,1.7236716687e-05
156.700000,9.9891672398e-04,1.3485779081e-06
156.750000,9.9950688328e-04,1.5938159582e-05
156.800000,9.9921603775e-04,1.3466866482e-06
156.850000,9.9841787167e-04,2.0951652290e-05
156.900000,9.9918914120e-04,-4.6166162632e-06
156.950000,1.0001156980e-03,1.4781783991e-06
157.000000,9.9877534206e-04,-1.5056774855e-07
157.050000,9.9998449793e-04,-1.2389269209e-05
157.100000,1.0012872321e-03,-2.1911101556e-06
157.150000,1.0000962324e-03,1.8460948922e-05
157.200000,9.9747811051e-04,-6.6815938475e-06
157.250000,1.0005191284e-03,7.3495578584e-06
157.300000,1.0003036337e-03,-1.7061120179e-06
157.350000,1.0001603535e-03,-2.9260278872e-06
157.400000,1.0013217468e-03,9.6401803501e-06
157.450000,9.9933661304e-04,3.0522869386e-06
157.500000,1.0007570396e-03,-1.9890419173e-06
157.550000,1.0003691044e-03,1.1526344640e-06
157.600000,9.9985791381e-04,-1.0422994830e-05
157.650000,9.9939700485e-04,1.4466198275e-05
157.700000,1.0002568760e-03,-4.0355982789e-06
157.750000,9.9979371855e-04,7.6176543497e-06
157.800000,9.9988458245e-04,1.1016045183e-05
157.850000,9.9814325519e-04,8.6091844121e-06
157.900000,1.0006297358e-03,-3.5825383168e-06
157.950000,1.0008115934e-03,-9.6021880184e-06
158.000000,9.9978143928e-04,1.0988465635e-05
158.050000,9.9827621583e-04,-5.4375492637e-06
158.100000,9.9815022549e-04,-1.5414333279e-06
158.150000,1.0005492681e-03,-6.7254734362e-06
158.200000,9.9751195077e-04,1.2963726863e-06
158.250000,9.9923491131e-04,-1.0726601343e-05
158.300000,9.9983973907e-04,1.1729767372e-05
158.350000,1.0001266898e-03,-1.1580546027e-05
158.400000,9.9914343532e-04,-3.3515577220e-06
158.450000,1.0003595560e-03,1.0233147698e-06
158.500000,1.0006009672e-03,-1.3346158407e-05
158.550000,9.9995842946e-04,2.0537646306e-06
158.600000,9.9893640039e-04,6.5085008849e-06
158.650000,9.9983081152e-04,-4.7692605512e-06
158.700000,1.0010210510e-03,3.7572975031e-06
158.750000,9.9873017219e-04,1.8639148255e-06
158.800000,1.0006036714e-03,-3.5741222898e-06
158.850000,1.0007454640e-03,5.7615453287e-06
158.900000,1.0007802651e-03,1.1726893772e-05
158.950000,9.9958758592e-04,7.9004172035e-06
159.000000,9.9815939225e-04,5.8252235078e-06
159.050000,9.9988860330e-04,1.4670058763e-05
159.100000,1.0010920294e-03,5.9074134490e-06
159.150000,1.0002072626e-03,-7.2857120046e-06
159.200000,1.0002968157e-03,3.6693031113e-06
159.250000,9.9980457602e-04,1.7473116692e-05
159.300000,9.9956072211e-04,3.7432386139e-06
159.350000,9.9983804642e-04,2.4248029838e-06
159.400000,1.0017228215e-03,-3.8643669366e-06
159.450000,1.0010331982e-03,1.5954903150e-05
159.500000,9.9852326228e-04,-2.2406211115e-06
159.550000,9.9939354195e-04,8.4410264247e-07
159.600000,9.9941725523e-04,-1.0695438384e-05
159.650000,1.0009171874e-03,4.2010230315e-06
159.700000,1.0001486026e-03,1.0031075910e-05
159.750000,1.0000326814e-03,8.6324597132e-06
159.800000,9.9838822021e-04,1.8415758414e-05
159.850000,9.9959137185e-04,-7.9654553248e-06
159.900000,9.9973851901e-04,7.2793596847e-06
159.950000,1.0002346391e-03,9.0137282449e-06
160.000000,1.0012543815e-03,5.9237539794e-06
160.050000,9.9979673234e-04,-8.0251202169e-06
160.100000,9.9868172229e-04,-2.8110939389e-06
160.150000,9.9911136037e-04,1.2047380458e-05
160.200000,9.9961506730e-04,-1.5122412529e-05
160.250000,1.0010525465e-03,-1.1025676147e-06
160.300000,1.0011605983e-03,3.2781613823e-06
160.350000,1.0002047379e-03,1.4838844014e-05
160.400000,1.0016872426e-03,1.9296388652e-05
160.450000,1.0001591653e-03,2.5727202725e-06
160.500000,1.0001246713e-03,-3.0652711809e-05
160.550000,1.0007854692e-03,-7.6235257157e-06
160.600000,9.9988892322e-04,-9.1342226378e-06
160.650000,1.0014403959e-03,-1.6345408821e-05
160.700000,1.0015403098e-03,1.3883894014e-05
160.750000,1.0011855418e-03,5.2657643919e-06
160.800000,9.9952901299e-04,-1.3094452206e-06
160.850000,9.9971931877e-04,-1.9382607970e-07
160.900000,9.9840070904e-04,-5.6466909703e-06
160.950000,1.0016140864e-03,3.9263055307e-06
161.000000,1.0021187057e-03,5.5151562952e-06
161.050000,9.9978650474e-04,-1.0025730170e-05
161.100000,1.0014942959e-03,6.1431733758e-07
161.150000,9.9914938461e-04,1.4893475699e-05
161.200000,9.9910804575e-04,1.5463769851e-06
161.250000,9.9883990197e-04,-1.6809624466e-05
161.300000,1.0017311304e-03,-6.8384247035e-06
161.350000,1.0012415936e-03,-1.6183649568e-05
161.400000,1.0005283090e-03,-2.0759518910e-06
161.450000,9.9931571245e-04,-1.7339180913e-05
161.500000,9.9816138006e-04,-1.3021964675e-05
161.550000,9.9817204125e-04,-3.5886510518e-06
161.600000,9.9960259085e-04,-7.3865507994e-06
161.650000,1.0004325124e-03,1.0418183120e-05
161.700000,9.9901143490e-04,-8.0459108279e-06
161.750000,9.9971313806e-04,1.0233253691e-05
161.800000,9.9892274140e-04,-8.1470865122e-06
161.850000,9.9948530577e-04,6.1134056399e-06
161.900000,1.0007286087e-03,1.0235183216e-05
161.950000,9.9964807621e-04,-6.5681576208e-06
162.000000,1.0001177426e-03,-5.7353867669e-06
162.050000,1.0016333900e-03,-7.9622846842e-06
162.100000,9.9954853827e-04,4.8903702867e-06
162.150000,9.9964537178e-04,-7.8548450016e-06
162.200000,9.9841443880e-04,-2.2234881848e-05
162.250000,9.9988541539e-04,-3.0351307288e-06
162.300000,9.9895386882e-04,1.4529816568e-06
162.350000,1.0005997430e-03,-6.9876228199e-06
162.400000,9.9993511954e-04,1.9945859506e-06
162.450000,1.0000643248e-03,-2.3959829424e-06
162.500000,9.9956591167e-04,7.3447666783e-06
162.550000,9.9954779024e-04,4.6686694522e-06
162.600000,9.9869383961e-04,8.0027086358e-06
162.650000,9.9928663343e-04,-6.2644207139e-06
162.700000,9.9940242251e-04,1.7100785651e-05
162.750000,9.9925040939e-04,-2.0865206453e-07
162.800000,9.9973409482e-04,-8.8760255565e-06
162.850000,1.0019743874e-03,2.2662925634e-05
162.900000,1.0006505534e-03,2.3164727095e-05
162.950000,1.0013022137e-03,1.9789297283e-06
163.000000,1.0001611393e-03,7.4613574437e-06
163.050000,9.9887352594e-04,2.5687121252e-06
163.100000,9.9983403068e-04,-2.0784936829e-05
163.150000,9.9913227562e-04,5.5393008293e-06
163.200000,1.0008693517e-03,-2.4205738195e-05
163.250000,9.9891923116e-04,8.2095882144e-06
163.300000,9.9963094825e-04,2.9231856775e-06
163.350000,9.9928162880e-04,-2.2746875686e-06
163.400000,1.0003885092e-03,-4.8812995446e-06
163.450000,9.9980797567e-04,-3.2019668949e-06
163.500000,1.0002902033e-03,9.0114190637e-06
163.550000,1.0001745059e-03,4.1361062170e-07
163.600000,1.0002072052e-03,1.0001115208e-06
163.650000,9.9942044873e-04,-4.3777860491e-06
163.700000,1.0002528370e-03,-9.4230180117e-06
163.750000,9.9967711001e-04,-4.2146630923e-07
163.800000,9.9837701562e-04,-1.2133596149e-05
163.850000,9.9875342628e-04,-4.1100598738e-06
163.900000,1.0016230034e-03,-3.2988763581e-06
163.950000,9.9921797547e-04,-7.7180427466e-06
164.000000,9.9991848199e-04,8.1766527980e-06
164.050000,1.0005363692e-03,-3.8991519329e-06
164.100000,1.0013094466e-03,-6.6293722444e-06
164.150000,9.9971659222e-04,6.9261370597e-06
164.200000,1.0005303837e-03,-1.1724594093e-05
164.250000,9.9938942020e-04,1.8744436708e-06
164.300000,9.9931068257e-04,6.8224108358e-06
164.350000,9.9958380771e-04,-5.3950906102e-06
164.400000,9.9970436526e-04,-8.9766442666e-06
164.450000,9.9962058423e-04,1.2451725134e-05
164.500000,1.0000690437e-03,5.5434759439e-06
164.550000,1.0000877210e-03,1.0329668192e-05
164.600000,1.0004772696e-03,8.0335164975e-06
164.650000,9.9985156162e-04,8.1875188462e-06
164.700000,9.9821103085e-04,1.2535743421e-05
164.750000,9.9839374322e-04,2.0086051643e-06
164.800000,9.9934513615e-04,2.3490556596e-06
164.850000,1.0000914628e-03,8.8405121161e-07
164.900000,1.0001181128e-03,1.6222419252e-05
164.950000,9.9913251915e-04,-1.5230360503e-05
165.000000,1.0025268104e-03,8.7418291618e-06
165.050000,1.0014985393e-03,8.0129375559e-06
165.100000,1.0012380828e-03,1.9514386838e-05
165.150000,1.0005944273e-03,-7.5617695428e-07
165.200000,9.9987412039e-04,-7.6823332635e-06
165.250000,9.9926220165e-04,9.0866409935e-06
165.300000,1.0004621424e-03,-5.0624431985e-06
165.350000,1.0006248722e-03,1.0562896349e-05
165.400000,1.0004811032e-03,4.4741563531e-06
165.450000,9.9985243962e-04,7.9020105420e-06
165.500000,1.0008002475e-03,-1.0136482108e-07
165.550000,9.9962978831e-04,6.2324158436e-06
165.600000,9.9899715506e-04,8.4062578542e-06
165.650000,1.0004825946e-03,-3.4357447105e-06
165.700000,9.9972015092e-04,-1.5286874692e-05
165.750000,1.0002574532e-03,-8.5894180464e-06
165.800000,9.9845396505e-04,-3.3816675267e-06
165.850000,1.0019809958e-03,1.1645402583e-05
165.900000,1.0001716740e-03,-6.7570949233e-06
165.950000,9.9968522898e-04,-5.0941818982e-06
166.000000,1.0012115685e-03,1.3101598296e-05
166.050000,9.9938647377e-04,-1.6097597191e-06
166.100000,1.0004632455e-03,-1.4433401298e-05
166.150000,1.0006325838e-03,-1.4573391545e-05
166.200000,1.0000739275e-03,-7.6483318056e-06
166.250000,9.9974873025e-04,-2.0457069950e-06
166.300000,1.0008274656e-03,4.3488870556e-06
166.350000,9.9863649052e-04,8.1702466180e-06
166.400000,1.0006507406e-03,-1.1233270414e-05
166.450000,9.9917583322e-04,8.4556953386e-06
166.500000,9.9916266880e-04,1.0355522813e-05
166.550000,1.0011838893e-03,5.4080721792e-06
166.600000,9.9907993466e-04,6.0107155790e-06
166.650000,1.0011558048e-03,-8.6016192278e-06
166.700000,1.0001588891e-03,1.1153607189e-05
166.750000,9.9975734918e-04,-6.1239396527e-06
166.800000,9.9973890642e-04,-9.8906845710e-06
166.850000,9.9977171116e-04,-3.6041292865e-06
166.900000,1.0015289953e-03,5.6940593108e-07
166.950000,9.9915647224e-04,-1.1983504102e-05
167.000000,9.9871261381e-04,4.4118816079e-06
167.050000,1.0022792333e-03,-4.6390231729e-06
167.100000,1.0014428315e-03,-1.6971817366e-06
167.150000,9.9971014812e-04,-1.3213993973e-05
167.200000,9.9835391878e-04,7.7184344833e-06
167.250000,1.0000787733e-03,1.3132499434e-05
167.300000,1.0002652029e-03,2.1839726532e-06
167.350000,9.9897772143e-04,5.5945135900e-07
167.400000,9.9999396799e-04,-1.0649294809e-05
167.450000,9.9981886373e-04,4.2902574431e-06
167.500000,9.9992621593e-04,-1.2319773558e-06
167.550000,9.9784106052e-04,-1.4540388533e-05
167.600000,1.0003177925e-03,-4.3389226582e-06
167.650000,1.0005695231e-03,-6.2821720326e-06
167.700000,1.0006565053e-03,-1.9070628254e-05
167.750000,9.9990905843e-04,6.9907300728e-07
167.800000,1.0000525710e-03,8.5817211785e-06
167.850000,1.0003801572e-03,-2.7123790252e-06
167.900000,9.9979730200e-04,-8.5972467892e-06
167.950000,9.9924692723e-04,-1.6223954528e-05
168.000000,1.0011460773e-03,4.5765946557e-06
168.050000,1.0008295092e-03,-1.2130477677e-05
168.100000,1.0003353996e-03,-5.3293696581e-06
168.150000,9.9970224925e-04,-1.5686912983e-05
168.200000,9.9928251626e-04,8.3047256619e-06
168.250000,1.0008883437e-03,-7.2640357196e-06
168.300000,9.9837441916e-04,-9.8367877960e-06
168.350000,9.9862176623e-04,-4.8568807816e-06
168.400000,1.0013915136e-03,1.3624061460e-05
168.450000,9.9996835963e-04,2.1408989420e-05
168.500000,1.0005572729e-03,-2.6040665048e-06
168.550000,9.9985927510e-04,-2.5059767850e-06
168.600000,1.0007477957e-03,-5.1149648612e-06
168.650000,1.0008251119e-03,-5.1333950532e-06
168.700000,9.9907455844e-04,1.7450723489e-06
168.750000,9.9983958161e-04,-1.1517538759e-05
168.800000,1.0004927760e-03,-6.0411110081e-06
168.850000,1.0003319228e-03,3.8757411175e-06
168.900000,1.0010695819e-03,-8.4697592864e-06
168.950000,1.0011067549e-03,-8.0813789394e-07
169.000000,1.0012358289e-03,6.0147454531e-06
169.050000,9.9908210060e-04,4.8324050914e-06
169.100000,1.0001849568e-03,-5.5105188998e-06
169.150000,1.0008805991e-03,5.7558427584e-06
169.200000,9.9915957421e-04,-1.4956682356e-05
169.250000,9.9926835046e-04,1.6150648451e-05
169.300000,1.0001345951e-03,3.4414286142e-07
169.350000,9.9866450032e-04,-4.3632507447e-06
169.400000,1.0020282382e-03,2.5646051315e-07
169.450000,9.9964239921e-04,-4.0243706683e-07
169.500000,9.9941473167e-04,-6.7461540423e-06
169.550000,1.0007082795e-03,-1.7414567132e-07
169.600000,9.9842811525e-04,1.2718259548e-05
169.650000,1.0025505600e-03,-1.9860963742e-05
169.700000,1.0010956672e-03,-2.6963834628e-06
169.750000,1.0004018256e-03,-8.7681861649e-06
169.800000,1.0014256530e-03,-1.1004925454e-05
169.850000,1.0018260235e-03,-9.8032647241e-06
169.900000,9.9956817398e-04,-7.3988704760e-06
169.950000,1.0001047521e-03,4.1548025812e-06
170.000000,1.0008093583e-03,-6.3171245509e-06
170.050000,9.9961382135e-04,-1.9193963891e-06
170.100000,1.0015672216e-03,6.7838001487e-06
170.150000,9.9929177299e-04,4.8544352235e-07
170.200000,9.9924460632e-04,1.1795816898e-05
170.250000,1.0001541582e-03,-2.7487339279e-06
170.300000,9.9842907021e-04,-7.1970247903e-06
170.350000,1.0003055971e-03,-4.6093001458e-06
170.400000,1.0003502555e-03,1.0490493978e-05
170.450000,9.9918861667e-04,-9.6600194625e-06
170.500000,1.0010982618e-03,3.3058073108e-06
170.550000,1.0002314475e-03,2.3583383104e-06
170.600000,1.0000740278e-03,-4.3029536684e-06
170.650000,1.0010986656e-03,2.3207887326e-06
170.700000,1.0014947950e-03,-8.5681173714e-06
170.750000,9.9784656412e-04,6.1493018614e-06
170.800000,9.9964883548e-04,1.3149031473e-05
170.850000,1.0000843010e-03,2.6080207453e-06
170.900000,1.0008394511e-03,-9.3761261840e-06
170.950000,1.0005004010e-03,1.0787495466e-06
171.000000,9.9887069062e-04,-2.1786974877e-05
171.050000,9.9954064043e-04,1.1962028011e-05
171.100000,1.0013071600e-03,-2.0275952815e-05
171.150000,1.0012328057e-03,3.1473514105e-06
171.200000,9.9856428874e-04,2.0108943834e-05
171.250000,9.9995761958e-04,-8.1927921779e-06
171.300000,9.9977832694e-04,-1.7183635027e-06
171.350000,9.9919542735e-04,3.4102540061e-06
171.400000,9.9889661223e-04,1.7577100240e-05
171.450000,1.0002822705e-03,-4.7142591349e-06
171.500000,1.0008266507e-03,-7.8718898069e-06
171.550000,9.9926198171e-04,-7.2811266540e-06
171.600000,9.9988345567e-04,3.3977997305e-06
171.650000,1.0001481272e-03,-2.0737655557e-05
171.700000,1.0005653323e-03,8.2409209419e-10
171.750000,1.0008253248e-03,8.2003543928e-06
171.800000,1.0013474270e-03,1.1067580377e-05
171.850000,9.9990486950e-04,-4.1278090763e-06
171.900000,9.9909804589e-04,-7.7943236089e-06
171.950000,1.0007235164e-03,-3.7604836498e-06
172.000000,9.9789006247e-04,-4.6238625021e-06
172.050000,9.9906026593e-04,-1.5202702783e-05
172.100000,1.0004476252e-03,-2.2233296919e-05
172.150000,9.9975069612e-04,1.3260269066e-05
172.200000,9.9809455983e-04,1.0897634870e-05
172.250000,9.9835909331e-04,1.4146515510e-05
172.300000,9.9982152135e-04,1.5160187144e-06
172.350000,9.9985463671e-04,7.8604072556e-06
172.400000,1.0004584841e-03,2.6852723104e-06
172.450000,9.9999118151e-04,-1.3233711128e-06
172.500000,9.9965396954e-04,1.5778814254e-05
172.550000,1.0006308200e-03,1.5843176210e-06
172.600000,9.9958937165e-04,-8.0734563000e-07
172.650000,1.0004123473e-03,-1.5255736984e-05
172.700000,1.0006354143e-03,-2.3446376611e-05
172.750000,1.0011251077e-03,2.7013766677e-06
172.800000,1.0001978743e-03,-2.0533907373e-05
172.850000,1.0009222997e-03,-1.3180840809e-05
172.900000,1.0001360140e-03,1.3774410826e-06
172.950000,9.9884007962e-04,-1.1068827647e-05
173.000000,1.0006813902e-03,-2.8389330339e-06
173.050000,9.9895519533e-04,7.4771275204e-06
173.100000,1.0021023937e-03,2.5759389599e-06
173.150000,9.9820296057e-04,-4.0251250199e-06
173.200000,1.0007537538e-03,-7.5972542870e-07
173.250000,1.0004428803e-03,5.5393969092e-06
173.300000,1.0010269306e-03,-7.4431020981e-06
173.350000,1.0001009612e-03,1.4596435300e-05
173.400000,1.0002979671e-03,-6.4645925148e-06
173.450000,9.9897511516e-04,3.9337806672e-06
173.500000,9.9987588802e-04,-1.6811665028e-06
173.550000,9.9972639397e-04,5.6032515447e-06
173.600000,1.0009098947e-03,2.3185620983e-06
173.650000,9.9919722270e-04,-1.8804036347e-05
173.700000,9.9885057685e-04,-7.8219742919e-06
173.750000,9.9775741541e-04,-2.0781422687e-05
173.800000,1.0006271157e-03,-1.5548522140e-05
173.850000,1.0001176507e-03,-1.0454179668e-05
173.900000,1.0005712794e-03,4.6742385024e-06
173.950000,1.0015931954e-03,-1.2954480329e-05
174.000000,1.0012824421e-03,1.7211766852e-05
174.050000,9.9846442703e-04,-1.0082358744e-05
174.100000,1.0010426456e-03,3.3164068299e-06
174.150000,9.9675771246e-04,3.4842852018e-06
174.200000,1.0008026944e-03,3.1020447372e-06
174.250000,1.0007057167e-03,-1.1700743185e-05
174.300000,1.0002057869e-03,-1.7008991656e-05
174.350000,1.0002043490e-03,-4.2290549632e-06
174.400000,9.9800312169e-04,1.8820432867e-06
174.450000,1.0006946729e-03,2.9318034352e-06
174.500000,9.9860787205e-04,-1.2053218248e-05
174.550000,1.0003963627e-03,2.0577040919e-05
174.600000,1.0007935594e-03,1.8291335219e-06
174.650000,9.9976606948e-04,-1.0058194137e-06
174.700000,1.0015808532e-03,2.1157263144e-06
174.750000,9.9842109974e-04,-5.5819039696e-07
174.800000,9.9988099443e-04,-2.5798125966e-06
174.850000,1.0005241629e-03,-7.4696971456e-06
174.900000,9.9972401428e-04,7.9650468253e-06
174.950000,1.0006647509e-03,-1.1044403708e-05
175.000000,9.9988548529e-04,9.6732836931e-06
175.050000,9.9834631963e-04,1.8566860865e-06
175.100000,1.0004822184e-03,4.6160124605e-06
175.150000,9.9993968494e-04,-5.0091847146e-06
175.200000,9.9796579925e-04,-1.1654689675e-06
175.250000,9.9961348560e-04,-7.9091895894e-06
175.300000,9.9865688833e-04,-3.2295443672e-06
175.350000,1.0008486073e-03,7.4320991126e-06
175.400000,1.0000118081e-03,2.1036551635e-06
175.450000,9.9912323929e-04,4.3284649718e-06
175.500000,9.9947939812e-04,2.4563488470e-05
175.550000,9.9994486138e-04,-8.8690869502e-07
175.600000,9.9811587089e-04,2.5262166894e-06
175.650000,1.0009049338e-03,-2.9170610568e-06
175.700000,1.0013115379e-03,-1.4214172489e-05
175.750000,9.9900133816e-04,2.2235481935e-05
175.800000,1.0016560572e-03,2.0042311596e-05
175.850000,9.9923599949e-04,-1.1268162491e-05
175.900000,9.9955989355e-04,-9.2010265901e-06
175.950000,1.0002662050e-03,2.5100658806e-06
176.000000,9.9920750454e-04,-8.6127555031e-08
176.050000,1.0008411904e-03,-1.3536015128e-06
176.100000,1.0013771118e-03,5.0614149646e-06
176.150000,1.0027105169e-03,-3.1029745733e-07
176.200000,9.9973049078e-04,6.0367241940e-06
176.250000,1.0010117886e-03,1.0121839009e-05
176.300000,1.0011326135e-03,-5.8563386119e-06
176.350000,9.9993479585e-04,1.3113954584e-06
176.400000,1.0013595433e-03,8.2209778088e-06
176.450000,1.0011203027e-03,4.9958783799e-06
176.500000,9.9952428734e-04,1.1347106361e-05
176.550000,1.0011363809e-03,-4.4002592194e-06
176.600000,1.0001601998e-03,4.8421919877e-06
176.650000,1.0016248780e-03,1.1227597671e-05
176.700000,9.9934541997e-04,9.5767689494e-07
176.750000,1.0005136884e-03,1.4222183970e-05
176.800000,1.0000517148e-03,1.6823459750e-05
176.850000,9.9971943271e-04,-5.8419463404e-07
176.900000,1.0009738819e-03,2.3766409198e-05
176.950000,9.9924711666e-04,-1.1569660122e-05
177.000000,1.0006626603e-03,-5.3020890689e-06
177.050000,9.9957569847e-04,3.5040442705e-07
177.100000,9.9916213743e-04,1.1923177889e-05
177.150000,1.0002447853e-03,1.1410593743e-06
177.200000,9.9910037028e-04,1.2876336370e-05
177.250000,1.0012272185e-03,-2.9536936691e-06
177.300000,9.9954094867e-04,-1.6309344677e-05
177.350000,1.0003568585e-03,-3.0234484519e-06
177.400000,9.9960394982e-04,-1.8121584559e-06
177.450000,9.9901230805e-04,2.4459543335e-06
177.500000,9.9921190534e-04,-5.2804728034e-06
177.550000,9.9934089336e-04,6.1041838707e-06
177.600000,9.9696224960e-04,3.5965283197e-06
177.650000,9.9994245907e-04,3.3087136767e-06
177.700000,9.9974408111e-04,-4.8870728721e-06
177.750000,9.9907247110e-04,5.9037674157e-06
177.800000,1.0012404539e-03,2.3440793677e-05
177.850000,1.0009280096e-03,-3.8799971131e-06
177.900000,9.9896692542e-04,3.8203004608e-06
177.950000,1.0019168349e-03,9.3020662207e-06
178.000000,1.0003429204e-03,-5.0357285794e-06
178.050000,9.9732298125e-04,-8.2081685860e-06
178.100000,9.9626199126e-04,-9.7886304924e-06
178.150000,1.0007089713e-03,-4.9649425363e-06
178.200000,9.9866455939e-04,2.4520223964e-05
178.250000,9.9779557986e-04,-1.8303338128e-05
178.300000,1.0002742344e-03,6.6894185749e-06
178.350000,9.9996736295e-04,1.4487004820e-07
178.400000,9.9956078353e-04,-1.7900389264e-06
178.450000,9.9792273210e-04,3.7450214079e-06
178.500000,1.0011501856e-03,3.5977247183e-07
178.550000,9.9970055817e-04,-6.1233240098e-06
178.600000,1.0001117897e-03,1.4484896875e-05
178.650000,1.0009609844e-03,3.3431072834e-06
178.700000,9.9884364571e-04,-1.5131316721e-05
178.750000,1.0010570103e-03,-1.6181296577e-05
178.800000,9.9985226048e-04,1.6247578938e-05
178.850000,9.9968824939e-04,-6.7814260134e-06
178.900000,1.0016253582e-03,-1.1704736082e-05
178.950000,9.9816101238e-04,-7.8474380065e-08
179.000000,1.0001950367e-03,-1.2857113827e-05
179.050000,9.9773691649e-04,-5.5123082772e-06
179.100000,9.9992253533e-04,2.0816391433e-06
179.150000,1.0005699933e-03,1.3597817106e-06
179.200000,9.9768689884e-04,-2.2194525179e-05
179.250000,9.9938861520e-04,3.5394032068e-08
179.300000,9.9906530240e-04,-1.5277522001e-05
179.350000,9.9924937099e-04,9.9579765774e-06
179.400000,1.0005285277e-03,1.0993697728e-07
179.450000,1.0012658967e-03,1.9257049363e-06
179.500000,9.9878207047e-04,1.0060465929e-05
179.550000,9.9921813909e-04,1.1615772738e-05
179.600000,9.9895673975e-04,-8.9414073506e-06
179.650000,9.9974706071e-04,2.1580570038e-05
179.700000,9.9943576797e-04,2.9890172967e-06
179.750000,9.9895554610e-04,-6.6023824275e-07
179.800000,1.0016573583e-03,1.4157278158e-05
179.850000,1.0008121613e-03,1.5366617629e-05
179.900000,1.0001869211e-03,9.1082835616e-06
179.950000,9.9985658266e-04,1.8614936104e-06
180.000000,9.9921821162e-04,3.4314320764e-08
180.050000,9.9921057169e-04,-3.2355424827e-06
180.100000,9.9958750342e-04,-1.2000856062e-05
180.150000,9.9825675452e-04,-5.3594060144e-06
180.200000,1.0020813654e-03,6.7536589898e-06
180.250000,1.0005457607e-03,2.1631326524e-05
180.300000,1.0015917632e-03,8.5289568779e-06
180.350000,1.0008532460e-03,9.7295673595e-06
180.400000,9.9955614922e-04,-1.1906665342e-05
180.450000,9.9945541640e-04,-2.5858075744e-06
180.500000,9.9950769046e-04,-5.8639521298e-06
180.550000,1.0009060227e-03,-1.3708420054e-05
180.600000,9.9936651145e-04,-6.0056931075e-06
180.650000,9.9963332183e-04,-1.2021800756e-05
180.700000,1.0009507387e-03,1.2354113531e-06
180.750000,9.9984630361e-04,4.4702262956e-07
180.800000,1.0002876569e-03,1.9020673334e-05
180.850000,1.0022521203e-03,-1.6915232332e-05
180.900000,9.9956184291e-04,4.7112026807e-06
180.950000,9.9991188383e-04,-2.1844385344e-06
181.000000,1.0004039052e-03,-8.4788260640e-06
181.050000,9.9792212073e-04,-4.7150333507e-07
181.100000,9.9927212839e-04,1.9069743679e-05
181.150000,1.0011812013e-03,-1.0609580015e-05
181.200000,9.9962339328e-04,3.5938072688e-06
181.250000,1.0005473251e-03,-2.7865641040e-06
181.300000,9.9866553332e-04,-1.4685021242e-05
181.350000,9.9846670307e-04,-9.1954139212e-06
181.400000,1.0005188175e-03,2.1259799357e-05
181.450000,1.0003141776e-03,-1.0481455540e-05
181.500000,1.0010813019e-03,1.8667372624e-05
181.550000,1.0007134174e-03,-1.8533869463e-05
181.600000,1.0004638561e-03,6.8243788855e-06
181.650000,9.9792781882e-04,2.3238203586e-06
181.700000,1.0001096563e-03,3.6657289817e-06
181.750000,9.9974073130e-04,7.7417363515e-07
181.800000,1.0008376340e-03,-6.8540360619e-06
181.850000,1.0006568571e-03,1.2736900174e-05
181.900000,9.9872474059e-04,-9.9390598769e-06
181.950000,1.0006636611e-03,-1.6504330743e-08
182.000000,9.9903487327e-04,-5.6132524354e-06
182.050000,9.9910298055e-04,-1.0358558931e-05
182.100000,9.9984886542e-04,5.9695094968e-06
182.150000,9.9989961447e-04,5.7746951248e-06
182.200000,1.0000949666e-03,1.3418323737e-05
182.250000,1.0002477114e-03,1.0031711899e-05
182.300000,9.9835796661e-04,1.0581886328e-06
182.350000,9.9899704003e-04,-2.7189178387e-05
182.400000,9.9981810982e-04,1.1385395152e-05
182.450000,1.0007303148e-03,-1.5523820035e-06
182.500000,1.0019456169e-03,-1.1769203070e-05
182.550000,1.0020100287e-03,-1.7767935161e-06
182.600000,1.0002784801e-03,3.6910933270e-06
182.650000,1.0002963266e-03,-2.8984481147e-06
182.700000,1.0001125149e-03,-7.6700345145e-07
182.750000,9.9972353000e-04,-7.0090269694e-06
182.800000,9.9981182987e-04,-9.4120476140e-06
182.850000,9.9866011890e-04,3.6152058900e-06
182.900000,1.0008803630e-03,-5.5394665152e-06
182.950000,1.0003346058e-03,-6.6342251507e-06
183.000000,1.0003220560e-03,-1.3422487346e-05
183.050000,1.0015332595e-03,-6.3649243089e-06
183.100000,1.0006492935e-03,-7.4411098029e-09
183.150000,9.9778434003e-04,-8.5653286924e-06
183.200000,9.9963967519e-04,-1.0152010155e-05
183.250000,1.0001555310e-03,1.5420859798e-06
183.300000,1.0005534675e-03,1.3818155173e-05
183.350000,1.0005475160e-03,-1.3325943275e-05
183.400000,9.9907798874e-04,9.1139423518e-06
183.450000,9.9937573776e-04,-6.5763005732e-06
183.500000,1.0005129437e-03,-1.8919748867e-06
183.550000,9.9981987854e-04,-1.3688154413e-05
183.600000,9.9791463540e-04,-7.0175176864e-06
183.650000,9.9961321481e-04,-8.4649003661e-06
183.700000,9.9932567821e-04,7.3150418458e-06
183.750000,9.9972297947e-04,1.3047624110e-05
183.800000,9.9821285944e-04,-2.5041609658e-05
183.850000,1.0008652329e-03,-9.3340943960e-06
183.900000,1.0006786145e-03,9.7601553758e-06
183.950000,9.9974290161e-04,3.2768815419e-06
184.000000,1.0013785745e-03,-1.3713413982e-05
184.050000,1.0006581066e-03,1.6223454601e-06
184.100000,1.0011326916e-03,5.6725083588e-06
184.150000,9.9920123178e-04,4.5096336606e-06
184.200000,1.0002712488e-03,1.5895438431e-06
184.250000,1.0003486396e-03,1.1521387737e-05
184.300000,9.9988831819e-04,6.1278114474e-06
184.350000,1.0017973729e-03,4.3306149835e-06
184.400000,1.0003239148e-03,-8.4668929277e-06
184.450000,1.0002875366e-03,-1.3325568831e-06
184.500000,1.0006083278e-03,7.3234627762e-06
184.550000,1.0007379056e-03,-1.6289125620e-05
184.600000,9.9967304445e-04,1.5213090315e-05
184.650000,9.9997532156e-04,2.0067393273e-05
184.700000,1.0013198845e-03,-1.4766515042e-05
184.750000,9.9921762668e-04,7.2630420643e-06
184.800000,1.0004073200e-03,-8.9523823459e-07
184.850000,9.9961754585e-04,1.4028594188e-05
184.900000,1.0005549214e-03,9.8014722041e-06
184.950000,1.0016317394e-03,-1.9283803936e-06
185.000000,1.0005640157e-03,-2.0720579506e-06
185.050000,9.9991068490e-04,6.0727838655e-06
185.100000,9.9884212000e-04,-1.5581302246e-05
185.150000,9.9956405181e-04,-1.3044879065e-05
185.200000,1.0001671415e-03,1.8218660902e-06
185.250000,1.0003764697e-03,-8.3434871999e-06
185.300000,9.9793710686e-04,3.3263346951e-06
185.350000,9.9917040080e-04,-1.0035923364e-05
185.400000,9.9970186725e-04,5.4427307731e-06
185.450000,9.9802129890e-04,1.9888676363e-06
185.500000,1.0029660465e-03,6.2017083002e-06
185.550000,9.9969087030e-04,-3.1431837192e-06
185.600000,9.9912025340e-04,-1.6191393733e-05
185.650000,1.0012908199e-03,-2.2466732380e-06
185.700000,9.9990418846e-04,-1.4223619106e-05
185.750000,1.0005261898e-03,1.0870724796e-05
185.800000,9.9941063372e-04,1.2211036179e-05
185.850000,1.0016358515e-03,-1.2045532459e-05
185.900000,1.0000546115e-03,-2.4737026882e-06
185.950000,1.0005930853e-03,9.6441764677e-06
186.000000,9.9880068757e-04,1.1033776197e-05
186.050000,9.9994814920e-04,-1.3026653541e-05
186.100000,9.9998295529e-04,-6.2803325828e-06
186.150000,1.0013309483e-03,9.8011234144e-06
186.200000,9.9963430890e-04,-1.7889579590e-05
186.250000,9.9900692994e-04,-1.7057935988e-06
186.300000,9.9975482767e-04,2.0203913004e-06
186.350000,9.9951843403e-04,-1.3286374749e-05
186.400000,1.0008572099e-03,-6.6390392364e-06
186.450000,1.0004757409e-03,2.7378301568e-06
186.500000,9.9951545046e-04,-1.9745976634e-05
186.550000,1.0036624560e-03,-6.3408184172e-08
186.600000,1.0013322361e-03,-8.6630953150e-06
186.650000,1.0011500154e-03,5.5227690530e-06
186.700000,9.9876381908e-04,3.6673579824e-06
186.750000,1.0002758359e-03,2.7460081831e-06
186.800000,9.9971350758e-04,1.8678052914e-06
186.850000,1.0000842609e-03,9.4211587304e-06
186.900000,9.9895838923e-04,-1.5317795807e-05
186.950000,9.9925229773e-04,9.8406352878e-06
187.000000,9.9859458535e-04,-3.6689268506e-06
187.050000,9.9991851735e-04,1.7045747562e-06
187.100000,1.0004815241e-03,-1.4585287026e-05
187.150000,9.9940303976e-04,9.0620449756e-07
187.200000,9.9908756001e-04,1.4289016305e-05
187.250000,9.9930849273e-04,-3.5262284304e-06
187.300000,9.9877591177e-04,-3.5191472784e-05
187.350000,1.0008201087e-03,2.3825985245e-05
187.400000,9.9885107969e-04,2.3217306768e-06
187.450000,9.9914362661e-04,-7.2750225228e-06
187.500000,1.0019044084e-03,1.6068620918e-06
187.550000,9.9981941874e-04,1.4400651729e-05
187.600000,9.9943458049e-04,3.6553115132e-06
187.650000,9.9949530177e-04,8.8003597867e-07
187.700000,1.0017010293e-03,1.4526727476e-05
187.750000,9.9869018247e-04,1.4202677418e-05
187.800000,9.9991428287e-04,7.5737639606e-07
187.850000,9.9921804107e-04,1.5293394639e-05
187.900000,9.9987576238e-04,-1.8981354705e-05
187.950000,9.9981460319e-04,1.4194102186e-05
188.000000,1.0000339686e-03,5.4042129489e-06
188.050000,1.0001374360e-03,-4.3768157256e-06
188.100000,1.0000883271e-03,3.1087957127e-06
188.150000,9.9993456264e-04,1.4614815052e-05
188.200000,9.9998838881e-04,1.6857275386e-06
188.250000,1.0000348310e-03,-7.8394835167e-06
188.300000,1.0001513296e-03,-1.3702529953e-05
188.350000,1.0003893015e-03,-1.7417193407e-05
188.400000,1.0003505893e-03,-7.8164777566e-06
188.450000,1.0003055283e-03,1.7198337588e-06
188.500000,1.0003777422e-03,1.7377354660e-05
188.550000,9.9813481609e-04,-1.0323089644e-05
188.600000,9.9887695234e-04,-1.1085642803e-05
188.650000,1.0009343464e-03,-1.2196081222e-06
188.700000,1.0013963971e-03,7.4783223459e-07
188.750000,1.0015601079e-03,-6.8338816133e-06
188.800000,9.9955944497e-04,2.4799744797e-06
188.850000,9.9966030320e-04,8.1112043030e-06
188.900000,9.9900020093e-04,6.5063289168e-06
188.950000,1.0001078051e-03,-1.5460409085e-05
189.000000,1.0003005639e-03,1.9301843929e-06
189.050000,1.0014642623e-03,1.2653191201e-05
189.100000,9.9908362191e-04,9.6141324067e-06
189.150000,9.9999959812e-04,5.0288143773e-07
189.200000,1.0013520016e-03,1.1224526483e-05
189.250000,9.9945025321e-04,-5.3380993692e-06
189.300000,9.9892123434e-04,1.0236510873e-05
189.350000,9.9995997979e-04,-2.7539786933e-06
189.400000,1.0001390716e-03,-7.8545833892e-06
189.450000,9.9970137565e-04,-2.9346810222e-06
189.500000,1.0016482821e-03,-4.2298061540e-06
189.550000,9.9904388074e-04,6.4944726096e-06
189.600000,1.0011328073e-03,3.8944513790e-06
189.650000,1.0008012104e-03,-2.2527256525e-06
189.700000,9.9851461275e-04,-2.5723544367e-05
189.750000,1.0003054036e-03,-2.4074582478e-06
189.800000,1.0009157426e-03,2.8148041102e-06
189.850000,1.0007682339e-03,-8.2547168989e-06
189.900000,1.0000964748e-03,5.3349687318e-07
189.950000,1.0006353542e-03,8.1845597083e-06
190.000000,1.0000454342e-03,6.4823370890e-06
190.050000,1.0007996248e-03,8.2387763696e-06
190.100000,1.0011981104e-03,2.0864929262e-06
190.150000,9.9977408326e-04,-1.9635914644e-06
190.200000,9.9959145640e-04,5.7888307084e-07
190.250000,1.0009588975e-03,3.4879158477e-06
190.300000,9.9885349457e-04,-1.1359327427e-05
190.350000,9.9971608792e-04,-2.1718594590e-05
190.400000,1.0011850475e-03,-1.9999053016e-06
190.450000,1.0005146401e-03,3.8787530239e-06
190.500000,1.0013039283e-03,-9.0680145098e-06
190.550000,9.9931034157e-04,-1.2089874899e-05
190.600000,1.0002674932e-03,2.7447730964e-06
190.650000,1.0002150802e-03,-6.9982838199e-06
190.700000,1.0003047652e-03,-1.5465202459e-05
190.750000,1.0004440269e-03,-6.1950020027e-06
190.800000,1.0005419296e-03,2.3350388370e-06
190.850000,9.9922904100e-04,2.5846443448e-06
190.900000,1.0014130181e-03,1.2401882542e-05
190.950000,9.9846751023e-04,-1.3595849420e-05
191.000000,9.9833325416e-04,-2.1879456091e-06
191.050000,9.9911917236e-04,4.2972037470e-06
191.100000,1.0036005948e-03,-7.9984951962e-06
191.150000,1.0000483421e-03,-7.1019080989e-06
191.200000,9.9909721599e-04,-9.3314532137e-06
191.250000,9.9896354630e-04,-6.5163758532e-07
191.300000,9.9873600976e-04,-4.0793866526e-06
191.350000,1.0009061094e-03,2.1336791656e-06
191.400000,9.9830107903e-04,-6.2689675297e-06
191.450000,9.9921971739e-04,2.6944190632e-06
191.500000,9.9961682585e-04,-1.2573390087e-05
191.550000,9.9828974373e-04,4.8001133023e-06
191.600000,1.0006657922e-03,-4.2974070923e-06
191.650000,1.0012061958e-03,-8.4557072523e-06
191.700000,9.9642299903e-04,3.3960144215e-06
191.750000,1.0009962847e-03,1.7763246091e-05
191.800000,9.9862173061e-04,-1.0488956631e-05
191.850000,9.9859670187e-04,5.4037642566e-06
191.900000,9.9950266999e-04,6.8870173234e-06
191.950000,9.9912848000e-04,-7.8198292062e-06
192.000000,1.0014695722e-03,9.7820998158e-06
192.050000,1.0002980732e-03,-8.0485690287e-06
192.100000,1.0003372865e-03,-4.0241665127e-06
192.150000,1.0001755789e-03,2.0293230615e-05
192.200000,1.0004808897e-03,-6.0986155772e-06
192.250000,9.9998971633e-04,1.2853612758e-05
192.300000,1.0010111348e-03,9.6609430533e-06
192.350000,1.0003643241e-03,-5.2141457890e-06
192.400000,1.0003232151e-03,1.3579367460e-05
192.450000,9.9997236698e-04,-5.3959153378e-06
192.500000,1.0008957835e-03,-6.6487907481e-06
192.550000,1.0011571719e-03,1.3135375018e-06
192.600000,9.9815134334e-04,-2.1438132950e-05
192.650000,1.0013946092e-03,6.8030497876e-06
192.700000,9.9893418781e-04,-1.5539730081e-05
192.750000,1.0018729807e-03,8.2345602660e-08
192.800000,1.0006713886e-03,-1.1556994820e-05
192.850000,9.9980113603e-04,1.0598138016e-05
192.900000,9.9928730562e-04,-1.6612077822e-05
192.950000,1.0012664222e-03,1.7409780071e-05
193.000000,9.9930148912e-04,-5.1719699553e-07
193.050000,1.0007674909e-03,-8.4074912052e-06
193.100000,1.0009155815e-03,2.4079582418e-06
193.150000,9.9865694625e-04,-1.5152934435e-05
193.200000,9.9964791547e-04,2.4100867308e-06
193.250000,1.0005635346e-03,-6.7047259929e-06
193.300000,1.0006846882e-03,-3.1259427133e-06
193.350000,9.9873742931e-04,7.7406732308e-06
193.400000,9.9957075463e-04,-6.9432212241e-07
193.450000,1.0003907212e-03,-2.8934539936e-06
193.500000,9.9936250359e-04,-4.3641461156e-06
193.550000,9.9888893204e-04,3.0779408841e-06
193.600000,9.9902131982e-04,-6.5466717738e-06
193.650000,1.0000484749e-03,1.3325150371e-05
193.700000,1.0008209908e-03,-3.7629115624e-06
193.750000,1.0000458999e-03,9.1541158186e-07
193.800000,9.9935918288e-04,2.3389832388e-06
193.850000,9.9746877655e-04,-2.9454582667e-06
193.900000,1.0000509443e-03,-5.2910324975e-06
193.950000,9.9900401704e-04,-2.8820900482e-06
194.000000,1.0002877721e-03,5.8294227388e-06
194.050000,9.9856414070e-04,-2.3177004529e-06
194.100000,1.0002624382e-03,1.8259709141e-06
194.150000,9.9842960851e-04,1.4396884171e-05
194.200000,9.9975827763e-04,-6.0602154258e-06
194.250000,1.0002813989e-03,-1.4619811762e-05
194.300000,1.0007443828e-03,4.7284931381e-06
194.350000,9.9845070776e-04,-9.9058989356e-07
194.400000,1.0006474512e-03,6.9977085792e-06
194.450000,9.9903785379e-04,1.5429323371e-06
194.500000,9.9889250039e-04,-1.1319992169e-05
194.550000,1.0002123898e-03,7.6337443773e-06
194.600000,1.0010508467e-03,-1.1673053395e-05
194.650000,9.9933808518e-04,9.3822965870e-06
194.700000,1.0008286612e-03,5.3534105185e-06
194.750000,1.0004830151e-03,9.0401311875e-07
194.800000,1.0004829040e-03,-4.6179461610e-06
194.850000,1.0007654740e-03,7.9426645624e-06
194.900000,1.0006924348e-03,-5.5709728047e-06
194.950000,9.9915103552e-04,-5.3349837464e-06
195.000000,9.9986282877e-04,9.4294106050e-09
195.050000,9.9914979435e-04,1.0911966468e-05
195.100000,1.0005006317e-03,3.9804717571e-06
195.150000,9.9916381387e-04,7.6777884616e-06
195.200000,9.9971616829e-04,3.0611347573e-06
195.250000,1.0012769909e-03,-2.6289797027e-07
195.300000,9.9982563992e-04,1.8379803942e-05
195.350000,9.9965512733e-04,-2.2293308842e-06
195.400000,1.0009098513e-03,2.8123202984e-06
195.450000,1.0002508065e-03,1.0921208339e-05
195.500000,1.0010752812e-03,2.2839069121e-06
195.550000,9.9945803030e-04,6.9632198002e-06
195.600000,1.0009361697e-03,3.1346465082e-05
195.650000,1.0000981457e-03,-2.9157033582e-06
195.700000,9.9863359137e-04,-2.1191039800e-05
195.750000,9.9938306347e-04,-1.1360081768e-05
195.800000,9.9982908654e-04,-4.8143471275e-06
195.850000,1.0000006175e-03,9.0362721780e-06
195.900000,9.9933119670e-04,-5.5187801706e-06
195.950000,1.0003575064e-03,5.5734438703e-06
196.000000,9.9932721746e-04,1.9193975261e-06
196.050000,1.0003205720e-03,1.0669234121e-05
196.100000,9.9999443879e-04,-6.0491875975e-06
196.150000,1.0005755040e-03,-9.5976844518e-06
196.200000,1.0007399673e-03,4.5492138200e-06
196.250000,1.0001381249e-03,-4.8452134337e-06
196.300000,1.0010016394e-03,6.2640870738e-07
196.350000,1.0006490393e-03,6.6214212962e-07
196.400000,9.9856983068e-04,-1.0770627162e-05
196.450000,9.9912310244e-04,-1.9781964452e-06
196.500000,9.9839047611e-04,1.8299714139e-06
196.550000,9.9930487161e-04,-2.6638264429e-06
196.600000,9.9947878899e-04,-1.8344140595e-05
196.650000,1.0006855894e-03,-6.7810539119e-06
196.700000,9.9935035971e-04,6.5529405352e-06
196.750000,9.9912890543e-04,7.5795047324e-06
196.800000,9.9991391186e-04,-3.8643589679e-06
196.850000,9.9862069049e-04,-1.6985955035e-05
196.900000,1.0007272202e-03,-7.8416915844e-06
196.950000,9.9856701636e-04,5.6975894065e-06
197.000000,1.0004784517e-03,1.5170433269e-05
197.050000,1.0012164164e-03,-2.8186541992e-06
197.100000,1.0005779361e-03,1.0184668746e-05
197.150000,9.9998151360e-04,-2.6432462167e-06
197.200000,1.0012654267e-03,-2.1046341413e-06
197.250000,1.0014393610e-03,2.7708465815e-07
197.300000,9.9954279737e-04,6.1179945830e-06
197.350000,1.0020723128e-03,1.2479398622e-05
197.400000,9.9779855378e-04,-7.9062040825e-06
197.450000,1.0005228329e-03,-4.5954320090e-06
197.500000,9.9961729815e-04,-4.3840106689e-06
197.550000,1.0014437702e-03,3.9950520621e-06
197.600000,9.9909890172e-04,-4.3985981626e-06
197.650000,1.0001764380e-03,-4.3685443742e-06
197.700000,1.0001050161e-03,7.4964555152e-06
197.750000,9.9902601335e-04,-6.5195264298e-06
197.800000,9.9845868698e-04,-5.4140592297e-06
197.850000,9.9993823005e-04,-9.0249259597e-06
197.900000,9.9932827613e-04,2.7778843838e-08
197.950000,9.9899519053e-04,-6.0304889950e-06
198.000000,1.0022143258e-03,-1.2164173797e-05
198.050000,1.0001569122e-03,4.8347985991e-06
198.100000,9.9871305400e-04,-4.3582865919e-07
198.150000,1.0017737493e-03,2.2907975593e-06
198.200000,9.9906024445e-04,-1.4066008812e-05
198.250000,9.9920937490e-04,-1.0435066525e-05
198.300000,1.0006437021e-03,-7.8697654717e-06
198.350000,1.0004534911e-03,1.3451756703e-05
198.400000,1.0007888897e-03,8.5799233646e-06
198.450000,9.9877728879e-04,6.6736961986e-06
198.500000,1.0016697232e-03,6.7606200190e-06
198.550000,1.0015597201e-03,-4.3475568521e-06
198.600000,9.9976742511e-04,2.0057126523e-06
198.650000,1.0018021466e-03,-2.1876441459e-07
198.700000,9.9954320397e-04,1.6472764652e-05
198.750000,1.0002854196e-03,1.0087888691e-05
198.800000,9.9954378979e-04,-1.2471980918e-05
198.850000,9.9997623812e-04,-9.7068323938e-07
198.900000,9.9744470932e-04,-7.6720944597e-06
198.950000,1.0001057286e-03,4.0968074193e-06
199.000000,9.9985207840e-04,2.4994218545e-06
199.050000,1.0008719907e-03,7.2109591269e-06
199.100000,9.9765607300e-04,-1.7173894775e-05
199.150000,9.9939188594e-04,-6.1934599385e-06
199.200000,1.0001266267e-03,3.9784394567e-06
199.250000,9.9893183800e-04,-2.2483482050e-06
199.300000,9.9897522236e-04,-1.4240691037e-05
199.350000,9.9955792020e-04,7.4305225469e-06
199.400000,1.0005057394e-03,2.4175972702e-06
199.450000,1.0010637986e-03,6.2552010047e-06
199.500000,9.9970241467e-04,-4.0976821001e-06
199.550000,1.0016193491e-03,-2.7986586662e-07
199.600000,1.0003520274e-03,9.1152808521e-06
199.650000,1.0006496340e-03,-1.9257186552e-05
199.700000,9.9877099829e-04,1.6303341227e-06
199.750000,1.0019105953e-03,-1.6816622846e-05
199.800000,1.0003703946e-03,1.3241900723e-05
199.850000,9.9873758643e-04,3.2885261638e-07
199.900000,9.9960052486e-04,5.7200425924e-06
199.950000,9.9853092782e-04,-1.4913584003e-05
200.000000,1.0005083540e-03,1.7611392627e-05
200.050000,1.0000965601e-03,1.0056585681e-05
200.100000,9.9845521775e-04,1.2257914854e-05
200.150000,9.9991486526e-04,-2.7251317262e-06
200.200000,9.9989830245e-04,8.5142200498e-06
200.250000,1.0000198597e-03,2.2790969360e-06
200.300000,1.0002670909e-03,-3.6785846975e-06
200.350000,1.0012691600e-03,-2.5219240835e-06
200.400000,1.0004283853e-03,-2.9404048922e-08
200.450000,9.9938689441e-04,-2.1198540386e-05
200.500000,9.9951029689e-04,-1.1479426689e-05
200.550000,1.0001818996e-03,1.1631081829e-05
200.600000,9.9888235713e-04,-2.1213629187e-05
200.650000,1.0010702145e-03,-1.2564136859e-05
200.700000,1.0017096613e-03,-2.4387946583e-06
200.750000,1.0003176004e-03,-3.3921539868e-06
200.800000,1.0020087603e-03,-3.7289809544e-06
200.850000,9.9901989059e-04,-9.6137692790e-07
200.900000,1.0005472826e-03,-1.4177313237e-07
200.950000,9.9995211052e-04,9.4669828708e-06
201.000000,9.9806404837e-04,-2.9983627274e-06
201.050000,9.9941982304e-04,-9.6740793705e-06
201.100000,9.9970688318e-04,6.0983209397e-06
201.150000,1.0002747896e-03,-4.0575889806e-06
201.200000,9.9949041902e-04,-3.3069806898e-06
201.250000,9.9975570979e-04,-8.8284089480e-06
201.300000,9.9889495366e-04,-9.1576731891e-06
201.350000,9.9881096753e-04,1.0812704167e-05
201.400000,1.0027222976e-03,6.0113605852e-06
201.450000,1.0010710873e-03,9.1402128915e-07
201.500000,9.9934683533e-04,1.2324790509e-05
201.550000,1.0015315007e-03,2.1617187163e-05
201.600000,9.9995064569e-04,-1.2010033046e-05
201.650000,1.0017581595e-03,-9.6171777341e-06
201.700000,1.0021015141e-03,6.6211470941e-06
201.750000,1.0003157678e-03,5.1210402923e-06
201.800000,9.9944925157e-04,5.6996641864e-06
201.850000,9.9885781188e-04,-4.5359972990e-07
201.900000,1.0016176389e-03,2.2840010986e-05
201.950000,9.9969299044e-04,-1.6953052058e-05
202.000000,1.0002484786e-03,1.1728414568e-05
202.050000,1.0000206287e-03,1.5681837237e-05
202.100000,1.0005326909e-03,-1.8985387793e-05
202.150000,1.0009704293e-03,-1.2714144098e-05
202.200000,1.0001461585e-03,-1.3179148977e-05
202.250000,1.0014196958e-03,1.1196938617e-06
202.300000,9.9922781167e-04,-2.8310109588e-06
202.350000,1.0022744605e-03,-2.2705925244e-05
202.400000,9.9962630217e-04,6.6570657675e-06
202.450000,9.9888843486e-04,6.2606431248e-06
202.500000,9.9960208810e-04,-9.9190270213e-06
202.550000,9.9914845538e-04,2.7057530866e-07
202.600000,9.9988504370e-04,8.2201162019e-06
202.650000,1.0004758594e-03,1.1047401368e-05
202.700000,9.9980394177e-04,-6.5924237573e-06
202.750000,9.9987210953e-04,-4.6651398837e-06
202.800000,1.0002065059e-03,3.6890447721e-06
202.850000,1.0000345606e-03,-1.8144687745e-06
202.900000,9.9931552342e-04,8.7404463612e-06
202.950000,9.9952382104e-04,-1.1867739612e-05
203.000000,9.9882972667e-04,-1.2128823802e-05
203.050000,9.9981403104e-04,1.2476197781e-05
203.100000,1.0005754110e-03,-3.4028476696e-06
203.150000,9.9926187045e-04,2.6102863746e-06
203.200000,9.9978899808e-04,-5.1852773003e-07
203.250000,9.9828908162e-04,-8.9764428567e-06
203.300000,1.0004080496e-03,-9.3283819883e-06
203.350000,9.9934177818e-04,5.4163553449e-06
203.400000,9.9790116105e-04,1.7131243658e-06
203.450000,9.9963024943e-04,-1.1652272433e-05
203.500000,1.0002554047e-03,-5.9000711310e-06
203.550000,1.0003517197e-03,-1.0993105609e-05
203.600000,1.0008321473e-03,-1.7927365820e-05
203.650000,1.0021343275e-03,9.4272214968e-06
203.700000,1.0013159938e-03,-1.3729999927e-05
203.750000,1.0001653323e-03,6.9696912668e-06
203.800000,9.9991044039e-04,7.7673292888e-07
203.850000,1.0018906772e-03,-1.3846568731e-05
203.900000,1.0005173022e-03,1.4297884395e-05
203.950000,9.9952250546e-04,-2.1887785664e-06
204.000000,1.0010623923e-03,8.0117879775e-06
204.050000,1.0003137910e-03,4.4942812076e-06
204.100000,1.0017705574e-03,9.5754791035e-06
204.150000,1.0007505017e-03,-3.6372185247e-06
204.200000,9.9984846725e-04,7.5472179697e-06
204.250000,1.0006988351e-03,-1.4979395246e-05
204.300000,9.9950073942e-04,1.2122934240e-05
204.350000,9.9875587307e-04,-1.3822408464e-05
204.400000,1.0011389214e-03,1.1688285079e-05
204.450000,1.0000019535e-03,1.5815180641e-07
204.500000,9.9793035942e-04,-1.4232900151e-05
204.550000,1.0001086121e-03,4.7701797820e-06
204.600000,9.9943519469e-04,2.6113439148e-06
204.650000,1.0018949924e-03,-7.9455708641e-06
204.700000,9.9860027235e-04,1.0180119905e-06
204.750000,9.9964841889e-04,2.2956673724e-05
204.800000,9.9946810882e-04,1.0677645212e-05
204.850000,1.0001290905e-03,-2.0528985612e-05
204.900000,9.9869507542e-04,3.9256201070e-06
204.950000,1.0006041502e-03,4.9196573735e-06
205.000000,1.0009432242e-03,1.2050110065e-05
205.050000,1.0005845951e-03,-2.8757053577e-06
205.100000,1.0008188704e-03,-4.8517422657e-07
205.150000,1.0006729697e-03,4.9808590553e-06
205.200000,9.9994144708e-04,1.8126075399e-05
205.250000,1.0012709590e-03,9.3152189966e-06
205.300000,9.9940578200e-04,-9.5167218034e-06
205.350000,9.9941313259e-04,-9.6889471691e-06
205.400000,1.0007415298e-03,5.7655023022e-06
205.450000,1.0007088490e-03,1.3656746555e-05
205.500000,1.0002474908e-03,2.5885552127e-06
205.550000,9.9967588100e-04,-1.1559161742e-05
205.600000,9.9982799831e-04,1.3731685930e-05
205.650000,1.0008759492e-03,2.8316701229e-06
205.700000,1.0007814022e-03,-6.8881779956e-06
205.750000,9.9864945900e-04,-2.0654643569e-05
205.800000,9.9968271299e-04,1.3032253316e-06
205.850000,9.9812634720e-04,2.8032529280e-05
205.900000,9.9989443867e-04,2.1261666455e-06
205.950000,9.9855337514e-04,1.0174121378e-05
206.000000,1.0000791508e-03,1.2722260404e-05
206.050000,1.0017233224e-03,-1.0716600705e-05
206.100000,1.0018038416e-03,-2.2395836236e-06
206.150000,9.9842932434e-04,1.2228211565e-05
206.200000,9.9970337743e-04,1.2108118040e-05
206.250000,1.0002573484e-03,-1.0471217912e-05
206.300000,1.0016912557e-03,-4.8341084291e-06
206.350000,1.0001406643e-03,1.5750925814e-05
206.400000,9.9850468786e-04,-1.1683358221e-05
206.450000,9.9848368351e-04,-9.5496688514e-06
206.500000,9.9988816640e-04,1.4138116460e-06
206.550000,1.0006407867e-03,3.1356476000e-05
206.600000,1.0008239519e-03,-1.1036172258e-05
206.650000,9.9926675158e-04,1.2748457798e-06
206.700000,1.0008375392e-03,2.7315457043e-07
206.750000,1.0005584457e-03,-1.1944348816e-05
206.800000,9.9999648351e-04,7.1508152947e-06
206.850000,9.9984653332e-04,-2.3197779158e-05
206.900000,1.0002446693e-03,-1.0105850977e-05
206.950000,9.9911522174e-04,1.6761622630e-05
207.000000,1.0007383886e-03,1.3575483204e-05
207.050000,1.0005851723e-03,-7.5408140637e-06
207.100000,1.0006809434e-03,-8.4798699957e-06
207.150000,1.0007261064e-03,-4.3463323929e-06
207.200000,1.0011594477e-03,-1.1890724836e-05
207.250000,9.9997052292e-04,-2.5898170130e-06
207.300000,9.9937933826e-04,1.5761171578e-06
207.350000,9.9960755745e-04,1.1108569265e-05
207.400000,9.9892044510e-04,2.4981780534e-05
207.450000,9.9943845122e-04,-2.6690897345e-06
207.500000,1.0007792479e-03,1.1914618618e-05
207.550000,9.9796977252e-04,3.3486291696e-06
207.600000,9.9745248400e-04,-8.5469768781e-06
207.650000,9.9918013801e-04,-4.2152523258e-06
207.700000,1.0002220307e-03,1.4943057073e-05
207.750000,1.0003395639e-03,9.1213200023e-06
207.800000,9.9951266398e-04,1.3427227382e-05
207.850000,9.9989867347e-04,7.6642740394e-06
207.900000,1.0019259679e-03,1.9680167930e-05
207.950000,9.9958132423e-04,-4.8654333436e-06
208.000000,9.9971187834e-04,-5.9116409309e-06
208.050000,9.9919778619e-04,-2.4035851232e-06
208.100000,9.9795406735e-04,-7.9483501837e-06
208.150000,1.0003664292e-03,-7.0174829046e-06
208.200000,9.9999008171e-04,-1.5354760872e-05
208.250000,1.0006374479e-03,-4.9910321827e-06
208.300000,1.0012086314e-03,4.9129486019e-07
208.350000,1.0017430375e-03,-5.6509126139e-06
208.400000,1.0000047213e-03,-3.1480961122e-05
208.450000,9.9882109149e-04,-5.2529820383e-06
208.500000,9.9943138290e-04,-1.7791971438e-05
208.550000,9.9989727588e-04,8.5252905685e-06
208.600000,9.9938636899e-04,1.1797799719e-05
208.650000,9.9984220767e-04,1.5833045066e-05
208.700000,9.9871567763e-04,3.1742928515e-06
208.750000,9.9925474738e-04,3.7221271036e-06
208.800000,1.0009686374e-03,1.5299426540e-05
208.850000,9.9836804279e-04,3.1731849822e-06
208.900000,1.0015028197e-03,-1.3621390523e-05
208.950000,9.9994697813e-04,-2.1095200328e-06
209.000000,1.0005623991e-03,6.1591128822e-07
209.050000,9.9859494948e-04,4.6524912896e-06
209.100000,9.9949148339e-04,-1.8771275706e-06
209.150000,9.9965186134e-04,9.8142302485e-06
209.200000,1.0007264362e-03,-2.5789600667e-06
209.250000,1.0013211274e-03,4.8972827272e-06
209.300000,1.0015103422e-03,-6.7502926657e-06
209.350000,9.9754182998e-04,-1.2326754674e-06
209.400000,1.0024232424e-03,-9.8864580062e-06
209.450000,9.9916960268e-04,1.2616975407e-05
209.500000,9.9975112009e-04,9.1866106100e-07
209.550000,1.0024721352e-03,-1.1928331687e-05
209.600000,1.0006628918e-03,-3.2888671630e-06
209.650000,1.0000211367e-03,8.2891223733e-06
209.700000,1.0002125875e-03,-5.3781757636e-06
209.750000,9.9950401650e-04,8.3671610984e-06
209.800000,9.9944729004e-04,1.3354963947e-05
209.850000,1.0013750752e-03,-1.9754288870e-05
209.900000,1.0004155705e-03,2.9996357665e-05
209.950000,1.0002174195e-03,-1.4268191916e-05
210.000000,1.0003029227e-03,-4.9693293862e-06
210.050000,9.9965143595e-04,6.5415801515e-06
210.100000,9.9934858051e-04,-3.8243059771e-06
210.150000,9.9854802655e-04,-2.0573146821e-05
210.200000,9.9921205957e-04,8.3303569532e-06
210.250000,9.9975545620e-04,6.1872036783e-07
210.300000,1.0001130525e-03,1.2339958933e-05
210.350000,9.9994034657e-04,-1.1284814211e-05
210.400000,9.9887591909e-04,-1.3987968172e-05
210.450000,1.0005824571e-03,9.3320574287e-06
210.500000,9.9993552344e-04,7.5476068366e-06
210.550000,1.0006515502e-03,-2.3304874145e-06
210.600000,9.9924494739e-04,-1.3993274096e-05
210.650000,9.9844005463e-04,1.4176202017e-05
210.700000,1.0009043134e-03,9.4522884509e-06
210.750000,9.9880510469e-04,7.9936949389e-06
210.800000,9.9944971086e-04,-2.2926501028e-05
210.850000,9.9985137903e-04,-1.2955684370e-05
210.900000,9.9969499867e-04,1.7357970106e-06
210.950000,1.0004295609e-03,1.9122293176e-05
211.000000,1.0024373511e-03,-1.3402231966e-05
211.050000,1.0014872347e-03,1.1676537259e-05
211.100000,9.9846377869e-04,1.3517473818e-05
211.150000,9.9975685887e-04,-4.9452158950e-06
211.200000,1.0000903001e-03,3.2711364540e-06
211.250000,9.9879298235e-04,8.8075910036e-06
211.300000,9.9968359090e-04,-5.0393996729e-06
211.350000,9.9919742150e-04,9.4648838284e-06
211.400000,9.9943722086e-04,-3.0463811931e-06
211.450000,9.9922144851e-04,-5.6339474170e-06
211.500000,9.9993194244e-04,1.5531214493e-05
211.550000,9.9876531972e-04,5.5522600373e-06
211.600000,9.9952051374e-04,-1.2579637665e-05
211.650000,1.0008449867e-03,-1.1860585552e-05
211.700000,1.0008842828e-03,2.3016045301e-06
211.750000,1.0000010942e-03,-6.2726035727e-06
211.800000,9.9878561203e-04,-9.5413925240e-06
211.850000,1.0001329101e-03,-1.9837292495e-05
211.900000,9.9891947279e-04,1.0618175770e-05
211.950000,9.9938480788e-04,4.9915752002e-06
212.000000,1.0007727527e-03,-7.7181419618e-06
212.050000,1.0007788996e-03,-1.0158508512e-05
212.100000,9.9982157816e-04,-1.0214193448e-05
212.150000,9.9848737022e-04,2.6632779225e-06
212.200000,9.9877770420e-04,-2.5054690866e-06
212.250000,9.9914052766e-04,-7.8207808672e-06
212.300000,1.0007684785e-03,-2.4109033530e-06
212.350000,1.0001694027e-03,1.2230253587e-05
212.400000,9.9931339815e-04,-6.7401588473e-06
212.450000,1.0001849357e-03,1.0178370056e-06
212.500000,9.9902695894e-04,-1.0773625741e-05
212.550000,1.0013331244e-03,1.3336468689e-05
212.600000,9.9920573763e-04,-6.2719732616e-06
212.650000,9.9981167193e-04,-3.7649454858e-06
212.700000,9.9923894823e-04,6.8257863133e-06
212.750000,1.0001894037e-03,-1.2677098270e-06
212.800000,1.0007896227e-03,-4.4470774182e-06
212.850000,9.9946711584e-04,-4.9601328017e-06
212.900000,9.9973745603e-04,1.6521213563e-05
212.950000,9.9975245918e-04,1.6688367178e-06
213.000000,1.0010895217e-03,-1.5845186826e-06
213.050000,1.0004107395e-03,-5.8073094300e-06
213.100000,1.0001699262e-03,1.3030832512e-06
213.150000,1.0007705802e-03,-8.8397859996e-06
213.200000,9.9988157441e-04,-1.7926851926e-05
213.250000,1.0013143679e-03,5.2735856460e-07
213.300000,1.0007528817e-03,2.4188216965e-05
213.350000,1.0012879623e-03,9.7487198890e-06
213.400000,1.0000904546e-03,-6.3459030965e-07
213.450000,9.9937529476e-04,1.5493342937e-05
213.500000,9.9960157425e-04,1.2470746538e-05
213.550000,9.9996348904e-04,2.8074669861e-06
213.600000,1.0001151709e-03,3.7787163528e-06
213.650000,1.0016605919e-03,1.0242941919e-05
213.700000,9.9956161797e-04,1.6473358619e-05
213.750000,9.9858184970e-04,-9.1159058038e-06
213.800000,1.0004870519e-03,-3.5227052563e-05
213.850000,9.9893364783e-04,5.8401297048e-06
213.900000,1.0002957909e-03,2.7674296474e-06
213.950000,9.9977560906e-04,9.0816659894e-07
214.000000,9.9956843301e-04,1.2243822704e-05
214.050000,1.0011568723e-03,-2.1899975271e-05
214.100000,1.0026096540e-03,8.8364085210e-06
214.150000,1.0002301277e-03,-3.8968312909e-06
214.200000,1.0000106530e-03,2.9236750840e-06
214.250000,1.0017448223e-03,-1.4748203692e-05
214.300000,9.9991572210e-04,-1.0736637628e-05
214.350000,1.0000096238e-03,4.2904422613e-07
214.400000,9.9970800910e-04,-1.8763108551e-06
214.450000,1.0003199432e-03,-7.4930066070e-06
214.500000,9.9967735971e-04,8.0748669718e-06
214.550000,9.9979445997e-04,7.6219607297e-06
214.600000,1.0010841115e-03,-1.0617735769e-05
214.650000,1.0006892577e-03,3.9010191280e-08
214.700000,1.0010418562e-03,-2.1257285884e-06
214.750000,9.9948945134e-04,9.6065772030e-07
214.800000,1.0015290331e-03,5.4647265734e-06
214.850000,1.0008527120e-03,-3.4972642186e-07
214.900000,9.9921984659e-04,9.7889790772e-06
214.950000,9.9934800185e-04,8.5637684638e-06
215.000000,9.9918131889e-04,-1.0477793473e-07
215.050000,1.0003094879e-03,4.1811144766e-06
215.100000,1.0000468326e-03,4.1349278987e-06
215.150000,9.9987906232e-04,1.6119954546e-05
215.200000,9.9934274197e-04,1.0561218252e-05
215.250000,9.9989185078e-04,1.3400978013e-05
215.300000,1.0008044340e-03,-5.4114960232e-06
215.350000,9.9768743971e-04,9.1555525570e-07
215.400000,9.9970487469e-04,-7.1151865099e-06
215.450000,9.9998475838e-04,-2.3998583297e-06
215.500000,9.9926017421e-04,1.0334962913e-05
215.550000,1.0003391619e-03,-1.1517378246e-05
215.600000,1.0002670923e-03,-1.6720227189e-05
215.650000,9.9886493404e-04,-2.6661027596e-06
215.700000,9.9901478885e-04,-1.9429263040e-06
215.750000,1.0000205870e-03,4.9392901979e-06
215.800000,1.0006385713e-03,4.9244323856e-06
215.850000,9.9986078988e-04,-7.9911409969e-06
215.900000,1.0004396063e-03,1.0302081597e-06
215.950000,1.0003127616e-03,3.9365146047e-07
216.000000,1.0003684851e-03,8.8486765021e-07
216.050000,1.0013241364e-03,9.8888772786e-06
216.100000,1.0010635850e-03,-5.5798313694e-06
216.150000,9.9840899510e-04,-1.3219013159e-05
216.200000,9.9950140376e-04,-2.4630784642e-05
216.250000,1.0001027844e-03,2.6539333257e-07
216.300000,9.9933569652e-04,-7.3618910014e-06
216.350000,9.9987059755e-04,2.1749154078e-05
216.400000,1.0013353022e-03,1.2041284950e-05
216.450000,9.9856929736e-04,-3.7362734871e-07
216.500000,9.9965840666e-04,-5.0580252795e-06
216.550000,1.0003070898e-03,-7.9301491406e-06
216.600000,9.9869819464e-04,6.5559241183e-06
216.650000,9.9819117522e-04,-2.5637523646e-06
216.700000,1.0009680228e-03,2.5736561391e-06
216.750000,9.9919688066e-04,1.8027621137e-05
216.800000,9.9853030464e-04,-2.5983969937e-06
216.850000,9.9901543026e-04,2.9767122454e-06
216.900000,9.9950390739e-04,3.5826827057e-06
216.950000,9.9842987266e-04,-2.4287104469e-05
217.000000,1.0013165132e-03,-5.4044721098e-07
217.050000,1.0007437160e-03,-1.7093922235e-05
217.100000,9.9950681446e-04,-1.3815603967e-05
217.150000,9.9952852551e-04,1.2958361773e-06
217.200000,9.9759635134e-04,8.2541342282e-06
217.250000,1.0002244271e-03,9.0109609900e-07
217.300000,1.0016473865e-03,1.2458031666e-05
217.350000,1.0011024010e-03,-1.1107921625e-05
217.400000,1.0002233506e-03,-8.6492446085e-06
217.450000,9.9849078847e-04,3.8396717114e-06
217.500000,1.0002830216e-03,-1.1021146173e-05
217.550000,9.9907846230e-04,1.3325668646e-05
217.600000,9.9946525411e-04,1.0949444086e-05
217.650000,9.9982394842e-04,-1.1099254436e-05
217.700000,1.0010414115e-03,5.4036132213e-06
217.750000,1.0007494705e-03,9.4940256720e-07
217.800000,9.9945160978e-04,-3.9079501889e-07
217.850000,1.0007275390e-03,1.1304036946e-05
217.900000,1.0003309306e-03,5.4050809251e-07
217.950000,9.9859423043e-04,1.3685075555e-05
218.000000,1.0000784598e-03,-2.6253179651e-05
218.050000,1.0001848575e-03,7.9959877377e-07
218.100000,1.0004587584e-03,-3.5024518573e-06
218.150000,1.0006909634e-03,-2.2485752963e-06
218.200000,1.0003757897e-03,6.0297804544e-06
218.250000,9.9842737213e-04,-1.4952013617e-05
218.300000,9.9936782615e-04,8.2690701904e-06
218.350000,9.9840406459e-04,-7.7957253701e-06
218.400000,9.9924913335e-04,-2.1497846822e-05
218.450000,1.0004379397e-03,1.1937661566e-06
218.500000,9.9887904346e-04,-1.7600676748e-05
218.550000,1.0001321079e-03,-1.2270079229e-05
218.600000,9.9842994364e-04,-1.3494322821e-05
218.650000,1.0004244601e-03,-9.3530664909e-06
218.700000,1.0000744060e-03,1.1836016095e-05
218.750000,1.0003749007e-03,-7.6220693085e-06
218.800000,1.0016558148e-03,4.7421226000e-06
218.850000,9.9841544979e-04,1.3188670030e-05
218.900000,1.0004684996e-03,-1.8866080054e-06
218.950000,1.0000609117e-03,-5.3909071283e-06
219.000000,1.0000462682e-03,-6.9222925495e-06
219.050000,1.0004132777e-03,1.7220991683e-05
219.100000,1.0006147992e-03,-1.1376803955e-05
219.150000,1.0002743430e-03,1.3203466182e-05
219.200000,9.9970983747e-04,6.2732115944e-06
219.250000,9.9968931514e-04,4.7893613856e-06
219.300000,9.9837452250e-04,-2.9872987041e-06
219.350000,1.0012260882e-03,-4.1565922600e-06
219.400000,1.0000980072e-03,-1.0958066287e-05
219.450000,9.9982291549e-04,-1.6881288688e-05
219.500000,1.0001809563e-03,-1.2358318359e-05
219.550000,1.0009379211e-03,1.0353019264e-05
219.600000,1.0028282742e-03,1.1460814550e-05
219.650000,1.0014459048e-03,3.8580916719e-06
219.700000,1.0010999586e-03,-1.6545705456e-05
219.750000,9.9994633587e-04,-1.8074460540e-05
219.800000,9.9961589752e-04,-6.5889232043e-06
219.850000,9.9983512540e-04,-6.6231633391e-06
219.900000,9.9906994153e-04,5.8414576219e-06
219.950000,9.9945274174e-04,1.8410966618e-05
220.000000,1.0001463709e-03,-8.2146591347e-06
220.050000,1.0011000856e-03,1.4957126956e-06
220.100000,1.0009111938e-03,-3.4151054001e-07
220.150000,9.9909218160e-04,1.0268998456e-06
220.200000,9.9947975153e-04,-3.2552787540e-06
220.250000,9.9829720651e-04,-3.0622858831e-06
220.300000,9.9977256998e-04,-5.7031824687e-06
220.350000,9.9953694890e-04,7.3914725860e-06
220.400000,9.9905096195e-04,-3.1277552898e-06
220.450000,1.0006367212e-03,-8.2961525530e-06
220.500000,1.0001580001e-03,2.5362955421e-06
220.550000,1.0002415361e-03,1.3842729219e-05
220.600000,1.0001067689e-03,-6.8267764891e-06
220.650000,1.0024381211e-03,-1.6418629741e-06
220.700000,1.0004814158e-03,4.2127588794e-07
220.750000,1.0027850866e-03,3.6019301184e-06
220.800000,9.9950465098e-04,-1.6612064875e-05
220.850000,1.0016406965e-03,8.2278238459e-06
220.900000,9.9868308881e-04,-1.4752671870e-05
220.950000,1.0023561347e-03,1.1764633609e-06
221.000000,9.9874840919e-04,-6.8276680392e-06
221.050000,9.9981008310e-04,1.8675753270e-07
221.100000,1.0001352788e-03,1.2623899388e-05
221.150000,1.0015897499e-03,-1.1374366684e-05
221.200000,9.9968160395e-04,5.8421123342e-06
221.250000,9.9875609631e-04,8.2485745033e-06
221.300000,9.9936036226e-04,5.3571601359e-06
221.350000,9.9992367834e-04,1.5057423608e-06
221.400000,9.9902786700e-04,1.8553459926e-06
221.450000,9.9939546321e-04,-9.0769520499e-06
221.500000,1.0007060569e-03,-9.5387137699e-06
221.550000,1.0010743299e-03,2.2181346778e-05
221.600000,1.0015142399e-03,-1.3199308776e-05
221.650000,1.0013766619e-03,7.2029102672e-06
221.700000,9.9912396275e-04,-4.0842852356e-06
221.750000,1.0001019104e-03,1.1537696347e-06
221.800000,1.0000898855e-03,-1.1111250060e-05
221.850000,9.9901953626e-04,-8.4383765906e-06
221.900000,9.9998657717e-04,-7.0176736165e-06
221.950000,9.9882881115e-04,1.5976168367e-06
222.000000,1.0000627712e-03,-2.1127942980e-05
222.050000,1.0009092304e-03,-5.1275005635e-06
222.100000,9.9783035791e-04,-3.3015801122e-06
222.150000,9.9997339345e-04,-1.9599442881e-06
222.200000,9.9912713707e-04,1.1338209005e-05
222.250000,1.0000334729e-03,-8.7201462852e-06
222.300000,1.0013508698e-03,-1.1511080021e-07
222.350000,1.0000050066e-03,2.0656867118e-07
222.400000,9.9998357271e-04,4.8508951987e-06
222.450000,1.0010996921e-03,-5.9219454405e-06
222.500000,1.0008110502e-03,-7.8678137111e-06
222.550000,9.9936430144e-04,-8.9188516124e-06
222.600000,9.9958920204e-04,1.9015220669e-05
222.650000,9.9946271094e-04,-1.3221474180e-05
222.700000,1.0002969873e-03,-7.0856814096e-06
222.750000,9.9998591981e-04,1.7236119704e-06
222.800000,9.9832794618e-04,-1.8209195860e-05
222.850000,1.0003451209e-03,1.2661053641e-05
222.900000,9.9945388116e-04,-1.0770773669e-05
222.950000,9.9970284415e-04,-9.8787830402e-07
223.000000,9.9926833358e-04,-2.7524281581e-06
223.050000,9.9977495627e-04,7.1278530496e-06
223.100000,1.0006986781e-03,3.1588897255e-06
223.150000,1.0004389948e-03,-1.2360840600e-05
223.200000,9.9892841150e-04,6.2245899875e-06
223.250000,9.9932795265e-04,4.3858007514e-06
223.300000,1.0014873314e-03,-1.2815167431e-05
223.350000,9.9922966047e-04,-1.0821270628e-05
223.400000,9.9950341652e-04,2.2605236598e-06
223.450000,1.0002900547e-03,-1.1465594108e-05
223.500000,9.9950791511e-04,2.0662398791e-05
223.550000,1.0001368882e-03,-2.3307392102e-07
223.600000,1.0010592293e-03,2.2622538467e-06
223.650000,9.9939331041e-04,1.2855801730e-05
223.700000,9.9955886888e-04,-2.9885425989e-05
223.750000,1.0005229933e-03,1.5654986029e-05
223.800000,9.9853421331e-04,5.2258985170e-06
223.850000,1.0003684880e-03,1.5635532453e-05
223.900000,1.0002827897e-03,-1.7907550729e-05
223.950000,1.0003599169e-03,1.4230109580e-06
224.000000,1.0000240494e-03,1.8589449666e-05
224.050000,1.0001120352e-03,-5.3641933188e-06
224.100000,9.9859836275e-04,1.4382517205e-06
224.150000,1.0008109741e-03,-1.3613299425e-05
224.200000,9.9852747731e-04,-1.2299633867e-05
224.250000,1.0007621917e-03,1.2058318224e-05
224.300000,1.0000549064e-03,4.6499121990e-06
224.350000,1.0020563834e-03,-5.4109043904e-06
224.400000,1.0004100607e-03,7.6211534463e-06
224.450000,9.9868590073e-04,4.1342250883e-06
224.500000,1.0004428230e-03,-2.6749813825e-07
224.550000,1.0002678942e-03,-1.1428217647e-05
224.600000,9.9998429026e-04,-6.8627543462e-06
224.650000,1.0013964580e-03,-7.6061110640e-06
224.700000,9.9953075118e-04,-9.1506072564e-07
224.750000,9.9908566455e-04,-1.1990033303e-05
224.800000,9.9909128666e-04,-1.2936646348e-05
224.850000,9.9955664427e-04,1.4646031185e-05
224.900000,9.9934741751e-04,4.7552970850e-06
224.950000,9.9994754763e-04,-6.3968669792e-06
225.000000,9.9990745608e-04,6.0631361647e-06
225.050000,9.9909827511e-04,1.0973255069e-05
225.100000,9.9999421200e-04,-6.1514699898e-07
225.150000,9.9991410597e-04,-5.9592413823e-07
225.200000,1.0001179670e-03,1.7929065114e-07
225.250000,1.0002755576e-03,1.1771905485e-05
225.300000,1.0005962690e-03,1.5161552460e-05
225.350000,9.9881582785e-04,7.3725048957e-06
225.400000,9.9952857551e-04,2.8313618003e-06
225.450000,1.0005724901e-03,8.4896680817e-06
225.500000,1.0007238484e-03,3.4458655028e-07
225.550000,9.9921565617e-04,5.4315198383e-06
225.600000,1.0021419313e-03,5.2659890430e-06
225.650000,9.9989411088e-04,-2.2352460882e-06
225.700000,9.9849256693e-04,4.5102677277e-06
225.750000,9.9895973584e-04,-3.7998780005e-06
225.800000,1.0005590787e-03,-1.3950762394e-05
225.850000,1.0013554660e-03,7.7524768965e-07
225.900000,9.9905589265e-04,-2.6476991629e-07
225.950000,1.0011795673e-03,1.6197525370e-05
226.000000,1.0007701564e-03,1.5720302665e-05
226.050000,9.9704039598e-04,-1.7476005673e-07
226.100000,9.9886288526e-04,7.0501713125e-06
226.150000,9.9946829147e-04,9.6414204030e-07
226.200000,9.9835106288e-04,-3.7490256852e-06
226.250000,9.9958812459e-04,3.2179992166e-06
226.300000,9.9944141794e-04,9.2013877703e-06
226.350000,1.0006354070e-03,-1.1920394385e-05
226.400000,1.0007442104e-03,8.8756386264e-06
226.450000,1.0011488266e-03,2.0101213494e-05
226.500000,1.0017991088e-03,3.8423708355e-06
226.550000,9.9901127463e-04,-1.4296921952e-05
226.600000,1.0003721960e-03,-4.9561602542e-06
226.650000,9.9980242496e-04,2.1151496093e-07
226.700000,1.0005576522e-03,-1.4449800774e-05
226.750000,9.9958917785e-04,6.3041457971e-06
226.800000,1.0002966398e-03,-2.8618833723e-06
226.850000,9.9950164678e-04,1.8378896558e-06
226.900000,1.0008411314e-03,-3.9932085693e-07
226.950000,1.0011968668e-03,7.1307997054e-06
227.000000,9.9807337600e-04,-7.1479222039e-06
227.050000,1.0000350807e-03,-1.4787336339e-07
227.100000,1.0004282647e-03,1.5763243989e-05
227.150000,1.0011127701e-03,-1.0756713606e-05
227.200000,1.0004886300e-03,1.3915611843e-05
227.250000,1.0017782741e-03,-1.7292988830e-05
227.300000,1.0016254835e-03,-2.3018815347e-05
227.350000,9.9941073435e-04,2.5341502962e-06
227.400000,9.9855678347e-04,-1.3307349183e-05
227.450000,1.0002412021e-03,-2.0622661547e-05
227.500000,9.9882906878e-04,1.5771752018e-05
227.550000,1.0006783581e-03,-4.0646135528e-06
227.600000,9.9977226667e-04,1.3933269247e-05
227.650000,1.0001568994e-03,2.1867954179e-06
227.700000,1.0010504130e-03,-8.8883414347e-07
227.750000,9.9883586048e-04,-4.5933849935e-06
227.800000,1.0002514004e-03,-8.4681336804e-06
227.850000,1.0003817043e-03,3.2235280461e-07
227.900000,9.9997941662e-04,1.9732098184e-06
227.950000,9.9926202991e-04,9.5950838649e-06
228.000000,9.9968782820e-04,-1.6703850541e-05
228.050000,9.9874390460e-04,1.0927370917e-05
228.100000,9.9728783638e-04,-2.9436817825e-06
228.150000,1.0008944007e-03,2.2525325405e-06
228.200000,1.0013226628e-03,1.2686733217e-05
228.250000,1.0020204546e-03,-9.7390052031e-06
228.300000,9.9939294371e-04,3.4842452588e-06
228.350000,9.9819567401e-04,-1.4715578987e-05
228.400000,1.0006165042e-03,-1.2294510574e-05
228.450000,9.9994457663e-04,-1.9469631954e-05
228.500000,1.0016342895e-03,-1.0449857428e-05
228.550000,1.0005632643e-03,9.1052808774e-06
228.600000,9.9962509328e-04,-1.1783999156e-06
228.650000,1.0014769058e-03,-5.1571718545e-06
228.700000,1.0023306120e-03,1.8605439199e-05
228.750000,1.0012725844e-03,-6.0500500074e-07
228.800000,9.9873441853e-04,2.6206654346e-06
228.850000,9.9902195905e-04,2.1046047380e-05
228.900000,1.0003924912e-03,1.5155414648e-05
228.950000,9.9992005443e-04,-1.2280977375e-06
229.000000,1.0003074176e-03,8.7572663589e-06
229.050000,1.0001756056e-03,1.3365160622e-05
229.100000,1.0010317617e-03,3.9388823561e-06
229.150000,1.0017305797e-03,-6.3622020916e-06
229.200000,1.0008148533e-03,1.1043004878e-06
229.250000,9.9837150970e-04,1.1134297677e-05
229.300000,9.9968457350e-04,5.8981036178e-06
229.350000,9.9939163954e-04,-3.3710597933e-06
229.400000,1.0010966439e-03,6.4426186767e-06
229.450000,1.0000376962e-03,-5.2327519977e-07
229.500000,9.9991585317e-04,-7.0094099261e-06
229.550000,1.0001243884e-03,9.8801110390e-06
229.600000,1.0027014329e-03,-5.7441783474e-06
229.650000,1.0003396087e-03,2.4886815390e-05
229.700000,1.0000165266e-03,9.5174232748e-06
229.750000,1.0003779282e-03,-1.3344497747e-05
229.800000,9.9948958923e-04,-1.4078458458e-06
229.850000,1.0012403523e-03,-6.4841317156e-06
229.900000,1.0011073138e-03,-8.2315950607e-08
229.950000,9.9891390988e-04,2.6226179865e-06
230.000000,1.0003672862e-03,-3.9620402882e-06
230.050000,1.0012624158e-03,9.0980427284e-07
230.100000,1.0006557456e-03,1.4796482034e-05
230.150000,1.0008331159e-03,-1.5829189336e-05
230.200000,1.0000176721e-03,9.2237414327e-06
230.250000,9.9933189560e-04,8.3970940365e-06
230.300000,9.9937240403e-04,1.0648427073e-06
230.350000,9.9979439630e-04,-1.6274676454e-05
230.400000,1.0008933235e-03,5.4038394482e-06
230.450000,1.0002221820e-03,-2.0213068308e-06
230.500000,1.0009541233e-03,1.5148695856e-05
230.550000,9.9854743369e-04,-4.2449142036e-06
230.600000,1.0009623826e-03,-1.1649424779e-05
230.650000,9.9974263720e-04,-6.9044152704e-06
230.700000,1.0018601234e-03,-2.1726695712e-05
230.750000,1.0009582026e-03,1.4815355825e-05
230.800000,1.0010616571e-03,2.2830185243e-06
230.850000,9.9959452427e-04,-5.6786549163e-06
230.900000,1.0009479125e-03,7.7796065460e-06
230.950000,9.9983762969e-04,-2.2652647865e-06
231.000000,1.0005631395e-03,-1.0947960904e-06
231.050000,1.0003116876e-03,-1.1728239642e-05
231.100000,9.9910973843e-04,4.9739196101e-06
231.150000,1.0022793871e-03,1.3725452784e-05
231.200000,1.0008344693e-03,5.5465069075e-06
231.250000,9.9995112979e-04,-2.5962656985e-06
231.300000,1.0006028660e-03,-6.6839556714e-06
231.350000,1.0007935633e-03,-7.3025672639e-06
231.400000,1.0000563314e-03,-1.8955217522e-05
231.450000,9.9971025563e-04,-3.9402679545e-06
231.500000,1.0009227448e-03,-1.5353550191e-06
231.550000,1.0013513004e-03,-2.8421263878e-06
231.600000,1.0004384225e-03,-2.4845515320e-06
231.650000,1.0004315480e-03,8.2019194755e-06
231.700000,1.0005162300e-03,2.8920954665e-06
231.750000,9.9990542803e-04,-1.9438884134e-05
231.800000,1.0005143740e-03,-1.6349955937e-06
231.850000,1.0004766889e-03,-4.9288642830e-06
231.900000,1.0020032985e-03,2.3605473394e-06
231.950000,9.9965144158e-04,-6.0510620063e-07
232.000000,9.9964524718e-04,3.6443730201e-06
232.050000,1.0010582461e-03,2.3886921996e-06
232.100000,1.0000761987e-03,1.2405143939e-05
232.150000,9.9984023605e-04,-5.2920401493e-06
232.200000,1.0001825835e-03,2.5545084780e-06
232.250000,1.0011905092e-03,8.0006290043e-06
232.300000,9.9872626238e-04,-1.5350883817e-05
232.350000,1.0011552997e-03,-5.3228636235e-06
232.400000,1.0005392936e-03,2.0978663052e-06
232.450000,1.0005975023e-03,1.1725786495e-05
232.500000,1.0020199214e-03,9.4902189628e-07
232.550000,1.0002608767e-03,-1.5845155629e-07
232.600000,1.0011430616e-03,-4.6083771793e-06
232.650000,9.9848724201e-04,-2.3968582177e-07
232.700000,1.0009223734e-03,2.3337634235e-06
232.750000,9.9962356889e-04,-2.4447231726e-05
232.800000,9.9936727490e-04,7.3671940990e-06
232.850000,9.9922167871e-04,-8.8429309119e-06
232.900000,9.9853075704e-04,2.2677765665e-06
232.950000,1.0000851412e-03,-1.2584473061e-05
233.000000,1.0013066649e-03,1.3362381010e-05
233.050000,1.0009745918e-03,-3.2763495755e-05
233.100000,9.9952576333e-04,1.8461902876e-06
233.150000,9.9927877714e-04,5.1904328973e-06
233.200000,9.9930109976e-04,-3.8730478162e-06
233.250000,1.0000866200e-03,1.1927115449e-05
233.300000,9.9975452018e-04,-5.3841926692e-06
233.350000,1.0000687486e-03,1.0341879521e-05
233.400000,1.0006388333e-03,-6.8945220736e-07
233.450000,1.0019389544e-03,-6.9818427607e-07
233.500000,9.9885492744e-04,8.2382800907e-06
233.550000,9.9951089590e-04,-6.7449279341e-06
233.600000,9.9930465805e-04,3.0286992344e-06
233.650000,1.0012795545e-03,-1.2830912764e-06
233.700000,9.9939542621e-04,-2.5269707653e-06
233.750000,9.9969144854e-04,-1.8833604695e-06
233.800000,9.9908131127e-04,-8.4462574138e-06
233.850000,9.9957842423e-04,1.1032361611e-05
233.900000,1.0022220173e-03,2.5397361711e-06
233.950000,1.0013285110e-03,5.3083869736e-06
234.000000,1.0001012829e-03,-2.8415399017e-06
234.050000,9.9811483259e-04,2.7034634864e-06
234.100000,1.0014736185e-03,-2.7029756044e-06
234.150000,1.0019109695e-03,8.1161308295e-06
234.200000,1.0005333766e-03,4.8900580060e-06
234.250000,1.0009100229e-03,1.9608613630e-05
234.300000,9.9954073386e-04,4.6479270527e-06
234.350000,9.9973670898e-04,-9.8675114006e-06
234.400000,1.0011427509e-03,1.3524283464e-05
234.450000,9.9872072483e-04,7.6986673575e-07
234.500000,1.0006906092e-03,-7.2283522930e-06
234.550000,1.0000849623e-03,-1.3548583334e-05
234.600000,1.0002068655e-03,5.1737953184e-06
234.650000,9.9897315358e-04,1.0572998439e-05
234.700000,9.9893512861e-04,1.2159241704e-05
234.750000,1.0007523732e-03,-2.1528956117e-05
234.800000,9.9980979175e-04,6.2638266132e-06
234.850000,1.0003431597e-03,-5.2057423994e-06
234.900000,9.9926723057e-04,-1.0880324361e-05
234.950000,9.9988447582e-04,-6.0863892376e-06
235.000000,1.0008718076e-03,9.5723840190e-07
235.050000,9.9888243328e-04,1.9855165718e-05
235.100000,9.9819989153e-04,-1.4039430009e-05
235.150000,9.9921513498e-04,1.6542789177e-05
235.200000,9.9906128961e-04,-1.7103086019e-05
235.250000,9.9837491336e-04,1.3980310456e-05
235.300000,9.9851622671e-04,2.6943385892e-05
235.350000,9.9848767186e-04,4.4035066381e-06
235.400000,1.0001369952e-03,-5.1566809574e-06
235.450000,9.9996289332e-04,-5.9332814033e-06
235.500000,9.9899734882e-04,1.9516143466e-05
235.550000,1.0001057084e-03,5.9808126013e-06
235.600000,1.0002728600e-03,7.5453460627e-07
235.650000,9.9971759971e-04,1.2653976151e-05
235.700000,1.0008178106e-03,2.6844623237e-06
235.750000,1.0003175192e-03,-3.0808539070e-06
235.800000,9.9900000272e-04,1.8091477726e-05
235.850000,1.0012307648e-03,9.2465868101e-06
235.900000,9.9875090800e-04,-2.7792642839e-05
235.950000,1.0013954800e-03,1.8747777716e-05
236.000000,1.0009367960e-03,6.1550071635e-06
236.050000,9.9970603819e-04,1.3766424504e-05
236.100000,9.9847567196e-04,-8.6507695326e-06
236.150000,9.9956026794e-04,6.4448561302e-07
236.200000,1.0006444340e-03,-5.5532569910e-06
236.250000,1.0006419593e-03,-7.0135516268e-07
236.300000,9.9780213226e-04,1.3606501574e-05
236.350000,1.0000141972e-03,1.3187356664e-05
236.400000,9.9968009052e-04,2.4437100035e-06
236.450000,1.0001735156e-03,-1.4040404130e-05
236.500000,9.9970933738e-04,-2.4434917178e-05
236.550000,1.0006535154e-03,4.6126780435e-06
236.600000,9.9953092685e-04,4.9076249790e-06
236.650000,9.9784019392e-04,-1.2760770979e-06
236.700000,9.9894493733e-04,2.9458762563e-06
236.750000,1.0011950968e-03,-6.1574294832e-07
236.800000,9.9917586148e-04,-5.6942817556e-06
236.850000,9.9809060938e-04,-1.7109274493e-05
236.900000,1.0011274694e-03,7.8383145607e-06
236.950000,9.9826922734e-04,1.4498584012e-05
237.000000,9.9825620437e-04,-4.9061624449e-06
237.050000,1.0006375067e-03,-1.8761026657e-06
237.100000,9.9987661363e-04,3.9414260955e-06
237.150000,1.0006201602e-03,1.0558812401e-05
237.200000,9.9907908948e-04,5.4303635271e-06
237.250000,9.9908022407e-04,-1.5850123460e-05
237.300000,9.9994835820e-04,8.4662166222e-06
237.350000,9.9972194210e-04,-9.5853984201e-06
237.400000,1.0002881363e-03,9.2203112668e-06
237.450000,1.0014435697e-03,-3.1091768182e-06
237.500000,1.0000863093e-03,1.1745733330e-05
237.550000,1.0022347751e-03,1.7582642809e-06
237.600000,9.9991024776e-04,-9.6959763953e-06
237.650000,9.9933628072e-04,-7.5194970269e-06
237.700000,1.0003183160e-03,5.5132124968e-06
237.750000,9.9986577896e-04,3.8654525202e-06
237.800000,9.9966319790e-04,-8.3555135090e-06
237.850000,9.9840966708e-04,2.2332971826e-05
237.900000,9.9906307897e-04,1.8195527962e-05
237.950000,1.0009506456e-03,-3.5909121482e-06
238.000000,1.0006242050e-03,2.1278553621e-06
238.050000,9.9849183472e-04,2.1160987295e-06
238.100000,9.9994098453e-04,1.4672941959e-06
238.150000,1.0002600378e-03,1.6937548592e-06
238.200000,9.9969700620e-04,-1.0105442110e-05
238.250000,9.9820862510e-04,4.6584391351e-07
238.300000,1.0010527790e-03,7.2177849202e-06
238.350000,9.9995349508e-04,2.2578225381e-05
238.400000,9.9843036484e-04,6.4097547818e-06
238.450000,1.0001688710e-03,7.5233999578e-06
238.500000,9.9936643155e-04,-2.1119186833e-05
238.550000,1.0004134579e-03,-3.3351920959e-06
238.600000,9.9872845610e-04,-1.3693930633e-05
238.650000,1.0015893212e-03,7.2763128124e-07
238.700000,1.0001358645e-03,1.4188850733e-05
238.750000,9.9802451385e-04,1.2854290975e-05
238.800000,9.9952695703e-04,1.3763641366e-05
238.850000,1.0002589488e-03,-6.0769674134e-06
238.900000,9.9986906610e-04,-3.1582628245e-07
238.950000,1.0018878297e-03,1.4919646832e-05
239.000000,1.0003684797e-03,-2.9487782538e-06
239.050000,1.0003955766e-03,9.8662811490e-06
239.100000,1.0008491366e-03,3.1093857408e-05
239.150000,1.0004351011e-03,5.2732401928e-06
239.200000,9.9998471036e-04,-5.0789426665e-06
239.250000,1.0001164159e-03,-2.1230189861e-06
239.300000,9.9841387219e-04,-1.2704682136e-05
239.350000,9.9903070656e-04,1.8240178472e-05
239.400000,1.0006881046e-03,-2.5027924359e-05
239.450000,9.9906794419e-04,2.1665699756e-06
239.500000,1.0001444334e-03,-8.4333658991e-06
239.550000,9.9885601967e-04,-2.1033183168e-07
239.600000,9.9831462852e-04,-1.5144841872e-05
239.650000,9.9901455161e-04,-1.2141399136e-06
239.700000,1.0011185505e-03,7.4070256046e-06
239.750000,1.0015243996e-03,5.8703835192e-06
239.800000,9.9865085152e-04,-4.2862739590e-06
239.850000,9.9919868230e-04,1.5613582005e-05
239.900000,9.9978594672e-04,-6.2678772779e-06
239.950000,9.9971488123e-04,5.2552981423e-06
240.000000,1.0027042367e-03,1.4326229240e-05
240.050000,9.9946954281e-04,-1.3701954276e-05
240.100000,9.9928253738e-04,-9.2720375150e-06
240.150000,1.0018757367e-03,3.8083011952e-07
240.200000,9.9985356916e-04,-7.2876828130e-06
240.250000,9.9992370363e-04,5.1193248932e-06
240.300000,9.9660530688e-04,3.0455125563e-06
240.350000,1.0008324594e-03,-6.7359266594e-06
240.400000,1.0015956110e-03,4.5231522390e-06
240.450000,9.9961943410e-04,-1.5377420584e-05
240.500000,9.9902469286e-04,1.2180806471e-06
240.550000,9.9957354627e-04,8.3600435356e-06
240.600000,1.0020528799e-03,7.2623423961e-06
240.650000,9.9987169759e-04,-1.1738012839e-05
240.700000,9.9883973439e-04,-5.8485535478e-06
240.750000,9.9921878707e-04,7.8125087381e-06
240.800000,9.9863667130e-04,1.0185702054e-05
240.850000,1.0010665851e-03,9.8060285214e-06
240.900000,9.9974331915e-04,-6.5654092455e-06
240.950000,1.0001537078e-03,2.2160086844e-06
241.000000,1.0016250726e-03,-1.0608360157e-05
241.050000,1.0000882389e-03,7.0238419064e-07
241.100000,1.0006648026e-03,-1.3937827328e-05
241.150000,1.0007786909e-03,-1.3846334447e-06
241.200000,1.0007161369e-03,9.4116365268e-06
241.250000,9.9885416321e-04,1.4444458699e-06
241.300000,9.9893617713e-04,-3.7013060716e-06
241.350000,9.9859401975e-04,3.5145666231e-06
241.400000,9.9972008919e-04,1.7249127255e-05
241.450000,1.0012384920e-03,-1.6533295406e-06
241.500000,1.0004885744e-03,6.2239387505e-06
241.550000,1.0004845481e-03,9.1991812452e-07
241.600000,1.0010373938e-03,-3.8040069690e-06
241.650000,1.0002274873e-03,3.7834253355e-06
241.700000,9.9979822572e-04,1.9162196687e-05
241.750000,1.0014745553e-03,-1.6956740952e-05
241.800000,1.0000629977e-03,1.2871581071e-06
241.850000,9.9896530405e-04,6.3158808117e-06
241.900000,1.0013103927e-03,1.1786992558e-06
241.950000,1.0001381707e-03,2.1645931288e-06
242.000000,1.0002058294e-03,-7.2389791029e-06
242.050000,9.9886555039e-04,-5.7662362760e-06
242.100000,1.0005560063e-03,-1.5568378865e-05
242.150000,1.0007082997e-03,1.7675305730e-06
242.200000,9.9859564675e-04,-1.5700223278e-05
242.250000,9.9983308573e-04,2.2268154665e-05
242.300000,1.0004998745e-03,1.6328820918e-05
242.350000,1.0011053108e-03,7.8122923017e-06
242.400000,9.9977055127e-04,3.2301533557e-06
242.450000,9.9865292890e-04,1.5251456049e-05
242.500000,9.9901079980e-04,8.0905311727e-06
242.550000,9.9801360943e-04,-4.9326018994e-06
242.600000,1.0013587560e-03,-6.5759531036e-06
242.650000,9.9965345630e-04,-1.5938806410e-05
242.700000,1.0009505968e-03,1.4510043163e-05
242.750000,1.0003802631e-03,-1.9039866732e-05
242.800000,9.9937256069e-04,6.9217177357e-06
242.850000,9.9849600550e-04,1.2478132874e-06
242.900000,9.9904382467e-04,4.0595465091e-06
242.950000,9.9969207875e-04,1.4760083528e-05
243.000000,9.9953393193e-04,7.8888147535e-07
243.050000,1.0013075183e-03,-2.2193671675e-06
243.100000,9.9993591351e-04,-8.9947134753e-06
243.150000,1.0006048136e-03,-5.2561108133e-06
243.200000,9.9736347270e-04,8.0804187394e-06
243.250000,9.9990927050e-04,-2.5139702274e-05
243.300000,9.9994879487e-04,-8.5417146515e-06
243.350000,1.0006160960e-03,1.1837125042e-05
243.400000,1.0001317492e-03,-4.5440761510e-06
243.450000,9.9975624359e-04,9.2479739272e-06
243.500000,9.9854670864e-04,2.3867421287e-06
243.550000,1.0012434008e-03,-3.1046733979e-06
243.600000,1.0002183941e-03,-1.6317850226e-06
243.650000,9.9998785609e-04,-1.1829152295e-06
243.700000,1.0002655360e-03,3.4131669278e-06
243.750000,9.9972332386e-04,-6.3722803351e-06
243.800000,9.9923763104e-04,7.7347614438e-06
243.850000,1.0002388449e-03,-1.7753890746e-05
243.900000,9.9850712609e-04,-8.8999146661e-06
243.950000,9.9952953818e-04,1.0747754785e-05
244.000000,1.0000413305e-03,1.4672847072e-06
244.050000,1.0011997514e-03,1.5182164300e-06
244.100000,9.9985356948e-04,1.3522439743e-05
244.150000,9.9982121015e-04,3.4725594483e-06
244.200000,1.0002030354e-03,-1.6594176132e-06
244.250000,9.9839775805e-04,-9.3137202515e-06
244.300000,9.9958743937e-04,-3.1701691848e-07
244.350000,9.9931213640e-04,9.9516591188e-06
244.400000,9.9989280933e-04,-1.0261588528e-05
244.450000,9.9960661061e-04,3.3936764698e-07
244.500000,9.9955672704e-04,7.1900473875e-06
244.550000,9.9837287911e-04,3.9136330452e-06
244.600000,9.9954464442e-04,-1.2989817518e-05
244.650000,1.0001458380e-03,-5.5253272307e-06
244.700000,9.9938427074e-04,2.3216524533e-05
244.750000,9.9871611857e-04,5.7113190956e-06
244.800000,1.0003365964e-03,-2.0989345191e-05
244.850000,9.9979299510e-04,1.0845027797e-05
244.900000,1.0010031915e-03,-2.7278625550e-06
244.950000,1.0007625613e-03,-7.5235526782e-06
245.000000,9.9923837764e-04,2.5558140981e-05
245.050000,9.9895062981e-04,1.4241913932e-05
245.100000,9.9810244179e-04,-2.0556322553e-06
245.150000,1.0008159002e-03,3.2390127842e-06
245.200000,1.0001388317e-03,-5.4504830939e-06
245.250000,9.9968219547e-04,4.1465996586e-06
245.300000,1.0009981438e-03,1.2528811594e-05
245.350000,9.9937418660e-04,1.4276202269e-06
245.400000,9.9982392307e-04,-1.2883217668e-05
245.450000,1.0004775567e-03,-4.9738407970e-06
245.500000,9.9854452929e-04,4.2447752896e-06
245.550000,1.0004549826e-03,6.7848342257e-06
245.600000,9.9974919022e-04,-1.1443846032e-05
245.650000,9.9988604610e-04,-3.0130192663e-06
245.700000,1.0007360814e-03,-2.4009248960e-06
245.750000,9.9907688325e-04,-1.3051795415e-06
245.800000,9.9924952451e-04,9.4688901605e-06
245.850000,1.0006488067e-03,-1.6722622895e-06
245.900000,1.0017669198e-03,-1.7794507200e-05
245.950000,1.0019729839e-03,-1.8274645463e-05
246.000000,1.0001484324e-03,1.2887782760e-06
246.050000,1.0014005465e-03,-3.4928026151e-06
246.100000,1.0002009696e-03,4.6918895796e-06
246.150000,1.0012506457e-03,-2.0715613167e-05
246.200000,9.9928136255e-04,8.2482009512e-06
246.250000,1.0003728104e-03,-6.4482214735e-06
246.300000,9.9995666624e-04,-1.9523863950e-06
246.350000,9.9986684705e-04,4.7203252618e-06
246.400000,9.9983180034e-04,-1.1306520039e-05
246.450000,1.0011636686e-03,3.6217324208e-06
246.500000,1.0008811121e-03,-1.7483102697e-06
246.550000,1.0004157263e-03,-1.2132193227e-06
246.600000,1.0003542658e-03,1.5459171633e-05
246.650000,1.0006577252e-03,-1.0747505508e-05
246.700000,9.9845051227e-04,-3.0792444953e-06
246.750000,1.0008032019e-03,-5.7314383161e-06
246.800000,1.0002749294e-03,1.6532127983e-05
246.850000,1.0001986079e-03,-4.7569069147e-06
246.900000,9.9881716508e-04,-1.8103802407e-06
246.950000,1.0012431460e-03,3.3772804725e-06
247.000000,1.0006579454e-03,1.8566344085e-05
247.050000,1.0002451457e-03,-8.8506134489e-06
247.100000,9.9809815211e-04,2.5075743274e-05
247.150000,9.9975089446e-04,7.2677201066e-06
247.200000,1.0004566460e-03,-8.8113339963e-06
247.250000,9.9867125032e-04,2.2831299264e-06
247.300000,1.0000573198e-03,1.3789556497e-05
247.350000,1.0007171277e-03,1.6194576525e-05
247.400000,9.9856607808e-04,-7.1776371110e-06
247.450000,9.9987991733e-04,3.0000619040e-06
247.500000,9.9929999875e-04,3.2657211800e-06
247.550000,9.9884810321e-04,-8.0653290992e-08
247.600000,1.0024414541e-03,-1.5041685972e-06
247.650000,1.0008715669e-03,-2.4303629094e-05
247.700000,9.9731814967e-04,-1.8055550807e-06
247.750000,9.9959597723e-04,-1.1961160158e-05
247.800000,9.9976588247e-04,2.1817792441e-05
247.850000,9.9994213381e-04,-9.2461681895e-06
247.900000,9.9959251538e-04,7.6007512569e-07
247.950000,9.9996957283e-04,-1.7824767528e-05
248.000000,9.9953629193e-04,-4.3580003233e-06
248.050000,1.0009565287e-03,1.6544741729e-05
248.100000,1.0015508713e-03,-4.5540864176e-06
248.150000,9.9990837868e-04,7.0057154464e-06
248.200000,1.0038809619e-03,1.2782731127e-05
248.250000,9.9927550326e-04,-8.3624690221e-06
248.300000,9.9925300917e-04,3.1505993215e-06
248.350000,9.9940857957e-04,-5.7181667567e-06
248.400000,9.9966416952e-04,-1.4835430009e-06
248.450000,1.0004657751e-03,5.5804305496e-06
248.500000,1.0003139975e-03,1.6023184429e-06
248.550000,1.0005605787e-03,-3.3336379916e-06
248.600000,9.9873139255e-04,-9.2288647414e-06
248.650000,1.0011353318e-03,-5.4363016020e-06
248.700000,1.0005141812e-03,-2.0621665299e-06
248.750000,1.0011011546e-03,6.6793992608e-06
248.800000,9.9763172069e-04,-3.3043440774e-06
248.850000,9.9890292939e-04,-5.4241559489e-06
248.900000,1.0009001447e-03,-9.7097538767e-06
248.950000,1.0013594492e-03,5.6550385225e-06
249.000000,1.0016267263e-03,2.7557776157e-06
249.050000,1.0017412511e-03,-7.2727288799e-06
249.100000,1.0012585659e-03,-2.6607776418e-06
249.150000,1.0004097396e-03,7.7481319933e-06
249.200000,9.9976457640e-04,-1.1856259932e-05
249.250000,1.0013685091e-03,-2.0935342707e-06
249.300000,9.9985353848e-04,1.4236507397e-05
249.350000,9.9912799436e-04,-4.7722833660e-06
249.400000,1.0001383436e-03,-1.2927930835e-06
249.450000,9.9949632189e-04,5.2748366696e-07
249.500000,9.9926485119e-04,9.9485075675e-06
249.550000,1.0006919684e-03,-1.4183451621e-05
249.600000,1.0012295679e-03,3.5304944131e-05
249.650000,9.9953625794e-04,2.3103026971e-05
249.700000,9.9871843226e-04,1.9242339926e-05
249.750000,1.0010265864e-03,-7.3943559294e-06
249.800000,9.9871418902e-04,8.6503814322e-06
249.850000,9.9963774867e-04,-4.8860203899e-06
249.900000,1.0001403826e-03,-3.0592161755e-07
249.950000,1.0008253242e-03,-1.4368316018e-05
250.000000,1.0007782918e-03,-1.7500054894e-05
250.050000,9.9910982505e-04,-2.7597541689e-06
250.100000,1.0001164891e-03,7.7662626231e-06
250.150000,1.0007907426e-03,5.2521207393e-06
250.200000,9.9959928801e-04,-5.1070277412e-07
250.250000,1.0004052858e-03,4.8831721379e-06
250.300000,9.9837952312e-04,-5.2910774545e-06
250.350000,1.0001503089e-03,2.9132452944e-06
250.400000,9.9824459808e-04,8.1985281707e-06
250.450000,1.0005668740e-03,-1.0621029748e-05
250.500000,9.9985962696e-04,9.8724558671e-06
250.550000,1.0001903659e-03,9.6430336009e-07
250.600000,1.0011330639e-03,-4.0078804442e-06
250.650000,9.9757807902e-04,6.2123144687e-06
250.700000,9.9865399505e-04,-2.0417380518e-06
250.750000,1.0009191643e-03,1.5184654155e-05
250.800000,1.0005603603e-03,1.4390704355e-05
250.850000,1.0008031794e-03,4.3876237172e-06
250.900000,1.0011600634e-03,-1.4398879555e-05
250.950000,1.0008455929e-03,1.6696118553e-06
251.000000,1.0021956230e-03,2.2705513805e-07
251.050000,1.0013212872e-03,1.4646633261e-05
251.100000,9.9901633298e-04,9.8032079627e-06
251.150000,1.0007067131e-03,1.4172928154e-05
251.200000,1.0012445021e-03,5.8379591590e-06
251.250000,9.9890398050e-04,-1.3539427393e-06
251.300000,9.9963145472e-04,7.8960120638e-06
251.350000,1.0012435694e-03,6.8599066484e-06
251.400000,9.9840487106e-04,-1.2086015985e-05
251.450000,1.0010863078e-03,-7.9384706333e-06
251.500000,9.9977660052e-04,2.4495725885e-06
251.550000,9.9988505950e-04,1.3659700491e-05
251.600000,9.9906463787e-04,-6.9897329726e-06
251.650000,9.9970183093e-04,1.4958402228e-05
251.700000,9.9970487670e-04,-6.7570840075e-07
251.750000,9.9903971076e-04,-1.2828140786e-05
251.800000,9.9990589073e-04,-1.8685630710e-06
251.850000,9.9887035682e-04,-1.3075411364e-05
251.900000,9.9807835875e-04,-1.2737989438e-05
251.950000,1.0005888999e-03,1.9896189362e-06
252.000000,1.0000838816e-03,6.0232799953e-06
252.050000,1.0009448596e-03,6.3742994178e-07
252.100000,1.0012852650e-03,2.9641267293e-07
252.150000,9.9958292686e-04,1.1425217495e-05
252.200000,1.0007283808e-03,-1.9150105357e-06
252.250000,9.9814139388e-04,1.5080492509e-05
252.300000,9.9935710788e-04,-1.9763735266e-06
252.350000,9.9995876203e-04,1.1395345909e-05
252.400000,1.0008013175e-03,1.1416116659e-05
252.450000,1.0010331194e-03,-2.9273045491e-06
252.500000,9.9932030840e-04,-1.7485716998e-06
252.550000,1.0005435278e-03,5.5300437834e-06
252.600000,9.9877683011e-04,2.7375727831e-06
252.650000,1.0000647042e-03,-9.9484601630e-06
252.700000,9.9879115687e-04,7.2261484029e-06
252.750000,9.9840244237e-04,8.0968275455e-06
252.800000,9.9948290966e-04,-1.3247490670e-05
252.850000,1.0008742535e-03,-2.3621561652e-06
252.900000,9.9921420218e-04,3.7211530307e-06
252.950000,1.0014204334e-03,-8.3773143052e-06
253.000000,1.0005685360e-03,-1.2456540824e-05
253.050000,1.0022977130e-03,4.7781662656e-07
253.100000,1.0010875925e-03,6.4278835860e-06
253.150000,9.9969934541e-04,-2.1618510297e-06
253.200000,9.9927767708e-04,-3.8361111581e-06
253.250000,1.0003604652e-03,-1.9564687246e-05
253.300000,9.9953349611e-04,9.7101967185e-06
253.350000,9.9920421244e-04,-6.6578367794e-06
253.400000,9.9854781092e-04,1.1433725197e-05
253.450000,9.9995785451e-04,1.0465217428e-05
253.500000,1.0003041172e-03,-1.6766358625e-05
253.550000,9.9895049180e-04,-5.6912107399e-06
253.600000,9.9954133296e-04,-2.9248397444e-07
253.650000,1.0008980061e-03,5.6619003868e-06
253.700000,9.9972608655e-04,-8.4976632917e-06
253.750000,1.0006635403e-03,-5.0675758220e-06
253.800000,9.9880205946e-04,4.0385835473e-06
253.850000,1.0022115780e-03,8.6090524013e-07
253.900000,1.0005590229e-03,-9.8953206018e-06
253.950000,1.0028366099e-03,-1.3300354506e-05
254.000000,1.0020544767e-03,2.0839779044e-06
254.050000,1.0004530170e-03,7.3554784919e-07
254.100000,9.9915028404e-04,3.7709259789e-06
254.150000,1.0000416301e-03,8.7457142477e-07
254.200000,9.9954487634e-04,-6.4364255138e-07
254.250000,1.0009080868e-03,2.7527372369e-06
254.300000,9.9921070325e-04,8.8167632428e-06
254.350000,9.9760176893e-04,-2.4374305744e-05
254.400000,1.0007141602e-03,-5.3644224206e-06
254.450000,9.9922289232e-04,1.1522778218e-05
254.500000,9.9939058790e-04,1.0325243462e-05
254.550000,9.9879096812e-04,-1.5040924943e-05
254.600000,9.9893169598e-04,-3.8238068718e-06
254.650000,9.9908943872e-04,1.9662368890e-06
254.700000,1.0008508426e-03,-3.1231776255e-06
254.750000,9.9902103458e-04,6.2981638342e-06
254.800000,1.0008992413e-03,2.6524315914e-05
254.850000,9.9976696765e-04,-1.7069609073e-05
254.900000,9.9979618159e-04,7.6339970483e-06
254.950000,9.9954045426e-04,-8.9329203944e-06
255.000000,9.9973983537e-04,1.0758568151e-05
255.050000,9.9944966496e-04,-3.5507896336e-06
255.100000,1.0003623857e-03,5.0960971465e-06
255.150000,1.0002588694e-03,-5.5801314779e-06
255.200000,9.9953167426e-04,1.4293152845e-05
255.250000,9.9900178878e-04,-1.6531314776e-05
255.300000,9.9931467197e-04,-5.6424681538e-06
255.350000,1.0011363410e-03,-5.5815296489e-06
255.400000,1.0003236825e-03,7.9027857059e-06
255.450000,9.9839838090e-04,-5.1839789400e-06
255.500000,9.9999601527e-04,-2.0785528954e-06
255.550000,1.0000847643e-03,1.6716321115e-05
255.600000,9.9839305825e-04,-9.9598503571e-07
255.650000,1.0010635096e-03,-6.3729523674e-06
255.700000,1.0001747286e-03,-8.2951669463e-06
255.750000,1.0000834482e-03,9.7987901256e-06
255.800000,9.9821882683e-04,8.8059514708e-06
255.850000,9.9917615760e-04,-7.9604232340e-06
255.900000,1.0013469632e-03,-3.8346855777e-06
255.950000,1.0002454045e-03,2.1541600531e-05
256.000000,9.9954412882e-04,-8.5510320107e-06
256.050000,1.0014726255e-03,-2.1288717473e-05
256.100000,1.0008787559e-03,1.2635973444e-05
256.150000,1.0002281941e-03,-2.2289020336e-06
256.200000,9.9661481267e-04,-4.3218913683e-06
256.250000,9.9913412314e-04,3.5054991220e-06
256.300000,1.0008921619e-03,-1.0885312443e-05
256.350000,9.9921036357e-04,8.9225461682e-07
256.400000,9.9844363726e-04,-3.6953007894e-06
256.450000,9.9913415664e-04,-6.1288976766e-06
256.500000,9.9799161031e-04,-7.0542969986e-06
256.550000,9.9907731711e-04,-1.7341818831e-05
256.600000,9.9875072250e-04,3.1782062633e-06
256.650000,1.0000801594e-03,-7.0594623024e-06
256.700000,9.9959012892e-04,1.8791795859e-06
256.750000,9.9899029124e-04,2.2294475167e-05
256.800000,9.9863876216e-04,-1.2064990799e-05
256.850000,1.0012448952e-03,1.8695944237e-05
256.900000,9.9908249720e-04,-2.0625669316e-05
256.950000,1.0014142717e-03,8.4467956170e-06
257.000000,9.9956675055e-04,9.3605288991e-06
257.050000,9.9996636219e-04,-5.1762213520e-06
257.100000,9.9937404064e-04,-6.6233162372e-06
257.150000,9.9873667916e-04,-5.4031998433e-06
257.200000,9.9965390873e-04,6.2893818723e-06
257.250000,1.0009178946e-03,4.9592636676e-06
257.300000,1.0011669042e-03,-3.1408304638e-06
257.350000,9.9974856959e-04,-1.0406010328e-06
257.400000,1.0002385537e-03,2.4552534189e-06
257.450000,1.0002079914e-03,4.7182121789e-08
257.500000,9.9846687088e-04,5.3045230094e-06
257.550000,9.9884374792e-04,7.2198876015e-06
257.600000,1.0010977286e-03,-1.3721576939e-05
257.650000,9.9978352025e-04,-2.9062426069e-05
257.700000,9.9998908437e-04,1.5376425320e-05
257.750000,9.9875750646e-04,-6.1753738959e-06
257.800000,1.0014969858e-03,1.0413795089e-05
257.850000,9.9948352824e-04,-7.6701214630e-06
257.900000,1.0000252787e-03,1.0947099327e-05
257.950000,9.9862440635e-04,-3.6078476916e-06
258.000000,1.0008828166e-03,4.3815315916e-06
258.050000,1.0009431576e-03,-8.6603486434e-06
258.100000,1.0001979080e-03,4.2724144993e-06
258.150000,1.0007496803e-03,-9.3543536666e-06
258.200000,9.9930390691e-04,-7.1764216956e-07
258.250000,1.0002669975e-03,1.7241056041e-05
258.300000,9.9912756358e-04,-2.7886281143e-06
258.350000,1.0018072798e-03,3.9261759437e-06
258.400000,9.9782723070e-04,6.4543930089e-06
258.450000,1.0000415886e-03,1.0903136698e-05
258.500000,1.0014404445e-03,-9.3148779997e-06
258.550000,1.0000756117e-03,1.0740668044e-06
258.600000,1.0013851218e-03,-1.1250894750e-05
258.650000,1.0006774175e-03,4.7884951734e-06
258.700000,9.9935412630e-04,-2.6471045227e-06
258.750000,9.9936321193e-04,-7.2652246839e-07
258.800000,9.9958005810e-04,1.0965748310e-06
258.850000,9.9856263544e-04,-9.9367760708e-06
258.900000,9.9935200286e-04,1.9345539344e-06
258.950000,9.9937801268e-04,1.7738063297e-05
259.000000,1.0012936661e-03,2.8980742669e-06
259.050000,9.9902260381e-04,5.2207709451e-06
259.100000,9.9996382671e-04,-3.3531525651e-06
259.150000,9.9863329529e-04,-1.4861011836e-05
259.200000,9.9943171186e-04,3.5585263572e-06
259.250000,1.0001142635e-03,8.9541148490e-06
259.300000,1.0006459979e-03,8.4920013102e-07
259.350000,1.0002591091e-03,6.5882023068e-06
259.400000,1.0004191365e-03,1.3645424860e-05
259.450000,1.0000437835e-03,-1.7066439785e-05
259.500000,1.0007331613e-03,-1.3943317298e-07
259.550000,9.9952687728e-04,6.2390811885e-06
259.600000,1.0006027392e-03,1.8151538814e-06
259.650000,9.9849774108e-04,6.9578302996e-07
259.700000,9.9947570078e-04,7.4692114585e-06
259.750000,1.0001686132e-03,1.3463067969e-05
259.800000,9.9899999571e-04,8.0884145552e-06
259.850000,9.9984976984e-04,-1.5418363550e-05
259.900000,1.0006319057e-03,1.4104350728e-05
259.950000,1.0004019029e-03,-6.0501538496e-06
260.000000,9.9917298777e-04,1.8880842639e-05
260.050000,9.9935627758e-04,-6.8875476044e-06
260.100000,1.0004150949e-03,-4.5679883097e-07
260.150000,1.0007596269e-03,-7.6014957821e-06
260.200000,9.9934255383e-04,2.8762744227e-06
260.250000,9.9951270798e-04,-1.9149648558e-05
260.300000,9.9807353475e-04,-2.4782856216e-06
260.350000,9.9965523456e-04,1.2422338089e-06
260.400000,9.9958821152e-04,4.8225649182e-06
260.450000,9.9951521289e-04,4.6928793091e-06
260.500000,9.9994773855e-04,2.8214165223e-06
260.550000,1.0003313281e-03,-2.8755578193e-06
260.600000,9.9931995705e-04,-5.9694600788e-06
260.650000,1.0016842935e-03,1.1997533806e-05
260.700000,9.9924144150e-04,1.4465898584e-05
260.750000,9.9946407475e-04,4.0436907408e-06
260.800000,9.9991137105e-04,-4.7535481671e-06
260.850000,9.9991718505e-04,-9.2085980157e-08
260.900000,1.0003782628e-03,1.0504067559e-05
260.950000,9.9995312667e-04,7.1854612826e-07
261.000000,9.9910438504e-04,-4.9435019769e-08
261.050000,9.9965492034e-04,-3.8954972085e-06
261.100000,9.9938942985e-04,1.7552939980e-05
261.150000,1.0010799231e-03,6.6020767177e-06
261.200000,1.0023480151e-03,-4.2544885858e-06
261.250000,1.0021440475e-03,8.5540161283e-06
261.300000,9.9958028266e-04,1.1647746706e-05
261.350000,9.9990007163e-04,-7.3726216112e-06
261.400000,1.0002541471e-03,-8.4310844781e-06
261.450000,9.9741612553e-04,1.1143020931e-05
261.500000,1.0002072854e-03,8.9501942058e-06
261.550000,1.0013631978e-03,5.4995855501e-06
261.600000,1.0002048277e-03,1.0842615630e-05
261.650000,1.0004597416e-03,-7.3390279146e-06
261.700000,1.0005798097e-03,-2.9981898185e-06
261.750000,1.0001366315e-03,-1.6305868237e-05
261.800000,1.0009597992e-03,1.6546228181e-06
261.850000,9.9953963089e-04,-1.0827460150e-05
261.900000,1.0005680553e-03,-4.1624600669e-06
261.950000,1.0003244328e-03,5.4505523513e-06
262.000000,9.9905783035e-04,-1.6839725127e-06
262.050000,9.9854363597e-04,-7.3178417303e-06
262.100000,9.9886823125e-04,-3.7498951976e-07
262.150000,1.0000240171e-03,7.7891932905e-06
262.200000,1.0008802776e-03,1.5188055925e-07
262.250000,9.9896872221e-04,2.0271828189e-06
262.300000,1.0000541822e-03,9.0029990975e-06
262.350000,1.0002481920e-03,2.8391224037e-06
262.400000,9.9973497247e-04,7.1106705047e-07
262.450000,1.0007837487e-03,1.1908190961e-06
262.500000,1.0003005394e-03,1.9082172456e-06
262.550000,1.0007103354e-03,-4.4485786525e-06
262.600000,9.9991065051e-04,4.4818587815e-06
262.650000,1.0002739008e-03,4.8532851938e-06
262.700000,9.9907002659e-04,1.5668519695e-05
262.750000,9.9974078292e-04,8.7405518217e-06
262.800000,9.9862382878e-04,1.4095102119e-06
262.850000,9.9991235903e-04,-1.2367188661e-06
262.900000,9.9948327871e-04,-1.2031889250e-05
262.950000,1.0009091119e-03,4.4224126325e-06
263.000000,1.0000022169e-03,1.3884361078e-05
263.050000,1.0017409964e-03,-2.3329960384e-05
263.100000,1.0014913574e-03,-1.5021347342e-05
263.150000,1.0001547413e-03,7.3257530788e-06
263.200000,1.0013858655e-03,-1.3449682697e-05
263.250000,1.0001211109e-03,-3.8355609569e-07
263.300000,9.9916848778e-04,9.2178519737e-06
263.350000,1.0004312216e-03,8.3331372863e-07
263.400000,1.0000301873e-03,8.5170004209e-06
263.450000,9.9991774565e-04,-7.7067623612e-06
263.500000,9.9923277931e-04,2.0410843253e-07
263.550000,1.0006910287e-03,-1.6203388750e-06
263.600000,9.9940555126e-04,1.9922376238e-05
263.650000,1.0003179523e-03,4.3438125777e-06
263.700000,1.0002924280e-03,-1.9636087801e-05
263.750000,9.9996642594e-04,2.9848520259e-06
263.800000,9.9879589615e-04,2.7983569669e-06
263.850000,1.0007709146e-03,1.8096162086e-05
263.900000,9.9923778270e-04,3.7965915557e-06
263.950000,9.9943311457e-04,8.7488610129e-06
264.000000,9.9947625660e-04,-1.7984768971e-06
264.050000,1.0017173764e-03,2.2600833837e-05
264.100000,1.0003392113e-03,-1.5571576743e-05
264.150000,9.9873939081e-04,-4.1481184300e-06
264.200000,9.9933824057e-04,7.2348191315e-07
264.250000,1.0006536798e-03,-1.7981719174e-05
264.300000,9.9945404633e-04,-1.1382856596e-05
264.350000,9.9880404766e-04,-4.6649574237e-06
264.400000,9.9994382571e-04,-9.6886116283e-06
264.450000,9.9999379497e-04,2.4836593398e-05
264.500000,1.0008580511e-03,4.7722726330e-06
264.550000,9.9977630195e-04,2.3583027854e-07
264.600000,1.0002938971e-03,6.8837100965e-06
264.650000,9.9899852535e-04,9.6564576192e-06
264.700000,1.0005170921e-03,-9.4231758570e-06
264.750000,1.0008108973e-03,-2.4680870679e-07
264.800000,9.9878346912e-04,2.8345294193e-06
264.850000,9.9966006767e-04,4.8710261849e-06
264.900000,9.9986641653e-04,1.2299821134e-05
264.950000,1.0016229037e-03,2.8554400580e-05
265.000000,1.0009947152e-03,1.9037356528e-05
265.050000,1.0005762738e-03,-1.5097356512e-05
265.100000,9.9980225746e-04,2.5303435148e-06
265.150000,9.9946626928e-04,-7.2875015579e-06
265.200000,9.9873379252e-04,4.3830196247e-06
265.250000,9.9896132546e-04,-7.9846218044e-06
265.300000,1.0012131505e-03,-6.4330995835e-06
265.350000,1.0011306564e-03,4.0681921060e-06
265.400000,1.0018168718e-03,-1.7064792340e-05
265.450000,1.0015758696e-03,-8.8044686096e-06
265.500000,9.9866621970e-04,8.5575632170e-06
265.550000,9.9946184198e-04,1.0474140810e-05
265.600000,1.0002163791e-03,-1.5481456516e-05
265.650000,9.9846339022e-04,2.5320235346e-05
265.700000,1.0009585226e-03,-2.2337358812e-07
265.750000,1.0007381796e-03,-1.7824389301e-05
265.800000,1.0004586385e-03,-5.2870402530e-06
265.850000,1.0006429015e-03,2.3881984565e-07
265.900000,9.9995961764e-04,5.0588614583e-06
265.950000,9.9907676455e-04,8.9041006159e-06
266.000000,1.0001630372e-03,-5.4208435338e-06
266.050000,1.0000703439e-03,-8.7861218578e-07
266.100000,1.0010416070e-03,-1.2379551109e-06
266.150000,1.0002885361e-03,-1.0871030154e-05
266.200000,9.9752847293e-04,1.3151484342e-05
266.250000,1.0001964285e-03,1.2505988755e-06
266.300000,9.9965302938e-04,3.9863651876e-06
266.350000,9.9892032254e-04,-7.6700071683e-06
266.400000,1.0021197661e-03,7.2235305042e-07
266.450000,9.9906852221e-04,-7.4968015310e-06
266.500000,9.9737179944e-04,5.9470877325e-06
266.550000,1.0006240261e-03,7.9930062272e-06
266.600000,9.9912424023e-04,-1.9291180971e-06
266.650000,1.0009243680e-03,6.8553249525e-06
266.700000,1.0008467763e-03,1.0173755546e-06
266.750000,1.0005043021e-03,-8.7146797990e-06
266.800000,1.0028416826e-03,-1.4940733408e-06
266.850000,1.0008395109e-03,-8.0649314007e-06
266.900000,1.0008689154e-03,-1.4388577619e-05
266.950000,1.0000645376e-03,-9.4295110621e-06
267.000000,9.9924232721e-04,-1.4407955412e-05
267.050000,9.9967415361e-04,-8.2263763633e-06
267.100000,9.9991802991e-04,1.0631022436e-05
267.150000,9.9920830251e-04,-3.3007554306e-06
267.200000,1.0008945764e-03,1.0313337261e-05
267.250000,9.9886879291e-04,-5.9631144069e-06
267.300000,9.9971648418e-04,-8.1086757234e-06
267.350000,9.9888467729e-04,-5.7582653233e-06
267.400000,1.0015452462e-03,2.3321151222e-06
267.450000,1.0007774330e-03,1.3593689858e-05
267.500000,1.0002644332e-03,2.1321526548e-05
267.550000,9.9919993787e-04,1.3859952672e-05
267.600000,1.0007163891e-03,3.9269985941e-06
267.650000,9.9965682840e-04,-2.0129603726e-05
267.700000,9.9976699519e-04,7.4781135403e-06
267.750000,1.0015412570e-03,-3.5557586764e-06
267.800000,1.0009660598e-03,-2.7417712184e-06
267.850000,1.0015006579e-03,-8.7732693982e-07
267.900000,9.9989859423e-04,7.1281041339e-06
267.950000,9.9840201435e-04,1.8363762821e-06
268.000000,9.9916415714e-04,-1.5606419956e-05
268.050000,1.0020971395e-03,-1.4760627253e-05
268.100000,9.9965641660e-04,-7.2567203500e-06
268.150000,9.9884876006e-04,-1.2667248761e-05
268.200000,1.0009521943e-03,-1.0610202371e-06
268.250000,9.9883227558e-04,-1.3753464286e-05
268.300000,1.0017578657e-03,4.4785370617e-06
268.350000,1.0004030923e-03,4.7417227059e-06
268.400000,9.9947956294e-04,8.6928167234e-06
268.450000,9.9894664596e-04,-6.1260674175e-07
268.500000,1.0017053085e-03,-4.8599919501e-07
268.550000,1.0008736107e-03,-2.3064270584e-06
268.600000,9.9918228241e-04,1.0302124262e-05
268.650000,9.9960294562e-04,3.7362924444e-06
268.700000,1.0006703275e-03,-3.8162021845e-06
268.750000,9.9907321643e-04,8.7691476814e-07
268.800000,1.0000712892e-03,2.0367466467e-06
268.850000,1.0009776613e-03,2.8458925929e-06
268.900000,1.0003435031e-03,-3.4880154109e-06
268.950000,9.9942815350e-04,3.9792473441e-06
269.000000,1.0002061785e-03,-7.8921816409e-06
269.050000,1.0009935383e-03,-8.0401596666e-06
269.100000,9.9923761551e-04,-9.7709997466e-06
269.150000,1.0028899118e-03,-8.4033960333e-06
269.200000,1.0004420073e-03,5.0031056344e-06
269.250000,1.0017721533e-03,1.1920737200e-05
269.300000,9.9867947741e-04,2.3061401402e-05
269.350000,9.9874372748e-04,-2.0553014575e-06
269.400000,1.0002393383e-03,-7.9477534782e-06
269.450000,1.0015580972e-03,6.4982896108e-06
269.500000,1.0016106392e-03,-1.2639450778e-05
269.550000,9.9833046478e-04,-3.0477939162e-06
269.600000,9.9886448387e-04,-1.7381387879e-06
269.650000,9.9970443168e-04,2.5233564527e-06
269.700000,1.0002252601e-03,1.7976913403e-06
269.750000,1.0005093969e-03,-3.0894811433e-06
269.800000,9.9969209285e-04,-6.9929587663e-06
269.850000,1.0004998494e-03,1.5104940235e-05
269.900000,1.0007450927e-03,2.6034575654e-06
269.950000,9.9904694223e-04,1.2325395929e-05
270.000000,1.0022266388e-03,-1.2755299527e-05
270.050000,9.9864207872e-04,-8.8451077284e-06
270.100000,9.9858270548e-04,2.0934453162e-06
270.150000,1.0000918459e-03,9.2329110472e-06
270.200000,9.9828790307e-04,-3.9962684786e-07
270.250000,9.9884088745e-04,4.3430590886e-06
270.300000,1.0010647082e-03,1.2368779975e-06
270.350000,1.0000704452e-03,2.4661453803e-06
270.400000,9.9985168676e-04,7.0680854918e-06
270.450000,9.9853042820e-04,1.6516357951e-05
270.500000,9.9859264590e-04,6.8330074034e-07
270.550000,9.9915259943e-04,-1.1076774842e-05
270.600000,1.0006014079e-03,-7.9792976139e-06
270.650000,1.0008977474e-03,1.0412616046e-05
270.700000,1.0007662605e-03,-8.3406744428e-06
270.750000,1.0014264862e-03,-7.5840371097e-06
270.800000,9.9836933808e-04,3.7046157586e-06
270.850000,1.0008731762e-03,1.7718198400e-05
270.900000,1.0015436068e-03,3.2438210406e-06
270.950000,9.9930342296e-04,-1.7839132246e-06
271.000000,9.9861228925e-04,-1.7187325873e-05
271.050000,9.9954777880e-04,-6.9084675386e-06
271.100000,1.0015788595e-03,-6.1261772259e-06
271.150000,1.0010445251e-03,1.5999246359e-05
271.200000,9.9901556799e-04,8.5094137031e-06
271.250000,1.0012672908e-03,-2.8150013516e-06
271.300000,9.9991785216e-04,-5.0398327194e-06
271.350000,1.0000372343e-03,-3.2209485105e-06
271.400000,1.0004856865e-03,-1.7147484047e-05
271.450000,9.9933481074e-04,-1.8746990313e-05
271.500000,9.9903301342e-04,-1.1412302025e-05
271.550000,1.0002930471e-03,7.0584739011e-06
271.600000,9.9980903579e-04,-1.4643563431e-06
271.650000,1.0003982074e-03,2.1412002390e-05
271.700000,1.0005418277e-03,2.3931545069e-06
271.750000,1.0012012356e-03,5.9814617211e-06
271.800000,1.0010545335e-03,1.0450380920e-05
271.850000,1.0000760987e-03,-1.0925749605e-06
271.900000,1.0013684874e-03,1.6314050528e-05
271.950000,1.0015511817e-03,2.7524958295e-05
272.000000,1.0024841879e-03,5.8122115835e-06
272.050000,1.0009935379e-03,6.3353236345e-06
272.100000,1.0026256048e-03,-5.6930992814e-06
272.150000,9.9992841360e-04,-2.1924395747e-06
272.200000,1.0003905464e-03,-5.8696877718e-06
272.250000,9.9854201029e-04,7.5698515886e-06
272.300000,1.0002215693e-03,8.8420226675e-08
272.350000,9.9879822278e-04,1.1120183458e-06
272.400000,1.0004468517e-03,-1.0443384854e-06
272.450000,1.0004007650e-03,9.2489251964e-06
272.500000,1.0004840332e-03,-1.7823139386e-05
272.550000,9.9918630889e-04,2.0744725267e-05
272.600000,9.9899203226e-04,-7.9406954516e-07
272.650000,9.9915165357e-04,-1.1861047125e-05
272.700000,1.0008364098e-03,1.9846919167e-05
272.750000,1.0021055523e-03,8.3206081036e-06
272.800000,1.0015869797e-03,-9.5022405598e-06
272.850000,1.0006682246e-03,-8.5192128901e-06
272.900000,1.0010080209e-03,-1.1093183773e-05
272.950000,1.0021522835e-03,-2.2615146661e-05
273.000000,9.9989646102e-04,8.9958290652e-06
273.050000,1.0000061135e-03,-1.2227235949e-05
273.100000,1.0005707997e-03,-1.0573258324e-05
273.150000,9.9954740046e-04,-9.3678804292e-06
273.200000,1.0003117547e-03,1.2453156183e-05
273.250000,1.0004450811e-03,-1.0378070408e-05
273.300000,1.0009757204e-03,2.7797402533e-06
273.350000,1.0021401006e-03,3.0133104151e-06
273.400000,1.0003912139e-03,2.8191220796e-06
273.450000,1.0016279024e-03,2.5993030140e-05
273.500000,9.9918173177e-04,1.9092424930e-05
273.550000,1.0000818398e-03,-1.3638175382e-05
273.600000,9.9904120465e-04,8.2403346538e-08
273.650000,1.0000765161e-03,-6.6626635830e-06
273.700000,1.0015006560e-03,-8.3836399486e-06
273.750000,9.9914289653e-04,-1.5527785548e-06
273.800000,1.0009328324e-03,-1.1435710043e-05
273.850000,9.9923637189e-04,-3.9882132918e-06
273.900000,9.9861359227e-04,-7.3338408646e-06
273.950000,1.0021168597e-03,4.8993302492e-06
274.000000,9.9912457833e-04,1.0923101652e-05
274.050000,1.0027781381e-03,-1.5990831675e-05
274.100000,1.0018509464e-03,1.1072280742e-05
274.150000,9.9981454663e-04,-5.1632498444e-06
274.200000,1.0022677279e-03,-1.6361447943e-05
274.250000,1.0003347565e-03,-3.5579519980e-07
274.300000,9.9866628388e-04,7.8367703165e-06
274.350000,9.9884552191e-04,-1.6772665458e-06
274.400000,1.0015190276e-03,2.2188636961e-07
274.450000,1.0011416833e-03,-7.5143828980e-07
274.500000,9.9795957564e-04,5.5577997814e-06
274.550000,9.9972100791e-04,1.4995882373e-05
274.600000,1.0005269319e-03,-1.1854981914e-05
274.650000,1.0002782221e-03,1.7939185478e-05
274.700000,9.9926144325e-04,1.9281735496e-05
274.750000,1.0009338067e-03,-1.0973539040e-05
274.800000,1.0007905322e-03,9.7933551135e-06
274.850000,1.0007008902e-03,-1.7903906634e-06
274.900000,9.9967518217e-04,8.7682921814e-06
274.950000,1.0010027855e-03,1.1913007143e-05
275.000000,9.9934952311e-04,5.9995160716e-06
275.050000,9.9954241206e-04,-9.3422901597e-06
275.100000,1.0012383616e-03,-1.2364900303e-05
275.150000,9.9932325196e-04,1.1003632339e-05
275.200000,1.0004103650e-03,-6.1724067947e-07
275.250000,9.9935936037e-04,-3.9306728929e-06
275.300000,9.9995712858e-04,2.1986210944e-06
275.350000,9.9939469607e-04,3.7418819595e-06
275.400000,1.0006972504e-03,-8.8680283268e-06
275.450000,1.0003039802e-03,6.9675653190e-06
275.500000,9.9862122172e-04,5.3221815502e-06
275.550000,9.9904846520e-04,-6.7810426654e-06
275.600000,1.0000334908e-03,-2.9451909084e-05
275.650000,9.9966678106e-04,1.1015093866e-05
275.700000,9.9930769319e-04,-1.2039614364e-05
275.750000,1.0004381138e-03,6.2480863035e-06
275.800000,9.9930820941e-04,-9.3200970806e-06
275.850000,9.9917454890e-04,2.0464496836e-06
275.900000,9.9939109164e-04,6.6861001220e-06
275.950000,9.9801000444e-04,1.7626080592e-05
276.000000,1.0010272594e-03,-1.1822337304e-06
276.050000,1.0003685940e-03,-1.1288164300e-06
276.100000,9.9963084340e-04,-4.9980296262e-06
276.150000,1.0001894491e-03,-3.3654444323e-06
276.200000,1.0018319399e-03,-1.9207693337e-06
276.250000,9.9939670359e-04,-2.3757349284e-06
276.300000,1.0019992806e-03,3.2473685844e-06
276.350000,1.0003644081e-03,-1.0268289231e-05
276.400000,9.9926780048e-04,4.2404425468e-06
276.450000,9.9917583202e-04,-9.8280345543e-06
276.500000,9.9976583231e-04,-1.0821635236e-06
276.550000,1.0013437504e-03,-1.4837113485e-06
276.600000,9.9970510887e-04,1.9763678376e-05
276.650000,9.9975250513e-04,1.1600201091e-05
276.700000,1.0004218072e-03,5.7611865407e-06
276.750000,1.0001716986e-03,-5.6970653494e-06
276.800000,9.9790768947e-04,8.9711047389e-07
276.850000,9.9938398088e-04,-4.9041429367e-06
276.900000,1.0003263748e-03,-2.7769665470e-06
276.950000,9.9891948897e-04,-3.5842437632e-06
277.000000,9.9938753324e-04,7.3800992733e-07
277.050000,9.9908847072e-04,-5.2476537398e-06
277.100000,1.0003534106e-03,-9.8755547350e-06
277.150000,9.9914675984e-04,1.2488557823e-06
277.200000,1.0001927805e-03,-2.7977979648e-06
277.250000,1.0005962843e-03,8.9351604361e-06
277.300000,9.9947028392e-04,-1.2339666575e-05
277.350000,1.0023848253e-03,9.7998551427e-06
277.400000,9.9852479117e-04,1.0670283926e-05
277.450000,9.9976348000e-04,-6.1759636909e-06
277.500000,1.0006755070e-03,2.3067585828e-05
277.550000,9.9871955130e-04,-5.2344229373e-06
277.600000,9.9922685657e-04,-8.1689646172e-06
277.650000,9.9973314437e-04,-1.4927273637e-05
277.700000,9.9762606756e-04,9.1508299665e-06
277.750000,1.0006957712e-03,-3.9732404496e-06
277.800000,9.9957858125e-04,7.4473734425e-06
277.850000,9.9995833486e-04,-1.6648833339e-05
277.900000,1.0007609839e-03,4.1597606009e-06
277.950000,1.0012297771e-03,1.0063519204e-05
278.000000,1.0001188870e-03,4.1048607165e-07
278.050000,9.9991170894e-04,7.8143145355e-06
278.100000,1.0015885461e-03,-8.8788493067e-06
278.150000,9.9969808296e-04,1.4692549741e-05
278.200000,1.0006347320e-03,8.5275707903e-06
278.250000,9.9936455028e-04,-2.5187091894e-07
278.300000,1.0012492885e-03,-1.9496244982e-06
278.350000,9.9975912589e-04,-2.1486842828e-06
278.400000,9.9953828484e-04,9.8327554612e-06
278.450000,9.9974193117e-04,-2.9785562453e-05
278.500000,9.9982908799e-04,-2.3248105846e-05
278.550000,9.9926480805e-04,-1.7013795704e-05
278.600000,1.0009606826e-03,-1.4642519980e-05
278.650000,9.9913808515e-04,1.6231231458e-05
278.700000,1.0008848024e-03,-7.1966777395e-06
278.750000,1.0020321774e-03,-1.0827945105e-05
278.800000,1.0008512830e-03,-2.6740108045e-06
278.850000,1.0005889486e-03,2.6331547930e-06
278.900000,9.9851977799e-04,-1.3354914638e-05
278.950000,1.0003883819e-03,-1.5500281873e-05
279.000000,1.0003233521e-03,-4.8235563168e-06
279.050000,9.9988906837e-04,-4.4746855962e-06
279.100000,1.0002211070e-03,-7.5129207985e-06
279.150000,1.0002268103e-03,-1.8251076248e-05
279.200000,9.9961922452e-04,5.7031983714e-07
279.250000,1.0007852458e-03,-6.3871355162e-06
279.300000,1.0000675727e-03,9.7512403687e-06
279.350000,1.0003747693e-03,1.5187672881e-05
279.400000,9.9992588019e-04,-7.3099061387e-06
279.450000,9.9923758646e-04,-1.1827116461e-05
279.500000,1.0016368169e-03,-5.9193955282e-06
279.550000,1.0004084007e-03,8.2348142905e-06
279.600000,1.0009066804e-03,-3.4111226002e-06
279.650000,9.9982356772e-04,-6.7979218734e-06
279.700000,9.9810258016e-04,-6.0415619548e-06
279.750000,1.0005398115e-03,2.1504352465e-05
279.800000,1.0006526348e-03,-6.9343138004e-06
279.850000,9.9900767692e-04,2.9720869794e-06
279.900000,9.9877863214e-04,-1.5018719883e-05
279.950000,9.9876306450e-04,-1.0822692135e-05
280.000000,1.0009408236e-03,1.0068881775e-05
280.050000,1.0008005484e-03,-1.3533287436e-05
280.100000,9.9980116431e-04,-2.4675285346e-06
280.150000,1.0015482021e-03,-1.4283521194e-05
280.200000,1.0008907265e-03,8.6591298273e-06
280.250000,1.0006512306e-03,5.2625594890e-06
280.300000,9.9861951064e-04,-9.6357868161e-06
280.350000,9.9925934075e-04,1.8168908570e-06
280.400000,9.9965490012e-04,-1.2813806974e-05
280.450000,9.9987186061e-04,4.7569517745e-06
280.500000,9.9831547192e-04,-7.0424790503e-06
280.550000,1.0007050392e-03,1.0434475777e-05
280.600000,1.0007642307e-03,-8.5002791961e-06
280.650000,9.9986711938e-04,1.8847926441e-06
280.700000,9.9930520212e-04,5.2767278228e-06
280.750000,1.0007791309e-03,-1.7993180928e-05
280.800000,9.9815255273e-04,7.8569091682e-07
280.850000,9.9952962082e-04,2.5496023660e-05
280.900000,9.9951288903e-04,7.7295694214e-06
280.950000,1.0005433975e-03,-7.1667370371e-06
281.000000,9.9822137175e-04,1.7501299514e-06
281.050000,1.0003626666e-03,-1.2435597082e-05
281.100000,9.9993239818e-04,1.1506491432e-05
281.150000,9.9974839067e-04,-6.8146234724e-06
281.200000,1.0001584764e-03,-4.5607008873e-07
281.250000,9.9958833964e-04,7.8450884199e-06
281.300000,9.9935791012e-04,-4.1717813504e-06
281.350000,1.0002413870e-03,2.9402006708e-05
281.400000,9.9918631643e-04,5.5746945032e-06
281.450000,1.0015340242e-03,-1.8960173766e-06
281.500000,1.0015213640e-03,1.2763741675e-05
281.550000,1.0012486868e-03,-1.1015454728e-06
281.600000,1.0001787794e-03,5.7480966407e-06
281.650000,1.0015623914e-03,6.5061615609e-06
281.700000,9.9933604358e-04,-1.9796549644e-06
281.750000,1.0002918692e-03,6.5197875884e-06
281.800000,1.0014678411e-03,8.1161224346e-06
281.850000,9.9970482322e-04,-5.6756642400e-06
281.900000,9.9940637745e-04,-2.8792733349e-06
281.950000,1.0004451688e-03,3.4489133936e-06
282.000000,9.9977419937e-04,1.1913106824e-05
282.050000,9.9952341694e-04,-5.9744438764e-06
282.100000,1.0012874979e-03,1.4697544631e-05
282.150000,1.0007914296e-03,1.2731438851e-05
282.200000,1.0010001665e-03,5.8244113290e-06
282.250000,1.0001759282e-03,6.5756569926e-06
282.300000,9.9966308977e-04,-7.5263340918e-06
282.350000,9.9885190218e-04,5.2210908286e-06
282.400000,9.9947778641e-04,-2.2460920407e-06
282.450000,9.9939067279e-04,-2.0516491112e-06
282.500000,1.0016904751e-03,-3.8343759609e-06
282.550000,9.9961070082e-04,-1.4783296375e-05
282.600000,1.0003942058e-03,8.3502083053e-06
282.650000,1.0000388326e-03,9.4065461083e-06
282.700000,9.9833761757e-04,6.9706773010e-06
282.750000,9.9967573252e-04,-1.9096524857e-06
282.800000,1.0012969355e-03,1.5263992899e-05
282.850000,9.9987851894e-04,-9.5243573247e-06
282.900000,9.9937122239e-04,1.0881153406e-05
282.950000,9.9963500076e-04,1.5419121802e-05
283.000000,9.9926272700e-04,-1.3590076592e-06
283.050000,1.0000845962e-03,1.1149765301e-05
283.100000,1.0001665030e-03,-7.5589737782e-06
283.150000,9.9860197133e-04,5.7189635543e-06
283.200000,1.0006081051e-03,-2.7255817260e-06
283.250000,1.0006702685e-03,4.8423994886e-06
283.300000,9.9974707260e-04,-2.7407679131e-06
283.350000,9.9774101410e-04,-4.2124842758e-06
283.400000,1.0001725299e-03,-1.6182648553e-06
283.450000,1.0016785524e-03,-5.1436695367e-06
283.500000,1.0009068696e-03,-1.0756433501e-05
283.550000,1.0000264902e-03,5.2764426750e-06
283.600000,1.0003180275e-03,-6.5808193017e-06
283.650000,1.0009198792e-03,-1.9140539993e-05
283.700000,9.9991690150e-04,1.4298761633e-06
283.750000,1.0001840265e-03,1.3818781094e-06
283.800000,1.0000055978e-03,7.0494770809e-06
283.850000,9.9925559868e-04,-1.6571886401e-05
283.900000,1.0012029458e-03,-8.9384066348e-06
283.950000,1.0004032878e-03,-1.2660059572e-05
284.000000,9.9992508228e-04,2.0140307244e-06
284.050000,9.9947169830e-04,-1.6863237522e-06
284.100000,9.9926104620e-04,-1.4421461582e-05
284.150000,9.9904566981e-04,1.3691079035e-05
284.200000,1.0005188371e-03,8.1011794069e-06
284.250000,9.9823861448e-04,7.8180250658e-06
284.300000,1.0006775103e-03,-1.0576420690e-05
284.350000,9.9868790561e-04,-3.4940856795e-06
284.400000,9.9941728835e-04,1.4957797139e-05
284.450000,1.0009509922e-03,2.2572213684e-05
284.500000,9.9920834403e-04,2.7206130580e-06
284.550000,1.0008655589e-03,5.0211710740e-06
284.600000,1.0005870714e-03,-8.4244585462e-06
284.650000,1.0000856203e-03,7.7120273203e-06
284.700000,9.9904697530e-04,6.9482126210e-06
284.750000,9.9976629472e-04,-6.1406979262e-06
284.800000,9.9969859231e-04,-5.4202598007e-07
284.850000,9.9676411075e-04,6.6295646131e-06
284.900000,1.0005508055e-03,8.7944143233e-06
284.950000,1.0001893567e-03,1.7732887012e-06
285.000000,1.0007476605e-03,-9.2744249387e-07
285.050000,9.9834992701e-04,2.2499440640e-06
285.100000,9.9893055517e-04,1.3595079805e-05
285.150000,9.9993106521e-04,2.9324645352e-06
285.200000,1.0020502330e-03,-7.6652950268e-07
285.250000,9.9954671154e-04,1.0336117169e-05
285.300000,1.0000222984e-03,-1.5498911031e-05
285.350000,1.0002622574e-03,-7.7882746531e-06
285.400000,9.9986565801e-04,2.4590311900e-05
285.450000,9.9894426572e-04,-7.6530432081e-06
285.500000,1.0017573173e-03,-3.3433057052e-06
285.550000,9.9810815318e-04,-2.6639205324e-06
285.600000,1.0003051244e-03,-3.8456907627e-06
285.650000,9.9868247189e-04,1.6263182897e-06
285.700000,9.9922308714e-04,-6.6490832185e-06
285.750000,1.0006359495e-03,6.9084474315e-06
285.800000,9.9881869417e-04,2.1300411684e-05
285.850000,9.9909296629e-04,3.6411668255e-06
285.900000,9.9923695474e-04,-1.7883555030e-06
285.950000,1.0004630136e-03,-7.8911938837e-06
286.000000,1.0003064655e-03,7.2084277741e-06
286.050000,1.0001677240e-03,1.1925195353e-06
286.100000,9.9922150531e-04,1.8922324030e-06
286.150000,1.0005014429e-03,2.2412912128e-05
286.200000,9.9957003474e-04,4.8061849825e-07
286.250000,9.9953231183e-04,3.9245630981e-06
286.300000,9.9909434951e-04,-1.4998027882e-05
286.350000,9.9866813572e-04,9.4290369920e-08
286.400000,9.9975228293e-04,-6.5115094249e-06
286.450000,9.9932461417e-04,1.1095798762e-05
286.500000,1.0004234372e-03,-6.0941642914e-06
286.550000,9.9984538628e-04,-1.1435893315e-05
286.600000,9.9938218053e-04,5.7555206420e-06
286.650000,9.9954572902e-04,-1.8241789216e-05
286.700000,9.9995341500e-04,7.4302578239e-06
286.750000,9.9988687065e-04,1.0783894479e-05
286.800000,1.0012011435e-03,9.1554727969e-06
286.850000,1.0006104591e-03,-4.7416528339e-06
286.900000,9.9775542458e-04,9.0768799068e-06
286.950000,1.0008959515e-03,-1.7747502961e-07
287.000000,9.9945139885e-04,1.7771652464e-06
287.050000,1.0006226648e-03,-4.3226615835e-06
287.100000,9.9987064515e-04,-1.2388560548e-05
287.150000,1.0014276605e-03,-2.2709116477e-05
287.200000,9.9986003797e-04,-3.1146707994e-06
287.250000,9.9832549719e-04,7.1540172905e-06
287.300000,9.9939336345e-04,5.8047675163e-06
287.350000,9.9967831309e-04,-8.6984240105e-06
287.400000,1.0006979352e-03,2.1751198600e-06
287.450000,1.0003527535e-03,-3.5379032523e-07
287.500000,9.9806165603e-04,-8.0195159781e-07
287.550000,1.0012480712e-03,8.1499932465e-06
287.600000,9.9982091142e-04,-4.4701818284e-07
287.650000,1.0000153272e-03,-3.7431935345e-06
287.700000,9.9959171007e-04,5.1325274579e-06
287.750000,9.9903628409e-04,1.7248246031e-05
287.800000,1.0001303453e-03,-7.4468295614e-08
287.850000,9.9988304047e-04,-2.4578748075e-06
287.900000,9.9821750141e-04,4.5733838937e-06
287.950000,1.0003227835e-03,1.5649440975e-05
288.000000,1.0008905717e-03,1.0359285208e-05
288.050000,9.9959446666e-04,1.3934447567e-05
288.100000,1.0013758247e-03,3.2565850877e-06
288.150000,9.9884285898e-04,-6.9108593303e-06
288.200000,1.0000058438e-03,6.7780427513e-07
288.250000,1.0000663008e-03,-6.8070620118e-06
288.300000,1.0003784951e-03,-5.9745231157e-06
288.350000,1.0007225781e-03,-1.5135943123e-05
288.400000,9.9927812513e-04,-9.2652671767e-06
288.450000,1.0001877830e-03,1.3751639742e-06
288.500000,1.0002666289e-03,5.9607108269e-06
288.550000,1.0006026638e-03,-1.9574433304e-06
288.600000,9.9952068217e-04,-5.0107824610e-06
288.650000,1.0010397458e-03,-2.5096982064e-06
288.700000,9.9899103442e-04,-2.4573415948e-06
288.750000,9.9991545477e-04,1.3660616185e-05
288.800000,1.0024825685e-03,-1.5175474686e-05
288.850000,9.9864006826e-04,-9.1047954646e-06
288.900000,1.0009955724e-03,3.5420383798e-06
288.950000,9.9982025420e-04,4.6437458649e-06
289.000000,1.0001174484e-03,1.1086862444e-05
289.050000,9.9914582199e-04,1.2332072176e-05
289.100000,9.9994086638e-04,2.1261328007e-05
289.150000,1.0010622080e-03,-9.5088562902e-06
289.200000,1.0004890173e-03,-8.2843995486e-07
289.250000,1.0003435535e-03,-4.5408637008e-06
289.300000,9.9991930407e-04,2.0286907177e-06
289.350000,1.0013653683e-03,-1.2037407170e-05
289.400000,9.9854444950e-04,7.4531559072e-06
289.450000,1.0000909672e-03,-9.8209530104e-06
289.500000,9.9897355258e-04,-1.3612531437e-06
289.550000,1.0010521399e-03,-1.1489932399e-05
289.600000,1.0002740036e-03,-1.9522422611e-05
289.650000,9.9814056577e-04,6.8756572176e-06
289.700000,9.9912224512e-04,3.0572727023e-06
289.750000,1.0002667843e-03,7.1455671076e-06
289.800000,1.0001896643e-03,-1.2862824436e-06
289.850000,1.0003991060e-03,1.2015678283e-05
289.900000,1.0006252801e-03,4.1938920233e-06
289.950000,1.0012088365e-03,1.2164870356e-06
290.000000,1.0015076507e-03,4.3388093436e-06
290.050000,1.0007704678e-03,-1.0367424446e-05
290.100000,9.9907274134e-04,-4.9240464839e-06
290.150000,1.0005411107e-03,-9.6337950499e-07
290.200000,9.9908012009e-04,1.0203472695e-05
290.250000,9.9793126874e-04,-8.7320109857e-06
290.300000,1.0000578874e-03,-1.3416322827e-05
290.350000,1.0015047606e-03,2.4632716035e-05
290.400000,9.9780044683e-04,8.7205818955e-06
290.450000,9.9920585254e-04,-2.7749119114e-05
290.500000,9.9996796773e-04,3.7146237940e-06
290.550000,9.9996646800e-04,-7.6499416873e-06
290.600000,1.0006704970e-03,2.7539171573e-06
290.650000,1.0005306647e-03,-6.3117174245e-06
290.700000,9.9965643546e-04,5.7792504092e-06
290.750000,9.9970283138e-04,-6.5790197767e-06
290.800000,9.9905141567e-04,1.1402886925e-07
290.850000,9.9877131298e-04,-2.2687316842e-06
290.900000,1.0000784552e-03,7.0826027652e-06
290.950000,1.0018655106e-03,2.2292590000e-06
291.000000,9.9893834998e-04,-1.2477929015e-06
291.050000,9.9953624224e-04,-1.4205484878e-05
291.100000,1.0005694306e-03,-1.5361327149e-05
291.150000,9.9798198170e-04,-6.5883870503e-06
291.200000,1.0020286252e-03,5.2705439822e-06
291.250000,1.0002403321e-03,-1.5708514681e-05
291.300000,1.0011666038e-03,-1.0107582336e-05
291.350000,9.9951459105e-04,8.0255042322e-06
291.400000,9.9924778458e-04,5.8031315772e-06
291.450000,9.9872012142e-04,-6.8402410531e-06
291.500000,1.0005722929e-03,-2.2642897654e-06
291.550000,1.0006169637e-03,3.6582630263e-06
291.600000,9.9896686682e-04,-3.2316122991e-06
291.650000,9.9905326039e-04,-6.4331957489e-07
291.700000,9.9881245439e-04,1.5156093239e-06
291.750000,9.9886864226e-04,-8.4271132648e-06
291.800000,1.0012918500e-03,1.8506509510e-06
291.850000,1.0000391779e-03,-6.7805940767e-06
291.900000,9.9803983171e-04,-1.0554934749e-05
291.950000,9.9963091050e-04,2.1179588386e-05
292.000000,1.0003632661e-03,-9.7095189400e-06
292.050000,9.9946786986e-04,4.9194189212e-06
292.100000,1.0011884397e-03,4.6071028273e-06
292.150000,1.0002870242e-03,5.9247751189e-06
292.200000,9.9974978735e-04,-1.7850726851e-06
292.250000,1.0009743761e-03,1.6059701469e-05
292.300000,1.0003536039e-03,1.2966905915e-05
292.350000,9.9864849408e-04,5.0880025658e-06
292.400000,9.9855034236e-04,-9.1584655006e-06
292.450000,9.9907886083e-04,6.0265205129e-07
292.500000,1.0014719265e-03,-1.2817592700e-05
292.550000,9.9877253078e-04,-3.4560771878e-06
292.600000,1.0001176012e-03,-4.4076588611e-06
292.650000,9.9916986167e-04,-5.6334458748e-06
292.700000,1.0004939984e-03,-1.3906380768e-06
292.750000,9.9848882944e-04,1.1598334253e-05
292.800000,9.9943272367e-04,-2.8465388178e-06
292.850000,9.9979791772e-04,-3.4339993775e-06
292.900000,1.0000429229e-03,-2.8735413662e-06
292.950000,1.0002766264e-03,1.7331506208e-05
293.000000,1.0011126987e-03,7.6468084233e-06
293.050000,1.0000688906e-03,3.8504879278e-06
293.100000,1.0012888277e-03,-6.5182539149e-06
293.150000,1.0000685079e-03,-9.8685020956e-06
293.200000,1.0007726174e-03,-7.5483421462e-06
293.250000,1.0001216416e-03,-5.3588137085e-06
293.300000,1.0013027079e-03,-1.1616353159e-06
293.350000,1.0016703982e-03,8.9415283770e-06
293.400000,1.0001177721e-03,-5.7455997563e-06
293.450000,1.0009396590e-03,1.2534413207e-05
293.500000,9.9950405871e-04,5.4568234937e-07
293.550000,1.0002248706e-03,1.7738774465e-06
293.600000,1.0006805724e-03,4.5882035084e-06
293.650000,9.9993581451e-04,4.6251361250e-06
293.700000,1.0002227941e-03,-3.2641511389e-06
293.750000,1.0003294063e-03,5.4559129908e-06
293.800000,1.0004357305e-03,5.4873218887e-06
293.850000,9.9935323420e-04,3.0637475539e-06
293.900000,9.9981086760e-04,-2.6555077564e-05
293.950000,9.9910029626e-04,3.2329848456e-06
294.000000,1.0001330577e-03,-1.4962143263e-05
294.050000,9.9811920171e-04,2.4845037143e-06
294.100000,9.9984696874e-04,2.5907781821e-06
294.150000,9.9985269035e-04,3.4604612892e-06
294.200000,1.0007109593e-03,-9.8506744211e-07
294.250000,1.0005540427e-03,8.7423522775e-06
294.300000,1.0006883508e-03,6.1517607679e-06
294.350000,9.9980814735e-04,1.6647407353e-05
294.400000,9.9988791143e-04,-2.3662498682e-05
294.450000,9.9912895755e-04,-1.6735857031e-05
294.500000,1.0007405297e-03,1.3128953247e-05
294.550000,9.9961732857e-04,-1.0260217686e-05
294.600000,1.0006620753e-03,-4.6604827362e-06
294.650000,1.0005966898e-03,-1.6462965349e-05
294.700000,9.9916046941e-04,-6.7475988009e-06
294.750000,9.9982934315e-04,-1.8952183153e-05
294.800000,1.0002285028e-03,2.1386891567e-05
294.850000,9.9884738376e-04,9.0317268961e-07
294.900000,9.9958692865e-04,1.1514207447e-05
294.950000,1.0005195480e-03,1.4899193198e-06
295.000000,9.9808652121e-04,2.9033816674e-06
295.050000,9.9893924409e-04,-2.4536728837e-05
295.100000,1.0006919371e-03,-4.8415920085e-06
295.150000,1.0000145283e-03,2.2101627901e-05
295.200000,9.9781334222e-04,1.5931738934e-05
295.250000,9.9986994791e-04,1.5636148166e-05
295.300000,9.9951641499e-04,-1.6366641198e-05
295.350000,1.0000033595e-03,4.4620903401e-06
295.400000,9.9974806931e-04,-1.3306344320e-06
295.450000,9.9996950619e-04,-1.5179813696e-06
295.500000,9.9915849312e-04,8.1668091017e-06
295.550000,1.0013010853e-03,-1.3218444712e-05
295.600000,9.9884361749e-04,1.8621687828e-05
295.650000,1.0000378242e-03,-1.4681148362e-05
295.700000,9.9982631974e-04,-1.1014898790e-05
295.750000,1.0005276295e-03,1.1885713551e-05
295.800000,9.9940749178e-04,1.0166300744e-06
295.850000,9.9881509988e-04,1.6143225832e-05
295.900000,1.0009821383e-03,1.0288204398e-06
295.950000,9.9924617217e-04,8.4083380400e-06
296.000000,1.0009406898e-03,4.0993294855e-06
296.050000,9.9977252118e-04,1.1938274735e-05
296.100000,1.0008498136e-03,-5.3672526526e-06
296.150000,9.9954022875e-04,-5.7577228914e-06
296.200000,9.9892684660e-04,1.0765083036e-05
296.250000,1.0012484966e-03,-1.4026909425e-05
296.300000,9.9878275853e-04,3.2017759552e-06
296.350000,9.9819978170e-04,1.7478896862e-05
296.400000,9.9996676724e-04,7.6579962785e-06
296.450000,9.9847487544e-04,-1.5767978784e-05
296.500000,1.0016368310e-03,5.4120392147e-06
296.550000,9.9884389318e-04,-5.2107943127e-06
296.600000,1.0009245803e-03,4.7608354561e-07
296.650000,1.0002384418e-03,1.2381363525e-05
296.700000,1.0002810880e-03,-3.9457519518e-06
296.750000,1.0007533931e-03,-7.4635262713e-06
296.800000,9.9986208136e-04,-1.0528095693e-05
296.850000,9.9960264105e-04,9.5391162721e-06
296.900000,9.9801362993e-04,-3.1095818764e-06
296.950000,9.9974608494e-04,-1.0526044139e-05
297.000000,1.0004005770e-03,7.2542012608e-06
297.050000,9.9863809418e-04,-2.5939319349e-06
297.100000,1.0001172669e-03,-4.0017603846e-06
297.150000,9.9921286256e-04,1.6105621336e-06
297.200000,9.9929846039e-04,1.0415965262e-05
297.250000,9.9959471762e-04,1.1188567246e-05
297.300000,9.9885165233e-04,4.1436349636e-06
297.350000,9.9989976424e-04,-1.5121377601e-05
297.400000,9.9903733334e-04,9.0319770026e-06
297.450000,9.9998780526e-04,-9.1243097581e-06
297.500000,1.0008031903e-03,-5.6203183879e-06
297.550000,1.0011582067e-03,6.8014516280e-06
297.600000,1.0004640574e-03,-4.6397348177e-06
297.650000,9.9952115716e-04,2.5649885536e-06
297.700000,1.0019272532e-03,2.3220219963e-06
297.750000,9.9948862218e-04,9.9324270740e-06
297.800000,9.9837611867e-04,-2.6857108662e-06
297.850000,9.9980164497e-04,1.2684795063e-05
297.900000,9.9933231098e-04,-7.3002774525e-06
297.950000,1.0017339282e-03,6.1772361069e-06
298.000000,1.0008574229e-03,1.8392684596e-05
298.050000,1.0010744939e-03,-4.1707299707e-06
298.100000,9.9841983106e-04,5.5799385768e-06
298.150000,9.9825741608e-04,-6.3178158630e-06
298.200000,1.0000297648e-03,1.3181819946e-06
298.250000,1.0000471200e-03,-3.8534512053e-06
298.300000,1.0014958247e-03,6.9718394228e-06
298.350000,9.9951014802e-04,-1.2426233369e-05
298.400000,9.9902217345e-04,2.0153685202e-05
298.450000,1.0002840619e-03,5.9085094426e-06
298.500000,9.9953253598e-04,-1.2279682866e-05
298.550000,9.9967623823e-04,6.8504311115e-06
298.600000,1.0005005752e-03,1.8111065422e-06
298.650000,9.9926611664e-04,-1.0307013800e-05
298.700000,9.9943615051e-04,4.6861823845e-06
298.750000,1.0011893165e-03,1.3955703073e-05
298.800000,9.9911986208e-04,-9.5771272036e-06
298.850000,9.9959714885e-04,2.0799597872e-05
298.900000,9.9874747608e-04,1.6346020660e-05
298.950000,9.9882143504e-04,-8.1456899862e-06
299.000000,9.9844216137e-04,-5.6287983337e-06
299.050000,9.9977186506e-04,1.2824529011e-05
299.100000,1.0000072013e-03,-3.5738903085e-06
299.150000,9.9949878110e-04,7.4612588469e-06
299.200000,1.0002008845e-03,-2.6507766500e-06
299.250000,9.9989497810e-04,1.2096111886e-05
299.300000,1.0013319575e-03,2.8508495242e-06
299.350000,9.9961208891e-04,3.9394545874e-07
299.400000,1.0000601627e-03,-6.7236566775e-06
299.450000,1.0002353701e-03,8.6870289731e-06
299.500000,1.0003828702e-03,-2.6382073072e-06
299.550000,9.9855223548e-04,1.8899873306e-06
299.600000,9.9815324922e-04,-1.4131939459e-05
299.650000,1.0014516366e-03,6.7809955200e-06
299.700000,9.9977509004e-04,-1.3556315227e-05
299.750000,9.9949376448e-04,7.0473779653e-06
299.800000,9.9992938599e-04,1.4961431187e-05
299.850000,1.0007491798e-03,-3.8903411471e-06
299.900000,9.9985867766e-04,8.8558297882e-06
299.950000,1.0015008615e-03,6.4558326570e-06
300.000000,1.0008119116e-03,-7.6013987191e-06
300.050000,1.0003193236e-03,1.2480912870e-05
300.100000,1.0012298339e-03,7.6280194093e-06
300.150000,1.0014547044e-03,-7.5919001815e-06
300.200000,1.0022894953e-03,-2.5227915233e-06
300.250000,9.9990851583e-04,1.8521535871e-05
300.300000,1.0007180491e-03,1.6466713881e-05
300.350000,1.0012059568e-03,-7.2782109918e-06
300.400000,1.0002008275e-03,-4.9666403045e-06
300.450000,1.0000336928e-03,3.9106112717e-06
300.500000,1.0009635767e-03,-7.7604224612e-06
300.550000,9.9960567639e-04,-2.6576063904e-05
300.600000,9.9889145585e-04,-1.6084703020e-05
300.650000,1.0008778622e-03,5.2817723692e-06
300.700000,1.0005012299e-03,-1.0422747243e-05
300.750000,9.9922269501e-04,5.4720579698e-06
300.800000,9.9957587736e-04,-3.4061081624e-06
300.850000,1.0002680901e-03,3.3087012745e-06
300.900000,1.0002162786e-03,-1.2124127246e-05
300.950000,9.9929614293e-04,-4.6923083316e-07
301.000000,1.0009174524e-03,-5.3038167622e-06
301.050000,1.0003992543e-03,6.3761042672e-06
301.100000,9.9941460126e-04,1.4108241149e-06
301.150000,1.0007289496e-03,2.5789735620e-07
301.200000,1.0001117251e-03,2.7493420509e-06
301.250000,1.0005788354e-03,6.8942710943e-06
301.300000,1.0004827766e-03,-1.2346779607e-05
301.350000,1.0008352464e-03,-7.5444459718e-06
301.400000,1.0008121127e-03,8.0832056688e-06
301.450000,9.9880063123e-04,1.1432274109e-05
301.500000,1.0005831739e-03,-1.0067862258e-05
301.550000,9.9968272684e-04,3.0167534558e-06
301.600000,1.0008831096e-03,-1.5843322983e-06
301.650000,9.9917100353e-04,-3.7641158318e-06
301.700000,9.9953017711e-04,8.1153278528e-06
301.750000,9.9974262845e-04,1.0442869336e-05
301.800000,9.9895879202e-04,4.5789248492e-06
301.850000,9.9921680481e-04,1.1764521404e-05
301.900000,1.0007738431e-03,-2.0282620417e-05
301.950000,1.0008634213e-03,-5.5554088898e-06
302.000000,9.9974534781e-04,1.1829434396e-05
302.050000,9.9887610911e-04,-2.5692440881e-06
302.100000,1.0001620978e-03,5.6882841876e-06
302.150000,9.9915408470e-04,-1.1306848353e-05
302.200000,9.9838881593e-04,-4.5718860368e-06
302.250000,1.0016094370e-03,-1.1755551447e-05
302.300000,9.9893614459e-04,5.5022609322e-06
302.350000,9.9838771107e-04,2.5271343954e-05
302.400000,9.9782523983e-04,-1.1352456174e-07
302.450000,9.9826219781e-04,-5.2302389886e-06
302.500000,9.9925070906e-04,-3.5284341794e-06
302.550000,1.0000950754e-03,5.2661768108e-06
302.600000,1.0002012541e-03,-1.3046529729e-06
302.650000,1.0008893805e-03,2.4894581216e-06
302.700000,1.0001791117e-03,-2.3316855467e-05
302.750000,1.0018754547e-03,1.5775517629e-05
302.800000,1.0007901083e-03,-9.3923121138e-06
302.850000,1.0011578670e-03,9.4718628417e-06
302.900000,1.0005946154e-03,-2.2017263495e-05
302.950000,9.9977550694e-04,-7.2310673716e-06
303.000000,9.9979278658e-04,5.8747367557e-06
303.050000,9.9670438701e-04,-3.9740242686e-06
303.100000,1.0003648006e-03,3.2444461930e-06
303.150000,1.0001383829e-03,7.3194714655e-06
303.200000,9.9936099618e-04,4.7849146859e-07
303.250000,9.9958900131e-04,5.2332872986e-06
303.300000,9.9972282428e-04,-3.4669606683e-06
303.350000,9.9878257804e-04,1.0310779861e-05
303.400000,9.9973515089e-04,6.9016294052e-07
303.450000,1.0001485977e-03,-6.1651382422e-06
303.500000,1.0010694208e-03,-1.5325417665e-05
303.550000,1.0005784298e-03,-7.3636877628e-06
303.600000,1.0005561725e-03,8.4226958984e-06
303.650000,9.9808652382e-04,1.3969093608e-06
303.700000,9.9932794018e-04,5.0737854548e-07
303.750000,1.0005858673e-03,6.7229063763e-07
303.800000,9.9872849191e-04,1.5167334686e-06
303.850000,1.0005881376e-03,-8.1136713075e-06
303.900000,1.0017265181e-03,-8.3748193163e-06
303.950000,1.0001848227e-03,-3.7247057673e-06
304.000000,1.0003689497e-03,9.3132854809e-08
304.050000,9.9906106925e-04,-8.3101440440e-08
304.100000,1.0004543289e-03,-4.1967219223e-06
304.150000,9.9945983608e-04,5.1723743819e-06
304.200000,9.9949906976e-04,9.9363404229e-06
304.250000,9.9869457041e-04,9.5357604627e-07
304.300000,1.0001984687e-03,-4.9220033825e-06
304.350000,1.0002326695e-03,-8.0843397972e-06
304.400000,9.9899579338e-04,7.4769493906e-06
304.450000,1.0009349380e-03,4.7046406745e-06
304.500000,9.9991837864e-04,2.4658530499e-05
304.550000,1.0002975940e-03,-1.4085059653e-05
304.600000,1.0014144799e-03,-5.5885892045e-07
304.650000,9.9955578534e-04,-6.3473247290e-06
304.700000,9.9895594192e-04,6.3668145851e-06
304.750000,1.0005905766e-03,-3.6001542116e-06
304.800000,9.9957359219e-04,5.0783151494e-06
304.850000,9.9981770165e-04,-9.9545379116e-06
304.900000,9.9765737780e-04,-2.6892467864e-07
304.950000,1.0000695572e-03,5.3635426251e-08
305.000000,1.0009420738e-03,-1.0591331790e-05
305.050000,1.0003559940e-03,1.1347647036e-05
305.100000,1.0007474939e-03,-2.4819685793e-06
305.150000,1.0003550848e-03,2.4328316567e-07
305.200000,9.9882025717e-04,-1.2838688588e-06
305.250000,9.9918358785e-04,-3.2042455747e-06
305.300000,1.0013559710e-03,-7.3607080192e-06
305.350000,9.9905774685e-04,6.6163406912e-08
305.400000,1.0012808669e-03,-1.2625121947e-06
305.450000,9.9960912950e-04,-1.5098703425e-05
305.500000,1.0003083570e-03,2.5366424884e-05
305.550000,1.0000600932e-03,-1.7488346730e-05
305.600000,9.9965502264e-04,1.4282726726e-05
305.650000,1.0008465823e-03,6.2049166514e-06
305.700000,9.9916131700e-04,2.6507268237e-05
305.750000,1.0016226774e-03,-1.4526647065e-06
305.800000,9.9958325635e-04,-2.1929359861e-07
305.850000,9.9996411247e-04,1.1491518471e-06
305.900000,1.0005851254e-03,-1.1506659605e-05
305.950000,9.9954798497e-04,-2.5889857743e-06
306.000000,9.9980296284e-04,1.2772743036e-05
306.050000,9.9996167045e-04,-7.7260539141e-06
306.100000,1.0016429141e-03,2.6544104554e-06
306.150000,9.9957296121e-04,-3.5427074451e-06
306.200000,9.9911984144e-04,4.7597286534e-06
306.250000,1.0006297640e-03,-4.2968864864e-06
306.300000,1.0006574300e-03,-1.1956792462e-05
306.350000,9.9978647946e-04,-1.2055780526e-05
306.400000,9.9961008731e-04,-4.0512447955e-06
306.450000,1.0012695077e-03,1.0430114805e-05
306.500000,1.0014895137e-03,1.1881644788e-05
306.550000,1.0019908401e-03,-2.3517291360e-05
306.600000,9.9965484194e-04,-3.8527356068e-06
306.650000,1.0008427021e-03,-9.0039314934e-06
306.700000,1.0009033476e-03,1.0952108340e-05
306.750000,9.9792766566e-04,-4.8560328818e-06
306.800000,9.9939159382e-04,-2.1523809933e-06
306.850000,9.9898932237e-04,-1.5097015836e-05
306.900000,1.0008061430e-03,-3.6173104064e-06
306.950000,9.9965916764e-04,1.4213143186e-05
307.000000,9.9932695442e-04,-6.8564192225e-06
307.050000,1.0004995721e-03,-3.0035587816e-05
307.100000,9.9928322828e-04,-1.2749284262e-06
307.150000,1.0012352744e-03,-3.1515916272e-06
307.200000,9.9875416805e-04,-1.1027930094e-06
307.250000,9.9894511925e-04,3.7541171076e-07
307.300000,1.0015396747e-03,-6.9177836810e-06
307.350000,9.9962922992e-04,4.6961126714e-06
307.400000,9.9883948424e-04,-1.5370244182e-05
307.450000,9.9930746130e-04,1.5536245413e-06
307.500000,1.0022084396e-03,5.0865975562e-06
307.550000,9.9981565293e-04,2.1714263537e-06
307.600000,1.0001302758e-03,-5.9821218054e-06
307.650000,1.0016453922e-03,8.3786423418e-06
307.700000,9.9899251550e-04,-9.6161865501e-06
307.750000,1.0001756699e-03,7.9122465704e-06
307.800000,9.9824430731e-04,8.1638670900e-06
307.850000,1.0020028543e-03,-3.4208855746e-06
307.900000,9.9908105203e-04,-8.6785947508e-07
307.950000,1.0004356975e-03,1.1825982987e-05
308.000000,1.0015477566e-03,-2.5581283548e-06
308.050000,1.0008819119e-03,2.3416409941e-05
308.100000,1.0003637939e-03,1.5705195901e-05
308.150000,9.9982896280e-04,8.7266720029e-06
308.200000,9.9852156561e-04,-6.1477505509e-06
308.250000,1.0006019961e-03,-1.1681878655e-05
308.300000,1.0004936338e-03,1.0390639663e-05
308.350000,9.9929625289e-04,1.3617481716e-05
308.400000,1.0002311404e-03,1.1160525422e-05
308.450000,9.9975537531e-04,-2.8934715891e-06
308.500000,1.0000180526e-03,7.6238135612e-06
308.550000,9.9984636338e-04,3.3740716714e-06
308.600000,1.0004721434e-03,-7.0929965994e-06
308.650000,9.9977096849e-04,1.5795061020e-05
308.700000,9.9953525883e-04,1.3105184579e-05
308.750000,1.0013641825e-03,4.5852682483e-06
308.800000,1.0010508177e-03,-7.4192804017e-06
308.850000,1.0011331172e-03,-1.1293364078e-06
308.900000,9.9972255105e-04,-1.5496157333e-05
308.950000,1.0000721836e-03,6.1230623223e-06
309.000000,9.9948742138e-04,-1.5063947627e-06
309.050000,1.0004596321e-03,7.3871944148e-06
309.100000,9.9998856396e-04,4.5034324605e-06
309.150000,9.9924030022e-04,-8.4241853029e-06
309.200000,1.0017230597e-03,8.7536832304e-06
309.250000,9.9963805033e-04,1.4099135813e-05
309.300000,1.0004015705e-03,7.2851239114e-06
309.350000,1.0004036218e-03,-5.5224751150e-06
309.400000,9.9941053668e-04,5.2697341496e-06
309.450000,9.9985761475e-04,-2.4346692110e-05
309.500000,9.9819474823e-04,8.5186050243e-06
309.550000,1.0003424162e-03,-4.7997743510e-06
309.600000,1.0002585608e-03,-1.0922996988e-05
309.650000,9.9958675521e-04,-3.5145831709e-06
309.700000,9.9943432725e-04,1.5516160375e-05
309.750000,9.9988067021e-04,-4.7056352742e-06
309.800000,9.9913407287e-04,-2.3448937407e-06
309.850000,9.9945252345e-04,-1.2714310435e-06
309.900000,9.9951935809e-04,-2.7127883145e-05
309.950000,1.0016919504e-03,-1.3885311320e-05
310.000000,1.0014190986e-03,-3.1647639151e-07
310.050000,1.0011384924e-03,-2.0342562879e-05
310.100000,1.0007812102e-03,-4.8616984777e-06
310.150000,1.0007385651e-03,-1.0565215406e-06
310.200000,9.9980304657e-04,-3.2508341625e-06
310.250000,1.0004188023e-03,8.2012401997e-06
310.300000,1.0004119734e-03,3.2980917508e-06
310.350000,1.0022353842e-03,-3.3242435716e-06
310.400000,1.0016262809e-03,-1.7289647761e-05
310.450000,1.0001137118e-03,1.1019488367e-05
310.500000,9.9975055812e-04,-3.9203469667e-06
310.550000,9.9868900339e-04,6.9415847913e-06
310.600000,9.9833170027e-04,-9.0248697010e-06
310.650000,1.0006753154e-03,-7.9074987480e-06
310.700000,9.9825796271e-04,9.4660991652e-06
310.750000,9.9961210268e-04,6.7818529121e-06
310.800000,1.0006329978e-03,-3.3074024429e-06
310.850000,9.9962265073e-04,9.2076535751e-06
310.900000,1.0005152295e-03,1.0682232060e-08
310.950000,9.9872058133e-04,5.4836664443e-06
311.000000,1.0003492088e-03,-6.6359080054e-06
311.050000,9.9983795058e-04,6.4465859111e-06
311.100000,1.0005460030e-03,2.4005796563e-05
311.150000,1.0005540886e-03,2.9574313243e-06
311.200000,1.0004184742e-03,-3.4720461140e-07
311.250000,1.0001134562e-03,2.2835753739e-05
311.300000,1.0005717118e-03,1.2003946801e-05
311.350000,1.0008523290e-03,-1.6178806388e-05
311.400000,1.0006533686e-03,-1.2335302253e-06
311.450000,1.0001061257e-03,6.5508659288e-07
311.500000,9.9802645786e-04,-4.9740830474e-08
311.550000,1.0005875127e-03,3.0996745241e-06
311.600000,9.9932155047e-04,4.9237166819e-06
311.650000,9.9869856387e-04,-8.9042860260e-06
311.700000,1.0000161945e-03,-1.3670860233e-06
311.750000,1.0003660638e-03,-8.6903451402e-06
311.800000,9.9960542840e-04,-1.5534649808e-05
311.850000,1.0014292764e-03,-2.0693631376e-05
311.900000,1.0003869555e-03,-8.9128912954e-07
311.950000,9.9844842964e-04,-9.3574822837e-06
312.000000,1.0014225103e-03,-1.3359524420e-05
312.050000,9.9986800476e-04,5.6062216304e-06
312.100000,1.0000823662e-03,1.2953550605e-05
312.150000,1.0006272948e-03,-1.2027456116e-05
312.200000,9.9998918424e-04,1.1916868669e-06
312.250000,9.9970259618e-04,5.7690468037e-06
312.300000,1.0000781924e-03,2.8730973949e-06
312.350000,1.0005180105e-03,-2.1364124190e-05
312.400000,9.9826318845e-04,-9.7824519079e-06
312.450000,9.9942651742e-04,-8.4796265409e-06
312.500000,1.0004442947e-03,8.9879350038e-06
312.550000,1.0006941981e-03,-1.9814896271e-05
312.600000,9.9960130860e-04,1.1209501955e-05
312.650000,9.9936452561e-04,-5.1194070356e-06
312.700000,9.9962181275e-04,2.0514145480e-06
312.750000,9.9953869490e-04,9.7823494721e-06
312.800000,1.0007223056e-03,5.6513728464e-06
312.850000,1.0003667794e-03,2.4849486486e-05
312.900000,1.0014354050e-03,-2.8260802294e-05
312.950000,9.9812689435e-04,3.5788444307e-06
313.000000,9.9832666427e-04,3.9071553609e-06
313.050000,1.0010397559e-03,-5.2530542383e-06
313.100000,9.9881420912e-04,-1.3310185791e-05
313.150000,9.9758382984e-04,-2.2336585407e-07
313.200000,1.0008750494e-03,-1.2450035636e-05
313.250000,1.0020859131e-03,-1.9090445494e-06
313.300000,1.0003357171e-03,9.2415535419e-06
313.350000,9.9767142555e-04,-6.7957690461e-06
313.400000,9.9988726830e-04,-3.1715877328e-06
313.450000,9.9939732763e-04,-1.1744661396e-05
313.500000,9.9954192983e-04,-4.0629096877e-06
313.550000,1.0005879599e-03,6.1727143631e-06
313.600000,1.0002202126e-03,5.1378728713e-06
313.650000,9.9939561145e-04,5.6336022936e-06
313.700000,9.9916951837e-04,-3.8597242551e-06
313.750000,1.0010873376e-03,-1.4940430619e-05
313.800000,1.0003793860e-03,7.9375526188e-06
313.850000,9.9955191826e-04,9.9175652557e-06
313.900000,1.0001975503e-03,-4.2209496514e-06
313.950000,9.9922371379e-04,-9.1065855668e-06
314.000000,9.9994669604e-04,7.0538370983e-06
314.050000,1.0010505870e-03,-1.1497331099e-05
314.100000,9.9786598850e-04,2.6202889509e-06
314.150000,9.9972502485e-04,-1.6495230990e-05
314.200000,1.0007002955e-03,1.0242797776e-05
314.250000,9.9766947393e-04,-7.7813318897e-06
314.300000,9.9941177340e-04,-2.9543596549e-06
314.350000,1.0017165308e-03,9.1823539849e-06
314.400000,1.0004453966e-03,-4.7064208734e-06
314.450000,1.0014819190e-03,3.1870900349e-06
314.500000,1.0008552196e-03,1.4082431710e-05
314.550000,9.9797140704e-04,2.6423930361e-05
314.600000,9.9896224047e-04,9.0392088740e-06
314.650000,1.0002755029e-03,-1.4366091504e-05
314.700000,9.9934347948e-04,1.2068627473e-05
314.750000,9.9986198866e-04,8.8473067598e-06
314.800000,1.0012479860e-03,-3.7575288856e-06
314.850000,9.9926713591e-04,1.9578537208e-05
314.900000,1.0003107797e-03,-5.5469797735e-06
314.950000,1.0004838361e-03,-1.6010072739e-05
315.000000,9.9928889589e-04,-1.1151331438e-05
315.050000,9.9988670412e-04,-2.1086974194e-05
315.100000,1.0000598733e-03,-4.5941602158e-06
315.150000,1.0000344424e-03,6.3594314270e-06
315.200000,1.0001489818e-03,1.0314227543e-05
315.250000,9.9945859966e-04,-8.8497459214e-07
315.300000,1.0024482800e-03,7.2430422188e-06
315.350000,9.9971199250e-04,-3.1106639176e-06
315.400000,1.0000589851e-03,-1.3923520333e-05
315.450000,1.0012451496e-03,-8.2836806706e-06
315.500000,9.9976788396e-04,5.7612835387e-06
315.550000,9.9927798321e-04,1.2990469810e-05
315.600000,1.0006622309e-03,-8.8704005901e-06
315.650000,9.9870435166e-04,9.2100476487e-06
315.700000,1.0002894860e-03,-7.4027644295e-06
315.750000,1.0013986880e-03,2.2909067043e-05
315.800000,1.0005886712e-03,7.9488369804e-06
315.850000,9.9970256728e-04,6.0806995718e-07
315.900000,9.9983043699e-04,-1.3429926709e-05
315.950000,1.0003706996e-03,1.6180370860e-06
316.000000,1.0003731248e-03,1.3765430155e-05
316.050000,1.0003996372e-03,-1.8468938016e-05
316.100000,1.0005049050e-03,1.3405473778e-05
316.150000,1.0002166206e-03,-1.1769791271e-05
316.200000,1.0005089274e-03,1.7200168125e-05
316.250000,9.9965081993e-04,-1.4714846352e-05
316.300000,1.0001792144e-03,-3.5590906604e-06
316.350000,1.0005398733e-03,3.1008065119e-06
316.400000,9.9677513720e-04,7.4729626742e-06
316.450000,9.9808765151e-04,-7.6543134116e-06
316.500000,1.0015097814e-03,-1.3455060212e-05
316.550000,1.0011794842e-03,-1.1036410956e-05
316.600000,1.0007609852e-03,-9.3466401310e-06
316.650000,9.9985144870e-04,1.6627072819e-05
316.700000,9.9948736080e-04,-6.4449804544e-06
316.750000,9.9851864024e-04,1.5538089955e-06
316.800000,1.0005176353e-03,-4.8491661394e-06
316.850000,9.9957134689e-04,-5.6611805387e-06
316.900000,9.9786731840e-04,-1.0187386817e-05
316.950000,1.0004510961e-03,-1.0963721048e-05
317.000000,1.0010206376e-03,-1.3777648223e-05
317.050000,9.9961502793e-04,-9.0402165090e-06
317.100000,9.9892554892e-04,1.6948775629e-05
317.150000,9.9975375369e-04,6.5872916801e-06
317.200000,1.0001463978e-03,8.8891395554e-06
317.250000,9.9973696983e-04,8.5700848713e-06
317.300000,1.0009021902e-03,2.5278610326e-07
317.350000,9.9873868556e-04,3.2124218100e-07
317.400000,1.0015774355e-03,-1.8282969693e-06
317.450000,1.0006352262e-03,1.1308337079e-05
317.500000,1.0002059222e-03,9.0590673520e-06
317.550000,1.0003801042e-03,-1.0089455121e-05
317.600000,9.9926252566e-04,1.2327683272e-05
317.650000,1.0013192423e-03,-1.1552327145e-05
317.700000,9.9994866552e-04,9.4674493678e-07
317.750000,1.0011785594e-03,4.4642493341e-06
317.800000,9.9991525256e-04,-6.6043821912e-06
317.850000,9.9929343688e-04,-1.3517739285e-05
317.900000,1.0004852821e-03,6.5709859555e-06
317.950000,1.0002222786e-03,7.4025398971e-07
318.000000,1.0010011450e-03,1.1771050530e-05
318.050000,9.9860955080e-04,-9.2827883696e-06
318.100000,9.9830618012e-04,-2.7795332235e-06
318.150000,9.9979574085e-04,1.9226860959e-06
318.200000,9.9999124984e-04,-1.5377898069e-05
318.250000,9.9880141249e-04,-4.6479695480e-06
318.300000,9.9888804160e-04,-1.7716577909e-05
318.350000,9.9878103018e-04,5.9124189733e-06
318.400000,9.9974200619e-04,-8.7586615308e-07
318.450000,9.9994087534e-04,1.0396664409e-05
318.500000,1.0007485704e-03,-1.5354762597e-05
318.550000,9.9929586415e-04,-3.3936352483e-06
318.600000,9.9992980318e-04,-2.7460763148e-06
318.650000,9.9974509349e-04,-3.5172812790e-05
318.700000,1.0009701349e-03,-1.5464219953e-05
318.750000,9.9821632596e-04,8.2482073106e-06
318.800000,1.0005183582e-03,-6.7709166647e-06
318.850000,9.9895876601e-04,-1.1715072369e-06
318.900000,1.0004587417e-03,9.9919602585e-07
318.950000,1.0016207187e-03,-1.2810849063e-06
319.000000,1.0012219546e-03,-8.0714533068e-06
319.050000,9.9962236297e-04,1.0282932918e-05
319.100000,1.0000016843e-03,-1.1501478464e-06
319.150000,9.9969516839e-04,-8.5213024578e-06
319.200000,9.9983685383e-04,1.3549922604e-05
319.250000,1.0019579286e-03,3.0137317937e-05
319.300000,9.9993200974e-04,7.4242306762e-06
319.350000,9.9989115038e-04,2.8075776731e-05
319.400000,1.0001699927e-03,-1.8440693438e-05
319.450000,1.0008732147e-03,4.2902567797e-06
319.500000,9.9986746842e-04,-8.6813152634e-06
319.550000,9.9816506130e-04,8.2423818463e-06
319.600000,1.0006028129e-03,-8.6582644811e-06
319.650000,1.0009124248e-03,-1.0723181434e-05
319.700000,9.9787401709e-04,4.1899190908e-06
319.750000,1.0001570033e-03,-3.4168166815e-06
319.800000,1.0001108599e-03,-7.4834019979e-06
319.850000,1.0003891342e-03,2.1990374240e-05
319.900000,9.9924139806e-04,1.5184105496e-05
319.950000,9.9971417274e-04,-2.7838525506e-05
320.000000,9.9916229421e-04,-9.9228675045e-06
320.050000,9.9937580396e-04,-2.7166439965e-06
320.100000,9.9883577807e-04,1.9486636438e-05
320.150000,1.0010034095e-03,4.3418507253e-07
320.200000,1.0001673333e-03,1.4305987046e-06
320.250000,1.0002118857e-03,4.9326671431e-06
320.300000,1.0005660220e-03,-7.3091196557e-06
320.350000,1.0012965677e-03,1.8981279263e-06
320.400000,9.9885148742e-04,2.7258136454e-07
320.450000,1.0001694427e-03,-8.3525024168e-06
320.500000,1.0015275959e-03,8.0893572662e-06
320.550000,9.9957882543e-04,1.8132977257e-05
320.600000,9.9984661144e-04,1.1009857316e-05
320.650000,9.9964186696e-04,2.4397776453e-06
320.700000,9.9958955399e-04,1.7783256259e-05
320.750000,9.9673905761e-04,-1.7976353099e-05
320.800000,1.0029781331e-03,-1.7188842724e-06
320.850000,1.0008311750e-03,1.4588723462e-05
320.900000,9.9953865743e-04,-8.6825995536e-06
320.950000,9.9934760171e-04,-4.7741039527e-06
321.000000,1.0007095390e-03,-7.1148606110e-06
321.050000,1.0005729286e-03,-8.8223123127e-06
321.100000,9.9982849858e-04,8.3982103228e-06
321.150000,1.0002982917e-03,1.2200995260e-05
321.200000,9.9936080696e-04,8.9401469979e-06
321.250000,1.0012354036e-03,3.6466626245e-06
321.300000,1.0012370564e-03,-1.1460635796e-05
321.350000,1.0001724784e-03,-7.9913131801e-06
321.400000,1.0003142735e-03,1.0647961460e-05
321.450000,9.9851093394e-04,4.5603876776e-06
321.500000,9.9946851001e-04,4.2730880045e-06
321.550000,1.0000734958e-03,8.7475968024e-06
321.600000,1.0000263007e-03,-4.5237638842e-06
321.650000,1.0014685571e-03,-5.5492685738e-06
321.700000,9.9965681787e-04,2.0560209513e-05
321.750000,9.9909899502e-04,3.2935493894e-06
321.800000,9.9961127746e-04,1.8172168766e-05
321.850000,1.0004325432e-03,-5.3606392846e-06
321.900000,1.0003632252e-03,-1.4243471682e-07
321.950000,1.0000222777e-03,-1.2879797555e-06
322.000000,1.0009263355e-03,-5.3502814376e-06
322.050000,1.0003813537e-03,1.2334194829e-05
322.100000,1.0002027587e-03,-1.0481569248e-06
322.150000,9.9924505225e-04,-5.0823528833e-06
322.200000,9.9978716649e-04,-3.2285253746e-06
322.250000,9.9986321976e-04,1.2853370149e-05
322.300000,1.0007701378e-03,5.3343098727e-06
322.350000,9.9970861648e-04,1.6127643798e-07
322.400000,1.0009137955e-03,-2.6294460955e-05
322.450000,1.0001679870e-03,2.2929848291e-05
322.500000,9.9970942274e-04,9.1114466593e-06
322.550000,9.9902077975e-04,3.6840444835e-06
322.600000,9.9804651659e-04,-3.3541800657e-06
322.650000,9.9974614436e-04,-7.3064795747e-07
322.700000,9.9881448940e-04,-2.6908747111e-07
322.750000,1.0006843864e-03,-7.8848954425e-06
322.800000,1.0003875053e-03,2.8226407313e-06
322.850000,9.9992240818e-04,3.3555947369e-06
322.900000,1.0003104279e-03,1.3158745486e-06
322.950000,1.0014022218e-03,-1.9670013139e-05
323.000000,1.0001276860e-03,-1.2375681086e-05
323.050000,9.9949094187e-04,-5.0970240939e-06
323.100000,9.9970256702e-04,1.6388711341e-05
323.150000,9.9941174831e-04,-1.4052622381e-05
323.200000,9.9888640151e-04,-5.8465994962e-06
323.250000,9.9867786619e-04,-7.7285567132e-06
323.300000,1.0005026572e-03,-1.4211104886e-05
323.350000,1.0000824159e-03,-1.3754740926e-05
323.400000,1.0001842665e-03,4.4284197750e-06
323.450000,9.9796950893e-04,8.6737245808e-06
323.500000,9.9865944016e-04,8.1707950939e-06
323.550000,9.9928637551e-04,1.4667129694e-05
323.600000,1.0006132628e-03,-6.6460566641e-07
323.650000,1.0001079513e-03,1.3914729742e-06
323.700000,9.9837449169e-04,1.1812157213e-05
323.750000,1.0006554880e-03,5.7314521436e-06
323.800000,1.0010951638e-03,1.8666731435e-05
323.850000,1.0007096416e-03,-3.9169817290e-06
323.900000,1.0000675093e-03,-1.9264514379e-05
323.950000,9.9825726558e-04,1.9750563295e-05
324.000000,1.0006818852e-03,-1.7255336687e-06
324.050000,1.0006056563e-03,1.3698566153e-05
324.100000,1.0010295542e-03,8.6006679225e-06
324.150000,9.9947506950e-04,8.4319174783e-06
324.200000,9.9912747090e-04,1.2657129170e-05
324.250000,1.0004188190e-03,-1.7088676453e-06
324.300000,9.9984316041e-04,-1.0822055006e-05
324.350000,1.0003031279e-03,8.6548587186e-06
324.400000,1.0002222827e-03,9.2463675574e-06
324.450000,9.9848314782e-04,-5.1876318190e-08
324.500000,1.0007640906e-03,1.7822965179e-05
324.550000,9.9969692170e-04,7.1800177902e-06
324.600000,1.0001438743e-03,-2.1757341737e-05
324.650000,1.0000791458e-03,-1.2297571432e-06
324.700000,1.0009400100e-03,-5.6678274829e-06
324.750000,1.0004770022e-03,6.4330296609e-06
324.800000,9.9822466332e-04,-3.2452000212e-06
324.850000,1.0012190283e-03,-1.4987153010e-05
324.900000,1.0003035906e-03,6.3200231685e-06
324.950000,9.9794895641e-04,1.1536412314e-06
325.000000,9.9942905601e-04,7.1863286380e-06
325.050000,9.9975709928e-04,1.5231828061e-05
325.100000,9.9954500771e-04,3.0493069726e-06
325.150000,1.0010027696e-03,1.3297939342e-05
325.200000,9.9958193743e-04,1.4986285142e-05
325.250000,9.9961602826e-04,1.3960539622e-05
325.300000,1.0000638731e-03,-1.5299650527e-05
325.350000,1.0003455992e-03,1.2351292909e-05
325.400000,9.9930056415e-04,-4.7605057927e-06
325.450000,1.0008600719e-03,4.1476432321e-06
325.500000,9.9929215872e-04,-5.8600364102e-06
325.550000,1.0010806890e-03,-7.5057691405e-06
325.600000,1.0012862522e-03,8.8430963624e-06
325.650000,1.0003171757e-03,5.3529585192e-08
325.700000,1.0011171488e-03,-6.6281028017e-06
325.750000,9.9897085351e-04,1.2291460456e-05
325.800000,1.0016633198e-03,1.3167930905e-05
325.850000,9.9980645783e-04,-5.2949088035e-06
325.900000,1.0006355396e-03,8.3340850139e-06
325.950000,9.9981507413e-04,-5.8592900211e-08
326.000000,1.0002863340e-03,-2.4664189923e-06
326.050000,9.9884802102e-04,3.6041787285e-06
326.100000,1.0018785674e-03,4.0172020085e-06
326.150000,9.9957957735e-04,3.7988301173e-06
326.200000,1.0005493440e-03,-1.3076966770e-05
326.250000,9.9882496774e-04,-2.2418080510e-06
326.300000,1.0009593263e-03,2.1394237752e-05
326.350000,1.0014713172e-03,-3.8657318850e-06
326.400000,9.9914621179e-04,7.1040721976e-06
326.450000,9.9973314994e-04,1.3330085854e-05
326.500000,9.9974281097e-04,-2.4480684544e-06
326.550000,9.9979755055e-04,-2.0871106979e-05
326.600000,9.9908651309e-04,3.9122281325e-06
326.650000,1.0012895997e-03,6.3183017990e-06
326.700000,9.9997362392e-04,4.2917546810e-07
326.750000,9.9871561781e-04,6.2522974744e-06
326.800000,1.0001403177e-03,2.8660213483e-06
326.850000,1.0009153907e-03,1.4648057546e-05
326.900000,1.0004637560e-03,-2.8137404404e-07
326.950000,1.0004999015e-03,-1.8802439694e-05
327.000000,9.9874580095e-04,3.9863279524e-06
327.050000,1.0017130840e-03,3.6977138192e-06
327.100000,1.0004501513e-03,-1.0159889672e-05
327.150000,1.0001750473e-03,8.3382028321e-06
327.200000,9.9948205243e-04,-2.1691308287e-06
327.250000,1.0003205552e-03,3.0988855046e-06
327.300000,1.0008650783e-03,-6.1991774683e-06
327.350000,1.0013554448e-03,-3.5128556553e-06
327.400000,1.0004789770e-03,5.9538875942e-06
327.450000,9.9847924898e-04,6.9706087579e-06
327.500000,9.9920972786e-04,-4.8096306026e-07
327.550000,1.0007869727e-03,1.5414686383e-07
327.600000,9.9930766009e-04,2.3660838626e-06
327.650000,1.0003867362e-03,-2.3176596474e-06
327.700000,1.0001428203e-03,-1.5943809056e-05
327.750000,9.9901313837e-04,-2.1918872742e-05
327.800000,9.9970932234e-04,2.2444474952e-06
327.850000,1.0006008826e-03,-2.8370062042e-06
327.900000,9.9939322035e-04,-3.5298946877e-06
327.950000,9.9803175191e-04,8.2886255601e-06
328.000000,1.0011289817e-03,7.9330998472e-06
328.050000,1.0004398760e-03,-1.4361730527e-05
328.100000,1.0008422668e-03,-1.5765043165e-05
328.150000,9.9879581082e-04,-1.8675365323e-07
328.200000,9.9841097902e-04,-7.0714722972e-06
328.250000,1.0003568429e-03,-2.7986602416e-06
328.300000,9.9979537634e-04,-3.8023906811e-06
328.350000,9.9888462325e-04,4.8271787394e-06
328.400000,1.0016360598e-03,-7.5557260855e-06
328.450000,9.9932765698e-04,7.1361535264e-06
328.500000,1.0001431262e-03,-3.2633430217e-06
328.550000,9.9865778664e-04,-1.2206484677e-05
328.600000,1.0008178333e-03,1.7336246459e-06
328.650000,1.0005647530e-03,2.1258551325e-05
328.700000,9.9815636532e-04,-8.2094098632e-06
328.750000,9.9914937147e-04,1.1845487711e-05
328.800000,9.9965428426e-04,4.3569050333e-06
328.850000,9.9889855032e-04,-1.6772880034e-05
328.900000,9.9940586180e-04,-4.5217497443e-06
328.950000,1.0008159588e-03,8.4303949943e-07
329.000000,9.9998581940e-04,-3.1941404973e-06
329.050000,9.9956699295e-04,-1.8915085339e-05
329.100000,1.0000333944e-03,1.4638320534e-05
329.150000,9.9967593347e-04,1.3977408554e-05
329.200000,1.0005291517e-03,-7.6210856374e-06
329.250000,9.9955728042e-04,8.8010583083e-06
329.300000,9.9888816829e-04,2.1225886807e-06
329.350000,9.9991878137e-04,8.3544599014e-06
329.400000,9.9944032761e-04,9.9903708815e-06
329.450000,9.9759318766e-04,5.5996318408e-06
329.500000,1.0001012823e-03,1.1037359063e-05
329.550000,1.0002109146e-03,-2.5408960563e-06
329.600000,1.0014891298e-03,4.2325633943e-06
329.650000,9.9989562469e-04,1.6980450554e-06
329.700000,9.9972642097e-04,5.4586856730e-06
329.750000,9.9918057278e-04,6.4585793539e-06
329.800000,9.9941680216e-04,-9.6904409952e-06
329.850000,9.9822123775e-04,9.9817079974e-06
329.900000,1.0018049314e-03,-1.4784773284e-06
329.950000,1.0010503134e-03,1.4920629384e-05
330.000000,1.0002715831e-03,7.4099664016e-06
330.050000,1.0013638744e-03,-5.7162097978e-06
330.100000,1.0005499328e-03,-1.8624725320e-06
330.150000,1.0008775978e-03,-5.2395641600e-06
330.200000,1.0007495224e-03,1.1190486866e-05
330.250000,9.9925034565e-04,6.3030482625e-06
330.300000,1.0006176353e-03,-1.9473602786e-06
330.350000,1.0006410663e-03,1.2488930721e-05
330.400000,9.9936280269e-04,4.1931187681e-06
330.450000,9.9981569220e-04,-1.7470192199e-05
330.500000,1.0006062953e-03,8.1508885953e-06
330.550000,1.0015720345e-03,4.0546694286e-06
330.600000,1.0010644738e-03,-1.2838325927e-06
330.650000,1.0021744880e-03,6.6602163346e-06
330.700000,9.9865845808e-04,4.2936250709e-06
330.750000,9.9888477836e-04,1.7238418973e-05
330.800000,1.0011263815e-03,1.0432794953e-06
330.850000,9.9988373809e-04,3.1174142854e-06
330.900000,1.0000519002e-03,-2.8974973885e-07
330.950000,9.9998123273e-04,1.3012803639e-05
331.000000,1.0003975667e-03,-1.2447650622e-05
331.050000,9.9804495247e-04,6.9484165704e-06
331.100000,9.9979974275e-04,-9.3301041041e-07
331.150000,1.0006431475e-03,7.7723520287e-07
331.200000,1.0009774302e-03,6.4897208934e-06
331.250000,1.0005340687e-03,-3.4614802954e-06
331.300000,1.0006894761e-03,7.2058803777e-06
331.350000,1.0009990470e-03,-1.6229045078e-06
331.400000,1.0002841355e-03,-1.0259594288e-06
331.450000,9.9961566488e-04,4.9446379328e-07
331.500000,1.0003678630e-03,7.4511503926e-06
331.550000,9.9959589359e-04,-9.2696740119e-06
331.600000,1.0001627712e-03,5.5924629877e-07
331.650000,9.9765170880e-04,7.3690762768e-06
331.700000,1.0007374994e-03,-1.0935405727e-05
331.750000,9.9852287574e-04,-7.1567131811e-06
331.800000,9.9962894598e-04,-1.5255427546e-06
331.850000,1.0000801267e-03,-3.4048092530e-06
331.900000,1.0006649215e-03,4.0101041400e-06
331.950000,9.9892041252e-04,-1.2666484060e-05
332.000000,9.9916200296e-04,-8.9504703625e-06
332.050000,1.0000998332e-03,7.5206784437e-06
332.100000,9.9848850664e-04,2.8065853898e-06
332.150000,1.0010628902e-03,8.6867020576e-06
332.200000,9.9942405768e-04,-7.3426312947e-06
332.250000,9.9921221535e-04,1.7329062734e-05
332.300000,1.0006921860e-03,-2.0339478832e-05
332.350000,9.9994648119e-04,9.9940624118e-06
332.400000,1.0007959533e-03,4.4066066543e-06
332.450000,1.0003534408e-03,-1.9872640842e-06
332.500000,9.9879556199e-04,-1.4640433388e-05
332.550000,1.0011574394e-03,-2.1308140814e-05
332.600000,9.9738889336e-04,-8.2760681965e-06
332.650000,1.0002486276e-03,-4.5462144253e-07
332.700000,1.0001801522e-03,-1.0457670140e-05
332.750000,1.0003610061e-03,-8.4915810185e-06
332.800000,9.9933596188e-04,9.7142553283e-06
332.850000,1.0007701626e-03,9.0709270519e-06
332.900000,1.0018768354e-03,-4.5075142746e-06
332.950000,9.9847820318e-04,1.6123235997e-05
333.000000,9.9957351506e-04,6.3616180853e-06
333.050000,9.9991101142e-04,-2.1622478149e-06
333.100000,9.9837760599e-04,-1.8880444467e-06
333.150000,1.0008476486e-03,8.4935153293e-06
333.200000,9.9957081191e-04,2.1005948118e-05
333.250000,1.0006451075e-03,7.9892244356e-06
333.300000,1.0015092275e-03,7.4479164835e-07
333.350000,9.9909485647e-04,-1.3118980805e-06
333.400000,9.9974792149e-04,3.5133511097e-06
333.450000,9.9969734681e-04,4.3681873292e-06
333.500000,9.9853573723e-04,-5.1271932887e-06
333.550000,1.0004020331e-03,6.2444915246e-06
333.600000,9.9989326987e-04,-1.2103156283e-05
333.650000,1.0013061515e-03,1.5483938835e-05
333.700000,1.0006729318e-03,1.7472652786e-05
333.750000,1.0003625332e-03,1.1523188843e-06
333.800000,1.0007697467e-03,1.9739721500e-05
333.850000,9.9991998798e-04,-2.2489672184e-05
333.900000,9.9987499216e-04,-2.0268749208e-05
333.950000,1.0016753679e-03,1.4761317030e-05
334.000000,1.0008613311e-03,1.3722896387e-06
334.050000,1.0002361698e-03,-1.0017185812e-05
334.100000,9.9888525407e-04,6.4269020248e-08
334.150000,9.9992879327e-04,6.1804632854e-06
334.200000,1.0007353532e-03,1.1428854550e-05
334.250000,9.9843406091e-04,3.0110268198e-06
334.300000,1.0003842962e-03,-1.3031689561e-05
334.350000,9.9947682621e-04,3.8104093737e-06
334.400000,9.9983364640e-04,4.4972296087e-06
334.450000,9.9938805435e-04,-1.3861125219e-05
334.500000,1.0012938905e-03,-4.6772408820e-06
334.550000,1.0002655898e-03,2.2208231112e-06
334.600000,1.0007948652e-03,-1.1483984408e-05
334.650000,9.9905699755e-04,5.6117729596e-06
334.700000,1.0004022397e-03,8.1287280970e-06
334.750000,1.0004007970e-03,-3.7965824407e-06
334.800000,1.0017465000e-03,-5.5279173893e-06
334.850000,9.9972486117e-04,9.8034747201e-06
334.900000,1.0006343839e-03,-2.5178382568e-06
334.950000,1.0004667387e-03,-1.0502122942e-05
335.000000,1.0001169628e-03,-1.7031894567e-05
335.050000,1.0012280340e-03,9.8219273700e-07
335.100000,1.0020703639e-03,1.2067229681e-05
335.150000,9.9969669893e-04,-5.2360774424e-07
335.200000,1.0007833562e-03,7.2494079465e-06
335.250000,1.0009222594e-03,-9.3434814170e-07
335.300000,1.0004924668e-03,-4.3218618529e-06
335.350000,9.9923664846e-04,-2.5269968102e-05
335.400000,1.0000215018e-03,-2.1506517376e-05
335.450000,9.9907390706e-04,6.5811908545e-06
335.500000,9.9768684432e-04,4.4247368746e-06
335.550000,1.0000279028e-03,-4.2974222877e-06
335.600000,1.0001488782e-03,-7.4206441310e-06
335.650000,1.0002454879e-03,-2.4901963959e-06
335.700000,1.0012191278e-03,3.1739238779e-06
335.750000,1.0002700688e-03,-6.7579650946e-06
335.800000,1.0007622619e-03,6.1735641724e-06
335.850000,9.9961230909e-04,-1.1251826487e-06
335.900000,9.9974643662e-04,-9.0743145248e-06
335.950000,9.9847348162e-04,4.2452160829e-06
336.000000,9.9975291762e-04,-1.5044450000e-05
336.050000,9.9782121918e-04,-6.0450296040e-06
336.100000,1.0000756610e-03,1.6993290009e-05
336.150000,1.0011062873e-03,-3.4650102539e-05
336.200000,9.9971107957e-04,-4.1082649851e-06
336.250000,1.0000472263e-03,-5.6402918366e-06
336.300000,1.0004650095e-03,1.0925744512e-06
336.350000,9.9883710739e-04,1.1754828478e-05
336.400000,1.0001749343e-03,-4.8314448613e-06
336.450000,9.9996095715e-04,3.1129092739e-06
336.500000,9.9865730224e-04,-2.0981590362e-07
336.550000,9.9884182968e-04,2.2811065722e-05
336.600000,9.9948016867e-04,3.9563036904e-06
336.650000,1.0004579394e-03,1.0643876837e-05
336.700000,9.9971296089e-04,1.5054581043e-05
336.750000,9.9893787617e-04,-9.2353131871e-06
336.800000,1.0022936045e-03,6.9843846526e-07
336.850000,9.9958858384e-04,2.4214698481e-05
336.900000,1.0002436447e-03,-2.2901814614e-05
336.950000,1.0015346812e-03,-7.5330121426e-06
337.000000,9.9870075397e-04,3.3787599195e-06
337.050000,9.9960625828e-04,7.7227690522e-06
337.100000,9.9835023824e-04,-1.3351037976e-05
337.150000,1.0010790660e-03,-5.1865766346e-06
337.200000,9.9990265829e-04,-6.2911725248e-07
337.250000,9.9869102297e-04,4.8855538559e-07
337.300000,9.9978186994e-04,1.0119149794e-05
337.350000,1.0017095945e-03,1.7137240225e-05
337.400000,9.9990515133e-04,1.8881689811e-05
337.450000,9.9993180554e-04,4.5444000122e-06
337.500000,1.0001676839e-03,4.5288414877e-06
337.550000,1.0002706266e-03,-1.8184037035e-05
337.600000,9.9958560948e-04,-5.1683034735e-06
337.650000,9.9967889600e-04,4.7464478716e-07
337.700000,1.0004125199e-03,1.5527936525e-05
337.750000,9.9872096249e-04,-5.2884451156e-06
337.800000,9.9901467028e-04,4.5026113392e-06
337.850000,9.9893683187e-04,1.0088281381e-05
337.900000,1.0005443818e-03,3.5213275455e-06
337.950000,9.9834777599e-04,1.3240039624e-05
338.000000,1.0013603234e-03,6.8541438439e-06
338.050000,9.9971694674e-04,4.7353893545e-06
338.100000,1.0000933771e-03,-9.4704966063e-06
338.150000,9.9953019219e-04,-4.5764918427e-06
338.200000,1.0009562845e-03,-1.3511338605e-06
338.250000,9.9913317126e-04,-1.7772188826e-05
338.300000,9.9949994143e-04,-2.4241742341e-05
338.350000,1.0001992568e-03,4.5639569410e-06
338.400000,1.0014812177e-03,-1.6254693446e-05
338.450000,1.0005001173e-03,-3.1498722045e-06
338.500000,9.9996059740e-04,-5.9628473319e-06
338.550000,9.9982177503e-04,-5.9128680584e-06
338.600000,1.0005019869e-03,1.0270367480e-05
338.650000,9.9901571936e-04,1.5571699972e-06
338.700000,9.9970493868e-04,-1.2162525732e-05
338.750000,9.9987411931e-04,1.7180608140e-06
338.800000,1.0019682890e-03,-6.3015519094e-06
338.850000,9.9936000888e-04,3.8931840077e-06
338.900000,9.9827292041e-04,-3.3048649992e-07
338.950000,9.9951780435e-04,2.1259801231e-05
339.000000,9.9912188704e-04,9.4761410570e-06
339.050000,1.0002120709e-03,1.5874170499e-05
339.100000,9.9940362412e-04,5.0141561553e-06
339.150000,1.0006895500e-03,-1.8375113345e-05
339.200000,1.0012110413e-03,2.9189377792e-06
339.250000,9.9879614375e-04,-1.2941506620e-05
339.300000,1.0009189273e-03,2.1850839365e-06
339.350000,9.9990138115e-04,7.7474246830e-06
339.400000,1.0002181932e-03,1.2201733760e-05
339.450000,1.0004075147e-03,-1.3700769444e-05
339.500000,1.0008335927e-03,-5.7425478599e-06
339.550000,1.0005312164e-03,3.6602961252e-06
339.600000,1.0004483450e-03,4.7097016629e-06
339.650000,9.9932413114e-04,-1.2027187606e-05
339.700000,1.0010194219e-03,1.5717514670e-05
339.750000,1.0006926197e-03,2.3411363444e-06
339.800000,9.9948575706e-04,-2.6942009505e-06
339.850000,9.9963634757e-04,-1.7738968633e-05
339.900000,1.0011047658e-03,-6.8425058251e-06
339.950000,9.9906072771e-04,2.8950910928e-06
340.000000,1.0023535511e-03,1.9813608714e-06
340.050000,9.9918155088e-04,-3.2349629030e-06
340.100000,9.9872209501e-04,-1.5543334962e-05
340.150000,9.9881112441e-04,1.0214651802e-06
340.200000,9.9990383191e-04,6.1709980287e-06
340.250000,9.9938924955e-04,-8.8654987114e-06
340.300000,1.0009038751e-03,-1.2866033151e-05
340.350000,9.9723401163e-04,-6.2462224285e-07
340.400000,1.0001927351e-03,-1.5147453349e-05
340.450000,1.0011268667e-03,-1.6608208002e-05
340.500000,1.0000556411e-03,1.2202122026e-05
340.550000,9.9914360717e-04,9.5739238343e-07
340.600000,1.0004083707e-03,-1.2447070353e-05
340.650000,9.9930402683e-04,-4.1481079393e-06
340.700000,1.0007945311e-03,-1.1617422750e-05
340.750000,1.0000927274e-03,8.3545251556e-06
340.800000,9.9999500063e-04,7.2983486329e-06
340.850000,9.9960641848e-04,5.3118227387e-06
340.900000,1.0008290160e-03,-4.7486175769e-06
340.950000,9.9770833156e-04,5.1769246203e-06
341.000000,9.9981474440e-04,-2.9323435258e-06
341.050000,1.0009440956e-03,1.2684907871e-05
341.100000,9.9912366963e-04,8.9679437534e-06
341.150000,1.0003967268e-03,-8.1533466566e-06
341.200000,9.9755920392e-04,6.5981488961e-06
341.250000,1.0005036930e-03,-9.6943044531e-06
341.300000,9.9909000381e-04,-3.2606316438e-06
341.350000,9.9924613091e-04,1.2602534987e-05
341.400000,9.9922020455e-04,4.8729070415e-06
341.450000,1.0017788796e-03,-1.1548171480e-05
341.500000,1.0005295147e-03,9.7470723974e-06
341.550000,9.9904692020e-04,8.4481933952e-06
341.600000,1.0001451786e-03,2.0680384352e-05
341.650000,9.9993102756e-04,-1.4095951197e-05
341.700000,9.9966927086e-04,5.0716019849e-06
341.750000,9.9941270010e-04,1.8345898859e-05
341.800000,1.0009033731e-03,6.5707519867e-06
341.850000,9.9860365695e-04,-5.7605312155e-06
341.900000,1.0002329111e-03,-2.9008325934e-06
341.950000,9.9739057292e-04,1.1368651718e-05
342.000000,9.9956343625e-04,4.3688442528e-06
342.050000,9.9908450692e-04,1.8429655077e-05
342.100000,1.0003794696e-03,2.3217010067e-06
342.150000,9.9860709331e-04,9.2140605448e-06
342.200000,9.9845798363e-04,8.9367060407e-06
342.250000,9.9994337206e-04,4.7534321343e-06
342.300000,1.0006736591e-03,5.3517265270e-06
342.350000,1.0005150359e-03,-1.1846917621e-05
342.400000,1.0011326445e-03,1.2847685496e-05
342.450000,9.9941203315e-04,-1.2495589397e-07
342.500000,1.0000517815e-03,1.1000186958e-05
342.550000,9.9790899953e-04,-1.4998724404e-07
342.600000,1.0001063197e-03,-2.4241082541e-07
342.650000,9.9988303307e-04,-2.0999767957e-05
342.700000,1.0021377354e-03,-4.7747885270e-06
342.750000,1.0002631919e-03,-3.2190087851e-06
342.800000,9.9919484905e-04,-9.6657931421e-06
342.850000,1.0000952931e-03,3.4710418820e-06
342.900000,9.9984083925e-04,7.9955505375e-06
342.950000,1.0015683387e-03,6.8219127780e-06
343.000000,1.0006666624e-03,9.3597644555e-06
343.050000,1.0024240843e-03,-6.6390922401e-06
343.100000,9.9829288067e-04,2.3067115356e-06
343.150000,1.0016653653e-03,-7.2561520768e-06
343.200000,9.9864089255e-04,1.4859423332e-05
343.250000,9.9992124582e-04,1.1441384313e-05
343.300000,1.0001733353e-03,1.0574955559e-05
343.350000,1.0007092875e-03,-1.2141587620e-05
343.400000,9.9959219274e-04,-1.0927015590e-06
343.450000,1.0000053996e-03,6.8741634667e-07
343.500000,1.0009089666e-03,-6.4407146331e-06
343.550000,9.9960951138e-04,-6.2521449617e-06
343.600000,9.9912776420e-04,4.8722092702e-06
343.650000,9.9885502909e-04,-1.0670356292e-05
343.700000,9.9956410770e-04,5.7618664967e-06
343.750000,9.9960004240e-04,-5.2820369116e-06
343.800000,9.9943877259e-04,5.3461808937e-09
343.850000,1.0000891398e-03,1.3572609882e-06
343.900000,1.0005056353e-03,1.1537890741e-05
343.950000,1.0005524959e-03,-2.2129044938e-05
344.000000,1.0003478563e-03,-1.9414390846e-05
344.050000,1.0000428976e-03,7.4815400403e-06
344.100000,1.0006132484e-03,5.5468925030e-06
344.150000,1.0008706813e-03,-7.9412151188e-06
344.200000,1.0015583900e-03,2.7757768876e-06
344.250000,9.9994352474e-04,6.1192853546e-07
344.300000,9.9921501798e-04,-5.2539859603e-06
344.350000,9.9977340959e-04,2.2239102956e-06
344.400000,1.0008106054e-03,-1.7442831572e-05
344.450000,1.0021712069e-03,-5.1571939268e-06
344.500000,1.0000381733e-03,4.4405395333e-06
344.550000,9.9939739736e-04,-1.2971566922e-05
344.600000,9.9913322173e-04,2.4929934941e-06
344.650000,1.0004622824e-03,2.3237955907e-06
344.700000,1.0002816582e-03,-1.5145708829e-05
344.750000,1.0002817964e-03,-4.5139694614e-06
344.800000,9.9825836921e-04,2.4563075217e-06
344.850000,9.9984236744e-04,-2.4326212281e-07
344.900000,9.9915949895e-04,-2.2816115118e-06
344.950000,1.0001871681e-03,-4.2321555313e-06
345.000000,9.9981341382e-04,-8.8741629319e-07
345.050000,1.0009505717e-03,-1.2491226698e-05
345.100000,9.9855279103e-04,4.5176706529e-06
345.150000,1.0025656229e-03,-4.3998393262e-07
345.200000,1.0014496127e-03,4.8018981610e-06
345.250000,1.0006724797e-03,-5.7609735773e-06
345.300000,1.0009761692e-03,-1.2081012104e-05
345.350000,1.0009020058e-03,1.9265390627e-05
345.400000,1.0007317628e-03,-1.0190861198e-06
345.450000,1.0006156908e-03,-1.1689058201e-05
345.500000,9.9876300043e-04,-2.4815719190e-07
345.550000,9.9909366778e-04,-2.1628225204e-06
345.600000,1.0005928847e-03,-6.0776159584e-07
345.650000,9.9966501561e-04,1.7971517498e-05
345.700000,9.9949897307e-04,-1.1461999423e-05
345.750000,1.0009632140e-03,-8.9925028693e-06
345.800000,9.9846101492e-04,-1.0778419314e-05
345.850000,1.0005251283e-03,-2.6559722321e-06
345.900000,1.0007901485e-03,1.3613580442e-06
345.950000,1.0005288322e-03,-1.5184579886e-05
346.000000,1.0020468427e-03,5.2671464175e-06
346.050000,9.9876833995e-04,-2.7522767961e-06
346.100000,9.9961922138e-04,-1.0793449732e-05
346.150000,9.9987840439e-04,7.4894458949e-06
346.200000,9.9956202500e-04,3.9483204376e-06
346.250000,9.9963532070e-04,-2.5053786720e-05
346.300000,9.9937342868e-04,-2.6059679344e-06
346.350000,9.9990566583e-04,5.8053682918e-06
346.400000,1.0012519663e-03,-2.5262357699e-05
346.450000,9.9892941529e-04,1.2023299567e-05
346.500000,9.9935501136e-04,6.1235974850e-06
346.550000,9.9790805698e-04,1.5167227185e-05
346.600000,9.9999439430e-04,3.8065965998e-06
346.650000,1.0007926974e-03,2.6969812226e-05
346.700000,9.9895668917e-04,-1.2416244947e-05
346.750000,1.0001332283e-03,-8.4884374925e-06
346.800000,9.9920109021e-04,-4.6260256083e-06
346.850000,1.0021491993e-03,2.9910131800e-07
346.900000,9.9972345609e-04,-9.6696705921e-06
346.950000,1.0000208496e-03,-6.9784938841e-06
347.000000,1.0004990453e-03,-3.2504363533e-06
347.050000,1.0000652665e-03,2.4665598630e-06
347.100000,1.0001439860e-03,-1.0537473005e-06
347.150000,1.0001107382e-03,1.5551671868e-05
347.200000,9.9783470911e-04,1.1728500956e-05
347.250000,1.0001405099e-03,2.1006237133e-05
347.300000,1.0011595378e-03,-1.1201826851e-05
347.350000,1.0003989401e-03,-1.0660181042e-05
347.400000,1.0005300734e-03,-4.4301311146e-06
347.450000,9.9878009210e-04,-9.2418445098e-06
347.500000,9.9828475405e-04,2.4959186314e-06
347.550000,9.9864277872e-04,6.6104956419e-06
347.600000,1.0010615847e-03,-4.4502053588e-06
347.650000,1.0005999916e-03,-5.2616502256e-06
347.700000,9.9996590125e-04,-1.0142801327e-05
347.750000,1.0004802427e-03,1.6604731758e-05
347.800000,9.9952661308e-04,3.4454412732e-06
347.850000,9.9987993588e-04,1.4954674143e-06
347.900000,9.9991848557e-04,2.9694379918e-07
347.950000,1.0003266759e-03,2.0307920235e-05
348.000000,9.9959627701e-04,-2.7152659452e-08
348.050000,1.0000571261e-03,9.6039665759e-06
348.100000,9.9872198274e-04,-1.7868711250e-05
348.150000,1.0004889744e-03,3.0462508650e-06
348.200000,9.9897982947e-04,-2.5407667344e-06
348.250000,1.0004763940e-03,2.3756664375e-06
348.300000,9.9860407178e-04,5.3691217101e-06
348.350000,9.9988406892e-04,7.7748354348e-06
348.400000,1.0001130314e-03,-2.4976508058e-05
348.450000,9.9972708045e-04,-8.7782858218e-07
348.500000,9.9955636382e-04,1.1325169532e-05
348.550000,9.9701066957e-04,8.4811676145e-06
348.600000,9.9943379285e-04,1.0573567728e-05
348.650000,9.9891283749e-04,1.6991352084e-05
348.700000,9.9952622345e-04,-3.6871542826e-06
348.750000,1.0024203985e-03,5.9728102885e-06
348.800000,9.9903136334e-04,3.4247121644e-06
348.850000,1.0001695251e-03,-2.3498819249e-05
348.900000,1.0009849587e-03,8.1920893127e-06
348.950000,9.9920243229e-04,-8.2835640107e-06
349.000000,1.0002191883e-03,-7.9669805693e-06
349.050000,9.9972740335e-04,-6.2024887715e-06
349.100000,9.9971377801e-04,4.0610107968e-06
349.150000,1.0025652392e-03,3.3101165773e-06
349.200000,9.9942202934e-04,1.0685457478e-05
349.250000,1.0009715554e-03,1.2370976902e-05
349.300000,1.0010697454e-03,-2.1712722439e-05
349.350000,9.9928634604e-04,8.2742444730e-06
349.400000,1.0008357592e-03,1.0800608184e-05
349.450000,1.0007919957e-03,-2.8280158077e-06
349.500000,9.9969789871e-04,1.0986550202e-06
349.550000,9.9944213504e-04,1.0152324534e-05
349.600000,9.9977270134e-04,7.9839288161e-06
349.650000,9.9966486069e-04,-1.3467286501e-05
349.700000,9.9954688025e-04,-4.4716848603e-06
349.750000,1.0003493585e-03,-3.6747641292e-06
349.800000,1.0005767215e-03,-1.0993240731e-05
349.850000,9.9992934693e-04,7.4693051300e-07
349.900000,9.9904985226e-04,-6.6623084853e-08
349.950000,1.0008723965e-03,1.2040036324e-05
350.000000,1.0003407234e-03,6.6559442022e-06
350.050000,1.0016251066e-03,7.9392439595e-06
350.100000,9.9914102421e-04,7.5347462868e-06
350.150000,9.9957466506e-04,7.4445328706e-06
350.200000,1.0001713105e-03,-6.5698668324e-06
350.250000,9.9964789882e-04,-3.9022976900e-06
350.300000,1.0003720620e-03,6.8123978612e-06
350.350000,1.0001493763e-03,7.0006299944e-07
350.400000,9.9934923203e-04,-1.7765388907e-05
350.450000,1.0007581465e-03,-2.6989568282e-06
350.500000,1.0011804721e-03,2.4844862329e-06
350.550000,1.0000189548e-03,1.8209550023e-07
350.600000,9.9912465707e-04,1.0401928376e-07
350.650000,1.0006444007e-03,-1.5992464678e-06
350.700000,9.9882259993e-04,8.7420806204e-06
350.750000,1.0007944870e-03,-6.2464490470e-06
350.800000,1.0009946066e-03,4.9192751691e-06
350.850000,9.9871449712e-04,1.4492979543e-06
350.900000,1.0015491463e-03,-1.1711297851e-05
350.950000,1.0004177419e-03,1.4225233080e-05
351.000000,9.9964742775e-04,-1.1455606993e-05
351.050000,9.9967429744e-04,1.2673757318e-05
351.100000,1.0005709167e-03,-5.9250975723e-06
351.150000,1.0002602645e-03,8.2953145811e-07
351.200000,9.9941739229e-04,7.8806010235e-06
351.250000,1.0001955785e-03,1.2105917170e-05
351.300000,9.9797715501e-04,-9.5976058435e-07
351.350000,1.0001272100e-03,7.3111330131e-06
351.400000,1.0000721261e-03,-1.4579447326e-05
351.450000,9.9983561077e-04,1.4690066084e-05
351.500000,9.9970077328e-04,1.5415141978e-06
351.550000,1.0015182476e-03,1.7538805985e-05
351.600000,1.0001935673e-03,-3.4214775904e-06
351.650000,1.0007008472e-03,6.7329988807e-06
351.700000,9.9972736202e-04,2.6836761579e-07
351.750000,1.0016019659e-03,-8.3775081691e-06
351.800000,9.9887693097e-04,6.2411518986e-06
351.850000,1.0013106854e-03,4.0097716651e-06
351.900000,1.0013786576e-03,2.0229156552e-07
351.950000,9.9888540497e-04,-5.3037172391e-06
352.000000,9.9903637743e-04,-1.8625548551e-05
352.050000,9.9966917538e-04,5.6548974272e-06
352.100000,9.9808595344e-04,-1.3761921844e-05
352.150000,1.0002665217e-03,-1.9421118666e-05
352.200000,1.0010196412e-03,-5.4957556475e-07
352.250000,9.9907268702e-04,2.8674125532e-06
352.300000,9.9871600143e-04,6.8598160623e-06
352.350000,1.0001610578e-03,3.4759836843e-06
352.400000,1.0009355236e-03,-1.6523816304e-05
352.450000,1.0007102916e-03,-1.7364541722e-05
352.500000,1.0005660996e-03,-1.1323194363e-06
352.550000,1.0008561027e-03,1.1619546537e-05
352.600000,9.9946371889e-04,-7.2092083065e-06
352.650000,9.9952256902e-04,1.5106052573e-05
352.700000,9.9909872635e-04,5.4740178526e-06
352.750000,9.9941370064e-04,1.1170326184e-05
352.800000,1.0004958179e-03,-1.3132638961e-05
352.850000,9.9842959097e-04,-1.0901698983e-05
352.900000,1.0006755538e-03,-1.6215520508e-05
352.950000,1.0003942064e-03,2.6406228289e-06
353.000000,9.9938667682e-04,-6.2535359643e-06
353.050000,1.0005279858e-03,-8.9132445513e-06
353.100000,9.9925947363e-04,-4.8099527114e-06
353.150000,9.9900897310e-04,2.5348334863e-06
353.200000,1.0020779480e-03,-6.8648903093e-06
353.250000,9.9786244580e-04,-9.1892281383e-06
353.300000,1.0016690196e-03,7.9773159638e-06
353.350000,1.0002948122e-03,-9.6477433803e-06
353.400000,9.9962843933e-04,-5.0646376285e-06
353.450000,9.9833401098e-04,-2.9988275196e-07
353.500000,1.0025341554e-03,-8.4806798703e-06
353.550000,9.9888859825e-04,-2.0135849452e-05
353.600000,9.9985629664e-04,1.0233069040e-05
353.650000,9.9793008002e-04,-8.7452578258e-06
353.700000,1.0005716678e-03,-5.9637337882e-06
353.750000,1.0011341727e-03,-4.2283341667e-06
353.800000,9.9956787704e-04,-3.1267546886e-05
353.850000,9.9693663157e-04,8.3378521937e-07
353.900000,9.9996043372e-04,1.2829566942e-05
353.950000,9.9956378642e-04,1.5372320684e-05
354.000000,9.9872634241e-04,-3.3219955180e-06
354.050000,1.0009455909e-03,-3.4244830650e-05
354.100000,9.9989450285e-04,-1.0569082485e-06
354.150000,1.0009552619e-03,8.3834506628e-06
354.200000,9.9909927202e-04,-8.9929330864e-07
354.250000,9.9940922353e-04,-2.1168201685e-06
354.300000,1.0010483940e-03,5.5356344537e-06
354.350000,1.0008616991e-03,-2.1191088104e-06
354.400000,9.9873365840e-04,1.4649679873e-07
354.450000,9.9937558945e-04,1.0419399780e-05
354.500000,9.9949059132e-04,1.3588703823e-05
354.550000,1.0004129937e-03,6.3135186757e-06
354.600000,1.0002457542e-03,8.3510946506e-06
354.650000,1.0006243325e-03,6.1819461971e-06
354.700000,1.0022957567e-03,2.4994428175e-05
354.750000,9.9841355573e-04,5.0341643463e-06
354.800000,9.9891397348e-04,3.9510420470e-07
354.850000,1.0012591859e-03,-1.9714945288e-05
354.900000,9.9969137150e-04,-8.1131804204e-06
354.950000,1.0007444848e-03,-2.5315279140e-06
355.000000,1.0002461319e-03,4.1517271483e-06
355.050000,9.9878453355e-04,3.0245031273e-06
355.100000,1.0007597441e-03,1.6892968750e-05
355.150000,1.0002414745e-03,2.8054330583e-07
355.200000,9.9905928500e-04,-6.6206879574e-06
355.250000,1.0003082619e-03,1.7963928679e-05
355.300000,9.9991462576e-04,-4.8536606742e-06
355.350000,9.9822403417e-04,7.3202514501e-06
355.400000,9.9838673198e-04,-1.9967022607e-06
355.450000,9.9857429278e-04,6.6466087124e-06
355.500000,1.0003211842e-03,-3.0704623112e-05
355.550000,9.9852172849e-04,6.6630413522e-06
355.600000,1.0009840802e-03,4.0998816938e-06
355.650000,9.9897985082e-04,1.6449023837e-05
355.700000,9.9958458308e-04,-8.8515911889e-06
355.750000,1.0007928711e-03,2.0478064364e-07
355.800000,1.0008565142e-03,2.8864718771e-06
355.850000,1.0013880655e-03,2.1870512238e-06
355.900000,9.9958067789e-04,9.5768875968e-06
355.950000,9.9969524331e-04,2.2176629431e-06
356.000000,1.0010597436e-03,6.1220471287e-06
356.050000,9.9998766934e-04,9.0417812743e-06
356.100000,1.0003972006e-03,-5.5850365293e-06
356.150000,9.9952860548e-04,2.6606539170e-05
356.200000,1.0005562715e-03,1.0331161416e-06
356.250000,9.9961146813e-04,-6.7374124083e-06
356.300000,9.9950249864e-04,-9.8642217430e-06
356.350000,1.0001401217e-03,3.7776585753e-06
356.400000,9.9933101682e-04,1.8013384958e-06
356.450000,1.0012280675e-03,-1.2656812052e-05
356.500000,1.0004402061e-03,-1.0828132778e-05
356.550000,9.9872761268e-04,2.0125581681e-05
356.600000,9.9759121889e-04,1.3158564856e-06
356.650000,9.9896224281e-04,3.7006946750e-06
356.700000,1.0006045158e-03,2.0119104451e-06
356.750000,9.9959825041e-04,8.4210284304e-06
356.800000,9.9908974979e-04,-7.4936688160e-06
356.850000,9.9919322547e-04,-1.4122546839e-05
356.900000,1.0019315500e-03,-5.7312240574e-06
356.950000,9.9905462051e-04,1.3597502498e-06
357.000000,9.9922808027e-04,1.1692820781e-05
357.050000,9.9963382725e-04,-8.0939340565e-06
357.100000,9.9842081199e-04,1.3118873779e-05
357.150000,1.0016138689e-03,-6.8847463524e-06
357.200000,1.0012861877e-03,-1.9660817825e-05
357.250000,1.0000660231e-03,-1.2990528299e-05
357.300000,9.9948995433e-04,8.5015967169e-08
357.350000,9.9889067599e-04,7.0715764136e-06
357.400000,1.0017619910e-03,2.1386796984e-06
357.450000,1.0000529804e-03,-8.7209512962e-06
357.500000,9.9747779423e-04,3.0760704306e-06
357.550000,9.9877728705e-04,3.3909844220e-06
357.600000,1.0013621451e-03,-6.3979390441e-06
357.650000,1.0007948639e-03,5.0695674381e-06
357.700000,1.0011096061e-03,-3.3190807926e-06
357.750000,1.0001550195e-03,7.0257919736e-06
357.800000,1.0010914733e-03,1.0763592124e-06
357.850000,1.0007823605e-03,1.3787384368e-05
357.900000,1.0011506734e-03,-1.3548565861e-05
357.950000,9.9929587934e-04,-8.4923579994e-06
358.000000,9.9741399026e-04,-1.9968386268e-05
358.050000,1.0015580154e-03,2.3697032589e-05
358.100000,9.9916564893e-04,-5.1306197967e-06
358.150000,1.0005404021e-03,1.9635253780e-05
358.200000,1.0024237405e-03,-1.8353281711e-06
358.250000,9.9914208541e-04,9.0017887548e-06
358.300000,9.9888223587e-04,-3.7161536294e-06
358.350000,9.9967055472e-04,1.4851753803e-05
358.400000,1.0001166730e-03,8.6725833147e-07
358.450000,1.0002517618e-03,-5.4306617788e-06
358.500000,1.0004890528e-03,5.2127933066e-06
358.550000,9.9853979907e-04,-1.5367127601e-05
358.600000,9.9918193066e-04,-1.1120660882e-05
358.650000,9.9977353437e-04,-3.6631838563e-06
358.700000,1.0013078077e-03,9.9996833361e-06
358.750000,1.0001001447e-03,7.4340443756e-06
358.800000,1.0010434959e-03,2.5169605918e-06
358.850000,1.0002638171e-03,-1.1712747649e-05
358.900000,9.9950063046e-04,6.6874734157e-06
358.950000,1.0008051392e-03,-1.4727863927e-05
359.000000,1.0018203804e-03,7.4652612570e-06
359.050000,1.0014200076e-03,6.6817154865e-07
359.100000,9.9971973766e-04,-1.8797932130e-06
359.150000,9.9930036524e-04,-6.1297622421e-06
359.200000,9.9956634791e-04,4.7070771128e-06
359.250000,9.9933297409e-04,1.0721304508e-05
359.300000,9.9826358869e-04,-1.2104292902e-05
359.350000,1.0006608365e-03,2.9334931822e-06
359.400000,9.9863380631e-04,-1.0842447520e-05
359.450000,9.9953512283e-04,-1.4343031028e-06
359.500000,9.9936180554e-04,6.2764514912e-06
359.550000,9.9939325270e-04,-2.0028149230e-05
359.600000,1.0006232852e-03,8.8792067074e-06
359.650000,1.0018250888e-03,-5.1673568221e-06
359.700000,1.0005853754e-03,6.1346391625e-06
359.750000,9.9897918567e-04,1.6423494974e-05
359.800000,1.0015640126e-03,-3.5828128825e-06
359.850000,1.0016492729e-03,-7.5944474527e-08
359.900000,9.9980410867e-04,1.3833748938e-05
359.950000,1.0005198984e-03,-3.0708475550e-08
360.000000,1.0005318199e-03,-6.6063926878e-06
360.050000,1.0001550726e-03,1.5672449742e-05
360.100000,9.9850428640e-04,-2.5567321593e-06
360.150000,1.0014251315e-03,-1.3811738990e-05
360.200000,9.9960078990e-04,6.2094660473e-06
360.250000,1.0003943374e-03,7.1310405737e-06
360.300000,1.0008033221e-03,2.1012119489e-05
360.350000,1.0013896097e-03,-1.6417496652e-05
360.400000,9.9992139147e-04,-1.2559773161e-05
360.450000,9.9996774952e-04,5.1721602457e-06
360.500000,1.0001769083e-03,1.5289399257e-06
360.550000,9.9887893180e-04,8.2701058922e-06
360.600000,1.0001626577e-03,-6.3546815922e-06
360.650000,1.0005432218e-03,6.6004400147e-06
360.700000,9.9903267861e-04,3.8570225471e-06
360.750000,9.9924392997e-04,1.4056879466e-05
360.800000,9.9984151807e-04,1.1185924051e-05
360.850000,9.9984008093e-04,7.2737430139e-06
360.900000,9.9887070310e-04,-2.1311637573e-06
360.950000,1.0007654440e-03,-8.5275268800e-06
361.000000,1.0004119734e-03,1.5944270680e-05
361.050000,9.9931146986e-04,-2.5396482301e-06
361.100000,1.0001576001e-03,-9.3631023044e-06
361.150000,9.9842856420e-04,4.0317997625e-06
361.200000,9.9995724679e-04,7.9970218958e-06
361.250000,9.9945349388e-04,-1.0236910179e-05
361.300000,9.9998395183e-04,6.1545202935e-06
361.350000,9.9907375983e-04,1.3787729958e-05
361.400000,9.9906030975e-04,-2.4087511685e-05
361.450000,1.0004008073e-03,7.8224628277e-06
361.500000,9.9841499981e-04,-5.0836509008e-06
361.550000,1.0006998220e-03,7.4599859737e-06
361.600000,1.0002214079e-03,-1.6861117189e-06
361.650000,9.9973399335e-04,-5.8274253131e-06
361.700000,9.9911820714e-04,-5.0861329907e-06
361.750000,9.9984450604e-04,7.6193367905e-06
361.800000,1.0018742445e-03,3.0099313891e-06
361.850000,9.9980508214e-04,5.1518274869e-06
361.900000,9.9992507047e-04,1.3207514290e-06
361.950000,1.0003343981e-03,4.8988873687e-06
362.000000,9.9841434913e-04,1.3991576097e-05
362.050000,9.9992119709e-04,-7.5059562005e-07
362.100000,9.9920539461e-04,1.3785239674e-05
362.150000,1.0007467134e-03,9.9146879605e-06
362.200000,1.0004170856e-03,2.4938936692e-06
362.250000,1.0003103385e-03,-5.0554972701e-06
362.300000,1.0005146727e-03,9.6938932604e-06
362.350000,9.9961049726e-04,7.1848457412e-06
362.400000,1.0004252765e-03,4.6920557210e-06
362.450000,1.0009153712e-03,-9.3630420645e-06
362.500000,9.9913048664e-04,-1.7318935600e-06
362.550000,1.0007939181e-03,2.8950497175e-06
362.600000,1.0001014784e-03,-2.5697587144e-08
362.650000,9.9709414236e-04,1.0095287252e-05
362.700000,1.0005003417e-03,1.5022450242e-05
362.750000,1.0001873887e-03,6.7221742168e-06
362.800000,9.9902473445e-04,-1.9083408204e-05
362.850000,1.0003739377e-03,-4.3234097896e-06
362.900000,1.0015644182e-03,-6.4634881205e-06
362.950000,9.9891589345e-04,4.1564030437e-07
363.000000,1.0003477775e-03,-1.4314919723e-05
363.050000,1.0023547046e-03,1.4244413962e-05
363.100000,1.0011914937e-03,-1.0683393164e-05
363.150000,1.0007874403e-03,3.7917651998e-06
363.200000,9.9976732576e-04,9.6390539912e-06
363.250000,1.0013251146e-03,1.4381594975e-05
363.300000,9.9945039025e-04,-3.5998299358e-06
363.350000,1.0010586970e-03,-8.3034507240e-06
363.400000,9.9962022727e-04,-4.4919888847e-06
363.450000,9.9931163655e-04,6.8704391760e-06
363.500000,9.9720117670e-04,1.0275507780e-05
363.550000,9.9996921438e-04,-4.6467044312e-06
363.600000,1.0004802213e-03,2.7969520080e-05
363.650000,1.0003653579e-03,9.9267754045e-06
363.700000,1.0014098560e-03,-1.3543386906e-05
363.750000,9.9999835173e-04,-9.3177988110e-06
363.800000,9.9763549445e-04,1.9223777075e-05
363.850000,1.0009209208e-03,-1.3785884156e-06
363.900000,1.0007152913e-03,2.8260260291e-06
363.950000,1.0011869741e-03,-1.1064616684e-05
364.000000,9.9788093188e-04,-1.4880477875e-06
364.050000,1.0019841911e-03,6.8690846079e-06
364.100000,9.9933219200e-04,9.2712415836e-06
364.150000,9.9991375348e-04,7.6549217710e-06
364.200000,9.9853166415e-04,-7.7426432567e-06
364.250000,9.9976178180e-04,1.4416654980e-06
364.300000,9.9942322327e-04,1.1954694287e-05
364.350000,9.9984461377e-04,5.5111446915e-06
364.400000,1.0009596575e-03,-1.6877417582e-05
364.450000,9.9934786994e-04,1.8436806728e-05
364.500000,1.0001629292e-03,2.1196626805e-05
364.550000,9.9883629707e-04,3.5465489621e-06
364.600000,9.9878472545e-04,-1.0341338490e-07
364.650000,9.9918467853e-04,7.2850337700e-06
364.700000,9.9704261394e-04,-3.0077917133e-06
364.750000,1.0000062756e-03,-7.4009405091e-06
364.800000,1.0007402117e-03,1.7919633366e-07
364.850000,9.9866404079e-04,8.2580823136e-06
364.900000,9.9797698080e-04,1.0173669789e-05
364.950000,9.9971258147e-04,6.3101918339e-06
365.000000,9.9845927967e-04,-4.1870586885e-06
365.050000,1.0006386289e-03,1.2401910251e-05
365.100000,9.9758414997e-04,1.9757721531e-06
365.150000,9.9963541301e-04,7.4684217014e-06
365.200000,9.9958512145e-04,1.5198694532e-05
365.250000,1.0000604163e-03,5.7890284322e-06
365.300000,9.9871909067e-04,-8.3839922846e-06
365.350000,1.0001570751e-03,-1.4903113747e-05
365.400000,9.9869636955e-04,1.3861336673e-05
365.450000,9.9861394433e-04,-1.7519861752e-05
365.500000,1.0004429411e-03,-1.1923649177e-05
365.550000,9.9981058567e-04,2.3986501316e-06
365.600000,1.0004919872e-03,6.2871746590e-08
365.650000,9.9976298284e-04,5.5390646210e-06
365.700000,9.9943329346e-04,2.5271066477e-06
365.750000,1.0011852922e-03,-1.2809719905e-06
365.800000,9.9857811266e-04,-6.3962653655e-06
365.850000,1.0004942046e-03,1.1868623639e-07
365.900000,9.9869044561e-04,-4.6838662463e-06
365.950000,1.0012824560e-03,5.4401816198e-07
366.000000,9.9885318917e-04,-1.9473050876e-05
366.050000,1.0011037318e-03,2.5900259067e-06
366.100000,1.0000213032e-03,1.3033504405e-05
366.150000,1.0010798941e-03,4.5617950234e-08
366.200000,1.0021011799e-03,7.0446470176e-06
366.250000,9.9872567249e-04,1.8841991688e-05
366.300000,9.9934834536e-04,1.0533117578e-05
366.350000,1.0007626729e-03,5.9005628538e-06
366.400000,9.9994713390e-04,7.9091036749e-06
366.450000,1.0006838783e-03,1.4413420975e-05
366.500000,1.0011474150e-03,4.0220119556e-06
366.550000,1.0001703360e-03,-1.1644184150e-05
366.600000,9.9949955486e-04,-1.5403535526e-06
366.650000,1.0006340294e-03,-1.2087240817e-06
366.700000,1.0013059508e-03,1.0422439395e-05
366.750000,9.9800038894e-04,-1.8861701840e-05
366.800000,1.0006247080e-03,1.0389657771e-05
366.850000,1.0017602828e-03,-2.4946661359e-06
366.900000,9.9917932221e-04,-2.8975989819e-06
366.950000,9.9910707747e-04,-2.0245799837e-05
367.000000,9.9800410106e-04,-7.8918064221e-06
367.050000,9.9911168246e-04,-5.8222565286e-06
367.100000,9.9760626778e-04,-1.4394452702e-06
367.150000,9.9991244637e-04,1.7010707577e-05
367.200000,1.0010131430e-03,-7.5843091729e-06
367.250000,9.9880957703e-04,-4.9505935802e-06
367.300000,9.9857627528e-04,9.6909413347e-07
367.350000,1.0007454513e-03,4.3384013179e-06
367.400000,1.0003237727e-03,-7.6564451924e-06
367.450000,9.9986538176e-04,6.2222529764e-06
367.500000,9.9962224194e-04,-3.2751793360e-06
367.550000,1.0002941040e-03,9.7497938882e-06
367.600000,1.0012739883e-03,-1.2171957774e-06
367.650000,9.9958812935e-04,-5.8451965195e-06
367.700000,9.9756610649e-04,3.9563821674e-07
367.750000,9.9957918798e-04,-5.2143448522e-06
367.800000,9.9984793355e-04,1.5833537863e-05
367.850000,1.0004662593e-03,5.8969027106e-06
367.900000,1.0008964270e-03,7.4428696488e-06
367.950000,1.0005050813e-03,4.7848269673e-07
368.000000,1.0000110574e-03,6.3911095067e-06
368.050000,9.9918452216e-04,9.1911053824e-06
368.100000,9.9943383942e-04,-7.0110117904e-06
368.150000,9.9925331148e-04,-1.8441694014e-06
368.200000,1.0004433594e-03,-3.8029945770e-06
368.250000,1.0006545203e-03,-1.7521461421e-06
368.300000,1.0009388517e-03,1.6668849013e-05
368.350000,1.0006664508e-03,8.6851496861e-06
368.400000,9.9971711721e-04,-8.5920822734e-06
368.450000,9.9977029845e-04,1.2186924959e-05
368.500000,1.0001119577e-03,-1.7937129777e-06
368.550000,9.9946974549e-04,-2.5985902012e-06
368.600000,9.9771514252e-04,9.1518202545e-07
368.650000,9.9858928638e-04,1.7475607847e-05
368.700000,1.0014212999e-03,7.5748845106e-06
368.750000,9.9930309869e-04,-1.8904915100e-05
368.800000,9.9894661999e-04,9.2005946974e-06
368.850000,1.0021789726e-03,-4.0855203417e-06
368.900000,9.9994618137e-04,6.8787396617e-06
368.950000,1.0008147777e-03,1.2340918577e-05
369.000000,9.9864081597e-04,3.0021281500e-07
369.050000,1.0009651053e-03,-4.9153218659e-06
369.100000,1.0007171653e-03,-5.8609194139e-06
369.150000,1.0006727054e-03,-9.9534149332e-06
369.200000,9.9785062024e-04,-8.7434015889e-06
369.250000,1.0002763642e-03,1.6382836209e-05
369.300000,1.0000003438e-03,1.0888073961e-05
369.350000,9.9965035904e-04,-5.8536523303e-06
369.400000,9.9942318396e-04,-6.4711357398e-06
369.450000,1.0009927834e-03,3.5713999692e-06
369.500000,1.0016498585e-03,5.6619334365e-06
369.550000,1.0004756326e-03,-1.4539032319e-05
369.600000,9.9943176670e-04,-1.8564434457e-06
369.650000,1.0013144105e-03,-5.8736515625e-06
369.700000,1.0011266229e-03,-1.2058808984e-05
369.750000,1.0014306986e-03,-1.0887182892e-05
369.800000,1.0019477727e-03,-1.1459971467e-06
369.850000,1.0004991804e-03,2.8677278369e-05
369.900000,9.9912004163e-04,8.4894889361e-06
369.950000,1.0002079164e-03,-1.5329225438e-06
370.000000,9.9857386763e-04,-3.9496634647e-07
370.050000,9.9956084569e-04,-2.1125967654e-05
370.100000,1.0007692080e-03,-1.4641615927e-05
370.150000,1.0002548873e-03,3.7543206815e-06
370.200000,1.0000666315e-03,-9.5723888419e-06
370.250000,9.9853738455e-04,-3.7520953788e-06
370.300000,1.0005365570e-03,8.1875044913e-06
370.350000,9.9796773239e-04,1.1635714229e-06
370.400000,1.0018707095e-03,-1.4025825912e-06
370.450000,9.9944437378e-04,6.2833504833e-06
370.500000,9.9749368232e-04,-1.6999822409e-05
370.550000,9.9990270371e-04,9.7994864524e-06
370.600000,1.0004182598e-03,-1.6887778807e-05
370.650000,1.0009325527e-03,-2.4166823985e-06
370.700000,9.9852316427e-04,5.5029093027e-06
370.750000,1.0004830867e-03,4.9535262020e-07
370.800000,9.9950733107e-04,1.3329777515e-06
370.850000,9.9834859831e-04,2.6869785880e-06
370.900000,9.9999348967e-04,3.3865179219e-06
370.950000,1.0003813071e-03,-8.3660532381e-06
371.000000,9.9956082569e-04,6.5187161786e-06
371.050000,1.0008432667e-03,6.6250630738e-07
371.100000,9.9913711949e-04,-1.7860100198e-06
371.150000,9.9979057134e-04,-4.1020893509e-06
371.200000,9.9977804668e-04,-3.9982630538e-06
371.250000,1.0014840335e-03,-4.4833638970e-06
371.300000,9.9968056952e-04,-1.1894613845e-05
371.350000,1.0002558377e-03,1.3881195365e-05
371.400000,1.0018003922e-03,4.5114506613e-06
371.450000,9.9929014399e-04,-1.0159701978e-05
371.500000,9.9881917980e-04,-1.3959243317e-05
371.550000,1.0007226422e-03,-1.4004539420e-05
371.600000,9.9857732307e-04,1.4385463304e-07
371.650000,9.9911919440e-04,7.8902057202e-06
371.700000,1.0000745718e-03,1.0171737901e-05
371.750000,9.9998380621e-04,1.3052956948e-05
371.800000,1.0007401880e-03,-1.2315591034e-06
371.850000,1.0009238720e-03,-2.5489951466e-06
371.900000,9.9876908960e-04,-6.8028315081e-06
371.950000,9.9972782723e-04,-8.4648395028e-07
372.000000,9.9926529476e-04,-5.8714469411e-07
372.050000,9.9920641029e-04,8.6428234685e-06
372.100000,1.0000006005e-03,-2.4859721385e-05
372.150000,1.0000398549e-03,-8.3030584177e-06
372.200000,9.9941230209e-04,1.8621719667e-05
372.250000,9.9876166294e-04,9.1712896723e-06
372.300000,9.9954775796e-04,-1.9500729645e-06
372.350000,9.9775029527e-04,2.1003512849e-05
372.400000,1.0007080278e-03,-7.0189745876e-07
372.450000,9.9977453920e-04,-8.1602044985e-06
372.500000,9.9893254012e-04,-1.9676695602e-05
372.550000,9.9953506209e-04,-3.1476392925e-06
372.600000,9.9868000538e-04,5.6375820803e-06
372.650000,1.0002318422e-03,7.4517589437e-06
372.700000,1.0004375507e-03,-1.7232726128e-05
372.750000,9.9883489917e-04,-8.3210616984e-06
372.800000,1.0005569921e-03,-1.3091723881e-05
372.850000,9.9783287817e-04,5.1251833133e-06
372.900000,9.9823969149e-04,-2.0901007559e-05
372.950000,9.9990506592e-04,-8.2480728296e-06
373.000000,9.9803834263e-04,1.7456240086e-05
373.050000,1.0006712631e-03,2.0639024544e-06
373.100000,1.0004864973e-03,-1.6559084642e-06
373.150000,1.0001563251e-03,-4.1388243373e-08
373.200000,9.9950073311e-04,-1.1427855084e-05
373.250000,1.0001036497e-03,-3.2834127158e-06
373.300000,9.9949647867e-04,3.4093638595e-06
373.350000,9.9933135345e-04,1.0498578322e-06
373.400000,1.0012735657e-03,-6.9117060965e-06
373.450000,9.9984678153e-04,-3.5929814952e-06
373.500000,1.0013256671e-03,-3.9926997795e-06
373.550000,9.9981452129e-04,9.4820475278e-07
373.600000,1.0002512558e-03,-1.4855379651e-05
373.650000,9.9984029740e-04,-2.6135528369e-05
373.700000,1.0004611698e-03,-1.0356304343e-05
373.750000,9.9843854373e-04,-8.2914469555e-07
373.800000,9.9972273314e-04,5.2505235461e-06
373.850000,9.9889435355e-04,-8.6732927490e-06
373.900000,9.9947742602e-04,5.4778834095e-06
373.950000,9.9939216734e-04,1.6617671409e-05
374.000000,1.0018404200e-03,6.2879784971e-06
374.050000,1.0008651842e-03,3.6618818578e-06
374.100000,1.0003233630e-03,-4.1170404407e-06
374.150000,9.9984911746e-04,1.7170419285e-06
374.200000,9.9880353415e-04,-2.9177865751e-06
374.250000,9.9966775589e-04,5.6630170849e-06
374.300000,9.9989972087e-04,-1.4146968593e-05
374.350000,1.0008071611e-03,1.5412790882e-05
374.400000,9.9784359063e-04,2.2701285573e-05
374.450000,9.9975182830e-04,-1.0025706010e-05
374.500000,1.0001162664e-03,-1.1491981112e-05
374.550000,1.0002079523e-03,6.8442227921e-06
374.600000,9.9780115009e-04,2.0865159924e-07
374.650000,1.0009417763e-03,-1.1007259173e-05
374.700000,1.0010191062e-03,-7.5870392188e-06
374.750000,9.9851531000e-04,1.4504169259e-05
374.800000,9.9901251607e-04,-2.2664981223e-06
374.850000,1.0003344026e-03,7.8429503174e-06
374.900000,1.0019448976e-03,5.8328703277e-06
374.950000,9.9808887404e-04,-2.5809265073e-06
375.000000,9.9973278158e-04,1.4410195082e-05
375.050000,1.0003222356e-03,-1.2100808354e-06
375.100000,1.0006030721e-03,3.3637705737e-06
375.150000,9.9688320418e-04,3.6166908033e-06
375.200000,9.9958992307e-04,6.4672637272e-07
375.250000,9.9769483974e-04,9.5455155190e-06
375.300000,1.0015275958e-03,5.6760870311e-06
375.350000,9.9789044201e-04,6.3480556480e-06
375.400000,1.0002858708e-03,8.3165428468e-06
375.450000,1.0005452164e-03,1.3079824677e-05
375.500000,1.0011846500e-03,-1.1241401403e-05
375.550000,1.0001012247e-03,8.4088401715e-06
375.600000,1.0005718536e-03,-9.5621141037e-06
375.650000,9.9913397256e-04,-1.0351736952e-05
375.700000,9.9863094587e-04,1.3797591564e-05
375.750000,1.0005338439e-03,-4.0307521702e-06
375.800000,9.9851343300e-04,-1.5371695511e-05
375.850000,9.9866082191e-04,-8.8938136813e-06
375.900000,1.0001273259e-03,-5.6639710972e-06
375.950000,9.9915611092e-04,4.7282269248e-06
376.000000,9.9904217607e-04,8.5994484146e-06
376.050000,9.9882870498e-04,3.2932292008e-05
376.100000,9.9915826116e-04,4.9027379381e-06
376.150000,9.9968691402e-04,1.7772719149e-05
376.200000,9.9957486026e-04,-3.9318784183e-06
376.250000,1.0023318664e-03,-9.1642247571e-06
376.300000,9.9924823017e-04,7.3674376208e-06
376.350000,1.0006256368e-03,-1.2417315070e-05
376.400000,9.9932242092e-04,2.1280204839e-06
376.450000,1.0009360667e-03,-4.5486891586e-06
376.500000,1.0001330300e-03,-5.5766027212e-06
376.550000,1.0017606335e-03,1.7468348149e-05
376.600000,9.9975810063e-04,-6.3079714439e-06
376.650000,1.0003169800e-03,7.6482901868e-06
376.700000,1.0018339297e-03,-7.6702500148e-06
376.750000,9.9985679328e-04,3.5687860575e-06
376.800000,9.9955115378e-04,3.1496464348e-06
376.850000,9.9889598248e-04,3.5626643620e-06
376.900000,9.9861606285e-04,-4.1866321972e-07
376.950000,1.0007331505e-03,2.5349751510e-06
377.000000,1.0016391900e-03,2.7004619837e-06
377.050000,1.0010949881e-03,1.3981045207e-05
377.100000,1.0018809859e-03,4.8573511609e-06
377.150000,9.9999957304e-04,3.3951228596e-06
377.200000,1.0003751938e-03,-1.7453518777e-05
377.250000,1.0006176802e-03,6.0212504236e-06
377.300000,9.9826864475e-04,-8.2189976090e-06
377.350000,1.0010221105e-03,-1.5782805100e-06
377.400000,9.9943232428e-04,5.0088088561e-07
377.450000,1.0003776693e-03,-4.8646819531e-07
377.500000,9.9873950894e-04,8.6472192960e-06
377.550000,1.0002804546e-03,-4.2013209987e-06
377.600000,1.0015836399e-03,1.8092033012e-06
377.650000,9.9946259053e-04,7.6671507590e-06
377.700000,9.9922655121e-04,-1.0782872462e-05
377.750000,1.0022178616e-03,-1.4792934037e-05
377.800000,1.0004583371e-03,6.8045520997e-06
377.850000,1.0003027498e-03,-1.1302781980e-05
377.900000,1.0002522709e-03,-4.3195004002e-06
377.950000,1.0011460841e-03,-1.1068180845e-05
378.000000,1.0001970418e-03,2.8048844454e-07
378.050000,1.0012622231e-03,4.5354424970e-06
378.100000,9.9964842114e-04,-1.5946177667e-07
378.150000,9.9827142954e-04,7.6292098083e-07
378.200000,9.9928819726e-04,1.6395769449e-07
378.250000,9.9971585136e-04,5.2121687312e-06
378.300000,1.0015097756e-03,-6.5134477138e-06
378.350000,9.9935319136e-04,-1.7791536513e-05
378.400000,9.9897766882e-04,-3.9604005751e-07
378.450000,9.9963175808e-04,-6.5509051271e-06
378.500000,1.0010685601e-03,5.7342631499e-06
378.550000,1.0016373583e-03,1.0933280793e-05
378.600000,9.9903586290e-04,3.3138983063e-06
378.650000,1.0010413371e-03,8.4629399082e-07
378.700000,9.9862840449e-04,1.0452726234e-05
378.750000,1.0006046775e-03,-1.0367980266e-05
378.800000,1.0002264794e-03,1.4104911250e-05
378.850000,1.0007588711e-03,6.7073963863e-07
378.900000,9.9885842912e-04,-4.3642909828e-06
378.950000,9.9879724701e-04,-2.6911150476e-06
379.000000,1.0018733606e-03,2.8767523718e-06
379.050000,9.9970073889e-04,-1.0230701478e-05
379.100000,9.9930957495e-04,3.5772178520e-05
379.150000,9.9903643052e-04,6.5498486181e-06
379.200000,1.0009260691e-03,1.6339511115e-05
379.250000,9.9934001632e-04,1.0823268753e-05
379.300000,9.9954401892e-04,-7.3545758338e-06
379.350000,1.0011111217e-03,1.1893411402e-05
379.400000,1.0002302404e-03,1.6519960825e-05
379.450000,9.9907625940e-04,-3.6037511936e-06
379.500000,9.9901023413e-04,-2.1776987239e-05
379.550000,9.9965148937e-04,-9.0006748312e-06
379.600000,9.9947017562e-04,-4.5871043438e-06
379.650000,9.9866516237e-04,5.6627251167e-06
379.700000,9.9929410380e-04,-2.2927353378e-06
379.750000,9.9933559296e-04,2.0147745370e-06
379.800000,1.0014148957e-03,4.9611915881e-06
379.850000,9.9935703239e-04,1.9380084962e-05
379.900000,9.9968815292e-04,9.8387086600e-07
379.950000,9.9935130583e-04,-1.0265231061e-05
380.000000,9.9902408380e-04,-6.5605020338e-07
380.050000,1.0004169909e-03,-1.0474008010e-06
380.100000,9.9899764373e-04,1.5499055066e-05
380.150000,1.0015733654e-03,-3.4758472508e-06
380.200000,1.0007648504e-03,3.0853000498e-06
380.250000,1.0002434079e-03,-1.1643660452e-05
380.300000,1.0007830075e-03,2.9925023901e-06
380.350000,1.0012053715e-03,-3.5694647028e-06
380.400000,9.9986827245e-04,-1.0970053748e-05
380.450000,9.9893625192e-04,-4.3003259379e-06
380.500000,1.0007597942e-03,-1.3268768163e-05
380.550000,1.0016992355e-03,-7.9918727663e-06
380.600000,1.0002346294e-03,-1.6764150160e-05
380.650000,1.0005679090e-03,-5.3246468648e-06
380.700000,9.9897131893e-04,-7.9238815964e-06
380.750000,9.9911473501e-04,1.1596161748e-05
380.800000,9.9904753814e-04,1.8934899813e-05
380.850000,1.0005685603e-03,-9.6044618069e-06
380.900000,9.9929143800e-04,-1.0062679262e-05
380.950000,1.0019144588e-03,-7.2127023646e-06
381.000000,9.9874311055e-04,-1.3779954249e-06
381.050000,9.9970489279e-04,1.0491726465e-05
381.100000,1.0009996739e-03,-7.0421264475e-06
381.150000,9.9847557893e-04,-8.1649882185e-06
381.200000,9.9808594449e-04,9.1628221133e-07
381.250000,9.9907949348e-04,-3.6881421240e-06
381.300000,1.0007124486e-03,-5.2413475260e-06
381.350000,9.9863951455e-04,5.4633238778e-06
381.400000,9.9891681204e-04,9.0789855644e-06
381.450000,1.0001964303e-03,5.3375398361e-06
381.500000,1.0006349357e-03,-7.3771062579e-06
381.550000,9.9960177973e-04,-1.0180480124e-05
381.600000,1.0003098644e-03,1.9816943367e-06
381.650000,1.0008828540e-03,-8.3757059740e-06
381.700000,9.9973624965e-04,6.8827794188e-06
381.750000,9.9953489084e-04,1.9168028895e-06
381.800000,1.0009372752e-03,-2.4363105558e-06
381.850000,1.0005816543e-03,-7.3194907365e-06
381.900000,9.9973373563e-04,-2.3724688419e-05
381.950000,1.0005094966e-03,-4.2083174572e-06
382.000000,1.0003067213e-03,-8.9301937649e-07
382.050000,9.9977377248e-04,8.9763245315e-06
382.100000,9.9984770688e-04,-4.5944983365e-06
382.150000,9.9875607862e-04,-2.3220466101e-06
382.200000,1.0010261589e-03,-1.5351372062e-05
382.250000,9.9972898105e-04,-2.6445956817e-06
382.300000,1.0011378573e-03,-4.2000888443e-06
382.350000,1.0007810787e-03,1.8022297333e-06
382.400000,1.0006581240e-03,5.4517829225e-06
382.450000,9.9999245728e-04,-1.2435652824e-06
382.500000,1.0003644967e-03,1.5177492661e-05
382.550000,9.9919253105e-04,4.6928195224e-06
382.600000,1.0007477785e-03,-5.6574192818e-06
382.650000,1.0019521435e-03,9.7309793246e-06
382.700000,1.0006290854e-03,7.6365132243e-06
382.750000,9.9815358936e-04,-4.5317572728e-06
382.800000,1.0000746653e-03,-1.1824359548e-05
382.850000,9.9827748498e-04,1.1723117593e-05
382.900000,1.0016620848e-03,-7.7925744150e-06
382.950000,9.9895913399e-04,-2.1444273076e-06
383.000000,9.9983451278e-04,1.1395085803e-05
383.050000,9.9870110545e-04,-2.2910793316e-06
383.100000,1.0004983194e-03,-1.0220863162e-05
383.150000,9.9904674052e-04,-1.8800036698e-05
383.200000,9.9847304605e-04,4.6015227932e-06
383.250000,1.0009632515e-03,-2.2942941305e-06
383.300000,9.9991644142e-04,1.8103525506e-06
383.350000,9.9975581691e-04,1.2623083651e-05
383.400000,1.0007101405e-03,8.8431670586e-06
383.450000,9.9860978687e-04,-2.6339972302e-06
383.500000,1.0001376735e-03,-4.7289293161e-06
383.550000,9.9819413170e-04,-1.8751193086e-05
383.600000,9.9778901670e-04,-8.3893356436e-07
383.650000,1.0003056203e-03,-2.7711174317e-06
383.700000,9.9989726481e-04,2.0183100547e-06
383.750000,1.0014423281e-03,-9.4468588989e-06
383.800000,1.0009653497e-03,3.1259065583e-06
383.850000,9.9876639227e-04,6.6673421758e-06
383.900000,1.0011892202e-03,1.6491706697e-06
383.950000,9.9776667701e-04,-1.7849433533e-05
384.000000,9.9955919392e-04,-1.8397064179e-05
384.050000,9.9901949579e-04,5.6580526856e-06
384.100000,1.0009926578e-03,3.9868530761e-06
384.150000,9.9941216013e-04,-1.3402164371e-05
384.200000,1.0004547613e-03,1.4217816686e-06
384.250000,1.0021690266e-03,-1.2824102809e-05
384.300000,1.0002502697e-03,8.4579718418e-07
384.350000,9.9925350705e-04,1.1834428943e-07
384.400000,9.9920103974e-04,-5.7746926165e-06
384.450000,9.9900231521e-04,1.0643348059e-06
384.500000,1.0009807243e-03,1.3360365764e-06
384.550000,1.0012568358e-03,3.5687606046e-06
384.600000,9.9939778625e-04,4.8075161875e-06
384.650000,9.9960514389e-04,-2.3573072984e-05
384.700000,9.9902605525e-04,1.1634743740e-05
384.750000,1.0019320837e-03,-1.1823245765e-06
384.800000,9.9825469480e-04,2.8556297148e-06
384.850000,1.0007954744e-03,-7.0332373267e-06
384.900000,9.9805264966e-04,-9.5168228189e-06
384.950000,1.0007202197e-03,7.3804746472e-07
385.000000,9.9944709373e-04,1.1961613385e-05
385.050000,9.9979425083e-04,-5.4876526265e-06
385.100000,1.0003998715e-03,1.0618481749e-05
385.150000,9.9957933357e-04,2.3010259420e-05
385.200000,9.9850665899e-04,1.7289284089e-05
385.250000,1.0004916666e-03,2.2555772073e-06
385.300000,9.9867451187e-04,-5.0179880734e-06
385.350000,1.0011706156e-03,5.9654769290e-06
385.400000,1.0005571288e-03,-9.7112506731e-07
385.450000,9.9990765422e-04,4.3534460309e-06
385.500000,9.9930097809e-04,-1.8904141598e-05
385.550000,9.9989143567e-04,1.4187760646e-05
385.600000,9.9848725374e-04,1.5001440188e-06
385.650000,1.0000591927e-03,-1.0335552033e-05
385.700000,1.0018307833e-03,8.9936052042e-06
385.750000,1.0001851317e-03,-1.3030542257e-06
385.800000,1.0003171266e-03,4.5707444591e-07
385.850000,1.0022227477e-03,5.8966611514e-06
385.900000,1.0000030232e-03,-1.1896905393e-06
385.950000,1.0013776433e-03,-4.8291289173e-07
386.000000,1.0001573786e-03,7.1431462721e-06
386.050000,1.0003080262e-03,-6.4574976915e-07
386.100000,1.0004416373e-03,1.7529796189e-05
386.150000,9.9801848906e-04,-1.2098182197e-06
386.200000,1.0000614618e-03,-9.7032583828e-07
386.250000,1.0011356422e-03,-3.1007506713e-06
386.300000,9.9910137086e-04,-8.3104381396e-07
386.350000,9.9975118372e-04,7.3268253692e-06
386.400000,1.0017150547e-03,-1.3732254195e-05
386.450000,1.0016208969e-03,-7.0156867554e-06
386.500000,1.0021146822e-03,-9.6042713209e-06
386.550000,1.0000884772e-03,-2.2863345398e-06
386.600000,9.9909810410e-04,1.3130863658e-05
386.650000,9.9990494215e-04,6.8708056429e-06
386.700000,9.9950013730e-04,7.8270642994e-06
386.750000,9.9885391701e-04,7.1028976294e-06
386.800000,1.0009559189e-03,8.2812458921e-06
386.850000,9.9887521830e-04,1.0735613944e-05
386.900000,1.0005059145e-03,-3.2182439422e-06
386.950000,9.9809753354e-04,1.2091397896e-06
387.000000,1.0017662456e-03,3.0541648458e-06
387.050000,9.9890380282e-04,-9.2397334923e-06
387.100000,1.0007324471e-03,1.8098692650e-05
387.150000,1.0004232863e-03,1.5495661121e-05
387.200000,9.9942592753e-04,-4.5478726336e-07
387.250000,9.9869903297e-04,2.1574237599e-06
387.300000,1.0008622975e-03,-8.9307047220e-06
387.350000,1.0019466961e-03,-7.8163190773e-06
387.400000,1.0006394061e-03,-7.9305323112e-06
387.450000,9.9918416711e-04,5.4636854467e-06
387.500000,9.9841869872e-04,-3.2106525483e-06
387.550000,1.0004748386e-03,8.0910418792e-06
387.600000,1.0008378290e-03,2.4235921313e-05
387.650000,1.0008184268e-03,2.6711532708e-06
387.700000,9.9991146051e-04,1.6290247623e-05
387.750000,9.9935961974e-04,-4.5546617331e-06
387.800000,1.0004623475e-03,1.7280799285e-05
387.850000,1.0012071089e-03,1.7186987480e-05
387.900000,1.0009691525e-03,-2.8452181018e-06
387.950000,9.9957459022e-04,-3.2735074512e-06
388.000000,1.0007508163e-03,8.1310982687e-06
388.050000,1.0010036807e-03,3.2524882207e-06
388.100000,9.9892252055e-04,-3.3290225030e-06
388.150000,1.0012180766e-03,-5.8528286341e-06
388.200000,1.0016235803e-03,9.9416289706e-06
388.250000,9.9868905466e-04,7.0491048774e-06
388.300000,1.0012502492e-03,1.0858720758e-05
388.350000,1.0011018196e-03,5.1479431495e-07
388.400000,9.9882968473e-04,2.3280975934e-05
388.450000,9.9985961224e-04,7.0972059852e-06
388.500000,1.0009210165e-03,1.4220207519e-05
388.550000,1.0000807384e-03,-1.0738162376e-05
388.600000,1.0000186139e-03,-1.8143064152e-05
388.650000,9.9992540356e-04,-1.1650376438e-06
388.700000,1.0003387289e-03,1.9689812701e-05
388.750000,1.0005833731e-03,-1.9968209116e-07
388.800000,1.0001619520e-03,-6.1259943300e-06
388.850000,1.0007180918e-03,-1.3813668241e-05
388.900000,1.0007020174e-03,2.9736316675e-06
388.950000,9.9838164260e-04,1.1919226912e-05
389.000000,1.0007801561e-03,-5.5003331179e-06
389.050000,1.0002619493e-03,1.7797195889e-06
389.100000,9.9966672169e-04,2.0823685581e-06
389.150000,9.9926677789e-04,-9.6490304466e-06
389.200000,1.0019446513e-03,1.1722494232e-05
389.250000,9.9974914769e-04,-8.7751372687e-06
389.300000,9.9872540402e-04,-9.6792103304e-06
389.350000,1.0018167540e-03,6.1023341623e-06
389.400000,9.9910532155e-04,-9.8250684364e-06
389.450000,9.9957455022e-04,-1.5110352831e-05
389.500000,9.9971439781e-04,-2.6845579304e-06
389.550000,9.9890332380e-04,1.0221781455e-06
389.600000,9.9930932261e-04,3.3340229273e-06
389.650000,9.9963075758e-04,3.3026016544e-06
389.700000,1.0010832714e-03,1.5877350761e-05
389.750000,9.9891206723e-04,-1.1056422686e-05
389.800000,1.0004669140e-03,-2.2730737670e-05
389.850000,1.0005343562e-03,1.0620756055e-05
389.900000,1.0020427738e-03,2.5770212999e-05
389.950000,9.9841460554e-04,1.1740809422e-05
390.000000,1.0009915691e-03,9.0867483269e-07
390.050000,9.9975867334e-04,1.8410908745e-06
390.100000,9.9921493994e-04,-5.8652085165e-06
390.150000,1.0002417432e-03,-6.2889802637e-06
390.200000,9.9987742052e-04,1.9609179900e-06
390.250000,1.0002695704e-03,1.9216872238e-05
390.300000,9.9949884594e-04,6.1042134633e-06
390.350000,1.0009364468e-03,3.7102167095e-06
390.400000,1.0007940196e-03,-1.5787293408e-05
390.450000,1.0021835719e-03,-3.2551103674e-06
390.500000,1.0006655738e-03,-1.5112044614e-05
390.550000,1.0017696430e-03,1.0005025507e-05
390.600000,1.0001193862e-03,-1.3582064767e-05
390.650000,1.0007916580e-03,-2.7159276154e-06
390.700000,9.9935448421e-04,-8.5348918080e-07
390.750000,1.0006702987e-03,-9.2761223955e-06
390.800000,9.9722272618e-04,8.1347852680e-06
390.850000,1.0013056732e-03,-3.4343873788e-06
390.900000,9.9858902938e-04,-7.5576394629e-06
390.950000,1.0005607934e-03,1.4508487878e-05
391.000000,9.9931765077e-04,1.8072542956e-05
391.050000,9.9921034803e-04,-4.2511629682e-06
391.100000,1.0004527324e-03,2.0946443746e-05
391.150000,9.9997721392e-04,1.7746877351e-05
391.200000,9.9990550832e-04,-7.7825275154e-06
391.250000,9.9890685334e-04,7.9930968217e-06
391.300000,9.9863170729e-04,-2.6427318088e-05
391.350000,1.0001793611e-03,-1.7943229792e-05
391.400000,9.9950971094e-04,8.1962036247e-06
391.450000,9.9809958147e-04,-1.1034146536e-06
391.500000,9.9843365133e-04,7.5038195486e-06
391.550000,9.9901251538e-04,-4.1454135664e-06
391.600000,1.0022234207e-03,1.3545312621e-06
391.650000,1.0002825064e-03,2.0215763476e-06
391.700000,9.9984738646e-04,1.0562411325e-05
391.750000,9.9961917041e-04,-8.8427648368e-06
391.800000,9.9941376003e-04,1.4469156010e-05
391.850000,1.0015484122e-03,-1.1374635896e-06
391.900000,1.0011874189e-03,-8.2609168319e-06
391.950000,9.9987029211e-04,-1.5666330984e-05
392.000000,1.0000722046e-03,-1.4398417039e-05
392.050000,9.9904970999e-04,-4.1288284523e-06
392.100000,1.0005451542e-03,-1.0940916495e-05
392.150000,9.9906166015e-04,1.0995666012e-05
392.200000,9.9828961960e-04,1.1451720242e-05
392.250000,9.9908510930e-04,-1.3588145633e-06
392.300000,9.9939655366e-04,-5.4384159329e-06
392.350000,9.9971256249e-04,1.0256288723e-05
392.400000,1.0008801298e-03,-1.0316999775e-05
392.450000,1.0018465447e-03,-3.5868987305e-07
392.500000,9.9888606006e-04,-4.6687513561e-06
392.550000,9.9890328857e-04,8.6519171218e-06
392.600000,1.0001004938e-03,-1.1389559266e-05
392.650000,1.0002846004e-03,7.1244700831e-06
392.700000,9.9818702591e-04,-2.1585653551e-05
392.750000,1.0010157629e-03,4.3805695308e-06
392.800000,9.9991320824e-04,9.1380554628e-06
392.850000,1.0004822513e-03,-1.1373876040e-05
392.900000,9.9925279952e-04,6.5734671404e-06
392.950000,1.0007845773e-03,9.3479765959e-06
393.000000,9.9913825380e-04,-2.9306297543e-06
393.050000,9.9674970274e-04,-1.3499105760e-05
393.100000,1.0009356506e-03,-3.9939250641e-06
393.150000,1.0015686058e-03,6.6570898364e-06
393.200000,9.9969768752e-04,1.4600750927e-05
393.250000,9.9942126052e-04,-1.8267914513e-05
393.300000,9.9801091538e-04,-1.1096625258e-05
393.350000,9.9874330950e-04,-1.7076421970e-05
393.400000,1.0024951078e-03,-6.6464782728e-06
393.450000,1.0004389107e-03,1.0258588099e-05
393.500000,1.0000292152e-03,1.4073348649e-05
393.550000,9.9954157243e-04,1.3464568473e-05
393.600000,9.9880352715e-04,2.1013162844e-05
393.650000,1.0009700829e-03,-7.0312105357e-06
393.700000,1.0007711379e-03,-5.1329314879e-06
393.750000,9.9979844039e-04,4.6913324609e-06
393.800000,9.9869980988e-04,-1.4326708177e-05
393.850000,1.0012805034e-03,-1.8054839907e-05
393.900000,1.0001294570e-03,-9.3231697996e-07
393.950000,1.0002446525e-03,1.3280602102e-05
394.000000,9.9959193330e-04,2.9120791479e-06
394.050000,9.9965240210e-04,1.0751033446e-05
394.100000,9.9973103257e-04,9.2271854921e-07
394.150000,1.0006594594e-03,8.0414810556e-06
394.200000,1.0010527093e-03,-4.6889582511e-06
394.250000,9.9991281716e-04,4.8738121726e-06
394.300000,9.9923231169e-04,-1.6413260644e-05
394.350000,9.9867288750e-04,1.6575703735e-06
394.400000,9.9795263861e-04,5.9575742393e-06
394.450000,1.0007365162e-03,7.6954401360e-06
394.500000,9.9834864464e-04,6.2458487295e-06
394.550000,9.9998201879e-04,1.2450790520e-06
394.600000,1.0010002787e-03,6.9764473252e-06
394.650000,9.9953978892e-04,1.1559532801e-05
394.700000,9.9979039642e-04,2.3204451487e-05
394.750000,9.9942139826e-04,-8.1997074413e-06
394.800000,9.9883161705e-04,1.5797863041e-05
394.850000,1.0007151955e-03,-4.0105053291e-07
394.900000,1.0019951749e-03,-2.1892016343e-06
394.950000,9.9888546868e-04,5.7771655218e-06
395.000000,1.0006886210e-03,-8.1310933291e-06
395.050000,9.9982968294e-04,-2.7335306214e-05
395.100000,9.9943731482e-04,7.4481467229e-06
395.150000,1.0005399608e-03,-5.2382540813e-06
395.200000,9.9895558440e-04,-2.1622963549e-06
395.250000,9.9980634707e-04,4.1541631529e-06
395.300000,1.0001790344e-03,2.7975054838e-06
395.350000,1.0016303681e-03,-7.7911723981e-06
395.400000,1.0014617526e-03,1.3031747303e-05
395.450000,9.9970821339e-04,9.9971639438e-06
395.500000,1.0008704584e-03,9.8721523002e-06
395.550000,1.0002072328e-03,1.4149191182e-05
395.600000,1.0013403070e-03,-6.9334934188e-06
395.650000,1.0006141788e-03,8.9573628329e-06
395.700000,1.0017879201e-03,-8.4819114372e-06
395.750000,9.9982225682e-04,-6.3515243344e-06
395.800000,1.0008956597e-03,2.1056183407e-06
395.850000,1.0002208487e-03,-3.8192643156e-06
395.900000,1.0007065300e-03,-9.1374841206e-06
395.950000,9.9988844667e-04,1.0642967304e-05
396.000000,9.9895088242e-04,1.1950313109e-05
396.050000,9.9934421077e-04,3.2309351173e-06
396.100000,9.9991759715e-04,-5.0013977547e-07
396.150000,9.9934319875e-04,1.8570556956e-06
396.200000,1.0016804196e-03,-6.8736757648e-06
396.250000,9.9978287961e-04,1.2861208898e-05
396.300000,9.9946867906e-04,-1.4328835936e-07
396.350000,9.9960502940e-04,-7.1455987824e-06
396.400000,1.0010783535e-03,3.9974820479e-06
396.450000,9.9895721535e-04,2.6475140712e-06
396.500000,9.9792890490e-04,4.4656633939e-06
396.550000,9.9872328346e-04,-6.4992463919e-07
396.600000,1.0010511963e-03,5.6536492161e-06
396.650000,1.0005207772e-03,5.2700009781e-07
396.700000,1.0002365520e-03,-9.4030851765e-08
396.750000,9.9978914775e-04,6.9565168134e-06
396.800000,1.0001028608e-03,-1.2322973487e-05
396.850000,1.0010132265e-03,1.1334372857e-05
396.900000,9.9985636260e-04,1.1753699637e-06
396.950000,1.0003342766e-03,1.0077866878e-05
397.000000,1.0010384301e-03,9.5196538952e-06
397.050000,9.9985273766e-04,-5.7089840500e-06
397.100000,1.0003203925e-03,-9.5719538895e-06
397.150000,9.9997658943e-04,3.8100964072e-06
397.200000,1.0004353357e-03,-1.5576098215e-05
397.250000,1.0019370286e-03,1.3699100861e-05
397.300000,9.9937235032e-04,-3.6999234182e-06
397.350000,9.9975240743e-04,3.9617288792e-06
397.400000,9.9904458029e-04,-4.7848659736e-06
397.450000,1.0013773832e-03,-1.2130829691e-06
397.500000,1.0013409930e-03,2.0582647291e-06
397.550000,1.0006118493e-03,9.8468243569e-07
397.600000,1.0005802438e-03,-6.7497409775e-06
397.650000,1.0002480622e-03,8.2775229480e-06
397.700000,1.0008219915e-03,1.3816536022e-06
397.750000,1.0006024317e-03,4.7469523593e-06
397.800000,9.9844129534e-04,-1.0805416576e-06
397.850000,9.9968824014e-04,1.0672372713e-05
397.900000,1.0006545702e-03,-1.5851306937e-05
397.950000,9.9922443975e-04,-6.7297761439e-06
398.000000,1.0002359028e-03,7.8598186316e-06
398.050000,9.9939768434e-04,-6.2546613123e-06
398.100000,1.0009497887e-03,1.0384375447e-05
398.150000,1.0003770542e-03,-8.8372496277e-06
398.200000,1.0010436853e-03,8.5700896294e-06
398.250000,1.0017803389e-03,-6.2005992967e-06
398.300000,9.9785517633e-04,9.2311588856e-06
398.350000,1.0005414568e-03,8.0341693849e-06
398.400000,9.9939660184e-04,-1.3113886757e-05
398.450000,9.9920920053e-04,1.1283428210e-05
398.500000,9.9939576099e-04,-1.6791959056e-06
398.550000,1.0007596416e-03,5.0053561290e-07
398.600000,9.9975768950e-04,-2.0405469478e-07
398.650000,1.0006670664e-03,2.4432077082e-06
398.700000,1.0004544602e-03,-2.9770112413e-06
398.750000,9.9955883017e-04,1.0685169955e-05
398.800000,1.0011525232e-03,-2.0014147993e-05
398.850000,1.0013992541e-03,-5.4276485251e-07
398.900000,1.0009326972e-03,8.3133367114e-06
398.950000,1.0000649259e-03,-1.9553971335e-05
399.000000,9.9992549077e-04,2.3204446605e-06
399.050000,9.9877395480e-04,3.6402158682e-06
399.100000,1.0007673562e-03,-6.8600133483e-07
399.150000,1.0008143267e-03,-1.1327632610e-06
399.200000,1.0022476416e-03,7.2202769442e-06
399.250000,1.0012318409e-03,-7.9169524138e-06
399.300000,9.9924987026e-04,-4.1099684699e-08
399.350000,9.9957001509e-04,-2.0402083424e-06
399.400000,1.0001886550e-03,-7.1056760677e-07
399.450000,1.0016499844e-03,-1.0418581342e-05
399.500000,1.0001160519e-03,1.7546568099e-06
399.550000,1.0006570601e-03,-1.6910828807e-05
399.600000,9.9995793268e-04,-7.8837117024e-06
399.650000,1.0013883367e-03,5.1843559652e-06
399.700000,9.9873845449e-04,3.1081136287e-06
399.750000,1.0003267324e-03,-1.6866691851e-05
399.800000,9.9920406597e-04,-6.3696266463e-06
399.850000,9.9968617815e-04,8.9625873216e-06
399.900000,1.0010836671e-03,1.5396462800e-05
399.950000,9.9744329437e-04,-1.5144460833e-05
400.000000,1.0006551334e-03,7.6734025934e-06
400.050000,9.9849129766e-04,1.1354296092e-06
400.100000,1.0010510604e-03,-1.1055392900e-05
400.150000,1.0012478906e-03,-1.7372587632e-06
400.200000,9.9957503793e-04,1.5209299642e-05
400.250000,1.0009566056e-03,-1.2703620578e-05
400.300000,9.9882913482e-04,-6.4868882472e-06
400.350000,1.0005168803e-03,8.6572690900e-06
400.400000,9.9936363454e-04,-5.9857486439e-06
400.450000,9.9869305251e-04,1.4373407931e-05
400.500000,9.9947241902e-04,-1.1005076059e-06
400.550000,9.9917880996e-04,-2.5355917155e-06
400.600000,1.0012544264e-03,1.8888576712e-05
400.650000,1.0003866253e-03,1.9384419180e-05
400.700000,1.0000227052e-03,-1.3373279273e-05
400.750000,1.0014436795e-03,-1.4937739284e-05
400.800000,1.0002040187e-03,-1.0954737607e-05
400.850000,9.9960871585e-04,2.4396555106e-05
400.900000,1.0015960702e-03,-8.0748415448e-07
400.950000,1.0002500476e-03,4.8578709364e-06
401.000000,1.0009783280e-03,-1.0218550330e-05
401.050000,9.9889454814e-04,5.3369193293e-06
401.100000,9.9890541181e-04,-8.5661256670e-06
401.150000,9.9898989120e-04,-6.2293897642e-06
401.200000,9.9952285658e-04,-1.3452174081e-05
401.250000,1.0000829935e-03,3.9759812721e-06
401.300000,9.9890736241e-04,5.5253796919e-06
401.350000,1.0005411342e-03,-7.0319717784e-06
401.400000,9.9879804756e-04,7.1530993839e-06
401.450000,9.9948406539e-04,-6.2421536324e-06
401.500000,1.0001240042e-03,-2.8575700190e-06
401.550000,9.9869876422e-04,1.3993844483e-05
401.600000,9.9958262042e-04,-1.2987455445e-05
401.650000,1.0021437884e-03,-8.8992868946e-06
401.700000,9.9878822632e-04,1.7599237038e-06
401.750000,1.0010863631e-03,-7.7250004232e-06
401.800000,1.0008419292e-03,-1.0543271166e-05
401.850000,1.0009746585e-03,-2.4760678629e-05
401.900000,9.9993251211e-04,-1.5831794042e-06
401.950000,1.0008494690e-03,7.2433382985e-06
402.000000,9.9876729917e-04,8.0853528800e-07
402.050000,9.9951210542e-04,2.2758150543e-06
402.100000,1.0007207552e-03,1.4282354203e-05
402.150000,9.9948808252e-04,1.8735551478e-05
402.200000,1.0009338691e-03,8.1274828044e-06
402.250000,1.0007728080e-03,-1.7331861819e-05
402.300000,9.9818178673e-04,1.5432073507e-05
402.350000,1.0004926974e-03,5.3408310811e-06
402.400000,9.9785926891e-04,4.9705970372e-08
402.450000,1.0009335020e-03,9.7884627765e-06
402.500000,9.9909619494e-04,1.9524766142e-06
402.550000,9.9922350851e-04,-9.7966925688e-06
402.600000,1.0002908039e-03,1.1048319116e-06
402.650000,1.0012599268e-03,1.3454395208e-06
402.700000,1.0008527179e-03,1.2616042548e-05
402.750000,1.0011334707e-03,9.4586642845e-06
402.800000,1.0002158065e-03,-7.9681206812e-07
402.850000,1.0004954861e-03,-4.2972521133e-06
402.900000,1.0002893076e-03,7.4602268293e-06
402.950000,9.9980281814e-04,-4.0422499493e-06
403.000000,9.9969096439e-04,-3.5075515268e-06
403.050000,1.0010381997e-03,-2.0261706470e-06
403.100000,9.9968310406e-04,-1.3417820652e-05
403.150000,9.9849116443e-04,1.2716802637e-05
403.200000,9.9975587509e-04,1.3262439120e-05
403.250000,1.0007433983e-03,-3.7084904513e-06
403.300000,1.0010321358e-03,-4.4520991113e-06
403.350000,9.9980735398e-04,-2.2538405135e-06
403.400000,1.0000099343e-03,9.0572962939e-06
403.450000,9.9979983856e-04,5.1914997797e-06
403.500000,1.0012377935e-03,-1.3523244566e-05
403.550000,9.9948641386e-04,3.3225551416e-06
403.600000,9.9895474846e-04,-1.9367248163e-05
403.650000,9.9974576190e-04,-9.7734025122e-06
403.700000,9.9918242074e-04,5.7545489784e-06
403.750000,1.0002442794e-03,1.8834332873e-05
403.800000,1.0007215371e-03,-4.7357328827e-07
403.850000,1.0000268875e-03,4.9797426886e-06
403.900000,1.0009015946e-03,-8.0389675851e-06
403.950000,9.9877751450e-04,2.4279713024e-06
404.000000,9.9980105814e-04,-5.0168482518e-06
404.050000,1.0011388818e-03,-3.1529560006e-06
404.100000,1.0003237610e-03,2.3603658400e-06
404.150000,9.9920117927e-04,-4.1832220465e-06
404.200000,1.0019412824e-03,-1.2829203266e-05
404.250000,9.9928190281e-04,4.3718886956e-06
404.300000,1.0007121766e-03,7.6885802185e-06
404.350000,9.9955440682e-04,6.3159507534e-06
404.400000,1.0010160225e-03,6.6274381567e-07
404.450000,1.0012753830e-03,-5.8839238282e-06
404.500000,9.9995119517e-04,2.6254622958e-06
404.550000,9.9985440140e-04,1.7129281423e-05
404.600000,9.9968086534e-04,1.2953700275e-06
404.650000,1.0005220485e-03,1.3154214904e-05
404.700000,9.9923644719e-04,5.1966757960e-06
404.750000,1.0006032546e-03,-3.1016576863e-06
404.800000,9.9836549831e-04,1.4424284671e-05
404.850000,9.9983849618e-04,3.8192202824e-06
404.900000,1.0015156946e-03,-1.7469048957e-06
404.950000,1.0009703161e-03,1.8304315319e-06
405.000000,1.0000290030e-03,9.3888527633e-06
405.050000,1.0012913052e-03,-6.7199275537e-06
405.100000,9.9965820410e-04,-3.6091342055e-07
405.150000,1.0004792266e-03,9.6579821897e-06
405.200000,9.9880180449e-04,1.7510971930e-05
405.250000,1.0008650590e-03,6.6967963394e-06
405.300000,1.0006363941e-03,1.2207128257e-05
405.350000,1.0004357773e-03,-8.2768859629e-07
405.400000,1.0011261664e-03,2.9169380712e-05
405.450000,1.0014196489e-03,-4.0328373427e-06
405.500000,1.0009827115e-03,-1.8431680608e-06
405.550000,9.9935662937e-04,-9.6901521402e-06
405.600000,1.0001088839e-03,1.9203071103e-05
405.650000,1.0000059743e-03,1.7937730212e-06
405.700000,1.0002569451e-03,2.0767931791e-06
405.750000,1.0017022709e-03,2.1678659555e-06
405.800000,9.9938450546e-04,1.2964868640e-05
405.850000,9.9928818805e-04,3.1439002874e-06
405.900000,1.0011780100e-03,-2.0648559990e-05
405.950000,1.0005441478e-03,-1.8685300225e-06
406.000000,9.9952465792e-04,1.1996324158e-06
406.050000,1.0001212966e-03,7.6800503410e-06
406.100000,1.0010570191e-03,-5.2922655091e-06
406.150000,1.0014183964e-03,9.3973542821e-07
406.200000,9.9927228922e-04,1.7212039839e-06
406.250000,1.0015260851e-03,2.0332059315e-05
406.300000,1.0004013810e-03,-1.5311397545e-05
406.350000,9.9991973053e-04,7.3102713711e-06
406.400000,9.9959586002e-04,5.2134983790e-06
406.450000,1.0005190459e-03,8.9247668510e-06
406.500000,9.9924831373e-04,1.3145156194e-05
406.550000,1.0008584728e-03,-1.8400462364e-05
406.600000,1.0003621944e-03,3.4543964257e-06
406.650000,9.9927600243e-04,3.8749148974e-06
406.700000,9.9996801539e-04,-3.8634664673e-06
406.750000,1.0000782214e-03,-6.5572387181e-06
406.800000,1.0005884269e-03,-9.5752902500e-06
406.850000,1.0015391903e-03,-2.9795255952e-06
406.900000,1.0006427570e-03,-1.5166903977e-05
406.950000,1.0010720686e-03,-1.1897864917e-05
407.000000,9.9991716450e-04,-1.3887034500e-06
407.050000,9.9999756007e-04,3.2159030022e-06
407.100000,1.0007253118e-03,1.2320059698e-05
407.150000,1.0006515208e-03,7.6008177004e-06
407.200000,9.9964173612e-04,-2.9186185974e-06
407.250000,9.9854338091e-04,6.9221696508e-06
407.300000,1.0006062717e-03,1.3176729008e-06
407.350000,1.0017418180e-03,4.8653173654e-06
407.400000,1.0005640035e-03,-1.4675871104e-06
407.450000,1.0003083153e-03,8.7026044321e-06
407.500000,9.9923518096e-04,-1.4107627048e-05
407.550000,9.9819580408e-04,-1.1503244948e-05
407.600000,9.9936177663e-04,-1.3296434779e-05
407.650000,9.9975698762e-04,7.8226318297e-06
407.700000,1.0001426746e-03,-2.0480575709e-05
407.750000,9.9967771910e-04,-1.2362207187e-05
407.800000,1.0000673374e-03,-1.8794348012e-06
407.850000,9.9941648515e-04,-6.0697495508e-06
407.900000,1.0010367638e-03,-7.2724255003e-06
407.950000,9.9917641692e-04,-1.7026603731e-06
408.000000,9.9916351527e-04,2.2114000062e-06
408.050000,9.9997697562e-04,1.2697282909e-05
408.100000,1.0006450454e-03,1.4049248912e-05
408.150000,9.9852653464e-04,1.4175498872e-05
408.200000,1.0013161357e-03,-9.7767424889e-06
408.250000,9.9825075167e-04,-1.2603206781e-05
408.300000,9.9845615605e-04,-1.2592788494e-05
408.350000,9.9974776193e-04,-1.0935656530e-05
408.400000,1.0005420028e-03,1.1403795780e-05
408.450000,1.0017499938e-03,-6.9389676502e-06
408.500000,9.9817219497e-04,-1.8565031359e-05
408.550000,1.0001574481e-03,2.3863955929e-05
408.600000,9.9920417956e-04,-1.2244450605e-05
408.650000,1.0001026340e-03,-5.7196247016e-07
408.700000,9.9911260222e-04,-1.5424340555e-05
408.750000,9.9882529742e-04,7.3312750737e-07
408.800000,9.9868687068e-04,-4.6996399180e-07
408.850000,1.0006617423e-03,-9.0274831886e-06
408.900000,1.0008313971e-03,-1.4078794036e-05
408.950000,1.0011744175e-03,9.4510117670e-06
409.000000,1.0008230412e-03,1.0033167962e-05
409.050000,1.0006294129e-03,-1.4140298465e-05
409.100000,1.0000945213e-03,-6.8675255341e-06
409.150000,9.9954407957e-04,-4.0157866197e-06
409.200000,1.0007372708e-03,6.5674427711e-06
409.250000,9.9872265831e-04,4.4714782178e-06
409.300000,1.0000261458e-03,-1.6011045084e-05
409.350000,1.0012940207e-03,1.2433620287e-06
409.400000,1.0011130746e-03,-2.7044907279e-06
409.450000,9.9925102545e-04,4.0471204749e-06
409.500000,9.9882387556e-04,-7.9897334014e-06
409.550000,9.9963034630e-04,-5.7382009905e-06
409.600000,9.9962714488e-04,2.1446614782e-06
409.650000,1.0003224293e-03,-3.0700025050e-06
409.700000,9.9843931026e-04,2.0995917687e-06
409.750000,9.9744062898e-04,-8.1316178766e-06
409.800000,1.0011203888e-03,-4.2194608996e-06
409.850000,9.9898927716e-04,-1.4416594440e-05
409.900000,1.0019094855e-03,-1.0056492618e-05
409.950000,9.9976206319e-04,4.2970887746e-06
410.000000,1.0007154349e-03,-5.9146505252e-06
410.050000,9.9872535524e-04,1.6079182536e-05
410.100000,9.9948699316e-04,1.4965219390e-05
410.150000,9.9934582649e-04,-1.1390582852e-06
410.200000,9.9952515386e-04,9.4122418228e-06
410.250000,1.0002687419e-03,-3.5741334050e-06
410.300000,1.0006871901e-03,7.6094324883e-06
410.350000,1.0011341841e-03,2.3639166350e-05
410.400000,1.0014019742e-03,-6.2076998518e-06
410.450000,9.9926190935e-04,-5.8855379986e-06
410.500000,9.9963749863e-04,-3.0563119119e-06
410.550000,1.0000824641e-03,1.6814148423e-06
410.600000,1.0008568618e-03,-1.6307752604e-05
410.650000,1.0008795921e-03,-1.5361957674e-05
410.700000,1.0016901458e-03,-9.4468943425e-07
410.750000,9.9813897854e-04,6.3264610852e-06
410.800000,1.0005943865e-03,-1.7740292409e-05
410.850000,9.9964379013e-04,-1.0869407925e-05
410.900000,1.0003008850e-03,-1.8537229755e-06
410.950000,9.9948878979e-04,-1.0527274457e-05
411.000000,9.9994159614e-04,-9.1292734003e-06
411.050000,9.9988699687e-04,-1.0242622153e-05
411.100000,1.0003016337e-03,-3.4083412243e-07
411.150000,1.0005911468e-03,-2.2858604284e-05
411.200000,9.9863372888e-04,3.3216378337e-06
411.250000,9.9990967274e-04,6.4848990736e-06
411.300000,9.9969715336e-04,-6.8534143020e-07
411.350000,9.9988507107e-04,3.2879030164e-07
411.400000,9.9909088796e-04,1.9907473273e-05
411.450000,1.0011547161e-03,1.8063360016e-06
411.500000,9.9953147261e-04,1.3975116111e-05
411.550000,9.9909915186e-04,-1.2273012228e-05
411.600000,1.0002583973e-03,-6.1391425804e-07
411.650000,1.0014598293e-03,-2.2874731203e-06
411.700000,9.9987564594e-04,7.1273050537e-06
411.750000,9.9938821089e-04,1.3302232965e-05
411.800000,1.0000171534e-03,1.1559574830e-05
411.850000,1.0002457943e-03,1.3839081572e-05
411.900000,1.0011699525e-03,-3.6026340442e-06
411.950000,9.9814476463e-04,7.4471289709e-06
412.000000,1.0002858692e-03,1.1565719783e-05
412.050000,9.9981655640e-04,1.0340829999e-05
412.100000,9.9736046793e-04,8.0694491415e-08
412.150000,9.9881606521e-04,-1.5259557647e-05
412.200000,9.9973784412e-04,2.0074216876e-05
412.250000,9.9846771378e-04,-9.1073633785e-06
412.300000,1.0013189183e-03,-7.4397117355e-07
412.350000,1.0004457367e-03,-1.3252483846e-06
412.400000,1.0004291040e-03,2.2143611448e-06
412.450000,9.9997279308e-04,2.1859647475e-06
412.500000,1.0011266668e-03,1.2113359134e-05
412.550000,9.9995677123e-04,-5.2207510164e-06
412.600000,1.0006991798e-03,-1.4231141437e-05
412.650000,9.9853845280e-04,-4.4565681649e-07
412.700000,1.0000525741e-03,-2.0966140773e-05
412.750000,1.0000088899e-03,-6.3563062790e-06
412.800000,9.9832697814e-04,-4.1045953698e-06
412.850000,1.0005107120e-03,3.4062964220e-06
412.900000,9.9966827874e-04,-4.9065092845e-06
412.950000,1.0007548466e-03,7.1466744169e-06
413.000000,9.9865992068e-04,5.1821539568e-06
413.050000,1.0005819858e-03,6.7234278529e-06
413.100000,9.9900579570e-04,1.3053958495e-05
413.150000,9.9889954765e-04,1.8915822486e-07
413.200000,1.0004889843e-03,3.4878065276e-06
413.250000,9.9997594484e-04,5.5431014917e-06
413.300000,1.0005956917e-03,1.8475170422e-06
413.350000,9.9955780171e-04,2.7123415480e-05
413.400000,1.0003905029e-03,-1.5405995375e-05
413.450000,1.0022596882e-03,5.8707788323e-06
413.500000,9.9882933136e-04,-7.0514499600e-06
413.550000,9.9899697121e-04,-5.6847083791e-08
413.600000,9.9967125094e-04,-6.7083124289e-06
413.650000,9.9955548564e-04,-6.1491194335e-06
413.700000,9.9772835254e-04,1.3960472452e-05
413.750000,1.0015647933e-03,-9.6022546310e-06
413.800000,9.9913461199e-04,-5.5042815027e-06
413.850000,9.9979951522e-04,4.8106286716e-06
413.900000,1.0011230208e-03,-8.8760617020e-06
413.950000,9.9935770191e-04,1.2929822663e-05
414.000000,9.9871653299e-04,-1.1305971731e-05
414.050000,9.9948926427e-04,3.1477456664e-06
414.100000,9.9927865389e-04,-1.0207146951e-05
414.150000,1.0013666586e-03,2.8206449956e-06
414.200000,9.9994485646e-04,-1.8960534855e-05
414.250000,1.0010423549e-03,-1.1353023748e-05
414.300000,1.0002817285e-03,6.9134852791e-06
414.350000,9.9834967425e-04,-3.6449342692e-06
414.400000,1.0005909384e-03,-2.2574898158e-06
414.450000,9.9930135742e-04,8.0972025391e-06
414.500000,9.9750091012e-04,-2.4965790137e-06
414.550000,1.0013435741e-03,8.5538412480e-06
414.600000,1.0014883267e-03,-1.2130284254e-05
414.650000,1.0025644615e-03,-1.6673933522e-06
414.700000,1.0006066136e-03,-7.0633595167e-06
414.750000,9.9985193919e-04,-1.6848784100e-05
414.800000,9.9995132919e-04,-4.3483679949e-06
414.850000,9.9954446559e-04,-9.4762861361e-06
414.900000,1.0003358585e-03,-6.8389484451e-06
414.950000,1.0003012136e-03,-1.6832818195e-05
415.000000,1.0009681216e-03,9.1120598306e-06
415.050000,1.0003096456e-03,9.7093389880e-06
415.100000,9.9870914775e-04,4.3553017534e-07
415.150000,9.9934332145e-04,-2.0098346492e-06
415.200000,1.0006659011e-03,-2.0286370380e-06
415.250000,9.9887049179e-04,7.4676680103e-06
415.300000,9.9793740309e-04,-1.1034805185e-07
415.350000,1.0007295636e-03,-7.4376154619e-06
415.400000,1.0005459416e-03,-1.6097126876e-05
415.450000,9.9798525191e-04,1.3857214767e-05
415.500000,9.9836900448e-04,-1.1951151349e-05
415.550000,1.0022201250e-03,-6.0878450258e-06
415.600000,9.9884453188e-04,-8.4038293462e-06
415.650000,9.9873965616e-04,2.6412971114e-06
415.700000,9.9896051212e-04,1.5201885714e-05
415.750000,9.9826922625e-04,6.5604376706e-06
415.800000,1.0001169765e-03,1.7283780191e-05
415.850000,9.9923105316e-04,-2.7077250180e-07
415.900000,1.0006044210e-03,3.6181776845e-06
415.950000,1.0008923135e-03,-1.3198086648e-05
416.000000,1.0007142684e-03,-2.5072301742e-06
416.050000,9.9805704858e-04,-1.8519454775e-05
416.100000,1.0006330891e-03,1.9819864416e-06
416.150000,9.9931024139e-04,-1.6529330415e-06
416.200000,1.0006934240e-03,-5.8799926034e-06
416.250000,9.9971536639e-04,8.2597737947e-06
416.300000,1.0018656293e-03,2.4095974751e-06
416.350000,1.0000675167e-03,9.1812650727e-06
416.400000,1.0003781889e-03,4.6205870287e-06
416.450000,9.9995043689e-04,-5.9358062807e-06
416.500000,1.0007094129e-03,-3.2331958466e-07
416.550000,1.0024924362e-03,1.1006253167e-05
416.600000,1.0000332968e-03,2.0268857440e-06
416.650000,9.9891894076e-04,6.1909429665e-06
416.700000,9.9911549151e-04,-4.4014123494e-06
416.750000,1.0012446485e-03,-2.9855600657e-06
416.800000,9.9987667487e-04,-2.6040818505e-06
416.850000,1.0002492524e-03,-2.2795701009e-05
416.900000,1.0004175798e-03,1.6434308265e-05
416.950000,9.9955951945e-04,4.6127700821e-06
417.000000,1.0012413201e-03,6.6149622166e-06
417.050000,1.0000005192e-03,5.7478710208e-06
417.100000,1.0003562529e-03,-8.8775458087e-06
417.150000,9.9992256269e-04,-7.3183068708e-06
417.200000,1.0000787322e-03,4.3302818264e-06
417.250000,9.9999257107e-04,-1.3731892225e-06
417.300000,1.0003556370e-03,-1.4029824552e-05
417.350000,1.0008707976e-03,-1.5623506892e-06
417.400000,1.0012873726e-03,4.7992421761e-06
417.450000,9.9964674131e-04,-9.0587757887e-06
417.500000,9.9970191441e-04,1.2889460964e-06
417.550000,9.9982671193e-04,7.4996835792e-06
417.600000,1.0009214830e-03,-2.8176288188e-05
417.650000,1.0002869209e-03,1.5922325156e-05
417.700000,9.9862023609e-04,4.3046521048e-08
417.750000,1.0005809735e-03,-9.3388084877e-06
417.800000,1.0013544752e-03,1.4107502935e-06
417.850000,1.0006395653e-03,1.0097970490e-05
417.900000,9.9892698166e-04,1.1240359715e-05
417.950000,1.0004686198e-03,1.7811897535e-05
418.000000,9.9877767542e-04,-1.3383199599e-06
418.050000,1.0008841643e-03,-5.5605729764e-06
418.100000,1.0006252398e-03,-4.5947005486e-07
418.150000,1.0000862501e-03,-1.5727807902e-05
418.200000,1.0004862618e-03,-5.2165755657e-06
418.250000,9.9959971648e-04,7.6378514529e-06
418.300000,1.0002233520e-03,-2.3926694898e-05
418.350000,1.0018413284e-03,-7.2297726073e-06
418.400000,9.9973641304e-04,-1.6812438867e-05
418.450000,9.9926799560e-04,1.3066092083e-06
418.500000,9.9914945913e-04,8.2613982945e-06
418.550000,9.9907650408e-04,2.0705898545e-05
418.600000,9.9858139991e-04,-8.8790889234e-06
418.650000,9.9967031781e-04,-1.5597252222e-06
418.700000,1.0007610939e-03,3.8839945556e-06
418.750000,9.9998565353e-04,-2.1104161843e-06
418.800000,1.0007689147e-03,-4.0206351228e-07
418.850000,9.9893818052e-04,-5.1766279768e-06
418.900000,9.9934432054e-04,-1.4582478115e-05
418.950000,9.9959269516e-04,-4.5330773380e-06
419.000000,9.9943385018e-04,1.8371964512e-05
419.050000,1.0002732529e-03,-1.4667796831e-05
419.100000,1.0003414017e-03,2.8936306660e-06
419.150000,9.9991119229e-04,-6.6466335447e-06
419.200000,9.9979039877e-04,1.2434578616e-06
419.250000,1.0005061087e-03,-1.6781959435e-05
419.300000,1.0010292439e-03,2.7893651724e-06
419.350000,1.0003702155e-03,-6.0858662880e-06
419.400000,9.9725886070e-04,8.0302741267e-07
419.450000,9.9962126211e-04,3.3623489513e-06
419.500000,1.0015522643e-03,1.7372917218e-06
419.550000,1.0014053337e-03,4.6512675386e-06
419.600000,9.9949452064e-04,-3.9684340281e-06
419.650000,9.9836786023e-04,1.5321560938e-06
419.700000,9.9980596629e-04,-1.0122121219e-05
419.750000,9.9973740850e-04,6.7708762135e-06
419.800000,1.0003130691e-03,1.6917258820e-06
419.850000,1.0005328921e-03,-7.5651047128e-06
419.900000,1.0004859225e-03,1.1434410964e-05
419.950000,1.0011964685e-03,3.0788571133e-06
420.000000,9.9944655634e-04,1.0733110808e-05
420.050000,9.9899906491e-04,-1.6538722643e-06
420.100000,1.0002012191e-03,-1.5436196664e-06
420.150000,9.9944008520e-04,9.5742771921e-06
420.200000,9.9915048746e-04,2.8630418951e-06
420.250000,9.9897551408e-04,-6.5680540736e-06
420.300000,9.9969739607e-04,9.7245555364e-08
420.350000,1.0007886310e-03,-2.1373022079e-05
420.400000,1.0007860999e-03,1.0796277576e-05
420.450000,9.9922192450e-04,-2.1273785476e-06
420.500000,1.0004691418e-03,3.7201343653e-06
420.550000,9.9911723621e-04,-1.1030105382e-05
420.600000,9.9878934264e-04,-1.5011828327e-05
420.650000,9.9995702086e-04,-1.4682061027e-05
420.700000,1.0009347083e-03,2.6239082356e-06
420.750000,9.9984003237e-04,1.7433235191e-05
420.800000,9.9923169342e-04,3.4569103737e-06
420.850000,1.0011753753e-03,-1.2923880247e-05
420.900000,9.9904472401e-04,-3.0056764239e-06
420.950000,1.0001489610e-03,5.7087030120e-07
421.000000,9.9980889362e-04,-1.1108438946e-05
421.050000,9.9961694263e-04,-9.7086661652e-06
421.100000,1.0005619222e-03,-6.5408606605e-06
421.150000,9.9959672397e-04,-7.0527096696e-06
421.200000,9.9891303193e-04,-4.0479301217e-06
421.250000,1.0002018520e-03,-1.5162257358e-05
421.300000,1.0003570764e-03,7.3170153907e-06
421.350000,1.0005926382e-03,1.4466389659e-05
421.400000,9.9917977556e-04,-4.4143754681e-06
421.450000,9.9910439802e-04,1.5094114808e-06
421.500000,1.0002460185e-03,-1.1440511837e-06
421.550000,1.0010421215e-03,3.9082197630e-06
421.600000,1.0023394082e-03,-6.1600406664e-06
421.650000,1.0006754934e-03,1.1902724950e-05
421.700000,1.0011973155e-03,-4.0692044967e-06
421.750000,9.9837765625e-04,8.4107385123e-06
421.800000,9.9861588522e-04,-5.5437124795e-06
421.850000,1.0009675852e-03,-9.6413055443e-06
421.900000,9.9977023189e-04,-6.2043240394e-06
421.950000,1.0000007927e-03,8.8335044699e-06
422.000000,1.0011961221e-03,-3.8657666145e-07
422.050000,9.9899642946e-04,1.1198507184e-07
422.100000,1.0010026451e-03,4.7193365524e-06
422.150000,9.9995633739e-04,4.4863029613e-06
422.200000,1.0000008027e-03,7.5828186037e-06
422.250000,1.0006109867e-03,1.2974446212e-05
422.300000,9.9785099235e-04,4.2862789588e-06
422.350000,9.9924251947e-04,1.5813261014e-05
422.400000,9.9973710034e-04,-4.5611408039e-06
422.450000,1.0010891724e-03,9.0143738191e-06
422.500000,9.9877022308e-04,-1.1817438745e-06
422.550000,9.9967190781e-04,-1.0453449656e-05
422.600000,1.0010650176e-03,-1.2286339176e-07
422.650000,9.9948767259e-04,1.1585996868e-05
422.700000,1.0000231621e-03,-2.1443489934e-06
422.750000,1.0006992081e-03,1.4725608770e-05
422.800000,9.9997935900e-04,8.6232367424e-06
422.850000,9.9906706819e-04,-1.3217287140e-05
422.900000,9.9874998847e-04,1.1801587470e-06
422.950000,9.9902440687e-04,-6.7898727318e-06
423.000000,9.9987416536e-04,-4.5733236464e-06
423.050000,9.9763703158e-04,5.4873517203e-06
423.100000,9.9907633964e-04,-7.9372911128e-06
423.150000,9.9900946034e-04,-1.2236958011e-05
423.200000,9.9854335104e-04,7.8010406942e-06
423.250000,9.9815750763e-04,-4.5446719906e-06
423.300000,1.0003434392e-03,4.0000816701e-06
423.350000,1.0000366136e-03,-2.9279946799e-06
423.400000,9.9965235929e-04,-5.3065972182e-07
423.450000,1.0014394718e-03,-1.3793750167e-05
423.500000,1.0022415963e-03,-1.5856539107e-05
423.550000,1.0013292476e-03,1.0283907219e-05
423.600000,1.0002347069e-03,2.1879088412e-06
423.650000,1.0009605062e-03,-9.3008598392e-07
423.700000,9.9823460457e-04,6.4587479056e-06
423.750000,1.0017915160e-03,9.6082525513e-06
423.800000,1.0013419797e-03,3.6368821894e-06
423.850000,1.0008471281e-03,-1.1426492043e-05
423.900000,1.0012322193e-03,-1.2160061710e-05
423.950000,9.9978413051e-04,3.0118706849e-06
424.000000,9.9996232906e-04,-8.5117938330e-06
424.050000,9.9960637897e-04,-1.5862188938e-06
424.100000,9.9981882751e-04,-5.5860056632e-06
424.150000,1.0017081941e-03,-3.0101415504e-06
424.200000,9.9895101114e-04,-1.7700942648e-06
424.250000,1.0017496797e-03,-1.2880992659e-05
424.300000,9.9966955207e-04,1.5987973484e-06
424.350000,1.0013254602e-03,1.0385349538e-05
424.400000,1.0001453607e-03,4.4062628301e-06
424.450000,1.0002306564e-03,4.3096361138e-06
424.500000,9.9987223587e-04,4.9963374126e-06
424.550000,9.9837163104e-04,5.3944343703e-06
424.600000,1.0009691651e-03,-1.3232938821e-05
424.650000,1.0017132814e-03,-9.3474605431e-06
424.700000,9.9989194640e-04,3.8363751942e-06
424.750000,9.9898778762e-04,4.6332557531e-06
424.800000,1.0013022550e-03,-9.1812804899e-06
424.850000,9.9949855487e-04,-8.4490626421e-06
424.900000,1.0007936394e-03,-4.8477458756e-06
424.950000,1.0009419315e-03,-1.8465099984e-05
425.000000,1.0000253807e-03,8.0259382142e-07
425.050000,1.0002278873e-03,6.7685353053e-06
425.100000,9.9976287942e-04,-2.6987332425e-06
425.150000,1.0007132636e-03,3.1874251347e-06
425.200000,1.0004609780e-03,1.5677424126e-05
425.250000,1.0011173548e-03,9.6619138245e-06
425.300000,1.0003547063e-03,-1.5503572426e-05
425.350000,9.9879182868e-04,-2.0154328962e-06
425.400000,1.0005192625e-03,6.0719316424e-06
425.450000,1.0009501134e-03,2.9226391398e-06
425.500000,9.9982759495e-04,-1.4292152454e-06
425.550000,1.0002171642e-03,1.2004158136e-05
425.600000,9.9966886992e-04,8.0980005993e-06
425.650000,1.0005415661e-03,5.3552663054e-06
425.700000,9.9910502299e-04,-1.2496773922e-05
425.750000,1.0017122031e-03,1.9575434079e-06
425.800000,1.0009946048e-03,3.7645165797e-06
425.850000,9.9884077327e-04,4.2482647854e-06
425.900000,1.0015673765e-03,-1.3551373007e-05
425.950000,1.0006238682e-03,-2.1701118894e-06
426.000000,9.9855615035e-04,1.1800723396e-06
426.050000,1.0021436633e-03,5.2462709126e-06
426.100000,1.0010952436e-03,-1.7179993898e-05
426.150000,1.0009786074e-03,1.6004673097e-05
426.200000,9.9733835376e-04,1.2766222351e-05
426.250000,9.9988408368e-04,-8.1718453427e-06
426.300000,9.9900086299e-04,-3.6996230733e-06
426.350000,1.0001187772e-03,-4.9611918603e-06
426.400000,1.0003488628e-03,1.8542131051e-08
426.450000,9.9919256444e-04,1.4653414626e-05
426.500000,9.9983635174e-04,1.6291366912e-05
426.550000,1.0004918393e-03,-8.5753700346e-06
426.600000,9.9936296933e-04,9.4520856959e-07
426.650000,1.0016886692e-03,5.2305787275e-06
426.700000,1.0022160028e-03,-1.7156908699e-06
426.750000,9.9965627904e-04,-9.9191658794e-08
426.800000,9.9779410894e-04,-3.3296120605e-06
426.850000,9.9871933159e-04,5.7067795743e-06
426.900000,1.0005374020e-03,-1.7127309346e-06
426.950000,9.9944556535e-04,-9.1033934596e-07
427.000000,9.9870124134e-04,-9.6561673591e-06
427.050000,9.9971886207e-04,-1.4723156417e-06
427.100000,9.9950497474e-04,3.3754785274e-06
427.150000,9.9913206164e-04,1.0380122956e-05
427.200000,9.9920639448e-04,-9.0048024863e-06
427.250000,9.9866410939e-04,-1.1851534071e-08
427.300000,1.0005510037e-03,1.7275408960e-05
427.350000,1.0002393177e-03,7.8871259260e-06
427.400000,1.0006366229e-03,-7.3351794350e-06
427.450000,1.0020242432e-03,1.4588112899e-05
427.500000,1.0005283514e-03,1.6827584562e-05
427.550000,9.9949287365e-04,9.5321409561e-06
427.600000,1.0008634623e-03,-3.7459275052e-06
427.650000,9.9925390900e-04,-2.4863936269e-05
427.700000,1.0007781849e-03,-2.9430841498e-06
427.750000,9.9939387777e-04,8.0923946688e-06
427.800000,9.9961175018e-04,7.1009129404e-07
427.850000,1.0007911116e-03,-5.4523426907e-06
427.900000,1.0005219250e-03,1.3930791822e-05
427.950000,1.0005360123e-03,1.2367282369e-05
428.000000,9.9872348651e-04,-6.4772111139e-06
428.050000,9.9813016769e-04,1.3184731965e-07
428.100000,9.9976451950e-04,3.6793383772e-06
428.150000,9.9800781769e-04,3.0082919524e-08
428.200000,1.0008474460e-03,-2.0005638546e-05
428.250000,9.9931062484e-04,1.1872697386e-05
428.300000,1.0008592749e-03,1.4996690048e-05
428.350000,1.0000548808e-03,-6.6089198995e-06
428.400000,9.9934381345e-04,6.3236150620e-06
428.450000,9.9858073403e-04,-4.6237929799e-07
428.500000,9.9978123889e-04,-3.3153249688e-06
428.550000,1.0012845304e-03,2.9753983842e-06
428.600000,1.0011444399e-03,-8.7201040849e-06
428.650000,1.0018074160e-03,2.1507007833e-05
428.700000,9.9871526653e-04,1.3836614676e-06
428.750000,9.9783895293e-04,6.9579638578e-06
428.800000,1.0002494348e-03,-4.8980208111e-07
428.850000,1.0012529765e-03,4.8336677600e-06
428.900000,9.9998777687e-04,3.9452600800e-06
428.950000,1.0007675427e-03,-4.3128616642e-06
429.000000,9.9910785126e-04,1.1528116707e-05
429.050000,1.0002446161e-03,-5.0209824267e-06
429.100000,9.9791068094e-04,1.1552296992e-06
429.150000,1.0002554837e-03,1.2566324255e-05
429.200000,9.9850983622e-04,-5.0196815378e-06
429.250000,9.9979772915e-04,-1.0218827958e-05
429.300000,9.9770451504e-04,-7.3378083488e-07
429.350000,9.9900505703e-04,1.4527187942e-06
429.400000,1.0003303556e-03,1.3060008502e-06
429.450000,1.0024128548e-03,1.0104665711e-05
429.500000,9.9831100814e-04,6.6369139084e-07
429.550000,9.9927997118e-04,1.3153496033e-05
429.600000,1.0007509979e-03,4.7287199460e-06
429.650000,1.0007342520e-03,-7.0125178474e-06
429.700000,1.0002396326e-03,-3.4294716374e-06
429.750000,9.9814848787e-04,3.8937107863e-06
429.800000,9.9910544957e-04,1.0259313420e-05
429.850000,9.9829704721e-04,-3.2735985342e-06
429.900000,1.0001510409e-03,-8.6207492418e-06
429.950000,1.0001283276e-03,-5.2337093190e-07
430.000000,9.9973302830e-04,1.2854030617e-05
430.050000,1.0007755245e-03,-5.9943772343e-06
430.100000,9.9970769647e-04,1.5962435840e-05
430.150000,1.0001223970e-03,-6.4336060082e-06
430.200000,1.0004136010e-03,-1.7487088641e-05
430.250000,1.0008393494e-03,-1.7478543880e-06
430.300000,9.9902094792e-04,-1.6470457490e-06
430.350000,1.0008292070e-03,1.4500257692e-05
430.400000,1.0005147614e-03,-1.5581492128e-06
430.450000,9.9893484144e-04,2.7149889757e-05
430.500000,1.0002520532e-03,-5.1095435128e-06
430.550000,9.9849741901e-04,-7.7383545901e-07
430.600000,1.0003720231e-03,-4.1555841432e-06
430.650000,9.9827908708e-04,7.3080510607e-06
430.700000,9.9814669516e-04,1.1062962361e-05
430.750000,9.9891307324e-04,-1.2106127264e-05
430.800000,9.9826871016e-04,-1.1318562539e-05
430.850000,1.0004533927e-03,1.0858908494e-05
430.900000,1.0008100513e-03,2.5666451214e-06
430.950000,9.9965534932e-04,1.5834026066e-06
431.000000,1.0011196789e-03,4.6441185075e-06
431.050000,1.0002450222e-03,1.9550458839e-05
431.100000,9.9847084591e-04,1.4573384969e-05
431.150000,9.9942980016e-04,5.4415338678e-07
431.200000,9.9989100754e-04,4.0993144092e-06
431.250000,9.9843258119e-04,1.2293815411e-05
431.300000,9.9872787102e-04,-5.5193236183e-07
431.350000,1.0003392128e-03,9.9521402108e-06
431.400000,9.9956640448e-04,-1.8446825942e-05
431.450000,9.9959317955e-04,5.3532763952e-06
431.500000,1.0008593153e-03,9.1638060202e-06
431.550000,1.0002487057e-03,-6.0514290539e-06
431.600000,1.0014957395e-03,-1.3014624893e-05
431.650000,9.9998116448e-04,3.2240628148e-06
431.700000,9.9927943789e-04,5.7465906719e-06
431.750000,9.9856812872e-04,-1.2179332444e-05
431.800000,9.9973670786e-04,-3.1941826775e-06
431.850000,9.9754401499e-04,-2.0875861682e-05
431.900000,9.9932257747e-04,-7.0267707907e-06
431.950000,1.0010138507e-03,-3.5257527645e-06
432.000000,1.0006575786e-03,1.4366523256e-05
432.050000,1.0010739855e-03,-9.2216670152e-06
432.100000,1.0021998618e-03,5.9349087209e-06
432.150000,1.0006696448e-03,8.1472003106e-06
432.200000,9.9919073712e-04,8.3120570091e-06
432.250000,9.9840378437e-04,-1.1164284605e-05
432.300000,1.0001684488e-03,-1.2845712633e-05
432.350000,1.0008955994e-03,2.0656786476e-06
432.400000,1.0002501199e-03,-2.0005721250e-07
432.450000,9.9987315674e-04,-1.2806731635e-05
432.500000,9.9987089901e-04,8.8690822255e-06
432.550000,1.0008490398e-03,1.5493978842e-06
432.600000,9.9940584958e-04,3.9786707718e-06
432.650000,1.0003629993e-03,-1.2686981610e-05
432.700000,1.0005048529e-03,3.8187020146e-07
432.750000,1.0016548765e-03,-1.6390721518e-05
432.800000,1.0006785920e-03,-1.4541336320e-05
432.850000,9.9997650741e-04,9.4643387202e-06
432.900000,1.0013863883e-03,9.7175881221e-06
432.950000,1.0006638049e-03,-1.2890918269e-05
433.000000,9.9966639389e-04,-8.7825019492e-06
433.050000,1.0013336537e-03,-4.8553045620e-06
433.100000,9.9996089384e-04,-1.0843863757e-05
433.150000,1.0024260700e-03,1.5076377978e-05
433.200000,1.0006703045e-03,5.7908755040e-07
433.250000,9.9974610176e-04,1.0698784254e-06
433.300000,9.9907999711e-04,-7.9524109378e-06
433.350000,1.0006804513e-03,4.0163136252e-06
433.400000,9.9989798371e-04,1.3961968631e-05
433.450000,9.9935108572e-04,-1.9662297839e-06
433.500000,1.0000098650e-03,-1.1997659165e-06
433.550000,1.0000956217e-03,2.1010200963e-06
433.600000,1.0020515732e-03,1.5759786296e-05
433.650000,9.9868219255e-04,1.3190987788e-05
433.700000,1.0018861049e-03,7.8117361698e-07
433.750000,1.0006229293e-03,1.2491886963e-05
433.800000,1.0003689780e-03,1.9204636617e-05
433.850000,1.0006802772e-03,3.7992587042e-06
433.900000,1.0014074769e-03,5.5228258488e-06
433.950000,9.9991155238e-04,-1.5842362605e-06
434.000000,9.9983310204e-04,-1.2558025130e-05
434.050000,9.9981174598e-04,-5.7462424221e-06
434.100000,9.9880043036e-04,-5.5403388644e-06
434.150000,1.0002810960e-03,2.1798069778e-06
434.200000,9.9859516553e-04,7.8376253188e-07
434.250000,9.9988190817e-04,-2.1015437974e-05
434.300000,1.0012265616e-03,-6.3947829861e-06
434.350000,1.0001284536e-03,-1.5720679127e-06
434.400000,1.0018616968e-03,-3.4992868528e-07
434.450000,9.9954451361e-04,9.2751310448e-06
434.500000,9.9897432376e-04,1.2900677193e-06
434.550000,1.0002181570e-03,8.3032351133e-06
434.600000,1.0003226397e-03,-2.0504128392e-06
434.650000,1.0006285565e-03,1.1483390418e-05
434.700000,9.9832474266e-04,5.2954432683e-06
434.750000,9.9739710358e-04,-2.5816408629e-06
434.800000,9.9907052605e-04,1.1938657921e-06
434.850000,1.0007460713e-03,1.1408367280e-05
434.900000,9.9741892671e-04,-4.7460661179e-09
434.950000,1.0005108775e-03,-1.9472618315e-05
435.000000,9.9797205094e-04,-1.0374917877e-05
435.050000,1.0013209309e-03,-4.7032547233e-06
435.100000,9.9998264455e-04,3.1586729228e-06
435.150000,9.9932419924e-04,-1.0096743736e-05
435.200000,1.0006801118e-03,5.2694310550e-07
435.250000,9.9998528752e-04,-1.1100893327e-06
435.300000,9.9938103082e-04,8.5214661989e-06
435.350000,1.0020440413e-03,-2.2108026357e-05
435.400000,9.9987208985e-04,7.9090676456e-06
435.450000,1.0007578746e-03,5.4616913120e-06
435.500000,9.9923635346e-04,1.8748431039e-07
435.550000,9.9902134882e-04,-1.2718464788e-05
435.600000,9.9909164447e-04,-2.1456169707e-06
435.650000,9.9883152188e-04,-1.5586003845e-05
435.700000,1.0006354457e-03,-4.1666819974e-06
435.750000,1.0009778112e-03,9.9683224405e-06
435.800000,9.9932711077e-04,1.5504628587e-05
435.850000,9.9947972417e-04,7.6209373624e-06
435.900000,1.0005398543e-03,-9.0663471552e-06
435.950000,1.0017727105e-03,-2.4483734263e-06
436.000000,1.0010679169e-03,-2.4524266751e-06
436.050000,1.0009634468e-03,8.8437637627e-06
436.100000,9.9969681008e-04,1.5739516338e-05
436.150000,1.0006686516e-03,2.0142484036e-05
436.200000,1.0002987537e-03,-1.9686537649e-05
436.250000,9.9921621720e-04,-2.2298663727e-06
436.300000,9.9820380736e-04,7.7135908564e-07
436.350000,9.9981477366e-04,-2.6817123111e-06
436.400000,1.0004479559e-03,-7.3932576414e-06
436.450000,9.9947710992e-04,-3.4418215790e-06
436.500000,9.9980018486e-04,-3.2785804233e-06
436.550000,9.9926076063e-04,1.1338387261e-05
436.600000,1.0018985912e-03,1.1267853361e-06
436.650000,9.9789448316e-04,-2.0994943841e-06
436.700000,1.0002352874e-03,2.0083876414e-05
436.750000,1.0001501193e-03,3.3268456009e-05
436.800000,9.9987349914e-04,-9.0334631390e-06
436.850000,9.9977992799e-04,3.7477120959e-06
436.900000,9.9973919047e-04,-3.7501461124e-05
436.950000,9.9990387004e-04,-4.0472874603e-06
437.000000,1.0000119296e-03,-2.1768036394e-05
437.050000,9.9865274938e-04,1.0694082302e-05
437.100000,9.9989884774e-04,-1.8031033415e-06
437.150000,1.0000846779e-03,-1.6653162634e-05
437.200000,1.0002728133e-03,-1.8569379538e-06
437.250000,1.0006095756e-03,1.5040690565e-06
437.300000,1.0032310392e-03,-2.4336128474e-06
437.350000,1.0007250547e-03,-8.3964365287e-06
437.400000,9.9939154565e-04,-2.5247220539e-05
437.450000,9.9946404979e-04,7.9253338544e-06
437.500000,1.0008954703e-03,-1.0944169409e-05
437.550000,9.9955290733e-04,1.7730061230e-06
437.600000,1.0005963996e-03,-4.5552674915e-06
437.650000,9.9911953412e-04,-1.1552450697e-05
437.700000,9.9955267355e-04,-1.1856600149e-06
437.750000,1.0006381527e-03,-1.2869042565e-05
437.800000,1.0003578835e-03,-1.2106264374e-07
437.850000,9.9926248551e-04,-1.2789236313e-05
437.900000,9.9752630571e-04,-8.8972528352e-06
437.950000,1.0003035739e-03,-2.7810375556e-06
438.000000,1.0011322972e-03,-3.1078308090e-05
438.050000,1.0009164150e-03,3.6489561117e-06
438.100000,9.9872857565e-04,-9.2031456863e-06
438.150000,9.9879963194e-04,-4.5912556368e-06
438.200000,1.0000550830e-03,-2.3438379772e-05
438.250000,9.9998933020e-04,8.8473049965e-06
438.300000,1.0006839851e-03,6.1176369924e-06
438.350000,1.0001708481e-03,5.1935978645e-07
438.400000,9.9908528071e-04,-6.0651732398e-06
438.450000,9.9951363182e-04,-2.8279423411e-06
438.500000,1.0012073790e-03,1.3211962076e-05
438.550000,1.0006957943e-03,2.2556306990e-05
438.600000,1.0006127972e-03,7.5571534833e-06
438.650000,1.0011554899e-03,-5.2699255531e-06
438.700000,9.9895226498e-04,7.0706380195e-06
438.750000,1.0010350811e-03,3.1243442339e-05
438.800000,9.9996754221e-04,7.6600464606e-06
438.850000,9.9952189737e-04,2.2348135880e-05
438.900000,1.0015480128e-03,6.0567535335e-07
438.950000,9.9968325402e-04,8.9385467808e-06
439.000000,1.0009803703e-03,1.2496996569e-05
439.050000,1.0004412400e-03,-2.8197496219e-07
439.100000,9.9783111113e-04,-7.6327610012e-06
439.150000,9.9831193595e-04,1.8283923461e-05
439.200000,9.9988589732e-04,-1.3575642940e-06
439.250000,1.0011119512e-03,2.0172832370e-06
439.300000,1.0019646733e-03,-4.3617547664e-06
439.350000,9.9956707647e-04,-4.6357406297e-07
439.400000,9.9913674466e-04,-1.3340415947e-05
439.450000,9.9861423600e-04,-1.7100502808e-05
439.500000,9.9990597338e-04,-4.6067339570e-06
439.550000,9.9985422365e-04,4.9193303022e-06
439.600000,9.9973826513e-04,-7.1727217528e-06
439.650000,1.0007672411e-03,-2.4255698942e-06
439.700000,1.0002003278e-03,-6.8867155987e-06
439.750000,1.0012462755e-03,-2.5029971682e-06
439.800000,1.0016034770e-03,-4.4134689438e-06
439.850000,1.0004297256e-03,1.4058774902e-05
439.900000,9.9865695176e-04,4.6736608383e-06
439.950000,9.9997723316e-04,1.4411190980e-05
440.000000,1.0003609682e-03,1.5607430761e-05
440.050000,9.9937251010e-04,-5.0497912698e-06
440.100000,1.0002827511e-03,-3.5724623005e-06
440.150000,9.9893416851e-04,-3.9092103961e-07
440.200000,9.9859968465e-04,-1.6579523056e-05
440.250000,1.0000551071e-03,5.4039850142e-06
440.300000,1.0006959417e-03,-2.3215777128e-06
440.350000,1.0017578301e-03,9.7248652125e-06
440.400000,9.9870523643e-04,1.3139951503e-05
440.450000,1.0017147359e-03,1.3105264361e-06
440.500000,9.9970763063e-04,2.8339292145e-05
440.550000,1.0000247450e-03,2.3242734501e-05
440.600000,1.0004882042e-03,1.0416816192e-05
440.650000,9.9882048071e-04,-7.9968731457e-06
440.700000,1.0002673248e-03,3.4876520882e-06
440.750000,1.0004423395e-03,-7.7718000638e-06
440.800000,9.9982370045e-04,-2.2411504334e-06
440.850000,9.9902121829e-04,3.7109955941e-06
440.900000,1.0004368288e-03,8.7575008222e-06
440.950000,1.0006448226e-03,1.6240203130e-05
441.000000,1.0005781934e-03,2.5690022188e-06
441.050000,9.9814232556e-04,5.1651298860e-06
441.100000,9.9844211576e-04,-7.5965510667e-07
441.150000,9.9970815361e-04,1.0794846438e-06
441.200000,9.9897924775e-04,-8.0480042466e-06
441.250000,9.9906558363e-04,9.3490844422e-06
441.300000,1.0020348497e-03,-4.4249206106e-06
441.350000,1.0015560417e-03,-2.2938618389e-06
441.400000,9.9892902609e-04,5.4277274131e-08
441.450000,9.9870825955e-04,1.4577302409e-06
441.500000,9.9901641066e-04,-2.7096212615e-06
441.550000,9.9931733876e-04,-2.5074205464e-06
441.600000,1.0015486692e-03,5.2216369913e-06
441.650000,9.9936619350e-04,5.2367777817e-06
441.700000,9.9912447193e-04,1.1632186208e-05
441.750000,1.0008839882e-03,1.8437714526e-05
441.800000,1.0010433895e-03,2.7298921183e-05
441.850000,1.0008658414e-03,-1.1853187463e-05
441.900000,9.9985211447e-04,-2.4899877465e-05
441.950000,9.9854959828e-04,8.2875487004e-06
442.000000,9.9834441204e-04,1.0062367423e-05
442.050000,9.9832081867e-04,1.4842649330e-05
442.100000,9.9972211961e-04,9.2919093099e-06
442.150000,1.0005044175e-03,-4.2278840356e-06
442.200000,1.0005438140e-03,2.5293428782e-05
442.250000,1.0008178001e-03,-5.0461564349e-06
442.300000,9.9824226906e-04,-5.2141515735e-06
442.350000,1.0011421313e-03,4.9591226059e-07
442.400000,1.0005018631e-03,-4.4120809334e-06
442.450000,9.9989013647e-04,6.1332345329e-06
442.500000,9.9909715143e-04,9.2634608021e-06
442.550000,9.9919509441e-04,2.9756941328e-05
442.600000,1.0017009886e-03,-7.5102629715e-06
442.650000,9.9926919687e-04,5.0994636286e-06
442.700000,9.9839348233e-04,5.8893043768e-06
442.750000,1.0014312220e-03,4.3942954362e-06
442.800000,1.0003789103e-03,-6.3823965132e-06
442.850000,9.9873500251e-04,-5.3943206419e-06
442.900000,9.9977090511e-04,5.6936883632e-07
442.950000,1.0004249497e-03,1.2932481766e-05
443.000000,9.9952942608e-04,4.6869718627e-09
443.050000,1.0003645057e-03,3.6066998875e-06
443.100000,9.9984140050e-04,-4.5232199080e-06
443.150000,9.9947246802e-04,1.4616365650e-05
443.200000,1.0002403263e-03,2.9239853443e-06
443.250000,1.0001913364e-03,-2.0258019671e-05
443.300000,1.0009858750e-03,2.0497869406e-05
443.350000,9.9984258926e-04,-1.4041081670e-05
443.400000,1.0004359228e-03,-1.0276535055e-05
443.450000,1.0012144911e-03,5.1357996476e-06
443.500000,9.9955390010e-04,-8.1366049705e-06
443.550000,1.0006103934e-03,1.2948034567e-07
443.600000,9.9942063172e-04,9.0521838310e-07
443.650000,1.0004501695e-03,-8.4502017471e-06
443.700000,9.9910320236e-04,9.6671498091e-06
443.750000,1.0008306627e-03,-1.0837133168e-05
443.800000,9.9897701527e-04,-1.0579906578e-05
443.850000,9.9902376753e-04,-1.0592922528e-05
443.900000,1.0000716181e-03,-4.3369950306e-06
443.950000,9.9890158698e-04,-8.0164334090e-06
444.000000,1.0010556855e-03,1.1634853348e-05
444.050000,9.9839795927e-04,1.6248037989e-06
444.100000,1.0003196068e-03,-3.1807659768e-06
444.150000,1.0002717745e-03,-3.3003719176e-06
444.200000,1.0024972036e-03,-4.4609588108e-06
444.250000,9.9846609500e-04,5.0014798777e-06
444.300000,9.9933426375e-04,5.4994550476e-06
444.350000,1.0003376009e-03,-1.4074854991e-06
444.400000,1.0005302370e-03,1.1865880219e-05
444.450000,1.0002688959e-03,1.2687986597e-05
444.500000,1.0006910380e-03,3.1881102307e-06
444.550000,1.0018622130e-03,-8.7248744434e-07
444.600000,1.0008288274e-03,5.8419862939e-06
444.650000,1.0001915562e-03,-1.7398448458e-06
444.700000,1.0002992226e-03,2.5894194254e-05
444.750000,9.9903844878e-04,4.9078889253e-06
444.800000,9.9982975850e-04,-1.4105264100e-05
444.850000,9.9961079283e-04,6.8979693147e-06
444.900000,1.0006122676e-03,1.1979236180e-05
444.950000,1.0002501252e-03,-2.1628864605e-05
445.000000,1.0010373291e-03,1.3460103732e-05
445.050000,9.9875144667e-04,-1.0698017656e-05
445.100000,1.0003895493e-03,4.4176453835e-06
445.150000,9.9979944046e-04,5.1397277578e-06
445.200000,1.0001124672e-03,9.9911875610e-06
445.250000,9.9990746544e-04,-1.4560957116e-05
445.300000,9.9879779883e-04,-1.0423239902e-06
445.350000,1.0011947804e-03,5.0743393693e-06
445.400000,1.0002545221e-03,1.0748586931e-05
445.450000,1.0008143042e-03,1.0152058758e-05
445.500000,1.0005811068e-03,2.1834437152e-05
445.550000,1.0008910668e-03,-1.5831031125e-05
445.600000,1.0012550733e-03,-1.2671117375e-05
445.650000,9.9809697808e-04,-3.4982267542e-06
445.700000,1.0010207548e-03,-3.5728387360e-06
445.750000,9.9984394763e-04,9.5309425593e-06
445.800000,9.9965637725e-04,-4.7311567869e-06
445.850000,1.0019122758e-03,-2.4004519518e-05
445.900000,9.9964907721e-04,-2.2414522969e-06
445.950000,1.0010087311e-03,8.7970848281e-06
446.000000,1.0016145356e-03,-4.8820912994e-06
446.050000,1.0017648600e-03,-1.3105511702e-05
446.100000,1.0011556894e-03,7.7601732092e-06
446.150000,1.0001272603e-03,-4.9609137421e-06
446.200000,1.0010989082e-03,-7.1728317995e-06
446.250000,1.0001296069e-03,-1.3690029906e-05
446.300000,9.9958226382e-04,-2.3753114412e-06
446.350000,1.0004314274e-03,1.5262531790e-06
446.400000,9.9923854977e-04,1.0860827509e-05
446.450000,9.9924414012e-04,3.3947142743e-06
446.500000,9.9968867010e-04,1.4239119207e-05
446.550000,9.9781273204e-04,-8.9773112062e-06
446.600000,9.9892414635e-04,7.0364561338e-06
446.650000,1.0003863995e-03,-1.5194179492e-05
446.700000,9.9922096514e-04,1.0987570170e-05
446.750000,9.9997158904e-04,-4.4797207583e-06
446.800000,9.9975731307e-04,4.6446625854e-06
446.850000,9.9790702613e-04,3.9271767419e-06
446.900000,1.0001102252e-03,-1.3711479449e-05
446.950000,9.9964437138e-04,-7.5849268302e-06
447.000000,1.0008249070e-03,-2.5340780555e-06
447.050000,1.0013019685e-03,2.3710221749e-06
447.100000,1.0004439125e-03,-9.1948127149e-06
447.150000,9.9997074305e-04,-3.7571292218e-06
447.200000,9.9950165470e-04,-6.1414370278e-06
447.250000,1.0004917026e-03,-2.9514726703e-06
447.300000,1.0003003746e-03,-8.4061331966e-06
447.350000,9.9888225359e-04,-1.7694443216e-05
447.400000,9.9985054741e-04,-6.7880926595e-06
447.450000,9.9993222055e-04,3.4293889538e-07
447.500000,9.9906914825e-04,7.1144564493e-06
447.550000,9.9913182510e-04,-1.6234303587e-06
447.600000,9.9969456527e-04,-5.5032237167e-06
447.650000,9.9895750537e-04,1.0607432106e-05
447.700000,1.0003336106e-03,1.4233483871e-05
447.750000,1.0003916203e-03,-9.2088484800e-07
447.800000,9.9977381804e-04,1.0083391147e-05
447.850000,1.0001854077e-03,6.0006531239e-06
447.900000,1.0012061276e-03,-4.9767159155e-06
447.950000,9.9923023466e-04,-4.5736199210e-06
448.000000,1.0000623201e-03,1.9705381713e-05
448.050000,9.9996512798e-04,-2.8921461660e-06
448.100000,9.9964945406e-04,-2.3245293585e-06
448.150000,1.0009040052e-03,2.7824365042e-05
448.200000,9.9906544216e-04,-1.0170480421e-06
448.250000,9.9918783125e-04,-1.0568697751e-05
448.300000,9.9985045023e-04,7.4628920936e-06
448.350000,9.9909917298e-04,1.0911160566e-05
448.400000,9.9993031840e-04,4.4405207894e-06
448.450000,9.9889883906e-04,6.0979095461e-06
448.500000,9.9928924248e-04,-2.0475298736e-05
448.550000,1.0003519174e-03,-1.2232236564e-05
448.600000,9.9857276743e-04,-6.2661269741e-06
448.650000,1.0010298882e-03,6.7199339257e-06
448.700000,1.0000057336e-03,-2.0365988608e-05
448.750000,1.0007192057e-03,-1.9175539604e-06
448.800000,1.0021053330e-03,-1.4376906894e-05
448.850000,1.0003774385e-03,-5.0930970456e-06
448.900000,1.0000775741e-03,-5.2944077147e-06
448.950000,1.0004146115e-03,-1.1430888782e-05
449.000000,1.0001437660e-03,5.5257202180e-06
449.050000,9.9934742205e-04,-9.8274537367e-06
449.100000,9.9965848678e-04,1.7033595079e-05
449.150000,1.0002081527e-03,-7.6569619902e-06
449.200000,9.9950005782e-04,2.0396428477e-05
449.250000,9.9924068683e-04,1.3158979513e-05
449.300000,1.0002575442e-03,6.8081517604e-06
449.350000,9.9938602862e-04,1.2207659730e-05
449.400000,9.9998664060e-04,-1.2873838995e-05
449.450000,9.9981301780e-04,5.8329354082e-06
449.500000,9.9925559954e-04,-1.1394650629e-05
449.550000,9.9927703669e-04,1.8177172268e-05
449.600000,1.0014335569e-03,6.2921201873e-06
449.650000,9.9993015929e-04,-1.1098090109e-05
449.700000,9.9935637478e-04,7.1623128634e-06
449.750000,9.9843078714e-04,9.0794176293e-07
449.800000,9.9995633268e-04,-1.2141476995e-05
449.850000,1.0015316703e-03,-1.2732349847e-05
449.900000,9.9875884518e-04,-1.9720727238e-05
449.950000,9.9831934755e-04,1.1395539885e-05
450.000000,1.0006340457e-03,-1.0862256947e-05
450.050000,1.0010766882e-03,-2.4352866980e-06
450.100000,1.0006645764e-03,6.6827378857e-06
450.150000,9.9819585766e-04,2.4051246531e-06
450.200000,1.0007531459e-03,1.2676967538e-05
450.250000,9.9931096460e-04,3.6946640159e-06
450.300000,1.0005876130e-03,1.5636286839e-05
450.350000,9.9911326840e-04,-9.8417886875e-06
450.400000,9.9878773605e-04,-1.4362467236e-05
450.450000,1.0009594247e-03,-1.0881314621e-05
450.500000,1.0011347303e-03,1.6669394555e-06
450.550000,9.9754018826e-04,2.0886390382e-06
450.600000,1.0001405369e-03,-9.3898077208e-07
450.650000,1.0001512926e-03,2.8685254183e-06
450.700000,9.9926487371e-04,-2.6160478362e-06
450.750000,9.9960900957e-04,7.8078270417e-06
450.800000,9.9923324257e-04,-3.6153363839e-06
450.850000,9.9975305347e-04,-1.1630724512e-05
450.900000,9.9972568703e-04,1.5528169407e-05
450.950000,9.9959958640e-04,-1.0072745267e-06
451.000000,1.0010208961e-03,4.7357147418e-06
451.050000,9.9924094360e-04,8.6259380495e-06
451.100000,1.0002797520e-03,-7.4620270004e-07
451.150000,1.0000746680e-03,6.2876112552e-06
451.200000,9.9984191077e-04,9.7010657832e-06
451.250000,1.0014373505e-03,1.6272471247e-05
451.300000,1.0004769154e-03,9.1259088291e-06
451.350000,9.9874501940e-04,2.5961662153e-06
451.400000,1.0017458386e-03,3.0422833146e-06
451.450000,1.0008633882e-03,-2.0799762033e-05
451.500000,9.9869115218e-04,1.5384995375e-06
451.550000,1.0002567582e-03,-5.3161142438e-06
451.600000,9.9931574052e-04,-9.2549537403e-06
451.650000,1.0022429212e-03,1.8024425979e-06
451.700000,1.0014095472e-03,1.2941448785e-05
451.750000,1.0011429510e-03,3.8128973819e-06
451.800000,9.9945857425e-04,2.2158630794e-06
451.850000,9.9735382536e-04,-1.8483460048e-05
451.900000,9.9979362434e-04,-6.9482236930e-06
451.950000,9.9915512651e-04,-3.8661060659e-07
452.000000,9.9833725770e-04,1.3114870704e-05
452.050000,9.9992550497e-04,6.5462055821e-06
452.100000,1.0005344396e-03,1.7769094151e-05
452.150000,9.9873820789e-04,1.6716455516e-05
452.200000,1.0010563741e-03,3.4093936806e-06
452.250000,1.0015901138e-03,9.8801996456e-06
452.300000,1.0015317187e-03,2.2451518143e-06
452.350000,9.9973775375e-04,-8.8001360070e-07
452.400000,1.0014178269e-03,9.8884179010e-07
452.450000,1.0004342683e-03,-9.9058865781e-06
452.500000,9.9949934573e-04,1.2428652556e-05
452.550000,9.9919912439e-04,-3.5652747702e-07
452.600000,1.0003938503e-03,-3.4760847154e-06
452.650000,9.9903137937e-04,8.3311000320e-06
452.700000,9.9880774466e-04,-1.0461942654e-05
452.750000,1.0007396762e-03,-1.4906389970e-05
452.800000,1.0008118467e-03,-5.7359572985e-06
452.850000,9.9964117710e-04,1.2837950386e-05
452.900000,9.9904757540e-04,1.9606391594e-05
452.950000,1.0005015965e-03,-1.8900047478e-05
453.000000,1.0001626274e-03,-5.9936080161e-06
453.050000,9.9981441860e-04,-1.1545810525e-05
453.100000,1.0003847291e-03,-8.9584354617e-07
453.150000,1.0002583251e-03,-2.9857824093e-06
453.200000,9.9981092838e-04,1.1175270028e-05
453.250000,9.9888026023e-04,-7.0364399365e-06
453.300000,9.9985068456e-04,7.4429181558e-06
453.350000,1.0007284377e-03,5.7441423273e-06
453.400000,1.0012109795e-03,2.7410148423e-07
453.450000,9.9973738252e-04,1.9926950340e-05
453.500000,1.0002266668e-03,-6.0131264189e-07
453.550000,9.9842060853e-04,-1.1863600110e-05
453.600000,9.9926624356e-04,-5.5529412575e-06
453.650000,9.9964713170e-04,1.1786567903e-05
453.700000,9.9897084850e-04,-3.7981515457e-06
453.750000,1.0008741957e-03,-4.6623990300e-06
453.800000,9.9892510607e-04,5.2854310547e-06
453.850000,9.9844678029e-04,-1.5256487623e-05
453.900000,9.9830380323e-04,-9.7680710898e-07
453.950000,1.0015838200e-03,-7.9418087290e-06
454.000000,1.0002549404e-03,-1.5793203781e-06
454.050000,9.9978012313e-04,-1.1121429788e-05
454.100000,9.9900782829e-04,-1.2341984701e-05
454.150000,1.0010139269e-03,1.0068870663e-05
454.200000,1.0013409184e-03,-8.1517696140e-06
454.250000,9.9952677882e-04,-2.3449665109e-06
454.300000,1.0002620537e-03,4.8636933766e-06
454.350000,1.0008759488e-03,-1.2698270999e-05
454.400000,1.0023811415e-03,-3.9576307600e-06
454.450000,9.9995579465e-04,-3.8165460118e-07
454.500000,1.0009901778e-03,-8.9555668639e-06
454.550000,1.0004620908e-03,-1.1945374117e-05
454.600000,9.9934432917e-04,2.4535536158e-06
454.650000,1.0013989559e-03,8.4839573578e-06
454.700000,9.9847291811e-04,4.1439158730e-06
454.750000,1.0003300176e-03,8.2873418215e-06
454.800000,9.9955453457e-04,-6.2015928710e-06
454.850000,1.0004593077e-03,1.9833910091e-05
454.900000,1.0001866136e-03,-5.7458213090e-07
454.950000,9.9855082793e-04,3.5866512696e-06
455.000000,9.9949183950e-04,-5.5581177055e-06
455.050000,9.9950203984e-04,5.5953029600e-06
455.100000,1.0003338818e-03,1.4377980227e-05
455.150000,9.9878140127e-04,-9.4590523751e-06
455.200000,9.9856569538e-04,-2.1356034322e-07
455.250000,9.9980406788e-04,5.1572943244e-06
455.300000,1.0000573613e-03,-4.9651908948e-06
455.350000,1.0001876586e-03,-1.4359018051e-05
455.400000,1.0017085353e-03,5.0148562719e-06
455.450000,1.0007876115e-03,-3.9508634978e-06
455.500000,1.0002190787e-03,8.7734935028e-06
455.550000,9.9958694056e-04,-1.0159780820e-07
455.600000,9.9985750175e-04,-9.8953907080e-06
455.650000,1.0002103948e-03,2.0086219445e-05
455.700000,9.9960828523e-04,8.9328772573e-06
455.750000,9.9969285149e-04,-1.2493900294e-05
455.800000,1.0006927855e-03,3.8949932086e-06
455.850000,1.0004790418e-03,-4.9983412215e-06
455.900000,1.0010983152e-03,-1.5159445881e-05
455.950000,9.9954661906e-04,9.9052952592e-06
456.000000,1.0013103668e-03,1.2069387658e-05
456.050000,9.9956789564e-04,-1.0215944562e-05
456.100000,9.9835542506e-04,1.3090807182e-05
456.150000,1.0017206488e-03,-7.2507219817e-06
456.200000,9.9962627922e-04,1.0285950494e-05
456.250000,9.9968139168e-04,6.6033666376e-06
456.300000,1.0005123007e-03,3.8079054146e-06
456.350000,1.0000526535e-03,-5.8295392572e-06
456.400000,1.0014482305e-03,8.6376619907e-06
456.450000,1.0004554159e-03,5.3615520571e-06
456.500000,1.0014472650e-03,1.3985650102e-06
456.550000,1.0003011140e-03,-4.6756583676e-06
456.600000,9.9913078793e-04,1.7577017293e-06
456.650000,1.0009015867e-03,-6.6964969003e-06
456.700000,9.9965971843e-04,9.5009932394e-08
456.750000,9.9918167384e-04,1.4183124566e-05
456.800000,9.9841024497e-04,-1.4821375533e-05
456.850000,9.9930533787e-04,9.0680290461e-06
456.900000,1.0007334521e-03,-2.9031739676e-07
456.950000,9.9976329761e-04,1.2367605956e-06
457.000000,1.0009228791e-03,1.0049810370e-05
457.050000,9.9931878375e-04,-2.2616453549e-05
457.100000,1.0001770670e-03,-1.0485123817e-05
457.150000,1.0011310940e-03,1.4993336765e-06
457.200000,9.9913084959e-04,-5.5889541479e-06
457.250000,1.0001037410e-03,-1.2817009685e-05
457.300000,1.0015117075e-03,5.7348845760e-06
457.350000,9.9977596425e-04,1.5775313130e-06
457.400000,9.9965439925e-04,-1.2186269928e-05
457.450000,9.9965516899e-04,-2.7475804040e-06
457.500000,1.0007300200e-03,-1.9797387106e-05
457.550000,9.9985803704e-04,2.3929501568e-06
457.600000,9.9966127320e-04,9.7242384173e-06
457.650000,1.0001593342e-03,-2.4483890007e-06
457.700000,1.0004065593e-03,8.4476080059e-06
457.750000,1.0017106723e-03,-3.0060769095e-06
457.800000,1.0015442928e-03,-8.5765318035e-06
457.850000,1.0003915901e-03,1.1292555654e-05
457.900000,9.9948146148e-04,-6.7908521459e-06
457.950000,9.9958003053e-04,6.3457958578e-06
458.000000,1.0001506848e-03,3.1749538606e-06
458.050000,9.9918685267e-04,4.5193296823e-06
458.100000,9.9944184106e-04,1.0549771119e-05
458.150000,9.9924809737e-04,-1.6669028178e-05
458.200000,9.9864894692e-04,-1.6131257481e-05
458.250000,9.9987800935e-04,-1.4084121010e-05
458.300000,1.0000200343e-03,-1.2091093483e-05
458.350000,1.0006617337e-03,1.4741174535e-05
458.400000,9.9930826096e-04,-9.8861331554e-07
458.450000,1.0003659051e-03,1.0192676603e-06
458.500000,9.9627739585e-04,1.9055094022e-05
458.550000,1.0001884152e-03,7.0510849476e-06
458.600000,9.9885808125e-04,8.8320626295e-06
458.650000,9.9965971044e-04,-1.5835124191e-05
458.700000,9.9969909082e-04,-1.5582109183e-05
458.750000,9.9861809604e-04,5.8387463935e-06
458.800000,1.0005347573e-03,-1.6241464756e-05
458.850000,1.0011255555e-03,2.7133921226e-06
458.900000,1.0008294145e-03,-3.6817193152e-06
458.950000,9.9957001281e-04,-5.0964516345e-06
459.000000,1.0003687996e-03,-2.9265292443e-06
459.050000,9.9933416453e-04,4.9451160565e-06
459.100000,9.9913368138e-04,-1.1127421235e-05
459.150000,9.9884105878e-04,9.1260324699e-07
459.200000,1.0002896374e-03,-2.5113788230e-06
459.250000,1.0009542576e-03,1.2453796016e-05
459.300000,1.0002457626e-03,1.4497304210e-05
459.350000,1.0013796676e-03,-3.0948561634e-05
459.400000,9.9987589205e-04,4.4230235745e-06
459.450000,9.9915948335e-04,-1.9111768370e-05
459.500000,1.0003578981e-03,-1.8325385753e-05
459.550000,1.0003774505e-03,-2.0922920832e-07
459.600000,1.0000560050e-03,-4.9448683543e-06
459.650000,1.0002047666e-03,-4.1178830471e-06
459.700000,9.9915417690e-04,-9.4713452679e-06
459.750000,1.0017392022e-03,-7.5037551378e-07
459.800000,1.0006145346e-03,-7.5031221498e-06
459.850000,9.9814792929e-04,1.3806309391e-06
459.900000,1.0010120129e-03,4.6800691065e-07
459.950000,9.9940058939e-04,7.2251446243e-06
460.000000,9.9958899265e-04,-1.9345896406e-05
460.050000,1.0010033831e-03,-1.6139965073e-05
460.100000,9.9985647035e-04,-1.3034392639e-05
460.150000,9.9912168999e-04,4.0044256651e-07
460.200000,1.0006840812e-03,6.5451984917e-06
460.250000,9.9792817284e-04,-2.8002646495e-05
460.300000,9.9905888801e-04,3.7875806503e-06
460.350000,1.0011790813e-03,1.7572647588e-06
460.400000,9.9914128524e-04,2.3364666174e-06
460.450000,9.9935102988e-04,-1.2469489533e-05
460.500000,1.0000817179e-03,-9.0706545305e-06
460.550000,1.0006469015e-03,1.2052491288e-05
460.600000,9.9876424228e-04,1.8856137616e-05
460.650000,1.0006240787e-03,9.6390188479e-06
460.700000,9.9895093941e-04,-8.8886320739e-06
460.750000,9.9891727930e-04,8.0394810066e-06
460.800000,1.0019440414e-03,7.3311529190e-06
460.850000,1.0011444534e-03,4.3255488174e-06
460.900000,1.0003065652e-03,-2.1777660128e-05
460.950000,9.9996039133e-04,2.7954820831e-05
461.000000,9.9901938842e-04,-1.5920984605e-05
461.050000,1.0002032778e-03,-8.7571510872e-06
461.100000,9.9911691434e-04,-1.2745709863e-05
461.150000,1.0007605603e-03,-1.1255592432e-06
461.200000,9.9962648118e-04,5.7811263285e-06
461.250000,1.0009475802e-03,-2.3161063149e-06
461.300000,9.9900429665e-04,1.4564402342e-06
461.350000,9.9989104729e-04,-2.8604258301e-06
461.400000,1.0003290195e-03,-3.2767802979e-07
461.450000,1.0000601593e-03,1.1340169725e-06
461.500000,1.0008970557e-03,-1.4560951014e-05
461.550000,9.9884133059e-04,-2.8179452612e-06
461.600000,1.0005269621e-03,-3.8296402298e-06
461.650000,1.0000534015e-03,-2.8349180378e-06
461.700000,1.0003565282e-03,-2.2839926657e-06
461.750000,1.0016120805e-03,-2.6239181171e-06
461.800000,9.9985316060e-04,1.0081354835e-05
461.850000,1.0002804479e-03,2.2835607423e-06
461.900000,1.0003222237e-03,1.0042901927e-05
461.950000,9.9990680183e-04,-1.1164668048e-05
462.000000,9.9827802659e-04,2.8157311128e-05
462.050000,1.0020554198e-03,-8.4831860702e-06
462.100000,9.9979517982e-04,-1.4957181174e-05
462.150000,9.9945310715e-04,2.1963137186e-06
462.200000,9.9904426763e-04,1.3215369607e-05
462.250000,1.0010696129e-03,2.5091354470e-05
462.300000,1.0004629882e-03,-1.8980533201e-05
462.350000,1.0011115980e-03,1.7791317292e-05
462.400000,1.0011599444e-03,-4.2283891969e-06
462.450000,1.0012780890e-03,-1.0544141659e-05
462.500000,9.9975661839e-04,5.4304867194e-07
462.550000,9.9966192769e-04,1.6582060764e-05
462.600000,9.9945084727e-04,-1.4687908596e-06
462.650000,9.9989431946e-04,7.4076617722e-06
462.700000,1.0011102051e-03,5.9480515572e-06
462.750000,1.0002972364e-03,5.5005236698e-06
462.800000,9.9884517022e-04,3.8160420541e-06
462.850000,9.9885986021e-04,-3.7211567183e-06
462.900000,9.9894904157e-04,-2.1151225237e-06
462.950000,1.0000247558e-03,-8.0070346910e-06
463.000000,9.9954732156e-04,-1.0531501622e-05
463.050000,9.9938970555e-04,3.7169987325e-06
463.100000,9.9865155723e-04,-5.7287827328e-06
463.150000,1.0011684385e-03,-1.2458713729e-05
463.200000,9.9987048129e-04,-6.5672916054e-06
463.250000,1.0008545120e-03,-2.0463711598e-06
463.300000,1.0008810629e-03,1.0626741626e-05
463.350000,9.9935144186e-04,9.2490204926e-06
463.400000,1.0001923927e-03,-2.2483806268e-05
463.450000,1.0006815986e-03,-7.3877075480e-07
463.500000,1.0015517715e-03,3.5032073066e-06
463.550000,1.0012544545e-03,3.3340440491e-07
463.600000,9.9918844610e-04,-1.3232462155e-05
463.650000,9.9874956149e-04,-4.4576929093e-06
463.700000,1.0006084651e-03,1.1228599088e-05
463.750000,9.9973583284e-04,6.5247008998e-07
463.800000,1.0012414269e-03,-1.5968612281e-06
463.850000,1.0010103649e-03,5.1358412366e-06
463.900000,1.0019806333e-03,1.0351734264e-05
463.950000,1.0010834894e-03,1.6145294486e-05
464.000000,1.0005302769e-03,-5.4086907037e-06
464.050000,9.9918262518e-04,1.4383534475e-07
464.100000,1.0006197479e-03,-2.6717640136e-06
464.150000,9.9983832472e-04,-1.0853122243e-05
464.200000,9.9862638995e-04,-1.8409074825e-06
464.250000,9.9973590851e-04,-8.0086641762e-07
464.300000,1.0003025883e-03,-1.3316812822e-05
464.350000,1.0008305703e-03,6.2412065186e-06
464.400000,9.9968955103e-04,-1.1220739395e-05
464.450000,9.9830133231e-04,-1.1518239801e-05
464.500000,1.0017549484e-03,-1.6717600804e-06
464.550000,9.9964777175e-04,-1.8747006741e-05
464.600000,9.9989638690e-04,-4.8160841250e-06
464.650000,1.0013024035e-03,4.3500566297e-06
464.700000,9.9966388332e-04,1.0234897028e-05
464.750000,1.0001637562e-03,5.5842228212e-06
464.800000,9.9987590786e-04,-2.1235559549e-05
464.850000,9.9853517928e-04,-1.8310019248e-05
464.900000,1.0002765343e-03,-1.4404847680e-06
464.950000,1.0002086126e-03,2.6581531561e-05
465.000000,9.9933189716e-04,-9.1472938211e-06
465.050000,9.9903343817e-04,-1.0290761511e-05
465.100000,9.9902190098e-04,-6.9585001407e-06
465.150000,1.0004855871e-03,-1.8838548320e-07
465.200000,9.9864908001e-04,-8.0064320889e-06
465.250000,1.0010529253e-03,-1.5289888559e-05
465.300000,9.9953957866e-04,-2.3040263671e-06
465.350000,1.0007356129e-03,3.8203353031e-06
465.400000,1.0001407390e-03,1.3858331863e-05
465.450000,1.0015502648e-03,-4.6326845298e-06
465.500000,9.9991985201e-04,2.2177696838e-06
465.550000,9.9964312995e-04,-4.2584243963e-06
465.600000,9.9952472442e-04,-5.0630415231e-07
465.650000,9.9923694025e-04,2.7639213164e-06
465.700000,1.0010887440e-03,-8.7935177638e-07
465.750000,1.0007981554e-03,6.1452429325e-06
465.800000,1.0002888600e-03,-5.4178485791e-06
465.850000,9.9932561069e-04,8.0089654606e-06
465.900000,1.0016097814e-03,5.3417368965e-06
465.950000,1.0002034616e-03,-1.0946861864e-06
466.000000,9.9999002544e-04,-3.0603436014e-06
466.050000,9.9900247260e-04,2.0232529447e-05
466.100000,1.0001228334e-03,1.6796812142e-05
466.150000,9.9920865783e-04,6.8902939260e-06
466.200000,9.9966077786e-04,-1.5342976131e-06
466.250000,1.0002387509e-03,-1.8955354201e-05
466.300000,1.0002777647e-03,1.2029336502e-06
466.350000,1.0001568496e-03,-3.6322273597e-06
466.400000,9.9901738886e-04,1.0168138473e-05
466.450000,1.0003584040e-03,6.7535490515e-06
466.500000,9.9968483672e-04,1.4963335547e-05
466.550000,1.0003454853e-03,-1.1497554362e-06
466.600000,1.0001095002e-03,-7.6155860489e-07
466.650000,9.9971974168e-04,1.1434422128e-05
466.700000,1.0013278984e-03,1.4061919934e-05
466.750000,1.0003026078e-03,1.3614934917e-05
466.800000,9.9975080660e-04,1.6378290611e-05
466.850000,9.9983050984e-04,-3.2479088300e-06
466.900000,1.0008754393e-03,-1.2836573806e-05
466.950000,9.9909392350e-04,8.3878857489e-06
467.000000,9.9836669534e-04,1.4738920579e-05
467.050000,1.0001037345e-03,3.0319130717e-06
467.100000,9.9790040010e-04,-1.1352410904e-06
467.150000,9.9924052331e-04,2.1190907177e-05
467.200000,9.9955074783e-04,2.4542362728e-06
467.250000,9.9851822925e-04,-1.0555769675e-05
467.300000,1.0004124381e-03,-1.3590997496e-05
467.350000,1.0006613794e-03,7.1127405464e-06
467.400000,1.0006223768e-03,-1.2049951557e-05
467.450000,1.0004698523e-03,-3.6209672153e-06
467.500000,9.9897087167e-04,-1.0979539783e-05
467.550000,9.9852847086e-04,2.2474071236e-06
467.600000,9.9981380413e-04,-3.2025621916e-06
467.650000,9.9915944211e-04,-1.1406392359e-06
467.700000,1.0013277756e-03,-3.2971710615e-06
467.750000,9.9827927524e-04,-1.1294918738e-05
467.800000,9.9992975492e-04,-2.1049772777e-05
467.850000,1.0003476071e-03,8.2440496931e-06
467.900000,9.9862468335e-04,-5.3084125453e-06
467.950000,9.9984933253e-04,1.9047739293e-05
468.000000,1.0008637451e-03,1.7147593340e-05
468.050000,9.9923928384e-04,9.6371349935e-07
468.100000,9.9923402712e-04,3.9663551099e-07
468.150000,1.0000114307e-03,4.7704606893e-06
468.200000,9.9949947890e-04,-1.3966841252e-05
468.250000,1.0023521757e-03,6.8619910265e-06
468.300000,1.0003203461e-03,-1.8891735642e-05
468.350000,9.9985147648e-04,-1.2443627950e-05
468.400000,1.0000344180e-03,6.2315447541e-06
468.450000,1.0000076218e-03,3.0549474715e-06
468.500000,1.0004987785e-03,-4.4974947198e-06
468.550000,1.0002920374e-03,-9.9212553454e-06
468.600000,9.9898442434e-04,7.0608560852e-06
468.650000,1.0009717276e-03,-1.6088908995e-05
468.700000,1.0004114624e-03,5.8533204180e-06
468.750000,9.9928354212e-04,2.3301627470e-06
468.800000,1.0010777531e-03,1.3079005468e-06
468.850000,9.9876868767e-04,2.4437147881e-06
468.900000,9.9822032650e-04,1.0083827920e-05
468.950000,1.0012183643e-03,7.8334539448e-06
469.000000,9.9939393354e-04,-1.9355848031e-05
469.050000,9.9965124891e-04,2.8209366187e-06
469.100000,1.0006522703e-03,2.3138747507e-05
469.150000,9.9869662917e-04,4.2863195306e-06
469.200000,9.9960537682e-04,-9.5728836016e-07
469.250000,1.0014115939e-03,1.2414854947e-05
469.300000,9.9915815886e-04,-2.7516071555e-06
469.350000,1.0017951026e-03,9.9196720750e-06
469.400000,9.9980437267e-04,-9.0789025878e-06
469.450000,9.9944937041e-04,-1.1597624962e-05
469.500000,1.0000047096e-03,1.0430810369e-06
469.550000,9.9987302096e-04,4.3030121243e-06
469.600000,1.0001142362e-03,4.6427833079e-06
469.650000,9.9884867548e-04,1.0119732941e-07
469.700000,1.0008843931e-03,2.6441809937e-05
469.750000,1.0011864795e-03,7.2673548784e-06
469.800000,1.0004967692e-03,4.7846808154e-06
469.850000,9.9918338649e-04,-1.3319470494e-05
469.900000,1.0003698783e-03,-5.7958255352e-06
469.950000,9.9885613589e-04,-1.4050592117e-05
470.000000,1.0007135155e-03,1.4869549884e-06
470.050000,9.9875391462e-04,1.0846997315e-05
470.100000,9.9978433349e-04,4.1097852987e-06
470.150000,9.9934236547e-04,-8.4850343054e-06
470.200000,9.9998213666e-04,-9.1949655035e-07
470.250000,1.0014343484e-03,-2.7238957821e-06
470.300000,1.0005980513e-03,3.3203503026e-05
470.350000,9.9988453007e-04,-7.9130238371e-06
470.400000,1.0003761009e-03,-8.6544528983e-06
470.450000,9.9838002444e-04,-4.2885893278e-06
470.500000,1.0027073497e-03,1.7370929761e-07
470.550000,1.0019000610e-03,5.6030452512e-06
470.600000,9.9821383933e-04,6.7770997532e-06
470.650000,1.0015152822e-03,8.1496865392e-06
470.700000,1.0012015471e-03,8.1067260944e-07
470.750000,1.0002271040e-03,2.8734176864e-06
470.800000,1.0006770534e-03,-1.2216522940e-05
470.850000,9.9979228541e-04,-6.4437407654e-07
470.900000,9.9792828939e-04,-1.3920175337e-05
470.950000,1.0007099762e-03,1.6585230157e-06
471.000000,1.0006179711e-03,-1.1486877104e-05
471.050000,9.9949572254e-04,-8.5546995753e-06
471.100000,1.0010804140e-03,2.4948473176e-06
471.150000,9.9911547498e-04,-1.6133973036e-07
471.200000,1.0000512437e-03,6.3465468236e-06
471.250000,1.0005652953e-03,9.9796123072e-06
471.300000,1.0009576829e-03,3.3637217365e-06
471.350000,9.9895563474e-04,-2.3430838866e-08
471.400000,9.9977793211e-04,4.0824533560e-06
471.450000,1.0005690351e-03,-2.3657544041e-06
471.500000,1.0012873171e-03,-7.9141066375e-06
471.550000,9.9940696501e-04,-9.1870006062e-06
471.600000,9.9953822165e-04,1.2597625052e-06
471.650000,9.9959377738e-04,6.2643936022e-06
471.700000,1.0012710069e-03,3.5414912443e-07
471.750000,9.9946752988e-04,-1.4609749689e-05
471.800000,1.0000412303e-03,2.2971406341e-06
471.850000,9.9889147023e-04,-1.6594215867e-06
471.900000,9.9996133719e-04,-2.1424413809e-06
471.950000,9.9951669056e-04,9.5085333761e-06
472.000000,9.9992806484e-04,-9.1850134077e-06
472.050000,1.0001170587e-03,-1.4163685665e-06
472.100000,1.0011064692e-03,-1.4524819468e-05
472.150000,1.0007881162e-03,-8.1398615257e-07
472.200000,1.0014884515e-03,-5.3308119986e-07
472.250000,1.0002788565e-03,1.2477616467e-05
472.300000,9.9830050504e-04,-1.8516644975e-05
472.350000,9.9848612834e-04,-8.6812686434e-06
472.400000,9.9954918049e-04,1.0393258141e-05
472.450000,9.9953856222e-04,-1.5911871121e-05
472.500000,1.0002071484e-03,-4.1520771161e-06
472.550000,9.9948795770e-04,-1.3941787985e-06
472.600000,9.9970223963e-04,8.6906985390e-06
472.650000,1.0002424175e-03,2.1935820265e-05
472.700000,1.0015670601e-03,1.2380967652e-05
472.750000,1.0009401071e-03,-6.3128575862e-06
472.800000,1.0008196635e-03,-3.4202873656e-06
472.850000,9.9970694646e-04,-1.0451881028e-05
472.900000,1.0003582867e-03,-2.7745036440e-05
472.950000,1.0014351190e-03,7.4003388851e-06
473.000000,9.9837869488e-04,1.3292028970e-06
473.050000,9.9911991260e-04,2.4202970896e-06
473.100000,1.0005208047e-03,1.0926255428e-05
473.150000,9.9996692226e-04,6.4628187865e-06
473.200000,9.9958293644e-04,3.5182865316e-06
473.250000,1.0000634666e-03,2.6205216006e-06
473.300000,1.0007345213e-03,-3.3045427491e-06
473.350000,1.0019834525e-03,-5.4161188536e-06
473.400000,9.9997500038e-04,5.4879310066e-06
473.450000,1.0019694098e-03,-7.3896918295e-06
473.500000,1.0010806242e-03,-3.0269910263e-06
473.550000,9.9852665405e-04,-1.3606423316e-06
473.600000,1.0004355038e-03,1.3535345707e-05
473.650000,1.0013382476e-03,1.2488907886e-05
473.700000,1.0022688346e-03,6.7768204416e-07
473.750000,1.0000060610e-03,-1.6969191769e-06
473.800000,1.0005049686e-03,-2.9565034936e-06
473.850000,1.0007181869e-03,-2.5068690856e-05
473.900000,9.9941404246e-04,-1.6452922525e-05
473.950000,9.9948621003e-04,1.0761312730e-05
474.000000,1.0030974593e-03,-3.8478589092e-06
474.050000,1.0003487682e-03,-3.8050477138e-07
474.100000,1.0008698222e-03,1.6082255216e-05
474.150000,9.9964690723e-04,-6.4488240443e-06
474.200000,1.0012480419e-03,-1.4794311826e-06
474.250000,9.9915908653e-04,1.7110050506e-05
474.300000,1.0012596630e-03,-3.3565093510e-06
474.350000,9.9849036163e-04,-4.0620441118e-07
474.400000,1.0002099932e-03,-3.9868943934e-06
474.450000,1.0001041335e-03,-9.8200704591e-06
474.500000,9.9922700101e-04,-2.5106354634e-06
474.550000,1.0003177757e-03,6.6409159232e-06
474.600000,9.9881566578e-04,4.6749677132e-06
474.650000,9.9892618680e-04,3.0856701861e-06
474.700000,9.9892705130e-04,-4.3863882728e-06
474.750000,9.9855698698e-04,4.4625602356e-06
474.800000,9.9963310299e-04,8.8153744223e-06
474.850000,9.9977338060e-04,-1.1229745360e-05
474.900000,1.0001476161e-03,-6.0529233024e-06
474.950000,1.0008638106e-03,-9.3414018485e-07
475.000000,9.9888621128e-04,-1.5141418618e-05
475.050000,9.9959033639e-04,-4.3185265966e-08
475.100000,9.9939572423e-04,4.6127700690e-06
475.150000,9.9959289666e-04,4.8016597731e-06
475.200000,9.9955963728e-04,-1.4988578795e-05
475.250000,1.0003625170e-03,-2.0721904749e-05
475.300000,1.0015337227e-03,-5.5030441290e-06
475.350000,9.9991384663e-04,-1.6856029175e-05
475.400000,1.0000704736e-03,1.9936933052e-05
475.450000,1.0005335904e-03,-2.8857334938e-06
475.500000,9.9920532571e-04,-5.3846171394e-06
475.550000,9.9953422970e-04,3.3779943275e-06
475.600000,1.0003154818e-03,1.3536066079e-05
475.650000,9.9989749852e-04,-4.1793981345e-06
475.700000,1.0001946063e-03,-8.3985090454e-06
475.750000,1.0000833478e-03,-2.1191789249e-05
475.800000,9.9897860391e-04,3.4458398062e-06
475.850000,1.0003288122e-03,-1.1849459872e-05
475.900000,9.9986185117e-04,6.5354286996e-06
475.950000,1.0012425804e-03,-6.6291040853e-06
476.000000,1.0010407002e-03,-1.5977319505e-05
476.050000,9.9881108201e-04,1.1920821525e-05
476.100000,1.0006271930e-03,-1.4990091983e-05
476.150000,9.9968756482e-04,-5.9232814896e-06
476.200000,9.9758180500e-04,-1.5419205215e-05
476.250000,9.9975437733e-04,-4.5666641157e-06
476.300000,9.9751953987e-04,-3.0713179105e-06
476.350000,1.0009917246e-03,7.2329445941e-06
476.400000,1.0012808344e-03,8.1739209300e-06
476.450000,1.0009225058e-03,-1.5796728022e-05
476.500000,1.0008713755e-03,-7.3979444152e-06
476.550000,1.0005507045e-03,-1.6912712485e-05
476.600000,1.0021549468e-03,-5.1463509428e-06
476.650000,1.0011145206e-03,7.9401720341e-06
476.700000,9.9807180038e-04,7.8295644235e-06
476.750000,1.0012910472e-03,7.2532053761e-06
476.800000,1.0010291843e-03,-6.6880961338e-06
476.850000,9.9907711445e-04,-3.7677541509e-06
476.900000,9.9876857119e-04,-1.5908385070e-06
476.950000,1.0003210784e-03,5.1579856303e-06
477.000000,1.0000849681e-03,2.9927583829e-06
477.050000,9.9951255777e-04,2.9387550931e-06
477.100000,1.0008373982e-03,5.8436769384e-06
477.150000,9.9957065378e-04,1.0488246768e-05
477.200000,1.0001026799e-03,5.8574191291e-06
477.250000,9.9987018288e-04,4.5976418090e-06
477.300000,1.0007872200e-03,1.5202309347e-06
477.350000,1.0000136674e-03,-6.1194498919e-06
477.400000,9.9921413025e-04,-7.8798122984e-06
477.450000,9.9889392704e-04,1.3411408766e-06
477.500000,9.9959583064e-04,6.3764605416e-07
477.550000,1.0003831236e-03,8.6616765268e-06
477.600000,1.0000219328e-03,-4.3896342924e-07
477.650000,9.9927907889e-04,-7.4905015704e-07
477.700000,9.9929158760e-04,7.2437476653e-07
477.750000,1.0001367392e-03,-1.0645059384e-05
477.800000,9.9947791156e-04,9.8897388115e-07
477.850000,1.0006856857e-03,-8.4498958372e-06
477.900000,1.0001994119e-03,-5.6150176117e-06
477.950000,1.0003407598e-03,1.5539360839e-05
478.000000,9.9992387937e-04,-8.1365843469e-07
478.050000,1.0003802099e-03,-1.1752876067e-05
478.100000,9.9969963828e-04,-5.8067878830e-06
478.150000,9.9987378594e-04,3.2192353973e-06
478.200000,9.9994411096e-04,-1.4344898181e-06
478.250000,9.9860354613e-04,-1.7033442888e-05
478.300000,1.0006390473e-03,8.4638335175e-06
478.350000,9.9914583212e-04,4.1846432135e-06
478.400000,9.9912795203e-04,-1.0030651327e-07
478.450000,1.0015896138e-03,1.8112934619e-06
478.500000,9.9918696049e-04,-2.7682069126e-06
478.550000,1.0002023677e-03,-1.5588362969e-05
478.600000,9.9854443953e-04,-8.4167512657e-06
478.650000,1.0010950963e-03,-1.7485249617e-05
478.700000,1.0014651690e-03,-3.4061356165e-05
478.750000,9.9969258826e-04,-5.0866733375e-06
478.800000,9.9939502729e-04,1.6049366849e-06
478.850000,1.0002611071e-03,6.8789959598e-06
478.900000,9.9929848989e-04,-1.1774985727e-05
478.950000,1.0007807913e-03,5.2387452855e-06
479.000000,1.0012441674e-03,-1.2919223571e-05
479.050000,9.9848088443e-04,4.6061978210e-06
479.100000,1.0002585222e-03,4.9313559865e-06
479.150000,1.0008936947e-03,-5.9323257891e-06
479.200000,1.0010172272e-03,9.3699096835e-06
479.250000,1.0006576269e-03,-2.9163795255e-05
479.300000,1.0006112432e-03,7.4458546809e-06
479.350000,9.9883628849e-04,5.2031469813e-06
479.400000,1.0001952586e-03,-1.8795324211e-05
479.450000,1.0001096548e-03,-1.1179807121e-05
479.500000,9.9885929720e-04,-1.3155246591e-05
479.550000,9.9933440777e-04,3.2849233283e-06
479.600000,1.0016789313e-03,2.4027709887e-06
479.650000,9.9851892019e-04,-1.1349379788e-05
479.700000,1.0005014199e-03,-1.5317962435e-05
479.750000,1.0002079455e-03,1.5932961408e-05
479.800000,9.9828084407e-04,-1.1381385266e-05
479.850000,1.0004680598e-03,-1.1483470697e-05
479.900000,1.0009409215e-03,-3.2918087287e-06
479.950000,1.0006145727e-03,-1.4532799120e-05
480.000000,9.9978335394e-04,-3.8986336950e-06
480.050000,1.0023993019e-03,4.7531078883e-06
480.100000,9.9992234766e-04,8.4879976843e-06
480.150000,9.9901216415e-04,-1.1795729368e-06
480.200000,1.0007737192e-03,-1.8093688672e-05
480.250000,9.9931483037e-04,1.5740591851e-06
480.300000,9.9865091237e-04,-3.0521492688e-05
480.350000,1.0004408706e-03,-6.2888274572e-06
480.400000,1.0007531265e-03,-1.1246084023e-05
480.450000,9.9945539609e-04,-9.6335208614e-06
480.500000,1.0006656116e-03,1.3202396395e-06
480.550000,1.0012661379e-03,-6.7325392947e-07
480.600000,9.9798614828e-04,6.3326436302e-06
480.650000,9.9913428526e-04,1.3932067187e-05
480.700000,1.0002530031e-03,8.0296351955e-07
480.750000,9.9982433677e-04,3.6259838550e-05
480.800000,1.0010638646e-03,6.9107524928e-06
480.850000,1.0003873806e-03,8.2077720228e-06
480.900000,9.9945047059e-04,-2.3662925584e-07
480.950000,1.0015663081e-03,-1.8888953076e-05
481.000000,9.9907294412e-04,1.7814159873e-06
481.050000,9.9992551878e-04,-2.0909979650e-05
481.100000,9.9859706727e-04,9.2058719969e-06
481.150000,9.9955517997e-04,8.1011563793e-06
481.200000,1.0009227733e-03,-1.0097727742e-06
481.250000,9.9943494893e-04,-1.2334390389e-05
481.300000,1.0008288214e-03,9.8117357349e-06
481.350000,9.9778104618e-04,-6.9085220450e-06
481.400000,1.0006454615e-03,-4.0187416244e-06
481.450000,1.0001649870e-03,9.2461582928e-06
481.500000,1.0006778924e-03,-2.4257607288e-05
481.550000,1.0005183225e-03,4.5937161381e-07
481.600000,1.0006385515e-03,-2.2564421232e-05
481.650000,9.9988956847e-04,1.7574051282e-05
481.700000,9.9913758724e-04,8.0854042929e-06
481.750000,1.0001110035e-03,-1.5273488616e-05
481.800000,9.9894954787e-04,-8.7708267480e-06
481.850000,1.0006101255e-03,6.9742463227e-06
481.900000,1.0000404496e-03,-1.3132157063e-05
481.950000,1.0013079694e-03,-6.2698327076e-07
482.000000,9.9901560998e-04,-6.2050732848e-06
482.050000,1.0000019461e-03,5.2856340002e-06
482.100000,9.9939376305e-04,2.3693987433e-06
482.150000,1.0010135843e-03,-1.1814627581e-05
482.200000,1.0005285768e-03,1.4528162240e-05
482.250000,1.0000480782e-03,-1.7625100053e-05
482.300000,1.0006299841e-03,-8.7159427061e-06
482.350000,1.0009077873e-03,-7.7044635352e-06
482.400000,9.9836796769e-04,8.2508325672e-06
482.450000,9.9807832336e-04,9.4771571047e-06
482.500000,9.9987830986e-04,-1.4766561990e-05
482.550000,9.9989917157e-04,1.3118932384e-05
482.600000,9.9983114697e-04,2.2067310229e-06
482.650000,9.9831164565e-04,5.5384457024e-06
482.700000,1.0001267950e-03,3.8480837535e-06
482.750000,1.0011976899e-03,-3.3416005363e-06
482.800000,1.0002212688e-03,-2.8797903460e-06
482.850000,9.9942116452e-04,1.2355782772e-06
482.900000,9.9934236211e-04,2.9022321896e-05
482.950000,9.9987070895e-04,-6.6787103074e-06
483.000000,1.0009962967e-03,8.8802573852e-06
483.050000,9.9984500389e-04,-1.2556103000e-05
483.100000,1.0007865278e-03,-9.1750922735e-06
483.150000,1.0015548664e-03,2.8940028262e-06
483.200000,9.9907680480e-04,-1.2893283498e-05
483.250000,9.9906267533e-04,-5.6775068742e-06
483.300000,9.9993939747e-04,-2.0006596174e-05
483.350000,9.9946080342e-04,1.1575136894e-07
483.400000,9.9801223546e-04,4.3339386239e-06
483.450000,9.9953983227e-04,-3.0333171513e-06
483.500000,1.0002409176e-03,1.2923956665e-05
483.550000,1.0007321582e-03,-4.2226142585e-06
483.600000,9.9870617635e-04,-1.0953075383e-05
483.650000,1.0014637457e-03,-4.5420011242e-07
483.700000,1.0001387232e-03,1.8126080467e-06
483.750000,1.0004691966e-03,1.7069146542e-05
483.800000,9.9990134528e-04,2.1537162097e-05
483.850000,9.9882826185e-04,1.9396128135e-05
483.900000,9.9993088426e-04,-2.4239293182e-06
483.950000,9.9827591319e-04,8.3437493477e-06
484.000000,9.9953115141e-04,-5.4270430621e-06
484.050000,9.9849691567e-04,1.5151937111e-05
484.100000,1.0004731836e-03,-6.9489242370e-06
484.150000,9.9916453449e-04,-3.4144079096e-06
484.200000,1.0007423821e-03,1.3659682466e-07
484.250000,9.9942903062e-04,1.1239524762e-05
484.300000,1.0004966494e-03,1.3426898181e-05
484.350000,9.9938053222e-04,-1.3798727391e-05
484.400000,1.0000864774e-03,-6.0275713158e-07
484.450000,1.0011793808e-03,2.6100333080e-06
484.500000,1.0009919278e-03,1.3319366081e-05
484.550000,9.9943773092e-04,1.0267388288e-05
484.600000,9.9892416724e-04,-1.9110165834e-05
484.650000,9.9848533947e-04,6.5086258148e-06
484.700000,1.0015308986e-03,7.4420458952e-07
484.750000,9.9974007324e-04,-3.4226980223e-06
484.800000,1.0008243677e-03,7.9479956609e-06
484.850000,1.0005726055e-03,-1.8134202348e-06
484.900000,9.9858434677e-04,-1.2744534792e-05
484.950000,9.9976547235e-04,1.0763483333e-05
485.000000,1.0015581134e-03,-4.2070202448e-06
485.050000,9.9971178942e-04,-1.2320151249e-05
485.100000,9.9966521932e-04,1.2065679081e-05
485.150000,1.0013552101e-03,-1.4826255933e-05
485.200000,9.9834479593e-04,-9.6435668595e-07
485.250000,1.0001339268e-03,4.2990997154e-06
485.300000,1.0001367246e-03,-1.0785551079e-05
485.350000,9.9955270777e-04,2.8901554947e-06
485.400000,9.9911670800e-04,-6.7685090676e-06
485.450000,1.0002681541e-03,7.9435304278e-06
485.500000,1.0005030807e-03,6.2958425069e-06
485.550000,9.9999254084e-04,-5.6086340064e-06
485.600000,1.0001450379e-03,-1.4350989364e-05
485.650000,1.0013942862e-03,1.1151578951e-06
485.700000,9.9980274077e-04,-3.6972622482e-06
485.750000,1.0000178938e-03,-2.2698107435e-06
485.800000,1.0002665680e-03,7.2268327390e-06
485.850000,9.9957491684e-04,1.0167939983e-05
485.900000,1.0019478915e-03,-6.3953448051e-06
485.950000,1.0017014154e-03,-9.9589920944e-07
486.000000,1.0002514254e-03,-6.7581073976e-06
486.050000,9.9976812808e-04,1.1120784055e-05
486.100000,9.9870263073e-04,4.1983668750e-06
486.150000,9.9924310689e-04,2.1127412839e-06
486.200000,9.9928269466e-04,2.1753630486e-05
486.250000,1.0001945170e-03,2.1045009275e-05
486.300000,9.9969609768e-04,9.2928154264e-06
486.350000,9.9941129587e-04,-3.0500300468e-06
486.400000,1.0007832429e-03,9.8621516848e-06
486.450000,9.9912190602e-04,2.3944345439e-05
486.500000,9.9967547896e-04,1.0671651831e-05
486.550000,9.9992378254e-04,-1.6095339371e-07
486.600000,1.0029014719e-03,2.0675367444e-06
486.650000,1.0008570815e-03,-5.8538182437e-06
486.700000,9.9853202914e-04,9.7546614807e-07
486.750000,9.9990495710e-04,8.4633179154e-06
486.800000,1.0014600568e-03,-7.8897630428e-06
486.850000,9.9994231014e-04,-1.2869602189e-06
486.900000,9.9817711408e-04,-1.3091886163e-05
486.950000,1.0003635979e-03,-7.9571889282e-06
487.000000,9.9919727472e-04,8.1273067454e-07
487.050000,1.0000099403e-03,-2.7885478543e-06
487.100000,1.0016861998e-03,-2.0171498498e-05
487.150000,1.0006790185e-03,-3.0165948681e-06
487.200000,1.0009415313e-03,-3.8769876351e-06
487.250000,9.9845325291e-04,4.1900850249e-06
487.300000,1.0001331107e-03,3.1537972974e-06
487.350000,9.9807900215e-04,-3.8132574364e-07
487.400000,9.9926279840e-04,-5.1756828182e-06
487.450000,9.9975570617e-04,-6.6078921412e-06
487.500000,9.9809242232e-04,8.9482677073e-06
487.550000,1.0003775172e-03,-1.0670493433e-05
487.600000,9.9857041634e-04,5.4832492994e-07
487.650000,1.0001906517e-03,3.4485817496e-06
487.700000,1.0007882742e-03,-6.9771876111e-06
487.750000,9.9908046877e-04,-1.3867694875e-05
487.800000,1.0002765227e-03,1.1425672945e-05
487.850000,1.0004184791e-03,1.3421241534e-05
487.900000,9.9994924104e-04,1.4185312683e-05
487.950000,9.9966032912e-04,8.4228208153e-06
488.000000,1.0019201910e-03,-8.0574496968e-06
488.050000,1.0003307917e-03,5.7999600762e-06
488.100000,1.0007345360e-03,-8.7571870776e-06
488.150000,9.9984671778e-04,-6.6583298004e-06
488.200000,1.0007204180e-03,-3.3962978113e-06
488.250000,9.9970249732e-04,8.0587418869e-06
488.300000,9.9974032249e-04,1.9789070385e-05
488.350000,9.9900599230e-04,-2.6620834431e-06
488.400000,1.0013416876e-03,-8.9084025842e-06
488.450000,9.9999658400e-04,-9.0361683191e-07
488.500000,1.0007151535e-03,4.4747035685e-06
488.550000,1.0002524459e-03,-9.8915498428e-07
488.600000,1.0001530044e-03,4.9466288745e-06
488.650000,9.9900900017e-04,1.7790064319e-06
488.700000,9.9848171004e-04,5.6324556277e-06
488.750000,1.0004349526e-03,-9.4466528710e-07
488.800000,1.0003769446e-03,-1.3107691649e-05
488.850000,1.0012504648e-03,-4.6915066189e-06
488.900000,1.0008117762e-03,-1.3579246996e-05
488.950000,1.0008504848e-03,1.0614485953e-05
489.000000,1.0010202625e-03,-1.0227130458e-05
489.050000,9.9931052129e-04,7.5532885992e-06
489.100000,1.0002529995e-03,-3.0687534862e-06
489.150000,9.9897442002e-04,-8.1505185707e-06
489.200000,1.0020188785e-03,1.5190328664e-05
489.250000,1.0003482942e-03,8.8477738990e-06
489.300000,9.9923769354e-04,-4.4774992167e-06
489.350000,9.9959667351e-04,-4.3713800024e-06
489.400000,1.0008898570e-03,1.8278614510e-06
489.450000,9.9964700305e-04,-1.4653777182e-05
489.500000,9.9988998495e-04,-1.2443035207e-05
489.550000,1.0001022314e-03,3.4319930854e-06
489.600000,1.0001979597e-03,9.6097563347e-06
489.650000,1.0017522560e-03,-3.7799153172e-06
489.700000,1.0017005281e-03,-1.7021534070e-05
489.750000,1.0006910332e-03,-9.5154480981e-06
489.800000,1.0002683355e-03,5.5380675129e-06
489.850000,1.0003316620e-03,-1.9372459523e-07
489.900000,1.0005604120e-03,5.8441480130e-06
489.950000,9.9976433853e-04,-7.0062421498e-06
490.000000,9.9774819507e-04,-2.2844251949e-06
490.050000,9.9887584591e-04,2.9933626184e-06
490.100000,9.9690021062e-04,1.1603630513e-05
490.150000,9.9972884945e-04,4.4800973702e-06
490.200000,1.0017306053e-03,1.3323755654e-06
490.250000,9.9918309325e-04,-4.7578689872e-07
490.300000,1.0002776931e-03,1.7618613660e-06
490.350000,1.0010070926e-03,1.9641154936e-05
490.400000,1.0011410800e-03,-2.4101220854e-06
490.450000,1.0002798195e-03,-1.5238340622e-06
490.500000,9.9923616360e-04,6.3237225416e-06
490.550000,9.9894562645e-04,-3.6827155243e-06
490.600000,1.0001660680e-03,-2.2186384605e-05
490.650000,1.0008362326e-03,-1.0637206733e-05
490.700000,9.9994054942e-04,2.1055372801e-06
490.750000,9.9990556541e-04,1.0704711814e-05
490.800000,1.0003143091e-03,-7.4477836459e-06
490.850000,9.9930938588e-04,1.9930201258e-06
490.900000,1.0004505379e-03,-3.2140493285e-07
490.950000,9.9997489463e-04,9.0230946004e-06
491.000000,9.9941279080e-04,-1.0588704948e-05
491.050000,1.0002735228e-03,-7.0527122583e-06
491.100000,9.9936256093e-04,-7.1930752822e-06
491.150000,1.0004208382e-03,-1.7631017670e-05
491.200000,1.0008272880e-03,4.2292682998e-06
491.250000,9.9908499136e-04,8.8331076613e-06
491.300000,9.9831044003e-04,-4.7507721550e-06
491.350000,9.9822922622e-04,-7.6634671061e-06
491.400000,9.9956240654e-04,-1.0814457896e-05
491.450000,9.9841733818e-04,-2.8163843885e-06
491.500000,1.0003416342e-03,-8.1064190352e-06
491.550000,9.9946824427e-04,7.4799336135e-06
491.600000,9.9834081106e-04,1.7290664356e-05
491.650000,1.0001196575e-03,1.4612928368e-05
491.700000,1.0007042931e-03,1.6052833209e-06
491.750000,1.0011538769e-03,-1.0456678524e-05
491.800000,9.9856719815e-04,-3.5440289270e-06
491.850000,1.0021612296e-03,9.1343090379e-06
491.900000,9.9876407937e-04,9.8598742604e-06
491.950000,1.0005591052e-03,-1.9500199021e-06
492.000000,1.0008755356e-03,6.2737880851e-06
492.050000,9.9964413218e-04,1.3679717550e-05
492.100000,1.0010402576e-03,1.0821745681e-05
492.150000,9.9812404674e-04,4.1293320187e-06
492.200000,1.0023730421e-03,6.8713284662e-06
492.250000,9.9885715813e-04,8.8746663824e-06
492.300000,1.0010634315e-03,4.1979093106e-06
492.350000,9.9873035758e-04,7.7533226207e-06
492.400000,9.9923898476e-04,-1.0372588190e-05
492.450000,1.0005769694e-03,-4.7495226547e-06
492.500000,1.0006353567e-03,-2.1016479954e-06
492.550000,9.9985509288e-04,8.8219671221e-06
492.600000,9.9963544070e-04,-3.9549139887e-06
492.650000,9.9871750599e-04,-7.4617305699e-06
492.700000,1.0006786404e-03,4.1420650680e-06
492.750000,1.0001222128e-03,6.7645795332e-06
492.800000,1.0005671623e-03,6.3100902861e-06
492.850000,1.0013622538e-03,9.8807453573e-07
492.900000,9.9888553715e-04,4.8618433911e-06
492.950000,1.0005815060e-03,-5.7956819372e-06
493.000000,1.0004257537e-03,-7.6612322061e-06
493.050000,9.9975401114e-04,-4.7502733862e-06
493.100000,1.0003315445e-03,6.4686085448e-06
493.150000,1.0001807670e-03,2.5214358634e-06
493.200000,1.0012045252e-03,-7.1230211398e-06
493.250000,1.0015530818e-03,3.8942322580e-06
493.300000,1.0009111911e-03,1.4052551068e-07
493.350000,1.0005086373e-03,2.0094385843e-05
493.400000,1.0005946109e-03,2.6709274106e-06
493.450000,9.9869668249e-04,1.9701447434e-06
493.500000,9.9895727249e-04,-1.0273980765e-05
493.550000,9.9840061583e-04,-6.4210436324e-06
493.600000,9.9912007561e-04,5.1144575968e-06
493.650000,9.9810167362e-04,-1.8021019405e-07
493.700000,9.9918765742e-04,1.0179103569e-06
493.750000,1.0013426643e-03,5.3335859265e-08
493.800000,1.0019797200e-03,1.3876217584e-06
493.850000,1.0013805526e-03,5.3250604409e-06
493.900000,9.9866993987e-04,5.5617443478e-06
493.950000,1.0012852702e-03,2.8879487196e-07
494.000000,1.0011858377e-03,-9.9487368880e-06
494.050000,9.9968708083e-04,-8.6161385908e-06
494.100000,1.0006077867e-03,7.3743564415e-06
494.150000,9.9935180298e-04,-1.0940068940e-05
494.200000,1.0014506914e-03,2.2205285598e-05
494.250000,1.0010117877e-03,-1.3866848481e-06
494.300000,1.0004627246e-03,-3.9609880072e-06
494.350000,1.0002892409e-03,1.5945729347e-05
494.400000,1.0000282159e-03,7.4558253633e-07
494.450000,9.9889979136e-04,-1.0320290467e-06
494.500000,9.9808458107e-04,5.2146298624e-06
494.550000,1.0004175263e-03,-1.1764087950e-05
494.600000,1.0005400324e-03,-6.0787306942e-06
494.650000,1.0018713617e-03,-1.3761798698e-06
494.700000,9.9845514387e-04,-7.7995349297e-06
494.750000,9.9969333094e-04,8.9744488598e-06
494.800000,1.0017731657e-03,6.5360036424e-06
494.850000,1.0002374613e-03,1.8461913184e-06
494.900000,9.9837934942e-04,5.5793715546e-07
494.950000,1.0011593373e-03,-8.4278545698e-06
495.000000,9.9950850878e-04,-2.1308440837e-05
495.050000,1.0023072922e-03,6.0301992527e-06
495.100000,9.9949707798e-04,4.1242184265e-06
495.150000,1.0000882543e-03,1.9088482470e-06
495.200000,9.9900180759e-04,-1.2247364778e-05
495.250000,1.0001958348e-03,-1.7318235500e-05
495.300000,1.0013408827e-03,5.2201448387e-06
495.350000,1.0000053262e-03,4.8357927736e-06
495.400000,1.0014763971e-03,-1.8403211318e-05
495.450000,9.9812643025e-04,1.4192220827e-05
495.500000,1.0011233011e-03,-6.8682772133e-06
495.550000,1.0008612246e-03,-9.0946819748e-06
495.600000,9.9798370968e-04,-7.4931078045e-06
495.650000,1.0022198383e-03,1.0014883791e-05
495.700000,1.0019284634e-03,8.0100198675e-06
495.750000,9.9967227491e-04,1.6023556882e-06
495.800000,1.0012510969e-03,2.4254183185e-05
495.850000,1.0008773504e-03,-4.5850319949e-06
495.900000,1.0003227468e-03,5.1378726568e-06
495.950000,1.0005864580e-03,-4.8114758566e-06
496.000000,1.0000628818e-03,-7.9697843272e-06
496.050000,1.0007475864e-03,8.3705728959e-06
496.100000,1.0013405568e-03,2.3736150571e-07
496.150000,9.9991798721e-04,1.3696235483e-05
496.200000,9.9984563395e-04,-8.8018522583e-06
496.250000,1.0001426048e-03,2.1929349657e-06
496.300000,9.9917777736e-04,-2.0582336176e-06
496.350000,1.0005810256e-03,9.0360272033e-06
496.400000,1.0005751278e-03,9.8045186084e-06
496.450000,1.0002734040e-03,1.4755585882e-05
496.500000,9.9950733705e-04,-1.1083570570e-05
496.550000,9.9936016136e-04,-2.9589406138e-06
496.600000,9.9856425722e-04,3.2767602413e-06
496.650000,1.0000493751e-03,-5.6322106243e-06
496.700000,1.0006099288e-03,-1.5733920822e-05
496.750000,1.0002412727e-03,-5.6144386375e-06
496.800000,1.0001589102e-03,-1.3329213935e-05
496.850000,9.9727940943e-04,1.4853246506e-05
496.900000,1.0012151757e-03,-5.8514128870e-06
496.950000,9.9799795078e-04,-4.8203382414e-06
497.000000,9.9924085022e-04,6.3130013640e-06
497.050000,1.0004828817e-03,4.0210376145e-06
497.100000,9.9964304274e-04,-2.7320700365e-05
497.150000,1.0008635535e-03,-5.1444006855e-06
497.200000,9.9896792721e-04,-9.0638465967e-08
497.250000,1.0003173960e-03,-1.2483452751e-05
497.300000,9.9898929173e-04,-7.7535235008e-06
497.350000,9.9880921875e-04,-4.6898568901e-06
497.400000,1.0010677266e-03,-4.9925021063e-06
497.450000,1.0005405590e-03,7.2011473666e-06
497.500000,1.0007173216e-03,1.0575757184e-05
497.550000,9.9957153675e-04,4.5954785810e-06
497.600000,9.9880351277e-04,1.2309621194e-05
497.650000,9.9988583220e-04,2.9534568607e-06
497.700000,1.0001586214e-03,-6.3012431656e-06
497.750000,9.9715729638e-04,-4.5403192858e-06
497.800000,9.9715310370e-04,-1.4375422480e-06
497.850000,1.0000531274e-03,-1.6017121396e-05
497.900000,9.9997432703e-04,-5.0525795448e-06
497.950000,1.0002760830e-03,-3.4902443304e-06
498.000000,9.9996711627e-04,-7.7393797321e-07
498.050000,1.0000836722e-03,1.9254726041e-06
498.100000,1.0011319849e-03,2.5000995686e-06
498.150000,9.9966945266e-04,-5.7028455810e-06
498.200000,9.9927528986e-04,1.3099403295e-05
498.250000,1.0003532352e-03,5.3816019536e-06
498.300000,9.9907547530e-04,-1.2804693045e-05
498.350000,1.0004954531e-03,-2.0679333704e-06
498.400000,1.0000425578e-03,9.2184412670e-06
498.450000,1.0011142463e-03,-1.4466110066e-05
498.500000,9.9946272403e-04,-9.5412140672e-06
498.550000,1.0006413412e-03,-7.1702932560e-06
498.600000,1.0006583130e-03,5.0785565077e-06
498.650000,9.9948282260e-04,9.3233296870e-06
498.700000,9.9837600852e-04,4.9822563207e-06
498.750000,1.0003815901e-03,-1.4069129410e-06
498.800000,1.0001425026e-03,-1.5604606293e-05
498.850000,9.9858756663e-04,-3.4302156642e-07
498.900000,1.0000449255e-03,6.5656336574e-06
498.950000,9.9934672115e-04,-7.6315068169e-06
499.000000,9.9997709639e-04,-5.8358479627e-06
499.050000,9.9996080842e-04,1.6870169402e-06
499.100000,1.0012614441e-03,5.0190133243e-06
499.150000,9.9898925208e-04,9.8368281722e-06
499.200000,1.0010282404e-03,-1.8099058355e-05
499.250000,9.9978234367e-04,1.4939165246e-06
499.300000,1.0013276389e-03,-7.0248142208e-08
499.350000,1.0022050492e-03,-2.1845751277e-06
499.400000,9.9952624229e-04,1.2344812582e-05
499.450000,1.0008155868e-03,-2.1293377014e-05
499.500000,1.0004622326e-03,7.4429889984e-06
499.550000,1.0005984705e-03,6.7278591600e-07
499.600000,1.0011635112e-03,7.7984151975e-06
499.650000,9.9902338316e-04,-8.3094376572e-07
499.700000,9.9844508734e-04,8.6773269859e-07
499.750000,9.9842512308e-04,-5.2869479787e-06
499.800000,1.0011414503e-03,4.1336537613e-06
499.850000,1.0009126613e-03,-4.4895778014e-06
499.900000,9.9948132856e-04,-8.9490019727e-06
499.950000,1.0005244015e-03,-6.6170167169e-06
500.000000,9.9920132637e-04,1.7102344697e-06
500.050000,9.9979033037e-04,-7.5968802309e-06
500.100000,9.9836440857e-04,7.7907489707e-06
500.150000,1.0001983528e-03,-1.4662354839e-05
500.200000,1.0012893942e-03,-7.6317299518e-06
500.250000,9.9909627161e-04,4.6879147372e-06
500.300000,1.0003909159e-03,1.4396602172e-05
500.350000,1.0003504412e-03,2.4648270578e-05
500.400000,1.0004118370e-03,-1.9370174791e-06
500.450000,1.0005594349e-03,1.9835921960e-05
500.500000,1.0011203889e-03,6.5105387909e-06
500.550000,1.0012938535e-03,-5.6983428062e-06
500.600000,9.9978224572e-04,-6.7459325539e-06
500.650000,9.9995290861e-04,-1.3923315070e-05
500.700000,9.9944177062e-04,-1.1907700284e-08
500.750000,9.9974501706e-04,1.6932931593e-05
500.800000,9.9978079387e-04,8.2549133120e-06
500.850000,9.9929801182e-04,-2.4309876666e-05
500.900000,1.0010671219e-03,3.9723797462e-06
500.950000,1.0008727316e-03,-3.1106141594e-06
501.000000,9.9928466902e-04,-6.3102637217e-06
501.050000,9.9929987122e-04,-5.6964556963e-06
501.100000,1.0002335039e-03,-1.6052146338e-06
501.150000,1.0000654226e-03,-1.3668238070e-05
501.200000,1.0023017652e-03,1.6363451445e-05
501.250000,1.0008604213e-03,-1.5018216486e-07
501.300000,1.0000733777e-03,-6.1256076776e-06
501.350000,1.0000671777e-03,2.0998088377e-05
501.400000,9.9985978402e-04,3.2643088243e-06
501.450000,9.9828336295e-04,-2.3760147051e-06
501.500000,9.9844358507e-04,-1.8162419560e-05
501.550000,9.9958360156e-04,-1.5529854913e-05
501.600000,1.0027940623e-03,-3.1699548655e-06
501.650000,9.9981043926e-04,-6.2134483909e-06
501.700000,9.9954972849e-04,-1.1107519315e-05
501.750000,9.9912023490e-04,1.4480258421e-06
501.800000,1.0001358763e-03,-2.9118153479e-06
501.850000,9.9977436546e-04,2.6746413106e-06
501.900000,9.9943307836e-04,2.1165782318e-05
501.950000,9.9977339509e-04,1.0299188901e-05
502.000000,9.9970265063e-04,2.0834402038e-05
502.050000,9.9897856801e-04,-1.5282261101e-05
502.100000,1.0011896815e-03,2.8797113031e-06
502.150000,1.0015460725e-03,-7.0918655522e-06
502.200000,9.9985183293e-04,-3.0895755778e-06
502.250000,9.9968730468e-04,2.5795685719e-06
502.300000,1.0009912205e-03,8.1623578733e-07
502.350000,9.9985711501e-04,6.1556182943e-06
502.400000,1.0007901480e-03,-1.6711683501e-05
502.450000,1.0021352488e-03,-7.2293166975e-06
502.500000,9.9971871129e-04,6.3116862616e-06
502.550000,9.9919328149e-04,1.2669558446e-05
502.600000,9.9994632708e-04,3.4790628168e-06
502.650000,1.0018913955e-03,3.7876547828e-06
502.700000,1.0003077518e-03,-6.2457130114e-06
502.750000,9.9948304376e-04,-1.2321039548e-05
502.800000,1.0000316029e-03,9.2463348403e-06
502.850000,1.0005511263e-03,3.4800908745e-06
502.900000,9.9892655461e-04,-8.1853170548e-06
502.950000,9.9918689771e-04,-1.1254053464e-06
503.000000,9.9951049101e-04,1.9042781129e-05
503.050000,1.0011319522e-03,-5.4627748257e-06
503.100000,9.9929696660e-04,-3.1179503850e-08
503.150000,1.0017404979e-03,-2.3394482021e-06
503.200000,9.9959909898e-04,2.6360360534e-06
503.250000,9.9900179181e-04,-9.0581982613e-06
503.300000,9.9935070486e-04,1.1224924584e-05
503.350000,9.9972089807e-04,-1.4881019948e-05
503.400000,1.0002149445e-03,1.0643015591e-05
503.450000,1.0008211358e-03,3.6323982592e-06
503.500000,9.9936536410e-04,9.6729653387e-06
503.550000,1.0008868263e-03,-8.1686140701e-08
503.600000,1.0006707078e-03,2.0894050164e-06
503.650000,9.9946086774e-04,-3.5482730357e-06
503.700000,1.0013230105e-03,-1.2409479821e-05
503.750000,9.9982269011e-04,-1.8119949137e-05
503.800000,9.9943119610e-04,-3.3268830614e-06
503.850000,9.9942224835e-04,3.1192630911e-06
503.900000,1.0009812696e-03,9.4496841786e-07
503.950000,1.0003034260e-03,1.4977797995e-05
504.000000,9.9898807214e-04,-8.3037149109e-06
504.050000,9.9907142117e-04,2.4455638523e-06
504.100000,9.9936819245e-04,-1.1841892287e-05
504.150000,9.9952722350e-04,-1.9413622976e-06
504.200000,9.9829923341e-04,-1.4118300189e-05
504.250000,9.9865347631e-04,1.1124518442e-06
504.300000,1.0000995792e-03,-4.4703895925e-06
504.350000,1.0003429987e-03,-1.1267938311e-05
504.400000,1.0003784323e-03,-2.9873942702e-06
504.450000,9.9994146326e-04,-4.5198788456e-06
504.500000,1.0019061103e-03,8.9194692499e-06
504.550000,9.9944106070e-04,-1.3943170146e-05
504.600000,1.0004387113e-03,-8.2503129022e-06
504.650000,9.9980559401e-04,3.6140547847e-06
504.700000,9.9955609240e-04,3.3684847777e-06
504.750000,1.0001267149e-03,7.1670554958e-06
504.800000,1.0002113270e-03,-7.1502185816e-06
504.850000,9.9965768589e-04,1.6516463544e-05
504.900000,9.9927623939e-04,8.6343629204e-06
504.950000,1.0006577175e-03,1.9019426940e-06
505.000000,1.0014825963e-03,-1.0660075242e-05
505.050000,9.9959408083e-04,2.7249981740e-06
505.100000,9.9879454715e-04,1.4180552595e-05
505.150000,1.0003689268e-03,-4.6442313111e-06
505.200000,1.0014765528e-03,-1.1236211210e-05
505.250000,1.0011186058e-03,2.8299970055e-06
505.300000,9.9924000189e-04,-1.5150563248e-05
505.350000,9.9964073458e-04,-3.4339920378e-06
505.400000,1.0011825701e-03,-1.6298524444e-05
505.450000,1.0005973183e-03,1.0138514053e-05
505.500000,9.9763569074e-04,-5.7649492952e-06
505.550000,9.9720486741e-04,8.7584064611e-06
505.600000,9.9999765805e-04,-9.8806444465e-06
505.650000,9.9889738425e-04,4.1456772575e-06
505.700000,9.9995705979e-04,1.1062541891e-05
505.750000,9.9980729159e-04,-5.4033515769e-06
505.800000,1.0004552399e-03,7.1495536855e-06
505.850000,9.9991562843e-04,3.4367460018e-06
505.900000,1.0002721838e-03,-1.5900019707e-05
505.950000,1.0008594686e-03,7.6147617588e-06
506.000000,1.0006603682e-03,2.1994501835e-05
506.050000,1.0002843479e-03,1.3212812816e-05
506.100000,9.9988851974e-04,1.7403999233e-05
506.150000,1.0019386408e-03,9.1852913622e-06
506.200000,1.0002710119e-03,-7.7740287688e-06
506.250000,1.0014083324e-03,-1.5005138376e-06
506.300000,1.0011485969e-03,4.0106010527e-07
506.350000,1.0007671434e-03,-1.2028032530e-06
506.400000,1.0005760515e-03,8.8259639569e-06
506.450000,9.9885217979e-04,-5.5674933187e-06
506.500000,1.0012704272e-03,6.2758663012e-06
506.550000,9.9955864442e-04,-1.2356143672e-05
506.600000,1.0014717264e-03,1.5727643379e-07
506.650000,1.0013462387e-03,2.1130641569e-06
506.700000,1.0005672949e-03,-2.3320468662e-05
506.750000,1.0013967910e-03,8.5022048853e-06
506.800000,9.9988454459e-04,-1.9721026357e-05
506.850000,1.0004468448e-03,-1.0870163530e-06
506.900000,9.9933882267e-04,-1.8920807616e-05
506.950000,1.0003916595e-03,3.8265129657e-06
507.000000,1.0007754102e-03,8.0648353091e-06
507.050000,9.9987528082e-04,-9.2610850917e-06
507.100000,9.9771235105e-04,1.8322495523e-05
507.150000,1.0007141924e-03,-2.0803260712e-06
507.200000,9.9947007600e-04,-1.7036382635e-06
507.250000,9.9952014346e-04,-1.1263757612e-05
507.300000,9.9911236628e-04,-1.2140613017e-07
507.350000,1.0015670428e-03,3.6073363881e-08
507.400000,1.0011223799e-03,-9.1189478686e-06
507.450000,1.0005213951e-03,1.7286026785e-06
507.500000,9.9975780774e-04,-3.8842241676e-06
507.550000,1.0003320954e-03,-1.4901105340e-05
507.600000,9.9993875327e-04,-6.5554913306e-06
507.650000,9.9917930610e-04,1.9818985116e-05
507.700000,1.0002560433e-03,1.1573909204e-05
507.750000,1.0001241025e-03,-1.6831606694e-05
507.800000,9.9774634244e-04,-8.4556336063e-06
507.850000,1.0014571519e-03,-6.1913749451e-06
507.900000,9.9920700103e-04,-4.6624652991e-06
507.950000,1.0005937495e-03,-3.2728909065e-07
508.000000,1.0005078530e-03,6.6235425711e-06
508.050000,9.9937820793e-04,-2.0800966419e-06
508.100000,9.9922150022e-04,9.1069945223e-06
508.150000,9.9985257500e-04,-8.9483740984e-06
508.200000,9.9971262458e-04,-1.4198208221e-05
508.250000,9.9967072711e-04,-1.0333262545e-05
508.300000,9.9902666388e-04,9.6244104656e-06
508.350000,9.9999481074e-04,1.1127037260e-06
508.400000,1.0018731695e-03,-1.9897023381e-05
508.450000,9.9997618733e-04,-2.0377622724e-06
508.500000,1.0012313608e-03,1.2320283973e-05
508.550000,9.9951008380e-04,4.5036142743e-06
508.600000,1.0001006499e-03,-3.2763340286e-06
508.650000,9.9946017149e-04,-7.7464593262e-07
508.700000,9.9963534816e-04,-4.8970706128e-06
508.750000,1.0001635770e-03,2.8571132458e-06
508.800000,1.0000055600e-03,-1.1219121378e-06
508.850000,1.0001651911e-03,-1.6475550254e-05
508.900000,9.9967208422e-04,1.6694451157e-06
508.950000,1.0001993736e-03,2.2295041642e-06
509.000000,1.0017595990e-03,1.7497843167e-05
509.050000,1.0000080155e-03,-5.6012676403e-06
509.100000,1.0012163213e-03,-1.2270437476e-05
509.150000,9.9988970935e-04,-2.9989832648e-06
509.200000,9.9993555853e-04,-7.5805232606e-06
509.250000,9.9766716221e-04,-7.8573600857e-06
509.300000,9.9997725071e-04,-6.1257264604e-06
509.350000,1.0000300030e-03,5.3789764530e-06
509.400000,9.9921476522e-04,1.7282549514e-05
509.450000,1.0007781270e-03,7.2186368327e-06
509.500000,9.9928726329e-04,-1.9895478728e-06
509.550000,9.9991208891e-04,1.5737833405e-05
509.600000,9.9921461295e-04,-1.3094293780e-05
509.650000,1.0012590242e-03,1.9000862992e-05
509.700000,1.0004694757e-03,6.7985648739e-07
509.750000,1.0002258512e-03,5.5140194386e-06
509.800000,9.9989049667e-04,-1.0511735084e-06
509.850000,9.9968970617e-04,-8.3346367147e-06
509.900000,1.0005121696e-03,1.0806776873e-05
509.950000,1.0001248145e-03,8.8696656790e-06
510.000000,9.9857068068e-04,1.1391174935e-05
510.050000,9.9917290039e-04,1.3156069922e-05
510.100000,1.0012654621e-03,1.6327098760e-07
510.150000,9.9989995353e-04,-2.2259419237e-06
510.200000,1.0005861204e-03,-1.6864191760e-05
510.250000,9.9815882013e-04,-1.7551855409e-05
510.300000,9.9867665402e-04,5.4528242364e-06
510.350000,9.9888504009e-04,7.4345819728e-06
510.400000,9.9955922602e-04,-3.2411727338e-06
510.450000,1.0009195982e-03,1.0061168259e-06
510.500000,1.0002206741e-03,-4.8457363510e-06
510.550000,1.0012751830e-03,-4.2431369873e-06
510.600000,1.0008935071e-03,4.4906653276e-06
510.650000,1.0015645627e-03,-1.4234803788e-06
510.700000,1.0000752750e-03,-1.8404056700e-06
510.750000,1.0004105633e-03,8.9776454779e-06
510.800000,1.0010044011e-03,-9.1483516172e-06
510.850000,1.0003936272e-03,2.2235406602e-05
510.900000,1.0001774748e-03,-4.7642656004e-07
510.950000,1.0009707953e-03,1.3822120885e-05
511.000000,9.9806149971e-04,1.6330011547e-05
511.050000,9.9951734182e-04,-5.2440544394e-06
511.100000,9.9848128815e-04,-4.6374268919e-06
511.150000,9.9955656262e-04,3.1819347101e-06
511.200000,1.0008418255e-03,2.8731828271e-05
511.250000,1.0016269466e-03,-5.5252586046e-06
511.300000,1.0005910343e-03,5.7467242210e-06
511.350000,1.0013280992e-03,-1.5162791889e-05
511.400000,1.0011183519e-03,-7.1896676421e-07
511.450000,1.0005119532e-03,-1.7207104738e-05
511.500000,9.9931063361e-04,6.4740187614e-06
511.550000,9.9877435008e-04,2.0729944847e-05
511.600000,1.0005036806e-03,-1.0469848615e-05
511.650000,1.0010981613e-03,1.1111500006e-05
511.700000,1.0022418002e-03,2.1687759381e-06
511.750000,1.0017745126e-03,-2.5861911066e-06
511.800000,1.0002200548e-03,7.4792679934e-06
511.850000,1.0010825811e-03,7.3872048144e-06
511.900000,1.0010609340e-03,-1.5942477158e-05
511.950000,1.0000374780e-03,-1.3547487830e-05
512.000000,9.9948828361e-04,-5.5616877652e-06
512.050000,9.9973148169e-04,-1.6855393106e-05
512.100000,1.0022338019e-03,-1.2022675966e-05
512.150000,1.0008291680e-03,3.8295878136e-08
512.200000,9.9978499970e-04,-8.4927907325e-06
512.250000,1.0014385239e-03,1.4642161005e-05
512.300000,9.9929364725e-04,-2.7221397337e-06
512.350000,1.0001935179e-03,-1.6215639907e-05
512.400000,1.0001671821e-03,-8.9727745505e-06
512.450000,1.0018995257e-03,6.6460853304e-06
512.500000,9.9872855559e-04,1.1289218450e-05
512.550000,1.0007067622e-03,-2.8529403733e-06
512.600000,1.0014988043e-03,-1.2970108844e-05
512.650000,1.0003973491e-03,-2.1201882310e-05
512.700000,9.9958499264e-04,2.1908855772e-06
512.750000,9.9899099140e-04,1.1719008211e-05
512.800000,9.9946079012e-04,8.1404710830e-06
512.850000,9.9976539014e-04,-8.7209539808e-06
512.900000,9.9997055256e-04,-1.3277868512e-05
512.950000,1.0008056404e-03,9.1499018183e-06
513.000000,9.9989024398e-04,-3.1099881110e-05
513.050000,9.9931307782e-04,-5.0260020354e-06
513.100000,9.9871217307e-04,-1.2686230826e-05
513.150000,9.9972610471e-04,-6.0048120179e-06
513.200000,9.9876046188e-04,-1.4037802482e-07
513.250000,1.0009447343e-03,-5.3250155113e-06
513.300000,9.9871194297e-04,9.8704525375e-06
513.350000,9.9997094914e-04,4.1872810224e-06
513.400000,9.9917969596e-04,-1.6478753625e-06
513.450000,1.0016526414e-03,1.0097823585e-06
513.500000,1.0018323831e-03,-3.4795538455e-06
513.550000,1.0009335944e-03,-1.6677215455e-06
513.600000,9.9957597351e-04,-4.8242497137e-06
513.650000,1.0001771341e-03,5.8577716983e-06
513.700000,9.9951884595e-04,-9.6626138488e-06
513.750000,9.9972940450e-04,-1.1945911717e-06
513.800000,9.9984805856e-04,-5.4851120215e-06
513.850000,1.0009224773e-03,-9.8746984751e-06
513.900000,9.9812490948e-04,-1.2504678135e-05
513.950000,9.9946656638e-04,7.6786902825e-06
514.000000,1.0015427666e-03,-2.1868654250e-06
514.050000,1.0007817625e-03,6.9944871824e-06
514.100000,9.9985947336e-04,1.0471727879e-05
514.150000,9.9854153745e-04,3.7301450377e-07
514.200000,9.9893783222e-04,1.6809431388e-06
514.250000,9.9990445071e-04,-2.3281867763e-05
514.300000,1.0000524367e-03,3.9095552946e-06
514.350000,9.9877184698e-04,1.1137748197e-05
514.400000,1.0000923710e-03,3.2556334539e-06
514.450000,9.9942517167e-04,-4.9007613565e-06
514.500000,1.0001762183e-03,6.2115416203e-06
514.550000,9.9928556469e-04,-1.1112121377e-05
514.600000,1.0005719863e-03,1.1459709718e-05
514.650000,1.0006173965e-03,8.9741530047e-06
514.700000,9.9967266310e-04,-3.8566689942e-06
514.750000,1.0005481313e-03,-6.7399657858e-06
514.800000,1.0005769846e-03,-7.5126316553e-06
514.850000,1.0003347996e-03,1.0303991934e-07
514.900000,1.0012306907e-03,-6.9910008428e-06
514.950000,1.0006385268e-03,1.0900367345e-05
515.000000,9.9955219547e-04,4.1403957458e-06
515.050000,9.9955256077e-04,8.9707225898e-06
515.100000,1.0003312009e-03,5.7011896891e-07
515.150000,9.9813846620e-04,-9.3392025736e-06
515.200000,1.0018160635e-03,-1.1465215376e-05
515.250000,9.9947685643e-04,-2.5252087617e-08
515.300000,9.9983113266e-04,1.9773758996e-05
515.350000,9.9890830529e-04,9.4408598680e-06
515.400000,9.9941039035e-04,1.1995483261e-05
515.450000,9.9957823553e-04,6.8417303746e-07
515.500000,1.0008962766e-03,-6.7373405524e-06
515.550000,9.9876607156e-04,1.8391218342e-05
515.600000,9.9988599037e-04,-1.0151244473e-05
515.650000,1.0001967797e-03,1.3960765615e-05
515.700000,1.0003016450e-03,-1.8593045491e-05
515.750000,1.0001140566e-03,7.8774003403e-07
515.800000,1.0002255757e-03,-1.1398255179e-06
515.850000,1.0008849536e-03,-1.0358907544e-06
515.900000,1.0000913643e-03,2.8816695884e-06
515.950000,1.0000049839e-03,3.6934715162e-06
516.000000,1.0001191580e-03,-7.9042425602e-06
516.050000,1.0008666194e-03,1.0390224687e-05
516.100000,9.9980993177e-04,3.8754478141e-06
516.150000,9.9897876677e-04,8.8300163466e-06
516.200000,9.9944147006e-04,1.4479237327e-05
516.250000,9.9997761562e-04,2.7011798402e-06
516.300000,1.0007538496e-03,5.8164842069e-06
516.350000,9.9857814017e-04,-1.5357850729e-05
516.400000,9.9998422498e-04,7.3528319909e-06
516.450000,1.0005319235e-03,-1.2358283120e-05
516.500000,1.0012166631e-03,1.0804208423e-06
516.550000,1.0002976062e-03,6.2138294640e-06
516.600000,9.9862599872e-04,1.8427189345e-05
516.650000,1.0006977760e-03,-4.5970648127e-06
516.700000,1.0004771747e-03,-5.2535558859e-06
516.750000,1.0017722864e-03,5.1688534499e-06
516.800000,1.0011119014e-03,1.2685045590e-05
516.850000,1.0006418757e-03,-1.3317336256e-05
516.900000,1.0000411520e-03,-6.0343103902e-06
516.950000,9.9919415999e-04,1.8519098282e-06
517.000000,1.0002717421e-03,3.1715333169e-06
517.050000,1.0001162206e-03,-1.4174515404e-05
517.100000,9.9725271340e-04,6.3259981584e-06
517.150000,9.9991898618e-04,-2.5604704118e-05
517.200000,9.9938898726e-04,7.8884648947e-06
517.250000,1.0010410679e-03,-3.7606676506e-06
517.300000,9.9869826072e-04,-8.5713812071e-06
517.350000,1.0004271011e-03,-9.4122712919e-07
517.400000,1.0001693898e-03,2.4629451221e-06
517.450000,1.0000172112e-03,4.3233819982e-06
517.500000,1.0004146579e-03,-5.9243733231e-06
517.550000,1.0007246239e-03,5.6885195888e-08
517.600000,1.0007317600e-03,-7.8013949869e-06
517.650000,9.9964710653e-04,8.4170632005e-06
517.700000,9.9859218966e-04,4.7510728930e-06
517.750000,1.0017751591e-03,1.6997704076e-06
517.800000,9.9871401866e-04,2.5972587910e-06
517.850000,1.0003459216e-03,7.7610837390e-06
517.900000,9.9842431664e-04,2.2608214487e-06
517.950000,1.0005398324e-03,-9.2593752333e-06
518.000000,9.9810101046e-04,-2.4717481971e-06
518.050000,9.9895322965e-04,-3.4574689211e-06
518.100000,1.0002564382e-03,8.9474750253e-06
518.150000,9.9774795899e-04,-9.0385725731e-06
518.200000,1.0011700661e-03,-2.0950721250e-06
518.250000,9.9930453539e-04,9.1475481438e-07
518.300000,1.0015367097e-03,-6.9073846314e-06
518.350000,1.0011958967e-03,1.7606368031e-06
518.400000,1.0010062643e-03,-3.9986910053e-06
518.450000,1.0010012872e-03,6.8078014888e-07
518.500000,1.0017408986e-03,1.3847860812e-05
518.550000,9.9987857374e-04,-7.9824328281e-06
518.600000,9.9686429751e-04,-2.0003982680e-05
518.650000,1.0012738631e-03,-8.8410328901e-06
518.700000,1.0005427870e-03,7.2349490916e-06
518.750000,9.9983502153e-04,-1.1390873708e-05
518.800000,9.9915068818e-04,1.2261458703e-05
518.850000,1.0000584629e-03,5.7017637408e-06
518.900000,1.0008268607e-03,-1.4704870504e-05
518.950000,1.0009101562e-03,-5.8911757606e-06
519.000000,9.9903037470e-04,1.8709049011e-06
519.050000,9.9854034611e-04,2.8268412449e-06
519.100000,1.0000361371e-03,1.5718624100e-05
519.150000,9.9906259341e-04,9.9494118431e-06
519.200000,9.9954772101e-04,6.2510825815e-06
519.250000,9.9992851645e-04,-1.1055256744e-05
519.300000,9.9883154877e-04,-1.2448981508e-05
519.350000,9.9939600066e-04,3.3327737703e-06
519.400000,9.9999981664e-04,-4.8636648773e-06
519.450000,9.9932287017e-04,-1.3715768928e-05
519.500000,1.0009407632e-03,-8.6833705025e-06
519.550000,9.9878100627e-04,1.2990297652e-06
519.600000,1.0004092000e-03,-9.1298679508e-07
519.650000,1.0006249732e-03,1.0314401068e-05
519.700000,1.0013689997e-03,2.0943074251e-06
519.750000,9.9915423565e-04,3.7206578060e-06
519.800000,1.0000831765e-03,-2.7029723887e-06
519.850000,1.0000286808e-03,-5.1409066387e-06
519.900000,1.0003290968e-03,1.7547528760e-05
519.950000,9.9903659197e-04,-1.0650515176e-05
520.000000,1.0012836708e-03,1.4836145318e-06
520.050000,9.9986616437e-04,7.1097203397e-06
520.100000,1.0002570558e-03,-1.5063257885e-05
520.150000,1.0011378354e-03,2.8774570953e-06
520.200000,9.9986424749e-04,1.1353576043e-05
520.250000,9.9911195709e-04,2.1731675933e-05
520.300000,9.9970863640e-04,8.0445932828e-06
520.350000,1.0005665284e-03,-5.7394371245e-06
520.400000,9.9869669003e-04,-6.9742675670e-06
520.450000,1.0003232881e-03,1.1402224313e-05
520.500000,9.9916814546e-04,-5.0623363308e-06
520.550000,1.0003563320e-03,1.1961801115e-05
520.600000,1.0017021259e-03,1.2167931735e-05
520.650000,9.9882012551e-04,-1.3776595915e-05
520.700000,9.9893324627e-04,1.5224899330e-05
520.750000,9.9892783204e-04,-5.2887155473e-06
520.800000,1.0009338154e-03,-4.0501870969e-06
520.850000,9.9899528933e-04,-8.1385501646e-06
520.900000,1.0013291989e-03,-3.3525765220e-06
520.950000,9.9996264055e-04,1.5640584133e-06
521.000000,1.0009415939e-03,-1.9516747196e-05
521.050000,1.0000718630e-03,-2.3551030652e-06
521.100000,1.0000850034e-03,1.1788482402e-05
521.150000,1.0006318776e-03,4.8926029998e-07
521.200000,1.0021305867e-03,5.4556078530e-06
521.250000,1.0015292579e-03,3.0834179890e-06
521.300000,9.9916392875e-04,-5.6100391654e-06
521.350000,9.9962684625e-04,5.8516761075e-06
521.400000,9.9941311057e-04,-1.0621956955e-05
521.450000,9.9762032717e-04,2.1225877944e-06
521.500000,1.0011300174e-03,-8.5126694119e-06
521.550000,1.0008127317e-03,-6.2695167634e-07
521.600000,9.9965311752e-04,-1.0108325951e-05
521.650000,1.0012983499e-03,1.0772993138e-06
521.700000,1.0005149053e-03,-7.8062288169e-06
521.750000,9.9935931321e-04,-1.6484378264e-06
521.800000,1.0003436639e-03,-1.0296517587e-06
521.850000,9.9883748393e-04,9.4841789333e-06
521.900000,9.9849959012e-04,8.7024277505e-06
521.950000,1.0003727808e-03,-6.3257623914e-06
522.000000,9.9902772266e-04,-2.5640770073e-06
522.050000,1.0001270408e-03,-7.5093358905e-06
522.100000,9.9820961304e-04,-2.5663556407e-07
522.150000,9.9999837341e-04,7.2191707053e-06
522.200000,9.9784606277e-04,-2.1120010986e-06
522.250000,9.9997291243e-04,-3.0785040188e-06
522.300000,9.9973481616e-04,3.7035552466e-06
522.350000,9.9954252672e-04,1.0575078007e-05
522.400000,9.9931392649e-04,3.2649763517e-06
522.450000,1.0007788120e-03,-5.9554234581e-06
522.500000,1.0011824515e-03,-1.4455162509e-05
522.550000,9.9942932130e-04,7.4239274037e-07
522.600000,9.9756325424e-04,1.3969144042e-05
522.650000,9.9818732309e-04,-5.1936488838e-06
522.700000,9.9966117411e-04,1.3821397723e-05
522.750000,1.0012395742e-03,-3.9699559738e-06
522.800000,1.0005154295e-03,1.4751022602e-05
522.850000,9.9800900774e-04,-1.1816269534e-05
522.900000,1.0004121955e-03,-9.3196095375e-06
522.950000,1.0016544367e-03,1.3617636766e-06
523.000000,1.0008894062e-03,5.7484064689e-06
523.050000,1.0015073188e-03,3.7207007303e-06
523.100000,1.0008163558e-03,7.4895143115e-06
523.150000,9.9907429882e-04,6.8016117650e-06
523.200000,9.9959554886e-04,7.3855668927e-06
523.250000,1.0022397465e-03,-1.4053218667e-05
523.300000,1.0001547494e-03,-2.1617186192e-06
523.350000,9.9945564847e-04,-5.1461329769e-06
523.400000,1.0009499735e-03,1.5853867929e-06
523.450000,1.0011562312e-03,1.2188537621e-05
523.500000,1.0001498776e-03,-2.4516133041e-05
523.550000,9.9910216068e-04,7.2210878737e-06
523.600000,1.0007008215e-03,-6.3289825317e-06
523.650000,9.9901604802e-04,-9.7810556484e-06
523.700000,1.0010523840e-03,1.2325199373e-05
523.750000,1.0001966302e-03,-6.0133391228e-06
523.800000,1.0000288784e-03,-1.0903158224e-05
523.850000,1.0006113527e-03,2.1588992909e-06
523.900000,1.0015385724e-03,-3.4989932520e-06
523.950000,1.0012569088e-03,4.0758001077e-06
524.000000,9.9997587123e-04,-2.9096063349e-06
524.050000,9.9950851454e-04,-6.0907773877e-06
524.100000,1.0014253139e-03,-1.4048623435e-05
524.150000,1.0003492768e-03,3.2123059488e-06
524.200000,9.9932408509e-04,1.3252182050e-06
524.250000,9.9817214455e-04,-4.6782572300e-06
524.300000,1.0018682274e-03,-8.8577609440e-06
524.350000,9.9973842574e-04,9.9287478793e-06
524.400000,1.0020044406e-03,6.5949690435e-06
524.450000,9.9846149251e-04,-4.6351247900e-06
524.500000,1.0005252347e-03,6.7528518870e-06
524.550000,1.0010080304e-03,2.5465256646e-07
524.600000,1.0007467465e-03,7.7764920691e-06
524.650000,9.9895236376e-04,7.1370086934e-06
524.700000,9.9968169722e-04,-4.3030136680e-06
524.750000,9.9888505109e-04,-1.4896303873e-05
524.800000,1.0001610962e-03,1.0641550925e-06
524.850000,9.9935726916e-04,2.8995910758e-06
524.900000,1.0012330148e-03,-9.6915606520e-06
524.950000,9.9950107389e-04,7.1806726413e-06
525.000000,9.9988677430e-04,2.8211592453e-07
525.050000,9.9966887342e-04,1.1063144333e-05
525.100000,9.9801847175e-04,-7.8824485876e-06
525.150000,1.0005708493e-03,7.3700965757e-06
525.200000,1.0004209303e-03,-3.3560766758e-06
525.250000,9.9962091468e-04,-3.2040734585e-06
525.300000,1.0024387141e-03,1.0694297830e-05
525.350000,1.0012933295e-03,1.3746349669e-05
525.400000,1.0005644500e-03,9.6791311738e-06
525.450000,9.9934671460e-04,-5.6510787771e-06
525.500000,1.0015887795e-03,-1.8714052318e-06
525.550000,9.9949637552e-04,2.9750095975e-06
525.600000,1.0012962102e-03,-7.5885965113e-07
525.650000,9.9803646595e-04,-7.0395371147e-06
525.700000,9.9831771390e-04,7.9805264209e-06
525.750000,9.9923716737e-04,4.1332296708e-06
525.800000,1.0020092165e-03,9.9016781110e-06
525.850000,9.9948147300e-04,5.0238021569e-06
525.900000,1.0013825374e-03,-7.0722426895e-06
525.950000,1.0000534532e-03,1.4537276487e-07
526.000000,1.0005798731e-03,1.7896858815e-05
526.050000,1.0012405088e-03,2.1868270150e-06
526.100000,1.0005313751e-03,5.5084851293e-06
526.150000,9.9831977443e-04,-6.3071393436e-06
526.200000,9.9953966052e-04,-9.9874746144e-07
526.250000,9.9780564867e-04,-4.5361020400e-06
526.300000,9.9987484287e-04,-7.8150606946e-06
526.350000,9.9974857259e-04,-1.8368260813e-05
526.400000,1.0021773840e-03,5.6837395213e-07
526.450000,1.0011989448e-03,1.5100134625e-06
526.500000,9.9939910574e-04,-3.4566749702e-06
526.550000,9.9929143653e-04,-6.4654881702e-07
526.600000,9.9986615705e-04,9.1067643347e-06
526.650000,1.0000331276e-03,9.8445940450e-06
526.700000,1.0002966058e-03,-1.2385991885e-05
526.750000,1.0005452808e-03,-2.3091186011e-05
526.800000,9.9953198552e-04,5.2014696288e-06
526.850000,1.0011031500e-03,-1.3843067696e-05
526.900000,1.0002681448e-03,4.7763082226e-06
526.950000,1.0008277763e-03,1.2030159396e-05
527.000000,9.9971307854e-04,1.2940139579e-05
527.050000,1.0006297442e-03,2.8489105001e-06
527.100000,1.0004151143e-03,9.7342011262e-06
527.150000,9.9862468455e-04,-1.1917600516e-05
527.200000,1.0002456933e-03,2.4058799811e-06
527.250000,1.0000602775e-03,2.5720374095e-06
527.300000,9.9935036514e-04,3.6391427318e-06
527.350000,9.9962389688e-04,7.5439995666e-06
527.400000,1.0006851968e-03,-1.9480862818e-06
527.450000,1.0018301802e-03,-4.5033443457e-06
527.500000,9.9844049226e-04,-4.6089887780e-06
527.550000,9.9994956368e-04,-4.2664973345e-06
527.600000,1.0013470032e-03,-7.7460691278e-06
527.650000,9.9956541336e-04,-2.9041488032e-06
527.700000,1.0021069751e-03,-6.5141761069e-06
527.750000,1.0001949767e-03,8.0206070230e-06
527.800000,1.0016313141e-03,-8.2626339218e-06
527.850000,1.0008503579e-03,-5.4142753060e-06
527.900000,1.0013962053e-03,8.2363730191e-06
527.950000,9.9953502784e-04,-5.3292619690e-07
528.000000,1.0009648728e-03,-8.3662484846e-06
528.050000,9.9820441062e-04,-7.0776936286e-06
528.100000,1.0023910547e-03,2.2419831604e-06
528.150000,1.0011810446e-03,-4.3856794860e-06
528.200000,1.0014893889e-03,8.8431183077e-06
528.250000,9.9897837605e-04,3.4228640384e-06
528.300000,1.0004438586e-03,-1.3120173237e-05
528.350000,1.0008834455e-03,-8.7155063926e-06
528.400000,9.9967722587e-04,-6.5959097158e-06
528.450000,9.9909745063e-04,-7.4850489727e-06
528.500000,1.0000773139e-03,-7.5134456006e-06
528.550000,1.0016174269e-03,-2.1927709873e-05
528.600000,9.9925507328e-04,-1.2301371030e-05
528.650000,9.9961991017e-04,-3.6915802217e-06
528.700000,1.0003791081e-03,7.0323804489e-07
528.750000,1.0001708174e-03,6.2861531540e-06
528.800000,9.9971032972e-04,1.5912618183e-05
528.850000,1.0001698283e-03,-1.2822954513e-05
528.900000,1.0003106965e-03,-2.1324037717e-06
528.950000,9.9974332728e-04,-9.3105883992e-06
529.000000,1.0002980417e-03,7.6568361712e-06
529.050000,9.9986073383e-04,4.3256953169e-06
529.100000,9.9734992836e-04,5.9038436975e-06
529.150000,9.9813044479e-04,1.1410182092e-05
529.200000,9.9929196021e-04,-7.2645250739e-06
529.250000,9.9940423514e-04,8.2259507736e-06
529.300000,1.0000602615e-03,1.5482331740e-05
529.350000,1.0019691709e-03,1.4341097785e-05
529.400000,9.9883182521e-04,-8.5693749146e-06
529.450000,9.9874637220e-04,6.8515982821e-06
529.500000,1.0001314531e-03,1.4571500864e-06
529.550000,1.0009897641e-03,2.0784070801e-05
529.600000,9.9899598770e-04,-4.1475087013e-06
529.650000,9.9973811384e-04,1.1954022229e-05
529.700000,9.9994859189e-04,1.0806336844e-05
529.750000,9.9884541949e-04,-1.4563669208e-05
529.800000,1.0007360197e-03,-5.6409479401e-06
529.850000,9.9849825782e-04,-9.6558390236e-06
529.900000,9.9930513289e-04,-7.7006285491e-06
529.950000,9.9890417675e-04,1.0341783117e-05
530.000000,1.0011712018e-03,-1.3522248496e-05
530.050000,1.0001766992e-03,-1.3167781791e-05
530.100000,9.9929433840e-04,5.5958469305e-06
530.150000,9.9959225149e-04,-2.5889265038e-06
530.200000,9.9884125300e-04,8.4681769671e-06
530.250000,9.9986224014e-04,-1.7791849460e-05
530.300000,1.0002528588e-03,1.0086614524e-05
530.350000,9.9809364932e-04,-8.1262520405e-06
530.400000,1.0008877823e-03,3.1858197955e-06
530.450000,1.0007768557e-03,5.3451060532e-06
530.500000,1.0018241814e-03,1.3732865681e-05
530.550000,9.9922059445e-04,-8.9034659927e-06
530.600000,1.0001160793e-03,5.2813877172e-06
530.650000,1.0000433723e-03,-1.0168263606e-05
530.700000,9.9958147784e-04,7.5827246130e-07
530.750000,9.9986497642e-04,1.6723701293e-05
530.800000,1.0007722909e-03,3.2239042322e-06
530.850000,1.0004092799e-03,3.3541201683e-06
530.900000,1.0018734485e-03,-8.3730540033e-06
530.950000,1.0010230773e-03,-1.0018665408e-06
531.000000,1.0008245352e-03,-1.1789003094e-05
531.050000,1.0003792135e-03,-1.4559535697e-05
531.100000,1.0000413546e-03,2.6882726796e-05
531.150000,9.9822202827e-04,1.1010354872e-05
531.200000,1.0004118999e-03,2.0346336954e-06
531.250000,1.0002889259e-03,1.0725082374e-05
531.300000,1.0013008421e-03,1.0003343630e-05
531.350000,1.0004171183e-03,1.2379170313e-05
531.400000,1.0006556927e-03,3.3752931297e-06
531.450000,1.0003662285e-03,3.2275619047e-05
531.500000,1.0006033502e-03,-1.2588648875e-06
531.550000,9.9930830230e-04,-4.0623919786e-06
531.600000,1.0001187529e-03,1.0351648294e-05
531.650000,1.0011000280e-03,-1.1886802224e-05
531.700000,9.9956544731e-04,-1.0379949817e-05
531.750000,1.0011870252e-03,3.8434652086e-06
531.800000,9.9933394625e-04,-3.3681318970e-06
531.850000,9.9966608700e-04,-1.0977983726e-05
531.900000,9.9933181423e-04,6.2083678832e-06
531.950000,9.9980821571e-04,-1.3570516149e-05
532.000000,9.9876566538e-04,5.6675731353e-06
532.050000,1.0009070243e-03,1.6960834058e-05
532.100000,9.9779284706e-04,8.0337727424e-06
532.150000,9.9930017825e-04,2.1572536815e-06
532.200000,1.0001665132e-03,-3.3443324005e-06
532.250000,1.0003973266e-03,-5.2249614556e-06
532.300000,1.0007765288e-03,2.4804273043e-05
532.350000,9.9890518873e-04,-1.0352686925e-05
532.400000,9.9886730787e-04,-8.6224080390e-06
532.450000,9.9801757824e-04,3.0553380515e-06
532.500000,1.0002947170e-03,-3.3766777302e-06
532.550000,9.9953274884e-04,6.9003103335e-06
532.600000,1.0007830452e-03,1.1649909895e-05
532.650000,1.0015364822e-03,7.3557160713e-06
532.700000,9.9967417942e-04,-7.8577310817e-06
532.750000,1.0004236247e-03,6.4409111984e-06
532.800000,9.9918592552e-04,-1.0019969293e-06
532.850000,1.0006134760e-03,7.8478864049e-06
532.900000,9.9920724080e-04,-3.3040297706e-06
532.950000,9.9903292577e-04,-2.6433628994e-06
533.000000,1.0007324731e-03,4.5813310986e-06
533.050000,9.9961221946e-04,8.5661847950e-06
533.100000,9.9953650472e-04,2.0438492066e-06
533.150000,9.9924422381e-04,9.3780290151e-07
533.200000,9.9860402219e-04,1.2474064778e-05
533.250000,1.0000638953e-03,1.6078510540e-05
533.300000,1.0008488221e-03,-1.7615269752e-05
533.350000,9.9985115590e-04,-6.5159865096e-06
533.400000,1.0001370305e-03,1.0872283418e-06
533.450000,1.0012259389e-03,4.7109248216e-06
533.500000,9.9999272127e-04,-5.5711444358e-06
533.550000,9.9932680929e-04,6.9829683022e-06
533.600000,9.9964476651e-04,2.5761004294e-06
533.650000,9.9893010122e-04,1.7202036825e-05
533.700000,1.0000300401e-03,8.4413991421e-06
533.750000,9.9991399708e-04,8.3483530773e-06
533.800000,9.9987996607e-04,1.8108443853e-05
533.850000,1.0001294651e-03,3.1498962572e-06
533.900000,1.0013755130e-03,2.3095599590e-06
533.950000,1.0004969658e-03,1.1345320996e-05
534.000000,9.9974580599e-04,-1.9278767698e-06
534.050000,9.9904586376e-04,5.0603035451e-06
534.100000,9.9995724107e-04,2.6707812496e-06
534.150000,1.0008955704e-03,2.2309491107e-06
534.200000,1.0006001148e-03,3.7100102704e-06
534.250000,9.9971385792e-04,1.0526513430e-05
534.300000,1.0023639412e-03,1.0128819290e-05
534.350000,1.0002976930e-03,1.6328577018e-05
534.400000,9.9852256532e-04,-7.7847661113e-06
534.450000,1.0012023561e-03,9.1589642630e-06
534.500000,1.0007216371e-03,-1.0060272214e-05
534.550000,1.0006317078e-03,3.0823891267e-06
534.600000,1.0016037152e-03,-2.5252973715e-05
534.650000,1.0025741336e-03,4.4708869835e-06
534.700000,1.0007055813e-03,-2.8790514406e-06
534.750000,9.9982929815e-04,3.1747288614e-06
534.800000,9.9859477243e-04,7.5820870874e-06
534.850000,1.0012853674e-03,1.1043073150e-05
534.900000,9.9909659828e-04,6.2556464399e-06
534.950000,9.9849705077e-04,-1.3335852144e-05
535.000000,9.9927970522e-04,1.3005241067e-05
535.050000,1.0006351590e-03,-1.7938575721e-05
535.100000,9.9868880695e-04,-1.5584148120e-06
535.150000,1.0016694811e-03,6.0173282969e-06
535.200000,9.9956111280e-04,1.2452528693e-05
535.250000,9.9946514835e-04,-4.4303724594e-06
535.300000,1.0002780972e-03,-1.6038550123e-06
535.350000,9.9920600017e-04,-4.1030075808e-06
535.400000,9.9907415118e-04,9.2965294397e-06
535.450000,1.0000464157e-03,4.8290882129e-06
535.500000,1.0006461227e-03,2.0654937773e-05
535.550000,9.9994424715e-04,-1.0297898371e-06
535.600000,1.0013939893e-03,1.1548878625e-05
535.650000,1.0002576321e-03,-6.0558353295e-06
535.700000,1.0021585794e-03,1.8267840149e-05
535.750000,9.9947332973e-04,-1.3083525052e-06
535.800000,1.0005824412e-03,-9.7705160361e-06
535.850000,9.9916223598e-04,8.9381014542e-07
535.900000,9.9928082329e-04,7.6554608813e-06
535.950000,1.0002493489e-03,8.8738586613e-06
536.000000,9.9848532191e-04,3.6948813639e-06
536.050000,1.0003842666e-03,2.3940850798e-06
536.100000,9.9931722135e-04,-1.8234947575e-05
536.150000,1.0002170325e-03,8.6906505755e-06
536.200000,1.0004074946e-03,9.4207655702e-07
536.250000,9.9887922367e-04,1.9094663303e-06
536.300000,9.9861610246e-04,4.2957393505e-06
536.350000,1.0007973467e-03,-6.0447213553e-06
536.400000,1.0008297834e-03,5.8584423984e-06
536.450000,9.9938823295e-04,-9.6582234763e-06
536.500000,1.0010468077e-03,-1.1229745481e-05
536.550000,9.9854393203e-04,-1.4929720999e-06
536.600000,9.9963139615e-04,-1.2717755760e-06
536.650000,9.9788046707e-04,1.2903297744e-05
536.700000,9.9852598958e-04,1.4650239863e-05
536.750000,1.0001470637e-03,-9.9654911103e-06
536.800000,9.9846055363e-04,1.4386506402e-05
536.850000,9.9997448472e-04,-9.1689026618e-06
536.900000,1.0000523555e-03,-7.3645501302e-06
536.950000,1.0013495596e-03,2.3869507581e-06
537.000000,1.0001779150e-03,1.2522684368e-05
537.050000,9.9957106901e-04,-1.1833918283e-05
537.100000,1.0006424100e-03,4.3496079549e-06
537.150000,9.9894546944e-04,-2.1700290720e-06
537.200000,9.9938710718e-04,1.3343499482e-05
537.250000,1.0001786048e-03,3.4772938292e-06
537.300000,9.9962170195e-04,1.8693589122e-05
537.350000,9.9944823971e-04,-6.1632375918e-06
537.400000,9.9991166920e-04,1.6836772798e-05
537.450000,1.0014432277e-03,4.7400494393e-06
537.500000,1.0002670575e-03,1.5772682752e-05
537.550000,9.9837978974e-04,3.7509188572e-06
537.600000,1.0002711313e-03,1.0396698224e-05
537.650000,1.0007632603e-03,-9.0438774796e-07
537.700000,1.0003563909e-03,-4.9118924836e-06
537.750000,1.0003118893e-03,4.7241139798e-06
537.800000,9.9831951847e-04,-7.9437434218e-06
537.850000,1.0000938565e-03,-5.4626772774e-06
537.900000,9.9891541908e-04,-1.0623795277e-05
537.950000,9.9956269728e-04,-5.7758377184e-06
538.000000,9.9922463844e-04,6.1114264560e-06
538.050000,9.9959515596e-04,2.5640383260e-06
538.100000,9.9914767399e-04,-3.8878270394e-06
538.150000,1.0008172137e-03,6.4821547174e-06
538.200000,9.9833401469e-04,1.9667393177e-06
538.250000,9.9987918098e-04,-8.0348309288e-07
538.300000,9.9941006538e-04,-7.2843996499e-06
538.350000,1.0012055027e-03,1.0111353279e-05
538.400000,1.0017931448e-03,3.8101739002e-06
538.450000,1.0003442500e-03,1.0788005854e-05
538.500000,1.0015544732e-03,6.3636782437e-06
538.550000,9.9819099109e-04,-8.8870205041e-07
538.600000,1.0015668055e-03,1.6421788992e-05
538.650000,1.0017321386e-03,-9.4404799856e-06
538.700000,1.0012437473e-03,2.1511020824e-06
538.750000,9.9686310832e-04,-6.1702680140e-06
538.800000,9.9956626949e-04,3.1344222768e-06
538.850000,1.0007142957e-03,1.8572702424e-05
538.900000,1.0018043852e-03,4.1114105996e-06
538.950000,9.9948000382e-04,2.5401570722e-06
539.000000,1.0009176161e-03,1.6460278545e-05
539.050000,1.0000714166e-03,-4.6678017121e-06
539.100000,9.9865700010e-04,2.5134109678e-06
539.150000,9.9914582471e-04,-1.7829271320e-05
539.200000,1.0028558386e-03,-1.4321446648e-05
539.250000,9.9949155259e-04,1.7569566903e-05
539.300000,9.9979164142e-04,1.1384216600e-05
539.350000,1.0013028492e-03,-3.7201891924e-06
539.400000,9.9976789216e-04,1.4978648007e-05
539.450000,1.0009349711e-03,6.4530342098e-06
539.500000,1.0002701600e-03,-5.7806374792e-06
539.550000,1.0001985752e-03,1.0874935613e-05
539.600000,9.9970945092e-04,-2.5350921208e-06
539.650000,9.9987898212e-04,1.1438421812e-05
539.700000,1.0009997273e-03,3.7847872907e-06
539.750000,9.9922353143e-04,-1.6968084273e-05
539.800000,1.0010457212e-03,6.0910861392e-06
539.850000,1.0005653628e-03,-6.3432722389e-06
539.900000,9.9984782554e-04,-7.6543461479e-06
539.950000,1.0014671505e-03,7.2751233221e-07
540.000000,1.0006967128e-03,-1.5010348281e-05
540.050000,1.0008526037e-03,6.1280735407e-06
540.100000,1.0012519494e-03,-3.4049937529e-06
540.150000,1.0007898661e-03,1.0947833544e-06
540.200000,1.0007696863e-03,5.6603385850e-06
540.250000,9.9888058807e-04,3.4458985098e-07
540.300000,1.0008427592e-03,-1.4484922765e-05
540.350000,1.0001790857e-03,-1.3681562052e-05
540.400000,9.9999736110e-04,3.4841755357e-06
540.450000,9.9986889875e-04,-2.8162831225e-06
540.500000,9.9965450451e-04,1.3221851260e-07
540.550000,1.0007074569e-03,-5.9040285689e-06
540.600000,1.0017573222e-03,-1.6550768866e-05
540.650000,9.9885219883e-04,2.1503428635e-06
540.700000,9.9971549475e-04,2.7621816844e-06
540.750000,9.9926878234e-04,-5.6406644932e-06
540.800000,9.9968959711e-04,-1.0129783424e-05
540.850000,9.9879925875e-04,2.8391859408e-06
540.900000,9.9939628999e-04,7.9665595139e-06
540.950000,9.9975598684e-04,-1.7648258917e-06
541.000000,1.0018203810e-03,4.2791038499e-06
541.050000,9.9851183156e-04,3.7007338232e-06
541.100000,9.9973923652e-04,1.5804992382e-07
541.150000,9.9978193163e-04,7.8230831282e-06
541.200000,1.0002153227e-03,-5.8538297225e-06
541.250000,1.0000577473e-03,-1.0097072643e-05
541.300000,9.9943644464e-04,-5.6465440686e-07
541.350000,1.0000243124e-03,-7.8167174803e-06
541.400000,1.0001558775e-03,-1.4834376011e-05
541.450000,1.0003688284e-03,-7.2369253726e-06
541.500000,1.0024992084e-03,-3.5358779561e-06
541.550000,1.0004992260e-03,1.0298666705e-05
541.600000,9.9965171286e-04,5.8064089448e-06
541.650000,9.9892209127e-04,-1.4094112741e-05
541.700000,1.0016392497e-03,-1.1839313839e-05
541.750000,1.0000103904e-03,1.8840844156e-05
541.800000,9.9999722207e-04,-9.4165545538e-06
541.850000,9.9961056160e-04,-5.1067901467e-06
541.900000,9.9985551009e-04,-4.2090615036e-06
541.950000,9.9903661036e-04,-1.1425402957e-05
542.000000,1.0003479689e-03,1.6973094105e-05
542.050000,9.9787933334e-04,2.4430385111e-05
542.100000,9.9952566539e-04,3.7685908573e-06
542.150000,1.0003731959e-03,-4.1504211200e-06
542.200000,9.9846015285e-04,1.6424580183e-05
542.250000,1.0015523934e-03,1.0264558450e-06
542.300000,9.9907575047e-04,7.4592703864e-06
542.350000,9.9959591179e-04,1.0236796107e-05
542.400000,9.9994402774e-04,1.5091852814e-05
542.450000,1.0008620544e-03,-1.4989420485e-05
542.500000,9.9894996233e-04,5.5465484002e-06
542.550000,9.9880046487e-04,-1.9529376237e-06
542.600000,9.9978230165e-04,6.4615563997e-06
542.650000,1.0011165014e-03,-7.7492539227e-06
542.700000,1.0012396622e-03,3.4970273354e-06
542.750000,1.0008549756e-03,-3.6091313765e-06
542.800000,9.9911379429e-04,9.8119698765e-06
542.850000,1.0001257055e-03,-1.1853243813e-05
542.900000,9.9897780219e-04,-4.0255580684e-06
542.950000,9.9911129771e-04,-1.8328520882e-06
543.000000,1.0004207892e-03,9.9513207944e-06
543.050000,1.0001987126e-03,8.4012519753e-06
543.100000,9.9862159898e-04,2.1227573393e-07
543.150000,1.0014050648e-03,-6.7771418887e-06
543.200000,9.9956451995e-04,-1.0447381241e-05
543.250000,1.0004643521e-03,-7.5967825589e-06
543.300000,9.9799164318e-04,1.5143663459e-05
543.350000,9.9901991984e-04,-4.6770434919e-06
543.400000,9.9983464908e-04,-2.4060070791e-05
543.450000,9.9830405075e-04,-9.5080826566e-06
543.500000,1.0001089834e-03,8.2683100760e-06
543.550000,1.0012175521e-03,-1.6896672371e-05
543.600000,1.0017521842e-03,9.6567821528e-06
543.650000,1.0005702056e-03,-9.3683631718e-06
543.700000,9.9938122154e-04,1.4569198427e-05
543.750000,1.0005647996e-03,-4.7993239043e-06
543.800000,1.0014319369e-03,1.3716685116e-06
543.850000,9.9795390027e-04,2.2152545771e-06
543.900000,1.0011093560e-03,9.2756212359e-06
543.950000,9.9906505528e-04,-1.3872041398e-05
544.000000,1.0009439876e-03,-5.8287081719e-06
544.050000,9.9958144452e-04,-1.4102303658e-05
544.100000,1.0003931391e-03,8.6957337203e-06
544.150000,1.0001299485e-03,1.2705979388e-05
544.200000,9.9992421997e-04,-1.5488624514e-05
544.250000,1.0009627637e-03,-4.9680398776e-06
544.300000,9.9956528862e-04,1.1224462044e-05
544.350000,9.9918968265e-04,6.5416558223e-06
544.400000,1.0013601996e-03,6.7468255959e-07
544.450000,9.9849964019e-04,9.0921493521e-06
544.500000,1.0012139682e-03,8.5273601944e-07
544.550000,9.9763340318e-04,-6.4770978318e-06
544.600000,1.0016713500e-03,-6.0503376798e-06
544.650000,1.0000264287e-03,4.3821093247e-06
544.700000,1.0025329257e-03,-2.6841791079e-05
544.750000,1.0003432172e-03,2.4960933551e-05
544.800000,9.9905449747e-04,8.8067058570e-06
544.850000,9.9834078449e-04,1.2002595800e-05
544.900000,9.9957153467e-04,1.8010527649e-05
544.950000,9.9853665785e-04,-4.7742515364e-06
545.000000,9.9879102463e-04,1.0949304199e-05
545.050000,1.0007211434e-03,-4.0894852139e-06
545.100000,9.9991774763e-04,9.3920737412e-08
545.150000,1.0007420653e-03,-1.6493457400e-05
545.200000,1.0005475935e-03,-4.6578637116e-06
545.250000,9.9944775672e-04,-4.7298850962e-06
545.300000,1.0010709507e-03,-9.0654058161e-06
545.350000,9.9901134240e-04,-5.8082140375e-06
545.400000,9.9923636006e-04,-8.7604994323e-06
545.450000,1.0007676318e-03,-1.3078952185e-05
545.500000,1.0010146828e-03,-1.1173912912e-05
545.550000,1.0016920854e-03,-6.8826855529e-06
545.600000,1.0005308099e-03,9.2041274391e-07
545.650000,1.0022828584e-03,9.1620282242e-06
545.700000,9.9978909997e-04,7.2068101927e-06
545.750000,1.0016270606e-03,2.0000268836e-06
545.800000,1.0001126236e-03,1.6799777459e-05
545.850000,9.9953037391e-04,-1.8023493272e-07
545.900000,9.9946195917e-04,9.4097978174e-06
545.950000,9.9996573315e-04,1.8219631178e-05
546.000000,9.9878904093e-04,9.4520481885e-06
546.050000,9.9807340233e-04,-1.2626577791e-06
546.100000,9.9842865848e-04,3.8155382848e-06
546.150000,1.0003971945e-03,-3.6961101990e-06
546.200000,1.0001760016e-03,1.2103504433e-05
546.250000,1.0005497352e-03,-1.5731204168e-05
546.300000,9.9910456364e-04,2.9860170393e-06
546.350000,9.9950689817e-04,9.2782737334e-06
546.400000,9.9921823018e-04,-5.6203386800e-06
546.450000,1.0010199639e-03,-1.9878221563e-06
546.500000,9.9910668602e-04,-1.4122789511e-05
546.550000,9.9936188386e-04,6.4379187636e-06
546.600000,1.0010419598e-03,-2.9334458191e-06
546.650000,1.0002289395e-03,1.7332685623e-06
546.700000,9.9889512328e-04,-1.0251734241e-05
546.750000,9.9882678051e-04,-4.9215798395e-06
546.800000,1.0004343364e-03,7.2554995691e-06
546.850000,9.9856074585e-04,-3.4443374263e-06
546.900000,9.9974523657e-04,-6.3096439349e-06
546.950000,1.0000528312e-03,5.5721073887e-06
547.000000,9.9968320345e-04,2.2152695140e-06
547.050000,9.9997834313e-04,1.0383794224e-05
547.100000,9.9903279892e-04,-1.1306703531e-05
547.150000,1.0008531052e-03,2.7858491254e-06
547.200000,9.9891464650e-04,1.1048300102e-06
547.250000,1.0000899218e-03,5.1229259144e-06
547.300000,9.9985584470e-04,-1.7683332972e-05
547.350000,9.9873243189e-04,3.4115078921e-06
547.400000,9.9875886440e-04,4.1894333314e-06
547.450000,9.9853952936e-04,6.2579385730e-06
547.500000,1.0014983542e-03,6.6467164906e-06
547.550000,9.9964403452e-04,1.3919515011e-05
547.600000,9.9988942834e-04,7.7641572608e-06
547.650000,9.9942118518e-04,-1.1087519796e-06
547.700000,9.9997928399e-04,-5.4710447863e-06
547.750000,9.9996360435e-04,-2.0919381548e-06
547.800000,1.0004958638e-03,1.0734254304e-06
547.850000,9.9898400541e-04,6.8209837309e-06
547.900000,1.0010299370e-03,2.6074767016e-06
547.950000,1.0004262159e-03,-1.3361991796e-05
548.000000,1.0013261284e-03,5.4140636331e-06
548.050000,1.0012314544e-03,-1.8997681464e-05
548.100000,1.0004196241e-03,-2.2801383046e-06
548.150000,1.0012602971e-03,-5.0105331171e-06
548.200000,9.9832112278e-04,2.0485156356e-05
548.250000,9.9845369368e-04,-1.0496046992e-05
548.300000,9.9961142635e-04,9.4667568581e-06
548.350000,9.9982107096e-04,2.0348162775e-06
548.400000,9.9930184702e-04,-1.7012412332e-05
548.450000,1.0006353253e-03,9.9771209249e-06
548.500000,1.0008674748e-03,-3.8535340637e-06
548.550000,9.9947670893e-04,-3.9701985491e-06
548.600000,1.0003248379e-03,-1.8466274567e-06
548.650000,1.0001123872e-03,-4.9527921943e-06
548.700000,9.9817733606e-04,1.8408367877e-06
548.750000,1.0002216549e-03,9.3563228603e-06
548.800000,1.0001786327e-03,1.7729557574e-05
548.850000,9.9893318922e-04,2.1713273586e-06
548.900000,9.9860927468e-04,-1.1874148206e-05
548.950000,9.9887767122e-04,1.1264386217e-06
549.000000,9.9863903952e-04,-4.9577183354e-06
549.050000,1.0009099290e-03,8.0690228643e-06
549.100000,1.0006707172e-03,-1.5582340540e-06
549.150000,9.9978505447e-04,1.9821501027e-05
549.200000,9.9891258993e-04,-1.2587103107e-05
549.250000,1.0005754248e-03,8.5488040055e-06
549.300000,1.0001511695e-03,-1.5912056404e-05
549.350000,1.0006440156e-03,-8.8019163334e-06
549.400000,1.0009619538e-03,2.3419369131e-06
549.450000,1.0017639741e-03,-1.8195266437e-06
549.500000,9.9972389915e-04,-5.7545248463e-06
549.550000,1.0014040022e-03,8.7080517286e-06
549.600000,1.0000248901e-03,7.0362946962e-06
549.650000,9.9876630048e-04,8.1698608234e-06
549.700000,1.0006083432e-03,-6.2420665399e-06
549.750000,9.9802766290e-04,1.7077458321e-05
549.800000,9.9997052020e-04,-7.3152648541e-06
549.850000,1.0005216141e-03,-1.8013168108e-05
549.900000,1.0002998483e-03,-9.7859917867e-06
549.950000,9.9948907104e-04,2.6624823956e-07
550.000000,9.9826018344e-04,-1.0159726199e-05
550.050000,1.0011893018e-03,-3.5003768576e-06
550.100000,1.0009736331e-03,-9.9008039781e-06
550.150000,9.9992314485e-04,-4.6096373814e-06
550.200000,1.0004125936e-03,1.3814758339e-05
550.250000,9.9939311239e-04,-1.6243441069e-05
550.300000,1.0004651313e-03,4.7206434599e-06
550.350000,9.9986631115e-04,3.8754862030e-06
550.400000,9.9832032329e-04,2.6137350423e-05
550.450000,9.9913703711e-04,5.7429068682e-06
550.500000,9.9843702160e-04,1.2651831565e-05
550.550000,1.0000422102e-03,1.2503497716e-05
550.600000,9.9997731270e-04,3.9089871168e-06
550.650000,1.0009039898e-03,-5.8829821126e-06
550.700000,9.9967804047e-04,-8.6355604251e-06
550.750000,9.9907821789e-04,-4.9989070074e-06
550.800000,1.0013940766e-03,-5.8315122095e-07
550.850000,1.0007840723e-03,-1.5204541069e-06
550.900000,1.0015227864e-03,8.7466908262e-06
550.950000,1.0007875951e-03,4.9661749908e-06
551.000000,9.9926214138e-04,-9.8347004974e-06
551.050000,1.0003540242e-03,-7.2823002940e-06
551.100000,9.9991425963e-04,9.8907213921e-06
551.150000,9.9842376348e-04,-1.4244734936e-05
551.200000,9.9937496187e-04,-6.8505356867e-06
551.250000,9.9899979229e-04,-1.1818663388e-05
551.300000,9.9874139401e-04,1.0771442934e-05
551.350000,9.9952671152e-04,-2.3924083290e-06
551.400000,1.0010375207e-03,1.0564293633e-05
551.450000,9.9913845830e-04,-1.3848748549e-05
551.500000,1.0000191086e-03,1.0700382047e-05
551.550000,1.0004069584e-03,1.1188877648e-05
551.600000,1.0010295008e-03,-1.6827886979e-07
551.650000,9.9872520613e-04,1.2552457551e-05
551.700000,9.9920548198e-04,4.7679130994e-06
551.750000,1.0004694800e-03,-5.6896723006e-06
551.800000,9.9943807187e-04,2.6841017151e-06
551.850000,1.0003339626e-03,4.7391023180e-06
551.900000,9.9891975768e-04,4.1507670356e-06
551.950000,9.9988803740e-04,1.9764569511e-06
552.000000,1.0005050957e-03,9.5221011264e-06
552.050000,9.9967144152e-04,-2.4711081168e-06
552.100000,9.9862951489e-04,-6.2815118429e-06
552.150000,1.0002488473e-03,9.5280852984e-07
552.200000,9.9808080801e-04,-1.0481213656e-05
552.250000,1.0008497068e-03,1.1329339867e-05
552.300000,9.9849736298e-04,-6.2435135976e-06
552.350000,1.0005423732e-03,-1.0812416776e-05
552.400000,1.0006038908e-03,-2.1346383400e-07
552.450000,1.0020320500e-03,-1.4017823799e-05
552.500000,9.9830834860e-04,-7.4292556889e-06
552.550000,9.9965692485e-04,4.2078639485e-06
552.600000,9.9937671507e-04,1.6495783435e-06
552.650000,1.0001901367e-03,1.6065532428e-05
552.700000,1.0002177518e-03,5.6652379836e-06
552.750000,9.9919711929e-04,-6.4028560334e-06
552.800000,1.0003823785e-03,1.5616003892e-05
552.850000,1.0004260534e-03,2.5013146190e-06
552.900000,1.0001045901e-03,1.6767557199e-05
552.950000,1.0003369812e-03,-5.4405238159e-06
553.000000,9.9969486093e-04,1.1985703640e-05
553.050000,9.9921215840e-04,-7.9512674339e-07
553.100000,9.9967967321e-04,-2.7395321357e-06
553.150000,9.9985192877e-04,-2.6376209494e-06
553.200000,1.0018724126e-03,-1.4119491310e-06
553.250000,1.0004406810e-03,-2.0210066871e-06
553.300000,9.9893952061e-04,3.4930827684e-06
553.350000,9.9925411920e-04,3.9290178757e-06
553.400000,9.9873820371e-04,1.4253990607e-05
553.450000,1.0007276345e-03,-1.6975544455e-05
553.500000,1.0003263768e-03,-7.5271923948e-06
553.550000,9.9988971130e-04,-1.2692319611e-05
553.600000,1.0009515284e-03,5.1746914798e-06
553.650000,1.0010256722e-03,-1.2912116847e-06
553.700000,9.9946908063e-04,5.4537958641e-06
553.750000,9.9922115121e-04,-3.9956668903e-06
553.800000,9.9911198618e-04,-6.9361922872e-06
553.850000,9.9836447720e-04,-1.0927408290e-05
553.900000,1.0001169404e-03,1.8507788246e-05
553.950000,9.9997396705e-04,-5.5800974418e-06
554.000000,9.9970646520e-04,-4.7328628783e-06
554.050000,9.9886841077e-04,1.0970679965e-07
554.100000,1.0013950174e-03,-1.1069683224e-05
554.150000,9.9955528636e-04,1.6575726195e-06
554.200000,1.0012594031e-03,-6.6788085376e-06
554.250000,1.0006650857e-03,9.8550422861e-06
554.300000,1.0005727853e-03,-1.3102511623e-05
554.350000,9.9897938439e-04,1.1058259347e-05
554.400000,9.9822993822e-04,5.6970907962e-06
554.450000,1.0001158009e-03,-8.2093923055e-06
554.500000,1.0005478914e-03,-1.1709557685e-06
554.550000,9.9947084665e-04,2.2586633557e-06
554.600000,1.0005089887e-03,6.1524488995e-06
554.650000,1.0007430248e-03,9.2207229050e-06
554.700000,1.0016783510e-03,9.9699426851e-06
554.750000,1.0007164756e-03,7.2513390410e-07
554.800000,9.9911993495e-04,-1.6076548335e-05
554.850000,9.9938539890e-04,1.5859906458e-07
554.900000,1.0024721344e-03,1.2677870985e-05
554.950000,1.0004895227e-03,1.3107472510e-05
555.000000,1.0000909249e-03,-1.5872670585e-06
555.050000,9.9976216913e-04,3.9820070848e-06
555.100000,1.0012087975e-03,5.4781258472e-06
555.150000,9.9915808025e-04,8.2325837195e-06
555.200000,9.9893460437e-04,4.9462810709e-06
555.250000,9.9938739160e-04,1.2041229977e-05
555.300000,1.0003127329e-03,5.2976201135e-06
555.350000,9.9932068662e-04,-7.0740746993e-06
555.400000,1.0002425384e-03,-6.2929837053e-06
555.450000,9.9899684264e-04,4.5413234470e-06
555.500000,1.0007000115e-03,5.5383592763e-06
555.550000,9.9969146224e-04,-2.1512130375e-06
555.600000,9.9981741095e-04,9.0768073445e-06
555.650000,1.0003978911e-03,-5.1700625159e-06
555.700000,1.0015673920e-03,-4.8271354913e-06
555.750000,1.0000024674e-03,-1.2102343526e-05
555.800000,1.0014493419e-03,-1.8394831386e-05
555.850000,1.0005012021e-03,7.8293199278e-06
555.900000,9.9909333883e-04,-1.1215137759e-05
555.950000,1.0005803959e-03,1.4172156526e-05
556.000000,1.0003324566e-03,9.3862808573e-06
556.050000,1.0009113556e-03,-3.9161348153e-07
556.100000,9.9958297075e-04,1.2379394946e-05
556.150000,9.9996324985e-04,2.0359513123e-05
556.200000,9.9979919849e-04,3.3229539133e-06
556.250000,9.9981588295e-04,1.2507995150e-05
556.300000,1.0018697014e-03,-4.3525206202e-06
556.350000,1.0009723509e-03,-8.3522094229e-07
556.400000,1.0005602430e-03,7.9771209122e-06
556.450000,9.9987311434e-04,-9.3852823184e-06
556.500000,9.9933215334e-04,4.6383063780e-06
556.550000,9.9998143393e-04,1.6188348678e-05
556.600000,9.9956463357e-04,3.6639874079e-06
556.650000,1.0010436896e-03,-1.2819913888e-05
556.700000,1.0015773481e-03,1.7764567762e-05
556.750000,1.0003159350e-03,-1.0756398741e-05
556.800000,9.9999145729e-04,-6.0198805489e-06
556.850000,9.9957373557e-04,-1.2632609265e-06
556.900000,9.9924006819e-04,-1.5501503734e-05
556.950000,9.9929127571e-04,-3.0618269757e-06
557.000000,9.9922457257e-04,-1.1762241003e-05
557.050000,1.0003353786e-03,-1.7384114836e-06
557.100000,9.9923971509e-04,-9.3898535573e-06
557.150000,9.9917808143e-04,-1.0100615519e-05
557.200000,1.0028037258e-03,-5.0923322536e-06
557.250000,1.0003458116e-03,9.8319859412e-06
557.300000,1.0011098971e-03,1.6869298157e-05
557.350000,1.0011755937e-03,7.4857594441e-06
557.400000,9.9920048648e-04,-3.0632551289e-06
557.450000,9.9925818404e-04,8.5047881301e-06
557.500000,9.9982467306e-04,-1.5125076527e-05
557.550000,9.9802175124e-04,-1.0134800939e-05
557.600000,1.0006789349e-03,3.2831006165e-06
557.650000,1.0003974075e-03,-4.2923261718e-06
557.700000,9.9978172737e-04,6.5106153617e-06
557.750000,9.9861560713e-04,1.7383272615e-06
557.800000,9.9921859899e-04,-7.0558650676e-07
557.850000,9.9828511560e-04,6.1909450133e-06
557.900000,9.9987504318e-04,2.1615639045e-06
557.950000,1.0000432973e-03,4.6549749991e-06
558.000000,1.0002211058e-03,2.1633112760e-07
558.050000,1.0006018918e-03,-8.7783344317e-06
558.100000,1.0005493476e-03,1.1546910652e-05
558.150000,9.9969798858e-04,7.5742177349e-07
558.200000,9.9893739717e-04,-9.4826871494e-06
558.250000,9.9965723785e-04,-1.5877940936e-07
558.300000,1.0016075745e-03,-9.6126118286e-06
558.350000,9.9921229004e-04,1.6399661744e-05
558.400000,9.9912845493e-04,-6.6690080627e-06
558.450000,9.9858142114e-04,1.2189261129e-05
558.500000,9.9903887902e-04,5.1650746201e-06
558.550000,1.0000910258e-03,-4.1982479628e-06
558.600000,1.0006541130e-03,-7.4698572352e-06
558.650000,9.9957217496e-04,-1.2923411300e-05
558.700000,9.9845730583e-04,-1.7883341113e-05
558.750000,1.0000769592e-03,3.7991771266e-06
558.800000,1.0003271027e-03,-6.2180745776e-06
558.850000,9.9936375129e-04,1.1122738094e-05
558.900000,9.9965546669e-04,-7.4544782520e-06
558.950000,9.9949447322e-04,-9.6956171785e-06
559.000000,1.0007902644e-03,-5.1395739428e-06
559.050000,1.0016320336e-03,-3.1111826832e-06
559.100000,9.9993068490e-04,-6.1208249819e-06
559.150000,1.0001196270e-03,2.1648788034e-05
559.200000,1.0016900555e-03,-5.3072611895e-08
559.250000,1.0001956656e-03,8.4230552660e-06
559.300000,9.9829330288e-04,-9.9943727109e-06
559.350000,9.9910202871e-04,-9.1807859915e-06
559.400000,1.0006047664e-03,6.3890858881e-07
559.450000,1.0002219917e-03,-4.2863715332e-06
559.500000,9.9948022598e-04,-4.9757492110e-06
559.550000,1.0004026681e-03,-1.0028797883e-05
559.600000,9.9974253472e-04,-6.6779071426e-06
559.650000,1.0007725987e-03,-5.1767591612e-06
559.700000,9.9968589577e-04,-4.4035935312e-06
559.750000,9.9992827406e-04,1.0991361456e-05
559.800000,1.0011966907e-03,-7.8096289854e-06
559.850000,9.9952259952e-04,1.5919857045e-05
559.900000,1.0008715732e-03,6.4989315409e-06
559.950000,1.0016668814e-03,-7.3409451317e-06
560.000000,1.0007111704e-03,-2.1560697197e-05
560.050000,1.0003571686e-03,-8.0182234992e-08
560.100000,1.0011014249e-03,1.1412934904e-05
560.150000,1.0010605459e-03,-1.2032135722e-05
560.200000,1.0010172117e-03,-9.2819446756e-06
560.250000,9.9968209931e-04,-4.7223450751e-06
560.300000,1.0008173323e-03,-1.1024624343e-06
560.350000,9.9868257649e-04,-4.5770923284e-08
560.400000,9.9741788711e-04,6.4461244982e-06
560.450000,1.0006414420e-03,3.7558484150e-06
560.500000,9.9889893168e-04,9.3678875893e-06
560.550000,1.0004894192e-03,3.0402890063e-06
560.600000,1.0008934546e-03,2.0734864307e-05
560.650000,9.9899889438e-04,1.3177867777e-05
560.700000,9.9888432416e-04,-4.0346744797e-06
560.750000,9.9986791978e-04,1.6890472466e-05
560.800000,1.0000860807e-03,1.1466238961e-05
560.850000,1.0001968965e-03,-1.2852853246e-05
560.900000,1.0003497619e-03,1.9858357983e-05
560.950000,9.9999985424e-04,-6.0045500436e-06
561.000000,9.9843402256e-04,2.9015809256e-06
561.050000,9.9903193937e-04,-1.2289310220e-05
561.100000,9.9924813418e-04,3.3122627198e-07
561.150000,1.0004047022e-03,-2.7445264767e-06
561.200000,9.9836240488e-04,-4.3890990666e-06
561.250000,1.0002216604e-03,-2.5678965880e-05
561.300000,1.0003266204e-03,-8.8087322582e-06
561.350000,1.0004179745e-03,3.8070659856e-06
561.400000,9.9876531293e-04,1.4775663974e-05
561.450000,1.0005181586e-03,-5.1018866779e-06
561.500000,9.9861200035e-04,-1.3479100347e-05
561.550000,1.0006648292e-03,-6.9619095720e-06
561.600000,1.0010254301e-03,-6.8214879974e-06
561.650000,1.0016902303e-03,7.4074073598e-06
561.700000,1.0001040453e-03,-8.0987725135e-06
561.750000,1.0007079928e-03,1.0547573281e-05
561.800000,1.0005605847e-03,-8.0905542947e-06
561.850000,1.0031062082e-03,-4.0132588768e-06
561.900000,9.9994140537e-04,6.8356221660e-06
561.950000,9.9896049030e-04,-1.7071062711e-05
562.000000,9.9786854897e-04,-1.2389211764e-05
562.050000,9.9940490391e-04,1.5718393611e-05
562.100000,1.0025826818e-03,5.1358128698e-06
562.150000,9.9974711979e-04,2.3735814161e-05
562.200000,9.9999924309e-04,-1.5162968345e-05
562.250000,9.9964280511e-04,-2.3216616435e-06
562.300000,9.9908905465e-04,5.4678903417e-06
562.350000,9.9868228728e-04,-5.9031840035e-06
562.400000,1.0000750756e-03,-7.7488725679e-06
562.450000,1.0004617397e-03,-1.8067897983e-06
562.500000,1.0006069075e-03,1.4738749038e-05
562.550000,1.0001523637e-03,2.2003453330e-05
562.600000,9.9906132746e-04,1.3309162565e-05
562.650000,1.0020302690e-03,-2.5882495867e-06
562.700000,1.0001205710e-03,-1.2248772299e-06
562.750000,1.0014208864e-03,-4.0087029194e-06
562.800000,9.9946927428e-04,-2.2920171003e-06
562.850000,9.9916776000e-04,6.5035815751e-06
562.900000,9.9997885130e-04,-8.6766012717e-06
562.950000,1.0000782560e-03,-1.1608839473e-06
563.000000,9.9932300251e-04,-9.2009198834e-06
563.050000,9.9943176641e-04,-9.9823378217e-06
563.100000,1.0007383309e-03,1.9409813256e-05
563.150000,9.9903628005e-04,4.7517210295e-06
563.200000,9.9909340557e-04,1.5841914944e-05
563.250000,9.9925544348e-04,4.1209753722e-06
563.300000,1.0000858050e-03,6.7159353297e-06
563.350000,1.0009770874e-03,-8.3398867964e-06
563.400000,9.9904721164e-04,1.1900657685e-05
563.450000,1.0006555985e-03,1.6074223008e-05
563.500000,9.9926548744e-04,1.2221240137e-05
563.550000,9.9913763248e-04,2.3688663102e-06
563.600000,1.0008583030e-03,-1.6500702256e-05
563.650000,9.9913549769e-04,-1.0125245419e-05
563.700000,9.9944545870e-04,-2.2709554871e-06
563.750000,9.9815586860e-04,1.0222049024e-05
563.800000,1.0007145011e-03,-3.8940130982e-06
563.850000,1.0000647116e-03,1.8001290923e-05
563.900000,1.0003939268e-03,-7.0687122331e-06
563.950000,9.9973620823e-04,-2.4224247686e-06
564.000000,9.9997867491e-04,6.5994787076e-06
564.050000,1.0028910072e-03,-9.2830062028e-06
564.100000,9.9994464311e-04,2.2112363845e-06
564.150000,1.0006156177e-03,-9.5253388224e-06
564.200000,1.0001302647e-03,-6.7252437956e-06
564.250000,1.0005273714e-03,2.5424942172e-06
564.300000,9.9840304195e-04,1.1506482484e-05
564.350000,1.0008532742e-03,3.8774239109e-06
564.400000,1.0006572777e-03,5.3915408953e-06
564.450000,9.9957309764e-04,-6.8700090620e-06
564.500000,9.9792270183e-04,-8.6717545139e-06
564.550000,9.9987542954e-04,6.1205966879e-06
564.600000,1.0016775144e-03,4.5731518537e-06
564.650000,1.0003225746e-03,-7.0780970870e-06
564.700000,9.9955765761e-04,1.3861644720e-05
564.750000,9.9798593610e-04,3.0470071874e-06
564.800000,1.0015043997e-03,-6.9549817090e-06
564.850000,1.0001134380e-03,9.0755342366e-06
564.900000,9.9932060343e-04,-1.8027404957e-05
564.950000,9.9906601574e-04,3.9506127955e-06
565.000000,1.0001051453e-03,1.8131783501e-07
565.050000,1.0002360497e-03,-3.1788514781e-06
565.100000,1.0000297321e-03,-6.6521897363e-06
565.150000,1.0002348608e-03,-1.5684126118e-05
565.200000,9.9948486687e-04,-1.4794994744e-05
565.250000,9.9937216660e-04,-9.2054734873e-06
565.300000,9.9924960766e-04,-2.9738833821e-06
565.350000,1.0006559760e-03,1.7507639266e-05
565.400000,9.9844471506e-04,9.8081882658e-06
565.450000,1.0004409248e-03,-1.6108291368e-05
565.500000,9.9930178979e-04,3.8986865139e-06
565.550000,9.9969007984e-04,7.6572623911e-06
565.600000,9.9817916670e-04,6.1871393217e-06
565.650000,1.0003497515e-03,-8.6683057846e-06
565.700000,9.9885278276e-04,1.7015002148e-07
565.750000,1.0009399777e-03,8.1167831199e-06
565.800000,9.9955427803e-04,8.2584760493e-06
565.850000,9.9953576698e-04,2.7905312766e-06
565.900000,1.0002409810e-03,1.0747441475e-05
565.950000,9.9939954794e-04,5.6756839400e-06
566.000000,9.9961077274e-04,-1.3308775725e-05
566.050000,9.9959665838e-04,-2.4855686587e-05
566.100000,9.9993995311e-04,7.1004120627e-06
566.150000,1.0007809113e-03,2.6262769993e-06
566.200000,1.0005377274e-03,7.0970485154e-06
566.250000,1.0000225271e-03,-3.0627171269e-06
566.300000,1.0000164268e-03,3.1961692028e-06
566.350000,9.9976166256e-04,-3.1013032896e-06
566.400000,1.0011282619e-03,-4.4418173156e-06
566.450000,9.9975354149e-04,-1.4862885938e-05
566.500000,1.0020297433e-03,-2.7625396570e-06
566.550000,9.9889654860e-04,-7.6117295556e-06
566.600000,9.9948122532e-04,-5.2666639562e-06
566.650000,1.0010476251e-03,4.6153076281e-06
566.700000,9.9972806308e-04,2.4985476942e-06
566.750000,1.0001038787e-03,-1.5622751020e-06
566.800000,9.9806291796e-04,8.9057425106e-06
566.850000,1.0013798804e-03,5.6527452341e-06
566.900000,1.0002978795e-03,-8.7803098801e-06
566.950000,9.9716244800e-04,8.9334586549e-06
567.000000,9.9911444762e-04,-4.3932175303e-06
567.050000,9.9921026804e-04,-1.5616977905e-05
567.100000,9.9962185401e-04,-2.5118529873e-05
567.150000,9.9964456326e-04,-8.5304998332e-06
567.200000,9.9858403138e-04,1.0772290523e-05
567.250000,1.0008891061e-03,7.0083108639e-06
567.300000,1.0011738938e-03,8.1636709086e-06
567.350000,9.9918453702e-04,-1.8615420779e-05
567.400000,9.9971734651e-04,-1.6514686296e-05
567.450000,9.9930454844e-04,9.3359962028e-06
567.500000,1.0017005365e-03,-8.2483317182e-07
567.550000,1.0004865476e-03,-1.3073400099e-05
567.600000,9.9836754910e-04,1.9162047490e-06
567.650000,1.0008624797e-03,-4.1779612261e-06
567.700000,1.0013098790e-03,-1.5895258547e-05
567.750000,9.9770272911e-04,-7.2702754047e-06
567.800000,9.9913030279e-04,-3.3275065252e-06
567.850000,1.0010799260e-03,6.6236782686e-06
567.900000,9.9846720440e-04,-1.0878045544e-06
567.950000,9.9894801667e-04,-3.1425941375e-05
568.000000,9.9997365750e-04,-1.0104746133e-05
568.050000,1.0017936390e-03,8.7997064453e-06
568.100000,9.9951042343e-04,-8.0653890759e-06
568.150000,1.0001677131e-03,-2.0146272408e-06
568.200000,1.0004147521e-03,1.9722751377e-06
568.250000,1.0009079406e-03,-4.0929739954e-06
568.300000,9.9979969482e-04,-2.4757167330e-05
568.350000,9.9834720544e-04,-6.8333029964e-06
568.400000,9.9861840762e-04,6.3652190572e-07
568.450000,1.0001991568e-03,-2.4329834929e-05
568.500000,1.0002858000e-03,3.5217757226e-06
568.550000,9.9866153824e-04,1.1864974682e-05
568.600000,9.9931841211e-04,2.8159130559e-05
568.650000,1.0010606055e-03,-8.1021999477e-06
568.700000,1.0007620775e-03,1.4744231588e-06
568.750000,1.0015623380e-03,-9.8991897795e-06
568.800000,9.9965701444e-04,-3.0998274403e-06
568.850000,1.0002851114e-03,-3.2080138855e-06
568.900000,9.9898051837e-04,4.6031371486e-06
568.950000,1.0000278485e-03,1.0632436312e-05
569.000000,1.0003040775e-03,8.1855852560e-07
569.050000,9.9935759972e-04,-2.2614441332e-06
569.100000,9.9836524764e-04,1.7745917106e-05
569.150000,1.0000717236e-03,-1.0142836821e-06
569.200000,9.9842202136e-04,9.8625821033e-06
569.250000,1.0011076736e-03,-5.5127473165e-06
569.300000,1.0013076273e-03,-1.9118896377e-05
569.350000,9.9964724686e-04,-1.0402007507e-05
569.400000,1.0006296771e-03,9.7593476967e-06
569.450000,9.9865266330e-04,-1.9834254327e-05
569.500000,1.0008751033e-03,-4.3912252183e-06
569.550000,1.0011763573e-03,2.1361423739e-06
569.600000,9.9990822448e-04,-7.5769793974e-06
569.650000,9.9960661506e-04,-9.3180196332e-07
569.700000,1.0011456169e-03,-2.1607048861e-05
569.750000,9.9959635082e-04,7.9332046136e-06
569.800000,9.9996501830e-04,-1.4858880323e-05
569.850000,9.9852285792e-04,-2.5471735834e-06
569.900000,1.0000567689e-03,-9.9732185324e-06
569.950000,9.9970482795e-04,-1.1718648301e-05
570.000000,9.9967613040e-04,-4.6154438879e-06
570.050000,9.9992510453e-04,1.2089135327e-05
570.100000,9.9999460567e-04,-1.4291911296e-06
570.150000,1.0011879645e-03,4.9332336823e-06
570.200000,1.0000829251e-03,-1.1462706194e-05
570.250000,9.9924975573e-04,-5.6644379407e-06
570.300000,1.0001295685e-03,-1.3871693824e-05
570.350000,1.0009345584e-03,-1.5055892757e-05
570.400000,1.0019339466e-03,-1.8133252556e-06
570.450000,1.0024437464e-03,1.2760148255e-05
570.500000,9.9918022202e-04,3.3275719021e-07
570.550000,9.9908157136e-04,-7.1286426547e-06
570.600000,9.9860189429e-04,-1.4708328426e-05
570.650000,1.0001693395e-03,9.7463327415e-06
570.700000,9.9821512100e-04,-1.1754199683e-05
570.750000,9.9894111186e-04,-7.9455582591e-06
570.800000,1.0006148040e-03,2.6552133389e-06
570.850000,1.0015165554e-03,9.9133249498e-08
570.900000,1.0006112870e-03,-8.0336843372e-06
570.950000,1.0005325931e-03,-2.1613121419e-06
571.000000,9.9784785661e-04,-5.2084265729e-07
571.050000,9.9972854770e-04,6.5951969982e-06
571.100000,1.0005089726e-03,-2.2856179895e-05
571.150000,1.0009630703e-03,-6.6962544784e-06
571.200000,1.0011541726e-03,5.3208170088e-07
571.250000,9.9939032269e-04,-1.4954192047e-05
571.300000,1.0019968422e-03,8.1546596585e-06
571.350000,9.9814264793e-04,-4.2682367577e-07
571.400000,1.0003009229e-03,-1.5826188793e-05
571.450000,9.9976710133e-04,1.4394534350e-06
571.500000,1.0000059282e-03,1.8801762637e-05
571.550000,1.0006633127e-03,6.7810423902e-06
571.600000,9.9831381871e-04,2.7447219863e-06
571.650000,9.9944359417e-04,-1.7193368706e-05
571.700000,9.9897484353e-04,-2.7031427625e-06
571.750000,1.0009389399e-03,-1.6107404475e-05
571.800000,1.0000015137e-03,-3.1348644983e-06
571.850000,1.0020354767e-03,5.5236518737e-07
571.900000,9.9984428664e-04,-7.0736508221e-06
571.950000,9.9942273800e-04,6.9391576636e-06
572.000000,1.0013225813e-03,-1.0369806472e-06
572.050000,1.0021526672e-03,1.1882225300e-05
572.100000,1.0001652542e-03,1.4800801381e-05
572.150000,9.9870790241e-04,6.9747585287e-06
572.200000,1.0005550167e-03,9.3508540384e-06
572.250000,9.9875552620e-04,2.3297392766e-06
572.300000,1.0011339759e-03,-3.1308461558e-06
572.350000,9.9912351300e-04,8.4837272850e-06
572.400000,1.0001976282e-03,-4.7265783066e-06
572.450000,9.9762660877e-04,-2.7922727856e-06
572.500000,1.0014955547e-03,2.0134831402e-06
572.550000,1.0008815928e-03,-1.2472557030e-05
572.600000,9.9855720056e-04,1.2194212645e-05
572.650000,1.0011954917e-03,3.3920628600e-07
572.700000,9.9967877633e-04,7.3768976393e-06
572.750000,1.0001078636e-03,7.5580758291e-06
572.800000,1.0013644152e-03,9.6421291316e-06
572.850000,9.9751340163e-04,-1.8625613239e-05
572.900000,1.0010244190e-03,9.0491943712e-06
572.950000,1.0008419197e-03,-2.1258662930e-05
573.000000,1.0005738490e-03,2.1457414993e-05
573.050000,1.0015166689e-03,-1.0073535815e-05
573.100000,1.0004303163e-03,-2.7353959117e-06
573.150000,1.0000566064e-03,-4.9173252303e-07
573.200000,9.9926163446e-04,-1.0108061278e-05
573.250000,9.9937070754e-04,6.4119370608e-06
573.300000,1.0002107648e-03,-4.6957302871e-06
573.350000,1.0006312493e-03,-5.4468815204e-06
573.400000,1.0011411566e-03,-4.1676195016e-06
573.450000,9.9835355187e-04,-3.6546795787e-06
573.500000,1.0018987979e-03,4.6336579265e-06
573.550000,1.0017747228e-03,-7.3209525241e-06
573.600000,9.9981045168e-04,7.2301539153e-06
573.650000,9.9957395398e-04,-2.2756082265e-05
573.700000,9.9876522512e-04,-1.5611550904e-05
573.750000,1.0003430255e-03,-1.2937184964e-05
573.800000,1.0013194918e-03,-1.4593939658e-05
573.850000,1.0010909599e-03,-4.9386388955e-06
573.900000,9.9923682119e-04,1.8441203512e-05
573.950000,9.9977288503e-04,2.4154503557e-06
574.000000,9.9852781548e-04,5.8723186257e-06
574.050000,9.9994932842e-04,-3.7821803267e-06
574.100000,1.0004638731e-03,-1.6736488898e-05
574.150000,9.9962034261e-04,2.4044326925e-06
574.200000,1.0005665625e-03,-5.8459639215e-06
574.250000,1.0015483049e-03,-2.0917634293e-06
574.300000,9.9847227834e-04,4.6699874423e-06
574.350000,9.9981295382e-04,-7.2408952419e-06
574.400000,1.0001213946e-03,5.8617851938e-07
574.450000,9.9903975151e-04,7.6715602904e-06
574.500000,1.0009177326e-03,1.7496042221e-05
574.550000,1.0007131820e-03,-4.7129571114e-06
574.600000,1.0004251683e-03,1.8336460540e-05
574.650000,1.0005702540e-03,-2.6044794741e-06
574.700000,9.9926835489e-04,-2.5867541346e-06
574.750000,9.9953094787e-04,-4.0899087398e-06
574.800000,1.0000589875e-03,1.7078091342e-05
574.850000,9.9938904222e-04,-2.4425444563e-05
574.900000,1.0014035168e-03,-1.0927831349e-05
574.950000,1.0014450299e-03,3.5152521936e-06
575.000000,9.9940880726e-04,-1.1464832993e-05
575.050000,9.9954283520e-04,5.2595595206e-06
575.100000,9.9875954886e-04,-1.6227902309e-05
575.150000,9.9934744815e-04,9.4033188755e-06
575.200000,9.9992286470e-04,1.1389740680e-05
575.250000,9.9986416035e-04,-3.0832493860e-06
575.300000,9.9876706966e-04,-1.3402989578e-05
575.350000,9.9985137099e-04,8.2180279024e-06
575.400000,9.9992891424e-04,-9.1631953455e-07
575.450000,9.9899971257e-04,-2.9521330525e-06
575.500000,1.0000661178e-03,-8.1825548806e-06
575.550000,1.0018167046e-03,3.9175692474e-06
575.600000,9.9974882956e-04,-1.3393868597e-06
575.650000,1.0007273940e-03,-8.3304057886e-07
575.700000,9.9991726052e-04,1.4857781955e-05
575.750000,1.0000211649e-03,2.7834147901e-05
575.800000,9.9978323697e-04,-4.8548942652e-06
575.850000,9.9869288703e-04,-1.8025205196e-05
575.900000,1.0004806092e-03,-1.1984027941e-05
575.950000,1.0000252731e-03,-2.4329496450e-06
576.000000,9.9994387986e-04,3.3667484022e-06
576.050000,9.9752010667e-04,6.2226254668e-06
576.100000,1.0021771796e-03,3.4381899273e-06
576.150000,9.9970525869e-04,8.5035847595e-06
576.200000,1.0011368237e-03,9.9134502727e-06
576.250000,9.9822339199e-04,-1.4657216922e-05
576.300000,1.0031653678e-03,-1.1755443879e-05
576.350000,1.0008132745e-03,-1.6261060044e-05
576.400000,1.0001194221e-03,2.5392290111e-05
576.450000,1.0001615926e-03,-1.2269026101e-05
576.500000,1.0004455285e-03,-7.2329667214e-06
576.550000,9.9976479935e-04,-4.0363922171e-06
576.600000,1.0029890266e-03,1.7572650761e-05
576.650000,9.9968374948e-04,-1.9559812160e-05
576.700000,1.0002900879e-03,-1.8612625861e-05
576.750000,1.0011202784e-03,-2.2619210558e-05
576.800000,1.0010395601e-03,-8.1513168663e-06
576.850000,9.9933361481e-04,1.2653134496e-05
576.900000,1.0014883278e-03,-3.6685568125e-06
576.950000,9.9806125177e-04,5.1771733006e-06
577.000000,9.9990835905e-04,-7.8629897775e-06
577.050000,9.9859484528e-04,6.6030652113e-06
577.100000,1.0005696038e-03,6.4884977882e-06
577.150000,9.9984898387e-04,-6.6438172432e-06
577.200000,1.0018009166e-03,8.3918860166e-06
577.250000,9.9965127028e-04,1.0807778727e-05
577.300000,9.9922800943e-04,-3.8471829607e-06
577.350000,1.0005863736e-03,7.6158706408e-06
577.400000,9.9923284377e-04,-2.1470655961e-05
577.450000,1.0005281274e-03,-3.5113287394e-06
577.500000,1.0007391404e-03,-2.5505191223e-06
577.550000,9.9876666266e-04,-2.3804189615e-06
577.600000,1.0006345453e-03,-2.3661693937e-06
577.650000,9.9956579440e-04,-1.2248512280e-05
577.700000,9.9972752466e-04,-1.5611672202e-06
577.750000,1.0018159811e-03,-1.1383053697e-05
577.800000,1.0013306816e-03,-6.2067740284e-06
577.850000,1.0006608252e-03,-2.1435457138e-05
577.900000,9.9976712219e-04,-5.6008688990e-06
577.950000,9.9872645053e-04,-1.6990524881e-05
578.000000,1.0014621557e-03,-2.3975014220e-06
578.050000,1.0000073478e-03,-3.4483628058e-07
578.100000,9.9866848802e-04,4.8031597296e-06
578.150000,1.0020584545e-03,-1.7380688843e-05
578.200000,1.0001031355e-03,1.6434207734e-07
578.250000,9.9896598140e-04,1.1081048351e-05
578.300000,9.9977990736e-04,8.4246339088e-06
578.350000,1.0006311547e-03,-8.5323570478e-06
578.400000,1.0007449299e-03,-7.5646318101e-06
578.450000,9.9961100290e-04,-1.0019870484e-05
578.500000,9.9973923559e-04,1.3474516011e-05
578.550000,1.0010574650e-03,2.8947435742e-05
578.600000,9.9990255699e-04,-2.9505048068e-05
578.650000,9.9959641926e-04,9.3355374502e-06
578.700000,9.9898908348e-04,-1.5205946439e-06
578.750000,9.9984752399e-04,5.4016855209e-06
578.800000,1.0008315933e-03,1.3565183412e-05
578.850000,9.9994460536e-04,2.1011974954e-06
578.900000,9.9988228010e-04,1.5732465071e-06
578.950000,1.0004605066e-03,1.5426712806e-06
579.000000,1.0005874392e-03,1.3271359123e-05
579.050000,1.0000104863e-03,-4.6101945314e-07
579.100000,1.0000311932e-03,-6.6104758678e-07
579.150000,9.9991971197e-04,8.2988896911e-06
579.200000,9.9985284548e-04,4.0554472800e-06
579.250000,1.0011903914e-03,-1.2973281457e-05
579.300000,1.0005915702e-03,1.1864125601e-05
579.350000,9.9809417418e-04,9.8720275299e-06
579.400000,1.0010028534e-03,5.3807935915e-06
579.450000,1.0002669142e-03,1.6888686293e-05
579.500000,1.0009673179e-03,8.9527370431e-07
579.550000,1.0007885233e-03,1.7808177492e-05
579.600000,1.0011744593e-03,-6.8672429102e-06
579.650000,1.0015971572e-03,7.4788695114e-06
579.700000,1.0000202523e-03,-8.2817862300e-06
579.750000,1.0005826981e-03,-1.0433392212e-05
579.800000,9.9905133483e-04,-7.8267441985e-06
579.850000,1.0005076839e-03,8.2994147544e-06
579.900000,9.9957125486e-04,-1.0638111575e-05
579.950000,9.9982926726e-04,2.7877015281e-06
580.000000,9.9984165964e-04,6.0878550125e-06
580.050000,1.0012081553e-03,-5.0606568855e-06
580.100000,1.0003645990e-03,-7.8308640768e-06
580.150000,9.9903148721e-04,-2.7218932438e-06
580.200000,1.0000148409e-03,1.6897358505e-05
580.250000,1.0009286849e-03,7.2074542389e-06
580.300000,1.0000830275e-03,1.0042187999e-06
580.350000,1.0005023297e-03,1.2775264931e-05
580.400000,9.9857339026e-04,-9.5614004128e-06
580.450000,9.9993727893e-04,4.5849094040e-06
580.500000,1.0009427099e-03,5.0299441131e-06
580.550000,9.9956544187e-04,-1.3637168821e-05
580.600000,9.9854449633e-04,-1.5039807924e-05
580.650000,9.9881551164e-04,-6.1193128329e-06
580.700000,9.9995104799e-04,7.8678312736e-06
580.750000,1.0012597397e-03,2.8998384696e-06
580.800000,9.9865361618e-04,-1.1464279293e-05
580.850000,1.0010193269e-03,7.8854696309e-06
580.900000,9.9890824620e-04,-9.0507486897e-06
580.950000,9.9952994004e-04,2.0515122423e-05
581.000000,1.0005837063e-03,-1.8738467199e-05
581.050000,9.9813661066e-04,1.7221375116e-05
581.100000,9.9913032000e-04,-1.4807822489e-06
581.150000,1.0010153041e-03,2.3964521511e-08
581.200000,1.0003678100e-03,-2.8364000653e-06
581.250000,1.0016277435e-03,-1.2162710455e-05
581.300000,1.0011606474e-03,-3.0334374616e-05
581.350000,1.0018323606e-03,-2.8154005155e-06
581.400000,9.9819732011e-04,1.6078577693e-05
581.450000,1.0018226060e-03,-9.8054284127e-06
581.500000,1.0007138793e-03,2.1770546489e-06
581.550000,9.9923398487e-04,-5.0936541694e-06
581.600000,9.9811709118e-04,-1.3408038170e-05
581.650000,1.0004505878e-03,-8.3185878460e-07
581.700000,9.9969051302e-04,1.0798628908e-05
581.750000,1.0004183361e-03,-1.2113361157e-05
581.800000,9.9907306131e-04,2.5244547504e-06
581.850000,1.0011774384e-03,-5.1439429572e-06
581.900000,1.0008326313e-03,-2.5765110024e-06
581.950000,9.9853036477e-04,-1.1779905703e-05
582.000000,1.0013232862e-03,2.3142012361e-06
582.050000,9.9996900780e-04,1.2517261254e-06
582.100000,9.9866313327e-04,8.0375393788e-06
582.150000,9.9874395761e-04,1.0900399577e-05
582.200000,9.9909420878e-04,-1.1873583190e-05
582.250000,9.9850016339e-04,-1.3879423103e-06
582.300000,9.9974236846e-04,-9.3101526520e-06
582.350000,1.0009283380e-03,5.4363725687e-06
582.400000,1.0008112223e-03,1.8442772407e-05
582.450000,9.9968791156e-04,1.0559571541e-05
582.500000,9.9987957991e-04,-1.3560257754e-05
582.550000,1.0004897294e-03,-6.4059525954e-06
582.600000,1.0010926622e-03,2.5653693985e-07
582.650000,9.9965234285e-04,-1.1665924938e-06
582.700000,1.0006213783e-03,2.3769940505e-05
582.750000,1.0018106289e-03,-6.9912986864e-06
582.800000,9.9972571076e-04,-1.7042644237e-05
582.850000,9.9941022811e-04,-9.6207254198e-06
582.900000,9.9916516805e-04,-3.8646811630e-07
582.950000,1.0008832619e-03,-4.0355009800e-06
583.000000,1.0006560772e-03,1.3628331914e-05
583.050000,9.9947508411e-04,8.9843193284e-06
583.100000,1.0001085831e-03,-1.9062485246e-06
583.150000,9.9890494744e-04,-1.0233480899e-05
583.200000,1.0001100436e-03,-9.9290226139e-06
583.250000,9.9999369365e-04,-2.8555851289e-06
583.300000,1.0008206503e-03,4.3910991841e-06
583.350000,9.9897365441e-04,5.3802076176e-06
583.400000,1.0002592706e-03,-3.8492827140e-06
583.450000,9.9835246694e-04,-2.0352722570e-05
583.500000,9.9965913384e-04,-8.2835485086e-06
583.550000,1.0004699600e-03,-1.1597208770e-05
583.600000,9.9898012263e-04,5.1051803558e-06
583.650000,9.9864669694e-04,5.2582037601e-06
583.700000,1.0012493674e-03,2.4261462262e-06
583.750000,9.9946457375e-04,-1.0246536053e-05
583.800000,1.0008185961e-03,1.5390708039e-06
583.850000,9.9966229829e-04,-6.8724063346e-06
583.900000,1.0007925673e-03,1.0805696308e-05
583.950000,1.0005782172e-03,5.9661852693e-06
584.000000,9.9870482772e-04,6.7013688527e-07
584.050000,1.0020482615e-03,3.8048546315e-06
584.100000,1.0008221359e-03,-9.8654383590e-06
584.150000,9.9956500334e-04,-1.0091183703e-05
584.200000,1.0003430921e-03,9.6246605392e-06
584.250000,9.9969194512e-04,-3.3756275881e-06
584.300000,1.0004417757e-03,-1.0090692756e-05
584.350000,9.9963747576e-04,1.2963667736e-05
584.400000,9.9961487339e-04,-7.2402050385e-06
584.450000,1.0003440811e-03,1.3955438553e-05
584.500000,1.0002164845e-03,-2.9266342265e-07
584.550000,9.9943604267e-04,9.7507586727e-06
584.600000,9.9857926434e-04,1.5727735854e-05
584.650000,9.9985589186e-04,2.0256854922e-05
584.700000,9.9946965502e-04,-1.9214198958e-05
584.750000,1.0007046260e-03,-1.3612316813e-06
584.800000,9.9901886307e-04,-1.1869052606e-05
584.850000,9.9937453858e-04,-1.4856484784e-05
584.900000,1.0003557028e-03,-7.6354647322e-06
584.950000,1.0014877409e-03,1.2165853834e-05
585.000000,1.0005681501e-03,-8.9125883783e-07
585.050000,9.9865667252e-04,7.6566806259e-06
585.100000,1.0011905082e-03,1.0049833741e-05
585.150000,9.9992133928e-04,-4.6696764949e-06
585.200000,1.0010400595e-03,8.9184306144e-06
585.250000,1.0001188985e-03,1.0901257501e-05
585.300000,1.0006586959e-03,1.9612073377e-05
585.350000,9.9981046173e-04,2.0138305765e-05
585.400000,1.0005535180e-03,6.6146059654e-06
585.450000,9.9923201233e-04,-3.1285516070e-06
585.500000,1.0003565124e-03,4.6841273825e-06
585.550000,1.0001265787e-03,-1.4023315593e-05
585.600000,9.9969818177e-04,1.3862824485e-05
585.650000,1.0007104561e-03,-1.3277494981e-05
585.700000,9.9898978262e-04,8.6468802244e-07
585.750000,9.9944473387e-04,-3.9500948520e-06
585.800000,1.0003295102e-03,9.8367799698e-06
585.850000,1.0005968294e-03,-1.8417394267e-05
585.900000,1.0011355738e-03,-2.3379286985e-06
585.950000,9.9940937925e-04,2.2254208853e-06
586.000000,9.9947386052e-04,1.4863499754e-05
586.050000,9.9894844168e-04,1.4447518029e-06
586.100000,1.0031090536e-03,1.3774575970e-05
586.150000,9.9943862644e-04,2.9070889233e-06
586.200000,1.0001555447e-03,4.9705425086e-06
586.250000,1.0008113065e-03,6.2272033295e-06
586.300000,1.0005946873e-03,-7.8267231186e-06
586.350000,1.0012449173e-03,7.5979094962e-06
586.400000,1.0004780383e-03,-1.9651113078e-05
586.450000,9.9855204876e-04,-8.6586748286e-06
586.500000,9.9854159345e-04,-1.2914471103e-05
586.550000,9.9922484816e-04,-9.2492543414e-07
586.600000,1.0004738144e-03,-1.3645954116e-05
586.650000,1.0018753458e-03,1.0847282783e-05
586.700000,9.9952809028e-04,9.6568464924e-06
586.750000,1.0011354552e-03,-1.8160935249e-06
586.800000,1.0000924275e-03,-9.8271921007e-06
586.850000,1.0005656750e-03,2.2346449300e-06
586.900000,1.0004703134e-03,-8.6010072267e-06
586.950000,9.9983864863e-04,1.0546353362e-05
587.000000,9.9922264552e-04,1.0558166327e-05
587.050000,1.0025203331e-03,-4.2274594956e-06
587.100000,9.9932305366e-04,1.1204394136e-05
587.150000,1.0009999837e-03,-7.1504113085e-07
587.200000,9.9827401832e-04,-8.7409561574e-06
587.250000,1.0004233340e-03,-1.6841673948e-05
587.300000,1.0013131825e-03,5.6278741136e-06
587.350000,9.9841787135e-04,9.8301122691e-06
587.400000,9.9847496822e-04,-9.3076878163e-06
587.450000,9.9977674479e-04,5.6238625974e-06
587.500000,9.9948971518e-04,-1.0915427219e-05
587.550000,1.0002537532e-03,-1.7561872439e-05
587.600000,9.9900679154e-04,8.6876349218e-06
587.650000,1.0001043022e-03,-8.1404237803e-08
587.700000,9.9942562643e-04,-3.3121935738e-06
587.750000,1.0009570547e-03,-1.8844366994e-06
587.800000,9.9941875284e-04,-1.5538656223e-06
587.850000,9.9921158192e-04,1.0064400438e-05
587.900000,1.0005392915e-03,-4.7785734727e-06
587.950000,1.0005203620e-03,-8.2337191335e-06
588.000000,1.0002830585e-03,4.4224377807e-06
588.050000,9.9952710135e-04,3.2601316894e-06
588.100000,9.9987019574e-04,2.9500036923e-08
588.150000,9.9944458970e-04,-2.6613318733e-06
588.200000,1.0000609340e-03,1.6735170714e-05
588.250000,9.9953632895e-04,4.1244112513e-06
588.300000,9.9844382902e-04,1.7548559380e-05
588.350000,1.0004426172e-03,-3.6419148025e-06
588.400000,1.0009988605e-03,7.2991588048e-07
588.450000,9.9809569500e-04,-5.7165863475e-06
588.500000,1.0002701081e-03,-5.7874471512e-06
588.550000,1.0002966018e-03,-6.8127059685e-06
588.600000,1.0007436055e-03,-1.4207272653e-05
588.650000,1.0003298302e-03,-6.1162688298e-06
588.700000,9.9872347895e-04,-8.3601290113e-06
588.750000,9.9957615500e-04,5.4589221834e-06
588.800000,9.9942114194e-04,9.4773916071e-07
588.850000,1.0007077404e-03,1.5247423623e-05
588.900000,9.9916937316e-04,1.6412827225e-05
588.950000,9.9946225737e-04,-7.0611081225e-06
589.000000,1.0002383215e-03,7.7332767302e-06
589.050000,1.0011699690e-03,3.0883615415e-06
589.100000,9.9965911012e-04,-3.5345010113e-06
589.150000,9.9974326596e-04,9.8108116491e-07
589.200000,9.9926907959e-04,1.9792793202e-06
589.250000,9.9776599875e-04,3.3752957454e-06
589.300000,1.0009723983e-03,1.1982636418e-07
589.350000,9.9993902292e-04,-2.5466249427e-06
589.400000,1.0008494160e-03,1.5802575483e-06
589.450000,1.0006382991e-03,-1.9567939723e-06
589.500000,9.9958971213e-04,-2.2264549167e-05
589.550000,9.9942071754e-04,-1.0837729040e-05
589.600000,9.9893297430e-04,2.5653047154e-06
589.650000,1.0008981957e-03,1.0033359300e-05
589.700000,1.0005658913e-03,9.1755745440e-06
589.750000,9.9967368473e-04,7.4801260711e-06
589.800000,1.0007921273e-03,-6.3566285682e-06
589.850000,1.0010591341e-03,-1.0271212145e-05
589.900000,9.9970938556e-04,4.9656881680e-06
589.950000,1.0004531744e-03,-4.4498933282e-06
590.000000,9.9962503332e-04,-7.6294569980e-06
590.050000,1.0004331671e-03,-1.1017809363e-05
590.100000,9.9840383775e-04,-2.5185447508e-06
590.150000,1.0001026371e-03,-3.7321024421e-06
590.200000,9.9886461627e-04,1.1578606687e-05
590.250000,1.0003386872e-03,2.8202053935e-05
590.300000,9.9992049231e-04,-2.4098058930e-05
590.350000,1.0012201035e-03,-7.5478460908e-06
590.400000,1.0000256796e-03,7.6247198964e-07
590.450000,9.9999464702e-04,9.1783182366e-06
590.500000,9.9947608768e-04,8.0496094137e-06
590.550000,9.9887631667e-04,8.8625904090e-06
590.600000,9.9995509355e-04,1.4891570576e-05
590.650000,1.0001280123e-03,-4.4311908798e-06
590.700000,9.9884895302e-04,-1.1966013999e-05
590.750000,1.0003743631e-03,1.2148013914e-05
590.800000,1.0011545576e-03,6.3158975006e-06
590.850000,9.9975007836e-04,5.4711519269e-06
590.900000,9.9748234192e-04,1.3684147981e-06
590.950000,1.0009916801e-03,-7.2278033435e-06
591.000000,1.0003187754e-03,-7.7226257834e-06
591.050000,1.0009178833e-03,1.0900130025e-05
591.100000,1.0007998539e-03,1.2738844811e-05
591.150000,1.0012974984e-03,-1.3151095162e-05
591.200000,1.0004438129e-03,-8.6236660611e-06
591.250000,9.9946131997e-04,-6.2323212911e-06
591.300000,1.0002149812e-03,-5.5723167253e-06
591.350000,9.9739640026e-04,-1.3571231968e-06
591.400000,1.0000989309e-03,-3.7478240013e-06
591.450000,9.9857797007e-04,-7.6905153470e-06
591.500000,1.0012290007e-03,1.5517902217e-05
591.550000,9.9874806824e-04,9.9096924471e-06
591.600000,1.0015962180e-03,-4.1936509020e-06
591.650000,9.9903226012e-04,-7.0644850730e-06
591.700000,9.9940880090e-04,2.7155140076e-06
591.750000,9.9961613489e-04,-1.2272130022e-05
591.800000,9.9768435070e-04,5.8614233451e-06
591.850000,9.9974169875e-04,-1.3017417887e-05
591.900000,9.9928190249e-04,-1.8643703199e-05
591.950000,9.9987088336e-04,-7.9209542373e-06
592.000000,9.9999795284e-04,1.4056328655e-05
592.050000,1.0002310780e-03,-3.3416097017e-06
592.100000,9.9999832913e-04,1.3581253344e-06
592.150000,9.9945851124e-04,-6.7860853309e-07
592.200000,9.9910650609e-04,-1.5767497271e-05
592.250000,9.9907525328e-04,-8.3757325429e-06
592.300000,1.0003013377e-03,-1.9951704219e-06
592.350000,9.9918136393e-04,1.4266017560e-05
592.400000,9.9974857102e-04,-1.9207250940e-06
592.450000,9.9878739553e-04,-6.2220037699e-09
592.500000,1.0006737357e-03,7.2388009218e-06
592.550000,9.9970350059e-04,-1.5127875924e-05
592.600000,9.9917484491e-04,2.3547662797e-06
592.650000,1.0009100502e-03,-4.2006783870e-06
592.700000,9.9982900403e-04,-4.6148261425e-06
592.750000,9.9903150800e-04,1.8215435535e-05
592.800000,1.0003678313e-03,1.4870983693e-06
592.850000,9.9967249720e-04,4.3942057998e-06
592.900000,1.0022053060e-03,8.4011271383e-06
592.950000,9.9884581530e-04,1.2817968710e-05
593.000000,9.9865102769e-04,4.3493558429e-06
593.050000,9.9801489642e-04,-1.8855998753e-06
593.100000,1.0025853123e-03,-4.6857698978e-06
593.150000,9.9883183664e-04,3.4064556093e-07
593.200000,1.0005099370e-03,1.0651644569e-05
593.250000,1.0002751559e-03,1.1823359335e-05
593.300000,1.0005281299e-03,1.4864949357e-05
593.350000,9.9829488925e-04,1.2275030632e-05
593.400000,1.0014564983e-03,5.3521587348e-06
593.450000,9.9965494815e-04,-1.6524371315e-05
593.500000,1.0007149771e-03,-2.7192792751e-06
593.550000,1.0022895666e-03,-5.8220842513e-06
593.600000,1.0006962557e-03,7.7675998856e-07
593.650000,1.0003858688e-03,-8.1719385166e-06
593.700000,9.9978635748e-04,7.6743524296e-06
593.750000,9.9902416410e-04,1.0885015866e-05
593.800000,1.0005646878e-03,-7.5265824249e-06
593.850000,1.0000178120e-03,7.1116896781e-06
593.900000,1.0007272006e-03,8.6236858709e-06
593.950000,9.9972873086e-04,-3.8163739777e-06
594.000000,9.9937850530e-04,1.0877316164e-05
594.050000,9.9940230691e-04,1.0914938238e-05
594.100000,1.0009137972e-03,-2.1494250730e-05
594.150000,9.9987078721e-04,2.9409727320e-06
594.200000,1.0001324041e-03,-7.0438524144e-06
594.250000,9.9896351299e-04,3.8653127126e-06
594.300000,9.9992077333e-04,-4.4970478994e-06
594.350000,9.9830500845e-04,3.7276717316e-07
594.400000,1.0011554375e-03,-1.4950658876e-05
594.450000,1.0013898695e-03,2.6248667634e-06
594.500000,9.9888616416e-04,1.8250608461e-05
594.550000,1.0006014726e-03,1.5837818852e-05
594.600000,1.0013515358e-03,4.1420483105e-06
594.650000,9.9969697483e-04,3.8395284280e-06
594.700000,9.9823172645e-04,7.6651722611e-06
594.750000,9.9800752954e-04,2.2909720431e-05
594.800000,9.9895761385e-04,1.1687905844e-06
594.850000,1.0028682569e-03,9.3287768350e-06
594.900000,9.9868235305e-04,6.5808432790e-06
594.950000,1.0002001352e-03,-1.5509833572e-05
595.000000,9.9846364583e-04,9.5408390699e-06
595.050000,1.0010735687e-03,1.0729416770e-05
595.100000,1.0000286081e-03,-5.9282480082e-06
595.150000,9.9884664319e-04,-3.7572553265e-07
595.200000,1.0000064032e-03,1.2740682579e-05
595.250000,9.9954042778e-04,-3.9554596126e-06
595.300000,9.9934069850e-04,-1.2606542893e-05
595.350000,1.0007501633e-03,6.2734653107e-06
595.400000,1.0007566062e-03,2.3543646397e-05
595.450000,1.0026285900e-03,1.1592314160e-05
595.500000,1.0003975630e-03,-1.2324186329e-05
595.550000,9.9874968221e-04,-1.1985626248e-05
595.600000,1.0001284384e-03,3.0335326541e-07
595.650000,9.9865446141e-04,8.6621549043e-06
595.700000,1.0015671757e-03,7.8056537688e-06
595.750000,9.9849495895e-04,-7.9125138990e-06
595.800000,9.9954657627e-04,-2.9934623834e-06
595.850000,1.0001719404e-03,5.7956388315e-06
595.900000,9.9954130959e-04,-4.0219817382e-06
595.950000,9.9887876044e-04,-8.7615397580e-06
596.000000,9.9977562222e-04,8.3313810163e-06
596.050000,9.9847161337e-04,2.5012286173e-06
596.100000,9.9855623981e-04,4.8175168704e-07
596.150000,9.9947038897e-04,-1.0889659338e-05
596.200000,1.0007310984e-03,3.2206170166e-06
596.250000,1.0003331835e-03,1.4866124968e-05
596.300000,9.9941761998e-04,-5.2282000159e-06
596.350000,9.9905842108e-04,1.0700276162e-05
596.400000,9.9774169388e-04,-5.7972130391e-06
596.450000,9.9901895983e-04,1.9932509168e-05
596.500000,9.9982029427e-04,-3.5978992198e-06
596.550000,1.0006166577e-03,-1.0312534073e-05
596.600000,9.9991064720e-04,-7.3197194750e-06
596.650000,1.0002805348e-03,-3.3349107402e-06
596.700000,1.0013905868e-03,-1.9849822887e-05
596.750000,9.9937093276e-04,-1.8981299495e-05
596.800000,1.0000498231e-03,5.7410667157e-06
596.850000,1.0016663464e-03,-1.7282001373e-05
596.900000,1.0007163995e-03,-4.2014923627e-06
596.950000,1.0011881021e-03,-5.5277617767e-06
597.000000,1.0002919671e-03,1.0862652743e-05
597.050000,9.9906824625e-04,1.1285018577e-05
597.100000,9.9918286345e-04,3.5872714782e-07
597.150000,9.9954839605e-04,-3.1722244257e-06
597.200000,1.0000326917e-03,-1.8308399443e-06
597.250000,9.9876152107e-04,1.7806369137e-05
597.300000,1.0005928621e-03,-2.1877205191e-05
597.350000,9.9965291892e-04,-4.2078349638e-06
597.400000,9.9941712030e-04,2.7366532580e-06
597.450000,1.0001014685e-03,6.9808248497e-06
597.500000,1.0019880988e-03,1.5644421277e-07
597.550000,9.9959386766e-04,1.2939381058e-05
597.600000,9.9754148787e-04,1.1788550026e-06
597.650000,1.0004617164e-03,6.1087654133e-06
597.700000,9.9949079944e-04,-9.2340254029e-07
597.750000,9.9832450256e-04,8.2795156996e-06
597.800000,1.0005063549e-03,1.0352915306e-07
597.850000,1.0014447401e-03,-5.9279657965e-06
597.900000,9.9988340182e-04,-6.7842928447e-06
597.950000,9.9976108729e-04,-1.7003538783e-06
598.000000,9.9987687268e-04,1.7998785119e-05
598.050000,1.0012803604e-03,-1.9914731296e-05
598.100000,1.0007093302e-03,-8.6130760010e-06
598.150000,1.0007355122e-03,-1.5157696215e-05
598.200000,9.9976407253e-04,1.5190881935e-05
598.250000,1.0005137870e-03,-4.6062092600e-07
598.300000,9.9915897499e-04,-1.2427388021e-06
598.350000,1.0001774694e-03,-9.1036551249e-06
598.400000,1.0000674485e-03,-1.1637898215e-06
598.450000,1.0003565833e-03,-9.6034723287e-06
598.500000,9.9984693433e-04,2.3576713650e-06
598.550000,1.0016063041e-03,-9.4899076983e-06
598.600000,9.9924132011e-04,-7.7045063138e-06
598.650000,1.0012219020e-03,2.0106177511e-06
598.700000,9.9944775519e-04,-6.4158519671e-06
598.750000,9.9965316757e-04,-9.0883851065e-06
598.800000,1.0004082598e-03,-9.3316498165e-06
598.850000,9.9885900007e-04,-6.4756138757e-06
598.900000,1.0008430960e-03,2.9096951039e-06
598.950000,1.0008171747e-03,-2.0793313817e-06
599.000000,9.9998098878e-04,-5.4796526386e-06
599.050000,1.0009903079e-03,-5.6675929982e-06
599.100000,1.0003328441e-03,1.7599526237e-06
599.150000,1.0012867176e-03,-2.6572354835e-06
599.200000,9.9828397209e-04,-7.2295316675e-06
599.250000,9.9860795444e-04,9.1060266462e-06
599.300000,9.9973995091e-04,-1.5174896339e-05
599.350000,1.0004001664e-03,6.0021272238e-06
599.400000,9.9885765956e-04,-4.5488298176e-06
599.450000,1.0000599475e-03,3.1867293171e-06
599.500000,9.9958859581e-04,-1.2758402694e-05
599.550000,9.9993777882e-04,-1.5351530615e-07
599.600000,1.0014063479e-03,-1.1404590102e-06
599.650000,9.9880058465e-04,-1.1432453086e-06
599.700000,9.9995413835e-04,-1.1729855516e-05
599.750000,1.0012301172e-03,9.1235404793e-06
599.800000,1.0009283658e-03,-6.5925790041e-06
599.850000,9.9931419379e-04,5.6971198898e-06
599.900000,9.9968327939e-04,-1.6442400984e-05
599.950000,9.9882273899e-04,4.4124042285e-06
600.000000,9.9918489709e-04,-2.8548478949e-06
