Time [s],Displacement [m],Force [N]
0.000000,0.0000000000e+00,-6.8545471356e-06
0.050000,6.6435624056e-06,8.1624853575e-02
0.100000,8.9474012130e-06,1.3877155155e-01
0.150000,1.3934629775e-05,2.1234789514e-01
0.200000,1.9551152460e-05,2.6013173354e-01
0.250000,2.3125393847e-05,3.0658887278e-01
0.300000,3.0845957571e-05,3.4466087835e-01
0.350000,3.5128049810e-05,3.5486593008e-01
0.400000,3.8731832043e-05,4.6957775632e-01
0.450000,4.3504064670e-05,4.6855505789e-01
0.500000,4.9766317154e-05,4.7978673376e-01
0.550000,5.4339164827e-05,5.3782915379e-01
0.600000,5.9383412802e-05,5.5420567124e-01
0.650000,6.3673988801e-05,6.3143688670e-01
0.700000,6.9842722946e-05,6.7575696703e-01
0.750000,7.4741199545e-05,7.1784470351e-01
0.800000,7.9779756764e-05,7.2320833214e-01
0.850000,8.4630699139e-05,7.4257373036e-01
0.900000,8.8959336545e-05,8.2356413379e-01
0.950000,9.5571491532e-05,7.8044849393e-01
1.000000,1.0065331168e-04,8.0381368028e-01
1.050000,1.0708786878e-04,9.0285133151e-01
1.100000,1.0992593882e-04,8.7601451489e-01
1.150000,1.1400809357e-04,8.7642527347e-01
1.200000,1.1886078560e-04,9.3886626028e-01
1.250000,1.2407942287e-04,9.8232671909e-01
1.300000,1.3082072191e-04,9.4492159628e-01
1.350000,1.3615840463e-04,9.6510538801e-01
1.400000,1.4096179199e-04,1.0845729094e+00
1.450000,1.4456085972e-04,1.1064266202e+00
1.500000,1.4720722918e-04,1.1288971178e+00
1.550000,1.5472719803e-04,1.1061524391e+00
1.600000,1.5733149837e-04,1.1382770029e+00
1.650000,1.6589853735e-04,1.3163800175e+00
1.700000,1.6926269056e-04,1.2708358342e+00
1.750000,1.7533089345e-04,1.3510121276e+00
1.800000,1.8023502368e-04,1.2456821433e+00
1.850000,1.8488114340e-04,1.4450579873e+00
1.900000,1.9036551414e-04,1.2832092185e+00
1.950000,1.9606415457e-04,1.4076797856e+00
2.000000,1.9972683628e-04,1.4113924558e+00
2.050000,2.0387373385e-04,1.5121661500e+00
2.100000,2.0972134150e-04,1.4459525185e+00
2.150000,2.1389834656e-04,1.3793090148e+00
2.200000,2.2069450999e-04,1.5902838557e+00
2.250000,2.2455219813e-04,1.3954165947e+00
2.300000,2.3092827235e-04,1.6609828452e+00
2.350000,2.3363541968e-04,1.5650454627e+00
2.400000,2.4034935016e-04,1.6713530479e+00
2.450000,2.4490385117e-04,1.5523288580e+00
2.500000,2.5014332427e-04,1.6805703694e+00
2.550000,2.5553543901e-04,1.6485206783e+00
2.600000,2.5966884390e-04,1.6767180815e+00
2.650000,2.6397403138e-04,1.7802138359e+00
2.700000,2.6973875398e-04,1.6309356937e+00
2.750000,2.7683711850e-04,1.6916806394e+00
2.800000,2.8069743955e-04,1.7854926833e+00
2.850000,2.8573032823e-04,1.6894091268e+00
2.900000,2.8916971399e-04,1.6455320398e+00
2.950000,2.9521001535e-04,1.9304626397e+00
3.000000,3.0079684615e-04,1.8520872459e+00
3.050000,3.0313963874e-04,1.9553841642e+00
3.100000,3.0975380876e-04,1.8097803732e+00
3.150000,3.1375757697e-04,1.9440954859e+00
3.200000,3.2173916400e-04,1.7910994804e+00
3.250000,3.2539839562e-04,1.8703040298e+00
3.300000,3.2840366842e-04,1.8853526278e+00
3.350000,3.3482484283e-04,1.9633932554e+00
3.400000,3.4130106156e-04,1.9065306422e+00
3.450000,3.4471759876e-04,2.1344111026e+00
3.500000,3.5239706846e-04,1.9200037099e+00
3.550000,3.5301151120e-04,2.1441095407e+00
3.600000,3.5923284710e-04,2.0660874015e+00
3.650000,3.6523151814e-04,1.9307904914e+00
3.700000,3.6855175243e-04,2.2382358340e+00
3.750000,3.7490874851e-04,2.1569607247e+00
3.800000,3.8086281356e-04,2.2991893541e+00
3.850000,3.8736824820e-04,2.0607285047e+00
3.900000,3.9134977311e-04,2.1663025577e+00
3.950000,3.9374463768e-04,2.0767456877e+00
4.000000,3.9979537920e-04,2.2149406339e+00
4.050000,4.0555627410e-04,2.2887569234e+00
4.100000,4.0824036459e-04,2.1461205015e+00
4.150000,4.1468389802e-04,2.2698830742e+00
4.200000,4.2229743099e-04,2.3192772541e+00
4.250000,4.2496403749e-04,2.5571662659e+00
4.300000,4.3041750615e-04,2.3119269379e+00
4.350000,4.3458897763e-04,2.3162991677e+00
4.400000,4.3896941280e-04,2.5410454847e+00
4.450000,4.4287589863e-04,2.4813847792e+00
4.500000,4.4998337065e-04,2.3968559091e+00
4.550000,4.5634795277e-04,2.5075535742e+00
4.600000,4.6048068747e-04,2.3634436594e+00
4.650000,4.6435711908e-04,2.3877732229e+00
4.700000,4.7014296635e-04,2.3904429915e+00
4.750000,4.7297515867e-04,2.6090165432e+00
4.800000,4.7880049539e-04,2.7532906728e+00
4.850000,4.8511265711e-04,2.7241166793e+00
4.900000,4.8892509492e-04,2.9440505361e+00
4.950000,4.9525131119e-04,2.5789828159e+00
5.000000,4.9956219122e-04,2.5824185397e+00
5.050000,5.0652299760e-04,2.4876267413e+00
5.100000,5.1016603250e-04,2.5231747198e+00
5.150000,5.1527642792e-04,2.2561985311e+00
5.200000,5.1996205961e-04,2.7153243154e+00
5.250000,5.2553665926e-04,2.6490328160e+00
5.300000,5.3037874286e-04,2.5414769989e+00
5.350000,5.3461840329e-04,2.6693783864e+00
5.400000,5.3985831519e-04,2.6533808717e+00
5.450000,5.4527411820e-04,2.7359020800e+00
5.500000,5.5106844146e-04,2.5467069459e+00
5.550000,5.5560298152e-04,2.9096619383e+00
5.600000,5.6122824417e-04,2.8310493970e+00
5.650000,5.6476676854e-04,2.6929956503e+00
5.700000,5.7013433619e-04,2.9940211003e+00
5.750000,5.7557493916e-04,2.9520375958e+00
5.800000,5.7956290043e-04,2.9678826792e+00
5.850000,5.8611989456e-04,2.7208147383e+00
5.900000,5.9017651284e-04,2.8696867262e+00
5.950000,5.9539094665e-04,2.8075283032e+00
6.000000,6.0009979830e-04,2.9035834806e+00
6.050000,6.0570292000e-04,2.7683182550e+00
6.100000,6.0987438659e-04,2.7860797358e+00
6.150000,6.1529575986e-04,2.8162478952e+00
6.200000,6.1909022247e-04,3.1248043066e+00
6.250000,6.2508879437e-04,3.2494543096e+00
6.300000,6.2988938838e-04,2.7612569013e+00
6.350000,6.3506410751e-04,2.9108144320e+00
6.400000,6.4015136802e-04,3.1922953037e+00
6.450000,6.4468636673e-04,3.0844895609e+00
6.500000,6.5045139329e-04,3.4207470854e+00
6.550000,6.5461616138e-04,2.8710950171e+00
6.600000,6.5850638802e-04,3.1094653451e+00
6.650000,6.6471451668e-04,3.1350024369e+00
6.700000,6.7051486144e-04,2.9410644227e+00
6.750000,6.7619831723e-04,2.7056797494e+00
6.800000,6.7989637976e-04,3.1247727890e+00
6.850000,6.8500514929e-04,3.1275997760e+00
6.900000,6.9070398076e-04,2.9011168470e+00
6.950000,6.9563905146e-04,3.2751831724e+00
7.000000,6.9959319940e-04,3.0884310721e+00
7.050000,7.0360245436e-04,3.0483446928e+00
7.100000,7.1068316118e-04,3.2312213054e+00
7.150000,7.1572474441e-04,3.2333126200e+00
7.200000,7.1872543331e-04,3.1166099321e+00
7.250000,7.2388742767e-04,3.3218607295e+00
7.300000,7.2950664357e-04,3.5025795892e+00
7.350000,7.3425628538e-04,3.5783764922e+00
7.400000,7.4274143266e-04,3.2555045791e+00
7.450000,7.4370864283e-04,3.3469341053e+00
7.500000,7.5111567871e-04,3.0687326057e+00
7.550000,7.5509640885e-04,3.5556441174e+00
7.600000,7.6023594009e-04,3.1587765585e+00
7.650000,7.6640935891e-04,3.3396368281e+00
7.700000,7.7056681858e-04,3.3186618055e+00
7.750000,7.7583844139e-04,3.3941504414e+00
7.800000,7.8139866932e-04,3.2437784585e+00
7.850000,7.8594940103e-04,3.1060864935e+00
7.900000,7.8982192599e-04,3.7539802452e+00
7.950000,7.9453016123e-04,3.3437282383e+00
8.000000,8.0180627869e-04,3.3760952810e+00
8.050000,8.0509834794e-04,3.6242157868e+00
8.100000,8.0919533161e-04,2.9717968884e+00
8.150000,8.1589690986e-04,3.3077776493e+00
8.200000,8.1939606964e-04,3.3403331321e+00
8.250000,8.2273978643e-04,3.7627722057e+00
8.300000,8.3187070402e-04,3.3364052689e+00
8.350000,8.3420596192e-04,3.5980526700e+00
8.400000,8.4086011659e-04,3.3400996479e+00
8.450000,8.4486174956e-04,3.7611493069e+00
8.500000,8.5029992702e-04,3.5835485201e+00
8.550000,8.5509797429e-04,3.6383328979e+00
8.600000,8.6228573510e-04,3.6255801107e+00
8.650000,8.6543218356e-04,3.3106033095e+00
8.700000,8.7092888925e-04,3.4868281153e+00
8.750000,8.7644991926e-04,3.5588356068e+00
8.800000,8.7932883081e-04,3.5856551719e+00
8.850000,8.8606655364e-04,3.6617124660e+00
8.900000,8.8941647033e-04,3.5341050609e+00
8.950000,8.9429410360e-04,3.3591434935e+00
9.000000,9.0118465801e-04,3.7564348061e+00
9.050000,9.0330129905e-04,3.7636910409e+00
9.100000,9.1125762241e-04,3.8774120462e+00
9.150000,9.1580343827e-04,3.6016319637e+00
9.200000,9.1981219282e-04,3.9054062788e+00
9.250000,9.2468780671e-04,3.7641141040e+00
9.300000,9.2943284818e-04,3.5760989677e+00
9.350000,9.3369869423e-04,3.9417287810e+00
9.400000,9.4085577634e-04,3.6826047032e+00
9.450000,9.4469808027e-04,3.6926319078e+00
9.500000,9.5020707544e-04,3.8475775861e+00
9.550000,9.5447535062e-04,3.5527545430e+00
9.600000,9.5952817994e-04,3.7552147062e+00
9.650000,9.6495716912e-04,4.0602969711e+00
9.700000,9.7042441192e-04,3.7155269143e+00
9.750000,9.7418379152e-04,4.1635152953e+00
9.800000,9.8079348469e-04,3.9413832265e+00
9.850000,9.8499779661e-04,3.9048176310e+00
9.900000,9.9121295086e-04,4.1163727974e+00
9.950000,9.9550318345e-04,3.9642124000e+00
10.000000,9.9925110506e-04,3.8303201725e+00
10.050000,1.0003658659e-03,3.8437139972e+00
10.100000,9.9991481784e-04,4.0280180375e+00
10.150000,1.0022357626e-03,3.9010728020e+00
10.200000,9.9801846077e-04,3.5512894112e+00
10.250000,1.0008517866e-03,3.5614447710e+00
10.300000,9.9870432584e-04,3.5593319181e+00
10.350000,9.9966963419e-04,3.8333678243e+00
10.400000,9.9872365024e-04,3.5369590087e+00
10.450000,9.9933836683e-04,3.2849474767e+00
10.500000,1.0013144418e-03,3.5529001172e+00
10.550000,1.0012523745e-03,3.7440871628e+00
10.600000,9.9935584997e-04,3.2100680893e+00
10.650000,9.9808339406e-04,3.2886732496e+00
10.700000,9.9960183256e-04,3.3255900366e+00
10.750000,9.9802149868e-04,3.4178455723e+00
10.800000,1.0006942111e-03,3.4471225213e+00
10.850000,9.9871539544e-04,3.6216825977e+00
10.900000,1.0004737115e-03,3.0276315982e+00
10.950000,9.9932948668e-04,3.6156766360e+00
11.000000,1.0008704784e-03,3.2076078681e+00
11.050000,1.0002636670e-03,3.4347500095e+00
11.100000,9.9836822190e-04,3.7345998916e+00
11.150000,9.9892155685e-04,3.2988842187e+00
11.200000,9.9942242341e-04,3.3633434657e+00
11.250000,1.0006450936e-03,3.3871662994e+00
11.300000,1.0004236171e-03,3.1148083471e+00
11.350000,1.0001104380e-03,3.5120205494e+00
11.400000,9.9950713414e-04,3.2777517548e+00
11.450000,1.0013397365e-03,3.3928757037e+00
11.500000,1.0004757186e-03,3.2451343833e+00
11.550000,1.0010183194e-03,3.3524146279e+00
11.600000,1.0000161158e-03,3.1995792071e+00
11.650000,9.9909226779e-04,3.1271272438e+00
11.700000,9.9906552011e-04,3.1137911495e+00
11.750000,1.0006584155e-03,2.8683025146e+00
11.800000,1.0006026552e-03,3.1103779530e+00
11.850000,9.9949181653e-04,3.3572177798e+00
11.900000,9.9956277605e-04,2.8727585252e+00
11.950000,9.9874606621e-04,2.7553699790e+00
12.000000,1.0002215507e-03,2.7523292761e+00
12.050000,1.0015824052e-03,3.1221339134e+00
12.100000,9.9982965277e-04,3.0994101722e+00
12.150000,9.9978801589e-04,3.2448984095e+00
12.200000,1.0002530781e-03,3.2320296585e+00
12.250000,9.9759640476e-04,3.0128540512e+00
12.300000,9.9935318430e-04,2.9631237024e+00
12.350000,1.0006372115e-03,2.6368429635e+00
12.400000,1.0004373660e-03,2.9324337917e+00
12.450000,1.0003167963e-03,2.8438247216e+00
12.500000,1.0008655445e-03,3.2395998481e+00
12.550000,1.0011743297e-03,2.7302768022e+00
12.600000,1.0006150511e-03,3.0490694435e+00
12.650000,9.9947816771e-04,2.9546009594e+00
12.700000,1.0001251271e-03,2.6965905051e+00
12.750000,1.0007011611e-03,2.9743249972e+00
12.800000,1.0006945645e-03,2.8763883214e+00
12.850000,1.0000588493e-03,2.6972568622e+00
12.900000,9.9986222433e-04,2.7677430114e+00
12.950000,9.9686230271e-04,2.8782713426e+00
13.000000,1.0019489950e-03,2.8840746945e+00
13.050000,1.0018977387e-03,2.8545665917e+00
13.100000,9.9868910239e-04,2.6984857356e+00
13.150000,1.0007561282e-03,2.5895558637e+00
13.200000,9.9999825418e-04,2.8937051946e+00
13.250000,1.0006344780e-03,2.6013706376e+00
13.300000,1.0017108158e-03,2.7716532797e+00
13.350000,1.0003676928e-03,2.9718172231e+00
13.400000,1.0004307124e-03,2.7481752850e+00
13.450000,1.0005244607e-03,2.9297270153e+00
13.500000,1.0002688836e-03,2.9974577263e+00
13.550000,9.9986738420e-04,2.7329754470e+00
13.600000,1.0008418270e-03,2.7914829348e+00
13.650000,1.0012273153e-03,2.3434836435e+00
13.700000,9.9871519090e-04,2.7551770298e+00
13.750000,9.9858854950e-04,3.0402879093e+00
13.800000,9.9939089605e-04,2.7662549039e+00
13.850000,9.9916275214e-04,2.5305896147e+00
13.900000,1.0023835886e-03,2.6387422706e+00
13.950000,1.0004933384e-03,2.6807317094e+00
14.000000,9.9899192557e-04,2.6483844369e+00
14.050000,9.9711869682e-04,2.6214291603e+00
14.100000,1.0010849520e-03,2.6920183274e+00
14.150000,9.9982962028e-04,2.5414514514e+00
14.200000,1.0012060190e-03,2.3142592602e+00
14.250000,9.9826900004e-04,2.6415737369e+00
14.300000,1.0016031779e-03,2.7523359425e+00
14.350000,1.0002132646e-03,2.7378214416e+00
14.400000,9.9848733341e-04,2.5328360276e+00
14.450000,9.9958073776e-04,2.6026520306e+00
14.500000,9.9982701620e-04,2.6547108588e+00
14.550000,9.9752908152e-04,2.5937624530e+00
14.600000,1.0021653856e-03,2.5590026913e+00
14.650000,1.0015763093e-03,2.6664875991e+00
14.700000,9.9973593500e-04,2.7572435933e+00
14.750000,1.0000370818e-03,2.3803941409e+00
14.800000,9.9992961401e-04,2.3885550320e+00
14.850000,1.0002536461e-03,2.4005528438e+00
14.900000,1.0003763023e-03,2.4392521093e+00
14.950000,1.0010677614e-03,2.4654432532e+00
15.000000,1.0004301530e-03,2.5115778278e+00
15.050000,9.9837102692e-04,2.4494108661e+00
15.100000,1.0012021594e-03,2.6611540999e+00
15.150000,1.0010995569e-03,2.4378090805e+00
15.200000,9.9922275137e-04,2.7389354496e+00
15.250000,1.0014044624e-03,2.4815334532e+00
15.300000,9.9898556470e-04,2.5351783160e+00
15.350000,9.9967434678e-04,2.7055021349e+00
15.400000,9.9931579895e-04,2.4737284078e+00
15.450000,1.0011319652e-03,2.6018225023e+00
15.500000,9.9917904689e-04,2.6988537979e+00
15.550000,9.9970263782e-04,2.5974023170e+00
15.600000,9.9968665845e-04,2.3655239181e+00
15.650000,1.0007203479e-03,2.6306735882e+00
15.700000,9.9955770569e-04,2.2656839906e+00
15.750000,1.0004916590e-03,2.3927304172e+00
15.800000,1.0007587881e-03,2.2930236210e+00
15.850000,1.0011101938e-03,2.6572194018e+00
15.900000,9.9927773132e-04,2.5516131109e+00
15.950000,9.9940976014e-04,2.3491409421e+00
16.000000,1.0005880244e-03,2.4060284389e+00
16.050000,1.0021841904e-03,2.3531404980e+00
16.100000,1.0016530308e-03,2.4543915436e+00
16.150000,1.0023442529e-03,2.2976868929e+00
16.200000,1.0011260557e-03,2.5071634354e+00
16.250000,9.9879920073e-04,2.3245739756e+00
16.300000,9.9827677246e-04,2.5541795019e+00
16.350000,9.9960078261e-04,2.6618238163e+00
16.400000,1.0009851144e-03,2.2921551723e+00
16.450000,9.9890716758e-04,2.4242906458e+00
16.500000,9.9960014382e-04,2.3920381762e+00
16.550000,1.0008342981e-03,2.3175516333e+00
16.600000,1.0000034553e-03,2.3128364932e+00
16.650000,9.9935208344e-04,2.2781733394e+00
16.700000,1.0003926384e-03,2.3562592538e+00
16.750000,9.9896749619e-04,2.2138509542e+00
16.800000,9.9844363380e-04,2.3232855270e+00
16.850000,1.0003319509e-03,2.2876165483e+00
16.900000,1.0012765159e-03,2.3570895808e+00
16.950000,1.0009837109e-03,2.1066506660e+00
17.000000,9.9949084687e-04,2.4104068925e+00
17.050000,1.0001279739e-03,2.4097058335e+00
17.100000,1.0002461828e-03,2.5233824380e+00
17.150000,9.9984285018e-04,2.2944483291e+00
17.200000,9.9839447601e-04,2.4205466980e+00
17.250000,1.0010850136e-03,2.3251943912e+00
17.300000,9.9995238493e-04,2.1434269477e+00
17.350000,1.0001334139e-03,2.5314886868e+00
17.400000,9.9797875951e-04,2.4336089791e+00
17.450000,9.9902154159e-04,2.2546752858e+00
17.500000,1.0011595070e-03,2.3926847296e+00
17.550000,9.9928292747e-04,2.3086976988e+00
17.600000,9.9938088145e-04,2.3779366707e+00
17.650000,9.9964438794e-04,2.2978815352e+00
17.700000,1.0010841088e-03,2.3300731953e+00
17.750000,1.0013129372e-03,1.9978800183e+00
17.800000,1.0009508577e-03,2.2422196022e+00
17.850000,9.9978384149e-04,2.4023831612e+00
17.900000,1.0010329443e-03,2.3755719408e+00
17.950000,9.9998619193e-04,2.3993374708e+00
18.000000,9.9922440082e-04,2.4914985782e+00
18.050000,9.9934865875e-04,2.3103787943e+00
18.100000,1.0012751801e-03,2.3331758165e+00
18.150000,9.9965602333e-04,2.4162608634e+00
18.200000,1.0011161050e-03,2.1297556797e+00
18.250000,9.9879415221e-04,2.2337152099e+00
18.300000,1.0004604404e-03,2.3148592371e+00
18.350000,9.9967620883e-04,2.1578315523e+00
18.400000,1.0011198358e-03,2.2090729612e+00
18.450000,1.0000022913e-03,2.3097907038e+00
18.500000,1.0002573165e-03,2.1845425432e+00
18.550000,9.9958443624e-04,2.1654099729e+00
18.600000,1.0012515395e-03,2.3538315224e+00
18.650000,9.9996694492e-04,2.2149093306e+00
18.700000,1.0009004051e-03,2.2864276481e+00
18.750000,1.0002639157e-03,2.3768977853e+00
18.800000,9.9886173019e-04,2.0820260278e+00
18.850000,1.0003557638e-03,2.2009785899e+00
18.900000,9.9871889384e-04,2.1620119908e+00
18.950000,1.0001799615e-03,2.2899767526e+00
19.000000,9.9990658564e-04,2.1616319143e+00
19.050000,1.0002865995e-03,2.0079242000e+00
19.100000,1.0001996035e-03,2.2121211467e+00
19.150000,9.9913093147e-04,2.2129604257e+00
19.200000,1.0003469358e-03,2.1311172037e+00
19.250000,1.0002133171e-03,2.3333194749e+00
19.300000,1.0006742194e-03,2.2137932088e+00
19.350000,1.0005978179e-03,2.1018104159e+00
19.400000,9.9985099375e-04,2.1412926182e+00
19.450000,1.0006287540e-03,2.3158024970e+00
19.500000,1.0022250238e-03,2.1844049591e+00
19.550000,9.9882941136e-04,2.3559571613e+00
19.600000,1.0005802709e-03,2.1610191388e+00
19.650000,9.9999823667e-04,2.3892520446e+00
19.700000,9.9991008789e-04,2.0704116623e+00
19.750000,1.0006192888e-03,2.1399737923e+00
19.800000,9.9750850125e-04,2.2739209189e+00
19.850000,9.9939100731e-04,2.1148911699e+00
19.900000,9.9933102064e-04,2.4387057464e+00
19.950000,1.0002986436e-03,2.1938626477e+00
20.000000,1.0001697091e-03,2.3833123741e+00
20.050000,1.0001422647e-03,2.1497021912e+00
20.100000,1.0019637126e-03,2.1138681032e+00
20.150000,9.9963510737e-04,2.2821883015e+00
20.200000,1.0007727656e-03,2.0697631800e+00
20.250000,9.9917940241e-04,2.4147305467e+00
20.300000,1.0010208769e-03,2.2686211064e+00
20.350000,1.0010404639e-03,2.3448036178e+00
20.400000,1.0020143225e-03,2.3482590826e+00
20.450000,9.9990757708e-04,2.3665268488e+00
20.500000,9.9911663881e-04,2.3567316277e+00
20.550000,1.0014925505e-03,2.2017655969e+00
20.600000,1.0005075212e-03,2.3130107427e+00
20.650000,1.0011558067e-03,2.0202618707e+00
20.700000,9.9896418248e-04,2.2863277425e+00
20.750000,1.0012549288e-03,2.3894534783e+00
20.800000,1.0007532444e-03,2.1716569658e+00
20.850000,9.9993555283e-04,2.2679300050e+00
20.900000,9.9964499007e-04,2.2053570657e+00
20.950000,9.9930714765e-04,1.9945905777e+00
21.000000,1.0009235106e-03,2.1825765736e+00
21.050000,9.9889037742e-04,2.1970246200e+00
21.100000,9.9924506753e-04,2.1526612947e+00
21.150000,1.0009060831e-03,2.2128065647e+00
21.200000,9.9991099860e-04,2.3437551442e+00
21.250000,9.9952458840e-04,2.3011830831e+00
21.300000,1.0005733501e-03,1.9648891208e+00
21.350000,1.0008147175e-03,2.3794108901e+00
21.400000,9.9961158676e-04,2.1095743855e+00
21.450000,9.9816785381e-04,2.2484618787e+00
21.500000,1.0018286778e-03,2.0572626668e+00
21.550000,1.0006801037e-03,2.0719547209e+00
21.600000,1.0004963790e-03,1.9899150730e+00
21.650000,9.9879399343e-04,1.9674266313e+00
21.700000,1.0011428915e-03,1.9840613756e+00
21.750000,9.9912910005e-04,2.0826578408e+00
21.800000,9.9971855792e-04,2.1032083313e+00
21.850000,9.9932283693e-04,2.3426522909e+00
21.900000,1.0007905494e-03,2.1484590519e+00
21.950000,1.0008394900e-03,2.1059905052e+00
22.000000,1.0005983989e-03,1.8621588778e+00
22.050000,9.9870679617e-04,2.1724417797e+00
22.100000,9.9918801153e-04,2.1248497470e+00
22.150000,1.0001551683e-03,2.0983973240e+00
22.200000,9.9813806982e-04,2.0723567294e+00
22.250000,1.0011434207e-03,2.0062897897e+00
22.300000,1.0011338288e-03,2.0965295626e+00
22.350000,9.9997867421e-04,2.0121065536e+00
22.400000,1.0012072851e-03,2.1821849706e+00
22.450000,9.9961033000e-04,2.1065444059e+00
22.500000,1.0035359386e-03,2.0930943484e+00
22.550000,9.9914977746e-04,2.1054559202e+00
22.600000,9.9880165090e-04,2.1569151701e+00
22.650000,1.0001116617e-03,1.9199725404e+00
22.700000,1.0001605438e-03,2.0378015882e+00
22.750000,1.0015819252e-03,2.0817905696e+00
22.800000,9.9879101612e-04,2.0852669901e+00
22.850000,1.0013952982e-03,2.1326425691e+00
22.900000,1.0010627516e-03,2.0360658595e+00
22.950000,9.9938529943e-04,2.0886792191e+00
23.000000,9.9919063599e-04,2.1324595282e+00
23.050000,9.9811631285e-04,2.2163528637e+00
23.100000,9.9925674524e-04,2.0542261519e+00
23.150000,1.0000862538e-03,2.2508390355e+00
23.200000,1.0007955718e-03,2.0028354281e+00
23.250000,9.9893033571e-04,1.9839572780e+00
23.300000,9.9925650595e-04,2.1170622613e+00
23.350000,1.0006453618e-03,2.0324344897e+00
23.400000,9.9691030948e-04,2.0209750921e+00
23.450000,1.0001377300e-03,1.9275388998e+00
23.500000,9.9908057533e-04,1.9329908386e+00
23.550000,9.9998525733e-04,2.0252049934e+00
23.600000,9.9933239109e-04,2.1363455937e+00
23.650000,9.9968128773e-04,1.9831413729e+00
23.700000,9.9966010473e-04,2.0326304189e+00
23.750000,9.9963082295e-04,2.0775443513e+00
23.800000,1.0011652335e-03,1.8753608456e+00
23.850000,1.0012517090e-03,2.0050815218e+00
23.900000,9.9900887806e-04,2.1822871870e+00
23.950000,1.0006001750e-03,2.1579120775e+00
24.000000,1.0007638598e-03,2.0876971101e+00
24.050000,1.0024338973e-03,2.1560945778e+00
24.100000,9.9910328688e-04,2.1346947208e+00
24.150000,1.0006253271e-03,1.9189578340e+00
24.200000,1.0000174886e-03,1.9092413933e+00
24.250000,9.9978428098e-04,2.0545213201e+00
24.300000,9.9936433145e-04,1.9906214284e+00
24.350000,1.0005287072e-03,2.0427748148e+00
24.400000,9.9939669827e-04,2.0762336890e+00
24.450000,9.9952641849e-04,2.0937913363e+00
24.500000,1.0001624432e-03,1.9188348540e+00
24.550000,9.9993573243e-04,2.0797004769e+00
24.600000,1.0002334712e-03,1.9030499997e+00
24.650000,1.0028535830e-03,2.0662427658e+00
24.700000,9.9795220496e-04,1.9123878366e+00
24.750000,9.9875884536e-04,2.1137464979e+00
24.800000,9.9928682558e-04,2.0705758476e+00
24.850000,9.9862823536e-04,1.9404962742e+00
24.900000,9.9783315558e-04,2.2852836415e+00
24.950000,1.0008230256e-03,2.2267193382e+00
25.000000,9.9849492988e-04,2.0941703011e+00
25.050000,9.9922256796e-04,1.9831038982e+00
25.100000,1.0017526692e-03,1.9066974756e+00
25.150000,1.0013016467e-03,2.0226982784e+00
25.200000,9.9965884550e-04,1.9938339145e+00
25.250000,1.0001217665e-03,2.0221295358e+00
25.300000,1.0019001435e-03,2.1531579743e+00
25.350000,9.9856456468e-04,1.9614865953e+00
25.400000,1.0010971374e-03,2.1329176963e+00
25.450000,9.9913760433e-04,2.0507819038e+00
25.500000,9.9976791332e-04,2.0289324880e+00
25.550000,9.9927320539e-04,2.0252841478e+00
25.600000,9.9955168403e-04,1.8503052767e+00
25.650000,9.9843513260e-04,2.1073008748e+00
25.700000,9.9957294199e-04,1.9696528612e+00
25.750000,1.0007113739e-03,1.8394534057e+00
25.800000,9.9952044071e-04,2.0311295765e+00
25.850000,1.0010481418e-03,1.8199543031e+00
25.900000,1.0012504565e-03,1.6349599787e+00
25.950000,9.9768045798e-04,2.0371805481e+00
26.000000,9.9867367101e-04,2.0673197792e+00
26.050000,9.9942018857e-04,2.1769713824e+00
26.100000,9.9994517218e-04,1.9995684477e+00
26.150000,9.9904861677e-04,2.0994405765e+00
26.200000,1.0001607005e-03,1.9345803190e+00
26.250000,9.9977903739e-04,1.8251909813e+00
26.300000,1.0015363633e-03,1.9413163263e+00
26.350000,9.9814624287e-04,2.1483803459e+00
26.400000,1.0009416484e-03,1.9653432770e+00
26.450000,1.0003408814e-03,1.8847490658e+00
26.500000,9.9964212794e-04,2.1549287305e+00
26.550000,9.9939934059e-04,1.9288139048e+00
26.600000,9.9867528849e-04,2.0392325242e+00
26.650000,9.9929732249e-04,1.8487158612e+00
26.700000,1.0014378514e-03,1.8854859982e+00
26.750000,1.0008663941e-03,2.2797193159e+00
26.800000,1.0002421239e-03,2.0693769056e+00
26.850000,9.9796320751e-04,1.9670477107e+00
26.900000,9.9786190084e-04,1.8880790197e+00
26.950000,1.0012415513e-03,2.2319161526e+00
27.000000,9.9846246534e-04,2.0071486547e+00
27.050000,9.9825678825e-04,1.9974756473e+00
27.100000,1.0007568143e-03,2.0218535794e+00
27.150000,9.9809803430e-04,1.8202151069e+00
27.200000,9.9966675122e-04,1.9193694351e+00
27.250000,1.0002161713e-03,2.1068078541e+00
27.300000,9.9956290994e-04,2.0063242249e+00
27.350000,1.0004528196e-03,1.8537095396e+00
27.400000,9.9953669449e-04,1.9842220297e+00
27.450000,9.9978453797e-04,1.8754598896e+00
27.500000,9.9912750439e-04,2.0920095230e+00
27.550000,9.9783372604e-04,2.0058724991e+00
27.600000,1.0011872288e-03,1.8093852567e+00
27.650000,9.9855270951e-04,2.0221759019e+00
27.700000,1.0001634626e-03,2.0534655428e+00
27.750000,9.9961871479e-04,1.9677645388e+00
27.800000,9.9969455381e-04,2.0676977804e+00
27.850000,9.9961091034e-04,1.9224777193e+00
27.900000,9.9789282070e-04,1.9258535099e+00
27.950000,9.9988646934e-04,1.9739713097e+00
28.000000,1.0002254004e-03,2.0389269156e+00
28.050000,9.9876768463e-04,1.9776390297e+00
28.100000,9.9933125947e-04,1.7896317850e+00
28.150000,9.9956527149e-04,1.9264745797e+00
28.200000,1.0000998541e-03,2.0373339593e+00
28.250000,9.9676160342e-04,1.9701939415e+00
28.300000,9.9959620360e-04,1.9823838391e+00
28.350000,1.0004023948e-03,1.8538311061e+00
28.400000,9.9921111355e-04,1.9681546702e+00
28.450000,1.0001151764e-03,2.0387297779e+00
28.500000,1.0010090537e-03,2.0796306288e+00
28.550000,1.0016282918e-03,1.9177820808e+00
28.600000,1.0007419809e-03,1.9837612472e+00
28.650000,9.9913812309e-04,1.7922057394e+00
28.700000,9.9935015884e-04,2.0744874199e+00
28.750000,1.0018141533e-03,1.9325687056e+00
28.800000,1.0019656322e-03,1.8843998514e+00
28.850000,1.0003254412e-03,2.0256215840e+00
28.900000,1.0032311239e-03,1.9584905481e+00
28.950000,9.9875308255e-04,1.9666578913e+00
29.000000,9.9945630975e-04,1.9248372872e+00
29.050000,9.9974179412e-04,2.0134798876e+00
29.100000,1.0014701709e-03,1.9304137480e+00
29.150000,1.0002347240e-03,1.8690085430e+00
29.200000,9.9989173265e-04,1.9355256602e+00
29.250000,1.0020428268e-03,1.8876109748e+00
29.300000,9.9959019176e-04,2.0073664078e+00
29.350000,1.0003510286e-03,2.0444359928e+00
29.400000,1.0008999091e-03,1.9688437878e+00
29.450000,9.9919761272e-04,1.9638578349e+00
29.500000,1.0006652355e-03,2.0019754882e+00
29.550000,1.0001314354e-03,1.9516600123e+00
29.600000,9.9927659099e-04,1.8113589878e+00
29.650000,9.9889514276e-04,1.9046097681e+00
29.700000,9.9937709873e-04,1.9869341605e+00
29.750000,9.9904545027e-04,1.8422382796e+00
29.800000,9.9974621982e-04,2.0471824171e+00
29.850000,9.9997932597e-04,1.8665999352e+00
29.900000,1.0004456327e-03,2.0553713604e+00
29.950000,1.0009558021e-03,1.8478427324e+00
30.000000,9.9917417741e-04,2.0960071184e+00
30.050000,9.9967806736e-04,1.7074240480e+00
30.100000,1.0009910893e-03,1.8541601641e+00
30.150000,9.9982766786e-04,1.9771705647e+00
30.200000,1.0010704428e-03,2.0390943505e+00
30.250000,1.0000817176e-03,2.0552677308e+00
30.300000,9.9900836626e-04,1.9933951787e+00
30.350000,9.9969457965e-04,1.9234026752e+00
30.400000,9.9978694711e-04,1.9875252139e+00
30.450000,1.0008290718e-03,1.9835394947e+00
30.500000,9.9916628251e-04,1.8918279889e+00
30.550000,9.9931322226e-04,2.0599040661e+00
30.600000,9.9968366473e-04,1.8810602907e+00
30.650000,9.9911875288e-04,1.8864538879e+00
30.700000,1.0003204699e-03,1.9368976361e+00
30.750000,9.9797791807e-04,1.7252037130e+00
30.800000,9.9941368167e-04,2.0224332073e+00
30.850000,9.9934449808e-04,1.8205105415e+00
30.900000,9.9930860826e-04,1.9696650170e+00
30.950000,1.0002308098e-03,1.7673821724e+00
31.000000,1.0004535598e-03,1.8227165216e+00
31.050000,9.9867991307e-04,1.8780580569e+00
31.100000,9.9965050748e-04,2.1123719967e+00
31.150000,9.9908213224e-04,1.9713997371e+00
31.200000,9.9910756629e-04,1.8258214795e+00
31.250000,1.0030902896e-03,1.9902647209e+00
31.300000,9.9975248324e-04,1.8900816565e+00
31.350000,9.9955235928e-04,1.8037125193e+00
31.400000,1.0005681981e-03,1.7556634642e+00
31.450000,1.0001669128e-03,1.9571476761e+00
31.500000,9.9945415292e-04,1.9154786448e+00
31.550000,9.9946185679e-04,1.9831143236e+00
31.600000,9.9928636540e-04,1.7239049568e+00
31.650000,1.0004007318e-03,1.8396641941e+00
31.700000,1.0001324057e-03,1.9542398068e+00
31.750000,9.9940738539e-04,1.9172192295e+00
31.800000,9.9741957062e-04,1.8365616330e+00
31.850000,9.9836490134e-04,1.8317999625e+00
31.900000,1.0005812466e-03,1.8028559843e+00
31.950000,9.9850497514e-04,1.9708206323e+00
32.000000,1.0001895529e-03,1.7146115301e+00
32.050000,9.9928817606e-04,1.9346591291e+00
32.100000,9.9991896652e-04,1.9770687107e+00
32.150000,1.0001338579e-03,1.9050109129e+00
32.200000,1.0008801676e-03,1.9283723145e+00
32.250000,1.0014264464e-03,1.7367008097e+00
32.300000,1.0014669890e-03,1.8719561307e+00
32.350000,1.0015581590e-03,1.7800596764e+00
32.400000,9.9853729281e-04,1.9495005096e+00
32.450000,1.0014567658e-03,1.9931746936e+00
32.500000,1.0010776358e-03,1.8509120456e+00
32.550000,9.9866429772e-04,1.9229827462e+00
32.600000,9.9996000578e-04,1.7338853335e+00
32.650000,1.0009177040e-03,1.7753203012e+00
32.700000,9.9865296632e-04,1.8638843123e+00
32.750000,9.9844126454e-04,1.8066451205e+00
32.800000,1.0007104236e-03,1.7728586011e+00
32.850000,1.0011249337e-03,1.8533596583e+00
32.900000,9.9979602796e-04,1.8642712586e+00
32.950000,9.9892961505e-04,1.8402634318e+00
33.000000,1.0004363242e-03,1.8688052587e+00
33.050000,1.0009669239e-03,1.7102821647e+00
33.100000,1.0004517892e-03,1.8883412616e+00
33.150000,1.0013557862e-03,1.8164857291e+00
33.200000,1.0001114712e-03,1.9045203808e+00
33.250000,1.0017925036e-03,1.7935557827e+00
33.300000,1.0005697219e-03,1.8014407020e+00
33.350000,9.9879784386e-04,1.7661551867e+00
33.400000,9.9934454770e-04,1.8561671919e+00
33.450000,9.9935361033e-04,1.7239756218e+00
33.500000,9.9984178006e-04,1.9539797925e+00
33.550000,9.9960655979e-04,1.7503470945e+00
33.600000,1.0003574674e-03,1.8277780082e+00
33.650000,1.0003339554e-03,1.9222382554e+00
33.700000,9.9967792630e-04,1.8456207625e+00
33.750000,1.0013992134e-03,1.8066001961e+00
33.800000,1.0019722525e-03,1.9420721711e+00
33.850000,1.0002006361e-03,1.7261547591e+00
33.900000,9.9980632945e-04,1.5817623236e+00
33.950000,9.9884554480e-04,1.9499592662e+00
34.000000,9.9829981868e-04,1.9185999432e+00
34.050000,9.9904537268e-04,1.8142258711e+00
34.100000,9.9945320734e-04,1.6373029744e+00
34.150000,9.9803429916e-04,1.8714106199e+00
34.200000,9.9942694342e-04,1.7612297917e+00
34.250000,9.9866123901e-04,1.9326041961e+00
34.300000,9.9936274484e-04,1.6439717859e+00
34.350000,1.0000057821e-03,1.9388719278e+00
34.400000,9.9968808389e-04,1.7861255493e+00
34.450000,1.0008568377e-03,1.7721532964e+00
34.500000,1.0004835300e-03,1.7833271247e+00
34.550000,9.9973511409e-04,1.8823004885e+00
34.600000,1.0000821280e-03,1.8830820318e+00
34.650000,1.0014223462e-03,1.9226135755e+00
34.700000,1.0005669839e-03,1.8029721196e+00
34.750000,9.9897165849e-04,1.7433676807e+00
34.800000,9.9909928200e-04,1.8518145406e+00
34.850000,9.9773766266e-04,1.7628008235e+00
34.900000,1.0007764899e-03,1.8459415431e+00
34.950000,9.9845399133e-04,1.8103802603e+00
35.000000,1.0014823009e-03,1.6459587355e+00
35.050000,1.0004171345e-03,1.9779756110e+00
35.100000,1.0016656126e-03,1.8120831551e+00
35.150000,9.9976582135e-04,1.8044167278e+00
35.200000,1.0001146150e-03,1.7346917637e+00
35.250000,1.0002556522e-03,1.8842406546e+00
35.300000,1.0004369441e-03,1.8145023460e+00
35.350000,1.0003471399e-03,1.8141430840e+00
35.400000,1.0007545530e-03,1.7688193809e+00
35.450000,1.0010601183e-03,1.7067249709e+00
35.500000,9.9902543557e-04,1.8429364909e+00
35.550000,1.0006587970e-03,1.9878638239e+00
35.600000,1.0026578616e-03,1.8900104749e+00
35.650000,9.9952217362e-04,1.7986769522e+00
35.700000,9.9971377201e-04,1.8377314085e+00
35.750000,1.0004331671e-03,1.7274757325e+00
35.800000,9.9824384960e-04,1.6533100799e+00
35.850000,1.0002646273e-03,1.8823887197e+00
35.900000,1.0009424938e-03,1.7560948371e+00
35.950000,1.0007925577e-03,1.7793494729e+00
36.000000,9.9974507833e-04,1.9198084134e+00
36.050000,1.0002454942e-03,1.7726011495e+00
36.100000,9.9923858357e-04,1.6533556162e+00
36.150000,1.0000114336e-03,1.9021178327e+00
36.200000,9.9918874756e-04,1.7029387086e+00
36.250000,9.9963062659e-04,1.9050275898e+00
36.300000,1.0003138568e-03,1.9660856526e+00
36.350000,9.9967775870e-04,1.8332003675e+00
36.400000,1.0009754945e-03,1.9137016997e+00
36.450000,1.0007630040e-03,1.8100621708e+00
36.500000,9.9986560647e-04,1.8466467689e+00
36.550000,1.0013393800e-03,1.7593269448e+00
36.600000,1.0010396235e-03,1.7864163125e+00
36.650000,9.9789482019e-04,1.8287648853e+00
36.700000,1.0009110619e-03,1.5934879635e+00
36.750000,1.0005213436e-03,1.6885519111e+00
36.800000,1.0001755932e-03,1.8683751624e+00
36.850000,9.9924216940e-04,1.6987285982e+00
36.900000,1.0024184553e-03,1.8720266424e+00
36.950000,1.0011603757e-03,1.8210863524e+00
37.000000,1.0003481640e-03,1.8321702175e+00
37.050000,9.9984372162e-04,1.7973073379e+00
37.100000,9.9973308150e-04,1.6768442160e+00
37.150000,9.9907161174e-04,1.8532635878e+00
37.200000,1.0021441489e-03,1.9238639821e+00
37.250000,9.9931588913e-04,1.8656075722e+00
37.300000,9.9936257853e-04,1.7298188658e+00
37.350000,9.9924450867e-04,1.6649108440e+00
37.400000,9.9943478734e-04,1.7108948834e+00
37.450000,9.9919537924e-04,1.8069044053e+00
37.500000,1.0009892549e-03,1.8150481793e+00
37.550000,1.0016926025e-03,1.9309044755e+00
37.600000,1.0001801473e-03,1.8007119040e+00
37.650000,9.9938098289e-04,1.7878776067e+00
37.700000,1.0002021824e-03,1.9298034022e+00
37.750000,9.9937567209e-04,1.8238754878e+00
37.800000,9.9998730665e-04,1.7150644544e+00
37.850000,9.9963346412e-04,1.7645944823e+00
37.900000,1.0003544850e-03,1.7695452303e+00
37.950000,9.9910896431e-04,1.6881674285e+00
38.000000,9.9862824963e-04,1.8004661172e+00
38.050000,9.9908913666e-04,1.6800712927e+00
38.100000,9.9920121636e-04,1.7640010846e+00
38.150000,1.0008911624e-03,1.6334875943e+00
38.200000,1.0001872497e-03,1.8656765098e+00
38.250000,9.9885215458e-04,1.8630629773e+00
38.300000,1.0004465583e-03,1.7382553502e+00
38.350000,9.9937434866e-04,1.7755521683e+00
38.400000,1.0004229782e-03,1.6185949033e+00
38.450000,9.9905439122e-04,1.7176609606e+00
38.500000,9.9935799557e-04,1.6620999900e+00
38.550000,9.9999812851e-04,1.6281755185e+00
38.600000,9.9979823855e-04,1.7520925533e+00
38.650000,9.9957273627e-04,1.8428760161e+00
38.700000,9.9978859951e-04,1.6907547259e+00
38.750000,1.0014127122e-03,1.8386734193e+00
38.800000,1.0000029460e-03,1.8225804467e+00
38.850000,9.9990577214e-04,1.7366516816e+00
38.900000,9.9865350880e-04,1.7411386448e+00
38.950000,1.0009519149e-03,1.7550563516e+00
39.000000,9.9729215492e-04,1.8419131615e+00
39.050000,1.0009506625e-03,1.8751660787e+00
39.100000,9.9965320454e-04,1.7909867197e+00
39.150000,9.9736865593e-04,1.7788196533e+00
39.200000,1.0010876613e-03,1.7214782080e+00
39.250000,9.9967422119e-04,1.8933563478e+00
39.300000,1.0005165816e-03,1.8255627443e+00
39.350000,1.0000223191e-03,1.7216720386e+00
39.400000,1.0002948735e-03,1.7387709811e+00
39.450000,9.9863973899e-04,1.7493957700e+00
39.500000,9.9867462230e-04,1.8561249700e+00
39.550000,9.9834501244e-04,1.8400571495e+00
39.600000,1.0001500313e-03,1.7084784087e+00
39.650000,1.0002088914e-03,1.8435159187e+00
39.700000,1.0012362951e-03,1.7390114992e+00
39.750000,9.9956806089e-04,1.7088610844e+00
39.800000,1.0002953001e-03,1.6697272017e+00
39.850000,9.9850119363e-04,1.8067803943e+00
39.900000,1.0011789336e-03,1.6646639595e+00
39.950000,1.0011173602e-03,1.7247301138e+00
40.000000,9.9973155221e-04,1.8128319974e+00
40.050000,1.0004410782e-03,1.7368112474e+00
40.100000,9.9910499185e-04,1.8148041359e+00
40.150000,9.9941805458e-04,1.8010385890e+00
40.200000,1.0011300342e-03,1.8805029174e+00
40.250000,9.9921559849e-04,1.8796586098e+00
40.300000,1.0004668361e-03,1.7669290203e+00
40.350000,9.9584636337e-04,1.7904415000e+00
40.400000,9.9969258094e-04,1.7686412517e+00
40.450000,1.0005708935e-03,1.7735467585e+00
40.500000,1.0001469608e-03,1.7430162269e+00
40.550000,9.9952044892e-04,1.7549443615e+00
40.600000,9.9918053012e-04,1.7743016751e+00
40.650000,9.9853544859e-04,1.8351858166e+00
40.700000,9.9999891006e-04,1.6340892089e+00
40.750000,9.9923208184e-04,1.7534445603e+00
40.800000,9.9985454575e-04,1.6783863684e+00
40.850000,9.9933434383e-04,1.6264474061e+00
40.900000,9.9886013470e-04,1.5556394316e+00
40.950000,9.9896098002e-04,1.7580447468e+00
41.000000,1.0009403599e-03,1.8885767100e+00
41.050000,1.0002747560e-03,1.9609734688e+00
41.100000,9.9921783781e-04,1.6447886572e+00
41.150000,9.9858580308e-04,1.7346085127e+00
41.200000,1.0006263706e-03,1.8080681466e+00
41.250000,1.0006239704e-03,1.6908012236e+00
41.300000,9.9984399790e-04,1.7337207431e+00
41.350000,9.9956585508e-04,1.8051117344e+00
41.400000,9.9907353052e-04,1.6750922125e+00
41.450000,9.9920778849e-04,1.6752035102e+00
41.500000,1.0007636486e-03,1.6985136710e+00
41.550000,9.9964071896e-04,1.7525012694e+00
41.600000,1.0013143647e-03,1.6446404258e+00
41.650000,9.9981893565e-04,1.8386677964e+00
41.700000,1.0020829148e-03,1.8246632807e+00
41.750000,9.9863550000e-04,1.7758846705e+00
41.800000,1.0004805004e-03,1.7438485859e+00
41.850000,9.9964547630e-04,1.6343673572e+00
41.900000,9.9997832480e-04,1.6831920701e+00
41.950000,9.9956517372e-04,1.5875127094e+00
42.000000,9.9980402734e-04,1.8165200246e+00
42.050000,9.9957452540e-04,1.7165261321e+00
42.100000,9.9984715991e-04,1.6435066792e+00
42.150000,1.0020602648e-03,1.7051482599e+00
42.200000,9.9904411380e-04,1.8668754787e+00
42.250000,9.9830756379e-04,1.8543052087e+00
42.300000,1.0001039128e-03,1.8319486034e+00
42.350000,1.0002696240e-03,1.7002692857e+00
42.400000,9.9968201710e-04,1.7408075125e+00
42.450000,1.0000801158e-03,1.7520784321e+00
42.500000,9.9835826298e-04,1.7342790724e+00
42.550000,9.9915885045e-04,1.7072834663e+00
42.600000,9.9857307948e-04,1.8057920734e+00
42.650000,9.9982982870e-04,1.6890607074e+00
42.700000,1.0001839869e-03,1.7833183987e+00
42.750000,1.0001798290e-03,1.7025521420e+00
42.800000,9.9942993703e-04,1.6834207017e+00
42.850000,9.9879131406e-04,1.5032883508e+00
42.900000,1.0004835229e-03,1.7155667679e+00
42.950000,9.9898169845e-04,1.8301095663e+00
43.000000,1.0005915423e-03,1.6213375100e+00
43.050000,1.0004537734e-03,1.6840498626e+00
43.100000,1.0001399878e-03,1.7907734593e+00
43.150000,1.0004036152e-03,1.7118419952e+00
43.200000,1.0001494703e-03,1.6455248395e+00
43.250000,1.0001400070e-03,1.6142605177e+00
43.300000,1.0008458940e-03,1.6457078047e+00
43.350000,1.0010676330e-03,1.7153902541e+00
43.400000,1.0005933880e-03,1.6921520320e+00
43.450000,9.9865386222e-04,1.6958157005e+00
43.500000,1.0013032311e-03,1.8068210840e+00
43.550000,1.0004691998e-03,1.8558454190e+00
43.600000,1.0005382354e-03,1.7310658298e+00
43.650000,1.0010741618e-03,1.5990355474e+00
43.700000,9.9997313680e-04,1.6090019047e+00
43.750000,9.9906322448e-04,1.6680071637e+00
43.800000,9.9970634644e-04,1.7617085976e+00
43.850000,1.0008856916e-03,1.7561787357e+00
43.900000,1.0002262911e-03,1.8854008797e+00
43.950000,9.9955163160e-04,1.7264246787e+00
44.000000,1.0002717089e-03,1.7461218532e+00
44.050000,1.0007191652e-03,1.6320990666e+00
44.100000,1.0010850064e-03,1.7534819981e+00
44.150000,1.0002198330e-03,1.6285438965e+00
44.200000,1.0007535859e-03,1.7641263423e+00
44.250000,1.0003469087e-03,1.6972443877e+00
44.300000,9.9888729876e-04,1.5753955814e+00
44.350000,9.9892327581e-04,1.8772728332e+00
44.400000,1.0010598760e-03,1.6382695830e+00
44.450000,9.9860069339e-04,1.6887530120e+00
44.500000,9.9950620745e-04,1.7856013845e+00
44.550000,1.0013109391e-03,1.7710926627e+00
44.600000,1.0003754708e-03,1.7291877736e+00
44.650000,9.9743804616e-04,1.9133532340e+00
44.700000,1.0007483403e-03,1.6360996413e+00
44.750000,1.0000968572e-03,1.7154918855e+00
44.800000,9.9926130100e-04,1.8615869853e+00
44.850000,1.0011319098e-03,1.6641424301e+00
44.900000,9.9911075077e-04,1.7869622139e+00
44.950000,9.9925731948e-04,1.7448337778e+00
45.000000,9.9981927652e-04,1.5950346373e+00
45.050000,9.9994401616e-04,1.4613312260e+00
45.100000,9.9892466702e-04,1.8736100397e+00
45.150000,1.0023867524e-03,1.7142072148e+00
45.200000,1.0011307164e-03,1.7664657005e+00
45.250000,1.0022466012e-03,1.6493774914e+00
45.300000,9.9935268145e-04,1.5988431345e+00
45.350000,9.9951657836e-04,1.7504368771e+00
45.400000,1.0012012199e-03,1.5293603949e+00
45.450000,9.9932196893e-04,1.6370777083e+00
45.500000,9.9953156287e-04,1.7901060059e+00
45.550000,9.9936255714e-04,1.6637398140e+00
45.600000,9.9972520973e-04,1.7887004713e+00
45.650000,9.9848725720e-04,1.8189409773e+00
45.700000,9.9971228699e-04,1.7280036510e+00
45.750000,9.9914517869e-04,1.7846874141e+00
45.800000,1.0002321692e-03,1.5350848804e+00
45.850000,1.0000985136e-03,1.9727488460e+00
45.900000,1.0005308940e-03,1.5656905858e+00
45.950000,9.9886868591e-04,1.6373315221e+00
46.000000,9.9926653503e-04,1.7101093056e+00
46.050000,9.9922416653e-04,1.8053332400e+00
46.100000,1.0004196290e-03,1.6307687777e+00
46.150000,1.0007550505e-03,1.8077842751e+00
46.200000,9.9942151329e-04,1.7470373356e+00
46.250000,9.9787626251e-04,1.8055251060e+00
46.300000,1.0007970767e-03,1.6599332116e+00
46.350000,1.0011720445e-03,1.8395269268e+00
46.400000,9.9918405999e-04,1.7846170767e+00
46.450000,1.0019800109e-03,1.7071711061e+00
46.500000,9.9929714734e-04,1.5232741710e+00
46.550000,9.9932791703e-04,1.6398949102e+00
46.600000,1.0014731942e-03,1.7639239360e+00
46.650000,9.9947979739e-04,1.8747709576e+00
46.700000,1.0003856581e-03,1.4255342773e+00
46.750000,1.0004634390e-03,1.6577896311e+00
46.800000,1.0007754369e-03,1.6718607122e+00
46.850000,1.0001744780e-03,1.7051772630e+00
46.900000,9.9932358433e-04,1.7837142046e+00
46.950000,1.0006580040e-03,1.6422313297e+00
47.000000,9.9857868460e-04,1.7167565573e+00
47.050000,9.9954917954e-04,1.6933221116e+00
47.100000,1.0005917260e-03,1.6414043506e+00
47.150000,9.9849328877e-04,1.8591098979e+00
47.200000,1.0003571805e-03,1.6907124147e+00
47.250000,9.9981465921e-04,1.6487007413e+00
47.300000,1.0011001904e-03,1.7860703394e+00
47.350000,9.9931956167e-04,1.6611600901e+00
47.400000,9.9837964308e-04,1.6053220343e+00
47.450000,1.0018868604e-03,1.4852274925e+00
47.500000,9.9929005557e-04,1.7610617633e+00
47.550000,9.9854014068e-04,1.6130845064e+00
47.600000,9.9819231718e-04,1.8370446410e+00
47.650000,9.9976415403e-04,1.5266128650e+00
47.700000,9.9920081078e-04,1.5702429858e+00
47.750000,1.0002410188e-03,1.6415331178e+00
47.800000,1.0016814001e-03,1.6876100938e+00
47.850000,1.0021900066e-03,1.6208279332e+00
47.900000,1.0016437107e-03,1.6226618392e+00
47.950000,9.9819661708e-04,1.7364646533e+00
48.000000,9.9980936677e-04,1.7686574412e+00
48.050000,1.0012253092e-03,1.6995848008e+00
48.100000,9.9930068103e-04,1.6461241835e+00
48.150000,9.9924806391e-04,1.5737329666e+00
48.200000,1.0009065319e-03,1.6729024967e+00
48.250000,1.0011265321e-03,1.6872551781e+00
48.300000,1.0002252939e-03,1.6434216722e+00
48.350000,1.0005569035e-03,1.7510985750e+00
48.400000,9.9894879961e-04,1.5448675166e+00
48.450000,1.0004167783e-03,1.7141620888e+00
48.500000,9.9884648158e-04,1.6917848435e+00
48.550000,1.0017822013e-03,1.7000223791e+00
48.600000,1.0012645852e-03,1.8172812823e+00
48.650000,1.0001779938e-03,1.7062592229e+00
48.700000,9.9973977981e-04,1.7527436285e+00
48.750000,9.9913896348e-04,1.6133291981e+00
48.800000,9.9989734605e-04,1.6411893387e+00
48.850000,9.9983686793e-04,1.6191344341e+00
48.900000,9.9990652396e-04,1.7450138756e+00
48.950000,9.9987182369e-04,1.7091601271e+00
49.000000,1.0020199951e-03,1.7227508876e+00
49.050000,1.0006495304e-03,1.6372269940e+00
49.100000,9.9975051331e-04,1.5777708425e+00
49.150000,1.0000241769e-03,1.6719462866e+00
49.200000,9.9954797181e-04,1.8096634288e+00
49.250000,9.9957394836e-04,1.8097053916e+00
49.300000,9.9956027331e-04,1.7291753935e+00
49.350000,9.9980150267e-04,1.6503820325e+00
49.400000,1.0006614943e-03,1.6842242093e+00
49.450000,9.9781759713e-04,1.6461135418e+00
49.500000,1.0000926926e-03,1.6827230016e+00
49.550000,1.0008715683e-03,1.7001414908e+00
49.600000,1.0011034936e-03,1.7793548381e+00
49.650000,9.9987658703e-04,1.7242662725e+00
49.700000,9.9934639915e-04,1.6654462449e+00
49.750000,9.9931944982e-04,1.7104138066e+00
49.800000,1.0002161157e-03,1.7043044183e+00
49.850000,1.0017856868e-03,1.6453666954e+00
49.900000,9.9919788896e-04,1.6099176474e+00
49.950000,1.0006823733e-03,1.6438322243e+00
50.000000,1.0000742067e-03,1.7706650748e+00
50.050000,9.9967711442e-04,1.7806993717e+00
50.100000,9.9984855054e-04,1.8579128524e+00
50.150000,1.0012636606e-03,1.6597428746e+00
50.200000,1.0016063256e-03,1.7447921737e+00
50.250000,1.0006395304e-03,1.7080277407e+00
50.300000,9.9918179515e-04,1.5447180936e+00
50.350000,1.0013190343e-03,1.7174513760e+00
50.400000,9.9908841251e-04,1.6692902386e+00
50.450000,9.9963616558e-04,1.7915505330e+00
50.500000,9.9955214048e-04,1.6562170594e+00
50.550000,1.0002237131e-03,1.5588875781e+00
50.600000,1.0006749567e-03,1.7364466476e+00
50.650000,1.0005268339e-03,1.7063687389e+00
50.700000,1.0021190434e-03,1.6141309287e+00
50.750000,1.0001336072e-03,1.7357221002e+00
50.800000,1.0003302453e-03,1.7142936352e+00
50.850000,9.9979646688e-04,1.7401068177e+00
50.900000,1.0001917200e-03,1.8569392065e+00
50.950000,9.9980545148e-04,1.5798185604e+00
51.000000,9.9957316052e-04,1.7346182853e+00
51.050000,1.0008223660e-03,1.7166263194e+00
51.100000,9.9909635691e-04,1.6771476659e+00
51.150000,9.9926521685e-04,1.7082100669e+00
51.200000,9.9968698859e-04,1.6361684583e+00
51.250000,9.9937949182e-04,1.6103072761e+00
51.300000,1.0011201608e-03,1.6253887462e+00
51.350000,9.9986015407e-04,1.6866833958e+00
51.400000,9.9922328886e-04,1.6607148526e+00
51.450000,1.0019206105e-03,1.5777769096e+00
51.500000,1.0008136126e-03,1.6650552882e+00
51.550000,1.0014566854e-03,1.7879758947e+00
51.600000,1.0005659918e-03,1.7961880332e+00
51.650000,9.9958975617e-04,1.7149685520e+00
51.700000,1.0017360286e-03,1.6958215351e+00
51.750000,9.9933502159e-04,1.7538532501e+00
51.800000,9.9897880693e-04,1.5066646716e+00
51.850000,9.9880404448e-04,1.7057841048e+00
51.900000,9.9918921030e-04,1.6559663273e+00
51.950000,9.9934724673e-04,1.5667482981e+00
52.000000,9.9881382477e-04,1.6458756303e+00
52.050000,1.0003872748e-03,1.8191895402e+00
52.100000,1.0002812798e-03,1.6650682071e+00
52.150000,1.0014163246e-03,1.5915655476e+00
52.200000,1.0017949882e-03,1.7118050577e+00
52.250000,9.9975823528e-04,1.6739018300e+00
52.300000,9.9999790807e-04,1.7190188975e+00
52.350000,9.9938924911e-04,1.6141735397e+00
52.400000,9.9926907180e-04,1.4411470480e+00
52.450000,1.0012799055e-03,1.7115710795e+00
52.500000,1.0015578934e-03,1.7343793470e+00
52.550000,1.0012647289e-03,1.5768677930e+00
52.600000,9.9984995185e-04,1.6356684452e+00
52.650000,1.0003043535e-03,1.7475455775e+00
52.700000,1.0005587425e-03,1.6882280489e+00
52.750000,9.9931468191e-04,1.6919283561e+00
52.800000,9.9815358568e-04,1.6186353674e+00
52.850000,9.9907305530e-04,1.6989686248e+00
52.900000,9.9878538795e-04,1.7101080129e+00
52.950000,9.9964383163e-04,1.4736838899e+00
53.000000,9.9938586273e-04,1.7755363748e+00
53.050000,9.9980695894e-04,1.6227264718e+00
53.100000,9.9972718137e-04,1.5367528707e+00
53.150000,1.0005329722e-03,1.7163410516e+00
53.200000,9.9844132839e-04,1.4318637524e+00
53.250000,9.9818841255e-04,1.7291231519e+00
53.300000,9.9835548129e-04,1.6729763079e+00
53.350000,1.0006993508e-03,1.5382735180e+00
53.400000,1.0002185895e-03,1.5334802989e+00
53.450000,1.0016154899e-03,1.6022009266e+00
53.500000,9.9920061100e-04,1.6699121853e+00
53.550000,9.9846371925e-04,1.7519347254e+00
53.600000,1.0009142486e-03,1.7509290655e+00
53.650000,9.9927960825e-04,1.6617935130e+00
53.700000,1.0008787181e-03,1.7061572454e+00
53.750000,1.0009247548e-03,1.7236185020e+00
53.800000,1.0012701859e-03,1.7302401506e+00
53.850000,9.9993201249e-04,1.5901055582e+00
53.900000,9.9954312783e-04,1.6561340744e+00
53.950000,1.0002946530e-03,1.6609673990e+00
54.000000,1.0010974751e-03,1.7320747964e+00
54.050000,1.0002405068e-03,1.7089605928e+00
54.100000,9.9993359863e-04,1.6976582088e+00
54.150000,9.9998463872e-04,1.5202722503e+00
54.200000,9.9881023931e-04,1.7243128341e+00
54.250000,9.9924082056e-04,1.6170029893e+00
54.300000,9.9860946296e-04,1.5420742969e+00
54.350000,1.0010614671e-03,1.6760709585e+00
54.400000,9.9843017494e-04,1.5563843682e+00
54.450000,9.9869626478e-04,1.5367567106e+00
54.500000,9.9868406016e-04,1.5974285165e+00
54.550000,9.9923453253e-04,1.7523776808e+00
54.600000,1.0004680343e-03,1.6705072001e+00
54.650000,1.0009618013e-03,1.6107667440e+00
54.700000,9.9983252506e-04,1.7034658955e+00
54.750000,9.9747027774e-04,1.6076989715e+00
54.800000,9.9914358511e-04,1.6130770770e+00
54.850000,1.0019684205e-03,1.6210738553e+00
54.900000,1.0000491798e-03,1.4754825238e+00
54.950000,9.9876431692e-04,1.7664762635e+00
55.000000,1.0033450226e-03,1.6176978542e+00
55.050000,9.9965576988e-04,1.5172809836e+00
55.100000,9.9821496777e-04,1.5455343494e+00
55.150000,9.9891438387e-04,1.6350211093e+00
55.200000,9.9952778989e-04,1.7551474314e+00
55.250000,1.0015633054e-03,1.7505812843e+00
55.300000,1.0021957589e-03,1.7812176484e+00
55.350000,9.9944024653e-04,1.6853428279e+00
55.400000,1.0007141756e-03,1.6524889264e+00
55.450000,1.0001520172e-03,1.6125000066e+00
55.500000,1.0004224165e-03,1.7312421485e+00
55.550000,9.9937924173e-04,1.6192368815e+00
55.600000,1.0000066502e-03,1.6357670823e+00
55.650000,1.0009533355e-03,1.6300743073e+00
55.700000,1.0001352738e-03,1.7326976034e+00
55.750000,9.9945747784e-04,1.5771653228e+00
55.800000,1.0000073634e-03,1.5459380293e+00
55.850000,1.0008668996e-03,1.5881015343e+00
55.900000,9.9986416264e-04,1.5958018164e+00
55.950000,1.0001236620e-03,1.6395807700e+00
56.000000,9.9987635212e-04,1.5415977298e+00
56.050000,1.0009345834e-03,1.5719938039e+00
56.100000,9.9955191242e-04,1.6895637213e+00
56.150000,9.9875150216e-04,1.6184585723e+00
56.200000,9.9920299835e-04,1.6259866412e+00
56.250000,9.9933340701e-04,1.5482649724e+00
56.300000,9.9912187349e-04,1.6744854291e+00
56.350000,1.0002645788e-03,1.6602864301e+00
56.400000,1.0008752095e-03,1.7040567705e+00
56.450000,9.9971037704e-04,1.4993032224e+00
56.500000,1.0007939416e-03,1.6908508106e+00
56.550000,1.0003730665e-03,1.6580385739e+00
56.600000,9.9883216708e-04,1.6230736146e+00
56.650000,9.9850616750e-04,1.6058673411e+00
56.700000,9.9911519194e-04,1.7957977500e+00
56.750000,9.9961614658e-04,1.6806116952e+00
56.800000,1.0014077890e-03,1.6109030040e+00
56.850000,1.0021709057e-03,1.6724978163e+00
56.900000,9.9951944673e-04,1.6648799987e+00
56.950000,1.0005906175e-03,1.6467831878e+00
57.000000,1.0001078063e-03,1.6972094435e+00
57.050000,1.0012493012e-03,1.7824134515e+00
57.100000,1.0003211984e-03,1.5971170696e+00
57.150000,9.9951245250e-04,1.6523182526e+00
57.200000,1.0006398154e-03,1.4438351090e+00
57.250000,1.0001235301e-03,1.6829290332e+00
57.300000,1.0008059454e-03,1.6171954173e+00
57.350000,9.9862205815e-04,1.7490770861e+00
57.400000,9.9827215007e-04,1.7324946664e+00
57.450000,1.0001164468e-03,1.7669164473e+00
57.500000,1.0000963623e-03,1.5716850960e+00
57.550000,9.9922437543e-04,1.6476271929e+00
57.600000,9.9818284119e-04,1.6773548079e+00
57.650000,9.9954450494e-04,1.6761523854e+00
57.700000,1.0016452782e-03,1.5685356422e+00
57.750000,1.0000832601e-03,1.7337391074e+00
57.800000,1.0016757583e-03,1.5919395752e+00
57.850000,1.0010104785e-03,1.6474224198e+00
57.900000,1.0008727474e-03,1.6055117639e+00
57.950000,9.9956249550e-04,1.6153714573e+00
58.000000,1.0002628132e-03,1.5342952205e+00
58.050000,1.0009520680e-03,1.7520343351e+00
58.100000,1.0001666427e-03,1.8700479214e+00
58.150000,1.0002695228e-03,1.5675514156e+00
58.200000,1.0016030611e-03,1.7137801875e+00
58.250000,9.9820505324e-04,1.6454492675e+00
58.300000,1.0001255370e-03,1.6878446919e+00
58.350000,9.9756789045e-04,1.6385538095e+00
58.400000,9.9963901658e-04,1.6319771983e+00
58.450000,9.9978006175e-04,1.6595119827e+00
58.500000,9.9981990048e-04,1.6307252346e+00
58.550000,9.9927127258e-04,1.7670642130e+00
58.600000,1.0004686682e-03,1.6438988469e+00
58.650000,9.9912116959e-04,1.6291996691e+00
58.700000,9.9924640871e-04,1.6504104048e+00
58.750000,9.9805081929e-04,1.6216009064e+00
58.800000,9.9983513235e-04,1.6732212576e+00
58.850000,9.9955830228e-04,1.5375911091e+00
58.900000,9.9965320163e-04,1.5867122069e+00
58.950000,9.9907867265e-04,1.6982500037e+00
59.000000,9.9966447752e-04,1.5995299886e+00
59.050000,1.0002757974e-03,1.6438830313e+00
59.100000,1.0015863398e-03,1.6505699503e+00
59.150000,9.9970125387e-04,1.6433488884e+00
59.200000,1.0018117592e-03,1.6302132842e+00
59.250000,9.9773156573e-04,1.7438019907e+00
59.300000,1.0007476530e-03,1.6343514345e+00
59.350000,1.0005538519e-03,1.5240009883e+00
59.400000,9.9981740931e-04,1.6137176762e+00
59.450000,9.9898092496e-04,1.5899486884e+00
59.500000,1.0000949134e-03,1.6003725055e+00
59.550000,9.9923643407e-04,1.7134995441e+00
59.600000,1.0012662754e-03,1.6717361918e+00
59.650000,1.0011967693e-03,1.6906922024e+00
59.700000,9.9872822030e-04,1.6988221708e+00
59.750000,1.0014859424e-03,1.5119286008e+00
59.800000,9.9912137005e-04,1.6027968973e+00
59.850000,1.0009286201e-03,1.6240043959e+00
59.900000,9.9971429320e-04,1.5023523572e+00
59.950000,1.0009953369e-03,1.7915757643e+00
60.000000,9.9898359467e-04,1.5190348885e+00
60.050000,9.9944573202e-04,1.5688120790e+00
60.100000,9.9916394500e-04,1.5787924696e+00
60.150000,9.9976757315e-04,1.6084658456e+00
60.200000,1.0007167816e-03,1.5192191664e+00
60.250000,1.0007994008e-03,1.6378974442e+00
60.300000,9.9928365898e-04,1.7131569391e+00
60.350000,1.0012071138e-03,1.6869348817e+00
60.400000,1.0006705681e-03,1.5864297791e+00
60.450000,9.9883998249e-04,1.7244548508e+00
60.500000,1.0007468112e-03,1.7201693681e+00
60.550000,1.0003825496e-03,1.7794376708e+00
60.600000,9.9928842106e-04,1.5610918128e+00
60.650000,9.9982907954e-04,1.8220283250e+00
60.700000,1.0006375961e-03,1.6428396303e+00
60.750000,9.9859759460e-04,1.5857188008e+00
60.800000,1.0003725457e-03,1.7388611777e+00
60.850000,9.9969510249e-04,1.6741653981e+00
60.900000,9.9995249357e-04,1.4831137149e+00
60.950000,1.0000039888e-03,1.6860329541e+00
61.000000,9.9877665033e-04,1.6870730717e+00
61.050000,1.0009641012e-03,1.5817628522e+00
61.100000,9.9834347407e-04,1.5830808877e+00
61.150000,1.0014577429e-03,1.5462304117e+00
61.200000,9.9827743705e-04,1.6927176180e+00
61.250000,1.0010802021e-03,1.7181748959e+00
61.300000,1.0009486352e-03,1.6738670333e+00
61.350000,1.0005150757e-03,1.5734906782e+00
61.400000,1.0005582732e-03,1.5592268039e+00
61.450000,9.9874343099e-04,1.7441334004e+00
61.500000,9.9878455233e-04,1.5843469236e+00
61.550000,1.0000427294e-03,1.7780829348e+00
61.600000,1.0004712692e-03,1.6104685711e+00
61.650000,1.0000342491e-03,1.7960215478e+00
61.700000,1.0006595041e-03,1.6843081008e+00
61.750000,1.0002077360e-03,1.7622325864e+00
61.800000,9.9955801739e-04,1.7204039795e+00
61.850000,9.9998924867e-04,1.6434908803e+00
61.900000,9.9869180855e-04,1.5638843912e+00
61.950000,9.9961162488e-04,1.5832998679e+00
62.000000,9.9935326997e-04,1.6911557444e+00
62.050000,9.9817926106e-04,1.6489459536e+00
62.100000,9.9996918855e-04,1.6637686939e+00
62.150000,1.0008758617e-03,1.7134672008e+00
62.200000,9.9830591891e-04,1.7518812635e+00
62.250000,9.9741749158e-04,1.6768660646e+00
62.300000,1.0013596772e-03,1.6415199717e+00
62.350000,1.0010903716e-03,1.6795954428e+00
62.400000,1.0016311730e-03,1.4628945882e+00
62.450000,9.9951694543e-04,1.6907577655e+00
62.500000,1.0005612630e-03,1.5867969977e+00
62.550000,9.9897264245e-04,1.5959126876e+00
62.600000,9.9963666266e-04,1.4664825221e+00
62.650000,1.0006745505e-03,1.5877384122e+00
62.700000,9.9908019678e-04,1.7124899849e+00
62.750000,9.9854881946e-04,1.5276077780e+00
62.800000,9.9880401645e-04,1.4377681780e+00
62.850000,9.9872534633e-04,1.6948565367e+00
62.900000,9.9941945503e-04,1.7602761422e+00
62.950000,9.9926406844e-04,1.7165725964e+00
63.000000,1.0000889967e-03,1.4353422239e+00
63.050000,9.9906693540e-04,1.6647056597e+00
63.100000,1.0003826271e-03,1.7308896481e+00
63.150000,1.0013570646e-03,1.6683765283e+00
63.200000,1.0006050629e-03,1.6566279952e+00
63.250000,9.9934359656e-04,1.5954405351e+00
63.300000,1.0000219996e-03,1.7854947553e+00
63.350000,9.9996477353e-04,1.7083662888e+00
63.400000,9.9894051926e-04,1.5655999749e+00
63.450000,9.9899785235e-04,1.6461375794e+00
63.500000,1.0000438856e-03,1.6263615468e+00
63.550000,1.0011795459e-03,1.6244723022e+00
63.600000,9.9917404644e-04,1.6073354252e+00
63.650000,1.0000405967e-03,1.5008208647e+00
63.700000,9.9875087699e-04,1.6694308436e+00
63.750000,1.0001108127e-03,1.5307275908e+00
63.800000,9.9931345007e-04,1.6656090952e+00
63.850000,1.0003648138e-03,1.7217187036e+00
63.900000,9.9970350557e-04,1.6031363837e+00
63.950000,9.9897260616e-04,1.6289176598e+00
64.000000,1.0016600792e-03,1.6298811439e+00
64.050000,1.0006821725e-03,1.4845338573e+00
64.100000,9.9818224973e-04,1.6567731503e+00
64.150000,1.0003776774e-03,1.7429852387e+00
64.200000,1.0013266621e-03,1.7008691264e+00
64.250000,1.0001589788e-03,1.6650310973e+00
64.300000,9.9853287981e-04,1.5477323367e+00
64.350000,9.9975043225e-04,1.5959113742e+00
64.400000,1.0022245563e-03,1.7151483199e+00
64.450000,1.0007632681e-03,1.4988363641e+00
64.500000,9.9994074666e-04,1.5222164557e+00
64.550000,9.9873912526e-04,1.7247693175e+00
64.600000,1.0002396016e-03,1.5902448828e+00
64.650000,9.9994575642e-04,1.7900330261e+00
64.700000,9.9903709293e-04,1.6455349861e+00
64.750000,1.0004148663e-03,1.7179392661e+00
64.800000,9.9920027428e-04,1.7398854771e+00
64.850000,9.9942256958e-04,1.6792868911e+00
64.900000,1.0018642412e-03,1.6128268758e+00
64.950000,9.9892951133e-04,1.6504659138e+00
65.000000,1.0005797824e-03,1.6130655693e+00
65.050000,1.0013580896e-03,1.6285327389e+00
65.100000,9.9999522252e-04,1.6732415640e+00
65.150000,1.0009842549e-03,1.6129679423e+00
65.200000,9.9988166699e-04,1.4815513867e+00
65.250000,1.0008468390e-03,1.6194578504e+00
65.300000,1.0013432057e-03,1.7136971614e+00
65.350000,1.0013900152e-03,1.5102319366e+00
65.400000,9.9791876161e-04,1.5305208994e+00
65.450000,9.9962176784e-04,1.7096636207e+00
65.500000,1.0001689650e-03,1.6344893712e+00
65.550000,9.9846368880e-04,1.6994250817e+00
65.600000,1.0009223354e-03,1.7871682238e+00
65.650000,9.9840660608e-04,1.7210756876e+00
65.700000,9.9999084716e-04,1.5516198512e+00
65.750000,9.9909927081e-04,1.5876873159e+00
65.800000,1.0004060993e-03,1.6419270459e+00
65.850000,9.9867881109e-04,1.6022806065e+00
65.900000,9.9768330447e-04,1.5855354800e+00
65.950000,1.0016920680e-03,1.6417224168e+00
66.000000,1.0009771769e-03,1.6877807916e+00
66.050000,9.9936630579e-04,1.6701168172e+00
66.100000,1.0008299886e-03,1.6658191710e+00
66.150000,1.0001388388e-03,1.5931053020e+00
66.200000,1.0004499994e-03,1.6468711792e+00
66.250000,1.0001182194e-03,1.4943755239e+00
66.300000,1.0006390853e-03,1.6132776450e+00
66.350000,1.0004337212e-03,1.5942252338e+00
66.400000,9.9856898390e-04,1.5538994299e+00
66.450000,9.9906275620e-04,1.6625505003e+00
66.500000,9.9957721245e-04,1.6125742701e+00
66.550000,1.0004656334e-03,1.5329861977e+00
66.600000,9.9989431602e-04,1.5024806230e+00
66.650000,1.0004262602e-03,1.4630670792e+00
66.700000,9.9970656277e-04,1.6191713526e+00
66.750000,1.0013307093e-03,1.5901859749e+00
66.800000,9.9943603756e-04,1.6418695314e+00
66.850000,9.9978795856e-04,1.6942833074e+00
66.900000,1.0000987693e-03,1.5730004944e+00
66.950000,9.9919340185e-04,1.5925399292e+00
67.000000,1.0013438945e-03,1.6839000396e+00
67.050000,9.9972128293e-04,1.7930446730e+00
67.100000,9.9958928929e-04,1.4892440049e+00
67.150000,9.9905269839e-04,1.6268745235e+00
67.200000,1.0008115468e-03,1.7274020609e+00
67.250000,1.0011307973e-03,1.7371683967e+00
67.300000,9.9975401349e-04,1.6879804542e+00
67.350000,9.9863332924e-04,1.6098535270e+00
67.400000,1.0003485700e-03,1.5680851873e+00
67.450000,9.9919665120e-04,1.6180500525e+00
67.500000,9.9901946813e-04,1.6449283481e+00
67.550000,1.0004238070e-03,1.5362004595e+00
67.600000,9.9902215506e-04,1.6543462325e+00
67.650000,9.9918640673e-04,1.6386713979e+00
67.700000,9.9958853292e-04,1.7050679895e+00
67.750000,9.9925743343e-04,1.6216956933e+00
67.800000,9.9890111011e-04,1.4595635756e+00
67.850000,1.0007436318e-03,1.7570148479e+00
67.900000,1.0003568599e-03,1.7184476604e+00
67.950000,9.9843512656e-04,1.7144153424e+00
68.000000,9.9967250200e-04,1.5660144114e+00
68.050000,9.9963099972e-04,1.6462476187e+00
68.100000,9.9839232774e-04,1.7073814385e+00
68.150000,9.9999319005e-04,1.6370661963e+00
68.200000,1.0017572742e-03,1.5385969499e+00
68.250000,9.9948953483e-04,1.7139925461e+00
68.300000,9.9971158273e-04,1.6964488267e+00
68.350000,1.0003686038e-03,1.5905897618e+00
68.400000,9.9852416130e-04,1.5644657023e+00
68.450000,1.0011069197e-03,1.6437190449e+00
68.500000,9.9970186798e-04,1.5531879359e+00
68.550000,9.9939272259e-04,1.5873260943e+00
68.600000,1.0006773281e-03,1.5952189332e+00
68.650000,9.9738317169e-04,1.6483856333e+00
68.700000,9.9992789375e-04,1.6525216390e+00
68.750000,9.9918342766e-04,1.5575795180e+00
68.800000,9.9987587076e-04,1.6409208364e+00
68.850000,9.9999886613e-04,1.5690436140e+00
68.900000,9.9929586656e-04,1.6673060897e+00
68.950000,9.9888181854e-04,1.6542458918e+00
69.000000,1.0001759782e-03,1.6824542731e+00
69.050000,1.0004344719e-03,1.6366295782e+00
69.100000,1.0001094421e-03,1.6633470949e+00
69.150000,1.0006032381e-03,1.6542186536e+00
69.200000,9.9914592710e-04,1.6006982325e+00
69.250000,1.0008841581e-03,1.5692094532e+00
69.300000,1.0006331693e-03,1.5272885852e+00
69.350000,1.0003395637e-03,1.5199673721e+00
69.400000,9.9905100257e-04,1.5278524391e+00
69.450000,1.0005269918e-03,1.6828182628e+00
69.500000,9.9935397934e-04,1.4352696724e+00
69.550000,9.9952867266e-04,1.5250629324e+00
69.600000,1.0003019574e-03,1.6918064130e+00
69.650000,1.0016042497e-03,1.6622661335e+00
69.700000,1.0006520674e-03,1.5792809366e+00
69.750000,9.9952326460e-04,1.7356048349e+00
69.800000,1.0004923069e-03,1.5860178361e+00
69.850000,9.9987846619e-04,1.6669156950e+00
69.900000,1.0003795853e-03,1.5811971948e+00
69.950000,1.0002766113e-03,1.6171663049e+00
70.000000,1.0003628142e-03,1.5705993985e+00
70.050000,1.0003906782e-03,1.5809202423e+00
70.100000,1.0007355989e-03,1.5379515729e+00
70.150000,1.0001289979e-03,1.7409811504e+00
70.200000,9.9937950256e-04,1.6242876225e+00
70.250000,9.9962811803e-04,1.6016221355e+00
70.300000,1.0011850338e-03,1.5332957223e+00
70.350000,9.9951423938e-04,1.7268713160e+00
70.400000,1.0002105960e-03,1.6452523600e+00
70.450000,1.0020123982e-03,1.4109987545e+00
70.500000,1.0010888842e-03,1.5481254286e+00
70.550000,9.9839490845e-04,1.7689888771e+00
70.600000,9.9802972879e-04,1.4923380563e+00
70.650000,1.0002708809e-03,1.5305936447e+00
70.700000,1.0002841664e-03,1.7063952409e+00
70.750000,9.9861560253e-04,1.6590630416e+00
70.800000,1.0008571348e-03,1.5296316571e+00
70.850000,1.0003577832e-03,1.7749887045e+00
70.900000,9.9887355660e-04,1.5289447683e+00
70.950000,1.0003252891e-03,1.6365324145e+00
71.000000,1.0013565799e-03,1.5621108049e+00
71.050000,9.9903251005e-04,1.7017221121e+00
71.100000,1.0013283428e-03,1.7536198063e+00
71.150000,1.0009127659e-03,1.6681195181e+00
71.200000,9.9948461172e-04,1.6895032098e+00
71.250000,9.9975579066e-04,1.5894604176e+00
71.300000,9.9983725775e-04,1.8191293804e+00
71.350000,9.9991011492e-04,1.5252639008e+00
71.400000,1.0001533138e-03,1.7004908153e+00
71.450000,1.0004057809e-03,1.7041709934e+00
71.500000,9.9929363702e-04,1.6412443825e+00
71.550000,9.9845870291e-04,1.5298966385e+00
71.600000,1.0003268037e-03,1.5546817219e+00
71.650000,1.0002096351e-03,1.6216029306e+00
71.700000,1.0003747395e-03,1.5380543819e+00
71.750000,9.9991634839e-04,1.7424736252e+00
71.800000,1.0000763807e-03,1.6978445937e+00
71.850000,1.0005749006e-03,1.7723641555e+00
71.900000,9.9943428040e-04,1.5658773165e+00
71.950000,9.9966666590e-04,1.6168329380e+00
72.000000,1.0007740061e-03,1.6567381952e+00
72.050000,9.9797572764e-04,1.7101487574e+00
72.100000,1.0007189993e-03,1.5955301786e+00
72.150000,1.0001419711e-03,1.6709963148e+00
72.200000,1.0019742907e-03,1.6495026515e+00
72.250000,1.0001283301e-03,1.6102192140e+00
72.300000,9.9887022075e-04,1.5887254026e+00
72.350000,9.9926850696e-04,1.5234343779e+00
72.400000,1.0002616793e-03,1.5793622212e+00
72.450000,9.9950444167e-04,1.5970923295e+00
72.500000,1.0009825219e-03,1.5915609539e+00
72.550000,1.0021424832e-03,1.7250972359e+00
72.600000,9.9934958027e-04,1.5951099452e+00
72.650000,1.0013985172e-03,1.5801002703e+00
72.700000,9.9804826462e-04,1.4343984056e+00
72.750000,9.9937889808e-04,1.5556087202e+00
72.800000,1.0000029964e-03,1.6431752989e+00
72.850000,1.0013962736e-03,1.5202873839e+00
72.900000,1.0018075517e-03,1.5700198539e+00
72.950000,1.0005749134e-03,1.4756008324e+00
73.000000,9.9958222773e-04,1.6436187308e+00
73.050000,1.0006243841e-03,1.7173142768e+00
73.100000,9.9836162484e-04,1.6369989776e+00
73.150000,9.9985638144e-04,1.5816148813e+00
73.200000,9.9931368353e-04,1.6507565422e+00
73.250000,1.0009594195e-03,1.5263940553e+00
73.300000,1.0011241198e-03,1.6730069369e+00
73.350000,1.0002731360e-03,1.6870750644e+00
73.400000,9.9934701152e-04,1.6347805948e+00
73.450000,9.9959829117e-04,1.6381858443e+00
73.500000,1.0006903663e-03,1.5986099483e+00
73.550000,9.9879993696e-04,1.6816525099e+00
73.600000,1.0008645946e-03,1.7311154322e+00
73.650000,1.0002069494e-03,1.6993550593e+00
73.700000,9.9975588589e-04,1.6799408683e+00
73.750000,1.0013434124e-03,1.6004832064e+00
73.800000,9.9944011802e-04,1.5919336632e+00
73.850000,1.0002772276e-03,1.5212889889e+00
73.900000,1.0010748221e-03,1.6101236661e+00
73.950000,1.0000228210e-03,1.4365430466e+00
74.000000,9.9938152853e-04,1.5041928759e+00
74.050000,1.0006156690e-03,1.6245327385e+00
74.100000,9.9970559247e-04,1.6843113828e+00
74.150000,1.0004318303e-03,1.5308267803e+00
74.200000,9.9980784520e-04,1.6169681761e+00
74.250000,1.0003771349e-03,1.6079492855e+00
74.300000,9.9956468704e-04,1.6312012146e+00
74.350000,9.9983537638e-04,1.7019727166e+00
74.400000,1.0003746442e-03,1.5336723466e+00
74.450000,1.0013156712e-03,1.6655506503e+00
74.500000,1.0005558649e-03,1.5632871847e+00
74.550000,9.9946823344e-04,1.7613994277e+00
74.600000,1.0006259331e-03,1.7116446097e+00
74.650000,9.9908261916e-04,1.6152980180e+00
74.700000,9.9876762205e-04,1.5757413973e+00
74.750000,9.9965330783e-04,1.6124995911e+00
74.800000,9.9999174629e-04,1.5108528640e+00
74.850000,1.0000382385e-03,1.6387480085e+00
74.900000,1.0024619748e-03,1.6651021091e+00
74.950000,9.9903684750e-04,1.5901228417e+00
75.000000,9.9957935617e-04,1.5232974241e+00
75.050000,1.0006655721e-03,1.5414527945e+00
75.100000,9.9990291469e-04,1.5754774865e+00
75.150000,1.0000194042e-03,1.5373477079e+00
75.200000,1.0003282111e-03,1.6020947385e+00
75.250000,9.9990398627e-04,1.5493842227e+00
75.300000,1.0021631621e-03,1.6070350860e+00
75.350000,9.9964559470e-04,1.6764352968e+00
75.400000,1.0004840475e-03,1.6897685227e+00
75.450000,9.9882478469e-04,1.5461923499e+00
75.500000,9.9965363154e-04,1.5522074651e+00
75.550000,1.0002039362e-03,1.5511690109e+00
75.600000,9.9902107481e-04,1.7094151617e+00
75.650000,1.0004374964e-03,1.5732052279e+00
75.700000,1.0002463053e-03,1.4698121472e+00
75.750000,9.9863851150e-04,1.5720551605e+00
75.800000,1.0015927146e-03,1.6688280214e+00
75.850000,1.0010344711e-03,1.5739288364e+00
75.900000,9.9769206212e-04,1.6166145873e+00
75.950000,9.9939642362e-04,1.5681762560e+00
76.000000,9.9798887760e-04,1.7075956396e+00
76.050000,9.9859414527e-04,1.7311091902e+00
76.100000,9.9943310808e-04,1.4655097327e+00
76.150000,1.0015811190e-03,1.6474099469e+00
76.200000,1.0011577771e-03,1.7234176605e+00
76.250000,1.0011105838e-03,1.5674144441e+00
76.300000,1.0001267222e-03,1.6116620887e+00
76.350000,1.0003499403e-03,1.7096200079e+00
76.400000,1.0017459368e-03,1.6480490511e+00
76.450000,9.9966394244e-04,1.6428113679e+00
76.500000,9.9857024331e-04,1.5542508231e+00
76.550000,9.9876666756e-04,1.5289711973e+00
76.600000,9.9870390147e-04,1.7911813710e+00
76.650000,9.9822830724e-04,1.5447117893e+00
76.700000,9.9925207814e-04,1.6025373251e+00
76.750000,9.9988602540e-04,1.5641187207e+00
76.800000,1.0001665469e-03,1.5279855786e+00
76.850000,1.0006245129e-03,1.5182412950e+00
76.900000,9.9947576660e-04,1.6119771041e+00
76.950000,9.9952448339e-04,1.5493531426e+00
77.000000,9.9936334952e-04,1.5824024884e+00
77.050000,1.0001976169e-03,1.6760192500e+00
77.100000,1.0006131237e-03,1.5487721874e+00
77.150000,9.9931359471e-04,1.7589306547e+00
77.200000,1.0000879221e-03,1.5467404953e+00
77.250000,9.9944504003e-04,1.6367747204e+00
77.300000,9.9991421499e-04,1.6470530909e+00
77.350000,9.9979957900e-04,1.5975194774e+00
77.400000,1.0001283054e-03,1.6301176288e+00
77.450000,1.0012494539e-03,1.5049285625e+00
77.500000,1.0015909692e-03,1.6671303512e+00
77.550000,1.0005431978e-03,1.7291733625e+00
77.600000,1.0011165091e-03,1.6223151639e+00
77.650000,1.0003095578e-03,1.6295240359e+00
77.700000,1.0000622548e-03,1.4209283467e+00
77.750000,9.9997765911e-04,1.6593484053e+00
77.800000,9.9994434075e-04,1.5947137421e+00
77.850000,1.0023119397e-03,1.7246079799e+00
77.900000,9.9927772727e-04,1.7224822754e+00
77.950000,1.0023419544e-03,1.6620838666e+00
78.000000,1.0017588737e-03,1.6533727190e+00
78.050000,9.9946617310e-04,1.6778155344e+00
78.100000,9.9844878395e-04,1.4862057723e+00
78.150000,1.0009318433e-03,1.6540909104e+00
78.200000,9.9941460197e-04,1.7153301142e+00
78.250000,9.9959585890e-04,1.5889654462e+00
78.300000,9.9878682375e-04,1.7238279971e+00
78.350000,9.9934159442e-04,1.6297529839e+00
78.400000,9.9958428449e-04,1.5620351146e+00
78.450000,9.9895756224e-04,1.7996643965e+00
78.500000,9.9866588723e-04,1.6538644253e+00
78.550000,9.9916527187e-04,1.5856777008e+00
78.600000,1.0010066884e-03,1.5787668103e+00
78.650000,9.9904444359e-04,1.6196322336e+00
78.700000,9.9926239446e-04,1.4814360252e+00
78.750000,1.0002103719e-03,1.6918510026e+00
78.800000,9.9943436381e-04,1.6055157581e+00
78.850000,1.0007590894e-03,1.5493892298e+00
78.900000,1.0007198686e-03,1.6180501320e+00
78.950000,9.9868542532e-04,1.4917182135e+00
79.000000,1.0007472358e-03,1.6320517068e+00
79.050000,1.0015091299e-03,1.6049189542e+00
79.100000,1.0005399676e-03,1.6521726465e+00
79.150000,9.9837314502e-04,1.4255510808e+00
79.200000,1.0008985485e-03,1.6925073843e+00
79.250000,1.0004947076e-03,1.6298951830e+00
79.300000,1.0000572754e-03,1.7070082844e+00
79.350000,1.0007636709e-03,1.7268393340e+00
79.400000,9.9968408853e-04,1.5210028599e+00
79.450000,9.9998684832e-04,1.6535734213e+00
79.500000,1.0008929358e-03,1.7491451665e+00
79.550000,1.0012281577e-03,1.6832865574e+00
79.600000,9.9899963271e-04,1.5670395910e+00
79.650000,9.9999318133e-04,1.5240831209e+00
79.700000,9.9957762509e-04,1.6302390395e+00
79.750000,9.9924751275e-04,1.4919474477e+00
79.800000,1.0011566033e-03,1.4789172993e+00
79.850000,1.0018510604e-03,1.7077611258e+00
79.900000,1.0006031571e-03,1.4151016522e+00
79.950000,1.0004953615e-03,1.6755106239e+00
80.000000,9.9823840570e-04,1.6458331503e+00
80.050000,9.9753018498e-04,1.5509251563e+00
80.100000,9.9955888657e-04,1.6778475724e+00
80.150000,1.0003168483e-03,1.6669565071e+00
80.200000,1.0016403709e-03,1.6881195322e+00
80.250000,1.0006603857e-03,1.6947152639e+00
80.300000,9.9955262401e-04,1.5695881874e+00
80.350000,1.0013044797e-03,1.6399445728e+00
80.400000,9.9997027136e-04,1.6423269436e+00
80.450000,9.9917116334e-04,1.7250093507e+00
80.500000,1.0008318134e-03,1.5518819766e+00
80.550000,1.0011829505e-03,1.6350546678e+00
80.600000,9.9943486355e-04,1.6579777347e+00
80.650000,1.0005433284e-03,1.5498647906e+00
80.700000,9.9827260138e-04,1.6612188714e+00
80.750000,9.9918556250e-04,1.5949847763e+00
80.800000,1.0003732417e-03,1.6559306471e+00
80.850000,9.9933277509e-04,1.6511753189e+00
80.900000,1.0015226836e-03,1.6521468842e+00
80.950000,9.9986156561e-04,1.6597385761e+00
81.000000,1.0011710586e-03,1.7159639753e+00
81.050000,1.0014956376e-03,1.6164723058e+00
81.100000,9.9855814612e-04,1.6183985224e+00
81.150000,9.9969538282e-04,1.5566273924e+00
81.200000,1.0009772180e-03,1.5468198452e+00
81.250000,1.0016837511e-03,1.7373551015e+00
81.300000,9.9924848802e-04,1.6171519407e+00
81.350000,9.9991031568e-04,1.5735373263e+00
81.400000,1.0001331434e-03,1.5388519184e+00
81.450000,9.9886940855e-04,1.6867600386e+00
81.500000,1.0006190957e-03,1.6408663108e+00
81.550000,1.0012570597e-03,1.5029866831e+00
81.600000,9.9926257198e-04,1.5860452296e+00
81.650000,1.0010880285e-03,1.5909829413e+00
81.700000,9.9903354053e-04,1.6514294925e+00
81.750000,1.0004346531e-03,1.5361709297e+00
81.800000,1.0006800649e-03,1.4457029941e+00
81.850000,9.9952765492e-04,1.5270726340e+00
81.900000,9.9964424733e-04,1.6215229104e+00
81.950000,1.0006784476e-03,1.6156679092e+00
82.000000,9.9976234850e-04,1.6647312914e+00
82.050000,1.0003942567e-03,1.4876922979e+00
82.100000,9.9864543149e-04,1.6259786308e+00
82.150000,9.9954096417e-04,1.6490502353e+00
82.200000,1.0004691436e-03,1.5592550551e+00
82.250000,9.9970154328e-04,1.6128489859e+00
82.300000,9.9901194369e-04,1.5720027475e+00
82.350000,1.0000048677e-03,1.5873049303e+00
82.400000,1.0007174057e-03,1.6281032698e+00
82.450000,1.0001850290e-03,1.6114387958e+00
82.500000,1.0023773970e-03,1.5030990551e+00
82.550000,1.0004513288e-03,1.3969585597e+00
82.600000,9.9981466009e-04,1.5882469117e+00
82.650000,9.9942887765e-04,1.7689620964e+00
82.700000,9.9962338431e-04,1.3492207271e+00
82.750000,1.0010754796e-03,1.5720108227e+00
82.800000,9.9971083354e-04,1.5498900776e+00
82.850000,1.0011557409e-03,1.5110834003e+00
82.900000,9.9793285196e-04,1.7044045761e+00
82.950000,1.0021994881e-03,1.5495388802e+00
83.000000,1.0020568689e-03,1.6007697491e+00
83.050000,1.0013494175e-03,1.5847600417e+00
83.100000,1.0003861175e-03,1.6133780259e+00
83.150000,9.9999122961e-04,1.5249134455e+00
83.200000,1.0011265966e-03,1.6190146325e+00
83.250000,9.9945005695e-04,1.5978125094e+00
83.300000,9.9945077007e-04,1.6140383702e+00
83.350000,9.9913210400e-04,1.6189009516e+00
83.400000,9.9926823961e-04,1.5548972668e+00
83.450000,9.9925328581e-04,1.7319669430e+00
83.500000,9.9875964384e-04,1.5572126659e+00
83.550000,1.0004694556e-03,1.6390252460e+00
83.600000,1.0013082271e-03,1.4481530400e+00
83.650000,9.9929586204e-04,1.4874332697e+00
83.700000,9.9976081081e-04,1.6146064290e+00
83.750000,1.0005349290e-03,1.7353352439e+00
83.800000,1.0003280656e-03,1.6623832050e+00
83.850000,9.9953363189e-04,1.5756083941e+00
83.900000,9.9984541762e-04,1.6261299351e+00
83.950000,1.0003508891e-03,1.5822391920e+00
84.000000,1.0007135853e-03,1.7427713599e+00
84.050000,9.9854664204e-04,1.6970673880e+00
84.100000,9.9945562690e-04,1.5304339814e+00
84.150000,9.9844300830e-04,1.6874711255e+00
84.200000,9.9881864627e-04,1.5959078817e+00
84.250000,1.0013514513e-03,1.6581216197e+00
84.300000,1.0000862749e-03,1.5863455781e+00
84.350000,1.0003864142e-03,1.6613983858e+00
84.400000,9.9895356718e-04,1.5677200628e+00
84.450000,9.9964340099e-04,1.5384956331e+00
84.500000,1.0001756463e-03,1.4892669868e+00
84.550000,1.0015469420e-03,1.6662610241e+00
84.600000,1.0008097928e-03,1.6136856923e+00
84.650000,1.0004343716e-03,1.5963554664e+00
84.700000,9.9849029163e-04,1.5684785230e+00
84.750000,1.0000317220e-03,1.5831357948e+00
84.800000,1.0014226618e-03,1.7540953127e+00
84.850000,1.0023111914e-03,1.5452602836e+00
84.900000,9.9915534465e-04,1.8228055254e+00
84.950000,9.9962228091e-04,1.5946659274e+00
85.000000,1.0000378259e-03,1.7445219801e+00
85.050000,9.9944803953e-04,1.4878311050e+00
85.100000,1.0006961951e-03,1.5451618787e+00
85.150000,1.0004186272e-03,1.6957414733e+00
85.200000,1.0005502661e-03,1.6207016113e+00
85.250000,1.0021328635e-03,1.6117409007e+00
85.300000,9.9979911198e-04,1.5090515470e+00
85.350000,9.9875603973e-04,1.5240872877e+00
85.400000,9.9870176446e-04,1.5832409551e+00
85.450000,1.0006390550e-03,1.6198754741e+00
85.500000,9.9934737499e-04,1.5760027001e+00
85.550000,9.9965244273e-04,1.6001035398e+00
85.600000,9.9826543467e-04,1.5444277754e+00
85.650000,9.9884375651e-04,1.5844238541e+00
85.700000,1.0012258816e-03,1.6373373500e+00
85.750000,9.9914767291e-04,1.7776897562e+00
85.800000,1.0000790592e-03,1.5468031910e+00
85.850000,1.0015515672e-03,1.6200977147e+00
85.900000,9.9889138897e-04,1.5932877614e+00
85.950000,9.9940090214e-04,1.7337693937e+00
86.000000,9.9924765537e-04,1.5276444134e+00
86.050000,1.0010069574e-03,1.5921455000e+00
86.100000,1.0001152383e-03,1.5746855412e+00
86.150000,1.0004578844e-03,1.6095985959e+00
86.200000,9.9983811402e-04,1.5659414742e+00
86.250000,1.0001216303e-03,1.5126861005e+00
86.300000,9.9977061956e-04,1.4298097403e+00
86.350000,9.9887527466e-04,1.4613622621e+00
86.400000,9.9899282226e-04,1.6010166709e+00
86.450000,1.0015385355e-03,1.6883294435e+00
86.500000,1.0013533240e-03,1.5915431524e+00
86.550000,9.9968506483e-04,1.5884318150e+00
86.600000,1.0010040926e-03,1.6810666383e+00
86.650000,1.0027262111e-03,1.5243643160e+00
86.700000,9.9954719440e-04,1.6105218799e+00
86.750000,9.9923532716e-04,1.5952218264e+00
86.800000,1.0002610513e-03,1.5339267755e+00
86.850000,1.0001072247e-03,1.5982701484e+00
86.900000,1.0015443190e-03,1.6242733022e+00
86.950000,9.9892988921e-04,1.6995559029e+00
87.000000,9.9969776788e-04,1.5420691773e+00
87.050000,1.0009012972e-03,1.6247878494e+00
87.100000,1.0010017330e-03,1.7112352523e+00
87.150000,9.9869610549e-04,1.6310098634e+00
87.200000,1.0005909984e-03,1.5750956676e+00
87.250000,1.0010608777e-03,1.5214311150e+00
87.300000,1.0009609741e-03,1.5715972937e+00
87.350000,9.9708396002e-04,1.5447060103e+00
87.400000,1.0000969198e-03,1.5869363891e+00
87.450000,9.9943814873e-04,1.5790010000e+00
87.500000,1.0003986496e-03,1.6573615974e+00
87.550000,1.0008596842e-03,1.6697727223e+00
87.600000,1.0013575321e-03,1.4222688716e+00
87.650000,1.0015075269e-03,1.5935850665e+00
87.700000,1.0007416139e-03,1.6390864261e+00
87.750000,9.9996933714e-04,1.7281681371e+00
87.800000,9.9994630770e-04,1.6177051503e+00
87.850000,9.9985433977e-04,1.5204667907e+00
87.900000,9.9932563759e-04,1.4855587174e+00
87.950000,1.0007136765e-03,1.6523275062e+00
88.000000,1.0003694372e-03,1.6743782047e+00
88.050000,9.9952835003e-04,1.6940227188e+00
88.100000,1.0008540887e-03,1.4045320097e+00
88.150000,9.9955399154e-04,1.5977932214e+00
88.200000,1.0006623574e-03,1.5922178808e+00
88.250000,1.0000353248e-03,1.5178981246e+00
88.300000,1.0018502560e-03,1.5141795477e+00
88.350000,9.9973199239e-04,1.8016055947e+00
88.400000,1.0019245020e-03,1.6298238070e+00
88.450000,1.0001401358e-03,1.6050704276e+00
88.500000,9.9833177300e-04,1.5158780135e+00
88.550000,9.9910441638e-04,1.7059137560e+00
88.600000,1.0003938812e-03,1.5208457015e+00
88.650000,1.0008725622e-03,1.5440946235e+00
88.700000,9.9999147407e-04,1.6201739358e+00
88.750000,1.0004172855e-03,1.5898682206e+00
88.800000,9.9883141617e-04,1.6785233234e+00
88.850000,1.0010363171e-03,1.5725417481e+00
88.900000,9.9904260975e-04,1.5321893767e+00
88.950000,9.9996033961e-04,1.4826615542e+00
89.000000,9.9851832390e-04,1.7241770867e+00
89.050000,9.9972653682e-04,1.5084123118e+00
89.100000,1.0004307961e-03,1.5925760256e+00
89.150000,9.9986853077e-04,1.5842814618e+00
89.200000,1.0003365135e-03,1.5891230928e+00
89.250000,1.0004504852e-03,1.5435622769e+00
89.300000,9.9899398641e-04,1.7350392811e+00
89.350000,9.9891802111e-04,1.5992475166e+00
89.400000,1.0006362532e-03,1.7023474114e+00
89.450000,9.9942853606e-04,1.6006869081e+00
89.500000,9.9749900276e-04,1.5504343660e+00
89.550000,1.0006467652e-03,1.8160904536e+00
89.600000,9.9887380965e-04,1.6233885919e+00
89.650000,1.0006365615e-03,1.4913250980e+00
89.700000,1.0015318812e-03,1.7920229856e+00
89.750000,9.9979143624e-04,1.6317194994e+00
89.800000,1.0012103139e-03,1.7301079176e+00
89.850000,1.0007478401e-03,1.6121219600e+00
89.900000,9.9960490740e-04,1.5841644043e+00
89.950000,9.9987178298e-04,1.4775797084e+00
90.000000,1.0010047430e-03,1.4425389351e+00
90.050000,9.9969545395e-04,1.5269328697e+00
90.100000,9.9941250448e-04,1.5174336073e+00
90.150000,9.9984071083e-04,1.5250204105e+00
90.200000,9.9971404306e-04,1.5966644690e+00
90.250000,9.9944619890e-04,1.6197815117e+00
90.300000,1.0001855336e-03,1.5325014279e+00
90.350000,1.0006905805e-03,1.5851763654e+00
90.400000,1.0006950330e-03,1.6563617243e+00
90.450000,1.0014136520e-03,1.6905874959e+00
90.500000,9.9950126396e-04,1.6086640955e+00
90.550000,9.9912619313e-04,1.5887287715e+00
90.600000,1.0005316835e-03,1.4703211258e+00
90.650000,1.0000657266e-03,1.6447119989e+00
90.700000,9.9939733491e-04,1.6416525237e+00
90.750000,9.9986758233e-04,1.5343719770e+00
90.800000,9.9971379644e-04,1.5377812232e+00
90.850000,9.9988519360e-04,1.5855512435e+00
90.900000,1.0005114778e-03,1.5654707046e+00
90.950000,9.9908240723e-04,1.6042820353e+00
91.000000,9.9835456278e-04,1.6434288860e+00
91.050000,1.0008033232e-03,1.6380541694e+00
91.100000,1.0012002481e-03,1.5058725166e+00
91.150000,1.0016843521e-03,1.4425271709e+00
91.200000,1.0005718356e-03,1.4916278860e+00
91.250000,1.0005207927e-03,1.6157852244e+00
91.300000,1.0005998797e-03,1.6059484798e+00
91.350000,9.9932912227e-04,1.5855362661e+00
91.400000,9.9946161690e-04,1.5968010238e+00
91.450000,1.0006447617e-03,1.6532188967e+00
91.500000,9.9913499345e-04,1.7069855859e+00
91.550000,9.9944616795e-04,1.6255652475e+00
91.600000,1.0011614655e-03,1.6431552792e+00
91.650000,9.9982683921e-04,1.5524830317e+00
91.700000,1.0011797034e-03,1.5317085286e+00
91.750000,1.0009438629e-03,1.5530437145e+00
91.800000,1.0010354506e-03,1.6312456926e+00
91.850000,1.0006541615e-03,1.6534274055e+00
91.900000,1.0012010580e-03,1.4826284205e+00
91.950000,9.9826947008e-04,1.6322376906e+00
92.000000,9.9986723322e-04,1.4978786316e+00
92.050000,1.0004469377e-03,1.5970244754e+00
92.100000,9.9904868808e-04,1.5198710960e+00
92.150000,9.9926619013e-04,1.6873420643e+00
92.200000,9.9989691781e-04,1.6155918421e+00
92.250000,1.0009450172e-03,1.6151062237e+00
92.300000,1.0002187460e-03,1.6366503545e+00
92.350000,1.0007217992e-03,1.5462887852e+00
92.400000,1.0017420614e-03,1.5111709322e+00
92.450000,1.0001927077e-03,1.5392346559e+00
92.500000,1.0006615507e-03,1.7238291070e+00
92.550000,1.0004526836e-03,1.5782086147e+00
92.600000,9.9911137171e-04,1.6376711020e+00
92.650000,1.0006363453e-03,1.8056829848e+00
92.700000,9.9921122830e-04,1.4634357962e+00
92.750000,1.0004455928e-03,1.6697541267e+00
92.800000,9.9974766241e-04,1.6311146414e+00
92.850000,9.9975269687e-04,1.6813875017e+00
92.900000,9.9943013040e-04,1.6555500458e+00
92.950000,9.9949657937e-04,1.3901935410e+00
93.000000,9.9848297899e-04,1.7606383809e+00
93.050000,9.9967219598e-04,1.5120186972e+00
93.100000,9.9977057681e-04,1.4962185008e+00
93.150000,9.9976668077e-04,1.6432878711e+00
93.200000,1.0001743853e-03,1.6450789435e+00
93.250000,1.0003568587e-03,1.6714503559e+00
93.300000,1.0010184840e-03,1.4494190128e+00
93.350000,1.0005608508e-03,1.5409632190e+00
93.400000,1.0008408238e-03,1.6369444648e+00
93.450000,9.9960277813e-04,1.6970073505e+00
93.500000,9.9965767788e-04,1.6323305095e+00
93.550000,9.9913967737e-04,1.5894895631e+00
93.600000,9.9959267661e-04,1.5822033039e+00
93.650000,1.0009035009e-03,1.5630449414e+00
93.700000,1.0010779301e-03,1.6993218671e+00
93.750000,9.9816131221e-04,1.6215735329e+00
93.800000,9.9872062849e-04,1.4907705483e+00
93.850000,1.0004935154e-03,1.6391847961e+00
93.900000,9.9984013963e-04,1.5865271696e+00
93.950000,9.9946051598e-04,1.6228851775e+00
94.000000,9.9920607704e-04,1.5608382226e+00
94.050000,9.9734824199e-04,1.6487042878e+00
94.100000,9.9926646234e-04,1.6051000687e+00
94.150000,1.0009098491e-03,1.5383145612e+00
94.200000,1.0003342020e-03,1.7748396477e+00
94.250000,1.0016029111e-03,1.6466510463e+00
94.300000,9.9855948039e-04,1.4973102036e+00
94.350000,1.0009311680e-03,1.6016984103e+00
94.400000,1.0000483938e-03,1.6033918186e+00
94.450000,1.0005833140e-03,1.6454942089e+00
94.500000,1.0003144019e-03,1.5566606362e+00
94.550000,9.9846993887e-04,1.5617787091e+00
94.600000,9.9849133140e-04,1.4615762816e+00
94.650000,9.9916600974e-04,1.4952205329e+00
94.700000,1.0007205863e-03,1.6059403437e+00
94.750000,1.0001655983e-03,1.6123147852e+00
94.800000,9.9965148281e-04,1.7475050234e+00
94.850000,1.0008269965e-03,1.5751643224e+00
94.900000,1.0000805851e-03,1.5286657268e+00
94.950000,1.0007835783e-03,1.6263389358e+00
95.000000,9.9924246908e-04,1.5400004201e+00
95.050000,9.9990398918e-04,1.7462727758e+00
95.100000,9.9876801095e-04,1.5471184097e+00
95.150000,9.9965747289e-04,1.6842589415e+00
95.200000,1.0016927151e-03,1.5125895540e+00
95.250000,1.0011266547e-03,1.6094068371e+00
95.300000,9.9931753216e-04,1.5516223819e+00
95.350000,9.9845995647e-04,1.4886460088e+00
95.400000,1.0002950787e-03,1.6916735936e+00
95.450000,9.9983364241e-04,1.4881885435e+00
95.500000,9.9912588250e-04,1.5997422946e+00
95.550000,1.0004241087e-03,1.7685616734e+00
95.600000,9.9838394939e-04,1.4673915724e+00
95.650000,9.9903947435e-04,1.6243935207e+00
95.700000,9.9946410309e-04,1.5545730168e+00
95.750000,9.9913592122e-04,1.6639193360e+00
95.800000,1.0002104428e-03,1.3583590043e+00
95.850000,1.0006898114e-03,1.6376440917e+00
95.900000,9.9914987525e-04,1.6463321881e+00
95.950000,1.0002997288e-03,1.4602191444e+00
96.000000,9.9897628388e-04,1.5805270901e+00
96.050000,1.0006597968e-03,1.7727550399e+00
96.100000,1.0010376035e-03,1.5930935789e+00
96.150000,9.9809591147e-04,1.5631748389e+00
96.200000,9.9797180653e-04,1.5985292016e+00
96.250000,1.0011517506e-03,1.7445806559e+00
96.300000,9.9950212685e-04,1.6265368350e+00
96.350000,1.0018470133e-03,1.6948970495e+00
96.400000,1.0006029441e-03,1.5081812730e+00
96.450000,1.0016423848e-03,1.6570751375e+00
96.500000,1.0000051532e-03,1.5863684149e+00
96.550000,1.0008877048e-03,1.6204195710e+00
96.600000,1.0001524444e-03,1.5791307739e+00
96.650000,1.0000783641e-03,1.5933212644e+00
96.700000,1.0015139960e-03,1.7243786327e+00
96.750000,9.9881693513e-04,1.5692260401e+00
96.800000,1.0001633658e-03,1.6360853052e+00
96.850000,1.0002682469e-03,1.6412081285e+00
96.900000,9.9967877286e-04,1.5370607978e+00
96.950000,9.9988663928e-04,1.5987905520e+00
97.000000,9.9962124620e-04,1.7045951557e+00
97.050000,9.9927609982e-04,1.6091645088e+00
97.100000,9.9885471889e-04,1.7026719157e+00
97.150000,9.9795186105e-04,1.4427268301e+00
97.200000,1.0017729164e-03,1.7998450959e+00
97.250000,9.9962915771e-04,1.7121701757e+00
97.300000,9.9899845267e-04,1.5567656532e+00
97.350000,9.9997527541e-04,1.5249884392e+00
97.400000,1.0002437597e-03,1.7477463532e+00
97.450000,9.9961480752e-04,1.7494601267e+00
97.500000,1.0022549675e-03,1.5781719275e+00
97.550000,1.0002806798e-03,1.6232138032e+00
97.600000,9.9950238974e-04,1.7450944807e+00
97.650000,1.0014361956e-03,1.6397337425e+00
97.700000,9.9971894791e-04,1.6439361892e+00
97.750000,1.0003126810e-03,1.5853352383e+00
97.800000,1.0005574527e-03,1.5820349324e+00
97.850000,9.9918052904e-04,1.4703687100e+00
97.900000,9.9965024122e-04,1.5793514156e+00
97.950000,9.9922244209e-04,1.6336793921e+00
98.000000,9.9984054611e-04,1.6222301199e+00
98.050000,9.9769643268e-04,1.6431622668e+00
98.100000,9.9978369482e-04,1.6893210970e+00
98.150000,1.0016330075e-03,1.7373614566e+00
98.200000,9.9916447551e-04,1.7033982677e+00
98.250000,1.0002258756e-03,1.4661336801e+00
98.300000,1.0008134570e-03,1.6414328671e+00
98.350000,1.0006742416e-03,1.5230818398e+00
98.400000,9.9981117698e-04,1.5581344087e+00
98.450000,1.0010196246e-03,1.5523493653e+00
98.500000,1.0002744407e-03,1.6824869347e+00
98.550000,1.0010542729e-03,1.6787598921e+00
98.600000,1.0011852946e-03,1.5570978089e+00
98.650000,1.0000300348e-03,1.5291272688e+00
98.700000,1.0023105296e-03,1.6586060068e+00
98.750000,1.0002400513e-03,1.5494409230e+00
98.800000,1.0008892391e-03,1.4730617685e+00
98.850000,1.0008879834e-03,1.5606229032e+00
98.900000,1.0004348947e-03,1.5452001233e+00
98.950000,1.0013470232e-03,1.6597838376e+00
99.000000,1.0002557803e-03,1.5241589342e+00
99.050000,1.0014015142e-03,1.6667898584e+00
99.100000,9.9865894538e-04,1.4579281174e+00
99.150000,9.9981767531e-04,1.5451814781e+00
99.200000,9.9954255156e-04,1.6012649158e+00
99.250000,9.9960873477e-04,1.6863416427e+00
99.300000,9.9927182269e-04,1.6860750144e+00
99.350000,1.0000609929e-03,1.6621101646e+00
99.400000,9.9979802652e-04,1.6625570772e+00
99.450000,9.9961096479e-04,1.6224382511e+00
99.500000,1.0003159839e-03,1.6069651985e+00
99.550000,9.9924928105e-04,1.5388925287e+00
99.600000,9.9963393452e-04,1.5032605611e+00
99.650000,1.0002209718e-03,1.6632599415e+00
99.700000,9.9646954386e-04,1.5809604438e+00
99.750000,1.0001073459e-03,1.5186327170e+00
99.800000,1.0002411455e-03,1.5660801263e+00
99.850000,1.0012877118e-03,1.5966890854e+00
99.900000,9.9861440354e-04,1.5271657329e+00
99.950000,9.9905223903e-04,1.5074270836e+00
100.000000,1.0000062841e-03,1.5809882862e+00
100.050000,9.9989649964e-04,1.6935071135e+00
100.100000,9.9930662160e-04,1.6518163548e+00
100.150000,1.0005150066e-03,1.5757562543e+00
100.200000,1.0006461588e-03,1.5218933160e+00
100.250000,1.0006059751e-03,1.6475040740e+00
100.300000,1.0005457040e-03,1.5660702984e+00
100.350000,9.9900253375e-04,1.5809798303e+00
100.400000,9.9979382354e-04,1.7187280647e+00
100.450000,1.0000926181e-03,1.7180238492e+00
100.500000,9.9888612209e-04,1.4259151318e+00
100.550000,9.9865683046e-04,1.5630697659e+00
100.600000,1.0000201510e-03,1.6294152965e+00
100.650000,9.9898095721e-04,1.5330773452e+00
100.700000,9.9997550825e-04,1.4626739979e+00
100.750000,1.0006828049e-03,1.6749105385e+00
100.800000,1.0020744549e-03,1.5700435519e+00
100.850000,9.9973561082e-04,1.6017268738e+00
100.900000,1.0000318642e-03,1.5864036898e+00
100.950000,1.0004301700e-03,1.5519401503e+00
101.000000,1.0010815355e-03,1.4733749536e+00
101.050000,1.0012472657e-03,1.6106922362e+00
101.100000,1.0004495013e-03,1.4376422096e+00
101.150000,9.9926249102e-04,1.5003665840e+00
101.200000,1.0002249101e-03,1.6152257584e+00
101.250000,1.0003730461e-03,1.6823711835e+00
101.300000,1.0006667820e-03,1.5432990550e+00
101.350000,9.9812977050e-04,1.6448887885e+00
101.400000,9.9945386705e-04,1.7292113234e+00
101.450000,1.0002465613e-03,1.6027596515e+00
101.500000,9.9934605914e-04,1.6418428049e+00
101.550000,1.0011869877e-03,1.6220242247e+00
101.600000,1.0000607593e-03,1.6307243052e+00
101.650000,9.9898478159e-04,1.6918940129e+00
101.700000,9.9889285538e-04,1.7511765139e+00
101.750000,1.0020132956e-03,1.4924771977e+00
101.800000,9.9916579775e-04,1.5358657410e+00
101.850000,1.0004638499e-03,1.5621898816e+00
101.900000,9.9990443343e-04,1.6049395177e+00
101.950000,9.9910743459e-04,1.5914537057e+00
102.000000,9.9972310394e-04,1.4952846049e+00
102.050000,9.9867481977e-04,1.5044250935e+00
102.100000,9.9999398239e-04,1.6503032094e+00
102.150000,9.9950672318e-04,1.5577330710e+00
102.200000,9.9939656105e-04,1.5072061551e+00
102.250000,9.9961397416e-04,1.7342802102e+00
102.300000,1.0010459826e-03,1.6592851301e+00
102.350000,1.0012890699e-03,1.6157417116e+00
102.400000,1.0000380460e-03,1.5083295146e+00
102.450000,1.0004975932e-03,1.6398843699e+00
102.500000,9.9896318685e-04,1.5526633559e+00
102.550000,1.0009602726e-03,1.6539622872e+00
102.600000,9.9956776367e-04,1.6140316846e+00
102.650000,1.0011426871e-03,1.6691258147e+00
102.700000,9.9977473051e-04,1.5976821906e+00
102.750000,9.9958455455e-04,1.6925298905e+00
102.800000,1.0006601088e-03,1.6515122734e+00
102.850000,9.9903929186e-04,1.7182173290e+00
102.900000,1.0005760480e-03,1.6155511327e+00
102.950000,1.0005066706e-03,1.6518971559e+00
103.000000,1.0005025251e-03,1.5575033980e+00
103.050000,9.9892140950e-04,1.6660698453e+00
103.100000,1.0003287097e-03,1.5920637290e+00
103.150000,9.9968783033e-04,1.5741110351e+00
103.200000,1.0000280802e-03,1.5485590188e+00
103.250000,9.9977467541e-04,1.6643385429e+00
103.300000,1.0002862313e-03,1.4948998407e+00
103.350000,1.0017252604e-03,1.7211222852e+00
103.400000,9.9995202539e-04,1.6138945488e+00
103.450000,9.9794838330e-04,1.5604963120e+00
103.500000,1.0008023515e-03,1.5117781328e+00
103.550000,1.0026627963e-03,1.7085206399e+00
103.600000,9.9855676437e-04,1.7351108633e+00
103.650000,9.9996356058e-04,1.6581036782e+00
103.700000,1.0012817704e-03,1.5324925138e+00
103.750000,1.0005871302e-03,1.6166934212e+00
103.800000,9.9948450997e-04,1.7301437629e+00
103.850000,9.9904088694e-04,1.6010126374e+00
103.900000,9.9969238375e-04,1.7124464788e+00
103.950000,1.0009088972e-03,1.6850937171e+00
104.000000,1.0010410991e-03,1.6480989338e+00
104.050000,9.9922184246e-04,1.6108828385e+00
104.100000,9.9969627557e-04,1.6135354967e+00
104.150000,9.9979216306e-04,1.6345701459e+00
104.200000,1.0001084935e-03,1.5549026701e+00
104.250000,1.0002740848e-03,1.6040329128e+00
104.300000,1.0001857177e-03,1.5892060989e+00
104.350000,1.0005647490e-03,1.5373135440e+00
104.400000,1.0004713341e-03,1.8011416776e+00
104.450000,1.0000557718e-03,1.6837976465e+00
104.500000,9.9854776063e-04,1.5274390316e+00
104.550000,1.0008641638e-03,1.5334968080e+00
104.600000,1.0016907568e-03,1.5153696283e+00
104.650000,9.9916892874e-04,1.6430029655e+00
104.700000,9.9981110997e-04,1.5435912452e+00
104.750000,1.0006165356e-03,1.7107665242e+00
104.800000,9.9993838015e-04,1.7789303695e+00
104.850000,1.0019186336e-03,1.6182152930e+00
104.900000,1.0013819469e-03,1.4792879991e+00
104.950000,9.9906316738e-04,1.6041731826e+00
105.000000,9.9837928885e-04,1.6583134805e+00
105.050000,9.9958355734e-04,1.6489572316e+00
105.100000,9.9928069765e-04,1.5496311260e+00
105.150000,9.9962379874e-04,1.6696274085e+00
105.200000,1.0008704426e-03,1.6763797077e+00
105.250000,9.9949907979e-04,1.4569711224e+00
105.300000,1.0017114948e-03,1.6023080269e+00
105.350000,9.9950432551e-04,1.6306604081e+00
105.400000,9.9992826483e-04,1.5965261845e+00
105.450000,1.0013978356e-03,1.7189157807e+00
105.500000,9.9924689703e-04,1.5944932905e+00
105.550000,9.9871742633e-04,1.6253365124e+00
105.600000,9.9871298079e-04,1.5081402191e+00
105.650000,1.0000744970e-03,1.5407498999e+00
105.700000,1.0005020943e-03,1.6233462945e+00
105.750000,9.9862407358e-04,1.7182792563e+00
105.800000,1.0018733568e-03,1.7183444332e+00
105.850000,9.9929912123e-04,1.6284415798e+00
105.900000,1.0003450705e-03,1.6698910766e+00
105.950000,1.0004432709e-03,1.5200728037e+00
106.000000,9.9984684837e-04,1.5963213826e+00
106.050000,1.0000502732e-03,1.5152433148e+00
106.100000,9.9889932309e-04,1.4448444267e+00
106.150000,9.9849423628e-04,1.6465338388e+00
106.200000,1.0004447109e-03,1.7129133476e+00
106.250000,9.9841344258e-04,1.5771252394e+00
106.300000,9.9835171909e-04,1.7502120743e+00
106.350000,9.9877554173e-04,1.6140999284e+00
106.400000,1.0015973740e-03,1.6954314610e+00
106.450000,9.9991971099e-04,1.6073534983e+00
106.500000,9.9903076954e-04,1.5603594487e+00
106.550000,1.0006976912e-03,1.7345537549e+00
106.600000,9.9879380054e-04,1.5393921286e+00
106.650000,9.9912175456e-04,1.7290935097e+00
106.700000,1.0003420129e-03,1.6616808299e+00
106.750000,1.0001111595e-03,1.5864549428e+00
106.800000,1.0002896100e-03,1.5442026316e+00
106.850000,9.9978753044e-04,1.7005200237e+00
106.900000,1.0014939797e-03,1.5544695315e+00
106.950000,1.0003068261e-03,1.6869876524e+00
107.000000,1.0001025432e-03,1.5238634289e+00
107.050000,9.9967941659e-04,1.5264746176e+00
107.100000,9.9957079714e-04,1.6090850146e+00
107.150000,1.0008823845e-03,1.5273142746e+00
107.200000,1.0013769849e-03,1.5221586679e+00
107.250000,1.0000094210e-03,1.6626474955e+00
107.300000,9.9956155318e-04,1.5203781760e+00
107.350000,1.0003253181e-03,1.5931173394e+00
107.400000,1.0016111561e-03,1.7168681782e+00
107.450000,1.0000999659e-03,1.6004467117e+00
107.500000,9.9935624351e-04,1.5323033491e+00
107.550000,9.9893487996e-04,1.6152506714e+00
107.600000,1.0004994313e-03,1.5808152501e+00
107.650000,1.0003509454e-03,1.6257820141e+00
107.700000,9.9948681094e-04,1.6236643890e+00
107.750000,1.0003766763e-03,1.5166955337e+00
107.800000,1.0001316870e-03,1.5982114868e+00
107.850000,1.0005433440e-03,1.6368373872e+00
107.900000,1.0005408410e-03,1.5543044365e+00
107.950000,9.9988373933e-04,1.7311835093e+00
108.000000,1.0000856098e-03,1.7208021485e+00
108.050000,1.0002413867e-03,1.5455937534e+00
108.100000,1.0009066232e-03,1.5065190121e+00
108.150000,9.9844208357e-04,1.5287561422e+00
108.200000,9.9924292244e-04,1.6863240411e+00
108.250000,1.0012987558e-03,1.7281606269e+00
108.300000,9.9916923773e-04,1.5198398367e+00
108.350000,1.0005594918e-03,1.6329412889e+00
108.400000,1.0003028498e-03,1.5763436060e+00
108.450000,9.9971253740e-04,1.5131278519e+00
108.500000,9.9947462000e-04,1.6120575272e+00
108.550000,1.0001378021e-03,1.6901028864e+00
108.600000,9.9978501064e-04,1.6370953976e+00
108.650000,1.0013725438e-03,1.4427227662e+00
108.700000,1.0001661231e-03,1.6008581390e+00
108.750000,1.0003706194e-03,1.6526902426e+00
108.800000,1.0005196946e-03,1.5716823772e+00
108.850000,1.0004953563e-03,1.5895528874e+00
108.900000,9.9897123098e-04,1.7059460233e+00
108.950000,9.9899793575e-04,1.7058434141e+00
109.000000,1.0012822274e-03,1.5788650279e+00
109.050000,9.9920521241e-04,1.7794264911e+00
109.100000,9.9985263599e-04,1.5831860048e+00
109.150000,9.9997071793e-04,1.5904640600e+00
109.200000,9.9962449173e-04,1.5982828028e+00
109.250000,1.0001957054e-03,1.6008285475e+00
109.300000,9.9994582653e-04,1.6104416984e+00
109.350000,9.9988606048e-04,1.5312312069e+00
109.400000,9.9951531015e-04,1.6403834608e+00
109.450000,9.9725001352e-04,1.7507291859e+00
109.500000,1.0001325812e-03,1.6702956821e+00
109.550000,1.0014645156e-03,1.6221798131e+00
109.600000,1.0006786824e-03,1.5914802903e+00
109.650000,1.0014472335e-03,1.5449201636e+00
109.700000,9.9951751036e-04,1.5874738622e+00
109.750000,9.9969019878e-04,1.4941710958e+00
109.800000,1.0010926689e-03,1.5378355955e+00
109.850000,9.9831544045e-04,1.5576580383e+00
109.900000,9.9926734591e-04,1.5279251560e+00
109.950000,1.0008392231e-03,1.6200694235e+00
110.000000,9.9981765942e-04,1.6790551116e+00
110.050000,1.0009114460e-03,1.5545107717e+00
110.100000,1.0003220388e-03,1.6445668959e+00
110.150000,1.0006570152e-03,1.6268649253e+00
110.200000,9.9881325326e-04,1.6034047323e+00
110.250000,1.0003340809e-03,1.5571133469e+00
110.300000,9.9962391711e-04,1.5396064168e+00
110.350000,9.9899100912e-04,1.6008572215e+00
110.400000,9.9928673885e-04,1.6825541107e+00
110.450000,1.0007298828e-03,1.6986553572e+00
110.500000,1.0009791776e-03,1.6061594376e+00
110.550000,9.9996875484e-04,1.5033017982e+00
110.600000,9.9986473252e-04,1.6380544407e+00
110.650000,9.9905956496e-04,1.5982844699e+00
110.700000,1.0009268653e-03,1.6094015335e+00
110.750000,9.9936133219e-04,1.5716982915e+00
110.800000,9.9983308211e-04,1.7532468077e+00
110.850000,1.0011009166e-03,1.6168674910e+00
110.900000,1.0019988995e-03,1.6774253436e+00
110.950000,9.9904450034e-04,1.5178380762e+00
111.000000,9.9847532242e-04,1.5483124444e+00
111.050000,9.9915539063e-04,1.5662634970e+00
111.100000,9.9938003172e-04,1.5615939540e+00
111.150000,1.0015069436e-03,1.6611800695e+00
111.200000,1.0010221065e-03,1.5615260712e+00
111.250000,9.9967498702e-04,1.6636372080e+00
111.300000,9.9946826358e-04,1.5422613873e+00
111.350000,1.0029431105e-03,1.6120875156e+00
111.400000,1.0015062099e-03,1.4996538403e+00
111.450000,9.9977405204e-04,1.5739822170e+00
111.500000,9.9767479312e-04,1.6703817009e+00
111.550000,9.9982916451e-04,1.5860092806e+00
111.600000,1.0026757813e-03,1.5180066635e+00
111.650000,9.9954086940e-04,1.6379609378e+00
111.700000,1.0002779928e-03,1.7248591267e+00
111.750000,1.0001500770e-03,1.6325473370e+00
111.800000,9.9992943207e-04,1.6596609988e+00
111.850000,9.9967493986e-04,1.6504536137e+00
111.900000,9.9908743172e-04,1.6938802470e+00
111.950000,1.0014842429e-03,1.5934236864e+00
112.000000,9.9950868842e-04,1.5047429927e+00
112.050000,9.9755052656e-04,1.5649484774e+00
112.100000,1.0011586562e-03,1.6518870765e+00
112.150000,1.0013468008e-03,1.7641376702e+00
112.200000,9.9995171110e-04,1.6662549074e+00
112.250000,9.9993402459e-04,1.5585199845e+00
112.300000,1.0000245137e-03,1.5990647984e+00
112.350000,9.9997802084e-04,1.6355065084e+00
112.400000,1.0003875597e-03,1.6183160544e+00
112.450000,9.9920822828e-04,1.6963684818e+00
112.500000,1.0003689367e-03,1.5993653676e+00
112.550000,9.9957729118e-04,1.5494524904e+00
112.600000,9.9963955281e-04,1.6541406687e+00
112.650000,1.0001090382e-03,1.6860158160e+00
112.700000,9.9927915396e-04,1.5319214913e+00
112.750000,9.9937076847e-04,1.5120570691e+00
112.800000,1.0014963733e-03,1.4825198247e+00
112.850000,1.0000949864e-03,1.5741425720e+00
112.900000,9.9997157274e-04,1.5645162411e+00
112.950000,9.9957991321e-04,1.6213382305e+00
113.000000,1.0005773933e-03,1.5105558621e+00
113.050000,1.0001543957e-03,1.5072640169e+00
113.100000,1.0002530228e-03,1.5477023589e+00
113.150000,9.9979396990e-04,1.5855073209e+00
113.200000,9.9906079373e-04,1.5157643959e+00
113.250000,1.0016142400e-03,1.5522416640e+00
113.300000,1.0002203846e-03,1.5223391232e+00
113.350000,9.9977622968e-04,1.6606737493e+00
113.400000,9.9819695586e-04,1.5908813324e+00
113.450000,1.0019184403e-03,1.6563946376e+00
113.500000,1.0006348287e-03,1.5531602007e+00
113.550000,1.0005170357e-03,1.6891974771e+00
113.600000,1.0005235824e-03,1.5334418847e+00
113.650000,1.0017618891e-03,1.4706877252e+00
113.700000,9.9935547959e-04,1.6689602109e+00
113.750000,1.0000764382e-03,1.7815003320e+00
113.800000,9.9939702186e-04,1.6419828153e+00
113.850000,1.0014643707e-03,1.5435214438e+00
113.900000,1.0004618821e-03,1.5468755225e+00
113.950000,1.0007507849e-03,1.5232180954e+00
114.000000,1.0004503807e-03,1.5893759818e+00
114.050000,9.9927932882e-04,1.6737101279e+00
114.100000,1.0001824877e-03,1.5362664943e+00
114.150000,1.0004664233e-03,1.6794497499e+00
114.200000,1.0019249624e-03,1.5464483165e+00
114.250000,1.0011471276e-03,1.5637585440e+00
114.300000,9.9918286457e-04,1.5386313800e+00
114.350000,1.0027110115e-03,1.5718151775e+00
114.400000,9.9876923404e-04,1.7045209162e+00
114.450000,9.9977353821e-04,1.5686191033e+00
114.500000,9.9848522566e-04,1.6490935102e+00
114.550000,1.0002076946e-03,1.5350350667e+00
114.600000,9.9843246984e-04,1.3344616401e+00
114.650000,1.0007440840e-03,1.6855874405e+00
114.700000,1.0020450205e-03,1.5893025502e+00
114.750000,9.9920101338e-04,1.6436108191e+00
114.800000,9.9891004449e-04,1.5324767986e+00
114.850000,1.0009946558e-03,1.6369794369e+00
114.900000,1.0001113844e-03,1.7494809620e+00
114.950000,1.0015702926e-03,1.5328532789e+00
115.000000,9.9788811424e-04,1.6494867973e+00
115.050000,1.0013227119e-03,1.6445353679e+00
115.100000,1.0003114955e-03,1.7103032301e+00
115.150000,1.0023991486e-03,1.6563117064e+00
115.200000,1.0009653612e-03,1.7051681821e+00
115.250000,1.0000244847e-03,1.6424921464e+00
115.300000,1.0009777489e-03,1.4893992589e+00
115.350000,1.0001476305e-03,1.6159213072e+00
115.400000,9.9888012819e-04,1.6361441874e+00
115.450000,9.9995915420e-04,1.5830059832e+00
115.500000,1.0016425114e-03,1.6275813209e+00
115.550000,1.0006720062e-03,1.6968904795e+00
115.600000,9.9969811054e-04,1.5467335764e+00
115.650000,1.0007415284e-03,1.5819698668e+00
115.700000,9.9911623344e-04,1.5907903779e+00
115.750000,1.0004042043e-03,1.6382542330e+00
115.800000,1.0015557543e-03,1.5303719377e+00
115.850000,1.0005180609e-03,1.5890583668e+00
115.900000,1.0023217250e-03,1.5771097944e+00
115.950000,1.0002438424e-03,1.6481802316e+00
116.000000,9.9930950875e-04,1.5983185342e+00
116.050000,9.9908025192e-04,1.6565587526e+00
116.100000,9.9949809703e-04,1.6730616055e+00
116.150000,9.9942857346e-04,1.5599055540e+00
116.200000,9.9898278401e-04,1.6416331544e+00
116.250000,1.0000167778e-03,1.5869094394e+00
116.300000,9.9967567182e-04,1.6010693055e+00
116.350000,1.0007346907e-03,1.6003196746e+00
116.400000,1.0004142285e-03,1.5768431342e+00
116.450000,1.0014129401e-03,1.7493124151e+00
116.500000,1.0002096465e-03,1.6158763908e+00
116.550000,1.0004111579e-03,1.3980296178e+00
116.600000,1.0015077130e-03,1.6204984871e+00
116.650000,9.9940746042e-04,1.6628613603e+00
116.700000,1.0007741999e-03,1.5684376509e+00
116.750000,1.0005912296e-03,1.7202077369e+00
116.800000,9.9996064532e-04,1.6150078832e+00
116.850000,1.0001163760e-03,1.5951743859e+00
116.900000,9.9984656096e-04,1.6855555159e+00
116.950000,1.0013293096e-03,1.7121290504e+00
117.000000,9.9965120828e-04,1.5606333691e+00
117.050000,1.0005259966e-03,1.6144943466e+00
117.100000,9.9902311227e-04,1.7084232641e+00
117.150000,1.0003642344e-03,1.6719040805e+00
117.200000,1.0010029314e-03,1.6777661883e+00
117.250000,1.0010968219e-03,1.6156653555e+00
117.300000,1.0008641557e-03,1.6490075847e+00
117.350000,9.9984357600e-04,1.5778980632e+00
117.400000,1.0001259265e-03,1.8171581587e+00
117.450000,9.9977731922e-04,1.5429392234e+00
117.500000,9.9954630104e-04,1.6142266343e+00
117.550000,1.0027847680e-03,1.5925790492e+00
117.600000,1.0007496662e-03,1.6316966340e+00
117.650000,1.0010841523e-03,1.5123968407e+00
117.700000,9.9964761067e-04,1.6459704488e+00
117.750000,9.9927433930e-04,1.5615675940e+00
117.800000,1.0000136752e-03,1.6412205664e+00
117.850000,1.0010562086e-03,1.5723913070e+00
117.900000,1.0000796512e-03,1.6034363934e+00
117.950000,9.9935763527e-04,1.5978682343e+00
118.000000,9.9978743794e-04,1.6780200141e+00
118.050000,9.9925308786e-04,1.6434351440e+00
118.100000,1.0007150828e-03,1.7679048649e+00
118.150000,9.9889815416e-04,1.5803941240e+00
118.200000,9.9815476918e-04,1.4915244218e+00
118.250000,1.0001523520e-03,1.6650216320e+00
118.300000,9.9968311631e-04,1.7525292810e+00
118.350000,9.9959178187e-04,1.5748466686e+00
118.400000,9.9992361003e-04,1.5378114452e+00
118.450000,1.0014579048e-03,1.5942448110e+00
118.500000,9.9998066318e-04,1.6429275776e+00
118.550000,1.0005033636e-03,1.6457936044e+00
118.600000,1.0016199985e-03,1.6836520989e+00
118.650000,1.0012171814e-03,1.5986129967e+00
118.700000,1.0010937870e-03,1.5181407210e+00
118.750000,1.0013313886e-03,1.6021462729e+00
118.800000,9.9964730808e-04,1.5390538248e+00
118.850000,1.0002181450e-03,1.5118043118e+00
118.900000,1.0020404768e-03,1.5188523682e+00
118.950000,9.9938451848e-04,1.6388627814e+00
119.000000,9.9970365313e-04,1.5840747966e+00
119.050000,9.9938541253e-04,1.5596681011e+00
119.100000,1.0007266812e-03,1.7687557621e+00
119.150000,1.0007859123e-03,1.4848503017e+00
119.200000,9.9929890161e-04,1.5794685851e+00
119.250000,1.0006580056e-03,1.6782851073e+00
119.300000,1.0003986340e-03,1.6503546777e+00
119.350000,1.0018793610e-03,1.5280581135e+00
119.400000,9.9838858735e-04,1.4570349988e+00
119.450000,1.0013380182e-03,1.5650242728e+00
119.500000,1.0004547379e-03,1.6327342724e+00
119.550000,9.9846672531e-04,1.7185593431e+00
119.600000,1.0008686654e-03,1.5198533070e+00
119.650000,9.9882382480e-04,1.5499012030e+00
119.700000,9.9753012087e-04,1.6140086540e+00
119.750000,9.9956904383e-04,1.6473584372e+00
119.800000,1.0009947939e-03,1.6996187531e+00
119.850000,9.9960514739e-04,1.5791293850e+00
119.900000,9.9998581161e-04,1.7723458204e+00
119.950000,9.9880346460e-04,1.5607823339e+00
120.000000,9.9949554184e-04,1.6908750037e+00
120.050000,1.0002221905e-03,1.5782398858e+00
120.100000,1.0000338407e-03,1.5745893468e+00
120.150000,9.9884792326e-04,1.4984325760e+00
120.200000,1.0021595853e-03,1.4747618916e+00
120.250000,1.0008612766e-03,1.6599988837e+00
120.300000,1.0007319965e-03,1.5563164634e+00
120.350000,1.0007715514e-03,1.5900969407e+00
120.400000,1.0007581538e-03,1.5606200043e+00
120.450000,9.9948517627e-04,1.6079264530e+00
120.500000,1.0002445779e-03,1.6207133359e+00
120.550000,9.9910265134e-04,1.5845297344e+00
120.600000,9.9931372992e-04,1.6230444616e+00
120.650000,9.9954217340e-04,1.6450149277e+00
120.700000,1.0016948720e-03,1.6078281584e+00
120.750000,9.9940892133e-04,1.6048051178e+00
120.800000,9.9868656918e-04,1.6215590239e+00
120.850000,1.0010590059e-03,1.6445916675e+00
120.900000,9.9847594330e-04,1.5491257704e+00
120.950000,1.0005364111e-03,1.6456172989e+00
121.000000,1.0016119270e-03,1.5584066204e+00
121.050000,9.9961339762e-04,1.7138343942e+00
121.100000,9.9902243579e-04,1.5423805115e+00
121.150000,9.9857346428e-04,1.6368457782e+00
121.200000,1.0016988439e-03,1.5132740866e+00
121.250000,1.0012634429e-03,1.7785990970e+00
121.300000,9.9894134544e-04,1.6079609323e+00
121.350000,1.0021914451e-03,1.3907792814e+00
121.400000,9.9889834688e-04,1.6773956941e+00
121.450000,9.9957985125e-04,1.5945314314e+00
121.500000,9.9917217348e-04,1.5484143904e+00
121.550000,9.9902443893e-04,1.5454266736e+00
121.600000,9.9856075838e-04,1.6002906440e+00
121.650000,1.0028792320e-03,1.5194731329e+00
121.700000,1.0015000516e-03,1.5988202962e+00
121.750000,9.9852389342e-04,1.5740283162e+00
121.800000,1.0008289558e-03,1.4561600247e+00
121.850000,9.9977176797e-04,1.4348772718e+00
121.900000,9.9930947612e-04,1.7212486661e+00
121.950000,9.9909955114e-04,1.6277851123e+00
122.000000,1.0009027194e-03,1.5161020646e+00
122.050000,1.0002767489e-03,1.6217473895e+00
122.100000,1.0006284203e-03,1.6137339290e+00
122.150000,9.9894852921e-04,1.7163650641e+00
122.200000,9.9748016721e-04,1.5762924649e+00
122.250000,9.9983811966e-04,1.6267308558e+00
122.300000,9.9964164326e-04,1.6294684865e+00
122.350000,9.9949939694e-04,1.6533009594e+00
122.400000,1.0007864713e-03,1.5741373843e+00
122.450000,1.0014746577e-03,1.5702566425e+00
122.500000,9.9994904759e-04,1.8265811701e+00
122.550000,1.0017530891e-03,1.6855466108e+00
122.600000,1.0006158181e-03,1.7084924973e+00
122.650000,1.0007892269e-03,1.6267237288e+00
122.700000,9.9830917967e-04,1.5245833445e+00
122.750000,9.9952035522e-04,1.5649665864e+00
122.800000,9.9938447402e-04,1.5908040099e+00
122.850000,1.0017840875e-03,1.7008768397e+00
122.900000,1.0009648838e-03,1.6418180173e+00
122.950000,1.0005787550e-03,1.5705782808e+00
123.000000,9.9988345949e-04,1.5840176160e+00
123.050000,1.0012173762e-03,1.6627724211e+00
123.100000,9.9946328070e-04,1.6218888191e+00
123.150000,9.9901209433e-04,1.6328448631e+00
123.200000,9.9988534207e-04,1.6280083706e+00
123.250000,1.0019620609e-03,1.5127117975e+00
123.300000,9.9916883157e-04,1.6779577245e+00
123.350000,1.0012899514e-03,1.6386408550e+00
123.400000,9.9962265978e-04,1.5395356065e+00
123.450000,9.9979923386e-04,1.6778266573e+00
123.500000,9.9986566205e-04,1.6975182873e+00
123.550000,1.0005979179e-03,1.6071149483e+00
123.600000,9.9951013998e-04,1.6149649069e+00
123.650000,9.9873532899e-04,1.5822642763e+00
123.700000,1.0012964622e-03,1.6705933092e+00
123.750000,9.9990889771e-04,1.6422125182e+00
123.800000,9.9935801919e-04,1.6316664841e+00
123.850000,1.0014927267e-03,1.4774160936e+00
123.900000,1.0002590102e-03,1.6180933012e+00
123.950000,1.0011621691e-03,1.7287055987e+00
124.000000,1.0003278397e-03,1.6664256683e+00
124.050000,9.9990194393e-04,1.5587187113e+00
124.100000,1.0010530259e-03,1.6358269063e+00
124.150000,9.9813450549e-04,1.6409079317e+00
124.200000,1.0017934907e-03,1.7456895047e+00
124.250000,1.0005669924e-03,1.6284558754e+00
124.300000,1.0014884920e-03,1.6869769077e+00
124.350000,9.9906682248e-04,1.4946719005e+00
124.400000,1.0005460638e-03,1.5635050093e+00
124.450000,9.9970241113e-04,1.6129536848e+00
124.500000,9.9837569201e-04,1.6176085724e+00
124.550000,1.0012438296e-03,1.6620702588e+00
124.600000,9.9815113798e-04,1.5700433820e+00
124.650000,1.0019354574e-03,1.7065339286e+00
124.700000,9.9894040862e-04,1.6087776553e+00
124.750000,1.0001877838e-03,1.7915040595e+00
124.800000,1.0012651079e-03,1.6640718920e+00
124.850000,9.9725106723e-04,1.4194918797e+00
124.900000,1.0008178946e-03,1.6739125164e+00
124.950000,1.0003008525e-03,1.6751058730e+00
125.000000,9.9983409775e-04,1.6792218417e+00
125.050000,1.0000374803e-03,1.6516177658e+00
125.100000,1.0008009040e-03,1.6179577640e+00
125.150000,1.0010403346e-03,1.4457138459e+00
125.200000,9.9987025645e-04,1.5793999065e+00
125.250000,9.9987998807e-04,1.4554261672e+00
125.300000,9.9983034123e-04,1.6168242705e+00
125.350000,1.0012983592e-03,1.7114698638e+00
125.400000,1.0017137482e-03,1.5451872861e+00
125.450000,9.9943253617e-04,1.6178749947e+00
125.500000,9.9922022201e-04,1.6297206640e+00
125.550000,1.0011175796e-03,1.5771902616e+00
125.600000,1.0009727890e-03,1.7626456890e+00
125.650000,1.0008887005e-03,1.6025885793e+00
125.700000,1.0001924691e-03,1.5972225159e+00
125.750000,9.9959197767e-04,1.6228858929e+00
125.800000,1.0009369565e-03,1.6104970601e+00
125.850000,1.0014271767e-03,1.5415942539e+00
125.900000,9.9950808064e-04,1.4940725773e+00
125.950000,9.9887018060e-04,1.6649266132e+00
126.000000,1.0012307540e-03,1.5364812045e+00
126.050000,1.0015659615e-03,1.6272139149e+00
126.100000,9.9962380281e-04,1.5468192389e+00
126.150000,1.0000346308e-03,1.6357652744e+00
126.200000,9.9822887645e-04,1.5776235437e+00
126.250000,9.9906613062e-04,1.6652237734e+00
126.300000,9.9929263614e-04,1.6173821332e+00
126.350000,1.0005417158e-03,1.5704985658e+00
126.400000,1.0011523958e-03,1.7044587474e+00
126.450000,9.9957281614e-04,1.6158771000e+00
126.500000,1.0004266784e-03,1.6392341584e+00
126.550000,9.9941246069e-04,1.6102942340e+00
126.600000,1.0009169319e-03,1.6892459423e+00
126.650000,1.0008619172e-03,1.6941102916e+00
126.700000,1.0010343925e-03,1.6615524121e+00
126.750000,9.9945895789e-04,1.5979998121e+00
126.800000,1.0003550164e-03,1.6184587416e+00
126.850000,9.9999992479e-04,1.5225056730e+00
126.900000,1.0006091631e-03,1.5652739806e+00
126.950000,9.9918889055e-04,1.6355433872e+00
127.000000,1.0016521237e-03,1.4879673640e+00
127.050000,1.0011763167e-03,1.6997297956e+00
127.100000,1.0008550414e-03,1.6782801179e+00
127.150000,1.0007338302e-03,1.7193433354e+00
127.200000,1.0027137968e-03,1.4848980393e+00
127.250000,9.9980122781e-04,1.6960507784e+00
127.300000,1.0011458706e-03,1.6433628462e+00
127.350000,9.9963607376e-04,1.6305130154e+00
127.400000,9.9934860505e-04,1.5860801504e+00
127.450000,1.0020008401e-03,1.5483787819e+00
127.500000,9.9918812388e-04,1.6360887069e+00
127.550000,9.9940747247e-04,1.5743673035e+00
127.600000,1.0002621126e-03,1.5401581150e+00
127.650000,1.0010400668e-03,1.4721605520e+00
127.700000,1.0001675531e-03,1.6635352144e+00
127.750000,9.9972676106e-04,1.5070842088e+00
127.800000,1.0004905261e-03,1.5596467134e+00
127.850000,1.0004359357e-03,1.5455882196e+00
127.900000,1.0004876477e-03,1.5046799306e+00
127.950000,9.9968094443e-04,1.5510284134e+00
128.000000,1.0004973753e-03,1.4643835345e+00
128.050000,9.9899727854e-04,1.5644469742e+00
128.100000,9.9890668096e-04,1.6011595185e+00
128.150000,9.9867816282e-04,1.5561911311e+00
128.200000,9.9939865706e-04,1.5125969177e+00
128.250000,1.0004235681e-03,1.5668605690e+00
128.300000,1.0005766714e-03,1.6636917532e+00
128.350000,1.0006876519e-03,1.6138168749e+00
128.400000,1.0013266163e-03,1.6710116543e+00
128.450000,1.0006423074e-03,1.7343321645e+00
128.500000,9.9963863928e-04,1.6062571330e+00
128.550000,9.9872387934e-04,1.6171254509e+00
128.600000,1.0010935257e-03,1.6255556020e+00
128.650000,1.0005736723e-03,1.5807223698e+00
128.700000,9.9952574243e-04,1.6449117138e+00
128.750000,1.0030173316e-03,1.6444709236e+00
128.800000,1.0010719813e-03,1.5029528721e+00
128.850000,9.9823655737e-04,1.5138868720e+00
128.900000,1.0004638864e-03,1.7164983781e+00
128.950000,1.0001707693e-03,1.4771996106e+00
129.000000,1.0014189698e-03,1.7477194727e+00
129.050000,9.9779376142e-04,1.5390666300e+00
129.100000,1.0010094901e-03,1.6644900869e+00
129.150000,1.0018080526e-03,1.6955599824e+00
129.200000,1.0002253493e-03,1.5858170887e+00
129.250000,9.9825038242e-04,1.4071170983e+00
129.300000,9.9996107322e-04,1.6350140722e+00
129.350000,9.9972820493e-04,1.4991413102e+00
129.400000,9.9939496915e-04,1.6140003029e+00
129.450000,9.9860043624e-04,1.5882694729e+00
129.500000,9.9993658384e-04,1.6279375696e+00
129.550000,9.9854407796e-04,1.5906797819e+00
129.600000,1.0010536663e-03,1.7078453295e+00
129.650000,1.0002696296e-03,1.5244182898e+00
129.700000,1.0001266779e-03,1.6920641768e+00
129.750000,9.9822695908e-04,1.5441973807e+00
129.800000,9.9917679790e-04,1.5701762352e+00
129.850000,1.0015579586e-03,1.6170981268e+00
129.900000,1.0003864199e-03,1.6176601976e+00
129.950000,9.9985946526e-04,1.6477457153e+00
130.000000,9.9894435804e-04,1.6467364315e+00
130.050000,1.0004974623e-03,1.6932088291e+00
130.100000,1.0009934269e-03,1.5621904048e+00
130.150000,9.9987347055e-04,1.7007596873e+00
130.200000,1.0008323765e-03,1.7060978109e+00
130.250000,1.0002462772e-03,1.6697297682e+00
130.300000,1.0017080916e-03,1.6388356951e+00
130.350000,9.9900945761e-04,1.6037587862e+00
130.400000,1.0014480137e-03,1.6328176260e+00
130.450000,9.9993590812e-04,1.5917463520e+00
130.500000,9.9975521586e-04,1.7677065878e+00
130.550000,1.0010330102e-03,1.6064335641e+00
130.600000,1.0007820385e-03,1.5635105868e+00
130.650000,1.0004918894e-03,1.5549827756e+00
130.700000,9.9954514632e-04,1.5632156154e+00
130.750000,9.9846326793e-04,1.4994952448e+00
130.800000,1.0001366906e-03,1.5174178930e+00
130.850000,1.0001779076e-03,1.5716507605e+00
130.900000,9.9902655855e-04,1.5803919077e+00
130.950000,1.0014236462e-03,1.7721621395e+00
131.000000,9.9845963368e-04,1.5806749874e+00
131.050000,1.0009104054e-03,1.5222495706e+00
131.100000,1.0003845654e-03,1.6746235042e+00
131.150000,9.9810207708e-04,1.5980492800e+00
131.200000,9.9941454255e-04,1.5167308727e+00
131.250000,1.0021253979e-03,1.5608704902e+00
131.300000,9.9902307044e-04,1.5839093708e+00
131.350000,1.0008752578e-03,1.6821317864e+00
131.400000,9.9908002337e-04,1.5962507015e+00
131.450000,9.9888008096e-04,1.5456509403e+00
131.500000,9.9972340567e-04,1.5558521862e+00
131.550000,1.0023803868e-03,1.4216253227e+00
131.600000,9.9927125521e-04,1.5864177773e+00
131.650000,1.0005394179e-03,1.6589905440e+00
131.700000,9.9915947919e-04,1.3605056500e+00
131.750000,9.9999599485e-04,1.7202885820e+00
131.800000,9.9759862332e-04,1.6148133193e+00
131.850000,1.0002730421e-03,1.6312182051e+00
131.900000,1.0003416905e-03,1.6265230386e+00
131.950000,9.9858698563e-04,1.5814687019e+00
132.000000,1.0013365803e-03,1.4477877637e+00
132.050000,9.9841429212e-04,1.5846290874e+00
132.100000,1.0006710135e-03,1.6710215118e+00
132.150000,1.0008621259e-03,1.6037427578e+00
132.200000,1.0003277807e-03,1.7293683107e+00
132.250000,1.0017086132e-03,1.5557084103e+00
132.300000,1.0009115209e-03,1.5254512620e+00
132.350000,9.9985662147e-04,1.5881564750e+00
132.400000,1.0003503365e-03,1.5519537351e+00
132.450000,1.0013422519e-03,1.7419283926e+00
132.500000,1.0006598574e-03,1.6671243226e+00
132.550000,1.0002280632e-03,1.5735965118e+00
132.600000,9.9979823427e-04,1.5204467084e+00
132.650000,9.9980474975e-04,1.6897279438e+00
132.700000,9.9967132640e-04,1.5114670964e+00
132.750000,9.9974620779e-04,1.6703933296e+00
132.800000,1.0010518421e-03,1.5505704787e+00
132.850000,1.0000160871e-03,1.5884087380e+00
132.900000,1.0003087640e-03,1.6008067931e+00
132.950000,9.9945329419e-04,1.4208651611e+00
133.000000,1.0001834478e-03,1.6231140875e+00
133.050000,9.9788687502e-04,1.6395801328e+00
133.100000,1.0005018572e-03,1.5662830517e+00
133.150000,1.0008584110e-03,1.4882287630e+00
133.200000,9.9983837935e-04,1.5388405928e+00
133.250000,9.9911656139e-04,1.7159692082e+00
133.300000,1.0018714518e-03,1.6904151943e+00
133.350000,1.0000213427e-03,1.5579567289e+00
133.400000,1.0015364100e-03,1.4811908996e+00
133.450000,1.0010756782e-03,1.6213807477e+00
133.500000,9.9788615172e-04,1.5831584791e+00
133.550000,9.9972873336e-04,1.5089242655e+00
133.600000,1.0001638969e-03,1.5970022809e+00
133.650000,9.9888597931e-04,1.5866253474e+00
133.700000,1.0004499685e-03,1.5841444602e+00
133.750000,9.9968660212e-04,1.6246841793e+00
133.800000,1.0008108164e-03,1.7251531694e+00
133.850000,1.0000998520e-03,1.6021273224e+00
133.900000,9.9968433947e-04,1.6959779137e+00
133.950000,9.9952075259e-04,1.6195078263e+00
134.000000,1.0010671605e-03,1.6550413273e+00
134.050000,9.9997299633e-04,1.5811824678e+00
134.100000,1.0007864769e-03,1.7313997332e+00
134.150000,1.0003843893e-03,1.5943628410e+00
134.200000,9.9808308318e-04,1.6347945687e+00
134.250000,9.9858881467e-04,1.5811396179e+00
134.300000,1.0008787438e-03,1.4586822835e+00
134.350000,9.9871182375e-04,1.5736188785e+00
134.400000,1.0007379238e-03,1.5877458334e+00
134.450000,1.0010505855e-03,1.6682870764e+00
134.500000,9.9880635648e-04,1.5828884892e+00
134.550000,1.0006497538e-03,1.6260505059e+00
134.600000,9.9903484717e-04,1.6435040921e+00
134.650000,1.0009744972e-03,1.6082961304e+00
134.700000,1.0000717218e-03,1.5660909442e+00
134.750000,1.0008641091e-03,1.6459744888e+00
134.800000,1.0006233875e-03,1.5330044345e+00
134.850000,1.0015458525e-03,1.7152126748e+00
134.900000,9.9944598466e-04,1.5608767429e+00
134.950000,1.0001961664e-03,1.5344435720e+00
135.000000,9.9936046973e-04,1.5456682141e+00
135.050000,1.0004799357e-03,1.5669696697e+00
135.100000,9.9872938984e-04,1.6142978133e+00
135.150000,9.9963556755e-04,1.5744741125e+00
135.200000,1.0004357955e-03,1.5908362806e+00
135.250000,9.9855856282e-04,1.6353600940e+00
135.300000,1.0006936868e-03,1.4999698116e+00
135.350000,9.9976538031e-04,1.5342157014e+00
135.400000,1.0002409469e-03,1.7591394322e+00
135.450000,9.9856968372e-04,1.6873121846e+00
135.500000,1.0003672811e-03,1.5388176807e+00
135.550000,1.0006191037e-03,1.6637563682e+00
135.600000,1.0004953515e-03,1.4962333990e+00
135.650000,1.0013172453e-03,1.7201680266e+00
135.700000,9.9999579624e-04,1.5900729472e+00
135.750000,9.9975719400e-04,1.5946527873e+00
135.800000,9.9861150751e-04,1.5170780476e+00
135.850000,9.9919977751e-04,1.5951534263e+00
135.900000,9.9852445380e-04,1.5353440005e+00
135.950000,9.9809270382e-04,1.5769444816e+00
136.000000,9.9834746538e-04,1.5968618442e+00
136.050000,1.0009426625e-03,1.6596512441e+00
136.100000,1.0013536182e-03,1.6286530259e+00
136.150000,9.9937322047e-04,1.5421949218e+00
136.200000,9.9960945025e-04,1.7405585666e+00
136.250000,9.9916403665e-04,1.4206234140e+00
136.300000,9.9917912982e-04,1.6160169632e+00
136.350000,1.0019899058e-03,1.5408586161e+00
136.400000,1.0008333878e-03,1.4726514613e+00
136.450000,1.0003108295e-03,1.6894414536e+00
136.500000,9.9903154897e-04,1.6240230893e+00
136.550000,9.9966930181e-04,1.5767304350e+00
136.600000,9.9972199150e-04,1.5136891344e+00
136.650000,9.9981669265e-04,1.6441260547e+00
136.700000,9.9994870776e-04,1.5836201567e+00
136.750000,1.0001987769e-03,1.5884016594e+00
136.800000,1.0000336929e-03,1.6614036837e+00
136.850000,9.9992339811e-04,1.6161663362e+00
136.900000,1.0005214164e-03,1.5076218478e+00
136.950000,9.9987280708e-04,1.5707677986e+00
137.000000,1.0001783331e-03,1.5764022951e+00
137.050000,9.9986281974e-04,1.5081458218e+00
137.100000,9.9874128466e-04,1.6103658433e+00
137.150000,9.9964596626e-04,1.6871737658e+00
137.200000,1.0002142807e-03,1.6609096417e+00
137.250000,1.0001237389e-03,1.5799562147e+00
137.300000,1.0013327376e-03,1.5977660493e+00
137.350000,1.0012219284e-03,1.6575473407e+00
137.400000,9.9895648621e-04,1.5012963414e+00
137.450000,1.0007516550e-03,1.4425871349e+00
137.500000,1.0002950032e-03,1.7433580628e+00
137.550000,1.0006488304e-03,1.6958916611e+00
137.600000,1.0013461020e-03,1.6435503540e+00
137.650000,9.9982153864e-04,1.5851126674e+00
137.700000,9.9991974141e-04,1.6425668218e+00
137.750000,9.9985026969e-04,1.5040828288e+00
137.800000,9.9998495544e-04,1.5242696639e+00
137.850000,9.9951852266e-04,1.5700030636e+00
137.900000,1.0018584241e-03,1.4673446104e+00
137.950000,9.9979701754e-04,1.5891172063e+00
138.000000,1.0026597907e-03,1.6425473145e+00
138.050000,9.9939259928e-04,1.4268911813e+00
138.100000,9.9958732679e-04,1.5248237217e+00
138.150000,9.9899262002e-04,1.6471989975e+00
138.200000,9.9990519539e-04,1.5970971902e+00
138.250000,9.9881635047e-04,1.5131280245e+00
138.300000,9.9995485501e-04,1.6809554970e+00
138.350000,1.0012924630e-03,1.6267272344e+00
138.400000,9.9789601443e-04,1.5459273041e+00
138.450000,9.9958690230e-04,1.6766075242e+00
138.500000,1.0004084839e-03,1.6791810084e+00
138.550000,1.0001584345e-03,1.4422206404e+00
138.600000,9.9996846979e-04,1.5536110078e+00
138.650000,1.0005664098e-03,1.5512593642e+00
138.700000,1.0011794271e-03,1.4512188898e+00
138.750000,1.0001212577e-03,1.5952527493e+00
138.800000,9.9924800873e-04,1.6070148611e+00
138.850000,9.9993735027e-04,1.5861590989e+00
138.900000,9.9931804222e-04,1.8291921657e+00
138.950000,9.9883487836e-04,1.4990436441e+00
139.000000,1.0007825312e-03,1.4209850101e+00
139.050000,1.0017140374e-03,1.5564843746e+00
139.100000,1.0018852887e-03,1.5381236698e+00
139.150000,9.9899947312e-04,1.6195459642e+00
139.200000,1.0011091883e-03,1.5712856371e+00
139.250000,9.9995015882e-04,1.6349861351e+00
139.300000,1.0021252180e-03,1.5459767911e+00
139.350000,9.9884473508e-04,1.6511808859e+00
139.400000,1.0000967435e-03,1.5385462573e+00
139.450000,9.9971148698e-04,1.6262392158e+00
139.500000,1.0005952745e-03,1.5816371863e+00
139.550000,9.9984888056e-04,1.6194880643e+00
139.600000,9.9916845520e-04,1.6569534493e+00
139.650000,1.0010679122e-03,1.4559204870e+00
139.700000,1.0002563330e-03,1.5501487152e+00
139.750000,1.0000768984e-03,1.6967579009e+00
139.800000,1.0001678541e-03,1.6678888218e+00
139.850000,1.0008760362e-03,1.4903119806e+00
139.900000,9.9885338148e-04,1.5498185765e+00
139.950000,9.9932931142e-04,1.6403411051e+00
140.000000,1.0005547676e-03,1.4383758930e+00
140.050000,1.0003720225e-03,1.7472380538e+00
140.100000,9.9911961935e-04,1.5724238942e+00
140.150000,9.9912202591e-04,1.6044508953e+00
140.200000,1.0010355361e-03,1.6063311165e+00
140.250000,9.9786751089e-04,1.7819179488e+00
140.300000,9.9980385429e-04,1.6424480225e+00
140.350000,1.0019310181e-03,1.5654931273e+00
140.400000,9.9809091253e-04,1.5448636984e+00
140.450000,1.0001165806e-03,1.5757917912e+00
140.500000,9.9830939069e-04,1.5073478753e+00
140.550000,1.0007286896e-03,1.6752959933e+00
140.600000,1.0021605011e-03,1.6906348866e+00
140.650000,9.9927017782e-04,1.5192654627e+00
140.700000,1.0005157052e-03,1.5536998310e+00
140.750000,1.0008278815e-03,1.6692301261e+00
140.800000,1.0000267830e-03,1.6232810694e+00
140.850000,9.9934682472e-04,1.6127666394e+00
140.900000,9.9981897312e-04,1.4425869366e+00
140.950000,9.9943123633e-04,1.4584482037e+00
141.000000,9.9940799139e-04,1.5694163046e+00
141.050000,9.9924426829e-04,1.3915866224e+00
141.100000,9.9935885765e-04,1.6326600939e+00
141.150000,1.0001585934e-03,1.5748918479e+00
141.200000,9.9968969243e-04,1.4483039680e+00
141.250000,9.9899229055e-04,1.6279025004e+00
141.300000,1.0018948145e-03,1.5377624511e+00
141.350000,1.0003268061e-03,1.6954867684e+00
141.400000,9.9898041166e-04,1.5311476398e+00
141.450000,9.9941494420e-04,1.6846890721e+00
141.500000,1.0010419684e-03,1.6053561998e+00
141.550000,9.9795773193e-04,1.5711842119e+00
141.600000,9.9946059110e-04,1.5161286999e+00
141.650000,1.0006149227e-03,1.6127196410e+00
141.700000,9.9925826527e-04,1.5976267784e+00
141.750000,9.9876355331e-04,1.6166435321e+00
141.800000,9.9853641828e-04,1.6135696691e+00
141.850000,9.9889899358e-04,1.7645168920e+00
141.900000,1.0007982298e-03,1.4898446462e+00
141.950000,1.0002040139e-03,1.6633577495e+00
142.000000,1.0014592335e-03,1.6655887107e+00
142.050000,1.0008425909e-03,1.7501419224e+00
142.100000,1.0004755426e-03,1.5892914547e+00
142.150000,1.0002791392e-03,1.5806493399e+00
142.200000,1.0012500957e-03,1.6342335402e+00
142.250000,1.0004066308e-03,1.6790717779e+00
142.300000,1.0005679267e-03,1.6663580931e+00
142.350000,9.9983979663e-04,1.5220404840e+00
142.400000,9.9892665533e-04,1.4957632862e+00
142.450000,9.9929323456e-04,1.5408471645e+00
142.500000,9.9936979199e-04,1.6764356056e+00
142.550000,1.0002505078e-03,1.5612315271e+00
142.600000,1.0002830711e-03,1.5281539899e+00
142.650000,1.0000890545e-03,1.5537811780e+00
142.700000,1.0011645020e-03,1.5686123630e+00
142.750000,1.0008540731e-03,1.6817270965e+00
142.800000,1.0014873419e-03,1.6007281240e+00
142.850000,9.9986368971e-04,1.6182188820e+00
142.900000,9.9940593168e-04,1.6893227515e+00
142.950000,1.0011374987e-03,1.4898311255e+00
143.000000,1.0004556664e-03,1.6482282063e+00
143.050000,9.9901891468e-04,1.5664642892e+00
143.100000,9.9979776086e-04,1.6760402383e+00
143.150000,1.0000008175e-03,1.4383717741e+00
143.200000,9.9901353707e-04,1.5514236818e+00
143.250000,9.9903972534e-04,1.5737553038e+00
143.300000,1.0008956558e-03,1.5074721174e+00
143.350000,9.9919725686e-04,1.5235192741e+00
143.400000,1.0015951108e-03,1.6947762062e+00
143.450000,1.0018051883e-03,1.5738065255e+00
143.500000,9.9966527588e-04,1.6859164093e+00
143.550000,9.9939640549e-04,1.6669975376e+00
143.600000,1.0014513197e-03,1.6130479657e+00
143.650000,9.9987675173e-04,1.7233753076e+00
143.700000,9.9779651319e-04,1.6512837940e+00
143.750000,9.9939434471e-04,1.6290007645e+00
143.800000,9.9938094129e-04,1.7161360484e+00
143.850000,1.0012536032e-03,1.5261988108e+00
143.900000,9.9966160959e-04,1.6306432057e+00
143.950000,1.0028692105e-03,1.6081063379e+00
144.000000,9.9995356602e-04,1.5760144994e+00
144.050000,1.0001212013e-03,1.5620891813e+00
144.100000,1.0006056655e-03,1.7451138816e+00
144.150000,1.0004515572e-03,1.5853580942e+00
144.200000,9.9917455948e-04,1.7377313089e+00
144.250000,1.0010201684e-03,1.5781214422e+00
144.300000,9.9949560123e-04,1.5668989667e+00
144.350000,9.9808792461e-04,1.4818934783e+00
144.400000,9.9907271080e-04,1.6541686325e+00
144.450000,1.0016216887e-03,1.5973434114e+00
144.500000,1.0002569761e-03,1.4572651923e+00
144.550000,1.0008466364e-03,1.8407478006e+00
144.600000,1.0007860382e-03,1.6074739454e+00
144.650000,1.0000568301e-03,1.4914300173e+00
144.700000,9.9976412885e-04,1.5350140142e+00
144.750000,1.0002574791e-03,1.6147469945e+00
144.800000,9.9891116508e-04,1.5487236224e+00
144.850000,9.9989863852e-04,1.7269509995e+00
144.900000,9.9979946602e-04,1.6010228363e+00
144.950000,1.0018749285e-03,1.5557842785e+00
145.000000,9.9925879928e-04,1.6312631695e+00
145.050000,1.0009521371e-03,1.6412417243e+00
145.100000,1.0000052676e-03,1.6996926000e+00
145.150000,1.0000594727e-03,1.6759846829e+00
145.200000,1.0011915268e-03,1.6362248225e+00
145.250000,1.0000550426e-03,1.5376681735e+00
145.300000,1.0010301087e-03,1.7561595363e+00
145.350000,9.9911576615e-04,1.5214851795e+00
145.400000,1.0015133242e-03,1.6062132525e+00
145.450000,9.9920650705e-04,1.6635080432e+00
145.500000,1.0004653523e-03,1.6692603770e+00
145.550000,9.9869180754e-04,1.6259852670e+00
145.600000,9.9979809320e-04,1.6157786055e+00
145.650000,9.9919063175e-04,1.5464853927e+00
145.700000,1.0009901099e-03,1.5072698652e+00
145.750000,1.0010497598e-03,1.6654777896e+00
145.800000,9.9832143490e-04,1.5875086128e+00
145.850000,9.9963596961e-04,1.5565803142e+00
145.900000,1.0010298825e-03,1.5448719836e+00
145.950000,9.9891867917e-04,1.5788000847e+00
146.000000,1.0018672562e-03,1.6611078245e+00
146.050000,1.0023983427e-03,1.7928787537e+00
146.100000,9.9937665066e-04,1.6476340874e+00
146.150000,9.9841984701e-04,1.6760806111e+00
146.200000,9.9991499631e-04,1.5746160228e+00
146.250000,9.9904685421e-04,1.5740174734e+00
146.300000,1.0004237993e-03,1.3849667602e+00
146.350000,1.0012705936e-03,1.7134233911e+00
146.400000,1.0001017699e-03,1.6619266080e+00
146.450000,9.9954855582e-04,1.6651768542e+00
146.500000,9.9889060130e-04,1.6273120102e+00
146.550000,9.9870258941e-04,1.5522625439e+00
146.600000,1.0005419816e-03,1.6576535772e+00
146.650000,1.0014736809e-03,1.6642267842e+00
146.700000,9.9975513951e-04,1.6470682282e+00
146.750000,9.9970684665e-04,1.7046089837e+00
146.800000,9.9990355512e-04,1.5419587168e+00
146.850000,1.0002795178e-03,1.7402576672e+00
146.900000,1.0006591021e-03,1.7204593604e+00
146.950000,1.0010005581e-03,1.5521193902e+00
147.000000,1.0011878879e-03,1.5353202634e+00
147.050000,9.9905721970e-04,1.6994287686e+00
147.100000,9.9914863406e-04,1.5917265685e+00
147.150000,1.0011997811e-03,1.6122771233e+00
147.200000,9.9926334888e-04,1.7017920423e+00
147.250000,1.0002129503e-03,1.6581162055e+00
147.300000,1.0015277217e-03,1.6682053327e+00
147.350000,9.9897548192e-04,1.5339175448e+00
147.400000,9.9921227286e-04,1.5908286696e+00
147.450000,1.0009352201e-03,1.5888505459e+00
147.500000,1.0006771376e-03,1.5385376263e+00
147.550000,1.0006378720e-03,1.6103823272e+00
147.600000,1.0022872723e-03,1.5156718402e+00
147.650000,1.0004773553e-03,1.5055240221e+00
147.700000,9.9981958673e-04,1.6508436080e+00
147.750000,1.0003854383e-03,1.5197093125e+00
147.800000,9.9971098355e-04,1.5159713146e+00
147.850000,9.9890049490e-04,1.5057072305e+00
147.900000,1.0009713425e-03,1.5649744608e+00
147.950000,9.9900556865e-04,1.5428320275e+00
148.000000,9.9884758829e-04,1.7602636594e+00
148.050000,9.9882127887e-04,1.7357170072e+00
148.100000,9.9964832750e-04,1.5415985262e+00
148.150000,9.9934391485e-04,1.5676304534e+00
148.200000,9.9885337016e-04,1.5566050652e+00
148.250000,9.9972214906e-04,1.6076157002e+00
148.300000,1.0027181913e-03,1.6681841798e+00
148.350000,9.9965283441e-04,1.6356364774e+00
148.400000,1.0024129000e-03,1.4798573365e+00
148.450000,9.9947870851e-04,1.6363125610e+00
148.500000,1.0010063465e-03,1.6023291679e+00
148.550000,1.0007192915e-03,1.6103855812e+00
148.600000,1.0003682469e-03,1.4393387966e+00
148.650000,9.9984027132e-04,1.5885364469e+00
148.700000,9.9988069816e-04,1.5121781472e+00
148.750000,9.9995640103e-04,1.7057112241e+00
148.800000,9.9990820748e-04,1.6295569522e+00
148.850000,9.9994054611e-04,1.8100754200e+00
148.900000,9.9986377359e-04,1.5808276788e+00
148.950000,9.9951321210e-04,1.6033277841e+00
149.000000,1.0002727815e-03,1.5957882068e+00
149.050000,9.9944223137e-04,1.6088682244e+00
149.100000,9.9857025053e-04,1.5994219863e+00
149.150000,1.0011284700e-03,1.6243195592e+00
149.200000,1.0007747681e-03,1.5591732117e+00
149.250000,1.0000745527e-03,1.5069103959e+00
149.300000,1.0005314535e-03,1.5292725696e+00
149.350000,9.9839908771e-04,1.6210566998e+00
149.400000,1.0008436707e-03,1.5493367768e+00
149.450000,1.0010889354e-03,1.5048153542e+00
149.500000,1.0006453769e-03,1.6341490222e+00
149.550000,9.9941897413e-04,1.5393627334e+00
149.600000,9.9956646129e-04,1.6346739319e+00
149.650000,1.0009511050e-03,1.5604588116e+00
149.700000,9.9952270609e-04,1.5663712780e+00
149.750000,9.9965516579e-04,1.6496318657e+00
149.800000,9.9863227970e-04,1.5060496327e+00
149.850000,1.0009151492e-03,1.6732921863e+00
149.900000,9.9963756391e-04,1.6694151507e+00
149.950000,9.9962957539e-04,1.5184949110e+00
150.000000,9.9766957654e-04,1.5389293688e+00
150.050000,1.0013602858e-03,1.5221529424e+00
150.100000,9.9998194441e-04,1.5592233935e+00
150.150000,1.0009019361e-03,1.5695237919e+00
150.200000,1.0006396977e-03,1.7283898586e+00
150.250000,9.9930048864e-04,1.6904812118e+00
150.300000,1.0006191134e-03,1.5436207842e+00
150.350000,9.9895528205e-04,1.5371307463e+00
150.400000,1.0000215252e-03,1.6788264263e+00
150.450000,9.9967281759e-04,1.4420562368e+00
150.500000,1.0030575291e-03,1.6147592764e+00
150.550000,9.9978602730e-04,1.6416380379e+00
150.600000,9.9830144091e-04,1.6366433939e+00
150.650000,1.0012845601e-03,1.7141091002e+00
150.700000,9.9935992426e-04,1.5863382676e+00
150.750000,9.9895029982e-04,1.7832065686e+00
150.800000,1.0018039101e-03,1.6142828760e+00
150.850000,1.0009015987e-03,1.6383259739e+00
150.900000,9.9944050979e-04,1.6127694108e+00
150.950000,1.0007253248e-03,1.5483304670e+00
151.000000,1.0003938236e-03,1.6744711703e+00
151.050000,9.9954696969e-04,1.5925855495e+00
151.100000,9.9931783587e-04,1.5928854578e+00
151.150000,9.9848401673e-04,1.5590174224e+00
151.200000,9.9997108639e-04,1.5514155602e+00
151.250000,9.9966300766e-04,1.6336307175e+00
151.300000,9.9988052302e-04,1.5965221710e+00
151.350000,1.0009736343e-03,1.5637020495e+00
151.400000,9.9977915234e-04,1.7251253013e+00
151.450000,9.9990698588e-04,1.6978700501e+00
151.500000,9.9907552052e-04,1.4879349883e+00
151.550000,1.0002368700e-03,1.4799708308e+00
151.600000,9.9996002700e-04,1.6798995067e+00
151.650000,1.0000765583e-03,1.6531043523e+00
151.700000,9.9922504145e-04,1.7900890779e+00
151.750000,1.0011248867e-03,1.6480022855e+00
151.800000,1.0010052029e-03,1.5578449879e+00
151.850000,1.0008583655e-03,1.6721548563e+00
151.900000,9.9934466157e-04,1.6684277364e+00
151.950000,9.9866981766e-04,1.5672521166e+00
152.000000,9.9921153229e-04,1.7048171391e+00
152.050000,9.9824647122e-04,1.4872443752e+00
152.100000,1.0011613936e-03,1.5529597874e+00
152.150000,1.0004398655e-03,1.8010356175e+00
152.200000,1.0001694352e-03,1.6522908698e+00
152.250000,1.0011218535e-03,1.5166891607e+00
152.300000,1.0009296627e-03,1.5361109492e+00
152.350000,9.9936877268e-04,1.6474065440e+00
152.400000,1.0001456795e-03,1.5104500351e+00
152.450000,1.0003981698e-03,1.6248918282e+00
152.500000,9.9994229554e-04,1.6508404435e+00
152.550000,1.0003644946e-03,1.6583646407e+00
152.600000,9.9972612470e-04,1.4636273231e+00
152.650000,1.0001161070e-03,1.5582416930e+00
152.700000,1.0012928075e-03,1.5008015688e+00
152.750000,9.9987947508e-04,1.6134333260e+00
152.800000,1.0010241468e-03,1.6826657424e+00
152.850000,9.9820334717e-04,1.5158811040e+00
152.900000,1.0001922395e-03,1.4772114609e+00
152.950000,1.0012034166e-03,1.7269913064e+00
153.000000,9.9925287775e-04,1.5777931785e+00
153.050000,1.0006184191e-03,1.6467313560e+00
153.100000,9.9936496816e-04,1.6547946437e+00
153.150000,1.0010471517e-03,1.5823730905e+00
153.200000,1.0004078519e-03,1.5747376426e+00
153.250000,1.0003303439e-03,1.4669503255e+00
153.300000,1.0012014705e-03,1.6635375882e+00
153.350000,9.9993459777e-04,1.7812554742e+00
153.400000,1.0004154885e-03,1.6075169777e+00
153.450000,9.9903756887e-04,1.7226499496e+00
153.500000,9.9969989122e-04,1.5446596544e+00
153.550000,1.0003054557e-03,1.4964354154e+00
153.600000,9.9988979511e-04,1.7425657101e+00
153.650000,1.0001269568e-03,1.5678068187e+00
153.700000,9.9966038073e-04,1.5426321251e+00
153.750000,9.9963884385e-04,1.5668268150e+00
153.800000,9.9996667953e-04,1.5618919081e+00
153.850000,9.9955002032e-04,1.5719982624e+00
153.900000,9.9959212362e-04,1.5979258324e+00
153.950000,1.0017058657e-03,1.5565667217e+00
154.000000,9.9803489644e-04,1.6264325112e+00
154.050000,9.9978167904e-04,1.4539862941e+00
154.100000,9.9965519498e-04,1.5031612634e+00
154.150000,9.9975985748e-04,1.6520716701e+00
154.200000,1.0003405995e-03,1.5079970418e+00
154.250000,9.9828209596e-04,1.5240886470e+00
154.300000,9.9904642297e-04,1.4791326616e+00
154.350000,9.9985473257e-04,1.5380075449e+00
154.400000,1.0002401493e-03,1.6360618568e+00
154.450000,1.0002269778e-03,1.5579133909e+00
154.500000,1.0005961790e-03,1.5062586983e+00
154.550000,9.9875215700e-04,1.6129786945e+00
154.600000,1.0005127986e-03,1.7218860669e+00
154.650000,9.9723742738e-04,1.5793777637e+00
154.700000,9.9974858828e-04,1.6305569990e+00
154.750000,9.9994426635e-04,1.6371236086e+00
154.800000,1.0007851818e-03,1.5767165358e+00
154.850000,1.0003676112e-03,1.7443949792e+00
154.900000,9.9882975034e-04,1.5602984419e+00
154.950000,1.0005542859e-03,1.4463962416e+00
155.000000,1.0024071101e-03,1.6070620989e+00
155.050000,1.0000364850e-03,1.7142687647e+00
155.100000,1.0004927039e-03,1.6002690864e+00
155.150000,1.0002080713e-03,1.6262218447e+00
155.200000,1.0009003767e-03,1.5705202155e+00
155.250000,9.9989645639e-04,1.6592611970e+00
155.300000,9.9971787626e-04,1.6044157743e+00
155.350000,9.9964575624e-04,1.5850180953e+00
155.400000,1.0004639346e-03,1.6933766851e+00
155.450000,1.0017057766e-03,1.4949860315e+00
155.500000,9.9974935741e-04,1.6358523812e+00
155.550000,9.9961751736e-04,1.5249204904e+00
155.600000,1.0009942280e-03,1.5913711098e+00
155.650000,9.9833408215e-04,1.5357388117e+00
155.700000,9.9990797510e-04,1.6140759070e+00
155.750000,9.9844520124e-04,1.7034099380e+00
155.800000,1.0005655989e-03,1.5403898886e+00
155.850000,1.0008393301e-03,1.5262249396e+00
155.900000,1.0011824877e-03,1.6531249390e+00
155.950000,9.9819888886e-04,1.6967473126e+00
156.000000,1.0002866121e-03,1.7421762328e+00
156.050000,1.0000177807e-03,1.5715936904e+00
156.100000,9.9810113389e-04,1.5711216722e+00
156.150000,9.9926995906e-04,1.6560447705e+00
156.200000,1.0009593835e-03,1.4878362942e+00
156.250000,9.9986409291e-04,1.5922868335e+00
156.300000,1.0000983875e-03,1.5758366226e+00
156.350000,1.0002958961e-03,1.5051777694e+00
156.400000,9.9986166964e-04,1.6595091239e+00
156.450000,9.9984454374e-04,1.5948632504e+00
156.500000,1.0005336354e-03,1.6472265240e+00
156.550000,1.0004542512e-03,1.6440538778e+00
156.600000,9.9949197380e-04,1.7392170134e+00
156.650000,1.0022466000e-03,1.6688746222e+00
156.700000,9.9961407286e-04,1.5962301995e+00
156.750000,9.9859000850e-04,1.6036237131e+00
156.800000,1.0003953222e-03,1.4626909020e+00
156.850000,9.9931275909e-04,1.5797019913e+00
156.900000,9.9837039755e-04,1.7173554610e+00
156.950000,1.0012931613e-03,1.5614194519e+00
157.000000,9.9965902131e-04,1.5221616995e+00
157.050000,1.0003454298e-03,1.6035694826e+00
157.100000,1.0011607945e-03,1.5682288529e+00
157.150000,9.9921353579e-04,1.6016809422e+00
157.200000,9.9859418688e-04,1.5842412737e+00
157.250000,9.9794340089e-04,1.5382581746e+00
157.300000,1.0009323599e-03,1.6307931620e+00
157.350000,9.9856548892e-04,1.4685773903e+00
157.400000,9.9871868750e-04,1.7825298652e+00
157.450000,9.9911331373e-04,1.7366759855e+00
157.500000,1.0001335656e-03,1.5283602768e+00
157.550000,1.0001077583e-03,1.3471289113e+00
157.600000,1.0007595530e-03,1.5288450872e+00
157.650000,9.9816336418e-04,1.3431488168e+00
157.700000,9.9816674548e-04,1.5298841450e+00
157.750000,1.0006762563e-03,1.5004473096e+00
157.800000,1.0015749068e-03,1.6662116408e+00
157.850000,1.0008702538e-03,1.6860434430e+00
157.900000,9.9839810659e-04,1.6634947779e+00
157.950000,1.0001532567e-03,1.4809384819e+00
158.000000,1.0002802836e-03,1.6624188523e+00
158.050000,1.0000323144e-03,1.4994115339e+00
158.100000,1.0003123859e-03,1.6651922480e+00
158.150000,1.0004279681e-03,1.7345109179e+00
158.200000,9.9896416925e-04,1.6052187680e+00
158.250000,9.9930644333e-04,1.5439743020e+00
158.300000,9.9958878733e-04,1.7041243789e+00
158.350000,9.9894482895e-04,1.4425850447e+00
158.400000,1.0003956388e-03,1.4716175636e+00
158.450000,1.0008389036e-03,1.5349728372e+00
158.500000,1.0002376454e-03,1.5075433564e+00
158.550000,1.0002859486e-03,1.6055039408e+00
158.600000,9.9939938533e-04,1.4776565249e+00
158.650000,1.0021311436e-03,1.6050875875e+00
158.700000,9.9969036537e-04,1.6483166485e+00
158.750000,9.9924336666e-04,1.4757694156e+00
158.800000,1.0007559984e-03,1.5825089053e+00
158.850000,1.0020609176e-03,1.6394533488e+00
158.900000,9.9982069387e-04,1.5677712496e+00
158.950000,1.0008393298e-03,1.6055265743e+00
159.000000,9.9958156794e-04,1.5745687837e+00
159.050000,9.9958963303e-04,1.5923915676e+00
159.100000,1.0007954055e-03,1.5854290613e+00
159.150000,9.9924610853e-04,1.6315299526e+00
159.200000,1.0000696613e-03,1.6860636020e+00
159.250000,1.0003831563e-03,1.5838328407e+00
159.300000,9.9979406067e-04,1.4916008466e+00
159.350000,9.9981194946e-04,1.6539953537e+00
159.400000,1.0007536522e-03,1.5170359951e+00
159.450000,1.0000962004e-03,1.7173646103e+00
159.500000,9.9843767488e-04,1.6821934390e+00
159.550000,9.9921890616e-04,1.6281763514e+00
159.600000,9.9897821491e-04,1.5983945178e+00
159.650000,9.9949755460e-04,1.6301960344e+00
159.700000,1.0001458044e-03,1.6614398270e+00
159.750000,9.9833283336e-04,1.5026686230e+00
159.800000,1.0018776144e-03,1.5512804540e+00
159.850000,1.0000230999e-03,1.5678010296e+00
159.900000,9.9912168023e-04,1.6544772880e+00
159.950000,9.9877492476e-04,1.7071069537e+00
160.000000,1.0000514051e-03,1.6910123365e+00
160.050000,9.9938435274e-04,1.4575992464e+00
160.100000,1.0001877587e-03,1.7328530460e+00
160.150000,1.0004240884e-03,1.6038047250e+00
160.200000,1.0001504936e-03,1.6202629923e+00
160.250000,1.0017173381e-03,1.4752442775e+00
160.300000,1.0005653507e-03,1.6449667615e+00
160.350000,1.0007471978e-03,1.5034812910e+00
160.400000,1.0017233163e-03,1.6876817472e+00
160.450000,9.9981220211e-04,1.6136271007e+00
160.500000,9.9958474462e-04,1.4748599114e+00
160.550000,1.0016962938e-03,1.6197053460e+00
160.600000,1.0015402593e-03,1.5325533633e+00
160.650000,1.0002058591e-03,1.6409749452e+00
160.700000,1.0000904008e-03,1.5113664887e+00
160.750000,9.9949435489e-04,1.6992575319e+00
160.800000,1.0001288898e-03,1.7056290292e+00
160.850000,9.9821632864e-04,1.6596439758e+00
160.900000,9.9849208786e-04,1.6271683396e+00
160.950000,1.0001862380e-03,1.5751464846e+00
161.000000,9.9818073578e-04,1.5148879911e+00
161.050000,1.0002106727e-03,1.5749010783e+00
161.100000,1.0001730200e-03,1.6621875985e+00
161.150000,1.0003374170e-03,1.5461275373e+00
161.200000,1.0000226897e-03,1.6301299048e+00
161.250000,1.0012056930e-03,1.5845426854e+00
161.300000,1.0007118673e-03,1.5666869511e+00
161.350000,1.0004866630e-03,1.4711028510e+00
161.400000,9.9972722080e-04,1.4522087708e+00
161.450000,1.0018508116e-03,1.7581572025e+00
161.500000,9.9849891981e-04,1.6478560452e+00
161.550000,1.0013853829e-03,1.7467652853e+00
161.600000,9.9919924676e-04,1.5186361799e+00
161.650000,9.9975861355e-04,1.7370583951e+00
161.700000,1.0013355454e-03,1.6506519060e+00
161.750000,1.0011463203e-03,1.4297086942e+00
161.800000,1.0005446328e-03,1.5306580890e+00
161.850000,9.9880713162e-04,1.6896174013e+00
161.900000,9.9945125683e-04,1.4655147809e+00
161.950000,9.9996691464e-04,1.6011167822e+00
162.000000,9.9860105652e-04,1.5769292764e+00
162.050000,9.9858828821e-04,1.4356867656e+00
162.100000,1.0001940640e-03,1.7323047094e+00
162.150000,1.0006059431e-03,1.5264515911e+00
162.200000,9.9981213620e-04,1.5672637638e+00
162.250000,1.0005565052e-03,1.5846959790e+00
162.300000,1.0003529525e-03,1.6215361608e+00
162.350000,9.9959178875e-04,1.5434296771e+00
162.400000,9.9828097859e-04,1.5824328537e+00
162.450000,1.0007108502e-03,1.5231371069e+00
162.500000,9.9871649388e-04,1.6394089808e+00
162.550000,9.9956775824e-04,1.6623851735e+00
162.600000,9.9973059111e-04,1.5286466554e+00
162.650000,1.0007311202e-03,1.5575211368e+00
162.700000,9.9903534253e-04,1.7219115376e+00
162.750000,1.0000227253e-03,1.5575154786e+00
162.800000,1.0011854559e-03,1.5392288958e+00
162.850000,9.9823084622e-04,1.5719565229e+00
162.900000,9.9957465119e-04,1.6044516682e+00
162.950000,1.0003944057e-03,1.5593292153e+00
163.000000,1.0011524731e-03,1.5086248341e+00
163.050000,1.0011956973e-03,1.6571748259e+00
163.100000,9.9827898905e-04,1.5984693214e+00
163.150000,1.0003316904e-03,1.6998363498e+00
163.200000,1.0006443964e-03,1.6697209496e+00
163.250000,9.9946703701e-04,1.6290463948e+00
163.300000,1.0006224004e-03,1.6829660521e+00
163.350000,1.0002901831e-03,1.6060890173e+00
163.400000,9.9956449681e-04,1.6714748382e+00
163.450000,1.0011120595e-03,1.6022446081e+00
163.500000,9.9931914995e-04,1.4513189593e+00
163.550000,1.0001437578e-03,1.4650666707e+00
163.600000,1.0013007268e-03,1.6606672974e+00
163.650000,9.9988550520e-04,1.6953047333e+00
163.700000,1.0018646969e-03,1.5958187809e+00
163.750000,1.0003366605e-03,1.6713176332e+00
163.800000,1.0003797614e-03,1.4694568361e+00
163.850000,9.9993593738e-04,1.7046907650e+00
163.900000,9.9997253632e-04,1.6717983347e+00
163.950000,1.0000753685e-03,1.6057346904e+00
164.000000,1.0015370181e-03,1.7924123684e+00
164.050000,9.9892863363e-04,1.6664781303e+00
164.100000,1.0009964420e-03,1.5802276545e+00
164.150000,1.0007940951e-03,1.5601080539e+00
164.200000,1.0001903988e-03,1.7488556062e+00
164.250000,9.9905085004e-04,1.5465341490e+00
164.300000,1.0008996968e-03,1.6498172920e+00
164.350000,1.0007886201e-03,1.5265743676e+00
164.400000,1.0008411089e-03,1.6230382316e+00
164.450000,1.0011919122e-03,1.6474824608e+00
164.500000,9.9932507627e-04,1.6704351861e+00
164.550000,9.9911182190e-04,1.7205502088e+00
164.600000,1.0001516207e-03,1.6236767481e+00
164.650000,9.9872189594e-04,1.6716366567e+00
164.700000,9.9904472350e-04,1.5521766073e+00
164.750000,9.9851752431e-04,1.5946085731e+00
164.800000,1.0018005751e-03,1.6843399589e+00
164.850000,9.9952154202e-04,1.6174339914e+00
164.900000,1.0004394260e-03,1.7684325551e+00
164.950000,9.9851558533e-04,1.5021765175e+00
165.000000,1.0009002019e-03,1.6294270557e+00
165.050000,1.0004451513e-03,1.6307731039e+00
165.100000,9.9846933924e-04,1.5337074020e+00
165.150000,1.0020147251e-03,1.5025236383e+00
165.200000,1.0014798216e-03,1.6603430366e+00
165.250000,1.0015414058e-03,1.5635730409e+00
165.300000,1.0019649141e-03,1.5347498736e+00
165.350000,9.9940527957e-04,1.5970556878e+00
165.400000,1.0001369617e-03,1.5739366294e+00
165.450000,1.0013724197e-03,1.6223278250e+00
165.500000,1.0003787548e-03,1.6021480474e+00
165.550000,9.9985007551e-04,1.5289432847e+00
165.600000,1.0005808559e-03,1.5392179368e+00
165.650000,9.9939215669e-04,1.5172000568e+00
165.700000,9.9994540254e-04,1.5753132699e+00
165.750000,1.0008173609e-03,1.7026280769e+00
165.800000,1.0005048279e-03,1.6909325580e+00
165.850000,1.0000710326e-03,1.5323687744e+00
165.900000,1.0001773289e-03,1.6317842204e+00
165.950000,1.0004432301e-03,1.5485903186e+00
166.000000,9.9949995696e-04,1.7608779311e+00
166.050000,9.9844398086e-04,1.6513552656e+00
166.100000,9.9997116600e-04,1.6882149530e+00
166.150000,1.0001370459e-03,1.5821387112e+00
166.200000,1.0002904580e-03,1.6221992122e+00
166.250000,1.0005201083e-03,1.6084405696e+00
166.300000,1.0004557903e-03,1.5028207826e+00
166.350000,9.9864132061e-04,1.5917527532e+00
166.400000,1.0016384551e-03,1.6530685050e+00
166.450000,1.0006714382e-03,1.6337374039e+00
166.500000,1.0001681301e-03,1.4652075765e+00
166.550000,1.0015747354e-03,1.6267735404e+00
166.600000,9.9952892434e-04,1.5417565577e+00
166.650000,9.9938520397e-04,1.5541822317e+00
166.700000,9.9912726034e-04,1.5225227743e+00
166.750000,1.0004428910e-03,1.6567013284e+00
166.800000,9.9782432550e-04,1.5745933563e+00
166.850000,1.0018667270e-03,1.6277791699e+00
166.900000,1.0000839848e-03,1.7078078609e+00
166.950000,1.0014538773e-03,1.7096190261e+00
167.000000,9.9926613961e-04,1.6565659454e+00
167.050000,1.0001655584e-03,1.6125482320e+00
167.100000,1.0001277927e-03,1.6065009844e+00
167.150000,9.9793281857e-04,1.6051652994e+00
167.200000,1.0025732639e-03,1.6173659085e+00
167.250000,1.0005249979e-03,1.4809462285e+00
167.300000,1.0022995121e-03,1.5567552491e+00
167.350000,1.0004871557e-03,1.6704878311e+00
167.400000,9.9904624198e-04,1.4996134944e+00
167.450000,1.0008116252e-03,1.6328118106e+00
167.500000,9.9967069993e-04,1.5853412029e+00
167.550000,1.0000345684e-03,1.6795238813e+00
167.600000,1.0004489725e-03,1.6467940772e+00
167.650000,9.9980064618e-04,1.6660282621e+00
167.700000,1.0008568660e-03,1.6023415385e+00
167.750000,1.0002643228e-03,1.5600244717e+00
167.800000,1.0000112221e-03,1.5206149375e+00
167.850000,9.9832597208e-04,1.5352687697e+00
167.900000,9.9966838010e-04,1.6479411956e+00
167.950000,1.0012349250e-03,1.6512478908e+00
168.000000,1.0011605373e-03,1.6498263291e+00
168.050000,9.9939766753e-04,1.6060901129e+00
168.100000,1.0008730039e-03,1.5313948937e+00
168.150000,1.0005886715e-03,1.5510664309e+00
168.200000,1.0002021822e-03,1.5649953276e+00
168.250000,1.0006629956e-03,1.6185498368e+00
168.300000,1.0008912811e-03,1.6414899785e+00
168.350000,1.0010567142e-03,1.7263788782e+00
168.400000,1.0012880724e-03,1.5505208126e+00
168.450000,9.9793819244e-04,1.6169577453e+00
168.500000,9.9971199257e-04,1.6091840863e+00
168.550000,9.9955650674e-04,1.6905740546e+00
168.600000,9.9864679189e-04,1.4819006073e+00
168.650000,1.0015300340e-03,1.5919074490e+00
168.700000,1.0020862136e-03,1.5447578662e+00
168.750000,1.0010025280e-03,1.5418989016e+00
168.800000,9.9966291078e-04,1.5854621288e+00
168.850000,9.9929082835e-04,1.6039724359e+00
168.900000,1.0011979463e-03,1.6372108984e+00
168.950000,1.0009995912e-03,1.6245003776e+00
169.000000,1.0000434653e-03,1.5426945270e+00
169.050000,1.0017890402e-03,1.6436156365e+00
169.100000,9.9959329573e-04,1.5079772738e+00
169.150000,1.0002470805e-03,1.6432007337e+00
169.200000,1.0009682731e-03,1.6246288960e+00
169.250000,9.9987465347e-04,1.7556567787e+00
169.300000,1.0017569214e-03,1.6010644140e+00
169.350000,1.0020247375e-03,1.6735108629e+00
169.400000,9.9839193499e-04,1.6342241487e+00
169.450000,1.0013812040e-03,1.5860751276e+00
169.500000,1.0002188484e-03,1.5906367337e+00
169.550000,9.9901058592e-04,1.7140575798e+00
169.600000,9.9990791394e-04,1.6273658271e+00
169.650000,9.9877665693e-04,1.6319852676e+00
169.700000,9.9938646899e-04,1.5716338126e+00
169.750000,9.9870549574e-04,1.6515223393e+00
169.800000,1.0004923865e-03,1.7275883644e+00
169.850000,9.9889400828e-04,1.5183616204e+00
169.900000,9.9952458606e-04,1.5775230124e+00
169.950000,9.9681359987e-04,1.5419264036e+00
170.000000,9.9986861054e-04,1.6033285107e+00
170.050000,9.9796345750e-04,1.5888998536e+00
170.100000,1.0019525919e-03,1.5656774405e+00
170.150000,1.0016644257e-03,1.5161218841e+00
170.200000,9.9925727439e-04,1.5673493107e+00
170.250000,1.0000138111e-03,1.6697807830e+00
170.300000,9.9995396754e-04,1.6187640253e+00
170.350000,9.9812782893e-04,1.4760637528e+00
170.400000,9.9987179386e-04,1.4993167190e+00
170.450000,1.0002130160e-03,1.5965973715e+00
170.500000,1.0021496555e-03,1.5879376233e+00
170.550000,1.0002703149e-03,1.6540081927e+00
170.600000,1.0001909817e-03,1.6125237619e+00
170.650000,9.9956929092e-04,1.6434277399e+00
170.700000,9.9958058475e-04,1.5569864078e+00
170.750000,1.0009697001e-03,1.5309201714e+00
170.800000,1.0006688848e-03,1.5391542023e+00
170.850000,9.9728387107e-04,1.6409806442e+00
170.900000,1.0013022940e-03,1.6566699761e+00
170.950000,1.0008108373e-03,1.7069302809e+00
171.000000,1.0020104992e-03,1.6441936656e+00
171.050000,9.9866650919e-04,1.5222952675e+00
171.100000,1.0010592283e-03,1.6348711695e+00
171.150000,1.0004099205e-03,1.5963848946e+00
171.200000,9.9919103159e-04,1.4727424295e+00
171.250000,1.0029324667e-03,1.4852830234e+00
171.300000,9.9881961993e-04,1.6782689417e+00
171.350000,1.0000087053e-03,1.6250562872e+00
171.400000,9.9916825952e-04,1.7457909820e+00
171.450000,1.0003039819e-03,1.5510647456e+00
171.500000,9.9976387893e-04,1.6009696122e+00
171.550000,9.9854436865e-04,1.5209237779e+00
171.600000,1.0013935046e-03,1.6270613495e+00
171.650000,9.9970841236e-04,1.6555487589e+00
171.700000,9.9981320296e-04,1.5655784779e+00
171.750000,9.9791388783e-04,1.6615484673e+00
171.800000,9.9886590981e-04,1.5457218142e+00
171.850000,9.9987222356e-04,1.6005831125e+00
171.900000,9.9996258357e-04,1.6099031023e+00
171.950000,9.9892455885e-04,1.7344599727e+00
172.000000,9.9869764881e-04,1.7135989029e+00
172.050000,1.0004084530e-03,1.6564896896e+00
172.100000,9.9888546597e-04,1.6067735748e+00
172.150000,1.0003001946e-03,1.5666684346e+00
172.200000,1.0012300906e-03,1.5147695891e+00
172.250000,9.9857838158e-04,1.7296212044e+00
172.300000,1.0021088995e-03,1.6624388606e+00
172.350000,1.0011412776e-03,1.6716375528e+00
172.400000,9.9974850969e-04,1.6424281844e+00
172.450000,9.9983243645e-04,1.6139426767e+00
172.500000,1.0004437676e-03,1.6451434540e+00
172.550000,1.0013873881e-03,1.6451231582e+00
172.600000,9.9973660100e-04,1.5671843829e+00
172.650000,9.9837651364e-04,1.6064434534e+00
172.700000,1.0015361654e-03,1.4357453976e+00
172.750000,1.0003449746e-03,1.4963438643e+00
172.800000,1.0008935965e-03,1.5751606224e+00
172.850000,9.9885700746e-04,1.6166040830e+00
172.900000,1.0004794593e-03,1.5367575774e+00
172.950000,9.9932790954e-04,1.6712349560e+00
173.000000,9.9972389901e-04,1.5793535245e+00
173.050000,9.9998580682e-04,1.6648375722e+00
173.100000,1.0012913201e-03,1.5542407715e+00
173.150000,9.9953235245e-04,1.6854468877e+00
173.200000,1.0001060944e-03,1.6594016222e+00
173.250000,9.9919091959e-04,1.5603651779e+00
173.300000,9.9848031951e-04,1.6101245474e+00
173.350000,9.9987861623e-04,1.5968154600e+00
173.400000,1.0020873460e-03,1.6235142125e+00
173.450000,1.0007115486e-03,1.6253627068e+00
173.500000,1.0008371437e-03,1.6895382685e+00
173.550000,1.0009272061e-03,1.7636686235e+00
173.600000,9.9900430061e-04,1.6246748324e+00
173.650000,9.9966567909e-04,1.6770252821e+00
173.700000,9.9925089532e-04,1.5910174588e+00
173.750000,9.9972005699e-04,1.5908442976e+00
173.800000,9.9945602249e-04,1.6220764294e+00
173.850000,9.9765305593e-04,1.7292417143e+00
173.900000,9.9786439016e-04,1.5744157089e+00
173.950000,9.9917070577e-04,1.6587500112e+00
174.000000,1.0000532550e-03,1.5841396032e+00
174.050000,1.0005260956e-03,1.6079244154e+00
174.100000,9.9997105164e-04,1.5820175105e+00
174.150000,1.0011526423e-03,1.5511473406e+00
174.200000,1.0007004070e-03,1.6682176422e+00
174.250000,1.0012745342e-03,1.6591828649e+00
174.300000,9.9973673932e-04,1.6996542609e+00
174.350000,1.0000487654e-03,1.6749789554e+00
174.400000,1.0008872497e-03,1.5826312461e+00
174.450000,1.0003768963e-03,1.5458510204e+00
174.500000,1.0012744950e-03,1.5579308728e+00
174.550000,9.9948150309e-04,1.5746991328e+00
174.600000,9.9975720076e-04,1.5747623971e+00
174.650000,9.9809036839e-04,1.6116082096e+00
174.700000,1.0008649909e-03,1.4792251118e+00
174.750000,1.0012785244e-03,1.5796050101e+00
174.800000,9.9978091415e-04,1.6837774527e+00
174.850000,1.0001714769e-03,1.6207098989e+00
174.900000,9.9942143066e-04,1.6530793063e+00
174.950000,1.0004463879e-03,1.6390873664e+00
175.000000,1.0004575481e-03,1.5804167349e+00
175.050000,1.0005140575e-03,1.6209287039e+00
175.100000,1.0012765207e-03,1.7165143896e+00
175.150000,1.0001813440e-03,1.5969033901e+00
175.200000,9.9981004587e-04,1.5468079188e+00
175.250000,1.0023234513e-03,1.4591107434e+00
175.300000,9.9957703952e-04,1.6353327972e+00
175.350000,9.9986719658e-04,1.6778054152e+00
175.400000,1.0030445588e-03,1.7056440957e+00
175.450000,1.0012617855e-03,1.5064596211e+00
175.500000,9.9933283500e-04,1.5808935896e+00
175.550000,9.9997289876e-04,1.4975725774e+00
175.600000,9.9872104211e-04,1.6712939137e+00
175.650000,1.0013946593e-03,1.6117136309e+00
175.700000,1.0011309765e-03,1.5252954816e+00
175.750000,9.9897285813e-04,1.6655430968e+00
175.800000,9.9834339951e-04,1.6952517353e+00
175.850000,9.9977998019e-04,1.5847774735e+00
175.900000,9.9948232958e-04,1.7160147708e+00
175.950000,9.9985251231e-04,1.6809071752e+00
176.000000,9.9988929767e-04,1.7532965343e+00
176.050000,9.9982634519e-04,1.5509380327e+00
176.100000,1.0016959059e-03,1.5674815627e+00
176.150000,1.0003037972e-03,1.5621075576e+00
176.200000,1.0008876679e-03,1.5757256293e+00
176.250000,9.9912291923e-04,1.5569333723e+00
176.300000,9.9967095126e-04,1.5755576338e+00
176.350000,9.9808440397e-04,1.6593178761e+00
176.400000,9.9973347765e-04,1.6588379059e+00
176.450000,1.0000199559e-03,1.7015064347e+00
176.500000,1.0006109730e-03,1.7040864877e+00
176.550000,9.9978678458e-04,1.6240789606e+00
176.600000,9.9976308556e-04,1.4722990740e+00
176.650000,9.9952080437e-04,1.4111544922e+00
176.700000,1.0004388535e-03,1.6068014583e+00
176.750000,1.0003734571e-03,1.5332061412e+00
176.800000,1.0010524626e-03,1.6174595828e+00
176.850000,1.0001006464e-03,1.6015535434e+00
176.900000,9.9887869516e-04,1.6203284186e+00
176.950000,9.9947377901e-04,1.6216171686e+00
177.000000,1.0004048429e-03,1.5476834452e+00
177.050000,9.9830836470e-04,1.6254823452e+00
177.100000,9.9839781476e-04,1.6207907143e+00
177.150000,9.9823685579e-04,1.4971772620e+00
177.200000,1.0009910124e-03,1.7094462911e+00
177.250000,9.9869427192e-04,1.4669055304e+00
177.300000,1.0005923982e-03,1.5706553223e+00
177.350000,9.9872093260e-04,1.5470960982e+00
177.400000,1.0007771050e-03,1.5575988497e+00
177.450000,1.0013921610e-03,1.6381807374e+00
177.500000,1.0004953542e-03,1.6364220232e+00
177.550000,1.0006383760e-03,1.7293192921e+00
177.600000,1.0009609533e-03,1.7516401831e+00
177.650000,1.0013960595e-03,1.5239337134e+00
177.700000,9.9934164014e-04,1.5381441918e+00
177.750000,9.9986550916e-04,1.5048538640e+00
177.800000,9.9924871098e-04,1.5429756400e+00
177.850000,1.0006197254e-03,1.3850982781e+00
177.900000,1.0007115202e-03,1.6786233747e+00
177.950000,1.0003729862e-03,1.5270232791e+00
178.000000,9.9940770282e-04,1.5915477081e+00
178.050000,9.9943044077e-04,1.5663204569e+00
178.100000,1.0002961259e-03,1.4928676077e+00
178.150000,1.0007288469e-03,1.5987903318e+00
178.200000,1.0013958419e-03,1.6206457450e+00
178.250000,1.0002543109e-03,1.5905732400e+00
178.300000,1.0010752904e-03,1.6375462184e+00
178.350000,9.9924640585e-04,1.5800041350e+00
178.400000,9.9982018969e-04,1.5641380903e+00
178.450000,1.0013335872e-03,1.6653029316e+00
178.500000,1.0000687769e-03,1.5546748523e+00
178.550000,9.9931008169e-04,1.5911265981e+00
178.600000,1.0004415081e-03,1.5373072830e+00
178.650000,1.0004923507e-03,1.4994446465e+00
178.700000,9.9950837346e-04,1.6121089222e+00
178.750000,1.0003800990e-03,1.5936978273e+00
178.800000,9.9932626198e-04,1.4738495800e+00
178.850000,9.9947106816e-04,1.6083296005e+00
178.900000,9.9999679831e-04,1.5322507015e+00
178.950000,1.0001171846e-03,1.6988188988e+00
179.000000,1.0009923571e-03,1.7303633933e+00
179.050000,9.9850134022e-04,1.6481149749e+00
179.100000,1.0005668574e-03,1.6075411846e+00
179.150000,9.9943053599e-04,1.6160201229e+00
179.200000,1.0006450043e-03,1.6121320269e+00
179.250000,1.0002243603e-03,1.5571156719e+00
179.300000,9.9975490387e-04,1.3844020274e+00
179.350000,1.0008322064e-03,1.6630763300e+00
179.400000,1.0001460861e-03,1.4488723989e+00
179.450000,1.0014941249e-03,1.6031304387e+00
179.500000,9.9822437838e-04,1.5659714146e+00
179.550000,1.0010212400e-03,1.5740346182e+00
179.600000,1.0007135673e-03,1.5626015615e+00
179.650000,1.0003539302e-03,1.7072025357e+00
179.700000,1.0006722361e-03,1.6729421022e+00
179.750000,1.0008130673e-03,1.5333608325e+00
179.800000,9.9960231465e-04,1.5651822319e+00
179.850000,9.9940089910e-04,1.5348190992e+00
179.900000,9.9862693849e-04,1.6625571308e+00
179.950000,1.0010121807e-03,1.6316807506e+00
180.000000,1.0005414010e-03,1.6626856363e+00
180.050000,1.0018741785e-03,1.5628522971e+00
180.100000,9.9979234303e-04,1.7913413037e+00
180.150000,1.0013010278e-03,1.5728203976e+00
180.200000,1.0013074515e-03,1.6396366991e+00
180.250000,1.0005020517e-03,1.6329357491e+00
180.300000,1.0011074170e-03,1.5318678183e+00
180.350000,9.9889383141e-04,1.5897354467e+00
180.400000,9.9984010085e-04,1.6205232062e+00
180.450000,9.9881268576e-04,1.5075177902e+00
180.500000,9.9888536871e-04,1.5306503165e+00
180.550000,9.9959642421e-04,1.5736708443e+00
180.600000,9.9985055034e-04,1.4390691408e+00
180.650000,9.9970416136e-04,1.4254690639e+00
180.700000,9.9797799671e-04,1.5742318133e+00
180.750000,1.0019838724e-03,1.5518008600e+00
180.800000,1.0015019459e-03,1.4836282938e+00
180.850000,1.0005821725e-03,1.7076770274e+00
180.900000,9.9909993286e-04,1.6386243967e+00
180.950000,1.0020932191e-03,1.5470586292e+00
181.000000,1.0002752462e-03,1.4472536344e+00
181.050000,1.0001375503e-03,1.5521733294e+00
181.100000,1.0006412124e-03,1.5831091697e+00
181.150000,1.0010299207e-03,1.6615426032e+00
181.200000,9.9961878816e-04,1.7151320905e+00
181.250000,1.0002443908e-03,1.6798804358e+00
181.300000,1.0004538191e-03,1.7015022914e+00
181.350000,9.9927155205e-04,1.6223031021e+00
181.400000,1.0004275166e-03,1.6438723147e+00
181.450000,9.9877153664e-04,1.6507472720e+00
181.500000,9.9874200299e-04,1.5504468526e+00
181.550000,1.0000001766e-03,1.6258424712e+00
181.600000,1.0000465725e-03,1.6909672323e+00
181.650000,9.9882451725e-04,1.5714093295e+00
181.700000,1.0003043496e-03,1.6955378772e+00
181.750000,1.0006760809e-03,1.6200445457e+00
181.800000,9.9948783698e-04,1.5381343700e+00
181.850000,9.9973477365e-04,1.5073562612e+00
181.900000,9.9971683828e-04,1.6979444862e+00
181.950000,1.0001015514e-03,1.5652597832e+00
182.000000,1.0011578783e-03,1.5596366525e+00
182.050000,1.0020863241e-03,1.4169088946e+00
182.100000,9.9942146150e-04,1.5916734492e+00
182.150000,9.9918359250e-04,1.6353889631e+00
182.200000,9.9903096236e-04,1.5632814497e+00
182.250000,9.9922328729e-04,1.6100451193e+00
182.300000,1.0027293477e-03,1.6464728174e+00
182.350000,9.9927133318e-04,1.6530125344e+00
182.400000,9.9828941558e-04,1.5796827697e+00
182.450000,1.0002950019e-03,1.5823578436e+00
182.500000,9.9860897789e-04,1.6697063168e+00
182.550000,9.9942120407e-04,1.7185298262e+00
182.600000,1.0016524822e-03,1.5184497571e+00
182.650000,9.9907519674e-04,1.5416205532e+00
182.700000,1.0009656906e-03,1.6322530112e+00
182.750000,1.0005317570e-03,1.5457523517e+00
182.800000,1.0006076518e-03,1.6199049872e+00
182.850000,9.9911565786e-04,1.5353483863e+00
182.900000,9.9906096225e-04,1.6957456533e+00
182.950000,9.9989878138e-04,1.5553916229e+00
183.000000,9.9864681376e-04,1.6237428943e+00
183.050000,1.0011408357e-03,1.6849108415e+00
183.100000,9.9953349554e-04,1.5457379192e+00
183.150000,9.9976010101e-04,1.6304300218e+00
183.200000,1.0009957853e-03,1.5044948711e+00
183.250000,1.0001974575e-03,1.6008162813e+00
183.300000,9.9987965707e-04,1.5927571388e+00
183.350000,9.9843719434e-04,1.6832296803e+00
183.400000,9.9924634257e-04,1.5046425226e+00
183.450000,1.0010169367e-03,1.4548522525e+00
183.500000,1.0015418543e-03,1.6937546862e+00
183.550000,9.9998983858e-04,1.6464090484e+00
183.600000,1.0011722053e-03,1.6839393041e+00
183.650000,1.0015665753e-03,1.5636111276e+00
183.700000,9.9978382202e-04,1.7102937451e+00
183.750000,9.9948401235e-04,1.7000213995e+00
183.800000,1.0005776846e-03,1.6824986387e+00
183.850000,9.9920331324e-04,1.5606833292e+00
183.900000,1.0008296911e-03,1.6181565588e+00
183.950000,1.0003528424e-03,1.6115267941e+00
184.000000,9.9968868420e-04,1.6132761331e+00
184.050000,1.0002877700e-03,1.6121845788e+00
184.100000,9.9868338694e-04,1.5372288693e+00
184.150000,1.0005547093e-03,1.5836137013e+00
184.200000,1.0006873942e-03,1.4653083024e+00
184.250000,9.9971031367e-04,1.5678717539e+00
184.300000,1.0007517316e-03,1.5632423905e+00
184.350000,9.9920822924e-04,1.5092387621e+00
184.400000,9.9826275145e-04,1.5187147357e+00
184.450000,1.0003121765e-03,1.7269575119e+00
184.500000,9.9950217485e-04,1.6664007784e+00
184.550000,1.0011474046e-03,1.6020571621e+00
184.600000,1.0021853733e-03,1.5770113686e+00
184.650000,1.0005146142e-03,1.5989431986e+00
184.700000,1.0007217893e-03,1.5372389401e+00
184.750000,1.0009864607e-03,1.6314239499e+00
184.800000,9.9828093770e-04,1.7721787538e+00
184.850000,9.9870587034e-04,1.6017161866e+00
184.900000,1.0002001583e-03,1.5793360214e+00
184.950000,9.9822482529e-04,1.4094510316e+00
185.000000,9.9922436359e-04,1.5886280533e+00
185.050000,1.0005884195e-03,1.5729033824e+00
185.100000,9.9999884915e-04,1.5386051138e+00
185.150000,1.0019813467e-03,1.6699130675e+00
185.200000,9.9853778856e-04,1.6809680671e+00
185.250000,1.0014162906e-03,1.4760554071e+00
185.300000,9.9933295859e-04,1.6384563160e+00
185.350000,1.0008415963e-03,1.4134668694e+00
185.400000,1.0018215063e-03,1.5698223870e+00
185.450000,9.9948119762e-04,1.6371743158e+00
185.500000,9.9866009177e-04,1.5997286679e+00
185.550000,9.9876405178e-04,1.7173149929e+00
185.600000,1.0002834740e-03,1.6183776257e+00
185.650000,9.9856984104e-04,1.5804072925e+00
185.700000,1.0008472571e-03,1.6346491910e+00
185.750000,9.9864581347e-04,1.6719030804e+00
185.800000,1.0006992540e-03,1.4787719385e+00
185.850000,9.9972315837e-04,1.7224049450e+00
185.900000,9.9958427417e-04,1.6390253492e+00
185.950000,1.0016598941e-03,1.5891474847e+00
186.000000,9.9981162830e-04,1.6082138855e+00
186.050000,9.9936160045e-04,1.5071202587e+00
186.100000,9.9912461146e-04,1.5307359303e+00
186.150000,1.0007504005e-03,1.6179927930e+00
186.200000,9.9960507174e-04,1.6316408094e+00
186.250000,9.9921365917e-04,1.7236552051e+00
186.300000,9.9814654196e-04,1.5759836067e+00
186.350000,1.0006220936e-03,1.5825705215e+00
186.400000,9.9987012662e-04,1.6259077783e+00
186.450000,1.0019533528e-03,1.5735607438e+00
186.500000,9.9854976781e-04,1.6942833019e+00
186.550000,1.0002128666e-03,1.6275749316e+00
186.600000,1.0003624807e-03,1.6405956151e+00
186.650000,9.9899451926e-04,1.7152816787e+00
186.700000,9.9855950507e-04,1.4687652415e+00
186.750000,9.9877131645e-04,1.6232137786e+00
186.800000,9.9905929333e-04,1.4296819931e+00
186.850000,9.9863884378e-04,1.5155333115e+00
186.900000,9.9976870832e-04,1.6531454729e+00
186.950000,1.0011263442e-03,1.5378492855e+00
187.000000,1.0006972221e-03,1.5134601757e+00
187.050000,9.9949462508e-04,1.5712534279e+00
187.100000,9.9858667289e-04,1.5197145553e+00
187.150000,1.0002913627e-03,1.5282206212e+00
187.200000,1.0002194287e-03,1.4615702480e+00
187.250000,1.0005699422e-03,1.6404766006e+00
187.300000,1.0008314465e-03,1.5683338484e+00
187.350000,1.0009928207e-03,1.6296718167e+00
187.400000,9.9955950334e-04,1.5992168924e+00
187.450000,1.0001189284e-03,1.5936084005e+00
187.500000,9.9907341465e-04,1.5612271352e+00
187.550000,9.9925542696e-04,1.5635591784e+00
187.600000,1.0016120077e-03,1.4732131764e+00
187.650000,9.9909435902e-04,1.5276140764e+00
187.700000,1.0000340318e-03,1.6351177738e+00
187.750000,1.0007635767e-03,1.5055967950e+00
187.800000,1.0001389935e-03,1.5922508382e+00
187.850000,9.9882837776e-04,1.5250444181e+00
187.900000,1.0001137848e-03,1.5164643616e+00
187.950000,1.0008528428e-03,1.7487473179e+00
188.000000,9.9914142606e-04,1.5273418119e+00
188.050000,9.9899149886e-04,1.5948291895e+00
188.100000,1.0018506714e-03,1.5035585725e+00
188.150000,9.9877878857e-04,1.6632588043e+00
188.200000,9.9952791208e-04,1.6076369962e+00
188.250000,1.0011821854e-03,1.5126726750e+00
188.300000,9.9994225766e-04,1.6531687953e+00
188.350000,9.9886616796e-04,1.4508970887e+00
188.400000,9.9983265706e-04,1.6358472391e+00
188.450000,9.9972286719e-04,1.7761798378e+00
188.500000,9.9743274320e-04,1.6234958665e+00
188.550000,9.9838050463e-04,1.4175576765e+00
188.600000,1.0005219708e-03,1.6116336379e+00
188.650000,9.9970187033e-04,1.7183322675e+00
188.700000,9.9954150389e-04,1.4553495309e+00
188.750000,9.9883350927e-04,1.4197956558e+00
188.800000,9.9970810337e-04,1.5952778492e+00
188.850000,9.9978847074e-04,1.5367184998e+00
188.900000,9.9775610255e-04,1.5678478720e+00
188.950000,1.0010589072e-03,1.6173949655e+00
189.000000,9.9873239055e-04,1.5885982575e+00
189.050000,9.9987205796e-04,1.7269988370e+00
189.100000,1.0011086801e-03,1.5082297060e+00
189.150000,9.9959734559e-04,1.4616543162e+00
189.200000,9.9823580311e-04,1.5699966139e+00
189.250000,1.0007387540e-03,1.6211861810e+00
189.300000,1.0010066701e-03,1.5465332497e+00
189.350000,9.9858581860e-04,1.5914546139e+00
189.400000,9.9992251407e-04,1.5186786624e+00
189.450000,9.9951648410e-04,1.6365820301e+00
189.500000,9.9908742670e-04,1.5800732808e+00
189.550000,1.0003122942e-03,1.5260451320e+00
189.600000,1.0001358852e-03,1.5440067959e+00
189.650000,9.9834623207e-04,1.4602400964e+00
189.700000,1.0009181824e-03,1.5505896415e+00
189.750000,9.9942282929e-04,1.7479327274e+00
189.800000,1.0009710119e-03,1.5995185643e+00
189.850000,9.9973451083e-04,1.5867670132e+00
189.900000,1.0002485414e-03,1.6333750388e+00
189.950000,9.9967188599e-04,1.6607201955e+00
190.000000,9.9924931443e-04,1.7101422265e+00
190.050000,9.9959264655e-04,1.5834466895e+00
190.100000,1.0016586173e-03,1.5279240145e+00
190.150000,1.0014103314e-03,1.6880232242e+00
190.200000,1.0002718794e-03,1.5590155906e+00
190.250000,1.0016157671e-03,1.6226159710e+00
190.300000,1.0004524797e-03,1.4740369784e+00
190.350000,1.0021948045e-03,1.6239431696e+00
190.400000,1.0012286618e-03,1.6434299199e+00
190.450000,9.9989442733e-04,1.5938942616e+00
190.500000,1.0000813646e-03,1.6630552498e+00
190.550000,1.0005421509e-03,1.5609677346e+00
190.600000,1.0004147804e-03,1.8078927863e+00
190.650000,1.0000432150e-03,1.4769758018e+00
190.700000,1.0000227738e-03,1.4466147847e+00
190.750000,9.9971096558e-04,1.5747056737e+00
190.800000,1.0006632265e-03,1.4720300647e+00
190.850000,1.0001279708e-03,1.5128211408e+00
190.900000,1.0017589824e-03,1.6236822251e+00
190.950000,1.0009664075e-03,1.5369750480e+00
191.000000,1.0009400637e-03,1.6678916078e+00
191.050000,1.0012820281e-03,1.6344679359e+00
191.100000,1.0006622173e-03,1.6728697975e+00
191.150000,9.9973959682e-04,1.5829567168e+00
191.200000,9.9859234567e-04,1.5729734647e+00
191.250000,1.0015628972e-03,1.7369309769e+00
191.300000,1.0001409679e-03,1.6561921597e+00
191.350000,9.9913602554e-04,1.6754066598e+00
191.400000,9.9889159768e-04,1.7016625602e+00
191.450000,9.9956308740e-04,1.7041347202e+00
191.500000,9.9987052548e-04,1.5615905589e+00
191.550000,1.0007225350e-03,1.5611852609e+00
191.600000,9.9884064291e-04,1.5970129998e+00
191.650000,9.9888342877e-04,1.6458402210e+00
191.700000,1.0005622653e-03,1.5145233378e+00
191.750000,9.9783824586e-04,1.5649130646e+00
191.800000,1.0023805271e-03,1.5903426815e+00
191.850000,1.0012771979e-03,1.5681736604e+00
191.900000,1.0022934444e-03,1.4894016122e+00
191.950000,1.0004401829e-03,1.6647908895e+00
192.000000,1.0024984885e-03,1.5571302427e+00
192.050000,1.0014110693e-03,1.5509034767e+00
192.100000,1.0003465513e-03,1.6067758048e+00
192.150000,1.0007380256e-03,1.5651312917e+00
192.200000,1.0000316511e-03,1.7224968579e+00
192.250000,1.0008068848e-03,1.5993282744e+00
192.300000,1.0017386282e-03,1.6863248134e+00
192.350000,1.0001754941e-03,1.6513116013e+00
192.400000,9.9790799914e-04,1.7737269020e+00
192.450000,1.0002767371e-03,1.5756997556e+00
192.500000,1.0000901305e-03,1.6214563468e+00
192.550000,1.0011572079e-03,1.6780019869e+00
192.600000,1.0010630086e-03,1.6081348564e+00
192.650000,9.9942148654e-04,1.6510543168e+00
192.700000,1.0002159889e-03,1.4770781054e+00
192.750000,1.0019654887e-03,1.6080180039e+00
192.800000,9.9989238611e-04,1.6624013957e+00
192.850000,1.0004537269e-03,1.6488322642e+00
192.900000,9.9997897588e-04,1.6131402544e+00
192.950000,9.9998012783e-04,1.6055423666e+00
193.000000,1.0009496429e-03,1.5194872298e+00
193.050000,9.9981336013e-04,1.6831585084e+00
193.100000,1.0002943564e-03,1.5608271426e+00
193.150000,1.0009359053e-03,1.4319751667e+00
193.200000,1.0006226116e-03,1.5227241675e+00
193.250000,1.0011535327e-03,1.6406702150e+00
193.300000,1.0005861608e-03,1.4969317034e+00
193.350000,1.0004953741e-03,1.5897561034e+00
193.400000,1.0008151313e-03,1.6523278529e+00
193.450000,9.9982752591e-04,1.6801807287e+00
193.500000,9.9837529958e-04,1.7804656103e+00
193.550000,1.0006577626e-03,1.5024225360e+00
193.600000,9.9835403132e-04,1.5975481792e+00
193.650000,1.0003836258e-03,1.5373179356e+00
193.700000,9.9934340963e-04,1.5947372975e+00
193.750000,1.0013443191e-03,1.5400566794e+00
193.800000,9.9935475941e-04,1.6237087692e+00
193.850000,9.9841131774e-04,1.5834938573e+00
193.900000,9.9947064959e-04,1.6148911655e+00
193.950000,9.9957320762e-04,1.6776520027e+00
194.000000,9.9934788398e-04,1.5924186254e+00
194.050000,9.9967127684e-04,1.6097871045e+00
194.100000,1.0004772569e-03,1.7088653012e+00
194.150000,9.9840404578e-04,1.6252107318e+00
194.200000,9.9965930229e-04,1.5743765196e+00
194.250000,1.0019414261e-03,1.6122121307e+00
194.300000,9.9986037938e-04,1.6092476793e+00
194.350000,1.0009406525e-03,1.6783250910e+00
194.400000,1.0000816674e-03,1.6812362334e+00
194.450000,9.9874138310e-04,1.5891520355e+00
194.500000,9.9942024299e-04,1.6215397691e+00
194.550000,9.9889209346e-04,1.5957969696e+00
194.600000,1.0003270214e-03,1.4473455483e+00
194.650000,9.9889066345e-04,1.6228302652e+00
194.700000,1.0005214670e-03,1.6322109433e+00
194.750000,9.9974948150e-04,1.5600616353e+00
194.800000,9.9976629532e-04,1.4745811766e+00
194.850000,9.9870005192e-04,1.6145029475e+00
194.900000,1.0009267360e-03,1.5869221670e+00
194.950000,1.0000204725e-03,1.5892118478e+00
195.000000,9.9964345836e-04,1.5959160602e+00
195.050000,1.0007842250e-03,1.5436237288e+00
195.100000,9.9961149307e-04,1.6749525776e+00
195.150000,1.0001468567e-03,1.6248278664e+00
195.200000,1.0001354519e-03,1.5723413686e+00
195.250000,1.0012562320e-03,1.5646494600e+00
195.300000,1.0016299525e-03,1.4604681374e+00
195.350000,9.9987960093e-04,1.5471071817e+00
195.400000,9.9979340731e-04,1.6758872488e+00
195.450000,1.0019042824e-03,1.6428368845e+00
195.500000,1.0000878906e-03,1.6822212759e+00
195.550000,1.0005060688e-03,1.6151650164e+00
195.600000,9.9827678696e-04,1.6275770600e+00
195.650000,1.0002922076e-03,1.6275161289e+00
195.700000,1.0000088080e-03,1.5245416965e+00
195.750000,9.9893091718e-04,1.6092583181e+00
195.800000,9.9880728719e-04,1.5602759812e+00
195.850000,1.0010526869e-03,1.7985766451e+00
195.900000,9.9967877335e-04,1.5675740633e+00
195.950000,9.9978341189e-04,1.6023175245e+00
196.000000,9.9874236943e-04,1.6675411591e+00
196.050000,9.9956492183e-04,1.7077464885e+00
196.100000,1.0004448448e-03,1.6382614455e+00
196.150000,1.0004592013e-03,1.6010452823e+00
196.200000,1.0007568886e-03,1.5071258396e+00
196.250000,9.9970492566e-04,1.5989821028e+00
196.300000,9.9998143079e-04,1.5439617927e+00
196.350000,1.0002493948e-03,1.4291421504e+00
196.400000,1.0011273879e-03,1.4741480665e+00
196.450000,1.0019058826e-03,1.6831870634e+00
196.500000,1.0010455634e-03,1.6048506308e+00
196.550000,1.0005434092e-03,1.6765350614e+00
196.600000,9.9912871687e-04,1.6651697760e+00
196.650000,9.9977264636e-04,1.4025944679e+00
196.700000,1.0002609633e-03,1.5159434522e+00
196.750000,1.0010543936e-03,1.6785111313e+00
196.800000,9.9915934733e-04,1.4677651948e+00
196.850000,1.0005966329e-03,1.5002094804e+00
196.900000,1.0003544107e-03,1.5786879400e+00
196.950000,1.0014081232e-03,1.5880938180e+00
197.000000,1.0013085967e-03,1.6008187507e+00
197.050000,9.9934858061e-04,1.6681393427e+00
197.100000,1.0012359066e-03,1.6698725089e+00
197.150000,9.9963483762e-04,1.6092404106e+00
197.200000,9.9877490803e-04,1.7322696015e+00
197.250000,1.0002901829e-03,1.6650938734e+00
197.300000,1.0010577503e-03,1.6727962106e+00
197.350000,9.9958087282e-04,1.6025325565e+00
197.400000,9.9874790713e-04,1.7738648900e+00
197.450000,1.0002676269e-03,1.8067109358e+00
197.500000,1.0008089827e-03,1.5636090357e+00
197.550000,1.0000774804e-03,1.6466917746e+00
197.600000,9.9897724926e-04,1.5710116707e+00
197.650000,9.9945582159e-04,1.6029751216e+00
197.700000,1.0014175379e-03,1.5668964908e+00
197.750000,1.0000858166e-03,1.5318547793e+00
197.800000,9.9852525316e-04,1.5172479638e+00
197.850000,1.0006215375e-03,1.6026716782e+00
197.900000,9.9773959108e-04,1.5719264287e+00
197.950000,9.9823694302e-04,1.6463909075e+00
198.000000,1.0011572606e-03,1.7220637930e+00
198.050000,9.9862046606e-04,1.5095223543e+00
198.100000,9.9890581043e-04,1.6262519547e+00
198.150000,9.9894917536e-04,1.4720405346e+00
198.200000,9.9936208961e-04,1.4595298101e+00
198.250000,1.0009590170e-03,1.5043396435e+00
198.300000,9.9957716834e-04,1.7494974594e+00
198.350000,1.0002900455e-03,1.5872350691e+00
198.400000,9.9955767981e-04,1.6854794929e+00
198.450000,9.9983058603e-04,1.5130092718e+00
198.500000,9.9948838904e-04,1.6552810656e+00
198.550000,9.9915536691e-04,1.5654790626e+00
198.600000,1.0003876691e-03,1.7730818330e+00
198.650000,9.9922860508e-04,1.5622777859e+00
198.700000,1.0006194939e-03,1.5680294982e+00
198.750000,1.0002967307e-03,1.6623743250e+00
198.800000,1.0009414391e-03,1.5682395617e+00
198.850000,1.0001124139e-03,1.5462923001e+00
198.900000,1.0004881128e-03,1.7312450003e+00
198.950000,9.9956547560e-04,1.5392835356e+00
199.000000,1.0018549053e-03,1.5986301592e+00
199.050000,9.9988837809e-04,1.5846537109e+00
199.100000,9.9856142670e-04,1.5263080242e+00
199.150000,1.0001049390e-03,1.7514974091e+00
199.200000,1.0010358043e-03,1.5301282870e+00
199.250000,1.0004644922e-03,1.6358708577e+00
199.300000,1.0009323150e-03,1.5083648891e+00
199.350000,9.9867532804e-04,1.6646362595e+00
199.400000,9.9891597213e-04,1.7488909240e+00
199.450000,9.9978759256e-04,1.4052074710e+00
199.500000,1.0014739164e-03,1.7426741075e+00
199.550000,9.9964732385e-04,1.6055210120e+00
199.600000,9.9978393022e-04,1.4983430676e+00
199.650000,9.9896464570e-04,1.5562933515e+00
199.700000,9.9946994637e-04,1.6744626874e+00
199.750000,1.0001856391e-03,1.6806562964e+00
199.800000,1.0005551426e-03,1.6348654763e+00
199.850000,1.0002544992e-03,1.4744902009e+00
199.900000,9.9898679038e-04,1.5541952936e+00
199.950000,9.9893300851e-04,1.6374670979e+00
200.000000,1.0008801195e-03,1.7285729077e+00
200.050000,9.9822099891e-04,1.5770453309e+00
200.100000,1.0009605419e-03,1.5811411327e+00
200.150000,9.9909149529e-04,1.6229192253e+00
200.200000,1.0008183791e-03,1.5471069236e+00
200.250000,1.0003765811e-03,1.7032345501e+00
200.300000,9.9973828804e-04,1.6698992297e+00
200.350000,1.0006049347e-03,1.5836962944e+00
200.400000,9.9983476622e-04,1.4803526542e+00
200.450000,1.0021459252e-03,1.5927332369e+00
200.500000,9.9937925511e-04,1.5557513515e+00
200.550000,9.9938695842e-04,1.5558572703e+00
200.600000,9.9992067442e-04,1.4303047023e+00
200.650000,9.9992921488e-04,1.5910867413e+00
200.700000,1.0004347363e-03,1.6047840045e+00
200.750000,1.0007546007e-03,1.5016998549e+00
200.800000,9.9932878939e-04,1.6366429409e+00
200.850000,9.9979161664e-04,1.6372973044e+00
200.900000,9.9872821343e-04,1.6891474813e+00
200.950000,1.0005378702e-03,1.6148654024e+00
201.000000,1.0006919519e-03,1.6298460662e+00
201.050000,9.9952373642e-04,1.4339788136e+00
201.100000,9.9914363013e-04,1.6083265243e+00
201.150000,9.9907920410e-04,1.6258977199e+00
201.200000,1.0012312919e-03,1.6060624062e+00
201.250000,1.0003150072e-03,1.5674900721e+00
201.300000,9.9966955190e-04,1.5844309977e+00
201.350000,9.9872847529e-04,1.5435655446e+00
201.400000,9.9996339015e-04,1.5740419054e+00
201.450000,9.9951265131e-04,1.5859665871e+00
201.500000,9.9897931315e-04,1.6464589942e+00
201.550000,9.9918926015e-04,1.5651317846e+00
201.600000,1.0011735147e-03,1.4222731037e+00
201.650000,1.0006078817e-03,1.5713623580e+00
201.700000,9.9847522524e-04,1.6345419255e+00
201.750000,9.9872864522e-04,1.6938503021e+00
201.800000,1.0008261550e-03,1.6202760685e+00
201.850000,9.9974625496e-04,1.4440910337e+00
201.900000,1.0001915840e-03,1.5651599051e+00
201.950000,1.0001751561e-03,1.6626738631e+00
202.000000,9.9825760226e-04,1.5477428306e+00
202.050000,9.9913713380e-04,1.5725190322e+00
202.100000,1.0009388607e-03,1.6262132467e+00
202.150000,9.9956812088e-04,1.5259189003e+00
202.200000,9.9925618101e-04,1.6482615272e+00
202.250000,1.0004571896e-03,1.6131759063e+00
202.300000,9.9876555096e-04,1.5947323031e+00
202.350000,1.0001373039e-03,1.7266432528e+00
202.400000,1.0003864960e-03,1.6901541469e+00
202.450000,1.0017379263e-03,1.5924313597e+00
202.500000,1.0006707324e-03,1.6163602986e+00
202.550000,1.0017006577e-03,1.5373041112e+00
202.600000,9.9996878618e-04,1.6352243913e+00
202.650000,1.0011983598e-03,1.4672343136e+00
202.700000,9.9961033908e-04,1.4379433569e+00
202.750000,9.9904458237e-04,1.5485727379e+00
202.800000,1.0002457254e-03,1.5914156136e+00
202.850000,9.9969168113e-04,1.6589978684e+00
202.900000,9.9930661054e-04,1.5957177834e+00
202.950000,9.9851765628e-04,1.7246847977e+00
203.000000,1.0014970150e-03,1.7219383583e+00
203.050000,1.0009221941e-03,1.6782248627e+00
203.100000,1.0008611248e-03,1.5849731738e+00
203.150000,1.0003543521e-03,1.5352972457e+00
203.200000,1.0010998195e-03,1.5602457362e+00
203.250000,9.9981272249e-04,1.5518800199e+00
203.300000,1.0004764444e-03,1.5498943407e+00
203.350000,9.9969223948e-04,1.5953014114e+00
203.400000,9.9796738505e-04,1.6444817463e+00
203.450000,9.9868062826e-04,1.5430369602e+00
203.500000,1.0019772584e-03,1.5212817587e+00
203.550000,9.9915518638e-04,1.6085196439e+00
203.600000,9.9872603856e-04,1.5685246842e+00
203.650000,1.0019190788e-03,1.5485664427e+00
203.700000,1.0013705919e-03,1.6428898323e+00
203.750000,9.9904102620e-04,1.7230682967e+00
203.800000,9.9983894625e-04,1.5705768089e+00
203.850000,9.9939631086e-04,1.6286188355e+00
203.900000,9.9989288390e-04,1.6769676276e+00
203.950000,1.0003036332e-03,1.5337165374e+00
204.000000,1.0009840192e-03,1.4655185872e+00
204.050000,9.9984198550e-04,1.5994233794e+00
204.100000,1.0004223838e-03,1.6549776732e+00
204.150000,1.0010406187e-03,1.7056069761e+00
204.200000,1.0008310235e-03,1.6100257585e+00
204.250000,1.0018302669e-03,1.6275728685e+00
204.300000,1.0019636546e-03,1.4310846762e+00
204.350000,1.0012829333e-03,1.6219179121e+00
204.400000,1.0007006642e-03,1.4928955884e+00
204.450000,1.0000961369e-03,1.5162519815e+00
204.500000,1.0002441133e-03,1.6484380924e+00
204.550000,1.0005635073e-03,1.5797831976e+00
204.600000,1.0014517211e-03,1.6026613965e+00
204.650000,1.0019911834e-03,1.5870148386e+00
204.700000,9.9906553534e-04,1.5077914560e+00
204.750000,1.0003739863e-03,1.4694245894e+00
204.800000,1.0010346739e-03,1.5175100375e+00
204.850000,9.9831864788e-04,1.6340487390e+00
204.900000,1.0001031542e-03,1.5276616235e+00
204.950000,1.0013359921e-03,1.6692902101e+00
205.000000,9.9889493870e-04,1.5894779734e+00
205.050000,1.0005735074e-03,1.5883743105e+00
205.100000,1.0001928831e-03,1.6536107878e+00
205.150000,9.9964587007e-04,1.6746201900e+00
205.200000,1.0014593240e-03,1.5930331643e+00
205.250000,9.9812746917e-04,1.5484226736e+00
205.300000,1.0007102088e-03,1.5739992555e+00
205.350000,9.9929195597e-04,1.7176483262e+00
205.400000,1.0017948086e-03,1.7508478536e+00
205.450000,9.9739466561e-04,1.6133849480e+00
205.500000,9.9972274074e-04,1.6374275559e+00
205.550000,1.0007967471e-03,1.6690653997e+00
205.600000,9.9995048925e-04,1.5066618345e+00
205.650000,1.0003650666e-03,1.4500299768e+00
205.700000,1.0022841427e-03,1.4987148970e+00
205.750000,1.0014326326e-03,1.6908829770e+00
205.800000,1.0010360987e-03,1.6973511047e+00
205.850000,1.0001345818e-03,1.6871107650e+00
205.900000,1.0019279589e-03,1.4889346043e+00
205.950000,9.9960328479e-04,1.7235555731e+00
206.000000,9.9992535002e-04,1.5552727926e+00
206.050000,9.9977841932e-04,1.6895202215e+00
206.100000,1.0008182485e-03,1.6243489890e+00
206.150000,1.0019153240e-03,1.6612084568e+00
206.200000,9.9869016066e-04,1.6017333533e+00
206.250000,9.9787729534e-04,1.5432138237e+00
206.300000,1.0000432490e-03,1.6475282414e+00
206.350000,1.0001312873e-03,1.6441708796e+00
206.400000,9.9932232355e-04,1.5885259661e+00
206.450000,9.9877805012e-04,1.5873962893e+00
206.500000,1.0008746149e-03,1.6535940377e+00
206.550000,9.9882931681e-04,1.5957825430e+00
206.600000,1.0011422520e-03,1.6309215965e+00
206.650000,1.0009017563e-03,1.6624979314e+00
206.700000,1.0008269550e-03,1.5812434057e+00
206.750000,9.9862870546e-04,1.6532028665e+00
206.800000,1.0003144832e-03,1.5258681242e+00
206.850000,1.0002863770e-03,1.4848114955e+00
206.900000,1.0003413647e-03,1.6456660838e+00
206.950000,9.9940671824e-04,1.6125769790e+00
207.000000,1.0004046252e-03,1.6135865347e+00
207.050000,1.0003159317e-03,1.4956329907e+00
207.100000,1.0009674773e-03,1.5828906753e+00
207.150000,9.9827276107e-04,1.7177901575e+00
207.200000,1.0010190693e-03,1.5652868779e+00
207.250000,1.0008693046e-03,1.7065271887e+00
207.300000,9.9823867667e-04,1.6723229351e+00
207.350000,9.9866395967e-04,1.6867157457e+00
207.400000,1.0014910213e-03,1.6890716921e+00
207.450000,9.9933097705e-04,1.7196646896e+00
207.500000,9.9939878717e-04,1.4403406004e+00
207.550000,1.0005221466e-03,1.4792580004e+00
207.600000,9.9977996627e-04,1.6076141461e+00
207.650000,9.9914749753e-04,1.5814401248e+00
207.700000,1.0023975873e-03,1.4895500858e+00
207.750000,1.0001444020e-03,1.4845048917e+00
207.800000,1.0012330423e-03,1.7962504917e+00
207.850000,1.0018042554e-03,1.6995379678e+00
207.900000,9.9911451162e-04,1.5929044390e+00
207.950000,1.0009366961e-03,1.6544337106e+00
208.000000,9.9793831461e-04,1.6748344072e+00
208.050000,9.9980608555e-04,1.6107037541e+00
208.100000,9.9801521478e-04,1.6580397936e+00
208.150000,9.9931234865e-04,1.5470481992e+00
208.200000,1.0003274511e-03,1.7844032206e+00
208.250000,9.9989076467e-04,1.6136176621e+00
208.300000,9.9915985353e-04,1.6640618362e+00
208.350000,1.0006126039e-03,1.5681440900e+00
208.400000,1.0005157561e-03,1.4501338032e+00
208.450000,1.0040898893e-03,1.5816974056e+00
208.500000,1.0001507017e-03,1.5297546385e+00
208.550000,1.0001863941e-03,1.5352003394e+00
208.600000,9.9842919101e-04,1.4561533344e+00
208.650000,1.0000586438e-03,1.5361735749e+00
208.700000,9.9960221411e-04,1.6500711457e+00
208.750000,9.9948939789e-04,1.5043241594e+00
208.800000,1.0008073148e-03,1.5421338095e+00
208.850000,9.9983201727e-04,1.6042593744e+00
208.900000,1.0013745413e-03,1.6016743343e+00
208.950000,1.0003481325e-03,1.5743114001e+00
209.000000,9.9956967690e-04,1.6867026924e+00
209.050000,9.9941858537e-04,1.7366712948e+00
209.100000,9.9897747836e-04,1.6150392863e+00
209.150000,9.9910842360e-04,1.6781862433e+00
209.200000,9.9939898996e-04,1.6004338318e+00
209.250000,9.9923928710e-04,1.5839808072e+00
209.300000,1.0008087354e-03,1.5522621419e+00
209.350000,1.0000611313e-03,1.5583301393e+00
209.400000,1.0015140285e-03,1.6471320558e+00
209.450000,9.9892469241e-04,1.5405831177e+00
209.500000,1.0015291324e-03,1.4575588474e+00
209.550000,1.0006177955e-03,1.8320936123e+00
209.600000,9.9956780177e-04,1.7179740119e+00
209.650000,9.9893845811e-04,1.5902345104e+00
209.700000,1.0010885943e-03,1.6951872706e+00
209.750000,9.9884981931e-04,1.6807200398e+00
209.800000,9.9971727496e-04,1.3633121318e+00
209.850000,9.9846420020e-04,1.4375038222e+00
209.900000,9.9855347707e-04,1.5460925620e+00
209.950000,9.9934179175e-04,1.5855347692e+00
210.000000,1.0000237241e-03,1.5998865231e+00
210.050000,9.9891971164e-04,1.5914855854e+00
210.100000,1.0013754264e-03,1.6346548224e+00
210.150000,9.9878652391e-04,1.7300998052e+00
210.200000,9.9909234340e-04,1.6154891886e+00
210.250000,9.9956123977e-04,1.5377622476e+00
210.300000,1.0007960166e-03,1.5138393617e+00
210.350000,1.0012171892e-03,1.6685648029e+00
210.400000,1.0021837255e-03,1.6484424601e+00
210.450000,1.0006304740e-03,1.6573285591e+00
210.500000,1.0017357679e-03,1.5964550475e+00
210.550000,9.9882612810e-04,1.4730855724e+00
210.600000,1.0009156742e-03,1.6569224418e+00
210.650000,9.9829338442e-04,1.5953829744e+00
210.700000,1.0000941752e-03,1.6274935875e+00
210.750000,9.9889224680e-04,1.5781696527e+00
210.800000,1.0005849280e-03,1.5064173047e+00
210.850000,1.0009582992e-03,1.6050178100e+00
210.900000,1.0002942338e-03,1.5317081594e+00
210.950000,1.0010812749e-03,1.5781741506e+00
211.000000,1.0001657705e-03,1.5808598963e+00
211.050000,1.0015860406e-03,1.4246649425e+00
211.100000,1.0020200469e-03,1.6681372530e+00
211.150000,1.0000406239e-03,1.6346588644e+00
211.200000,1.0010764884e-03,1.5979131524e+00
211.250000,1.0004051650e-03,1.5981008277e+00
211.300000,1.0004685190e-03,1.6569342016e+00
211.350000,1.0004248762e-03,1.4889623600e+00
211.400000,1.0001006608e-03,1.4750629193e+00
211.450000,1.0002034213e-03,1.6306734207e+00
211.500000,1.0003273359e-03,1.5536890095e+00
211.550000,1.0001063328e-03,1.4798759819e+00
211.600000,1.0010160579e-03,1.5466693678e+00
211.650000,9.9995078609e-04,1.6786934970e+00
211.700000,1.0000558275e-03,1.6922316692e+00
211.750000,9.9893942449e-04,1.5318964233e+00
211.800000,1.0012369932e-03,1.6898552948e+00
211.850000,1.0007868096e-03,1.5709335986e+00
211.900000,1.0007789802e-03,1.4822805790e+00
211.950000,9.9946995313e-04,1.4462510584e+00
212.000000,1.0006784920e-03,1.6341358534e+00
212.050000,9.9989328381e-04,1.5833397556e+00
212.100000,1.0011985656e-03,1.5516859688e+00
212.150000,1.0004866868e-03,1.6272263425e+00
212.200000,1.0000009783e-03,1.5510563632e+00
212.250000,1.0000159354e-03,1.6306430683e+00
212.300000,9.9984099664e-04,1.5232200707e+00
212.350000,9.9946798825e-04,1.5424558363e+00
212.400000,9.9954955526e-04,1.6226907644e+00
212.450000,9.9936221824e-04,1.5849112025e+00
212.500000,9.9805789509e-04,1.5580209111e+00
212.550000,9.9867104284e-04,1.5732216036e+00
212.600000,1.0006004176e-03,1.6583757464e+00
212.650000,1.0009905543e-03,1.5293942071e+00
212.700000,1.0007946081e-03,1.6230718006e+00
212.750000,9.9977914514e-04,1.6252456646e+00
212.800000,1.0005277277e-03,1.4893943372e+00
212.850000,9.9902424481e-04,1.6591764712e+00
212.900000,1.0001790160e-03,1.6394143288e+00
212.950000,1.0014197526e-03,1.6499094580e+00
213.000000,1.0008752879e-03,1.6666782036e+00
213.050000,1.0001830245e-03,1.5675963149e+00
213.100000,9.9871812661e-04,1.7461214962e+00
213.150000,1.0004328506e-03,1.6330579504e+00
213.200000,1.0012373882e-03,1.6805453602e+00
213.250000,1.0003467031e-03,1.5030546732e+00
213.300000,9.9941501440e-04,1.5564990172e+00
213.350000,1.0001210958e-03,1.4938778984e+00
213.400000,9.9782671910e-04,1.5823258174e+00
213.450000,9.9920121362e-04,1.5626619833e+00
213.500000,9.9889425921e-04,1.7093527500e+00
213.550000,9.9706923500e-04,1.7107141157e+00
213.600000,1.0009779606e-03,1.6695685161e+00
213.650000,1.0016792884e-03,1.7103581778e+00
213.700000,9.9966300519e-04,1.5678204029e+00
213.750000,1.0019183678e-03,1.5376358973e+00
213.800000,1.0012774654e-03,1.5910159676e+00
213.850000,1.0007609324e-03,1.6014447779e+00
213.900000,1.0009196527e-03,1.8909289704e+00
213.950000,1.0000639450e-03,1.6793560228e+00
214.000000,9.9951432740e-04,1.4473960558e+00
214.050000,9.9975588595e-04,1.5550042211e+00
214.100000,1.0001354110e-03,1.6174374464e+00
214.150000,9.9865443288e-04,1.7647312456e+00
214.200000,1.0022887837e-03,1.5742786848e+00
214.250000,9.9880386409e-04,1.6252020252e+00
214.300000,1.0005601984e-03,1.5307894557e+00
214.350000,1.0011597326e-03,1.6054241426e+00
214.400000,9.9922088851e-04,1.5097847206e+00
214.450000,1.0014342200e-03,1.6636228868e+00
214.500000,9.9878163969e-04,1.5278536512e+00
214.550000,9.9915916356e-04,1.5361705748e+00
214.600000,9.9869488956e-04,1.5008997446e+00
214.650000,1.0010653225e-03,1.6569558805e+00
214.700000,9.9865660173e-04,1.5602396116e+00
214.750000,1.0002780714e-03,1.4550479509e+00
214.800000,1.0007624362e-03,1.6056507628e+00
214.850000,9.9987963044e-04,1.5462849015e+00
214.900000,1.0008478073e-03,1.6157911380e+00
214.950000,9.9905341850e-04,1.6363770017e+00
215.000000,9.9973503628e-04,1.6414692148e+00
215.050000,9.9904727942e-04,1.4915788881e+00
215.100000,9.9982377098e-04,1.6505104035e+00
215.150000,9.9886518507e-04,1.6540082826e+00
215.200000,1.0011480623e-03,1.5313186389e+00
215.250000,1.0022160783e-03,1.7617886854e+00
215.300000,9.9996749076e-04,1.6899027456e+00
215.350000,9.9875097701e-04,1.5799776792e+00
215.400000,1.0008900726e-03,1.7048505232e+00
215.450000,9.9953509759e-04,1.5658864315e+00
215.500000,9.9943068840e-04,1.5672361313e+00
215.550000,1.0008123409e-03,1.5672491524e+00
215.600000,9.9975558222e-04,1.4729468955e+00
215.650000,1.0018121587e-03,1.6359914595e+00
215.700000,9.9997182460e-04,1.5002631325e+00
215.750000,9.9961593061e-04,1.5860106778e+00
215.800000,9.9932012631e-04,1.5380306205e+00
215.850000,1.0009277805e-03,1.5633457030e+00
215.900000,1.0003903032e-03,1.5799012796e+00
215.950000,9.9982193691e-04,1.6820862846e+00
216.000000,9.9914769649e-04,1.6683081289e+00
216.050000,1.0011905155e-03,1.6568866697e+00
216.100000,9.9911413700e-04,1.7445212116e+00
216.150000,9.9984090159e-04,1.6542568560e+00
216.200000,1.0002260356e-03,1.5172121609e+00
216.250000,1.0011013906e-03,1.5455028001e+00
216.300000,1.0005535163e-03,1.5460736402e+00
216.350000,1.0015673640e-03,1.6463933932e+00
216.400000,1.0025059075e-03,1.6293889361e+00
216.450000,1.0001767872e-03,1.4697758312e+00
216.500000,9.9957348526e-04,1.6003128846e+00
216.550000,1.0005013865e-03,1.6769483390e+00
216.600000,1.0006828499e-03,1.8337860780e+00
216.650000,1.0003695741e-03,1.7030209432e+00
216.700000,9.9805264801e-04,1.7253453288e+00
216.750000,9.9983683052e-04,1.5718068356e+00
216.800000,9.9982820270e-04,1.5918199375e+00
216.850000,9.9853005345e-04,1.6336346191e+00
216.900000,1.0011778924e-03,1.5049260318e+00
216.950000,9.9977808776e-04,1.7414647198e+00
217.000000,1.0014538918e-03,1.6024533307e+00
217.050000,9.9958930637e-04,1.5669951693e+00
217.100000,9.9982976957e-04,1.7053237045e+00
217.150000,9.9799486727e-04,1.6963254005e+00
217.200000,9.9895950112e-04,1.6141938472e+00
217.250000,9.9989688882e-04,1.7437159760e+00
217.300000,9.9933962372e-04,1.8323382358e+00
217.350000,9.9785122076e-04,1.7046538051e+00
217.400000,9.9876842959e-04,1.5703448238e+00
217.450000,1.0011978420e-03,1.6979608436e+00
217.500000,9.9985151876e-04,1.7812728858e+00
217.550000,1.0000239863e-03,1.5871356121e+00
217.600000,9.9973119909e-04,1.6108493154e+00
217.650000,9.9835353518e-04,1.6428857417e+00
217.700000,1.0017500179e-03,1.4833026052e+00
217.750000,9.9976251745e-04,1.5502894429e+00
217.800000,9.9982423805e-04,1.6677561894e+00
217.850000,1.0003624568e-03,1.6582059854e+00
217.900000,1.0002879269e-03,1.6010721910e+00
217.950000,9.9916318726e-04,1.5914042255e+00
218.000000,9.9993792664e-04,1.6058742708e+00
218.050000,1.0004590204e-03,1.5974604966e+00
218.100000,9.9927981047e-04,1.4898522884e+00
218.150000,1.0003007404e-03,1.5471412407e+00
218.200000,1.0007762947e-03,1.6327083208e+00
218.250000,1.0008271336e-03,1.4979922274e+00
218.300000,1.0007071739e-03,1.5707695607e+00
218.350000,1.0010314832e-03,1.5835523059e+00
218.400000,9.9897877545e-04,1.5800302032e+00
218.450000,1.0000080228e-03,1.7191026075e+00
218.500000,1.0025710023e-03,1.5702931314e+00
218.550000,1.0006981546e-03,1.5653259631e+00
218.600000,1.0002909039e-03,1.5156584111e+00
218.650000,9.9961592881e-04,1.4771344810e+00
218.700000,1.0006264253e-03,1.5898289716e+00
218.750000,9.9928626506e-04,1.6057641734e+00
218.800000,1.0001402630e-03,1.6996229585e+00
218.850000,9.9873393378e-04,1.6965186903e+00
218.900000,9.9959976612e-04,1.6808197787e+00
218.950000,1.0004628248e-03,1.4683904462e+00
219.000000,9.9861316094e-04,1.5614367982e+00
219.050000,1.0009955816e-03,1.5895892264e+00
219.100000,9.9880180836e-04,1.5913928720e+00
219.150000,9.9949232189e-04,1.5822563127e+00
219.200000,9.9919788963e-04,1.6258315709e+00
219.250000,1.0013034693e-03,1.6260162120e+00
219.300000,9.9921436456e-04,1.6252056874e+00
219.350000,9.9909958128e-04,1.4098797508e+00
219.400000,1.0006486340e-03,1.6481941320e+00
219.450000,1.0001367925e-03,1.7085654701e+00
219.500000,9.9820599057e-04,1.6185858015e+00
219.550000,9.9899605472e-04,1.7653834107e+00
219.600000,1.0004914931e-03,1.5261064407e+00
219.650000,1.0018275036e-03,1.6380387894e+00
219.700000,9.9908962164e-04,1.6394609915e+00
219.750000,1.0000792560e-03,1.6029869554e+00
219.800000,9.9923150627e-04,1.6759586030e+00
219.850000,9.9993458107e-04,1.6441750061e+00
219.900000,9.9892968411e-04,1.6249014788e+00
219.950000,1.0011200294e-03,1.5181477547e+00
220.000000,9.9857044750e-04,1.5366954577e+00
220.050000,1.0003994168e-03,1.6748395413e+00
220.100000,9.9995046098e-04,1.4763963280e+00
220.150000,1.0005767702e-03,1.6723245335e+00
220.200000,9.9905825055e-04,1.5944332417e+00
220.250000,1.0003817637e-03,1.5755145840e+00
220.300000,1.0019823112e-03,1.5079616836e+00
220.350000,1.0009457057e-03,1.6359514472e+00
220.400000,1.0002086301e-03,1.4896672202e+00
220.450000,9.9949261498e-04,1.5620595779e+00
220.500000,9.9957239108e-04,1.4588951633e+00
220.550000,9.9988151236e-04,1.6383100237e+00
220.600000,9.9930497897e-04,1.6699804509e+00
220.650000,9.9965185978e-04,1.5971952068e+00
220.700000,1.0002152420e-03,1.4657311372e+00
220.750000,9.9925966154e-04,1.6455450317e+00
220.800000,9.9954704012e-04,1.6494137133e+00
220.850000,1.0000872839e-03,1.5492447361e+00
220.900000,1.0006151135e-03,1.7169984510e+00
220.950000,1.0002010188e-03,1.6551491055e+00
221.000000,9.9850589147e-04,1.6963274508e+00
221.050000,1.0008238867e-03,1.6239935430e+00
221.100000,9.9956003847e-04,1.5600118384e+00
221.150000,1.0001370671e-03,1.6647350657e+00
221.200000,1.0003486126e-03,1.5911137665e+00
221.250000,9.9953433232e-04,1.6743385177e+00
221.300000,9.9942337285e-04,1.7094318556e+00
221.350000,1.0000486573e-03,1.6633991451e+00
221.400000,9.9979809783e-04,1.4756855107e+00
221.450000,9.9999109307e-04,1.6112659979e+00
221.500000,9.9990469837e-04,1.5649451384e+00
221.550000,9.9984160698e-04,1.7201736171e+00
221.600000,9.9901494352e-04,1.5734112162e+00
221.650000,9.9921180684e-04,1.7177933614e+00
221.700000,9.9992958859e-04,1.7125703017e+00
221.750000,9.9962484317e-04,1.7141821369e+00
221.800000,1.0002672996e-03,1.6099641839e+00
221.850000,1.0006873504e-03,1.5441030047e+00
221.900000,9.9932990715e-04,1.7047075074e+00
221.950000,9.9906207197e-04,1.6177180129e+00
222.000000,1.0011878030e-03,1.5055414643e+00
222.050000,1.0008750875e-03,1.5347691305e+00
222.100000,9.9806118387e-04,1.6227504277e+00
222.150000,9.9993947140e-04,1.6059313377e+00
222.200000,9.9973370680e-04,1.6300748887e+00
222.250000,1.0008188435e-03,1.5111919980e+00
222.300000,9.9878056474e-04,1.6341627562e+00
222.350000,9.9966367419e-04,1.5067632849e+00
222.400000,1.0012033868e-03,1.5472191798e+00
222.450000,9.9809644823e-04,1.6057086933e+00
222.500000,9.9839791876e-04,1.3710589511e+00
222.550000,1.0004444990e-03,1.5325837338e+00
222.600000,1.0004919714e-03,1.6518793630e+00
222.650000,9.9863195831e-04,1.5365626348e+00
222.700000,1.0009203319e-03,1.4958954893e+00
222.750000,9.9939019654e-04,1.5372252029e+00
222.800000,9.9993933284e-04,1.6030598250e+00
222.850000,9.9915791557e-04,1.6867812713e+00
222.900000,9.9971094625e-04,1.6244970646e+00
222.950000,9.9891915401e-04,1.7228140987e+00
223.000000,9.9868251806e-04,1.6352119531e+00
223.050000,1.0018546688e-03,1.6003757925e+00
223.100000,9.9897257040e-04,1.6922300635e+00
223.150000,9.9973469032e-04,1.5551888538e+00
223.200000,9.9970826571e-04,1.5220003780e+00
223.250000,9.9896022147e-04,1.7168775168e+00
223.300000,9.9962373750e-04,1.6511149194e+00
223.350000,9.9935042465e-04,1.6051191195e+00
223.400000,9.9987494892e-04,1.5748286314e+00
223.450000,9.9841149933e-04,1.6671061463e+00
223.500000,9.9890313951e-04,1.6236608080e+00
223.550000,9.9763764285e-04,1.6135279941e+00
223.600000,1.0009061041e-03,1.7364107138e+00
223.650000,1.0005201557e-03,1.5555887012e+00
223.700000,1.0003963453e-03,1.6393964715e+00
223.750000,9.9947675733e-04,1.6498091710e+00
223.800000,9.9901110212e-04,1.6790504062e+00
223.850000,1.0012049705e-03,1.6146002449e+00
223.900000,9.9980771133e-04,1.4656635418e+00
223.950000,9.9924089809e-04,1.7844210057e+00
224.000000,1.0001098286e-03,1.7275556308e+00
224.050000,1.0010020252e-03,1.5652479296e+00
224.100000,9.9977825965e-04,1.5047924148e+00
224.150000,1.0013072091e-03,1.6305490986e+00
224.200000,1.0008235036e-03,1.7264116537e+00
224.250000,1.0003258376e-03,1.3625941499e+00
224.300000,9.9953380233e-04,1.6389257687e+00
224.350000,9.9829760164e-04,1.5445254843e+00
224.400000,1.0005766594e-03,1.4984398992e+00
224.450000,9.9981365818e-04,1.6384562525e+00
224.500000,1.0021122422e-03,1.6207255591e+00
224.550000,1.0000773680e-03,1.4997314511e+00
224.600000,1.0005794897e-03,1.6539384182e+00
224.650000,9.9890168385e-04,1.4927682617e+00
224.700000,9.9912901342e-04,1.5155114534e+00
224.750000,9.9995501914e-04,1.6241694967e+00
224.800000,9.9892891079e-04,1.5477942135e+00
224.850000,1.0001222098e-03,1.6661990599e+00
224.900000,9.9869165146e-04,1.7502163019e+00
224.950000,9.9920753797e-04,1.7432448361e+00
225.000000,9.9996046325e-04,1.8124355873e+00
225.050000,9.9919156600e-04,1.5344634005e+00
225.100000,9.9978076069e-04,1.6495386583e+00
225.150000,9.9998443124e-04,1.5891818412e+00
225.200000,1.0014358760e-03,1.6785660700e+00
225.250000,1.0003719523e-03,1.5454538454e+00
225.300000,9.9909704209e-04,1.5047457768e+00
225.350000,1.0032692084e-03,1.6009635967e+00
225.400000,1.0015206817e-03,1.5690272185e+00
225.450000,1.0004595460e-03,1.5127061286e+00
225.500000,1.0009901736e-03,1.6842397470e+00
225.550000,1.0000703844e-03,1.6328872463e+00
225.600000,9.9926330579e-04,1.5295220263e+00
225.650000,9.9801273627e-04,1.6756776932e+00
225.700000,9.9954278107e-04,1.7095186234e+00
225.750000,9.9915315292e-04,1.6007874701e+00
225.800000,9.9975169581e-04,1.6246205432e+00
225.850000,9.9920158475e-04,1.6882222704e+00
225.900000,1.0009608931e-03,1.6971578182e+00
225.950000,9.9975209149e-04,1.5311201643e+00
226.000000,9.9988276300e-04,1.5899144833e+00
226.050000,1.0003222131e-03,1.3524901465e+00
226.100000,1.0000321657e-03,1.6785399163e+00
226.150000,1.0005965070e-03,1.5728673540e+00
226.200000,9.9819963515e-04,1.4735791481e+00
226.250000,9.9891308806e-04,1.4356485978e+00
226.300000,9.9879658863e-04,1.5344483395e+00
226.350000,1.0001212255e-03,1.5681416169e+00
226.400000,1.0010083797e-03,1.4791239251e+00
226.450000,1.0007188447e-03,1.5128429676e+00
226.500000,1.0006076371e-03,1.6029218251e+00
226.550000,1.0005661762e-03,1.6008735475e+00
226.600000,9.9972021309e-04,1.8055671768e+00
226.650000,1.0004149765e-03,1.6334687192e+00
226.700000,9.9954208842e-04,1.7998118456e+00
226.750000,1.0000728594e-03,1.6037959090e+00
226.800000,9.9911753651e-04,1.7593195935e+00
226.850000,9.9978539930e-04,1.5815538433e+00
226.900000,9.9974272748e-04,1.5188532338e+00
226.950000,1.0002519447e-03,1.6890375650e+00
227.000000,9.9980003324e-04,1.6492053754e+00
227.050000,1.0002169611e-03,1.5179676574e+00
227.100000,1.0005134473e-03,1.6287383688e+00
227.150000,9.9875974057e-04,1.7893377941e+00
227.200000,9.9818872011e-04,1.5451561667e+00
227.250000,9.9857493476e-04,1.5884681763e+00
227.300000,9.9960192985e-04,1.4522389284e+00
227.350000,1.0002274565e-03,1.6200660334e+00
227.400000,1.0006012620e-03,1.7157030710e+00
227.450000,1.0002203579e-03,1.6183582390e+00
227.500000,9.9885099960e-04,1.5898643635e+00
227.550000,9.9884230448e-04,1.8137738376e+00
227.600000,1.0010435875e-03,1.7144555853e+00
227.650000,9.9807844665e-04,1.5611567866e+00
227.700000,1.0006075078e-03,1.5214996077e+00
227.750000,1.0008208031e-03,1.6148392159e+00
227.800000,9.9870383105e-04,1.5766031709e+00
227.850000,1.0000629080e-03,1.5680060830e+00
227.900000,1.0010347877e-03,1.6036869377e+00
227.950000,1.0011492618e-03,1.6495978133e+00
228.000000,1.0008516724e-03,1.6172952500e+00
228.050000,1.0015538313e-03,1.6830515736e+00
228.100000,1.0022746200e-03,1.7359374055e+00
228.150000,1.0006551627e-03,1.5764294137e+00
228.200000,9.9947763296e-04,1.6035194829e+00
228.250000,1.0001128061e-03,1.7369397355e+00
228.300000,1.0001658470e-03,1.6210132924e+00
228.350000,1.0020942600e-03,1.7092742318e+00
228.400000,9.9941808603e-04,1.6243341769e+00
228.450000,9.9959268907e-04,1.5355617338e+00
228.500000,9.9997001385e-04,1.6802520245e+00
228.550000,9.9988403967e-04,1.6184850126e+00
228.600000,9.9884173600e-04,1.5650234746e+00
228.650000,1.0017288763e-03,1.6271013316e+00
228.700000,9.9896356329e-04,1.5674715613e+00
228.750000,1.0016363201e-03,1.4893393320e+00
228.800000,1.0007625822e-03,1.6273310594e+00
228.850000,9.9827900449e-04,1.6686646572e+00
228.900000,1.0002773885e-03,1.6590236282e+00
228.950000,1.0014085680e-03,1.6941499018e+00
229.000000,9.9822229073e-04,1.5547037774e+00
229.050000,9.9925923609e-04,1.6026753054e+00
229.100000,9.9873843690e-04,1.5527942774e+00
229.150000,9.9889593297e-04,1.4766158983e+00
229.200000,9.9971623840e-04,1.5209787324e+00
229.250000,9.9932770399e-04,1.4352076508e+00
229.300000,9.9968795457e-04,1.6745960693e+00
229.350000,1.0020655601e-03,1.7263052359e+00
229.400000,9.9971570389e-04,1.4853162815e+00
229.450000,1.0007118747e-03,1.6167082115e+00
229.500000,1.0002057703e-03,1.5667205574e+00
229.550000,9.9885919696e-04,1.4732972622e+00
229.600000,1.0006956194e-03,1.5722224294e+00
229.650000,1.0016981034e-03,1.5776981846e+00
229.700000,9.9868425901e-04,1.4945322073e+00
229.750000,9.9857135942e-04,1.6878470792e+00
229.800000,1.0003382144e-03,1.7630918825e+00
229.850000,1.0002460805e-03,1.6693327241e+00
229.900000,1.0009924052e-03,1.5919592377e+00
229.950000,1.0009161162e-03,1.4286534627e+00
230.000000,1.0008655367e-03,1.3714969141e+00
230.050000,1.0009283263e-03,1.5897735367e+00
230.100000,9.9863268116e-04,1.6555844507e+00
230.150000,1.0002575975e-03,1.6706209961e+00
230.200000,1.0001472430e-03,1.5339465852e+00
230.250000,1.0006099614e-03,1.4472231118e+00
230.300000,9.9778251402e-04,1.5766218296e+00
230.350000,9.9899803285e-04,1.5629186939e+00
230.400000,9.9953212809e-04,1.4956444050e+00
230.450000,9.9830978928e-04,1.5286724552e+00
230.500000,1.0009880450e-03,1.5772628386e+00
230.550000,9.9957214584e-04,1.4843252979e+00
230.600000,1.0000784568e-03,1.5627594246e+00
230.650000,9.9984917260e-04,1.5326572373e+00
230.700000,1.0005100653e-03,1.6094901325e+00
230.750000,1.0008406242e-03,1.5982536364e+00
230.800000,9.9817607528e-04,1.5429386520e+00
230.850000,9.9994319763e-04,1.5749218579e+00
230.900000,9.9913061663e-04,1.6474217694e+00
230.950000,9.9963650743e-04,1.5323299277e+00
231.000000,1.0003569394e-03,1.5778974840e+00
231.050000,9.9898551595e-04,1.6237625103e+00
231.100000,1.0005520887e-03,1.6430923841e+00
231.150000,9.9992785369e-04,1.7139379479e+00
231.200000,9.9998399676e-04,1.5672300304e+00
231.250000,1.0000934150e-03,1.6288165068e+00
231.300000,9.9921585157e-04,1.5585722801e+00
231.350000,1.0001257902e-03,1.5818367133e+00
231.400000,1.0005521172e-03,1.5341602167e+00
231.450000,1.0005429505e-03,1.6510088927e+00
231.500000,1.0002855694e-03,1.7547673814e+00
231.550000,1.0000658809e-03,1.5933227982e+00
231.600000,1.0003787812e-03,1.5045408331e+00
231.650000,9.9876394640e-04,1.6185839060e+00
231.700000,1.0001342294e-03,1.5842645141e+00
231.750000,1.0019205149e-03,1.6875204708e+00
231.800000,9.9817295029e-04,1.6170033618e+00
231.850000,9.9972490403e-04,1.6754344061e+00
231.900000,9.9881072976e-04,1.6470266296e+00
231.950000,1.0006227479e-03,1.5813808671e+00
232.000000,1.0004968992e-03,1.6009650357e+00
232.050000,9.9960755082e-04,1.6046025003e+00
232.100000,9.9864590519e-04,1.5764048390e+00
232.150000,1.0013928881e-03,1.6048094305e+00
232.200000,1.0001033969e-03,1.2608713916e+00
232.250000,1.0000494526e-03,1.6749573866e+00
232.300000,9.9994569585e-04,1.6593896854e+00
232.350000,9.9978826167e-04,1.5419824712e+00
232.400000,1.0000573468e-03,1.6284222841e+00
232.450000,9.9993459313e-04,1.7161558993e+00
232.500000,9.9969974740e-04,1.6342871809e+00
232.550000,9.9921567017e-04,1.5452692757e+00
232.600000,1.0004700901e-03,1.6837507955e+00
232.650000,9.9935619497e-04,1.4951703916e+00
232.700000,9.9969401828e-04,1.6094146438e+00
232.750000,9.9931795236e-04,1.7030529438e+00
232.800000,1.0014180276e-03,1.5981874173e+00
232.850000,9.9857301246e-04,1.5405909628e+00
232.900000,1.0001198206e-03,1.4736313470e+00
232.950000,1.0005012056e-03,1.6120806443e+00
233.000000,9.9983819714e-04,1.5869908019e+00
233.050000,9.9943011506e-04,1.6758379922e+00
233.100000,9.9939556790e-04,1.6790219194e+00
233.150000,1.0010924655e-03,1.6510234129e+00
233.200000,1.0014107484e-03,1.7836364854e+00
233.250000,9.9898577873e-04,1.6509803616e+00
233.300000,1.0010002113e-03,1.5777107112e+00
233.350000,9.9931190378e-04,1.6454913009e+00
233.400000,1.0006527923e-03,1.7116847072e+00
233.450000,9.9939784139e-04,1.5941472735e+00
233.500000,9.9935137460e-04,1.6487921371e+00
233.550000,1.0000551627e-03,1.6272309006e+00
233.600000,1.0008807027e-03,1.5364662766e+00
233.650000,1.0005085009e-03,1.6768290291e+00
233.700000,1.0001403258e-03,1.6537057801e+00
233.750000,9.9927036082e-04,1.5881576758e+00
233.800000,1.0021229764e-03,1.6754704820e+00
233.850000,9.9914677148e-04,1.7410424094e+00
233.900000,1.0010451943e-03,1.4918484626e+00
233.950000,9.9982613016e-04,1.6368060888e+00
234.000000,1.0010782851e-03,1.5974850216e+00
234.050000,1.0000575907e-03,1.5947544625e+00
234.100000,1.0001907459e-03,1.6300174459e+00
234.150000,9.9886479642e-04,1.5071388530e+00
234.200000,1.0007048923e-03,1.6956907462e+00
234.250000,9.9981892400e-04,1.6843842036e+00
234.300000,1.0016641263e-03,1.5430264425e+00
234.350000,9.9962656006e-04,1.6037655914e+00
234.400000,1.0010527715e-03,1.7196940871e+00
234.450000,9.9939672789e-04,1.5601000934e+00
234.500000,1.0003196611e-03,1.6295278946e+00
234.550000,9.9944923548e-04,1.4694438407e+00
234.600000,9.9996025843e-04,1.4544784865e+00
234.650000,9.9957759770e-04,1.5252716018e+00
234.700000,9.9865281464e-04,1.5787961071e+00
234.750000,9.9971122266e-04,1.5192558367e+00
234.800000,9.9908454795e-04,1.6243175939e+00
234.850000,9.9994502880e-04,1.6339975039e+00
234.900000,9.9968482196e-04,1.6170306890e+00
234.950000,1.0005193475e-03,1.5216830376e+00
235.000000,9.9919662935e-04,1.6037293476e+00
235.050000,9.9869641701e-04,1.6019632075e+00
235.100000,9.9991504159e-04,1.6836543241e+00
235.150000,1.0000391396e-03,1.6212275450e+00
235.200000,1.0000148848e-03,1.6486830901e+00
235.250000,9.9835947804e-04,1.6636852887e+00
235.300000,9.9994345429e-04,1.5118849208e+00
235.350000,1.0002370523e-03,1.4727820354e+00
235.400000,9.9969131594e-04,1.6026274324e+00
235.450000,1.0000271751e-03,1.6098500365e+00
235.500000,9.9927085204e-04,1.6081258216e+00
235.550000,1.0008552062e-03,1.6968232087e+00
235.600000,9.9956642790e-04,1.4911901348e+00
235.650000,9.9906755798e-04,1.6539877230e+00
235.700000,1.0002214453e-03,1.4836033786e+00
235.750000,9.9925317453e-04,1.6335472176e+00
235.800000,9.9904962524e-04,1.7004135653e+00
235.850000,1.0010436638e-03,1.7141714543e+00
235.900000,1.0004090715e-03,1.5474362160e+00
235.950000,1.0001210637e-03,1.5900804856e+00
236.000000,9.9891479240e-04,1.6288485753e+00
236.050000,9.9910701268e-04,1.5828022064e+00
236.100000,1.0012941343e-03,1.7234766877e+00
236.150000,9.9987762881e-04,1.6341863662e+00
236.200000,1.0011935478e-03,1.5622310712e+00
236.250000,1.0002100924e-03,1.5599111235e+00
236.300000,1.0005395715e-03,1.6774551953e+00
236.350000,9.9903263689e-04,1.5976848754e+00
236.400000,9.9845839956e-04,1.7049095539e+00
236.450000,9.9900721365e-04,1.5832371876e+00
236.500000,1.0006514146e-03,1.6678190313e+00
236.550000,9.9909224119e-04,1.4587275720e+00
236.600000,9.9964650642e-04,1.5989454377e+00
236.650000,1.0003404978e-03,1.6000349857e+00
236.700000,1.0007744005e-03,1.5987538018e+00
236.750000,9.9875138170e-04,1.7104782467e+00
236.800000,9.9910638011e-04,1.5914764458e+00
236.850000,9.9855521568e-04,1.5715587092e+00
236.900000,1.0002582834e-03,1.6600153037e+00
236.950000,9.9956332552e-04,1.5035499902e+00
237.000000,1.0021490279e-03,1.5995333014e+00
237.050000,1.0025460593e-03,1.5113771253e+00
237.100000,9.9988285668e-04,1.5431456923e+00
237.150000,9.9929953669e-04,1.6101460877e+00
237.200000,9.9949408193e-04,1.6633848313e+00
237.250000,1.0014810439e-03,1.6271370419e+00
237.300000,9.9885337101e-04,1.7415707921e+00
237.350000,9.9944387918e-04,1.5520791361e+00
237.400000,9.9839437373e-04,1.5470131392e+00
237.450000,9.9842158398e-04,1.6290937740e+00
237.500000,9.9897449824e-04,1.5700050086e+00
237.550000,9.9980029208e-04,1.6268497989e+00
237.600000,1.0013381172e-03,1.5975471193e+00
237.650000,1.0008914210e-03,1.4935445472e+00
237.700000,9.9995804859e-04,1.5698465846e+00
237.750000,9.9953602935e-04,1.6501391843e+00
237.800000,1.0006255941e-03,1.5750976799e+00
237.850000,9.9819716345e-04,1.5952835130e+00
237.900000,1.0009100627e-03,1.4831290870e+00
237.950000,9.9920286559e-04,1.7212740341e+00
238.000000,9.9837384386e-04,1.5378620435e+00
238.050000,9.9870843890e-04,1.6181445901e+00
238.100000,1.0001353937e-03,1.5627637627e+00
238.150000,9.9977233099e-04,1.5169439223e+00
238.200000,9.9920585451e-04,1.3685439713e+00
238.250000,9.9955286781e-04,1.5661742077e+00
238.300000,1.0013781322e-03,1.5634732597e+00
238.350000,9.9827794285e-04,1.4944836790e+00
238.400000,1.0002854955e-03,1.6823853884e+00
238.450000,9.9990675529e-04,1.5786487291e+00
238.500000,1.0005208379e-03,1.4525455328e+00
238.550000,9.9974203576e-04,1.6396992977e+00
238.600000,9.9898884971e-04,1.7341316849e+00
238.650000,1.0009302534e-03,1.5313872155e+00
238.700000,1.0010080474e-03,1.6129502338e+00
238.750000,1.0003299637e-03,1.6510790211e+00
238.800000,9.9981716960e-04,1.6118888476e+00
238.850000,9.9933503377e-04,1.5618105003e+00
238.900000,1.0018321955e-03,1.7095068048e+00
238.950000,9.9994357300e-04,1.4982088055e+00
239.000000,1.0006154277e-03,1.6103035018e+00
239.050000,1.0006063708e-03,1.4714500211e+00
239.100000,9.9969283704e-04,1.7060371922e+00
239.150000,9.9875513484e-04,1.5615184706e+00
239.200000,9.9837581956e-04,1.5635039008e+00
239.250000,1.0009943726e-03,1.4820647770e+00
239.300000,1.0004880191e-03,1.5857288631e+00
239.350000,1.0000208122e-03,1.5603070843e+00
239.400000,9.9816995477e-04,1.6321504429e+00
239.450000,9.9985999326e-04,1.5522590768e+00
239.500000,9.9719408695e-04,1.5653325689e+00
239.550000,1.0014730419e-03,1.6232275243e+00
239.600000,1.0011456589e-03,1.6241268337e+00
239.650000,1.0001708651e-03,1.4411033675e+00
239.700000,1.0004730103e-03,1.8081223461e+00
239.750000,1.0000443687e-03,1.6124899742e+00
239.800000,1.0005657745e-03,1.5996175441e+00
239.850000,1.0006762134e-03,1.7173278676e+00
239.900000,9.9940179120e-04,1.5615354423e+00
239.950000,1.0006267674e-03,1.6491275252e+00
240.000000,9.9967059483e-04,1.6650567151e+00
240.050000,9.9987407390e-04,1.5949490449e+00
240.100000,1.0006152076e-03,1.5941499136e+00
240.150000,1.0009985042e-03,1.8000130919e+00
240.200000,1.0009805219e-03,1.6767359812e+00
240.250000,9.9833752158e-04,1.6502001392e+00
240.300000,9.9946265395e-04,1.7395045936e+00
240.350000,1.0000294128e-03,1.5706660913e+00
240.400000,9.9972934226e-04,1.6131011546e+00
240.450000,1.0006203754e-03,1.5626375760e+00
240.500000,9.9994379461e-04,1.5300760731e+00
240.550000,9.9974373792e-04,1.4778591722e+00
240.600000,1.0011185091e-03,1.5892940759e+00
240.650000,9.9993962073e-04,1.5796453671e+00
240.700000,1.0009969358e-03,1.5966187541e+00
240.750000,1.0016974104e-03,1.6234254880e+00
240.800000,9.9829130092e-04,1.5672100761e+00
240.850000,9.9984793196e-04,1.5580042377e+00
240.900000,1.0024844544e-03,1.6376719035e+00
240.950000,9.9891823787e-04,1.4730370106e+00
241.000000,9.9902633027e-04,1.5059095776e+00
241.050000,9.9918291046e-04,1.6380599631e+00
241.100000,1.0001556060e-03,1.6340412534e+00
241.150000,9.9903457730e-04,1.5827628997e+00
241.200000,9.9840143366e-04,1.5862693138e+00
241.250000,1.0007326172e-03,1.5913643729e+00
241.300000,9.9825197799e-04,1.4398528373e+00
241.350000,1.0000098450e-03,1.6545160139e+00
241.400000,1.0001060771e-03,1.5996913179e+00
241.450000,9.9815158080e-04,1.5510125361e+00
241.500000,1.0004067694e-03,1.5758681155e+00
241.550000,9.9834039675e-04,1.6468674212e+00
241.600000,1.0001597684e-03,1.6141170079e+00
241.650000,1.0002762244e-03,1.4960150925e+00
241.700000,9.9933041981e-04,1.5763248395e+00
241.750000,1.0014215189e-03,1.6446145154e+00
241.800000,9.9949167064e-04,1.6602944668e+00
241.850000,1.0000537334e-03,1.6753206703e+00
241.900000,1.0003344556e-03,1.5615229252e+00
241.950000,1.0010134968e-03,1.6162302163e+00
242.000000,9.9930854112e-04,1.4704333956e+00
242.050000,1.0008002229e-03,1.5734700720e+00
242.100000,1.0009415298e-03,1.6558097898e+00
242.150000,1.0003772140e-03,1.5803046087e+00
242.200000,1.0002503148e-03,1.5251098013e+00
242.250000,9.9959090171e-04,1.5843057867e+00
242.300000,1.0006961044e-03,1.5939348037e+00
242.350000,1.0003160610e-03,1.5110790253e+00
242.400000,9.9975645247e-04,1.5948359322e+00
242.450000,1.0001788942e-03,1.5972867446e+00
242.500000,1.0002990659e-03,1.5522250124e+00
242.550000,1.0007135061e-03,1.4627809063e+00
242.600000,9.9949712056e-04,1.7465801610e+00
242.650000,1.0000765942e-03,1.6039741418e+00
242.700000,9.9882239417e-04,1.5394233759e+00
242.750000,9.9818181759e-04,1.6156271473e+00
242.800000,9.9878819533e-04,1.4967822714e+00
242.850000,9.9838437156e-04,1.5779078569e+00
242.900000,1.0001813849e-03,1.6088382439e+00
242.950000,9.9860656563e-04,1.6001524868e+00
243.000000,1.0011091669e-03,1.5836292466e+00
243.050000,1.0000203283e-03,1.4980395394e+00
243.100000,1.0002835974e-03,1.5192781827e+00
243.150000,9.9976034925e-04,1.6258368875e+00
243.200000,9.9979485129e-04,1.5800187383e+00
243.250000,9.9947625434e-04,1.6104615380e+00
243.300000,1.0010298486e-03,1.6031964211e+00
243.350000,1.0004715872e-03,1.7740289357e+00
243.400000,9.9866463745e-04,1.5441277097e+00
243.450000,9.9933549334e-04,1.6101020314e+00
243.500000,9.9984965710e-04,1.6418111944e+00
243.550000,1.0008304773e-03,1.6267367513e+00
243.600000,9.9927270001e-04,1.9046889770e+00
243.650000,1.0006984658e-03,1.6780643511e+00
243.700000,9.9933723761e-04,1.5712632544e+00
243.750000,9.9925719117e-04,1.7089999549e+00
243.800000,9.9847770184e-04,1.6464198222e+00
243.850000,9.9936117673e-04,1.5937480707e+00
243.900000,9.9997636179e-04,1.7149978914e+00
243.950000,1.0002325757e-03,1.5994132855e+00
244.000000,1.0004576982e-03,1.5950435550e+00
244.050000,1.0018174617e-03,1.6516560849e+00
244.100000,9.9776772857e-04,1.7342703490e+00
244.150000,9.9981675552e-04,1.6314430541e+00
244.200000,9.9979726382e-04,1.5780018576e+00
244.250000,9.9656037369e-04,1.6158355726e+00
244.300000,1.0001535931e-03,1.6140519104e+00
244.350000,1.0005883814e-03,1.4127323085e+00
244.400000,9.9774710078e-04,1.7365422431e+00
244.450000,1.0007539478e-03,1.5609693889e+00
244.500000,1.0004413360e-03,1.6474691490e+00
244.550000,1.0004811907e-03,1.7099084469e+00
244.600000,9.9987961057e-04,1.5633691874e+00
244.650000,9.9937865604e-04,1.4687303821e+00
244.700000,9.9834305183e-04,1.7263543439e+00
244.750000,1.0006118802e-03,1.6170154018e+00
244.800000,1.0003068855e-03,1.5668148567e+00
244.850000,1.0002353703e-03,1.5352790013e+00
244.900000,1.0003941638e-03,1.5984477454e+00
244.950000,1.0009539432e-03,1.5422326263e+00
245.000000,9.9880617512e-04,1.3831250610e+00
245.050000,9.9830447419e-04,1.6069975629e+00
245.100000,9.9966217527e-04,1.7293360442e+00
245.150000,9.9931919778e-04,1.7349310851e+00
245.200000,1.0002690821e-03,1.5488787438e+00
245.250000,1.0016109663e-03,1.5541795791e+00
245.300000,9.9901539019e-04,1.6350570704e+00
245.350000,9.9952722770e-04,1.6361930431e+00
245.400000,9.9952950918e-04,1.5197379993e+00
245.450000,1.0001224400e-03,1.6225216383e+00
245.500000,1.0000889288e-03,1.5214316436e+00
245.550000,9.9949706305e-04,1.4192592150e+00
245.600000,1.0007038331e-03,1.6759313292e+00
245.650000,9.9921826644e-04,1.7013708290e+00
245.700000,1.0014326213e-03,1.6444806085e+00
245.750000,1.0019429528e-03,1.6186790251e+00
245.800000,9.9989991354e-04,1.5353359225e+00
245.850000,9.9976768241e-04,1.6130299001e+00
245.900000,1.0002071206e-03,1.6221638970e+00
245.950000,9.9949846180e-04,1.6792361182e+00
246.000000,1.0016386167e-03,1.6631840296e+00
246.050000,1.0014637606e-03,1.5345884259e+00
246.100000,1.0013977116e-03,1.7519674600e+00
246.150000,9.9940330166e-04,1.5080179090e+00
246.200000,1.0005746670e-03,1.6140888111e+00
246.250000,1.0002099913e-03,1.5980539461e+00
246.300000,9.9951635278e-04,1.6292899382e+00
246.350000,1.0004283728e-03,1.5663475662e+00
246.400000,9.9860061071e-04,1.6158056031e+00
246.450000,1.0008855133e-03,1.5980761166e+00
246.500000,1.0027860428e-03,1.7712878896e+00
246.550000,1.0008825710e-03,1.5727126278e+00
246.600000,9.9940977712e-04,1.6347851375e+00
246.650000,9.9883936163e-04,1.6686334602e+00
246.700000,1.0005117353e-03,1.5460143421e+00
246.750000,9.9985435168e-04,1.6521243609e+00
246.800000,1.0015804913e-03,1.7265927675e+00
246.850000,1.0009083809e-03,1.6539996634e+00
246.900000,9.9969148962e-04,1.6791996701e+00
246.950000,1.0009179196e-03,1.6087773139e+00
247.000000,9.9963087608e-04,1.5294867435e+00
247.050000,1.0001944578e-03,1.7003436282e+00
247.100000,1.0003624244e-03,1.6458304086e+00
247.150000,9.9892853531e-04,1.4963954369e+00
247.200000,9.9893305194e-04,1.5772942474e+00
247.250000,9.9978236586e-04,1.6667515144e+00
247.300000,1.0002950000e-03,1.7256847225e+00
247.350000,9.9997539143e-04,1.6002998436e+00
247.400000,1.0017318656e-03,1.5583561024e+00
247.450000,1.0006757393e-03,1.4013566412e+00
247.500000,1.0008297394e-03,1.7295128517e+00
247.550000,1.0004811541e-03,1.6501805117e+00
247.600000,1.0000152277e-03,1.6121646079e+00
247.650000,1.0013246798e-03,1.6124762676e+00
247.700000,1.0000126712e-03,1.6593347697e+00
247.750000,1.0014643743e-03,1.7471869920e+00
247.800000,9.9731837726e-04,1.5762770204e+00
247.850000,1.0001788977e-03,1.5163287084e+00
247.900000,1.0001516674e-03,1.6700893416e+00
247.950000,1.0007846800e-03,1.5971434357e+00
248.000000,9.9956765513e-04,1.6447826921e+00
248.050000,9.9953287714e-04,1.6124863386e+00
248.100000,9.9896882551e-04,1.5454045849e+00
248.150000,1.0027639583e-03,1.5610405045e+00
248.200000,1.0005425948e-03,1.4650202195e+00
248.250000,1.0001627721e-03,1.6025282209e+00
248.300000,9.9964545230e-04,1.6625398159e+00
248.350000,9.9823393174e-04,1.6484507345e+00
248.400000,1.0013377271e-03,1.5497535294e+00
248.450000,9.9930720243e-04,1.6700026047e+00
248.500000,9.9911521064e-04,1.6202692917e+00
248.550000,1.0011619478e-03,1.6818650025e+00
248.600000,1.0010074114e-03,1.6434982974e+00
248.650000,9.9840773982e-04,1.5889655202e+00
248.700000,9.9975419700e-04,1.6704246803e+00
248.750000,9.9930289850e-04,1.5058781457e+00
248.800000,9.9750050145e-04,1.6289697932e+00
248.850000,1.0006212856e-03,1.7066425761e+00
248.900000,1.0019399958e-03,1.5840288486e+00
248.950000,9.9989715610e-04,1.4591762391e+00
249.000000,9.9970276443e-04,1.6545368664e+00
249.050000,1.0001962640e-03,1.5146847293e+00
249.100000,9.9993531148e-04,1.7005577031e+00
249.150000,1.0005147910e-03,1.5513289176e+00
249.200000,9.9941612304e-04,1.5594102369e+00
249.250000,1.0010697824e-03,1.5935941141e+00
249.300000,9.9962090519e-04,1.6292230170e+00
249.350000,9.9972649347e-04,1.6618551833e+00
249.400000,9.9881316891e-04,1.5163838212e+00
249.450000,1.0006609580e-03,1.5235271486e+00
249.500000,1.0002415188e-03,1.7832588026e+00
249.550000,1.0000552301e-03,1.5522700538e+00
249.600000,1.0005247091e-03,1.5964095486e+00
249.650000,1.0001470463e-03,1.6768205476e+00
249.700000,1.0007437555e-03,1.5556778139e+00
249.750000,1.0015643578e-03,1.5597764010e+00
249.800000,9.9952197648e-04,1.4458587344e+00
249.850000,1.0014547428e-03,1.5859076527e+00
249.900000,9.9813060078e-04,1.4931395504e+00
249.950000,1.0003628050e-03,1.6221051962e+00
250.000000,9.9968965564e-04,1.5411863892e+00
250.050000,1.0000027195e-03,1.5840747891e+00
250.100000,1.0021196050e-03,1.4885625895e+00
250.150000,9.9986684311e-04,1.6545176653e+00
250.200000,1.0008738391e-03,1.5561929317e+00
250.250000,9.9900031651e-04,1.4258198616e+00
250.300000,1.0000758478e-03,1.7884299023e+00
250.350000,9.9885871738e-04,1.4648948419e+00
250.400000,1.0002374587e-03,1.5098785121e+00
250.450000,9.9923357399e-04,1.5615455086e+00
250.500000,1.0006307568e-03,1.5433552482e+00
250.550000,9.9990222067e-04,1.6927718455e+00
250.600000,9.9955500117e-04,1.4316059554e+00
250.650000,1.0003188464e-03,1.5584768411e+00
250.700000,9.9998126260e-04,1.7435367718e+00
250.750000,9.9967238171e-04,1.6565016952e+00
250.800000,9.9916098320e-04,1.4786139377e+00
250.850000,1.0018863358e-03,1.6249459416e+00
250.900000,1.0013728657e-03,1.6210799926e+00
250.950000,9.9975339485e-04,1.5535362102e+00
251.000000,1.0008467129e-03,1.5552065886e+00
251.050000,1.0000782958e-03,1.6459301689e+00
251.100000,1.0002433848e-03,1.7403518951e+00
251.150000,1.0011251612e-03,1.6342345828e+00
251.200000,1.0004836064e-03,1.7465747781e+00
251.250000,1.0011752631e-03,1.8576412877e+00
251.300000,1.0010042662e-03,1.6207106679e+00
251.350000,1.0025936448e-03,1.5038254121e+00
251.400000,9.9994290959e-04,1.6575771516e+00
251.450000,1.0012569880e-03,1.6308981868e+00
251.500000,9.9994121634e-04,1.6626427977e+00
251.550000,9.9943353531e-04,1.7144930353e+00
251.600000,1.0003562122e-03,1.5602493848e+00
251.650000,9.9820083768e-04,1.5844410433e+00
251.700000,1.0009695082e-03,1.5658305423e+00
251.750000,1.0005815984e-03,1.4599403366e+00
251.800000,9.9972716850e-04,1.5460359994e+00
251.850000,9.9843767438e-04,1.5943405961e+00
251.900000,9.9992254416e-04,1.5957981749e+00
251.950000,1.0009697449e-03,1.5337624719e+00
252.000000,9.9973433694e-04,1.7236599612e+00
252.050000,1.0003382964e-03,1.6163959688e+00
252.100000,9.9982289785e-04,1.6838241267e+00
252.150000,1.0014315477e-03,1.6492629989e+00
252.200000,1.0006414228e-03,1.6846610901e+00
252.250000,9.9875551890e-04,1.6706819802e+00
252.300000,9.9846085711e-04,1.6869053100e+00
252.350000,1.0003259217e-03,1.5459214574e+00
252.400000,1.0003913129e-03,1.6062901987e+00
252.450000,1.0006210994e-03,1.5840779031e+00
252.500000,1.0005312831e-03,1.6091207846e+00
252.550000,1.0000998369e-03,1.5511325696e+00
252.600000,1.0024216565e-03,1.5196674278e+00
252.650000,1.0016172546e-03,1.6092084475e+00
252.700000,1.0014316575e-03,1.6617430437e+00
252.750000,1.0003619433e-03,1.5898429213e+00
252.800000,9.9749661072e-04,1.5690644072e+00
252.850000,9.9868851192e-04,1.4320128796e+00
252.900000,9.9858864592e-04,1.4662216409e+00
252.950000,9.9955788093e-04,1.5040750653e+00
253.000000,9.9867490041e-04,1.5924813017e+00
253.050000,1.0008466184e-03,1.7631253252e+00
253.100000,9.9994302748e-04,1.6943037793e+00
253.150000,1.0009909763e-03,1.6247777582e+00
253.200000,9.9957298359e-04,1.5038385602e+00
253.250000,9.9925863063e-04,1.6535026565e+00
253.300000,9.9925013988e-04,1.7527529955e+00
253.350000,9.9856964551e-04,1.5607679590e+00
253.400000,1.0009687917e-03,1.5027463123e+00
253.450000,1.0003216691e-03,1.4615413217e+00
253.500000,1.0004196861e-03,1.4672397602e+00
253.550000,9.9959089117e-04,1.5471176349e+00
253.600000,9.9850027189e-04,1.6699364035e+00
253.650000,9.9969154039e-04,1.6264753624e+00
253.700000,9.9915402650e-04,1.4374872297e+00
253.750000,9.9964024276e-04,1.5343369796e+00
253.800000,9.9862912634e-04,1.5463536948e+00
253.850000,9.9942518499e-04,1.5873080793e+00
253.900000,9.9968020754e-04,1.5984133694e+00
253.950000,1.0008542801e-03,1.6633537013e+00
254.000000,1.0011399389e-03,1.6097645035e+00
254.050000,1.0012429144e-03,1.5217912935e+00
254.100000,9.9746689600e-04,1.5376280110e+00
254.150000,9.9977290864e-04,1.4657187274e+00
254.200000,1.0004092092e-03,1.5565557345e+00
254.250000,1.0006586759e-03,1.6757724033e+00
254.300000,9.9897126916e-04,1.6067831586e+00
254.350000,1.0000309776e-03,1.5672541755e+00
254.400000,1.0003340150e-03,1.6684346632e+00
254.450000,9.9985788323e-04,1.6381383495e+00
254.500000,9.9975107575e-04,1.5735485709e+00
254.550000,1.0003863484e-03,1.6021504241e+00
254.600000,9.9818868470e-04,1.5716449222e+00
254.650000,1.0012675587e-03,1.5204464867e+00
254.700000,9.9969456008e-04,1.6422119514e+00
254.750000,9.9888310204e-04,1.5727380458e+00
254.800000,1.0001273210e-03,1.6231402942e+00
254.850000,9.9912553030e-04,1.6455666904e+00
254.900000,1.0018949581e-03,1.6158411021e+00
254.950000,1.0020276249e-03,1.6854560400e+00
255.000000,9.9889869933e-04,1.5328801912e+00
255.050000,1.0010071597e-03,1.6076166664e+00
255.100000,1.0005293732e-03,1.6035921347e+00
255.150000,9.9931550763e-04,1.6391244783e+00
255.200000,1.0007501646e-03,1.6087494045e+00
255.250000,9.9920243900e-04,1.6947574941e+00
255.300000,1.0001344562e-03,1.4234898354e+00
255.350000,1.0007818438e-03,1.5413676893e+00
255.400000,1.0010936955e-03,1.6338511991e+00
255.450000,1.0002915961e-03,1.6349454706e+00
255.500000,9.9913555949e-04,1.5244157942e+00
255.550000,1.0020991329e-03,1.5677003921e+00
255.600000,1.0008021064e-03,1.5385054581e+00
255.650000,1.0003535813e-03,1.5733289632e+00
255.700000,1.0006076730e-03,1.6158022386e+00
255.750000,9.9962436755e-04,1.6027796527e+00
255.800000,1.0007354301e-03,1.6417718191e+00
255.850000,9.9756008024e-04,1.5803939116e+00
255.900000,1.0000583979e-03,1.5058005229e+00
255.950000,9.9971688810e-04,1.5982499925e+00
256.000000,1.0019882151e-03,1.4587477956e+00
256.050000,1.0014711729e-03,1.6400966642e+00
256.100000,1.0007281743e-03,1.4802493587e+00
256.150000,9.9930866284e-04,1.6102787026e+00
256.200000,9.9912983189e-04,1.6006789978e+00
256.250000,9.9968437577e-04,1.6010043216e+00
256.300000,1.0010198530e-03,1.7238534983e+00
256.350000,1.0000994209e-03,1.5469068995e+00
256.400000,1.0018050065e-03,1.6230461296e+00
256.450000,1.0007889060e-03,1.5987393869e+00
256.500000,1.0013579029e-03,1.5692720165e+00
256.550000,1.0012338568e-03,1.6886629220e+00
256.600000,1.0007862799e-03,1.5275425731e+00
256.650000,9.9986474984e-04,1.6779046168e+00
256.700000,1.0003403776e-03,1.5697868798e+00
256.750000,1.0006427227e-03,1.5924900175e+00
256.800000,1.0004084611e-03,1.5762370087e+00
256.850000,1.0000528750e-03,1.4939781295e+00
256.900000,1.0005129775e-03,1.5648014261e+00
256.950000,1.0000356197e-03,1.6592453191e+00
257.000000,9.9912724866e-04,1.5365813282e+00
257.050000,1.0001411916e-03,1.5359079679e+00
257.100000,1.0016049724e-03,1.5862963019e+00
257.150000,1.0012740429e-03,1.5747039722e+00
257.200000,1.0018449459e-03,1.6116320735e+00
257.250000,9.9906419351e-04,1.6604151758e+00
257.300000,9.9879848169e-04,1.6147233427e+00
257.350000,9.9914492723e-04,1.5578788934e+00
257.400000,1.0012990159e-03,1.3942986443e+00
257.450000,1.0001066487e-03,1.6272375386e+00
257.500000,1.0009057770e-03,1.4907567400e+00
257.550000,9.9921956654e-04,1.5242272015e+00
257.600000,9.9864584000e-04,1.6004324992e+00
257.650000,9.9994027745e-04,1.5496282670e+00
257.700000,9.9992534499e-04,1.6821226265e+00
257.750000,1.0001948719e-03,1.5283516678e+00
257.800000,9.9870385711e-04,1.5848313497e+00
257.850000,9.9962080917e-04,1.5291702103e+00
257.900000,9.9840432997e-04,1.5877533984e+00
257.950000,9.9996087854e-04,1.4799161073e+00
258.000000,1.0017316797e-03,1.5962757481e+00
258.050000,1.0005424013e-03,1.4708419475e+00
258.100000,1.0018126942e-03,1.5184261390e+00
258.150000,9.9916390833e-04,1.5891133939e+00
258.200000,9.9951592360e-04,1.3505360749e+00
258.250000,9.9910446110e-04,1.7192371892e+00
258.300000,9.9834670396e-04,1.6756339102e+00
258.350000,9.9902613082e-04,1.5884155109e+00
258.400000,9.9837566072e-04,1.5600370853e+00
258.450000,9.9968483730e-04,1.5945114619e+00
258.500000,9.9850014720e-04,1.5770355957e+00
258.550000,1.0007075118e-03,1.5405845842e+00
258.600000,9.9998256670e-04,1.6287711875e+00
258.650000,9.9964224881e-04,1.7420696203e+00
258.700000,9.9866831549e-04,1.6395995123e+00
258.750000,1.0001822509e-03,1.7386957465e+00
258.800000,9.9837167120e-04,1.5907799195e+00
258.850000,9.9980450513e-04,1.6533837910e+00
258.900000,9.9977603654e-04,1.6591588909e+00
258.950000,1.0011387203e-03,1.6407988423e+00
259.000000,1.0008910034e-03,1.5432911511e+00
259.050000,1.0012538526e-03,1.6075881118e+00
259.100000,9.9891457997e-04,1.6714013109e+00
259.150000,9.9988220397e-04,1.5018008947e+00
259.200000,9.9944401066e-04,1.6181108113e+00
259.250000,1.0005719327e-03,1.5707753634e+00
259.300000,1.0000254239e-03,1.6946166783e+00
259.350000,9.9967090110e-04,1.6290943077e+00
259.400000,1.0009539368e-03,1.7108662922e+00
259.450000,1.0000872144e-03,1.7573109517e+00
259.500000,1.0000021055e-03,1.5022762428e+00
259.550000,9.9877445787e-04,1.5367707568e+00
259.600000,1.0017337104e-03,1.6604640500e+00
259.650000,9.9966853423e-04,1.5771599262e+00
259.700000,9.9981104733e-04,1.6397188119e+00
259.750000,1.0016272856e-03,1.6624025208e+00
259.800000,1.0011272310e-03,1.5178550629e+00
259.850000,9.9992099093e-04,1.5812250769e+00
259.900000,1.0014274607e-03,1.5540089459e+00
259.950000,9.9943471436e-04,1.6433095001e+00
260.000000,9.9913278721e-04,1.6406334011e+00
260.050000,9.9770813590e-04,1.5399332463e+00
260.100000,9.9907321506e-04,1.6737850101e+00
260.150000,9.9908450031e-04,1.5376322467e+00
260.200000,1.0007966536e-03,1.6503951011e+00
260.250000,9.9838748395e-04,1.5206251931e+00
260.300000,9.9938255189e-04,1.5600246440e+00
260.350000,9.9970523335e-04,1.4722488243e+00
260.400000,9.9979731968e-04,1.6204791398e+00
260.450000,1.0000061603e-03,1.6613118031e+00
260.500000,9.9911389971e-04,1.5981016949e+00
260.550000,9.9940913036e-04,1.6381765572e+00
260.600000,1.0005672149e-03,1.5642724654e+00
260.650000,1.0001876275e-03,1.6121885191e+00
260.700000,9.9978225486e-04,1.5803228495e+00
260.750000,9.9909084024e-04,1.5549931099e+00
260.800000,1.0005089923e-03,1.6419631138e+00
260.850000,9.9983752967e-04,1.6228542636e+00
260.900000,1.0002909244e-03,1.8186016065e+00
260.950000,9.9865727389e-04,1.5520958900e+00
261.000000,9.9961652425e-04,1.6717603962e+00
261.050000,9.9961186716e-04,1.6398076242e+00
261.100000,9.9962993867e-04,1.4977792802e+00
261.150000,9.9852620601e-04,1.7371933435e+00
261.200000,1.0005330173e-03,1.5204082309e+00
261.250000,9.9990144706e-04,1.6194123035e+00
261.300000,1.0019230972e-03,1.6817337688e+00
261.350000,9.9987524996e-04,1.5586093645e+00
261.400000,9.9925278799e-04,1.6144484769e+00
261.450000,9.9982335682e-04,1.6266014949e+00
261.500000,1.0004243982e-03,1.6919602976e+00
261.550000,9.9844607831e-04,1.6776907754e+00
261.600000,1.0003128747e-03,1.6521859351e+00
261.650000,1.0017474999e-03,1.7240184620e+00
261.700000,1.0035252044e-03,1.5308697851e+00
261.750000,9.9940778499e-04,1.5434139422e+00
261.800000,1.0000365607e-03,1.4420876968e+00
261.850000,9.9936188083e-04,1.4796936296e+00
261.900000,1.0005526180e-03,1.6384750679e+00
261.950000,9.9959637620e-04,1.6087385254e+00
262.000000,1.0006223518e-03,1.5360058797e+00
262.050000,9.9908662900e-04,1.5199455775e+00
262.100000,1.0011606256e-03,1.6687291289e+00
262.150000,9.9994589121e-04,1.5841958963e+00
262.200000,9.9980218642e-04,1.5926465478e+00
262.250000,1.0005276604e-03,1.6286876436e+00
262.300000,1.0009057374e-03,1.6383346460e+00
262.350000,1.0014764008e-03,1.6414093457e+00
262.400000,9.9816408923e-04,1.5345499316e+00
262.450000,9.9992761137e-04,1.4561361973e+00
262.500000,9.9960778216e-04,1.5966182825e+00
262.550000,9.9941782279e-04,1.5824623026e+00
262.600000,9.9974522282e-04,1.6182142647e+00
262.650000,1.0015296421e-03,1.6049790309e+00
262.700000,1.0000614825e-03,1.6586354383e+00
262.750000,1.0000895591e-03,1.6225671770e+00
262.800000,9.9921732394e-04,1.5407985598e+00
262.850000,9.9921470736e-04,1.6591355311e+00
262.900000,9.9864123235e-04,1.6437112661e+00
262.950000,9.9996205110e-04,1.5141647619e+00
263.000000,1.0010310694e-03,1.6155441458e+00
263.050000,1.0006769394e-03,1.5754918840e+00
263.100000,1.0005471974e-03,1.6819552764e+00
263.150000,1.0008983279e-03,1.5760864378e+00
263.200000,9.9962716369e-04,1.6409059860e+00
263.250000,1.0002142055e-03,1.5547488029e+00
263.300000,9.9956520617e-04,1.4639716366e+00
263.350000,9.9917174668e-04,1.6375508957e+00
263.400000,9.9924077282e-04,1.7159648770e+00
263.450000,1.0005363217e-03,1.4157292560e+00
263.500000,9.9921638414e-04,1.6418917025e+00
263.550000,1.0002521186e-03,1.6857920397e+00
263.600000,1.0006598060e-03,1.5966995685e+00
263.650000,1.0007442038e-03,1.4589839714e+00
263.700000,9.9959878938e-04,1.6655586650e+00
263.750000,9.9937347427e-04,1.5718805629e+00
263.800000,9.9968619676e-04,1.6372407524e+00
263.850000,1.0006334877e-03,1.5896605474e+00
263.900000,1.0008121778e-03,1.6506567946e+00
263.950000,9.9806593355e-04,1.6414431530e+00
264.000000,9.9925781273e-04,1.5701938677e+00
264.050000,9.9822533051e-04,1.7398872865e+00
264.100000,1.0011894405e-03,1.3677430047e+00
264.150000,9.9975197324e-04,1.5424960945e+00
264.200000,1.0003432402e-03,1.5995075149e+00
264.250000,1.0012206138e-03,1.5665190244e+00
264.300000,9.9819155309e-04,1.5663882861e+00
264.350000,1.0005209515e-03,1.6729293875e+00
264.400000,9.9879493325e-04,1.5456328311e+00
264.450000,1.0018454383e-03,1.6451279562e+00
264.500000,1.0002243283e-03,1.7006551064e+00
264.550000,9.9996181625e-04,1.6816277711e+00
264.600000,9.9943459239e-04,1.4448719686e+00
264.650000,1.0003124489e-03,1.5537317351e+00
264.700000,1.0028782735e-03,1.5503724185e+00
264.750000,9.9994320491e-04,1.6578933384e+00
264.800000,1.0004873408e-03,1.5827212825e+00
264.850000,1.0007722770e-03,1.5893509836e+00
264.900000,1.0000973191e-03,1.6168374820e+00
264.950000,9.9937110540e-04,1.6165133036e+00
265.000000,1.0001641819e-03,1.6229665567e+00
265.050000,1.0002651826e-03,1.5670069621e+00
265.100000,1.0008365739e-03,1.5401315030e+00
265.150000,1.0017279961e-03,1.5944713510e+00
265.200000,9.9968347395e-04,1.6225152182e+00
265.250000,9.9947605028e-04,1.6635943620e+00
265.300000,9.9937924870e-04,1.5840637965e+00
265.350000,9.9999269004e-04,1.5289053789e+00
265.400000,1.0001402977e-03,1.6966035520e+00
265.450000,9.9948744126e-04,1.5674543589e+00
265.500000,1.0003408148e-03,1.6818397393e+00
265.550000,9.9936718938e-04,1.6338228396e+00
265.600000,1.0015768632e-03,1.6094218001e+00
265.650000,1.0002272638e-03,1.4986782860e+00
265.700000,1.0004536292e-03,1.5935553575e+00
265.750000,1.0015466548e-03,1.6726011861e+00
265.800000,9.9733856204e-04,1.6199368363e+00
265.850000,9.9883448931e-04,1.5720209508e+00
265.900000,9.9927390831e-04,1.3822746688e+00
265.950000,9.9974099655e-04,1.5529546519e+00
266.000000,9.9930762283e-04,1.6978439638e+00
266.050000,9.9935422411e-04,1.5089187458e+00
266.100000,1.0003284831e-03,1.5495766051e+00
266.150000,1.0000996214e-03,1.6221334841e+00
266.200000,9.9927069576e-04,1.5589549899e+00
266.250000,9.9943538942e-04,1.4268008122e+00
266.300000,1.0016259187e-03,1.4760550546e+00
266.350000,1.0020423055e-03,1.6411729850e+00
266.400000,1.0010483360e-03,1.6339307948e+00
266.450000,1.0006168743e-03,1.5178850311e+00
266.500000,9.9956428732e-04,1.4920480999e+00
266.550000,1.0008471660e-03,1.5732326966e+00
266.600000,1.0006241161e-03,1.5668034563e+00
266.650000,9.9905269815e-04,1.5153601775e+00
266.700000,9.9999193102e-04,1.6229816729e+00
266.750000,1.0009558374e-03,1.8194497209e+00
266.800000,9.9880803502e-04,1.5216815200e+00
266.850000,1.0000942434e-03,1.6002434695e+00
266.900000,9.9928171541e-04,1.6042140686e+00
266.950000,1.0008859224e-03,1.6139943516e+00
267.000000,9.9968174724e-04,1.6158474423e+00
267.050000,1.0019129499e-03,1.4879581277e+00
267.100000,1.0015339834e-03,1.7111269803e+00
267.150000,9.9954419321e-04,1.6905089166e+00
267.200000,1.0001176793e-03,1.6148857431e+00
267.250000,1.0010945883e-03,1.7100963869e+00
267.300000,1.0014704023e-03,1.5529900606e+00
267.350000,9.9906344727e-04,1.6197290529e+00
267.400000,9.9848398815e-04,1.7342900131e+00
267.450000,9.9919672075e-04,1.6810779622e+00
267.500000,9.9855085603e-04,1.5794562141e+00
267.550000,9.9996697914e-04,1.6448799343e+00
267.600000,9.9884565055e-04,1.5201979108e+00
267.650000,9.9819383808e-04,1.6513431434e+00
267.700000,9.9910697494e-04,1.6913423342e+00
267.750000,9.9901730837e-04,1.5266286350e+00
267.800000,1.0006534854e-03,1.6314287954e+00
267.850000,1.0001406448e-03,1.6604509743e+00
267.900000,1.0007255379e-03,1.6303766860e+00
267.950000,1.0002171007e-03,1.6289411248e+00
268.000000,1.0005224757e-03,1.5227246026e+00
268.050000,1.0000866285e-03,1.5309138072e+00
268.100000,9.9987197874e-04,1.7560057101e+00
268.150000,9.9913554842e-04,1.5675526676e+00
268.200000,1.0001342602e-03,1.7411011332e+00
268.250000,9.9939127463e-04,1.6268143795e+00
268.300000,1.0017537152e-03,1.5535440856e+00
268.350000,1.0001952986e-03,1.4896243580e+00
268.400000,9.9903627894e-04,1.6451483532e+00
268.450000,9.9900392450e-04,1.6242700413e+00
268.500000,9.9957140805e-04,1.6741761063e+00
268.550000,1.0001307778e-03,1.5504341648e+00
268.600000,9.9957354008e-04,1.7465868977e+00
268.650000,1.0001998532e-03,1.5823304973e+00
268.700000,1.0001248641e-03,1.5230291800e+00
268.750000,1.0005758773e-03,1.5490700969e+00
268.800000,9.9986137087e-04,1.4908266743e+00
268.850000,1.0003071388e-03,1.5764936750e+00
268.900000,1.0001812228e-03,1.6003852439e+00
268.950000,9.9726508289e-04,1.6229400356e+00
269.000000,1.0017742976e-03,1.5878542181e+00
269.050000,1.0003036171e-03,1.5001483001e+00
269.100000,1.0008325130e-03,1.6560432740e+00
269.150000,9.9939458011e-04,1.5462502293e+00
269.200000,9.9957606751e-04,1.7061577952e+00
269.250000,9.9996943740e-04,1.6583759700e+00
269.300000,1.0013098585e-03,1.5598523654e+00
269.350000,9.9841110548e-04,1.6362303071e+00
269.400000,1.0004159234e-03,1.6180273042e+00
269.450000,1.0003522517e-03,1.5971818971e+00
269.500000,9.9925557580e-04,1.5445670439e+00
269.550000,1.0002000763e-03,1.6302778212e+00
269.600000,1.0003453384e-03,1.5830074831e+00
269.650000,9.9982411477e-04,1.4500153085e+00
269.700000,1.0001424075e-03,1.5805330767e+00
269.750000,9.9832117197e-04,1.6284509325e+00
269.800000,9.9846410658e-04,1.6777180151e+00
269.850000,9.9901849781e-04,1.6107608612e+00
269.900000,1.0005462826e-03,1.6453152914e+00
269.950000,1.0012718463e-03,1.6024064864e+00
270.000000,9.9928416543e-04,1.5417809590e+00
270.050000,1.0015039759e-03,1.5091442523e+00
270.100000,9.9978432250e-04,1.7121958030e+00
270.150000,9.9979899492e-04,1.5374522923e+00
270.200000,9.9902306344e-04,1.5528187129e+00
270.250000,1.0002691945e-03,1.4753121165e+00
270.300000,1.0009789950e-03,1.5023242169e+00
270.350000,1.0003934195e-03,1.6747005873e+00
270.400000,1.0010011519e-03,1.5946410712e+00
270.450000,9.9975686017e-04,1.4878539716e+00
270.500000,9.9991449132e-04,1.7215218961e+00
270.550000,1.0007816524e-03,1.6434108741e+00
270.600000,9.9966709806e-04,1.6490158331e+00
270.650000,9.9950757506e-04,1.5932484198e+00
270.700000,9.9944753965e-04,1.7300406905e+00
270.750000,1.0013569791e-03,1.6630195681e+00
270.800000,9.9862984642e-04,1.5426050191e+00
270.850000,9.9858174061e-04,1.6268740358e+00
270.900000,9.9996322152e-04,1.7818196007e+00
270.950000,1.0004602246e-03,1.5662218064e+00
271.000000,1.0002826216e-03,1.4346197940e+00
271.050000,1.0017736046e-03,1.7364672184e+00
271.100000,1.0013621696e-03,1.5119671436e+00
271.150000,1.0006637878e-03,1.6633668894e+00
271.200000,9.9983331755e-04,1.6701782146e+00
271.250000,9.9905040612e-04,1.4581000478e+00
271.300000,1.0014767086e-03,1.6230968774e+00
271.350000,1.0017678645e-03,1.6117150386e+00
271.400000,1.0004493259e-03,1.6792120951e+00
271.450000,1.0005475663e-03,1.5515047844e+00
271.500000,1.0010095632e-03,1.6435153480e+00
271.550000,9.9919598652e-04,1.5915444131e+00
271.600000,1.0003946071e-03,1.6476100300e+00
271.650000,1.0004872733e-03,1.5612254127e+00
271.700000,1.0006296452e-03,1.6107970585e+00
271.750000,1.0014902908e-03,1.4602328157e+00
271.800000,9.9895664706e-04,1.5961788861e+00
271.850000,1.0000104078e-03,1.5815854261e+00
271.900000,9.9872264645e-04,1.7034164282e+00
271.950000,9.9990841689e-04,1.6494223421e+00
272.000000,9.9975086369e-04,1.4758279427e+00
272.050000,9.9963271502e-04,1.4400292397e+00
272.100000,9.9909588635e-04,1.7564236991e+00
272.150000,1.0003618399e-03,1.5774424094e+00
272.200000,9.9935457801e-04,1.6171144132e+00
272.250000,1.0009337747e-03,1.5719374249e+00
272.300000,9.9841877422e-04,1.5670107957e+00
272.350000,9.9872318793e-04,1.5190820485e+00
272.400000,1.0009604310e-03,1.5426770395e+00
272.450000,1.0015241920e-03,1.5146075864e+00
272.500000,9.9988862635e-04,1.6723580072e+00
272.550000,1.0012125377e-03,1.6138483788e+00
272.600000,1.0009157209e-03,1.6591845865e+00
272.650000,9.9940110633e-04,1.6767395583e+00
272.700000,1.0010424896e-03,1.7243692433e+00
272.750000,1.0008090188e-03,1.6650701910e+00
272.800000,1.0002832623e-03,1.6712539995e+00
272.850000,1.0000842081e-03,1.7081621896e+00
272.900000,9.9923385201e-04,1.5485049042e+00
272.950000,9.9897253234e-04,1.4428902743e+00
273.000000,1.0004289061e-03,1.4529010323e+00
273.050000,9.9856670015e-04,1.6160003165e+00
273.100000,9.9969125651e-04,1.6475942692e+00
273.150000,9.9990197594e-04,1.6052051634e+00
273.200000,9.9887114587e-04,1.6297322179e+00
273.250000,9.9947446602e-04,1.5469920282e+00
273.300000,9.9990229000e-04,1.6096872705e+00
273.350000,1.0012546310e-03,1.6524723632e+00
273.400000,1.0001781491e-03,1.7451746455e+00
273.450000,9.9855214387e-04,1.5325655394e+00
273.500000,9.9937407297e-04,1.6237455827e+00
273.550000,1.0015618496e-03,1.5387649234e+00
273.600000,1.0003422603e-03,1.6356883009e+00
273.650000,1.0009386617e-03,1.5890833470e+00
273.700000,9.9841623016e-04,1.5549533573e+00
273.750000,9.9978326768e-04,1.6309047511e+00
273.800000,1.0010190569e-03,1.6413033702e+00
273.850000,9.9828413047e-04,1.6236426359e+00
273.900000,1.0006232265e-03,1.6072886131e+00
273.950000,1.0008472523e-03,1.6983437625e+00
274.000000,1.0009172024e-03,1.6311380472e+00
274.050000,9.9872898650e-04,1.5833331834e+00
274.100000,9.9984780334e-04,1.6143422110e+00
274.150000,1.0012004667e-03,1.4670468814e+00
274.200000,1.0003409489e-03,1.5393868168e+00
274.250000,9.9968607231e-04,1.4830882982e+00
274.300000,9.9958373984e-04,1.5556942637e+00
274.350000,1.0002514663e-03,1.7275600392e+00
274.400000,9.9984375409e-04,1.6228394634e+00
274.450000,1.0001535997e-03,1.5759205099e+00
274.500000,1.0010654331e-03,1.5568373500e+00
274.550000,1.0028207982e-03,1.6250691645e+00
274.600000,1.0003143238e-03,1.5388691240e+00
274.650000,9.9961181526e-04,1.4599569954e+00
274.700000,9.9831806781e-04,1.5601909671e+00
274.750000,1.0010886915e-03,1.7094882815e+00
274.800000,1.0012180608e-03,1.5454232898e+00
274.850000,9.9971246231e-04,1.6144776348e+00
274.900000,1.0007085010e-03,1.5759314241e+00
274.950000,9.9935701541e-04,1.6055451252e+00
275.000000,9.9863243860e-04,1.5858967613e+00
275.050000,1.0008292729e-03,1.4967405741e+00
275.100000,1.0001944590e-03,1.4817445514e+00
275.150000,1.0015746983e-03,1.5076035551e+00
275.200000,9.9973942723e-04,1.7425246358e+00
275.250000,1.0014692638e-03,1.6437465892e+00
275.300000,9.9864248220e-04,1.5241678764e+00
275.350000,9.9971658326e-04,1.5994784056e+00
275.400000,9.9789393994e-04,1.6085327541e+00
275.450000,9.9895753649e-04,1.5761336881e+00
275.500000,1.0011662093e-03,1.7025988982e+00
275.550000,1.0002290142e-03,1.4838435559e+00
275.600000,1.0005843528e-03,1.6748911978e+00
275.650000,9.9832746578e-04,1.7181144466e+00
275.700000,9.9965361815e-04,1.6164495873e+00
275.750000,9.9958966320e-04,1.5820800020e+00
275.800000,9.9854926457e-04,1.5402303505e+00
275.850000,1.0005480589e-03,1.6339336826e+00
275.900000,9.9972646070e-04,1.5505110928e+00
275.950000,1.0011548815e-03,1.5983482478e+00
276.000000,9.9983691191e-04,1.5193008567e+00
276.050000,1.0008596447e-03,1.5300343713e+00
276.100000,9.9996676916e-04,1.4232730211e+00
276.150000,9.9806214815e-04,1.4952787914e+00
276.200000,9.9982508578e-04,1.5200147018e+00
276.250000,9.9999939015e-04,1.5570769440e+00
276.300000,1.0000956145e-03,1.5003720052e+00
276.350000,1.0016274997e-03,1.4962684318e+00
276.400000,9.9811206625e-04,1.6666585332e+00
276.450000,9.9991054550e-04,1.7794911715e+00
276.500000,9.9903965580e-04,1.5447983877e+00
276.550000,1.0000305172e-03,1.6408963352e+00
276.600000,9.9864639435e-04,1.5607045998e+00
276.650000,1.0006191070e-03,1.5990994352e+00
276.700000,9.9847159632e-04,1.5644047234e+00
276.750000,1.0004469685e-03,1.5597422896e+00
276.800000,1.0007576018e-03,1.7653966236e+00
276.850000,9.9903206673e-04,1.6916089669e+00
276.900000,1.0010414998e-03,1.6430332750e+00
276.950000,1.0006728247e-03,1.6162230541e+00
277.000000,1.0004353227e-03,1.7515098340e+00
277.050000,9.9915292005e-04,1.7120835737e+00
277.100000,9.9991638855e-04,1.7188042778e+00
277.150000,9.9882156834e-04,1.6513255067e+00
277.200000,1.0002780698e-03,1.6090619592e+00
277.250000,9.9969206742e-04,1.5812933092e+00
277.300000,9.9944771076e-04,1.7017146863e+00
277.350000,1.0000735701e-03,1.5888714686e+00
277.400000,9.9927642763e-04,1.3517039541e+00
277.450000,9.9954773168e-04,1.6419958835e+00
277.500000,1.0012256774e-03,1.4113540407e+00
277.550000,9.9953965354e-04,1.5526525144e+00
277.600000,9.9967496840e-04,1.6151317120e+00
277.650000,1.0004896941e-03,1.4595009089e+00
277.700000,1.0025015456e-03,1.6998233149e+00
277.750000,1.0007179677e-03,1.6610673969e+00
277.800000,9.9989660881e-04,1.5110043101e+00
277.850000,9.9998494810e-04,1.5396424798e+00
277.900000,1.0006856759e-03,1.6599240182e+00
277.950000,9.9947612740e-04,1.5444668677e+00
278.000000,9.9976343942e-04,1.4094736114e+00
278.050000,1.0016188748e-03,1.6041291423e+00
278.100000,1.0017062366e-03,1.6736127810e+00
278.150000,9.9826637714e-04,1.7160037068e+00
278.200000,1.0009131623e-03,1.4996004821e+00
278.250000,1.0002314921e-03,1.7144609472e+00
278.300000,1.0017788623e-03,1.5397686380e+00
278.350000,1.0015782652e-03,1.6255018913e+00
278.400000,9.9995910578e-04,1.5028138499e+00
278.450000,1.0009323557e-03,1.6451970677e+00
278.500000,1.0007299915e-03,1.7073000970e+00
278.550000,1.0015093668e-03,1.5642955191e+00
278.600000,9.9798185683e-04,1.6759042508e+00
278.650000,1.0008638025e-03,1.6446714705e+00
278.700000,9.9978077080e-04,1.5573178966e+00
278.750000,9.9980511613e-04,1.6648272900e+00
278.800000,1.0012060681e-03,1.6379688683e+00
278.850000,1.0007932911e-03,1.4098809487e+00
278.900000,1.0001372945e-03,1.6422485941e+00
278.950000,9.9977161302e-04,1.5596171871e+00
279.000000,1.0004462658e-03,1.6553631427e+00
279.050000,9.9975697634e-04,1.5031592215e+00
279.100000,1.0011223036e-03,1.6330706785e+00
279.150000,9.9885802962e-04,1.4774890821e+00
279.200000,1.0009559445e-03,1.4871479427e+00
279.250000,9.9916344563e-04,1.5921134003e+00
279.300000,9.9876337566e-04,1.5668411409e+00
279.350000,9.9773290132e-04,1.6282173045e+00
279.400000,9.9939621986e-04,1.6068710643e+00
279.450000,1.0001655910e-03,1.5885948041e+00
279.500000,9.9769923598e-04,1.7546944135e+00
279.550000,9.9936719415e-04,1.5620978299e+00
279.600000,1.0007057154e-03,1.7425634328e+00
279.650000,9.9979872640e-04,1.6224525785e+00
279.700000,1.0000919133e-03,1.5438073296e+00
279.750000,9.9984620025e-04,1.6731450639e+00
279.800000,1.0005616713e-03,1.6511539331e+00
279.850000,1.0007447384e-03,1.6970031426e+00
279.900000,9.9859000026e-04,1.6244535704e+00
279.950000,9.9910027754e-04,1.5995180656e+00
280.000000,1.0000658684e-03,1.6781071110e+00
280.050000,9.9919789593e-04,1.6091492989e+00
280.100000,9.9907691117e-04,1.5503279399e+00
280.150000,9.9952777590e-04,1.5568004458e+00
280.200000,9.9917010876e-04,1.6579929325e+00
280.250000,9.9915005280e-04,1.6049040023e+00
280.300000,1.0001614648e-03,1.6665465013e+00
280.350000,1.0009806313e-03,1.6681955149e+00
280.400000,1.0019969310e-03,1.5499935195e+00
280.450000,1.0006677210e-03,1.6196300055e+00
280.500000,9.9899069255e-04,1.6842788371e+00
280.550000,1.0017070503e-03,1.6100168531e+00
280.600000,9.9743594024e-04,1.5407004498e+00
280.650000,1.0007109759e-03,1.5317691234e+00
280.700000,9.9887456543e-04,1.6548395007e+00
280.750000,1.0011547910e-03,1.6073474825e+00
280.800000,9.9974793625e-04,1.6516696088e+00
280.850000,1.0002585863e-03,1.5728176371e+00
280.900000,9.9879407250e-04,1.6240188887e+00
280.950000,1.0000961333e-03,1.5765986709e+00
281.000000,9.9901398895e-04,1.6743562045e+00
281.050000,9.9981380955e-04,1.5332198889e+00
281.100000,9.9944467559e-04,1.6457348627e+00
281.150000,1.0011399628e-03,1.6283220968e+00
281.200000,9.9908251663e-04,1.5836937193e+00
281.250000,1.0007117522e-03,1.6055162544e+00
281.300000,9.9950588956e-04,1.6519286213e+00
281.350000,1.0000545461e-03,1.6626669309e+00
281.400000,9.9883278463e-04,1.5063615928e+00
281.450000,9.9982091868e-04,1.5379737867e+00
281.500000,9.9889626433e-04,1.6054906835e+00
281.550000,9.9935553860e-04,1.6514505849e+00
281.600000,1.0011503392e-03,1.5258947403e+00
281.650000,1.0001698467e-03,1.5849648625e+00
281.700000,9.9967975843e-04,1.5425943610e+00
281.750000,1.0014597470e-03,1.6734777204e+00
281.800000,9.9892955490e-04,1.6036027760e+00
281.850000,9.9988321511e-04,1.5552985365e+00
281.900000,9.9958966871e-04,1.7736013984e+00
281.950000,1.0005491814e-03,1.6159350226e+00
282.000000,9.9960458092e-04,1.5752440610e+00
282.050000,9.9917060924e-04,1.6129338481e+00
282.100000,1.0000131130e-03,1.6174328363e+00
282.150000,1.0002561469e-03,1.6259542105e+00
282.200000,1.0012005780e-03,1.5682318491e+00
282.250000,1.0008709032e-03,1.6886068751e+00
282.300000,9.9811572764e-04,1.5395009191e+00
282.350000,1.0001323650e-03,1.6615438199e+00
282.400000,1.0007460596e-03,1.5393522857e+00
282.450000,1.0026770045e-03,1.4797429987e+00
282.500000,9.9974918399e-04,1.7626859100e+00
282.550000,1.0012351732e-03,1.4155148643e+00
282.600000,9.9883788177e-04,1.6485097464e+00
282.650000,1.0019354067e-03,1.6347833170e+00
282.700000,9.9918560033e-04,1.4694929643e+00
282.750000,9.9942122618e-04,1.5910767455e+00
282.800000,9.9856371752e-04,1.4565463860e+00
282.850000,9.9976371882e-04,1.4772249618e+00
282.900000,1.0021357429e-03,1.5080018985e+00
282.950000,1.0000606669e-03,1.5587292837e+00
283.000000,9.9976968256e-04,1.4667074561e+00
283.050000,9.9897296099e-04,1.5820529055e+00
283.100000,9.9744380471e-04,1.6094054900e+00
283.150000,9.9946266700e-04,1.5914820861e+00
283.200000,1.0009413942e-03,1.5940239267e+00
283.250000,1.0008848029e-03,1.5690296948e+00
283.300000,1.0005225573e-03,1.4900957033e+00
283.350000,1.0027232619e-03,1.7380669399e+00
283.400000,1.0003441368e-03,1.5986799053e+00
283.450000,1.0001198029e-03,1.6043065037e+00
283.500000,9.9955202820e-04,1.5404422172e+00
283.550000,9.9790792361e-04,1.6460682218e+00
283.600000,1.0005978385e-03,1.5989174252e+00
283.650000,9.9978517156e-04,1.4456151124e+00
283.700000,1.0003899856e-03,1.5149214560e+00
283.750000,1.0007904005e-03,1.7214180579e+00
283.800000,1.0005641460e-03,1.6151669952e+00
283.850000,9.9961846043e-04,1.6151084830e+00
283.900000,9.9847357786e-04,1.6545411417e+00
283.950000,1.0005978213e-03,1.6148771629e+00
284.000000,1.0005124474e-03,1.5287612714e+00
284.050000,9.9940635094e-04,1.7416135922e+00
284.100000,9.9827658130e-04,1.6401508913e+00
284.150000,9.9915563632e-04,1.6196212755e+00
284.200000,1.0004674509e-03,1.7685759199e+00
284.250000,1.0016938804e-03,1.7300757533e+00
284.300000,1.0004256636e-03,1.5145595194e+00
284.350000,9.9975049504e-04,1.6436736786e+00
284.400000,9.9866750782e-04,1.4702462876e+00
284.450000,1.0000154712e-03,1.5299613338e+00
284.500000,9.9925236110e-04,1.6491834164e+00
284.550000,1.0002351447e-03,1.6408769032e+00
284.600000,9.9994117225e-04,1.5991990548e+00
284.650000,1.0012379590e-03,1.4397585639e+00
284.700000,1.0021314236e-03,1.6040489087e+00
284.750000,1.0003837272e-03,1.6444943452e+00
284.800000,1.0011300487e-03,1.5828833377e+00
284.850000,1.0007411731e-03,1.7118545941e+00
284.900000,1.0003675129e-03,1.6145147845e+00
284.950000,9.9947327826e-04,1.6931480972e+00
285.000000,1.0001206083e-03,1.6628613017e+00
285.050000,9.9883741539e-04,1.6289992755e+00
285.100000,9.9980159087e-04,1.5173567804e+00
285.150000,1.0007252068e-03,1.5958211040e+00
285.200000,9.9973230904e-04,1.6525693402e+00
285.250000,1.0000711747e-03,1.5305625825e+00
285.300000,9.9946180961e-04,1.7242636546e+00
285.350000,9.9999658817e-04,1.5741514262e+00
285.400000,1.0000150829e-03,1.5414747992e+00
285.450000,1.0023878120e-03,1.4700846232e+00
285.500000,1.0004486418e-03,1.5961475706e+00
285.550000,9.9818762438e-04,1.5318039385e+00
285.600000,1.0000350098e-03,1.5924583446e+00
285.650000,9.9909315622e-04,1.5869869765e+00
285.700000,1.0003934743e-03,1.4769416170e+00
285.750000,9.9973379592e-04,1.4394808479e+00
285.800000,1.0009118329e-03,1.5585989990e+00
285.850000,1.0004972682e-03,1.6440307645e+00
285.900000,1.0012641206e-03,1.5433692524e+00
285.950000,9.9912836217e-04,1.5443534998e+00
286.000000,1.0002373338e-03,1.6112776046e+00
286.050000,9.9990259294e-04,1.6249861949e+00
286.100000,1.0016552901e-03,1.5780163875e+00
286.150000,9.9947660139e-04,1.5719833788e+00
286.200000,9.9914045409e-04,1.4639442362e+00
286.250000,9.9789327525e-04,1.6084517392e+00
286.300000,1.0021309616e-03,1.5732421343e+00
286.350000,9.9915586040e-04,1.6133258590e+00
286.400000,1.0002690587e-03,1.6632743677e+00
286.450000,1.0011056502e-03,1.6593563348e+00
286.500000,1.0016689018e-03,1.6282814518e+00
286.550000,1.0010726960e-03,1.5922422282e+00
286.600000,1.0000834872e-03,1.6566805129e+00
286.650000,1.0002006376e-03,1.6136464025e+00
286.700000,1.0001976467e-03,1.6164474185e+00
286.750000,1.0015503655e-03,1.5684705364e+00
286.800000,1.0006817669e-03,1.5204326482e+00
286.850000,1.0001301835e-03,1.6412059833e+00
286.900000,9.9921211919e-04,1.5949326187e+00
286.950000,1.0007269872e-03,1.5497948721e+00
287.000000,9.9995141407e-04,1.5870177365e+00
287.050000,9.9904495431e-04,1.4882004937e+00
287.100000,9.9923047708e-04,1.5611053687e+00
287.150000,9.9935767925e-04,1.7271749529e+00
287.200000,9.9962511353e-04,1.5894320105e+00
287.250000,9.9799489717e-04,1.5711245193e+00
287.300000,9.9968263654e-04,1.6348859309e+00
287.350000,9.9926472569e-04,1.5404629898e+00
287.400000,1.0007346597e-03,1.7627104697e+00
287.450000,9.9712011766e-04,1.5010730275e+00
287.500000,1.0004923940e-03,1.6415811599e+00
287.550000,9.9846162638e-04,1.6068590672e+00
287.600000,9.9941563018e-04,1.5786152862e+00
287.650000,1.0021457004e-03,1.5909081930e+00
287.700000,1.0005605610e-03,1.7827835823e+00
287.750000,9.9992915797e-04,1.6613565789e+00
287.800000,1.0007924477e-03,1.6009714640e+00
287.850000,9.9929327201e-04,1.6028180953e+00
287.900000,9.9992764171e-04,1.7112788617e+00
287.950000,9.9901678301e-04,1.6260356461e+00
288.000000,9.9986042394e-04,1.6000792010e+00
288.050000,1.0002261357e-03,1.4844215251e+00
288.100000,1.0015369274e-03,1.6405635065e+00
288.150000,1.0017333061e-03,1.4425986087e+00
288.200000,9.9971679181e-04,1.7011218008e+00
288.250000,9.9860098817e-04,1.6422035920e+00
288.300000,9.9957495934e-04,1.5768039057e+00
288.350000,9.9957932949e-04,1.6987588758e+00
288.400000,1.0010881533e-03,1.6391873373e+00
288.450000,9.9995808332e-04,1.6527938702e+00
288.500000,1.0011457040e-03,1.5177655986e+00
288.550000,9.9966768052e-04,1.7387386777e+00
288.600000,1.0008883050e-03,1.6311633021e+00
288.650000,9.9905179832e-04,1.5485997345e+00
288.700000,1.0013991772e-03,1.5147445541e+00
288.750000,1.0009190309e-03,1.5165422290e+00
288.800000,9.9946088978e-04,1.5476999063e+00
288.850000,9.9957223944e-04,1.5800282526e+00
288.900000,1.0004500644e-03,1.6981197789e+00
288.950000,9.9985148261e-04,1.5994402295e+00
289.000000,1.0005531193e-03,1.4606691097e+00
289.050000,9.9993624756e-04,1.4092266636e+00
289.100000,1.0006924113e-03,1.6899836404e+00
289.150000,1.0005508336e-03,1.5619032320e+00
289.200000,9.9873796034e-04,1.4701264494e+00
289.250000,1.0018565183e-03,1.6298943835e+00
289.300000,1.0009145557e-03,1.5486357835e+00
289.350000,9.9846784992e-04,1.6400383152e+00
289.400000,9.9914656074e-04,1.5168534281e+00
289.450000,1.0002650006e-03,1.4962305316e+00
289.500000,1.0015837365e-03,1.5801671227e+00
289.550000,1.0023930923e-03,1.5125500371e+00
289.600000,9.9931955583e-04,1.5466655765e+00
289.650000,1.0014058031e-03,1.4966392747e+00
289.700000,1.0001853351e-03,1.5973266094e+00
289.750000,1.0005018508e-03,1.4807293458e+00
289.800000,1.0005839974e-03,1.5403654503e+00
289.850000,9.9879187442e-04,1.5726722973e+00
289.900000,1.0008984536e-03,1.4771377327e+00
289.950000,9.9965392666e-04,1.4020511142e+00
290.000000,9.9994226230e-04,1.5672717532e+00
290.050000,1.0018257618e-03,1.5930820529e+00
290.100000,1.0009338489e-03,1.7449643204e+00
290.150000,1.0012178786e-03,1.6051486764e+00
290.200000,9.9934536513e-04,1.7203656904e+00
290.250000,1.0016428904e-03,1.4570415723e+00
290.300000,1.0001582865e-03,1.5523130110e+00
290.350000,1.0009531613e-03,1.5623424488e+00
290.400000,1.0001489209e-03,1.5344399702e+00
290.450000,9.9870461029e-04,1.7339800623e+00
290.500000,1.0001167037e-03,1.6451648771e+00
290.550000,9.9955114863e-04,1.7171061340e+00
290.600000,9.9957234692e-04,1.6560855817e+00
290.650000,1.0018277259e-03,1.5798973969e+00
290.700000,9.9900961251e-04,1.6150662858e+00
290.750000,1.0014232228e-03,1.6539487835e+00
290.800000,1.0002203812e-03,1.5918546577e+00
290.850000,1.0009808408e-03,1.5572368447e+00
290.900000,9.9941455252e-04,1.7026596979e+00
290.950000,1.0005123413e-03,1.5769228601e+00
291.000000,9.9834559121e-04,1.5577704713e+00
291.050000,1.0010457716e-03,1.6553306497e+00
291.100000,9.9882134564e-04,1.5235187824e+00
291.150000,1.0005644829e-03,1.6090217789e+00
291.200000,9.9927747564e-04,1.5970546454e+00
291.250000,1.0003992196e-03,1.6461588256e+00
291.300000,1.0004344589e-03,1.5201671454e+00
291.350000,9.9806224849e-04,1.5881824883e+00
291.400000,1.0006128441e-03,1.6806891988e+00
291.450000,1.0009801886e-03,1.6734340861e+00
291.500000,9.9991948946e-04,1.6005433502e+00
291.550000,1.0000174693e-03,1.4625241969e+00
291.600000,1.0004694341e-03,1.4945052878e+00
291.650000,9.9999740690e-04,1.6130254712e+00
291.700000,9.9855767412e-04,1.6965287883e+00
291.750000,1.0010535738e-03,1.6260268910e+00
291.800000,9.9931906095e-04,1.5803848711e+00
291.850000,1.0006521724e-03,1.6284033028e+00
291.900000,1.0000600428e-03,1.7321936004e+00
291.950000,1.0011203025e-03,1.6173221862e+00
292.000000,9.9965848479e-04,1.6397249228e+00
292.050000,9.9831077413e-04,1.4872240476e+00
292.100000,1.0002649792e-03,1.6875472024e+00
292.150000,9.9928447908e-04,1.6156304906e+00
292.200000,1.0000622010e-03,1.6482883395e+00
292.250000,1.0013484799e-03,1.5867188885e+00
292.300000,1.0001303569e-03,1.5859502856e+00
292.350000,1.0003551786e-03,1.6248315257e+00
292.400000,1.0007241837e-03,1.5845082100e+00
292.450000,1.0003692820e-03,1.3894772583e+00
292.500000,9.9903483176e-04,1.6366715320e+00
292.550000,1.0004290164e-03,1.5906524438e+00
292.600000,1.0006165759e-03,1.5810009900e+00
292.650000,1.0005094235e-03,1.5478054110e+00
292.700000,9.9828896436e-04,1.5859506757e+00
292.750000,9.9968211257e-04,1.5800764812e+00
292.800000,9.9971859636e-04,1.6672311725e+00
292.850000,9.9865801894e-04,1.6483886786e+00
292.900000,1.0015719387e-03,1.4569956083e+00
292.950000,1.0004241879e-03,1.5973067088e+00
293.000000,9.9988436168e-04,1.4853897055e+00
293.050000,9.9912619056e-04,1.6064469113e+00
293.100000,9.9826231509e-04,1.7008985033e+00
293.150000,9.9925068706e-04,1.6174795227e+00
293.200000,1.0009958368e-03,1.7098395394e+00
293.250000,9.9931911430e-04,1.6014317701e+00
293.300000,9.9960260663e-04,1.6421603156e+00
293.350000,1.0003940229e-03,1.4497208995e+00
293.400000,9.9905848358e-04,1.7414353035e+00
293.450000,1.0022852494e-03,1.6486011827e+00
293.500000,1.0006499701e-03,1.5753818843e+00
293.550000,9.9914612602e-04,1.6449632103e+00
293.600000,9.9937098778e-04,1.5468591402e+00
293.650000,9.9897976666e-04,1.5002177433e+00
293.700000,1.0004849317e-03,1.5342748022e+00
293.750000,1.0014318377e-03,1.6023009533e+00
293.800000,1.0003729481e-03,1.5226349199e+00
293.850000,1.0000111422e-03,1.6043685307e+00
293.900000,1.0006376171e-03,1.7430541032e+00
293.950000,9.9920717461e-04,1.4968869705e+00
294.000000,9.9915307346e-04,1.6356332771e+00
294.050000,9.9998441572e-04,1.5241100432e+00
294.100000,1.0012074588e-03,1.6319625577e+00
294.150000,1.0002926468e-03,1.7326398028e+00
294.200000,9.9949025763e-04,1.6312594787e+00
294.250000,1.0002749037e-03,1.7583414774e+00
294.300000,1.0000898856e-03,1.6197140230e+00
294.350000,9.9883894257e-04,1.6546934079e+00
294.400000,9.9986933038e-04,1.7122518639e+00
294.450000,1.0011151179e-03,1.5361884758e+00
294.500000,9.9899202136e-04,1.5807773436e+00
294.550000,1.0003712662e-03,1.6576005890e+00
294.600000,1.0005763012e-03,1.7024932871e+00
294.650000,9.9974028082e-04,1.7591133421e+00
294.700000,9.9806985801e-04,1.6551926042e+00
294.750000,1.0000335283e-03,1.5831811680e+00
294.800000,1.0006113867e-03,1.6741913702e+00
294.850000,1.0006918189e-03,1.6557610687e+00
294.900000,9.9871704347e-04,1.5150309523e+00
294.950000,9.9935308538e-04,1.5633392722e+00
295.000000,1.0006299016e-03,1.6357748468e+00
295.050000,9.9853874086e-04,1.4824096349e+00
295.100000,9.9953543459e-04,1.7035099789e+00
295.150000,1.0005716152e-03,1.6116982429e+00
295.200000,1.0006811353e-03,1.5878707980e+00
295.250000,1.0012421937e-03,1.6355834131e+00
295.300000,9.9943201697e-04,1.6035369397e+00
295.350000,9.9861648144e-04,1.6370538792e+00
295.400000,1.0003633008e-03,1.5366788996e+00
295.450000,1.0009617393e-03,1.6070996100e+00
295.500000,9.9858767023e-04,1.5886667029e+00
295.550000,1.0006936572e-03,1.6161093482e+00
295.600000,9.9997907367e-04,1.6560649811e+00
295.650000,1.0004430958e-03,1.5733257640e+00
295.700000,9.9990930026e-04,1.5290209200e+00
295.750000,1.0000069676e-03,1.7088930482e+00
295.800000,9.9974362379e-04,1.6647732547e+00
295.850000,1.0003385526e-03,1.6347015576e+00
295.900000,9.9907542987e-04,1.6437031968e+00
295.950000,9.9999007374e-04,1.6926127247e+00
296.000000,1.0009136601e-03,1.6114658100e+00
296.050000,9.9800063606e-04,1.3947937101e+00
296.100000,1.0012783969e-03,1.6323931911e+00
296.150000,9.9966621649e-04,1.4764230842e+00
296.200000,9.9807053667e-04,1.5283766106e+00
296.250000,9.9934581637e-04,1.7055486768e+00
296.300000,1.0000239887e-03,1.4725274949e+00
296.350000,1.0008754831e-03,1.5658640642e+00
296.400000,1.0008359507e-03,1.4745061859e+00
296.450000,1.0005547393e-03,1.5403642464e+00
296.500000,9.9944271408e-04,1.6982077967e+00
296.550000,1.0017250182e-03,1.6189344930e+00
296.600000,9.9962512615e-04,1.5154429393e+00
296.650000,1.0002207290e-03,1.5970807374e+00
296.700000,1.0002737470e-03,1.6221022504e+00
296.750000,9.9988798196e-04,1.5888669147e+00
296.800000,1.0003204249e-03,1.5726913388e+00
296.850000,9.9812691089e-04,1.6082877310e+00
296.900000,1.0011040898e-03,1.7018681799e+00
296.950000,9.9999364716e-04,1.6363473510e+00
297.000000,1.0012498762e-03,1.6599823571e+00
297.050000,9.9938488494e-04,1.5519435268e+00
297.100000,1.0008719077e-03,1.5278143484e+00
297.150000,1.0010891718e-03,1.7339098292e+00
297.200000,9.9935698904e-04,1.5283511518e+00
297.250000,1.0007566652e-03,1.6935581191e+00
297.300000,9.9648910895e-04,1.5549463357e+00
297.350000,1.0005262486e-03,1.6536042712e+00
297.400000,9.9884348263e-04,1.6610294571e+00
297.450000,9.9976244386e-04,1.6395900007e+00
297.500000,1.0004642748e-03,1.4519614080e+00
297.550000,9.9944397981e-04,1.6041974380e+00
297.600000,9.9976297316e-04,1.4352602651e+00
297.650000,1.0016687949e-03,1.6327972494e+00
297.700000,9.9946126372e-04,1.4623289112e+00
297.750000,9.9990273132e-04,1.6050290705e+00
297.800000,1.0005927178e-03,1.6505964573e+00
297.850000,9.9816699826e-04,1.5533024195e+00
297.900000,1.0006096250e-03,1.6145206090e+00
297.950000,1.0022203979e-03,1.3196388159e+00
298.000000,9.9928773680e-04,1.5923035633e+00
298.050000,9.9945838194e-04,1.7021790585e+00
298.100000,9.9988159114e-04,1.6432711984e+00
298.150000,9.9951845595e-04,1.6747284088e+00
298.200000,1.0002788157e-03,1.5982266369e+00
298.250000,1.0000902670e-03,1.6542091009e+00
298.300000,1.0002024879e-03,1.6162980448e+00
298.350000,1.0006132986e-03,1.6678946813e+00
298.400000,9.9980133649e-04,1.6357222927e+00
298.450000,1.0022993122e-03,1.5939327607e+00
298.500000,9.9900408925e-04,1.5340698433e+00
298.550000,1.0000265029e-03,1.4209934244e+00
298.600000,1.0017828667e-03,1.5597003101e+00
298.650000,9.9921366477e-04,1.6737120419e+00
298.700000,9.9924647305e-04,1.6923798731e+00
298.750000,1.0006153017e-03,1.6395115392e+00
298.800000,9.9820295830e-04,1.6356054373e+00
298.850000,9.9835580649e-04,1.5821524103e+00
298.900000,9.9935633483e-04,1.6389646300e+00
298.950000,1.0002452473e-03,1.6981063990e+00
299.000000,1.0001298163e-03,1.4681126012e+00
299.050000,1.0011927126e-03,1.4217746183e+00
299.100000,9.9797395215e-04,1.6427978937e+00
299.150000,9.9982259814e-04,1.7293781728e+00
299.200000,9.9894614130e-04,1.5474114810e+00
299.250000,1.0003911926e-03,1.6051903601e+00
299.300000,1.0021363346e-03,1.5144388160e+00
299.350000,9.9925972639e-04,1.7195872024e+00
299.400000,9.9988305084e-04,1.6525337201e+00
299.450000,1.0005816252e-03,1.6566101895e+00
299.500000,9.9791802241e-04,1.6653994330e+00
299.550000,1.0002689117e-03,1.6238074836e+00
299.600000,1.0006917460e-03,1.5874669048e+00
299.650000,1.0005860594e-03,1.5523659133e+00
299.700000,1.0006970665e-03,1.5061655569e+00
299.750000,9.9953880742e-04,1.5362567639e+00
299.800000,9.9934061255e-04,1.6442806301e+00
299.850000,9.9794941720e-04,1.5509375004e+00
299.900000,9.9786057775e-04,1.5866763400e+00
299.950000,9.9878399786e-04,1.4880825158e+00
300.000000,1.0021916204e-03,1.5728275705e+00
300.050000,1.0013447916e-03,1.4700626345e+00
300.100000,9.9903399699e-04,1.6873877320e+00
300.150000,1.0000349056e-03,1.5433463259e+00
300.200000,1.0024327518e-03,1.7295124411e+00
300.250000,9.9944662645e-04,1.6777730474e+00
300.300000,9.9972721812e-04,1.5097673396e+00
300.350000,9.9737467664e-04,1.6289431324e+00
300.400000,9.9957374222e-04,1.5225490326e+00
300.450000,9.9912339439e-04,1.6390562696e+00
300.500000,1.0011116075e-03,1.5373779227e+00
300.550000,1.0002047214e-03,1.5429806848e+00
300.600000,1.0006991594e-03,1.4366593963e+00
300.650000,1.0001586166e-03,1.6685887308e+00
300.700000,1.0021719010e-03,1.5783562058e+00
300.750000,1.0004351380e-03,1.6434342668e+00
300.800000,9.9990805174e-04,1.5732408098e+00
300.850000,1.0004935181e-03,1.6858478754e+00
300.900000,9.9983121083e-04,1.7245506244e+00
300.950000,9.9950285364e-04,1.6912837643e+00
301.000000,9.9787396632e-04,1.7234503052e+00
301.050000,9.9928858107e-04,1.4919044535e+00
301.100000,1.0005761009e-03,1.4778171964e+00
301.150000,1.0011283568e-03,1.8007377792e+00
301.200000,9.9966702010e-04,1.6994193198e+00
301.250000,9.9948011101e-04,1.6755765680e+00
301.300000,9.9942071875e-04,1.5980872601e+00
301.350000,1.0011615851e-03,1.6511338829e+00
301.400000,9.9958666045e-04,1.5969148219e+00
301.450000,9.9968855801e-04,1.6933635899e+00
301.500000,9.9910223601e-04,1.6449326543e+00
301.550000,1.0000124020e-03,1.5917254058e+00
301.600000,9.9901829375e-04,1.6198576961e+00
301.650000,9.9875202213e-04,1.5437261500e+00
301.700000,9.9828942414e-04,1.5726629754e+00
301.750000,9.9881293246e-04,1.6810705860e+00
301.800000,9.9963418626e-04,1.6669915022e+00
301.850000,9.9932815403e-04,1.5513874022e+00
301.900000,1.0004989846e-03,1.6390254965e+00
301.950000,1.0001110721e-03,1.6979839368e+00
302.000000,9.9996687293e-04,1.6139932517e+00
302.050000,9.9787702951e-04,1.6420442402e+00
302.100000,1.0006634268e-03,1.6018626050e+00
302.150000,1.0013191044e-03,1.5646841331e+00
302.200000,1.0005177890e-03,1.5429990905e+00
302.250000,1.0008660772e-03,1.6328037699e+00
302.300000,1.0002501312e-03,1.6954238531e+00
302.350000,9.9945121607e-04,1.6504002257e+00
302.400000,9.9960295494e-04,1.6663160173e+00
302.450000,1.0002363185e-03,1.6801397484e+00
302.500000,1.0006460548e-03,1.6973846821e+00
302.550000,1.0010347357e-03,1.5706312166e+00
302.600000,1.0001891354e-03,1.6281212161e+00
302.650000,9.9896059169e-04,1.7091338458e+00
302.700000,9.9979912195e-04,1.6350978979e+00
302.750000,9.9936292796e-04,1.5858080540e+00
302.800000,1.0002190716e-03,1.5670632595e+00
302.850000,9.9885486938e-04,1.6283962487e+00
302.900000,9.9835844011e-04,1.4919970644e+00
302.950000,1.0008246544e-03,1.5430717504e+00
303.000000,1.0004106240e-03,1.5712808202e+00
303.050000,1.0006315604e-03,1.5734933339e+00
303.100000,1.0009343963e-03,1.7086697624e+00
303.150000,9.9924098493e-04,1.5845911044e+00
303.200000,1.0007695947e-03,1.5680485914e+00
303.250000,1.0006154131e-03,1.4376155678e+00
303.300000,9.9881897010e-04,1.6271259413e+00
303.350000,1.0008393640e-03,1.5928209845e+00
303.400000,1.0017488107e-03,1.5950434009e+00
303.450000,1.0008278642e-03,1.6162396945e+00
303.500000,1.0009446632e-03,1.6309542093e+00
303.550000,1.0009127350e-03,1.7460190203e+00
303.600000,9.9902927037e-04,1.6811489249e+00
303.650000,1.0004285272e-03,1.6465085578e+00
303.700000,1.0015574187e-03,1.5844266945e+00
303.750000,9.9955990704e-04,1.5900608791e+00
303.800000,1.0001139406e-03,1.6523571354e+00
303.850000,9.9905218864e-04,1.7969502083e+00
303.900000,9.9944288855e-04,1.6489717424e+00
303.950000,9.9972833725e-04,1.6122466464e+00
304.000000,9.9995833337e-04,1.6834563818e+00
304.050000,1.0007161498e-03,1.4161598000e+00
304.100000,1.0000943320e-03,1.6070575846e+00
304.150000,9.9994442568e-04,1.6832555304e+00
304.200000,1.0001794234e-03,1.7450369446e+00
304.250000,9.9959941634e-04,1.5446660663e+00
304.300000,9.9950014088e-04,1.6506661859e+00
304.350000,1.0001913225e-03,1.6901638562e+00
304.400000,1.0007558096e-03,1.5876282917e+00
304.450000,1.0012146296e-03,1.6711825928e+00
304.500000,1.0008512144e-03,1.5841268214e+00
304.550000,1.0014527786e-03,1.5822780756e+00
304.600000,9.9939418317e-04,1.6206297860e+00
304.650000,9.9945997654e-04,1.6299710012e+00
304.700000,9.9865398471e-04,1.6268899591e+00
304.750000,1.0000593747e-03,1.6214768308e+00
304.800000,1.0006294669e-03,1.6130793337e+00
304.850000,9.9989062638e-04,1.5401169236e+00
304.900000,1.0005159286e-03,1.5130035406e+00
304.950000,1.0024897078e-03,1.5411369530e+00
305.000000,1.0014245627e-03,1.5735631406e+00
305.050000,1.0005222198e-03,1.4174632716e+00
305.100000,9.9944899925e-04,1.5002288501e+00
305.150000,1.0009587389e-03,1.4988021814e+00
305.200000,9.9893250102e-04,1.5475544544e+00
305.250000,9.9934565354e-04,1.7138974607e+00
305.300000,1.0009550222e-03,1.6062763297e+00
305.350000,1.0008527364e-03,1.5516001318e+00
305.400000,9.9965851764e-04,1.6642083669e+00
305.450000,1.0004637611e-03,1.6762965263e+00
305.500000,1.0003865720e-03,1.6708851176e+00
305.550000,9.9972984301e-04,1.6431882887e+00
305.600000,9.9943755487e-04,1.6835654620e+00
305.650000,1.0005488421e-03,1.4524264266e+00
305.700000,9.9874008146e-04,1.6901051590e+00
305.750000,1.0005269177e-03,1.7393841926e+00
305.800000,9.9808756938e-04,1.5687962212e+00
305.850000,1.0004480797e-03,1.6157845357e+00
305.900000,1.0011879302e-03,1.5843253345e+00
305.950000,1.0013251079e-03,1.7200025917e+00
306.000000,9.9797973311e-04,1.7410338979e+00
306.050000,9.9968893508e-04,1.6333604302e+00
306.100000,9.9822132954e-04,1.6055862796e+00
306.150000,9.9975179676e-04,1.5877016700e+00
306.200000,9.9800293688e-04,1.5459320347e+00
306.250000,9.9980870300e-04,1.5345881447e+00
306.300000,9.9781841758e-04,1.6517671742e+00
306.350000,1.0025772487e-03,1.4944431842e+00
306.400000,1.0001003194e-03,1.4586420168e+00
306.450000,1.0013783171e-03,1.5439400700e+00
306.500000,1.0000269072e-03,1.5670857559e+00
306.550000,9.9914319595e-04,1.4746733152e+00
306.600000,9.9935552746e-04,1.6781517713e+00
306.650000,9.9991844746e-04,1.6439828024e+00
306.700000,1.0010341476e-03,1.6243246117e+00
306.750000,1.0007229451e-03,1.5346199816e+00
306.800000,9.9891275002e-04,1.6395698865e+00
306.850000,1.0011250159e-03,1.5731000027e+00
306.900000,9.9880972330e-04,1.6178880835e+00
306.950000,9.9975144991e-04,1.6816463057e+00
307.000000,9.9927189274e-04,1.6400344918e+00
307.050000,1.0015543654e-03,1.4385625419e+00
307.100000,9.9889435141e-04,1.5385542616e+00
307.150000,1.0003367729e-03,1.6116700600e+00
307.200000,1.0010710925e-03,1.7212881693e+00
307.250000,9.9999332018e-04,1.6512425372e+00
307.300000,9.9832236111e-04,1.5503876242e+00
307.350000,9.9934368575e-04,1.7604574171e+00
307.400000,9.9891644676e-04,1.6975515041e+00
307.450000,9.9896835389e-04,1.5657295113e+00
307.500000,9.9933567460e-04,1.6094254089e+00
307.550000,9.9789575830e-04,1.5250028604e+00
307.600000,9.9998226957e-04,1.6619767853e+00
307.650000,9.9822230651e-04,1.6662887123e+00
307.700000,1.0015307887e-03,1.7541518684e+00
307.750000,9.9990193456e-04,1.6207187424e+00
307.800000,9.9758092123e-04,1.6395235359e+00
307.850000,9.9958368552e-04,1.6722517022e+00
307.900000,1.0014231413e-03,1.5767205027e+00
307.950000,9.9881669669e-04,1.6262614012e+00
308.000000,9.9891625700e-04,1.5575085605e+00
308.050000,1.0008765029e-03,1.4446190700e+00
308.100000,9.9894773736e-04,1.6892652486e+00
308.150000,9.9918856512e-04,1.6423326428e+00
308.200000,9.9895790161e-04,1.6414348326e+00
308.250000,9.9867913015e-04,1.5796717510e+00
308.300000,1.0003756925e-03,1.6864184696e+00
308.350000,1.0001707183e-03,1.5929032452e+00
308.400000,1.0001405424e-03,1.4815200560e+00
308.450000,9.9951481614e-04,1.6703149796e+00
308.500000,9.9998291231e-04,1.4567937460e+00
308.550000,9.9848383921e-04,1.6293647534e+00
308.600000,1.0007573330e-03,1.5634589943e+00
308.650000,1.0009841078e-03,1.5944795450e+00
308.700000,1.0018991802e-03,1.6827887568e+00
308.750000,1.0010971108e-03,1.5959672381e+00
308.800000,1.0005367452e-03,1.4577841771e+00
308.850000,9.9985853378e-04,1.6993880378e+00
308.900000,9.9968961840e-04,1.7079430737e+00
308.950000,1.0006238342e-03,1.4786124932e+00
309.000000,1.0014665325e-03,1.7257884943e+00
309.050000,9.9979202861e-04,1.6888136985e+00
309.100000,1.0009009324e-03,1.4375366159e+00
309.150000,1.0006416913e-03,1.4752460939e+00
309.200000,1.0020137570e-03,1.6728922574e+00
309.250000,9.9966481146e-04,1.6546459240e+00
309.300000,1.0009677348e-03,1.4459056433e+00
309.350000,9.9802776612e-04,1.5488105554e+00
309.400000,1.0001083683e-03,1.6676371250e+00
309.450000,1.0012351518e-03,1.4776135967e+00
309.500000,9.9862022038e-04,1.8078699501e+00
309.550000,1.0001072025e-03,1.5909397015e+00
309.600000,9.9950470723e-04,1.6930106709e+00
309.650000,9.9889712629e-04,1.5144907704e+00
309.700000,9.9907546717e-04,1.5410147522e+00
309.750000,1.0000796682e-03,1.6991272666e+00
309.800000,1.0002351371e-03,1.7368699721e+00
309.850000,1.0007109619e-03,1.6068568072e+00
309.900000,1.0013806382e-03,1.6882621980e+00
309.950000,1.0017095529e-03,1.5826155173e+00
310.000000,9.9769946003e-04,1.6251606049e+00
310.050000,1.0020021512e-03,1.5544057366e+00
310.100000,1.0004857966e-03,1.4753752644e+00
310.150000,1.0013988733e-03,1.6108932235e+00
310.200000,1.0015116391e-03,1.4464458767e+00
310.250000,1.0011969015e-03,1.5287790119e+00
310.300000,9.9969879146e-04,1.7296795335e+00
310.350000,1.0008204791e-03,1.4909113456e+00
310.400000,1.0003240547e-03,1.5744191263e+00
310.450000,9.9953628934e-04,1.6315965273e+00
310.500000,1.0014825174e-03,1.6158766844e+00
310.550000,9.9983733882e-04,1.5834082385e+00
310.600000,1.0008679251e-03,1.6636574703e+00
310.650000,1.0005174511e-03,1.5579134764e+00
310.700000,9.9958225325e-04,1.4924867598e+00
310.750000,9.9793242258e-04,1.6606174572e+00
310.800000,9.9896980932e-04,1.6481565783e+00
310.850000,1.0007415519e-03,1.6232337521e+00
310.900000,9.9907042445e-04,1.4924894290e+00
310.950000,9.9912509060e-04,1.6599358419e+00
311.000000,1.0010948275e-03,1.5331502894e+00
311.050000,9.9970280670e-04,1.5253920753e+00
311.100000,9.9878557282e-04,1.7648158566e+00
311.150000,9.9944683441e-04,1.4159039559e+00
311.200000,1.0005149405e-03,1.5799610717e+00
311.250000,1.0012063860e-03,1.5401947433e+00
311.300000,9.9992961771e-04,1.5910085800e+00
311.350000,9.9899235664e-04,1.7421119733e+00
311.400000,1.0010826394e-03,1.5996832765e+00
311.450000,9.9999832049e-04,1.5187407567e+00
311.500000,9.9803840193e-04,1.6969930414e+00
311.550000,9.9893866090e-04,1.4794082709e+00
311.600000,1.0016326789e-03,1.5569501737e+00
311.650000,1.0001438144e-03,1.5098453713e+00
311.700000,9.9977010042e-04,1.5965368179e+00
311.750000,9.9954444488e-04,1.4673814483e+00
311.800000,1.0002581988e-03,1.4196834496e+00
311.850000,1.0013299766e-03,1.6173098359e+00
311.900000,1.0006013048e-03,1.5401077868e+00
311.950000,1.0006838881e-03,1.6326747646e+00
312.000000,9.9956863471e-04,1.5473150887e+00
312.050000,9.9996605306e-04,1.6393805940e+00
312.100000,9.9867217568e-04,1.5344809455e+00
312.150000,9.9979942435e-04,1.6872054220e+00
312.200000,1.0013049353e-03,1.6690441889e+00
312.250000,1.0008160808e-03,1.5202298441e+00
312.300000,9.9972565008e-04,1.6617417121e+00
312.350000,1.0016614672e-03,1.6873101443e+00
312.400000,1.0001605521e-03,1.7399680616e+00
312.450000,1.0017492165e-03,1.6239016592e+00
312.500000,1.0024256032e-03,1.5228033392e+00
312.550000,1.0015824725e-03,1.6804099837e+00
312.600000,1.0012481575e-03,1.7710331737e+00
312.650000,9.9994236379e-04,1.5429951433e+00
312.700000,9.9911166929e-04,1.5518598837e+00
312.750000,9.9851176064e-04,1.6281930797e+00
312.800000,1.0009659822e-03,1.4944407427e+00
312.850000,9.9949938531e-04,1.5564603770e+00
312.900000,1.0000667609e-03,1.5465613191e+00
312.950000,1.0003418319e-03,1.6372924357e+00
313.000000,9.9832227548e-04,1.6292480075e+00
313.050000,9.9888349798e-04,1.6497291797e+00
313.100000,9.9963236949e-04,1.5982704652e+00
313.150000,1.0009457674e-03,1.6865531517e+00
313.200000,9.9942030680e-04,1.6072055965e+00
313.250000,9.9932516838e-04,1.5335744451e+00
313.300000,1.0004026875e-03,1.3964556522e+00
313.350000,1.0015109215e-03,1.6813930749e+00
313.400000,9.9991783744e-04,1.6181287728e+00
313.450000,9.9858228928e-04,1.5402866128e+00
313.500000,1.0012762260e-03,1.5503918450e+00
313.550000,1.0002369512e-03,1.5278091457e+00
313.600000,9.9761118253e-04,1.6369632908e+00
313.650000,1.0008428935e-03,1.5446356916e+00
313.700000,9.9972293795e-04,1.4384948761e+00
313.750000,1.0007041664e-03,1.5917534866e+00
313.800000,9.9975447752e-04,1.6309371817e+00
313.850000,9.9854906656e-04,1.5744486562e+00
313.900000,9.9988371005e-04,1.6211751546e+00
313.950000,1.0004001142e-03,1.5997291763e+00
314.000000,9.9939187541e-04,1.6825071447e+00
314.050000,1.0010403525e-03,1.5310151042e+00
314.100000,1.0001409570e-03,1.5680059173e+00
314.150000,1.0002786326e-03,1.5921587694e+00
314.200000,9.9938311893e-04,1.5982559937e+00
314.250000,1.0005557120e-03,1.5494278632e+00
314.300000,1.0005612490e-03,1.5613249691e+00
314.350000,1.0002594939e-03,1.6429333836e+00
314.400000,1.0002255100e-03,1.6848063350e+00
314.450000,1.0001175215e-03,1.6529096054e+00
314.500000,1.0008342104e-03,1.6158485413e+00
314.550000,9.9899784750e-04,1.6382168362e+00
314.600000,9.9851865326e-04,1.5691749915e+00
314.650000,9.9945713159e-04,1.6063235353e+00
314.700000,1.0003944227e-03,1.6850989607e+00
314.750000,1.0020344110e-03,1.6324339573e+00
314.800000,1.0012840986e-03,1.5649988990e+00
314.850000,1.0004049887e-03,1.6736143339e+00
314.900000,1.0006667245e-03,1.5936608458e+00
314.950000,9.9905054390e-04,1.7134082180e+00
315.000000,1.0009707546e-03,1.5906171079e+00
315.050000,9.9900934906e-04,1.7186889970e+00
315.100000,1.0011924383e-03,1.5542434581e+00
315.150000,9.9789448896e-04,1.5077356683e+00
315.200000,1.0002528884e-03,1.6419261419e+00
315.250000,9.9924035068e-04,1.5331847540e+00
315.300000,1.0003833394e-03,1.7018732594e+00
315.350000,9.9780428611e-04,1.5821993898e+00
315.400000,1.0015080023e-03,1.5183532929e+00
315.450000,9.9991742916e-04,1.6347517230e+00
315.500000,1.0006693058e-03,1.6042963415e+00
315.550000,9.9878138184e-04,1.5264813396e+00
315.600000,1.0005021503e-03,1.5906357189e+00
315.650000,1.0001235268e-03,1.7203560032e+00
315.700000,9.9920753576e-04,1.6775240646e+00
315.750000,9.9829301385e-04,1.5700635386e+00
315.800000,1.0001234280e-03,1.4508779440e+00
315.850000,9.9955564874e-04,1.7899189520e+00
315.900000,1.0018427984e-03,1.4725116394e+00
315.950000,9.9817126072e-04,1.7604566949e+00
316.000000,1.0006000848e-03,1.5473334759e+00
316.050000,9.9958002430e-04,1.6667370975e+00
316.100000,1.0006245104e-03,1.6888860807e+00
316.150000,9.9806686110e-04,1.5905787162e+00
316.200000,1.0001533762e-03,1.5738083829e+00
316.250000,1.0003493536e-03,1.7723635401e+00
316.300000,9.9957477903e-04,1.5457347158e+00
316.350000,1.0012203595e-03,1.6180048559e+00
316.400000,1.0004085324e-03,1.6222708651e+00
316.450000,9.9988206335e-04,1.5746563313e+00
316.500000,9.9780688635e-04,1.5116415707e+00
316.550000,1.0001199730e-03,1.5125546885e+00
316.600000,1.0005788484e-03,1.5101452641e+00
316.650000,1.0012539814e-03,1.5816712181e+00
316.700000,1.0002068532e-03,1.5803545805e+00
316.750000,9.9964109073e-04,1.6148767777e+00
316.800000,1.0011086070e-03,1.5905081123e+00
316.850000,1.0001575788e-03,1.6103361099e+00
316.900000,1.0000133115e-03,1.7095496672e+00
316.950000,1.0004146222e-03,1.5015267926e+00
317.000000,9.9946300711e-04,1.5034895288e+00
317.050000,9.9995981726e-04,1.4711423495e+00
317.100000,9.9884923498e-04,1.5616028828e+00
317.150000,9.9892033265e-04,1.5195581180e+00
317.200000,1.0000180727e-03,1.7479955769e+00
317.250000,1.0001837696e-03,1.7499192790e+00
317.300000,9.9959297788e-04,1.4884815128e+00
317.350000,1.0002996039e-03,1.6325497571e+00
317.400000,1.0018648251e-03,1.7069072974e+00
317.450000,9.9981175769e-04,1.4952813963e+00
317.500000,9.9914921465e-04,1.5152063735e+00
317.550000,1.0017479304e-03,1.7273621315e+00
317.600000,9.9926758168e-04,1.7131542713e+00
317.650000,1.0009747304e-03,1.6163947106e+00
317.700000,9.9820984928e-04,1.6237969317e+00
317.750000,1.0016321520e-03,1.5985029501e+00
317.800000,9.9953050820e-04,1.6392768422e+00
317.850000,1.0000907727e-03,1.4428419283e+00
317.900000,9.9812248049e-04,1.7319493169e+00
317.950000,9.9920497470e-04,1.4640622644e+00
318.000000,9.9931192230e-04,1.6608114972e+00
318.050000,9.9951316848e-04,1.6908097567e+00
318.100000,9.9956917864e-04,1.5935425820e+00
318.150000,9.9875711589e-04,1.5807296204e+00
318.200000,1.0001810139e-03,1.5476462709e+00
318.250000,1.0013191976e-03,1.5267478952e+00
318.300000,9.9891330056e-04,1.6235424034e+00
318.350000,9.9860623020e-04,1.4860254995e+00
318.400000,9.9907424079e-04,1.6746405787e+00
318.450000,1.0007325588e-03,1.3740249327e+00
318.500000,9.9969706078e-04,1.5236801111e+00
318.550000,1.0010410251e-03,1.6260533779e+00
318.600000,9.9964184186e-04,1.5093320896e+00
318.650000,1.0008535333e-03,1.5345978581e+00
318.700000,1.0015002206e-03,1.5223318265e+00
318.750000,1.0004170373e-03,1.4820526327e+00
318.800000,9.9948829288e-04,1.6334339866e+00
318.850000,1.0006145249e-03,1.5835806454e+00
318.900000,1.0003131661e-03,1.5961821499e+00
318.950000,9.9924991100e-04,1.5030894690e+00
319.000000,1.0006237391e-03,1.5450988452e+00
319.050000,9.9933712184e-04,1.5452646698e+00
319.100000,9.9975951649e-04,1.6172362359e+00
319.150000,1.0022658184e-03,1.7509546285e+00
319.200000,9.9965489208e-04,1.6717909743e+00
319.250000,9.9832667879e-04,1.5089821990e+00
319.300000,1.0008463944e-03,1.6394623088e+00
319.350000,1.0008754894e-03,1.5497987120e+00
319.400000,9.9761561486e-04,1.4740320990e+00
319.450000,1.0012079017e-03,1.7070226134e+00
319.500000,1.0014596412e-03,1.7139183095e+00
319.550000,9.9966873435e-04,1.6631921515e+00
319.600000,1.0015776963e-03,1.5838694273e+00
319.650000,9.9928343072e-04,1.5412728478e+00
319.700000,1.0021837186e-03,1.5489092146e+00
319.750000,9.9986437903e-04,1.5498075411e+00
319.800000,1.0001901875e-03,1.6469302800e+00
319.850000,9.9997073437e-04,1.6371819076e+00
319.900000,1.0011097221e-03,1.6284069266e+00
319.950000,9.9937566016e-04,1.6023052347e+00
320.000000,1.0006161732e-03,1.5720567354e+00
320.050000,9.9965305396e-04,1.5585050892e+00
320.100000,1.0007486965e-03,1.6631356158e+00
320.150000,9.9960607788e-04,1.5583418680e+00
320.200000,9.9911634431e-04,1.6638660912e+00
320.250000,9.9978551698e-04,1.5688306705e+00
320.300000,1.0001856300e-03,1.6470012573e+00
320.350000,1.0023532593e-03,1.7599395992e+00
320.400000,9.9989366625e-04,1.8076951062e+00
320.450000,1.0001808365e-03,1.7636662907e+00
320.500000,9.9873362970e-04,1.4468397991e+00
320.550000,9.9917104335e-04,1.6071189029e+00
320.600000,9.9798982802e-04,1.6706248322e+00
320.650000,9.9713863166e-04,1.5252239112e+00
320.700000,1.0001936684e-03,1.4943736019e+00
320.750000,9.9882287729e-04,1.5565165116e+00
320.800000,9.9999131057e-04,1.6255897882e+00
320.850000,9.9874682337e-04,1.5550680647e+00
320.900000,1.0019927447e-03,1.7190713328e+00
320.950000,9.9972154851e-04,1.4437442345e+00
321.000000,1.0007279452e-03,1.6935084231e+00
321.050000,1.0008243630e-03,1.4977470800e+00
321.100000,9.9996935126e-04,1.6225745134e+00
321.150000,9.9907748415e-04,1.4817782375e+00
321.200000,1.0010588130e-03,1.6434700214e+00
321.250000,9.9990838645e-04,1.6295016059e+00
321.300000,9.9911659579e-04,1.5659637712e+00
321.350000,9.9922654631e-04,1.6535293897e+00
321.400000,1.0006082901e-03,1.5623368378e+00
321.450000,1.0001093843e-03,1.5046055732e+00
321.500000,9.9878107169e-04,1.6040361910e+00
321.550000,9.9997958612e-04,1.4378665353e+00
321.600000,9.9963779355e-04,1.6383032808e+00
321.650000,9.9932655474e-04,1.5738011953e+00
321.700000,1.0005312342e-03,1.5694254560e+00
321.750000,9.9976067962e-04,1.5398749254e+00
321.800000,1.0003297030e-03,1.7754006072e+00
321.850000,9.9988289079e-04,1.6780474798e+00
321.900000,9.9882289882e-04,1.6336624617e+00
321.950000,9.9805745201e-04,1.5690765531e+00
322.000000,9.9927800074e-04,1.5852896257e+00
322.050000,1.0006902506e-03,1.7407894176e+00
322.100000,9.9933290027e-04,1.4944399780e+00
322.150000,9.9923796553e-04,1.6384525258e+00
322.200000,1.0010582306e-03,1.5721061701e+00
322.250000,1.0004913750e-03,1.5409321394e+00
322.300000,1.0008530864e-03,1.6557941980e+00
322.350000,1.0022399332e-03,1.6779667654e+00
322.400000,1.0005866798e-03,1.7350800052e+00
322.450000,9.9953785701e-04,1.6921146016e+00
322.500000,9.9875683696e-04,1.5609711904e+00
322.550000,1.0006603487e-03,1.6089031328e+00
322.600000,9.9968231664e-04,1.5980452180e+00
322.650000,1.0008045653e-03,1.6302784597e+00
322.700000,1.0000912567e-03,1.6963756189e+00
322.750000,9.9826692059e-04,1.5190415510e+00
322.800000,9.9815067334e-04,1.5637638271e+00
322.850000,1.0014075199e-03,1.6225929475e+00
322.900000,1.0008778074e-03,1.4667966619e+00
322.950000,1.0005359360e-03,1.7484683937e+00
323.000000,1.0005900731e-03,1.7371750690e+00
323.050000,9.9886412411e-04,1.5744054084e+00
323.100000,1.0002399465e-03,1.6801114629e+00
323.150000,9.9911045392e-04,1.6344977890e+00
323.200000,9.9987262688e-04,1.5691651260e+00
323.250000,9.9986649725e-04,1.4898129697e+00
323.300000,1.0014323795e-03,1.5199098342e+00
323.350000,9.9968330613e-04,1.6498581013e+00
323.400000,1.0008816936e-03,1.6651995048e+00
323.450000,9.9931447950e-04,1.6934574100e+00
323.500000,1.0002003210e-03,1.6633863065e+00
323.550000,9.9987187441e-04,1.6523015358e+00
323.600000,9.9818528472e-04,1.5785291209e+00
323.650000,9.9804678579e-04,1.5627517359e+00
323.700000,1.0005957911e-03,1.5017163227e+00
323.750000,9.9913500604e-04,1.5104557322e+00
323.800000,1.0004014061e-03,1.5225530593e+00
323.850000,1.0004280739e-03,1.7699752348e+00
323.900000,1.0005111486e-03,1.6475546377e+00
323.950000,9.9855474212e-04,1.6597914902e+00
324.000000,1.0018218768e-03,1.5858261493e+00
324.050000,1.0001520433e-03,1.6184541578e+00
324.100000,9.9935431537e-04,1.6950088642e+00
324.150000,9.9875360339e-04,1.6317639495e+00
324.200000,1.0009082327e-03,1.6248522646e+00
324.250000,9.9987006840e-04,1.5921263159e+00
324.300000,1.0013904311e-03,1.6704701171e+00
324.350000,1.0001362156e-03,1.6511719985e+00
324.400000,1.0003813867e-03,1.7316807870e+00
324.450000,1.0003071338e-03,1.5030062676e+00
324.500000,9.9889625606e-04,1.6306693269e+00
324.550000,1.0004236241e-03,1.6988718549e+00
324.600000,9.9999475711e-04,1.5934151993e+00
324.650000,1.0005358116e-03,1.5820295540e+00
324.700000,9.9966489232e-04,1.6294905288e+00
324.750000,1.0001042001e-03,1.7251063743e+00
324.800000,9.9940395293e-04,1.6906844964e+00
324.850000,9.9959317251e-04,1.6964663492e+00
324.900000,9.9977912001e-04,1.5855036222e+00
324.950000,9.9866871921e-04,1.5725777616e+00
325.000000,9.9918392196e-04,1.5479511003e+00
325.050000,1.0006762456e-03,1.5538579184e+00
325.100000,1.0010650690e-03,1.5196205529e+00
325.150000,9.9950303126e-04,1.6768518017e+00
325.200000,1.0002911434e-03,1.5601465832e+00
325.250000,1.0020038814e-03,1.6245747317e+00
325.300000,1.0007751542e-03,1.3906836007e+00
325.350000,9.9926549880e-04,1.7363682681e+00
325.400000,9.9992787747e-04,1.5352934987e+00
325.450000,1.0002535371e-03,1.4775884443e+00
325.500000,1.0001630849e-03,1.5336687578e+00
325.550000,1.0007981465e-03,1.4986380515e+00
325.600000,9.9940437803e-04,1.6857542096e+00
325.650000,1.0006078572e-03,1.6273103829e+00
325.700000,9.9924475913e-04,1.6104115694e+00
325.750000,9.9958019147e-04,1.5155499146e+00
325.800000,1.0003820881e-03,1.4725143295e+00
325.850000,1.0015804322e-03,1.6312055918e+00
325.900000,1.0009945543e-03,1.6876254390e+00
325.950000,9.9968467139e-04,1.5740877017e+00
326.000000,1.0000165800e-03,1.6098443452e+00
326.050000,1.0011642898e-03,1.6344869262e+00
326.100000,9.9904557088e-04,1.5298489912e+00
326.150000,9.9821236092e-04,1.6462505020e+00
326.200000,9.9979149325e-04,1.5720248517e+00
326.250000,1.0003761596e-03,1.5886476971e+00
326.300000,1.0020690716e-03,1.5522977468e+00
326.350000,9.9980882014e-04,1.6353150561e+00
326.400000,1.0008912330e-03,1.6550558864e+00
326.450000,9.9999954764e-04,1.6066451040e+00
326.500000,9.9820602820e-04,1.5750676891e+00
326.550000,9.9971865849e-04,1.4878348613e+00
326.600000,1.0017767226e-03,1.5583413855e+00
326.650000,9.9947975384e-04,1.5105978580e+00
326.700000,1.0002582616e-03,1.6799318408e+00
326.750000,1.0017394520e-03,1.4973363188e+00
326.800000,1.0001264027e-03,1.7308719572e+00
326.850000,1.0015677767e-03,1.6235207237e+00
326.900000,9.9965572676e-04,1.6272717794e+00
326.950000,1.0002117300e-03,1.6175503219e+00
327.000000,1.0000177566e-03,1.8533721523e+00
327.050000,9.9942344802e-04,1.5000829093e+00
327.100000,1.0002048472e-03,1.5812590956e+00
327.150000,9.9947941288e-04,1.5497283430e+00
327.200000,9.9892709807e-04,1.6021513015e+00
327.250000,1.0006259819e-03,1.6894596531e+00
327.300000,1.0003667139e-03,1.4790058506e+00
327.350000,1.0002614688e-03,1.5811481893e+00
327.400000,1.0003525049e-03,1.6759471201e+00
327.450000,1.0009717775e-03,1.6919973420e+00
327.500000,1.0010256127e-03,1.6998400262e+00
327.550000,1.0014884022e-03,1.5903157240e+00
327.600000,9.9981600215e-04,1.6885471032e+00
327.650000,1.0009592662e-03,1.6301095993e+00
327.700000,1.0001936086e-03,1.4975051872e+00
327.750000,9.9972046159e-04,1.6348504246e+00
327.800000,1.0009979663e-03,1.4671316434e+00
327.850000,1.0000261907e-03,1.6851980630e+00
327.900000,9.9988645817e-04,1.5904586275e+00
327.950000,1.0005169763e-03,1.5327069040e+00
328.000000,1.0000632140e-03,1.7680212000e+00
328.050000,9.9906960688e-04,1.5184061781e+00
328.100000,9.9917635892e-04,1.7080780654e+00
328.150000,1.0018311073e-03,1.7370984822e+00
328.200000,9.9878136705e-04,1.5135146534e+00
328.250000,9.9956552292e-04,1.6249293048e+00
328.300000,1.0011360924e-03,1.4823679310e+00
328.350000,9.9954048206e-04,1.6137712838e+00
328.400000,9.9913168507e-04,1.6384655106e+00
328.450000,1.0005595819e-03,1.6102498847e+00
328.500000,1.0011140459e-03,1.7049705558e+00
328.550000,9.9992359455e-04,1.5167924456e+00
328.600000,9.9929243853e-04,1.6158614251e+00
328.650000,1.0014411396e-03,1.6857635004e+00
328.700000,1.0006048931e-03,1.5656081664e+00
328.750000,9.9963255659e-04,1.4221912283e+00
328.800000,9.9920702068e-04,1.5549647958e+00
328.850000,1.0016768507e-03,1.4911959762e+00
328.900000,9.9990802564e-04,1.5665861874e+00
328.950000,1.0002552519e-03,1.6026373543e+00
329.000000,1.0015168327e-03,1.6456956307e+00
329.050000,9.9974718750e-04,1.6804213961e+00
329.100000,1.0005615388e-03,1.6132122549e+00
329.150000,1.0015707334e-03,1.5814871778e+00
329.200000,9.9826600274e-04,1.8449003174e+00
329.250000,9.9952874899e-04,1.5197043385e+00
329.300000,9.9902583294e-04,1.7376238691e+00
329.350000,1.0007378650e-03,1.6068299370e+00
329.400000,1.0005154095e-03,1.5418377078e+00
329.450000,1.0000427974e-03,1.6191957011e+00
329.500000,1.0012389833e-03,1.6531068923e+00
329.550000,1.0001411151e-03,1.8071205961e+00
329.600000,9.9807994688e-04,1.5589240953e+00
329.650000,1.0010655078e-03,1.5619012287e+00
329.700000,9.9878277298e-04,1.6177011365e+00
329.750000,9.9997536029e-04,1.6048751827e+00
329.800000,1.0010921983e-03,1.5646310648e+00
329.850000,1.0009127948e-03,1.7154910081e+00
329.900000,1.0002415551e-03,1.5770379427e+00
329.950000,1.0005556742e-03,1.3368126415e+00
330.000000,1.0026224435e-03,1.6176281580e+00
330.050000,9.9918428272e-04,1.4893082731e+00
330.100000,9.9941914025e-04,1.4470957410e+00
330.150000,9.9916651555e-04,1.6349095416e+00
330.200000,1.0003040733e-03,1.5714491718e+00
330.250000,1.0008463007e-03,1.4672326819e+00
330.300000,1.0016764736e-03,1.5185628334e+00
330.350000,1.0004996642e-03,1.6914670700e+00
330.400000,1.0005719665e-03,1.5389750750e+00
330.450000,9.9696563283e-04,1.6647626170e+00
330.500000,9.9884840810e-04,1.6592918773e+00
330.550000,9.9959269595e-04,1.5215450994e+00
330.600000,1.0018547250e-03,1.5081075225e+00
330.650000,9.9995344880e-04,1.5387496548e+00
330.700000,9.9969142321e-04,1.6484751268e+00
330.750000,9.9947397940e-04,1.7194892080e+00
330.800000,1.0008430269e-03,1.6765087706e+00
330.850000,1.0010165714e-03,1.6317901232e+00
330.900000,9.9921217435e-04,1.5838769811e+00
330.950000,1.0005565651e-03,1.7045281652e+00
331.000000,1.0002365494e-03,1.6013482728e+00
331.050000,9.9979198008e-04,1.5731381542e+00
331.100000,9.9863970951e-04,1.6975493959e+00
331.150000,1.0016571231e-03,1.5224645878e+00
331.200000,1.0001613032e-03,1.5715094194e+00
331.250000,1.0005596073e-03,1.6101834046e+00
331.300000,1.0016318497e-03,1.5489355491e+00
331.350000,1.0001114304e-03,1.4728769694e+00
331.400000,9.9970836723e-04,1.6424291889e+00
331.450000,9.9927626193e-04,1.5804152365e+00
331.500000,9.9976656230e-04,1.4479638176e+00
331.550000,1.0000031013e-03,1.6427676783e+00
331.600000,1.0003003860e-03,1.6671864110e+00
331.650000,9.9825730022e-04,1.5392577941e+00
331.700000,1.0000285448e-03,1.6668839144e+00
331.750000,1.0008982520e-03,1.6369170384e+00
331.800000,9.9858943196e-04,1.5138264937e+00
331.850000,9.9894579534e-04,1.5167794066e+00
331.900000,1.0007024236e-03,1.5408200911e+00
331.950000,1.0018790346e-03,1.7659283222e+00
332.000000,9.9979278941e-04,1.5262019973e+00
332.050000,1.0014346561e-03,1.5902033382e+00
332.100000,1.0019991630e-03,1.5726533847e+00
332.150000,1.0013778523e-03,1.6339326493e+00
332.200000,1.0003066013e-03,1.4831804137e+00
332.250000,1.0009138344e-03,1.5104595067e+00
332.300000,9.9959482341e-04,1.4936013991e+00
332.350000,9.9941743954e-04,1.5279783309e+00
332.400000,1.0009906965e-03,1.6469847829e+00
332.450000,9.9896648231e-04,1.6999091487e+00
332.500000,9.9971211749e-04,1.6471148189e+00
332.550000,9.9848180385e-04,1.5220754801e+00
332.600000,9.9830251360e-04,1.6600114210e+00
332.650000,9.9906122096e-04,1.7617965392e+00
332.700000,1.0001014661e-03,1.5313555041e+00
332.750000,9.9842732565e-04,1.5660226512e+00
332.800000,1.0007855044e-03,1.5236642628e+00
332.850000,1.0010973977e-03,1.6691098563e+00
332.900000,9.9848493922e-04,1.5701009352e+00
332.950000,9.9798500242e-04,1.6260426031e+00
333.000000,1.0020404420e-03,1.4712165599e+00
333.050000,1.0017472140e-03,1.6379675996e+00
333.100000,1.0022252778e-03,1.6132929033e+00
333.150000,1.0003125118e-03,1.5922365273e+00
333.200000,9.9888343551e-04,1.5114316510e+00
333.250000,1.0010947377e-03,1.6393698131e+00
333.300000,9.9999148008e-04,1.5809903181e+00
333.350000,1.0002096712e-03,1.7926914219e+00
333.400000,9.9835349941e-04,1.6715135880e+00
333.450000,1.0000917998e-03,1.6536893751e+00
333.500000,1.0002016668e-03,1.5920736899e+00
333.550000,9.9917712605e-04,1.6915843780e+00
333.600000,9.9950621154e-04,1.6168641862e+00
333.650000,9.9973407620e-04,1.5220002490e+00
333.700000,9.9831817216e-04,1.4920626779e+00
333.750000,1.0011674108e-03,1.7496598243e+00
333.800000,9.9925154294e-04,1.4954541659e+00
333.850000,1.0010808243e-03,1.5341805078e+00
333.900000,9.9918271398e-04,1.6210823600e+00
333.950000,9.9977342131e-04,1.6378703612e+00
334.000000,1.0016016832e-03,1.7346091561e+00
334.050000,1.0013032263e-03,1.5932989049e+00
334.100000,1.0014411380e-03,1.6050325741e+00
334.150000,1.0008860022e-03,1.7521622315e+00
334.200000,1.0006071147e-03,1.5726661215e+00
334.250000,9.9875594182e-04,1.6493180138e+00
334.300000,1.0011241297e-03,1.4968282644e+00
334.350000,1.0004591147e-03,1.4950820249e+00
334.400000,1.0025094167e-03,1.4311059275e+00
334.450000,9.9860530943e-04,1.5990547872e+00
334.500000,9.9810680772e-04,1.6482388572e+00
334.550000,9.9869225467e-04,1.6219683402e+00
334.600000,1.0014742809e-03,1.7119971380e+00
334.650000,1.0001781661e-03,1.5721608509e+00
334.700000,1.0003418073e-03,1.6134096400e+00
334.750000,1.0004927750e-03,1.6374958150e+00
334.800000,9.9965850658e-04,1.7179452352e+00
334.850000,9.9828248553e-04,1.5916223207e+00
334.900000,9.9914515734e-04,1.6609394362e+00
334.950000,9.9984841747e-04,1.5403006759e+00
335.000000,9.9947706946e-04,1.7371466175e+00
335.050000,9.9962384740e-04,1.7985699798e+00
335.100000,9.9951411422e-04,1.5137334267e+00
335.150000,9.9980683823e-04,1.5982226251e+00
335.200000,1.0008785387e-03,1.6004877619e+00
335.250000,1.0018925228e-03,1.6094806808e+00
335.300000,1.0014340782e-03,1.5851768991e+00
335.350000,1.0012182815e-03,1.5509936499e+00
335.400000,1.0001791292e-03,1.5556809861e+00
335.450000,1.0004070150e-03,1.5779522230e+00
335.500000,9.9840180316e-04,1.8028568961e+00
335.550000,1.0002208073e-03,1.5331333824e+00
335.600000,1.0010541068e-03,1.6713236432e+00
335.650000,1.0000454916e-03,1.6606647605e+00
335.700000,9.9994743442e-04,1.6922449927e+00
335.750000,1.0004718021e-03,1.5557937239e+00
335.800000,1.0002368256e-03,1.4642251898e+00
335.850000,9.9947181734e-04,1.6068823163e+00
335.900000,1.0009838633e-03,1.6366056845e+00
335.950000,9.9875717730e-04,1.5061084644e+00
336.000000,9.9976095395e-04,1.6812407712e+00
336.050000,1.0002345061e-03,1.6348537748e+00
336.100000,1.0003614257e-03,1.4832912898e+00
336.150000,9.9864555261e-04,1.5537180337e+00
336.200000,9.9749005307e-04,1.7133837884e+00
336.250000,9.9878407382e-04,1.5689956314e+00
336.300000,9.9900682067e-04,1.6231875884e+00
336.350000,1.0025542320e-03,1.5319126036e+00
336.400000,9.9909545519e-04,1.5020692753e+00
336.450000,9.9936275233e-04,1.6916237017e+00
336.500000,9.9917167987e-04,1.4861824443e+00
336.550000,1.0011553819e-03,1.4783954111e+00
336.600000,1.0009893709e-03,1.7426978463e+00
336.650000,9.9989614277e-04,1.6318427830e+00
336.700000,9.9943662785e-04,1.6619350426e+00
336.750000,9.9966991926e-04,1.6557652688e+00
336.800000,9.9954188733e-04,1.7397290690e+00
336.850000,1.0011955747e-03,1.6225147678e+00
336.900000,1.0005876451e-03,1.6817126607e+00
336.950000,9.9936501052e-04,1.6271140362e+00
337.000000,9.9938602810e-04,1.4751107159e+00
337.050000,1.0003478771e-03,1.4844232583e+00
337.100000,9.9936247332e-04,1.5625231592e+00
337.150000,9.9950026539e-04,1.7390259226e+00
337.200000,9.9923994072e-04,1.5230853403e+00
337.250000,1.0004398772e-03,1.6880660650e+00
337.300000,9.9927909371e-04,1.4754669262e+00
337.350000,9.9903917399e-04,1.5573030169e+00
337.400000,9.9995092928e-04,1.6070983944e+00
337.450000,9.9928061776e-04,1.7145667746e+00
337.500000,1.0014616235e-03,1.5119349762e+00
337.550000,1.0001670574e-03,1.7508949258e+00
337.600000,9.9911425698e-04,1.6041976045e+00
337.650000,1.0012467265e-03,1.6222920483e+00
337.700000,1.0023635878e-03,1.6045968359e+00
337.750000,9.9995034686e-04,1.5864057880e+00
337.800000,1.0007311059e-03,1.5452809090e+00
337.850000,9.9919483100e-04,1.6004763656e+00
337.900000,1.0003078585e-03,1.4625995026e+00
337.950000,9.9935846626e-04,1.4237862423e+00
338.000000,9.9980506426e-04,1.4564452680e+00
338.050000,1.0005405591e-03,1.5690342938e+00
338.100000,1.0003756582e-03,1.6399928281e+00
338.150000,1.0001247076e-03,1.5558554232e+00
338.200000,1.0006174554e-03,1.6622639307e+00
338.250000,9.9852249005e-04,1.4417514583e+00
338.300000,9.9823324868e-04,1.4779957481e+00
338.350000,1.0007885230e-03,1.5818689727e+00
338.400000,9.9957591057e-04,1.5941013003e+00
338.450000,9.9912166378e-04,1.6429431026e+00
338.500000,1.0008916157e-03,1.6638995789e+00
338.550000,1.0011523673e-03,1.6534590725e+00
338.600000,9.9962314372e-04,1.5287346355e+00
338.650000,9.9970307150e-04,1.6065063957e+00
338.700000,1.0000947168e-03,1.7562504042e+00
338.750000,9.9939322245e-04,1.4824071492e+00
338.800000,1.0014160161e-03,1.4062846738e+00
338.850000,1.0021929002e-03,1.5091250141e+00
338.900000,9.9918764659e-04,1.5932935712e+00
338.950000,9.9919953142e-04,1.6653873561e+00
339.000000,1.0011825895e-03,1.6829179605e+00
339.050000,1.0013321647e-03,1.6070828709e+00
339.100000,9.9973345717e-04,1.6811164814e+00
339.150000,9.9845326973e-04,1.5998207014e+00
339.200000,9.9827035043e-04,1.4926449726e+00
339.250000,1.0002834861e-03,1.5736098994e+00
339.300000,1.0002810735e-03,1.6156565843e+00
339.350000,9.9993225074e-04,1.5928286058e+00
339.400000,1.0021960637e-03,1.7595010281e+00
339.450000,1.0015928040e-03,1.6768071444e+00
339.500000,1.0001514349e-03,1.5934343710e+00
339.550000,1.0010580772e-03,1.5707578987e+00
339.600000,9.9959108184e-04,1.5851000369e+00
339.650000,9.9988769537e-04,1.5646226228e+00
339.700000,9.9967709431e-04,1.4520085370e+00
339.750000,1.0015818635e-03,1.5331528314e+00
339.800000,9.9875745691e-04,1.6290810045e+00
339.850000,1.0000721782e-03,1.5806245732e+00
339.900000,1.0017051872e-03,1.5486958264e+00
339.950000,9.9935924415e-04,1.7245882280e+00
340.000000,1.0003943986e-03,1.7001602945e+00
340.050000,9.9755559364e-04,1.7318818200e+00
340.100000,1.0010200153e-03,1.5385753264e+00
340.150000,9.9954209891e-04,1.6535357680e+00
340.200000,1.0007773906e-03,1.7568174952e+00
340.250000,9.9927204333e-04,1.7417971631e+00
340.300000,1.0008314095e-03,1.5748289381e+00
340.350000,9.9925939495e-04,1.7516123631e+00
340.400000,9.9975215660e-04,1.4663913695e+00
340.450000,1.0001641449e-03,1.5093052977e+00
340.500000,1.0010677683e-03,1.6454116821e+00
340.550000,1.0029712983e-03,1.5184512117e+00
340.600000,1.0002385954e-03,1.5751949245e+00
340.650000,9.9814575351e-04,1.6368591363e+00
340.700000,9.9929344202e-04,1.4350739518e+00
340.750000,1.0004912855e-03,1.6797533969e+00
340.800000,9.9900703492e-04,1.5631730898e+00
340.850000,9.9882746574e-04,1.5037775144e+00
340.900000,1.0005370413e-03,1.6427568678e+00
340.950000,1.0015525504e-03,1.6436365346e+00
341.000000,1.0017777122e-03,1.4536317185e+00
341.050000,1.0001428894e-03,1.6098048308e+00
341.100000,9.9999340301e-04,1.5749874115e+00
341.150000,1.0015616844e-03,1.6622658935e+00
341.200000,9.9940782862e-04,1.5189143393e+00
341.250000,9.9989280332e-04,1.6622214940e+00
341.300000,1.0006874401e-03,1.6187765117e+00
341.350000,1.0012298113e-03,1.5348001384e+00
341.400000,1.0005983945e-03,1.7494075820e+00
341.450000,1.0004430638e-03,1.5440863468e+00
341.500000,9.9905178778e-04,1.4611011425e+00
341.550000,1.0011214602e-03,1.5938689761e+00
341.600000,1.0010076736e-03,1.6731119457e+00
341.650000,1.0002344923e-03,1.6080302546e+00
341.700000,1.0015526010e-03,1.5611593147e+00
341.750000,1.0002819431e-03,1.5377901087e+00
341.800000,9.9843915818e-04,1.5498062598e+00
341.850000,9.9936539390e-04,1.4887265230e+00
341.900000,9.9885154425e-04,1.7321993502e+00
341.950000,1.0012486220e-03,1.6751224362e+00
342.000000,1.0003444816e-03,1.6960334893e+00
342.050000,1.0011917410e-03,1.4489306599e+00
342.100000,1.0003620064e-03,1.5969120444e+00
342.150000,1.0010811891e-03,1.6892530673e+00
342.200000,1.0000274825e-03,1.5450533271e+00
342.250000,1.0001025287e-03,1.6663026386e+00
342.300000,9.9981949529e-04,1.5184019573e+00
342.350000,1.0006927085e-03,1.4878411066e+00
342.400000,1.0001002907e-03,1.6183201322e+00
342.450000,1.0012878122e-03,1.6266747712e+00
342.500000,1.0010994079e-03,1.6231760182e+00
342.550000,9.9841866751e-04,1.5311142257e+00
342.600000,1.0005389806e-03,1.7746343320e+00
342.650000,1.0001517938e-03,1.5099495503e+00
342.700000,9.9972466576e-04,1.6746928870e+00
342.750000,9.9917902256e-04,1.5311220917e+00
342.800000,9.9906667409e-04,1.7582440557e+00
342.850000,9.9993355475e-04,1.5794843701e+00
342.900000,9.9887831964e-04,1.4557802281e+00
342.950000,9.9988588778e-04,1.6111753737e+00
343.000000,1.0000736291e-03,1.7118097772e+00
343.050000,1.0015443789e-03,1.6895646550e+00
343.100000,1.0004741689e-03,1.5760698878e+00
343.150000,1.0008639057e-03,1.6872994604e+00
343.200000,1.0000049642e-03,1.7353521994e+00
343.250000,1.0020915014e-03,1.5913992399e+00
343.300000,1.0008995085e-03,1.7317881459e+00
343.350000,9.9856137897e-04,1.6475040494e+00
343.400000,9.9978768828e-04,1.5291888947e+00
343.450000,1.0001582849e-03,1.6640719488e+00
343.500000,1.0004924751e-03,1.6308885075e+00
343.550000,1.0004723249e-03,1.5215473264e+00
343.600000,1.0022058237e-03,1.4965290673e+00
343.650000,1.0005207333e-03,1.6160302245e+00
343.700000,1.0004905815e-03,1.6537168228e+00
343.750000,1.0001697048e-03,1.5591314695e+00
343.800000,1.0001884505e-03,1.4921136196e+00
343.850000,1.0005581322e-03,1.5176651514e+00
343.900000,1.0001834186e-03,1.4733265059e+00
343.950000,1.0006648515e-03,1.6430791413e+00
344.000000,1.0005903387e-03,1.5647356389e+00
344.050000,9.9857759080e-04,1.5659495738e+00
344.100000,1.0011745058e-03,1.6441149255e+00
344.150000,9.9985341450e-04,1.4238786519e+00
344.200000,1.0005460940e-03,1.6846281630e+00
344.250000,1.0005729519e-03,1.5580183907e+00
344.300000,1.0003510719e-03,1.5909888555e+00
344.350000,1.0005252502e-03,1.6049729145e+00
344.400000,9.9974665852e-04,1.6185817708e+00
344.450000,9.9954780754e-04,1.5651513125e+00
344.500000,1.0009938376e-03,1.5866269567e+00
344.550000,1.0000562809e-03,1.5259718765e+00
344.600000,1.0015622449e-03,1.6179503204e+00
344.650000,9.9959956646e-04,1.4349154675e+00
344.700000,1.0005159315e-03,1.5338831660e+00
344.750000,9.9942325587e-04,1.5998533688e+00
344.800000,1.0009898570e-03,1.6676148895e+00
344.850000,1.0008409969e-03,1.5853287875e+00
344.900000,1.0002665019e-03,1.5699144071e+00
344.950000,9.9935042875e-04,1.6605038810e+00
345.000000,9.9901923987e-04,1.7306732498e+00
345.050000,1.0008604642e-03,1.5469905144e+00
345.100000,1.0019921338e-03,1.6765580450e+00
345.150000,1.0007557430e-03,1.5520098718e+00
345.200000,9.9887336545e-04,1.6603750905e+00
345.250000,1.0001520258e-03,1.4800445057e+00
345.300000,1.0006884275e-03,1.5481966586e+00
345.350000,1.0010846634e-03,1.6403891671e+00
345.400000,9.9815174486e-04,1.6224085508e+00
345.450000,1.0004569020e-03,1.6819512174e+00
345.500000,1.0019793387e-03,1.5606692843e+00
345.550000,9.9886673398e-04,1.7080090643e+00
345.600000,9.9942935069e-04,1.5008138567e+00
345.650000,1.0003046429e-03,1.6829058021e+00
345.700000,1.0005435252e-03,1.6338179591e+00
345.750000,9.9947446541e-04,1.6446264056e+00
345.800000,9.9906371812e-04,1.4915683542e+00
345.850000,9.9773732482e-04,1.6388340430e+00
345.900000,9.9846672024e-04,1.6860401388e+00
345.950000,1.0005161196e-03,1.7358847947e+00
346.000000,9.9849611070e-04,1.5253605363e+00
346.050000,9.9898435856e-04,1.6084550171e+00
346.100000,1.0002041249e-03,1.7291183128e+00
346.150000,9.9993438756e-04,1.3346033306e+00
346.200000,1.0007118708e-03,1.5942810119e+00
346.250000,9.9896759247e-04,1.6110667547e+00
346.300000,1.0018200234e-03,1.7660719397e+00
346.350000,1.0014124806e-03,1.4775817020e+00
346.400000,9.9911354061e-04,1.5848903322e+00
346.450000,9.9888566426e-04,1.6733440658e+00
346.500000,9.9954261665e-04,1.6543111852e+00
346.550000,9.9963400057e-04,1.7099019920e+00
346.600000,1.0003423593e-03,1.5963121991e+00
346.650000,9.9899066041e-04,1.4886994434e+00
346.700000,9.9988627988e-04,1.7026197908e+00
346.750000,1.0012303037e-03,1.7370890679e+00
346.800000,1.0014472947e-03,1.6524534089e+00
346.850000,1.0004587472e-03,1.6008055809e+00
346.900000,1.0019295011e-03,1.5651188702e+00
346.950000,1.0006603524e-03,1.5615706847e+00
347.000000,9.9775432408e-04,1.6371363142e+00
347.050000,9.9967202941e-04,1.4804310784e+00
347.100000,1.0002216666e-03,1.6032987663e+00
347.150000,9.9913849772e-04,1.5845521121e+00
347.200000,9.9951954892e-04,1.5451296922e+00
347.250000,9.9956876476e-04,1.5597579174e+00
347.300000,1.0009236725e-03,1.6985667993e+00
347.350000,1.0003608890e-03,1.7825966863e+00
347.400000,9.9896599017e-04,1.5800566529e+00
347.450000,9.9956238375e-04,1.6422384742e+00
347.500000,1.0010353779e-03,1.7521727347e+00
347.550000,1.0007231110e-03,1.4347415877e+00
347.600000,1.0001914181e-03,1.6129564937e+00
347.650000,1.0003367378e-03,1.5755282469e+00
347.700000,9.9985876701e-04,1.5882079924e+00
347.750000,9.9822782965e-04,1.5511001761e+00
347.800000,9.9913913544e-04,1.5970314155e+00
347.850000,1.0030898071e-03,1.6078587075e+00
347.900000,1.0007183237e-03,1.6435702037e+00
347.950000,1.0003277746e-03,1.5027251213e+00
348.000000,9.9835540628e-04,1.5755649287e+00
348.050000,1.0007034851e-03,1.6166896435e+00
348.100000,9.9914792736e-04,1.4484518541e+00
348.150000,9.9998516730e-04,1.6538991361e+00
348.200000,1.0003381958e-03,1.4997113420e+00
348.250000,1.0018820240e-03,1.6833112838e+00
348.300000,1.0003708128e-03,1.5017053837e+00
348.350000,1.0004349437e-03,1.5523062540e+00
348.400000,9.9936125032e-04,1.7748175228e+00
348.450000,1.0008783873e-03,1.5988791559e+00
348.500000,1.0000396832e-03,1.7144345396e+00
348.550000,9.9862900964e-04,1.5391494762e+00
348.600000,9.9993842009e-04,1.6172227687e+00
348.650000,9.9840472419e-04,1.5877745388e+00
348.700000,1.0006764537e-03,1.7433511203e+00
348.750000,9.9894954157e-04,1.6537242485e+00
348.800000,1.0000730148e-03,1.6328498102e+00
348.850000,9.9868626591e-04,1.5548780412e+00
348.900000,1.0001299291e-03,1.7379702250e+00
348.950000,9.9949422917e-04,1.5746615485e+00
349.000000,9.9960630205e-04,1.6041840816e+00
349.050000,9.9935903791e-04,1.6127207751e+00
349.100000,9.9931389088e-04,1.6394884068e+00
349.150000,1.0013065906e-03,1.6294269448e+00
349.200000,9.9996900638e-04,1.6035072908e+00
349.250000,9.9961665339e-04,1.5179829861e+00
349.300000,9.9822493834e-04,1.5448226438e+00
349.350000,1.0005374649e-03,1.5852563145e+00
349.400000,9.9945041214e-04,1.5513899671e+00
349.450000,1.0015769159e-03,1.5843602380e+00
349.500000,9.9977181129e-04,1.6932494358e+00
349.550000,1.0002778395e-03,1.7523207491e+00
349.600000,9.9907578452e-04,1.5490749212e+00
349.650000,1.0004249839e-03,1.4856580260e+00
349.700000,9.9964966601e-04,1.5499734917e+00
349.750000,9.9991329967e-04,1.5995509084e+00
349.800000,9.9946730222e-04,1.6728479838e+00
349.850000,9.9917658419e-04,1.5552453765e+00
349.900000,9.9871917055e-04,1.5938226192e+00
349.950000,1.0003648681e-03,1.5601784951e+00
350.000000,9.9890304388e-04,1.6395878935e+00
350.050000,9.9982419109e-04,1.5507684045e+00
350.100000,9.9986847652e-04,1.5339980887e+00
350.150000,1.0002378446e-03,1.5787781356e+00
350.200000,1.0011731706e-03,1.7093338775e+00
350.250000,1.0019121790e-03,1.5611175884e+00
350.300000,1.0006769262e-03,1.5785501800e+00
350.350000,1.0009973942e-03,1.5989625889e+00
350.400000,9.9940679484e-04,1.7006545904e+00
350.450000,9.9867331710e-04,1.5906053632e+00
350.500000,9.9897655638e-04,1.6210954745e+00
350.550000,9.9999842175e-04,1.6544495198e+00
350.600000,9.9987811850e-04,1.6613819155e+00
350.650000,1.0002016942e-03,1.5086352431e+00
350.700000,1.0008264645e-03,1.5918812721e+00
350.750000,1.0001148189e-03,1.6605609921e+00
350.800000,9.9897043842e-04,1.5413878245e+00
350.850000,1.0002517006e-03,1.6603621626e+00
350.900000,1.0022922729e-03,1.5949233607e+00
350.950000,9.9876660908e-04,1.6517147806e+00
351.000000,1.0000281466e-03,1.6053310247e+00
351.050000,1.0003902279e-03,1.5806863444e+00
351.100000,1.0001926681e-03,1.6284400103e+00
351.150000,1.0009194234e-03,1.6162577989e+00
351.200000,1.0012822666e-03,1.5568604694e+00
351.250000,1.0020258352e-03,1.6230771588e+00
351.300000,1.0002137212e-03,1.5425822711e+00
351.350000,9.9950864358e-04,1.5872683449e+00
351.400000,1.0006890088e-03,1.5115530095e+00
351.450000,9.9965823850e-04,1.5738037925e+00
351.500000,1.0015869006e-03,1.7467042063e+00
351.550000,9.9778395302e-04,1.5361036191e+00
351.600000,9.9943311602e-04,1.6385473551e+00
351.650000,1.0017816774e-03,1.5033311839e+00
351.700000,1.0002246524e-03,1.6058480192e+00
351.750000,1.0027972093e-03,1.5877738648e+00
351.800000,1.0006976089e-03,1.4748912330e+00
351.850000,9.9939022896e-04,1.7826855203e+00
351.900000,9.9971259887e-04,1.5679586781e+00
351.950000,9.9871106057e-04,1.6437181457e+00
352.000000,9.9904383754e-04,1.6157162212e+00
352.050000,9.9981186405e-04,1.5562458945e+00
352.100000,1.0008621219e-03,1.6062437236e+00
352.150000,9.9972816334e-04,1.5323173831e+00
352.200000,9.9993252446e-04,1.6859429097e+00
352.250000,9.9870337501e-04,1.7120573978e+00
352.300000,1.0008778604e-03,1.6404421484e+00
352.350000,1.0011964503e-03,1.5369913001e+00
352.400000,1.0018333721e-03,1.6841185868e+00
352.450000,1.0001323491e-03,1.5044732377e+00
352.500000,1.0007681393e-03,1.6240118396e+00
352.550000,9.9864848119e-04,1.6612944985e+00
352.600000,1.0000239457e-03,1.5664547638e+00
352.650000,1.0007510803e-03,1.4574577453e+00
352.700000,1.0000532768e-03,1.5510671861e+00
352.750000,1.0003260637e-03,1.6514757002e+00
352.800000,9.9994399685e-04,1.6352494434e+00
352.850000,9.9919533499e-04,1.5690414234e+00
352.900000,1.0015070165e-03,1.6429428966e+00
352.950000,9.9953806413e-04,1.7472927089e+00
353.000000,9.9965229180e-04,1.7439049442e+00
353.050000,9.9995069653e-04,1.6089141816e+00
353.100000,1.0001031258e-03,1.5679332010e+00
353.150000,9.9950823698e-04,1.5400348142e+00
353.200000,1.0005416826e-03,1.5659691663e+00
353.250000,1.0005554406e-03,1.6029569328e+00
353.300000,9.9866130927e-04,1.5182056437e+00
353.350000,9.9967198746e-04,1.6774924277e+00
353.400000,9.9968891185e-04,1.6461755786e+00
353.450000,1.0012734199e-03,1.7449990570e+00
353.500000,1.0002835760e-03,1.5383897989e+00
353.550000,9.9881004259e-04,1.6320033016e+00
353.600000,1.0017858465e-03,1.5312020221e+00
353.650000,1.0005328263e-03,1.5547128834e+00
353.700000,9.9854346835e-04,1.4711280760e+00
353.750000,9.9891841874e-04,1.5723681841e+00
353.800000,1.0010213436e-03,1.5603082923e+00
353.850000,9.9882349856e-04,1.5888134035e+00
353.900000,1.0005453899e-03,1.5501713541e+00
353.950000,9.9973036590e-04,1.5271500888e+00
354.000000,1.0000064292e-03,1.5174860794e+00
354.050000,1.0007155081e-03,1.5658977899e+00
354.100000,9.9899909685e-04,1.6239173791e+00
354.150000,1.0005651945e-03,1.6805637481e+00
354.200000,9.9936540942e-04,1.6522142823e+00
354.250000,9.9888545875e-04,1.6873038273e+00
354.300000,9.9857779017e-04,1.7140618282e+00
354.350000,9.9760329370e-04,1.5345405287e+00
354.400000,9.9851751841e-04,1.6772540360e+00
354.450000,9.9829545317e-04,1.5148947107e+00
354.500000,9.9929925264e-04,1.6760176652e+00
354.550000,1.0006081940e-03,1.7103009509e+00
354.600000,1.0000984406e-03,1.4851535882e+00
354.650000,1.0008083678e-03,1.7586265048e+00
354.700000,1.0000629453e-03,1.6170096772e+00
354.750000,1.0003884383e-03,1.6280915464e+00
354.800000,9.9975175129e-04,1.5994789605e+00
354.850000,1.0002117407e-03,1.5191947878e+00
354.900000,1.0001393964e-03,1.6351837112e+00
354.950000,1.0002205124e-03,1.6117766898e+00
355.000000,1.0007417160e-03,1.6402522725e+00
355.050000,1.0006748966e-03,1.5442165540e+00
355.100000,9.9957819415e-04,1.6124628144e+00
355.150000,1.0008569125e-03,1.5482818555e+00
355.200000,1.0009845973e-03,1.5122112395e+00
355.250000,9.9913194832e-04,1.6487210453e+00
355.300000,9.9877806632e-04,1.6516030571e+00
355.350000,1.0014685639e-03,1.6050931114e+00
355.400000,1.0006775587e-03,1.6515258598e+00
355.450000,9.9984486496e-04,1.5643031508e+00
355.500000,9.9985159517e-04,1.7365100364e+00
355.550000,9.9873844247e-04,1.5855283162e+00
355.600000,1.0003633633e-03,1.6035955652e+00
355.650000,9.9947737783e-04,1.4846862327e+00
355.700000,9.9983937617e-04,1.5947325203e+00
355.750000,9.9941324260e-04,1.4270879658e+00
355.800000,9.9907105600e-04,1.6496574896e+00
355.850000,1.0001599887e-03,1.4575675687e+00
355.900000,9.9931704447e-04,1.5926384734e+00
355.950000,1.0004974276e-03,1.4737856526e+00
356.000000,1.0003503331e-03,1.6463304233e+00
356.050000,9.9844178016e-04,1.6935289544e+00
356.100000,9.9979376283e-04,1.6538028988e+00
356.150000,1.0001524064e-03,1.5861101666e+00
356.200000,9.9918959143e-04,1.5648950469e+00
356.250000,9.9951569431e-04,1.6772198945e+00
356.300000,9.9867029048e-04,1.4646716366e+00
356.350000,1.0012568048e-03,1.5818836616e+00
356.400000,9.9932965333e-04,1.5982723117e+00
356.450000,9.9943246314e-04,1.5088653908e+00
356.500000,9.9909387558e-04,1.5614327298e+00
356.550000,1.0007930111e-03,1.7327504739e+00
356.600000,1.0017823321e-03,1.7375226745e+00
356.650000,9.9771670313e-04,1.6288105443e+00
356.700000,9.9997724781e-04,1.5830209047e+00
356.750000,9.9946100144e-04,1.4064642297e+00
356.800000,1.0009757147e-03,1.4824128363e+00
356.850000,1.0012814161e-03,1.5166319513e+00
356.900000,9.9704056713e-04,1.7741847464e+00
356.950000,1.0006969621e-03,1.6151887793e+00
357.000000,9.9953520962e-04,1.5933342827e+00
357.050000,1.0007844424e-03,1.6387952439e+00
357.100000,1.0011396508e-03,1.5759883737e+00
357.150000,1.0008184355e-03,1.6230271176e+00
357.200000,9.9918796759e-04,1.6601203771e+00
357.250000,1.0001300097e-03,1.6113786089e+00
357.300000,9.9848859892e-04,1.6829674436e+00
357.350000,9.9929160293e-04,1.5959125734e+00
357.400000,9.9894736166e-04,1.5887434520e+00
357.450000,9.9911551005e-04,1.4804451573e+00
357.500000,9.9759477301e-04,1.5429479585e+00
357.550000,9.9976196178e-04,1.4322606844e+00
357.600000,1.0008624245e-03,1.5142336288e+00
357.650000,1.0003598465e-03,1.5681836151e+00
357.700000,9.9808308600e-04,1.5446951864e+00
357.750000,1.0011194408e-03,1.5223029753e+00
357.800000,9.9904707332e-04,1.5531079396e+00
357.850000,1.0003408553e-03,1.6890760886e+00
357.900000,9.9955679777e-04,1.7058143496e+00
357.950000,1.0016772160e-03,1.7030101875e+00
358.000000,1.0005596834e-03,1.7252961326e+00
358.050000,1.0005458364e-03,1.5090960357e+00
358.100000,1.0002647160e-03,1.6415572876e+00
358.150000,9.9835729769e-04,1.5537157609e+00
358.200000,9.9993449195e-04,1.4815374393e+00
358.250000,9.9893639072e-04,1.7277998440e+00
358.300000,9.9977850434e-04,1.4683195988e+00
358.350000,9.9803164415e-04,1.6174209176e+00
358.400000,1.0004329849e-03,1.7017933373e+00
358.450000,9.9957548519e-04,1.5680225133e+00
358.500000,9.9895058615e-04,1.6927267957e+00
358.550000,1.0006076456e-03,1.5896753354e+00
358.600000,1.0006465347e-03,1.7565619129e+00
358.650000,9.9986948815e-04,1.5815874521e+00
358.700000,9.9995106445e-04,1.5710758529e+00
358.750000,1.0000640081e-03,1.5913559924e+00
358.800000,9.9863841531e-04,1.6906463178e+00
358.850000,9.9984954259e-04,1.5828184709e+00
358.900000,1.0009937433e-03,1.5634134209e+00
358.950000,9.9931860483e-04,1.7223202233e+00
359.000000,1.0008184517e-03,1.4265060908e+00
359.050000,1.0015458064e-03,1.5979544147e+00
359.100000,1.0004463510e-03,1.5535594728e+00
359.150000,9.9966390220e-04,1.4305508669e+00
359.200000,1.0008841188e-03,1.5748158732e+00
359.250000,9.9797803510e-04,1.6685289006e+00
359.300000,1.0000727341e-03,1.6187583593e+00
359.350000,1.0013458845e-03,1.6897143712e+00
359.400000,9.9990025327e-04,1.7953255313e+00
359.450000,1.0014291037e-03,1.5295484913e+00
359.500000,9.9959898708e-04,1.6262196642e+00
359.550000,1.0001774294e-03,1.5808908625e+00
359.600000,9.9949269667e-04,1.5356403389e+00
359.650000,9.9936995697e-04,1.5724735358e+00
359.700000,9.9918184527e-04,1.5184692034e+00
359.750000,1.0007072044e-03,1.7208439919e+00
359.800000,9.9849587225e-04,1.5760544878e+00
359.850000,9.9942301818e-04,1.6174869705e+00
359.900000,1.0001530705e-03,1.7248353701e+00
359.950000,1.0013585901e-03,1.6228461589e+00
360.000000,9.9934796940e-04,1.4645889786e+00
360.050000,9.9996125702e-04,1.5206116339e+00
360.100000,9.9947735773e-04,1.5767577074e+00
360.150000,9.9953035459e-04,1.7315454215e+00
360.200000,9.9972322324e-04,1.5090807790e+00
360.250000,9.9900895967e-04,1.8077626807e+00
360.300000,1.0001406151e-03,1.5642105305e+00
360.350000,9.9943069296e-04,1.5711607167e+00
360.400000,9.9927230178e-04,1.5491114319e+00
360.450000,1.0009795498e-03,1.6524483235e+00
360.500000,9.9943401627e-04,1.5741377945e+00
360.550000,9.9900880106e-04,1.5278020274e+00
360.600000,9.9785783094e-04,1.5868941723e+00
360.650000,1.0024628239e-03,1.6652842154e+00
360.700000,9.9968039778e-04,1.5356234132e+00
360.750000,1.0003558133e-03,1.6765934619e+00
360.800000,1.0015921031e-03,1.4499104240e+00
360.850000,9.9964210213e-04,1.7165127283e+00
360.900000,9.9990684640e-04,1.6105978879e+00
360.950000,1.0010143443e-03,1.6427421011e+00
361.000000,1.0008190254e-03,1.6839917772e+00
361.050000,9.9977677795e-04,1.6751577350e+00
361.100000,1.0003702350e-03,1.4716872512e+00
361.150000,1.0011847723e-03,1.5502643308e+00
361.200000,9.9947993969e-04,1.6433638270e+00
361.250000,1.0006218074e-03,1.5860904453e+00
361.300000,1.0008739564e-03,1.6954165225e+00
361.350000,1.0006170065e-03,1.5836042693e+00
361.400000,9.9858247806e-04,1.4964067066e+00
361.450000,9.9880427314e-04,1.6264963947e+00
361.500000,9.9958103066e-04,1.5874659219e+00
361.550000,1.0012828088e-03,1.6585596388e+00
361.600000,1.0019599124e-03,1.6879122250e+00
361.650000,9.9878048006e-04,1.6383294579e+00
361.700000,1.0000584160e-03,1.7396953915e+00
361.750000,1.0015609831e-03,1.6182593489e+00
361.800000,9.9929297301e-04,1.6173001298e+00
361.850000,9.9916703254e-04,1.5930058103e+00
361.900000,1.0007519899e-03,1.6565043587e+00
361.950000,1.0000442475e-03,1.6476852750e+00
362.000000,9.9807437019e-04,1.4963846419e+00
362.050000,1.0000118820e-03,1.5735485927e+00
362.100000,9.9916505442e-04,1.6039257469e+00
362.150000,9.9965417080e-04,1.5694835817e+00
362.200000,1.0017228143e-03,1.5202708973e+00
362.250000,1.0007822766e-03,1.5604472858e+00
362.300000,9.9938820107e-04,1.6328255867e+00
362.350000,1.0007396854e-03,1.7000852711e+00
362.400000,1.0004973469e-03,1.5170630319e+00
362.450000,9.9992019980e-04,1.6935757340e+00
362.500000,1.0000563210e-03,1.6384898040e+00
362.550000,1.0001076047e-03,1.6476581874e+00
362.600000,1.0011901820e-03,1.5581788921e+00
362.650000,9.9921493883e-04,1.5426730742e+00
362.700000,1.0001071085e-03,1.6230528464e+00
362.750000,1.0001854195e-03,1.5445745052e+00
362.800000,9.9970556553e-04,1.8238412365e+00
362.850000,9.9939350508e-04,1.6396011290e+00
362.900000,9.9912123008e-04,1.4988604921e+00
362.950000,1.0015904915e-03,1.5758484708e+00
363.000000,9.9844856439e-04,1.4624991762e+00
363.050000,1.0011495310e-03,1.8111563269e+00
363.100000,9.9890593067e-04,1.6057725239e+00
363.150000,9.9971770833e-04,1.6498887209e+00
363.200000,1.0013964963e-03,1.6011291573e+00
363.250000,1.0012970203e-03,1.6408369931e+00
363.300000,1.0004585308e-03,1.5456727719e+00
363.350000,1.0010166741e-03,1.3818650138e+00
363.400000,1.0001521970e-03,1.6342084973e+00
363.450000,1.0000577781e-03,1.5950287683e+00
363.500000,9.9851864025e-04,1.5243420272e+00
363.550000,9.9926552231e-04,1.5276955833e+00
363.600000,1.0016461242e-03,1.5979025544e+00
363.650000,1.0001110289e-03,1.7079294395e+00
363.700000,1.0008364045e-03,1.6359481590e+00
363.750000,9.9963947596e-04,1.5491372273e+00
363.800000,9.9987488372e-04,1.6692333183e+00
363.850000,1.0004929838e-03,1.6405015948e+00
363.900000,1.0014504706e-03,1.5402362817e+00
363.950000,9.9910597530e-04,1.6863132586e+00
364.000000,9.9865889257e-04,1.7275158350e+00
364.050000,1.0001913360e-03,1.7462353522e+00
364.100000,1.0009474965e-03,1.4995688851e+00
364.150000,1.0014010884e-03,1.4933743127e+00
364.200000,1.0006793496e-03,1.5034494033e+00
364.250000,1.0028135034e-03,1.6127872466e+00
364.300000,1.0008352519e-03,1.6801586529e+00
364.350000,9.9835318584e-04,1.5571290330e+00
364.400000,1.0006132503e-03,1.7638213745e+00
364.450000,1.0005863045e-03,1.6828858316e+00
364.500000,9.9931845016e-04,1.5438896471e+00
364.550000,9.9908014123e-04,1.5423210376e+00
364.600000,9.9891359715e-04,1.6414880520e+00
364.650000,9.9986629506e-04,1.6481497591e+00
364.700000,9.9822345702e-04,1.5945439905e+00
364.750000,9.9896744678e-04,1.5969689537e+00
364.800000,9.9995238922e-04,1.5016093598e+00
364.850000,1.0003955773e-03,1.5913140693e+00
364.900000,9.9986355911e-04,1.5093762284e+00
364.950000,1.0003464306e-03,1.5460928636e+00
365.000000,1.0011235724e-03,1.5519007270e+00
365.050000,9.9959596606e-04,1.4847108868e+00
365.100000,9.9974691762e-04,1.4620344842e+00
365.150000,1.0029634930e-03,1.6206494982e+00
365.200000,1.0003237998e-03,1.6302920239e+00
365.250000,1.0005467442e-03,1.5716677846e+00
365.300000,9.9738685651e-04,1.6908405881e+00
365.350000,1.0006392284e-03,1.6175766284e+00
365.400000,9.9926811488e-04,1.5574233928e+00
365.450000,1.0015041374e-03,1.5193813107e+00
365.500000,9.9923422917e-04,1.4954660038e+00
365.550000,1.0012096760e-03,1.6021983678e+00
365.600000,9.9893665743e-04,1.6980219555e+00
365.650000,1.0000059153e-03,1.5129847011e+00
365.700000,9.9894178605e-04,1.6860008116e+00
365.750000,9.9960146022e-04,1.6582623154e+00
365.800000,1.0002459662e-03,1.7661727737e+00
365.850000,9.9959172920e-04,1.7204590745e+00
365.900000,9.9994104538e-04,1.7370526739e+00
365.950000,1.0005690604e-03,1.7756108108e+00
366.000000,1.0006641125e-03,1.5706844828e+00
366.050000,9.9919111158e-04,1.6058651420e+00
366.100000,1.0001374338e-03,1.4545205555e+00
366.150000,1.0002987874e-03,1.6941365131e+00
366.200000,1.0009536720e-03,1.4826746158e+00
366.250000,1.0006636345e-03,1.4684101618e+00
366.300000,1.0001622174e-03,1.7474376962e+00
366.350000,1.0011351446e-03,1.6789473339e+00
366.400000,1.0007301305e-03,1.4747908140e+00
366.450000,9.9929300198e-04,1.6095044782e+00
366.500000,9.9969790443e-04,1.6262486278e+00
366.550000,9.9895020698e-04,1.6584774177e+00
366.600000,9.9893340285e-04,1.7206995623e+00
366.650000,1.0013202550e-03,1.6696843979e+00
366.700000,9.9982635936e-04,1.6207547800e+00
366.750000,9.9975384775e-04,1.6193605007e+00
366.800000,9.9960982168e-04,1.6724807896e+00
366.850000,9.9925083060e-04,1.5333618517e+00
366.900000,9.9946443797e-04,1.6339219833e+00
366.950000,9.9880490972e-04,1.7433870355e+00
367.000000,9.9999628854e-04,1.6506601533e+00
367.050000,1.0011601171e-03,1.6288153813e+00
367.100000,1.0004482561e-03,1.5510262268e+00
367.150000,1.0016902818e-03,1.6099462885e+00
367.200000,9.9969342584e-04,1.4757689995e+00
367.250000,1.0002790136e-03,1.8152052733e+00
367.300000,9.9922855303e-04,1.7541407745e+00
367.350000,9.9799330195e-04,1.4588369450e+00
367.400000,1.0001927277e-03,1.6879101544e+00
367.450000,1.0016379185e-03,1.6636595729e+00
367.500000,1.0002436348e-03,1.6556678012e+00
367.550000,1.0021364295e-03,1.5573012022e+00
367.600000,1.0017405270e-03,1.6223263884e+00
367.650000,9.9955723766e-04,1.6773468279e+00
367.700000,1.0002182462e-03,1.6148264277e+00
367.750000,9.9944865599e-04,1.7182423561e+00
367.800000,9.9892016128e-04,1.5580738721e+00
367.850000,1.0002846229e-03,1.8215636061e+00
367.900000,1.0016924608e-03,1.5817669840e+00
367.950000,9.9951863599e-04,1.6026189941e+00
368.000000,1.0010648612e-03,1.6064364758e+00
368.050000,9.9957016889e-04,1.5565734002e+00
368.100000,1.0007160378e-03,1.6042340727e+00
368.150000,9.9940594485e-04,1.4611469898e+00
368.200000,1.0007540099e-03,1.5815117165e+00
368.250000,1.0003975698e-03,1.6051959660e+00
368.300000,9.9862747483e-04,1.6491337369e+00
368.350000,9.9868055223e-04,1.6346376765e+00
368.400000,9.9902910134e-04,1.6542684072e+00
368.450000,1.0002094854e-03,1.6024532139e+00
368.500000,9.9741758935e-04,1.5182273866e+00
368.550000,9.9841402821e-04,1.5330220667e+00
368.600000,9.9944023703e-04,1.6633819546e+00
368.650000,9.9922716207e-04,1.5392043818e+00
368.700000,9.9960511125e-04,1.7199381958e+00
368.750000,9.9973842573e-04,1.5775164677e+00
368.800000,1.0004224928e-03,1.5339525084e+00
368.850000,9.9853973260e-04,1.3724347495e+00
368.900000,1.0015817717e-03,1.5937165219e+00
368.950000,1.0007294341e-03,1.7680972520e+00
369.000000,1.0017618721e-03,1.5554274791e+00
369.050000,1.0002455922e-03,1.5761520252e+00
369.100000,1.0006651537e-03,1.5065882610e+00
369.150000,1.0007740666e-03,1.6041617364e+00
369.200000,1.0006979118e-03,1.6416374808e+00
369.250000,1.0015098199e-03,1.6139815605e+00
369.300000,1.0007604039e-03,1.4994108640e+00
369.350000,9.9994817952e-04,1.4551540823e+00
369.400000,9.9966045167e-04,1.7322921608e+00
369.450000,1.0003313972e-03,1.8293676790e+00
369.500000,1.0010680066e-03,1.5572838805e+00
369.550000,9.9932632383e-04,1.5793662281e+00
369.600000,9.9957478502e-04,1.5125365790e+00
369.650000,1.0009100677e-03,1.4869474352e+00
369.700000,1.0009293942e-03,1.6215464377e+00
369.750000,9.9943183275e-04,1.5329540288e+00
369.800000,9.9967606822e-04,1.4918180471e+00
369.850000,9.9854983351e-04,1.5182931229e+00
369.900000,1.0001732497e-03,1.6510534970e+00
369.950000,9.9892119215e-04,1.6421878772e+00
370.000000,9.9867643207e-04,1.6612827375e+00
370.050000,9.9987015392e-04,1.7506735204e+00
370.100000,1.0012494823e-03,1.5597213624e+00
370.150000,9.9882031915e-04,1.5438932224e+00
370.200000,9.9818420816e-04,1.6008886015e+00
370.250000,1.0005729154e-03,1.5158990216e+00
370.300000,1.0004223437e-03,1.5591130592e+00
370.350000,9.9938704918e-04,1.5550573644e+00
370.400000,1.0010647605e-03,1.6633347727e+00
370.450000,1.0003867890e-03,1.4339340041e+00
370.500000,1.0016061289e-03,1.5992931144e+00
370.550000,1.0000064256e-03,1.6002054015e+00
370.600000,1.0005565063e-03,1.6601016882e+00
370.650000,9.9668188400e-04,1.6137407288e+00
370.700000,1.0013849238e-03,1.6683119333e+00
370.750000,1.0000612132e-03,1.5531061545e+00
370.800000,9.9952738351e-04,1.5640883670e+00
370.850000,9.9972139070e-04,1.5868896194e+00
370.900000,1.0013690836e-03,1.5223490222e+00
370.950000,9.9927002303e-04,1.4667984334e+00
371.000000,1.0012594641e-03,1.5860827051e+00
371.050000,1.0005553670e-03,1.5388600374e+00
371.100000,9.9923018044e-04,1.5061645607e+00
371.150000,9.9967764331e-04,1.5529667167e+00
371.200000,9.9849587289e-04,1.6812666399e+00
371.250000,9.9982319513e-04,1.6890306050e+00
371.300000,9.9998369491e-04,1.6777037041e+00
371.350000,1.0000223861e-03,1.5544711031e+00
371.400000,1.0003996569e-03,1.6153787372e+00
371.450000,9.9818668856e-04,1.5490442175e+00
371.500000,1.0008152142e-03,1.6700670039e+00
371.550000,1.0001621361e-03,1.6046512601e+00
371.600000,1.0001478175e-03,1.7199079483e+00
371.650000,9.9969536574e-04,1.6815215705e+00
371.700000,1.0003653206e-03,1.5160503931e+00
371.750000,9.9738376904e-04,1.6558108603e+00
371.800000,1.0006749453e-03,1.4646970326e+00
371.850000,9.9946288485e-04,1.5576092774e+00
371.900000,1.0004524898e-03,1.6437918308e+00
371.950000,9.9900268372e-04,1.5546170490e+00
372.000000,9.9862109336e-04,1.5838181279e+00
372.050000,1.0021182482e-03,1.7998811627e+00
372.100000,9.9835500088e-04,1.6504898688e+00
372.150000,9.9953107161e-04,1.5487177830e+00
372.200000,9.9967578651e-04,1.4928912686e+00
372.250000,9.9974981228e-04,1.4988274894e+00
372.300000,1.0001354660e-03,1.6021861259e+00
372.350000,1.0009394802e-03,1.6669754528e+00
372.400000,1.0005861670e-03,1.8509336583e+00
372.450000,9.9876156622e-04,1.4757695339e+00
372.500000,1.0005052048e-03,1.5115323379e+00
372.550000,1.0028996569e-03,1.5033898955e+00
372.600000,9.9967677348e-04,1.5267010174e+00
372.650000,1.0004908658e-03,1.5316310070e+00
372.700000,9.9902700423e-04,1.6236276179e+00
372.750000,9.9870828361e-04,1.6592041292e+00
372.800000,1.0008455471e-03,1.5624431361e+00
372.850000,9.9895587721e-04,1.5358038204e+00
372.900000,9.9949722577e-04,1.6236761335e+00
372.950000,1.0009900899e-03,1.5280255117e+00
373.000000,9.9815425555e-04,1.6287164804e+00
373.050000,1.0013104322e-03,1.6354418562e+00
373.100000,1.0003976955e-03,1.7131879960e+00
373.150000,9.9999574705e-04,1.7186622535e+00
373.200000,9.9918114638e-04,1.5315205451e+00
373.250000,9.9883455351e-04,1.6517474046e+00
373.300000,1.0007500639e-03,1.6669271232e+00
373.350000,9.9970066307e-04,1.6208918945e+00
373.400000,1.0006522686e-03,1.5443980664e+00
373.450000,1.0011380450e-03,1.4702686536e+00
373.500000,9.9870016535e-04,1.5930966407e+00
373.550000,9.9804889376e-04,1.6013126827e+00
373.600000,1.0003208648e-03,1.7190076140e+00
373.650000,9.9942036820e-04,1.5491087272e+00
373.700000,9.9966334795e-04,1.6010429748e+00
373.750000,9.9789269871e-04,1.6686925974e+00
373.800000,1.0007656570e-03,1.6439995724e+00
373.850000,9.9981739674e-04,1.6453529957e+00
373.900000,9.9870630910e-04,1.6486439230e+00
373.950000,1.0001797038e-03,1.5934669844e+00
374.000000,1.0005031461e-03,1.6437695996e+00
374.050000,9.9953996518e-04,1.6012539307e+00
374.100000,1.0001654174e-03,1.6022360689e+00
374.150000,1.0004032109e-03,1.6250348377e+00
374.200000,1.0006421456e-03,1.5627008557e+00
374.250000,1.0000056880e-03,1.6399235422e+00
374.300000,9.9983551990e-04,1.6485792028e+00
374.350000,1.0008242145e-03,1.6292766093e+00
374.400000,9.9962818582e-04,1.6862140124e+00
374.450000,9.9981153335e-04,1.6163870865e+00
374.500000,1.0002908565e-03,1.5520190860e+00
374.550000,1.0003038483e-03,1.6165464703e+00
374.600000,1.0001516094e-03,1.5941431765e+00
374.650000,9.9954801883e-04,1.4855785247e+00
374.700000,9.9975214528e-04,1.5759361585e+00
374.750000,9.9969248043e-04,1.5009432492e+00
374.800000,1.0024214659e-03,1.5157516014e+00
374.850000,1.0012067781e-03,1.5022775720e+00
374.900000,1.0000164448e-03,1.5185401806e+00
374.950000,1.0023558089e-03,1.5562218524e+00
375.000000,9.9957311864e-04,1.5828685929e+00
375.050000,1.0014012030e-03,1.6654750976e+00
375.100000,1.0000204000e-03,1.5545788609e+00
375.150000,9.9838076172e-04,1.5419465095e+00
375.200000,1.0000955836e-03,1.5314165958e+00
375.250000,9.9994254778e-04,1.4109365540e+00
375.300000,9.9935897555e-04,1.6105433568e+00
375.350000,1.0001408783e-03,1.5275404014e+00
375.400000,1.0001043766e-03,1.7459822763e+00
375.450000,1.0008641621e-03,1.5676232872e+00
375.500000,1.0016907435e-03,1.3689395257e+00
375.550000,1.0008963217e-03,1.6283997260e+00
375.600000,1.0013831108e-03,1.6165610434e+00
375.650000,1.0014043438e-03,1.5886604730e+00
375.700000,9.9893535937e-04,1.5531627068e+00
375.750000,9.9983566907e-04,1.4449918669e+00
375.800000,1.0004763442e-03,1.5568606319e+00
375.850000,1.0015466017e-03,1.6516398531e+00
375.900000,9.9981653759e-04,1.5228814040e+00
375.950000,1.0010737253e-03,1.7065432187e+00
376.000000,1.0000492967e-03,1.5935285957e+00
376.050000,1.0010125481e-03,1.5446256936e+00
376.100000,1.0005366322e-03,1.4501290157e+00
376.150000,9.9923911737e-04,1.4744242808e+00
376.200000,1.0000562108e-03,1.6810819679e+00
376.250000,1.0006110827e-03,1.5564923227e+00
376.300000,1.0001141500e-03,1.6273505871e+00
376.350000,1.0002269433e-03,1.6637823236e+00
376.400000,9.9968512930e-04,1.5825584898e+00
376.450000,9.9937823399e-04,1.5731905068e+00
376.500000,9.9868311933e-04,1.5503341186e+00
376.550000,1.0007510538e-03,1.5160609344e+00
376.600000,1.0015700172e-03,1.6111702848e+00
376.650000,1.0006443131e-03,1.5778163252e+00
376.700000,1.0000078510e-03,1.4884874270e+00
376.750000,1.0011410076e-03,1.6344530088e+00
376.800000,1.0004354113e-03,1.5402279577e+00
376.850000,9.9918692624e-04,1.5942403517e+00
376.900000,1.0002984161e-03,1.6567138004e+00
376.950000,9.9835509046e-04,1.6023960898e+00
377.000000,1.0011253361e-03,1.6307078208e+00
377.050000,9.9824654437e-04,1.5076357923e+00
377.100000,9.9905427990e-04,1.6627785582e+00
377.150000,1.0010142985e-03,1.6137940824e+00
377.200000,1.0001839954e-03,1.4903790859e+00
377.250000,1.0016504470e-03,1.6550199653e+00
377.300000,9.9964006347e-04,1.6542164671e+00
377.350000,1.0002914553e-03,1.6245684131e+00
377.400000,1.0005402172e-03,1.5061553576e+00
377.450000,9.9931250164e-04,1.5580386765e+00
377.500000,1.0002551223e-03,1.5859783104e+00
377.550000,1.0002126092e-03,1.6009677793e+00
377.600000,1.0009712039e-03,1.6388645510e+00
377.650000,1.0008029851e-03,1.5936329081e+00
377.700000,9.9879920881e-04,1.6500488700e+00
377.750000,1.0003933938e-03,1.5335662154e+00
377.800000,9.9813895215e-04,1.4593958613e+00
377.850000,9.9941341304e-04,1.6855422013e+00
377.900000,1.0005957686e-03,1.6016392921e+00
377.950000,9.9933803138e-04,1.6263397121e+00
378.000000,9.9958323483e-04,1.5833872014e+00
378.050000,1.0001703397e-03,1.6922619061e+00
378.100000,1.0001186338e-03,1.7254309739e+00
378.150000,9.9988476943e-04,1.6066115380e+00
378.200000,1.0002913934e-03,1.6279489871e+00
378.250000,1.0004139994e-03,1.6818151619e+00
378.300000,1.0001784834e-03,1.5617587423e+00
378.350000,1.0000339072e-03,1.7567297479e+00
378.400000,9.9997687427e-04,1.6485469008e+00
378.450000,9.9911236166e-04,1.6782352527e+00
378.500000,1.0003525853e-03,1.4372800028e+00
378.550000,1.0015997652e-03,1.4137897964e+00
378.600000,1.0022804471e-03,1.6521769656e+00
378.650000,9.9913659424e-04,1.6652517514e+00
378.700000,9.9887232688e-04,1.5160896510e+00
378.750000,9.9940887506e-04,1.5623139649e+00
378.800000,1.0014674137e-03,1.6300150154e+00
378.850000,9.9781166848e-04,1.6444644738e+00
378.900000,1.0009213266e-03,1.4404481984e+00
378.950000,1.0001773106e-03,1.5947568244e+00
379.000000,9.9972607820e-04,1.6071852567e+00
379.050000,9.9977569133e-04,1.5851531803e+00
379.100000,9.9632553735e-04,1.5765736127e+00
379.150000,9.9936547529e-04,1.6297596526e+00
379.200000,9.9925678562e-04,1.4732137327e+00
379.250000,1.0007951922e-03,1.5800701338e+00
379.300000,9.9945940791e-04,1.5053809951e+00
379.350000,9.9986442552e-04,1.6310136819e+00
379.400000,9.9870806401e-04,1.5412928167e+00
379.450000,1.0013696313e-03,1.5470025669e+00
379.500000,1.0010469245e-03,1.4696992661e+00
379.550000,1.0005281253e-03,1.6520522634e+00
379.600000,9.9923857471e-04,1.4979923991e+00
379.650000,1.0003786275e-03,1.6491907242e+00
379.700000,1.0002679190e-03,1.6438660639e+00
379.750000,9.9913404147e-04,1.5547715294e+00
379.800000,9.9910477020e-04,1.6098935454e+00
379.850000,9.9975601379e-04,1.7138412041e+00
379.900000,1.0001349095e-03,1.6079374595e+00
379.950000,1.0013907746e-03,1.6046199106e+00
380.000000,1.0001940425e-03,1.5670140460e+00
380.050000,9.9959090507e-04,1.5859224436e+00
380.100000,9.9842718654e-04,1.6372442563e+00
380.150000,1.0004669163e-03,1.7056648862e+00
380.200000,9.9937580773e-04,1.6669192589e+00
380.250000,1.0005533377e-03,1.5345630785e+00
380.300000,9.9972036060e-04,1.6252701908e+00
380.350000,9.9980955373e-04,1.5474052773e+00
380.400000,1.0006660991e-03,1.5795417339e+00
380.450000,9.9794028445e-04,1.6992998380e+00
380.500000,1.0003213019e-03,1.6220406593e+00
380.550000,9.9792173016e-04,1.6161251581e+00
380.600000,9.9934930267e-04,1.7347482067e+00
380.650000,9.9996016329e-04,1.6356725952e+00
380.700000,9.9928719299e-04,1.6729159547e+00
380.750000,1.0017872562e-03,1.5257655471e+00
380.800000,1.0001337295e-03,1.5068215379e+00
380.850000,1.0008815906e-03,1.4333755846e+00
380.900000,1.0004634683e-03,1.5932596947e+00
380.950000,9.9958367569e-04,1.5652484446e+00
381.000000,1.0028455050e-03,1.4993927286e+00
381.050000,9.9796417232e-04,1.4903984434e+00
381.100000,1.0005710955e-03,1.6915806816e+00
381.150000,9.9855355857e-04,1.7106638387e+00
381.200000,1.0009148951e-03,1.5598874774e+00
381.250000,9.9948113389e-04,1.5377780361e+00
381.300000,1.0010701038e-03,1.6395533708e+00
381.350000,9.9863100369e-04,1.5660903081e+00
381.400000,9.9962575420e-04,1.6298678584e+00
381.450000,9.9826768451e-04,1.6419494082e+00
381.500000,1.0002949894e-03,1.3974984643e+00
381.550000,9.9869668940e-04,1.4965149311e+00
381.600000,1.0016437478e-03,1.7337169591e+00
381.650000,1.0007145001e-03,1.7484474462e+00
381.700000,1.0008985003e-03,1.5311770195e+00
381.750000,1.0006399603e-03,1.5539928331e+00
381.800000,1.0008126006e-03,1.8152331597e+00
381.850000,1.0003353496e-03,1.7436210705e+00
381.900000,9.9973363373e-04,1.4856278961e+00
381.950000,9.9871902014e-04,1.5545335224e+00
382.000000,9.9876806825e-04,1.5716470131e+00
382.050000,9.9858343984e-04,1.5561583365e+00
382.100000,1.0008695448e-03,1.5531780792e+00
382.150000,9.9970347291e-04,1.5587367542e+00
382.200000,9.9935651573e-04,1.4740352005e+00
382.250000,1.0016358394e-03,1.7337577568e+00
382.300000,9.9901251578e-04,1.6396390877e+00
382.350000,9.9993191257e-04,1.3863742301e+00
382.400000,1.0008100692e-03,1.6826201894e+00
382.450000,1.0007017702e-03,1.7374755647e+00
382.500000,1.0015285112e-03,1.6385675777e+00
382.550000,9.9899794915e-04,1.7362526984e+00
382.600000,9.9982573288e-04,1.4805223146e+00
382.650000,9.9947377983e-04,1.6605404660e+00
382.700000,9.9963135342e-04,1.5475730521e+00
382.750000,9.9974041499e-04,1.5762024392e+00
382.800000,1.0000932760e-03,1.5350452372e+00
382.850000,9.9893983557e-04,1.7282056671e+00
382.900000,9.9793131487e-04,1.5328627621e+00
382.950000,9.9973798852e-04,1.8241463241e+00
383.000000,9.9957392377e-04,1.5359664883e+00
383.050000,9.9906231183e-04,1.6953788669e+00
383.100000,9.9955828287e-04,1.7266091351e+00
383.150000,1.0008824864e-03,1.5797240099e+00
383.200000,9.9962754673e-04,1.6389665965e+00
383.250000,1.0021541709e-03,1.6333837984e+00
383.300000,9.9985157637e-04,1.7025881331e+00
383.350000,9.9941421216e-04,1.6635960013e+00
383.400000,9.9903513557e-04,1.5703843270e+00
383.450000,1.0016895684e-03,1.5567110314e+00
383.500000,1.0007835602e-03,1.6828368831e+00
383.550000,1.0004165064e-03,1.4737637023e+00
383.600000,9.9787430585e-04,1.6959758059e+00
383.650000,9.9986561027e-04,1.5473581228e+00
383.700000,1.0005531847e-03,1.5821926361e+00
383.750000,9.9954437139e-04,1.5103359376e+00
383.800000,1.0001765366e-03,1.6995732751e+00
383.850000,1.0002295077e-03,1.5941624316e+00
383.900000,1.0008493908e-03,1.5855300362e+00
383.950000,1.0014266394e-03,1.5982135504e+00
384.000000,1.0013610040e-03,1.4990893341e+00
384.050000,9.9979035721e-04,1.6703768383e+00
384.100000,1.0023147779e-03,1.6737085324e+00
384.150000,9.9787904237e-04,1.6520978680e+00
384.200000,9.9990516541e-04,1.6294186331e+00
384.250000,9.9911386591e-04,1.7083665465e+00
384.300000,9.9975831153e-04,1.6185218000e+00
384.350000,1.0006744494e-03,1.6728843336e+00
384.400000,9.9904957442e-04,1.4586471241e+00
384.450000,9.9904473805e-04,1.6089975317e+00
384.500000,1.0016509807e-03,1.5853380392e+00
384.550000,9.9890710894e-04,1.7202660582e+00
384.600000,1.0000757288e-03,1.5233659908e+00
384.650000,9.9871533405e-04,1.6342266972e+00
384.700000,9.9973640000e-04,1.5500329943e+00
384.750000,1.0002561674e-03,1.5063212760e+00
384.800000,9.9899184736e-04,1.6245288437e+00
384.850000,1.0012857541e-03,1.4220932965e+00
384.900000,9.9997649527e-04,1.5311867466e+00
384.950000,1.0010346437e-03,1.5888676514e+00
385.000000,9.9971276592e-04,1.6223673111e+00
385.050000,9.9999222607e-04,1.6310624917e+00
385.100000,1.0005825316e-03,1.6178378324e+00
385.150000,1.0006021043e-03,1.6260078122e+00
385.200000,1.0006940369e-03,1.5824665221e+00
385.250000,9.9943461815e-04,1.5629337042e+00
385.300000,9.9973221880e-04,1.6809993044e+00
385.350000,9.9950131228e-04,1.5403376345e+00
385.400000,9.9820903507e-04,1.5339821302e+00
385.450000,1.0006927874e-03,1.6582803465e+00
385.500000,9.9954234372e-04,1.4469899113e+00
385.550000,1.0006966219e-03,1.5362703039e+00
385.600000,9.9944616792e-04,1.7025719628e+00
385.650000,1.0000323808e-03,1.4579234962e+00
385.700000,9.9983372080e-04,1.7416896896e+00
385.750000,9.9896358061e-04,1.7978118727e+00
385.800000,9.9809218905e-04,1.6756827672e+00
385.850000,1.0018039648e-03,1.5861512642e+00
385.900000,1.0015835755e-03,1.6569855304e+00
385.950000,9.9948764786e-04,1.6062259657e+00
386.000000,1.0004546676e-03,1.6249214788e+00
386.050000,1.0000836282e-03,1.6143718196e+00
386.100000,9.9685755588e-04,1.5663099680e+00
386.150000,9.9893638053e-04,1.6341604663e+00
386.200000,9.9737732608e-04,1.6962323973e+00
386.250000,9.9889023498e-04,1.5696751230e+00
386.300000,1.0001071776e-03,1.5741818566e+00
386.350000,1.0001360061e-03,1.4968799045e+00
386.400000,9.9912460726e-04,1.7335113946e+00
386.450000,1.0013413940e-03,1.6450651493e+00
386.500000,1.0004842329e-03,1.6409845884e+00
386.550000,9.9921985687e-04,1.5758556478e+00
386.600000,1.0002792098e-03,1.5708808374e+00
386.650000,1.0006796640e-03,1.5846282340e+00
386.700000,1.0014092760e-03,1.7419276614e+00
386.750000,9.9966438862e-04,1.5639271666e+00
386.800000,1.0007663935e-03,1.6638985652e+00
386.850000,1.0005316174e-03,1.4217363893e+00
386.900000,9.9924835292e-04,1.6263800804e+00
386.950000,1.0003847559e-03,1.4823450714e+00
387.000000,1.0004593105e-03,1.5081118581e+00
387.050000,1.0002547513e-03,1.5434567368e+00
387.100000,1.0012691926e-03,1.6798723008e+00
387.150000,9.9962890305e-04,1.6064517404e+00
387.200000,9.9993400214e-04,1.4095453448e+00
387.250000,1.0008849294e-03,1.5948208284e+00
387.300000,1.0020634478e-03,1.6613198766e+00
387.350000,1.0006597983e-03,1.6672486693e+00
387.400000,9.9972905732e-04,1.6627886876e+00
387.450000,9.9835704898e-04,1.5917134921e+00
387.500000,9.9884847028e-04,1.5677081316e+00
387.550000,9.9824757545e-04,1.6107726937e+00
387.600000,1.0007265710e-03,1.4682590991e+00
387.650000,9.9968359145e-04,1.6817819631e+00
387.700000,1.0010178721e-03,1.7030492601e+00
387.750000,9.9994542718e-04,1.4394800911e+00
387.800000,9.9899661960e-04,1.5331314345e+00
387.850000,9.9940868030e-04,1.4031853028e+00
387.900000,1.0014029430e-03,1.7791929135e+00
387.950000,9.9967107640e-04,1.6278892291e+00
388.000000,1.0009794036e-03,1.5881821848e+00
388.050000,1.0009609507e-03,1.5522802906e+00
388.100000,1.0006929460e-03,1.6763536010e+00
388.150000,1.0008275107e-03,1.5545683019e+00
388.200000,9.9989859692e-04,1.6325965763e+00
388.250000,9.9884521481e-04,1.6240274306e+00
388.300000,9.9949127048e-04,1.5923401610e+00
388.350000,1.0009699553e-03,1.4919136072e+00
388.400000,9.9954284793e-04,1.5534940431e+00
388.450000,9.9847767646e-04,1.6603210315e+00
388.500000,1.0001672790e-03,1.4405710713e+00
388.550000,9.9945953364e-04,1.5411992953e+00
388.600000,1.0006915777e-03,1.5607947954e+00
388.650000,9.9869325047e-04,1.6240837201e+00
388.700000,9.9981665604e-04,1.5672361784e+00
388.750000,9.9915136063e-04,1.6059458906e+00
388.800000,9.9721137291e-04,1.5531698423e+00
388.850000,1.0003819692e-03,1.6380131613e+00
388.900000,9.9971599848e-04,1.5332017781e+00
388.950000,1.0015267019e-03,1.7151656701e+00
389.000000,9.9947705391e-04,1.6549510785e+00
389.050000,1.0005025615e-03,1.5706718630e+00
389.100000,9.9967043215e-04,1.6154143112e+00
389.150000,1.0001077168e-03,1.4073680645e+00
389.200000,1.0005648677e-03,1.6798696632e+00
389.250000,9.9997241841e-04,1.4556887532e+00
389.300000,9.9894355696e-04,1.6456786553e+00
389.350000,9.9993744624e-04,1.6748701865e+00
389.400000,9.9791297216e-04,1.5460781577e+00
389.450000,1.0011833754e-03,1.6281229701e+00
389.500000,9.9854802309e-04,1.5605331070e+00
389.550000,9.9950624360e-04,1.4513032652e+00
389.600000,9.9987443349e-04,1.5515630104e+00
389.650000,9.9963805268e-04,1.7139164845e+00
389.700000,1.0003742537e-03,1.6028225598e+00
389.750000,1.0026485682e-03,1.5616838620e+00
389.800000,9.9901090306e-04,1.7041945601e+00
389.850000,1.0007348367e-03,1.5098323274e+00
389.900000,9.9992758521e-04,1.5381482201e+00
389.950000,9.9865454198e-04,1.5250169449e+00
390.000000,1.0007143784e-03,1.6292017108e+00
390.050000,1.0003187414e-03,1.5686853387e+00
390.100000,1.0002559016e-03,1.7141407832e+00
390.150000,9.9972607483e-04,1.6039634905e+00
390.200000,9.9946708505e-04,1.6513786988e+00
390.250000,1.0008516508e-03,1.5736481200e+00
390.300000,9.9963790467e-04,1.4820683215e+00
390.350000,9.9849467433e-04,1.6860178793e+00
390.400000,9.9900724192e-04,1.6610860216e+00
390.450000,9.9907092055e-04,1.6706165248e+00
390.500000,9.9922525149e-04,1.6495722330e+00
390.550000,9.9992703564e-04,1.5969744851e+00
390.600000,9.9983882415e-04,1.6482668855e+00
390.650000,9.9965789379e-04,1.6484161770e+00
390.700000,9.9855274519e-04,1.6147389837e+00
390.750000,1.0014793326e-03,1.8515324064e+00
390.800000,1.0011069162e-03,1.6380529830e+00
390.850000,9.9816197810e-04,1.5484232177e+00
390.900000,1.0003021839e-03,1.6597895064e+00
390.950000,1.0009769223e-03,1.6111229111e+00
391.000000,9.9775863784e-04,1.6855486281e+00
391.050000,1.0012056459e-03,1.5710928329e+00
391.100000,1.0000137903e-03,1.6813079385e+00
391.150000,1.0004690598e-03,1.6458875002e+00
391.200000,9.9967150018e-04,1.5076089534e+00
391.250000,1.0005777430e-03,1.5013424348e+00
391.300000,9.9885310404e-04,1.5241061123e+00
391.350000,1.0018409402e-03,1.6740450113e+00
391.400000,9.9748885220e-04,1.6828261988e+00
391.450000,1.0005268697e-03,1.6046604739e+00
391.500000,1.0012064601e-03,1.6320988837e+00
391.550000,1.0002779641e-03,1.5261955980e+00
391.600000,9.9856213648e-04,1.6106852320e+00
391.650000,9.9981703810e-04,1.6517280629e+00
391.700000,9.9945884481e-04,1.6059239775e+00
391.750000,1.0002770534e-03,1.5831675816e+00
391.800000,9.9922518074e-04,1.5148746685e+00
391.850000,9.9932956665e-04,1.4769568775e+00
391.900000,1.0003236314e-03,1.6878249593e+00
391.950000,1.0003338965e-03,1.6242884843e+00
392.000000,9.9979315524e-04,1.5405408996e+00
392.050000,9.9957301547e-04,1.6727813198e+00
392.100000,1.0010455379e-03,1.6043413868e+00
392.150000,1.0009531255e-03,1.6665413621e+00
392.200000,9.9971374625e-04,1.6689967823e+00
392.250000,1.0011768680e-03,1.6859358871e+00
392.300000,1.0001567281e-03,1.6161730904e+00
392.350000,1.0019629440e-03,1.6281927493e+00
392.400000,9.9940847456e-04,1.7112571674e+00
392.450000,9.9873056967e-04,1.6794313484e+00
392.500000,1.0007435127e-03,1.7127807143e+00
392.550000,9.9927262494e-04,1.6077807374e+00
392.600000,9.9921788806e-04,1.5778669366e+00
392.650000,9.9830321968e-04,1.6033884222e+00
392.700000,9.9930878273e-04,1.4975926047e+00
392.750000,9.9961187271e-04,1.5801273396e+00
392.800000,9.9985228769e-04,1.7180126072e+00
392.850000,1.0003141677e-03,1.6241628207e+00
392.900000,9.9799555844e-04,1.5206851120e+00
392.950000,9.9923830746e-04,1.6228261989e+00
393.000000,1.0001462568e-03,1.4763827995e+00
393.050000,1.0002258734e-03,1.5972159305e+00
393.100000,1.0015980348e-03,1.6187499044e+00
393.150000,9.9980803861e-04,1.5353914680e+00
393.200000,9.9873225059e-04,1.5946410410e+00
393.250000,1.0000090215e-03,1.6354651123e+00
393.300000,1.0008995133e-03,1.6643697701e+00
393.350000,1.0008305294e-03,1.7077851533e+00
393.400000,9.9991132997e-04,1.7530166244e+00
393.450000,1.0003866856e-03,1.6821506295e+00
393.500000,9.9934398970e-04,1.5361766673e+00
393.550000,9.9996248206e-04,1.4880929295e+00
393.600000,1.0001630483e-03,1.4722869905e+00
393.650000,9.9810014178e-04,1.5723941422e+00
393.700000,1.0010028998e-03,1.5420913725e+00
393.750000,1.0005445356e-03,1.5581220402e+00
393.800000,1.0001418477e-03,1.5731210981e+00
393.850000,9.9989920658e-04,1.4937435963e+00
393.900000,1.0003686062e-03,1.5580551669e+00
393.950000,9.9993636714e-04,1.5463294282e+00
394.000000,1.0000830105e-03,1.6236294249e+00
394.050000,1.0008049161e-03,1.7746250728e+00
394.100000,9.9985997206e-04,1.5992228972e+00
394.150000,9.9946258847e-04,1.4995407272e+00
394.200000,9.9969566668e-04,1.5521135239e+00
394.250000,1.0008662098e-03,1.5085260469e+00
394.300000,1.0015231377e-03,1.5590491846e+00
394.350000,1.0000013836e-03,1.5382941273e+00
394.400000,9.9924965090e-04,1.5407444226e+00
394.450000,9.9935133567e-04,1.6619555427e+00
394.500000,9.9968800696e-04,1.4940141394e+00
394.550000,1.0000971485e-03,1.6738111245e+00
394.600000,9.9854425577e-04,1.6082390819e+00
394.650000,1.0004845957e-03,1.5620639450e+00
394.700000,9.9827975337e-04,1.6647472317e+00
394.750000,1.0002862071e-03,1.7328639806e+00
394.800000,9.9978110376e-04,1.6410586346e+00
394.850000,1.0006886634e-03,1.6261836112e+00
394.900000,9.9825516601e-04,1.4600355400e+00
394.950000,9.9921978082e-04,1.5773721128e+00
395.000000,1.0004087370e-03,1.5318260873e+00
395.050000,9.9999331405e-04,1.5091168900e+00
395.100000,9.9908433287e-04,1.5272144973e+00
395.150000,1.0011112261e-03,1.6978628460e+00
395.200000,1.0000182726e-03,1.5893708952e+00
395.250000,1.0006522072e-03,1.7156196266e+00
395.300000,9.9974131936e-04,1.6492419141e+00
395.350000,9.9978778903e-04,1.5491509965e+00
395.400000,1.0010976309e-03,1.5925394011e+00
395.450000,9.9925946711e-04,1.5937382657e+00
395.500000,9.9922186816e-04,1.6485223753e+00
395.550000,9.9992652779e-04,1.5097030259e+00
395.600000,9.9887446776e-04,1.6621906727e+00
395.650000,1.0012929918e-03,1.5563521219e+00
395.700000,9.9959822774e-04,1.6307306452e+00
395.750000,9.9926159472e-04,1.5253041668e+00
395.800000,9.9878873455e-04,1.5686257026e+00
395.850000,1.0008312373e-03,1.5925836725e+00
395.900000,1.0003912946e-03,1.6395552162e+00
395.950000,1.0000650684e-03,1.5872937547e+00
396.000000,1.0000125812e-03,1.6314743003e+00
396.050000,9.9728598464e-04,1.6205088097e+00
396.100000,1.0011873945e-03,1.6514180114e+00
396.150000,1.0000148817e-03,1.5864474303e+00
396.200000,9.9840952692e-04,1.6480776243e+00
396.250000,9.9896420906e-04,1.4837303306e+00
396.300000,9.9788837833e-04,1.6394763285e+00
396.350000,9.9978402902e-04,1.4896313828e+00
396.400000,1.0004962051e-03,1.4885566833e+00
396.450000,9.9927019737e-04,1.7521060918e+00
396.500000,9.9897970281e-04,1.5939531035e+00
396.550000,1.0009461983e-03,1.4608545210e+00
396.600000,9.9904680051e-04,1.5617483095e+00
396.650000,1.0000601232e-03,1.6767094146e+00
396.700000,9.9954780345e-04,1.5936702461e+00
396.750000,9.9961572909e-04,1.7098103555e+00
396.800000,9.9977873625e-04,1.6417825436e+00
396.850000,1.0010716666e-03,1.5807564849e+00
396.900000,9.9976493036e-04,1.6243977649e+00
396.950000,9.9990756696e-04,1.6193241038e+00
397.000000,1.0001668075e-03,1.5520949149e+00
397.050000,1.0001497473e-03,1.5805490083e+00
397.100000,1.0028397700e-03,1.4887697331e+00
397.150000,9.9951145627e-04,1.5609081097e+00
397.200000,9.9985271581e-04,1.5743191933e+00
397.250000,9.9955050965e-04,1.5342280052e+00
397.300000,1.0012289009e-03,1.4719840628e+00
397.350000,1.0011816959e-03,1.6857557599e+00
397.400000,1.0002924387e-03,1.6805284370e+00
397.450000,9.9813772212e-04,1.5646911187e+00
397.500000,9.9909237509e-04,1.5272034475e+00
397.550000,1.0000105577e-03,1.6606166002e+00
397.600000,9.9994195242e-04,1.5962565368e+00
397.650000,1.0012146044e-03,1.5563217959e+00
397.700000,1.0010706901e-03,1.6912197516e+00
397.750000,1.0003254641e-03,1.5799699175e+00
397.800000,1.0003244249e-03,1.6706381022e+00
397.850000,1.0005102602e-03,1.6647303900e+00
397.900000,9.9877543594e-04,1.6877264654e+00
397.950000,9.9976420100e-04,1.5715861441e+00
398.000000,1.0006901086e-03,1.7140808051e+00
398.050000,9.9941647854e-04,1.7592851060e+00
398.100000,1.0008347395e-03,1.6417878863e+00
398.150000,1.0009088194e-03,1.6019851848e+00
398.200000,1.0003034194e-03,1.5866797336e+00
398.250000,9.9939170158e-04,1.7771713591e+00
398.300000,9.9963810349e-04,1.7385387746e+00
398.350000,9.9817937326e-04,1.5806141733e+00
398.400000,9.9869687412e-04,1.5855738322e+00
398.450000,1.0014049335e-03,1.7423909937e+00
398.500000,9.9958266377e-04,1.5752447572e+00
398.550000,9.9926560024e-04,1.6029375380e+00
398.600000,1.0006059572e-03,1.5915682234e+00
398.650000,9.9986602361e-04,1.5601564878e+00
398.700000,9.9998603455e-04,1.6001464648e+00
398.750000,1.0000400565e-03,1.6128221637e+00
398.800000,9.9668793620e-04,1.6247748102e+00
398.850000,1.0013013663e-03,1.6532410997e+00
398.900000,1.0009563427e-03,1.6089647367e+00
398.950000,9.9949176086e-04,1.5627607126e+00
399.000000,1.0035568346e-03,1.6759830093e+00
399.050000,9.9872412648e-04,1.6246573641e+00
399.100000,9.9912466890e-04,1.7271264019e+00
399.150000,9.9945790247e-04,1.6004177177e+00
399.200000,1.0021429188e-03,1.5127288421e+00
399.250000,9.9930837008e-04,1.6625908302e+00
399.300000,1.0004398205e-03,1.4405249738e+00
399.350000,1.0004636308e-03,1.6142030309e+00
399.400000,9.9946817767e-04,1.6059798326e+00
399.450000,9.9919182030e-04,1.6782967738e+00
399.500000,9.9943793631e-04,1.7545864582e+00
399.550000,1.0002810929e-03,1.6374730875e+00
399.600000,9.9966783829e-04,1.6122395881e+00
399.650000,1.0029815839e-03,1.5251388070e+00
399.700000,1.0000725418e-03,1.5172459879e+00
399.750000,9.9970389155e-04,1.5309773274e+00
399.800000,9.9991894208e-04,1.5347378579e+00
399.850000,9.9812745861e-04,1.5284679174e+00
399.900000,1.0004104825e-03,1.5447417641e+00
399.950000,9.9868238445e-04,1.4854483732e+00
400.000000,1.0012186812e-03,1.5408875336e+00
400.050000,9.9906360853e-04,1.6342361030e+00
400.100000,9.9979299557e-04,1.6334904219e+00
400.150000,1.0001036589e-03,1.5964348925e+00
400.200000,9.9942716614e-04,1.6285564473e+00
400.250000,1.0023549004e-03,1.5316918274e+00
400.300000,1.0011767672e-03,1.5410341662e+00
400.350000,9.9974691653e-04,1.6769480530e+00
400.400000,9.9852392627e-04,1.6409748180e+00
400.450000,1.0006169666e-03,1.6152440005e+00
400.500000,1.0008673892e-03,1.5326966223e+00
400.550000,9.9995376592e-04,1.7639265921e+00
400.600000,9.9968526756e-04,1.6509923390e+00
400.650000,9.9700274192e-04,1.6152790071e+00
400.700000,9.9906428040e-04,1.6502950816e+00
400.750000,1.0016716202e-03,1.5756298326e+00
400.800000,9.9957544986e-04,1.5301416888e+00
400.850000,1.0000200174e-03,1.5233711587e+00
400.900000,1.0018114076e-03,1.5726671049e+00
400.950000,1.0003838161e-03,1.7315626298e+00
401.000000,9.9860023675e-04,1.4627581379e+00
401.050000,1.0005054845e-03,1.5795978297e+00
401.100000,9.9919729294e-04,1.6965664828e+00
401.150000,9.9931818960e-04,1.6779665787e+00
401.200000,9.9821019109e-04,1.5312202120e+00
401.250000,1.0014360813e-03,1.6513898926e+00
401.300000,1.0011272078e-03,1.7486761993e+00
401.350000,9.9969121992e-04,1.4793401978e+00
401.400000,9.9979182772e-04,1.5908192909e+00
401.450000,9.9938014239e-04,1.6617779369e+00
401.500000,1.0009650705e-03,1.6420082427e+00
401.550000,9.9971008080e-04,1.6799491192e+00
401.600000,1.0007170717e-03,1.6771442491e+00
401.650000,9.9943101209e-04,1.5830158901e+00
401.700000,9.9923723248e-04,1.6981298696e+00
401.750000,9.9832939488e-04,1.7221139873e+00
401.800000,9.9922282796e-04,1.6388400447e+00
401.850000,9.9835926968e-04,1.5326171999e+00
401.900000,9.9930458992e-04,1.4918315869e+00
401.950000,9.9905969324e-04,1.5487632249e+00
402.000000,1.0005724586e-03,1.5351241362e+00
402.050000,9.9870027883e-04,1.4957775033e+00
402.100000,9.9882674240e-04,1.5411210406e+00
402.150000,1.0000273549e-03,1.6201780438e+00
402.200000,1.0003409847e-03,1.7101002077e+00
402.250000,9.9954380372e-04,1.5102356729e+00
402.300000,9.9962694692e-04,1.7193364665e+00
402.350000,9.9977007302e-04,1.6391292275e+00
402.400000,1.0005365875e-03,1.6471657695e+00
402.450000,1.0003214756e-03,1.7015618279e+00
402.500000,9.9957800342e-04,1.6417705973e+00
402.550000,9.9835410671e-04,1.5838664015e+00
402.600000,9.9839522215e-04,1.5731771434e+00
402.650000,9.9982597783e-04,1.5525121324e+00
402.700000,9.9970611226e-04,1.6281477813e+00
402.750000,1.0005883302e-03,1.6339891268e+00
402.800000,1.0005423512e-03,1.4774889751e+00
402.850000,9.9788991917e-04,1.5101570985e+00
402.900000,9.9853767782e-04,1.6691614879e+00
402.950000,9.9967703428e-04,1.5159305666e+00
403.000000,9.9968332739e-04,1.5609898384e+00
403.050000,1.0003057104e-03,1.6010096621e+00
403.100000,1.0000970824e-03,1.5137339024e+00
403.150000,1.0017281822e-03,1.7344361988e+00
403.200000,9.9997309692e-04,1.6280258378e+00
403.250000,9.9984317602e-04,1.6598412124e+00
403.300000,1.0006287151e-03,1.5358217254e+00
403.350000,9.9888686072e-04,1.5105567033e+00
403.400000,9.9933227699e-04,1.6443555131e+00
403.450000,1.0011486861e-03,1.5592509143e+00
403.500000,1.0003058405e-03,1.5533247150e+00
403.550000,1.0000430182e-03,1.6836631872e+00
403.600000,1.0006958487e-03,1.5995890533e+00
403.650000,9.9927795250e-04,1.6745868346e+00
403.700000,1.0005899130e-03,1.5302873888e+00
403.750000,1.0008399334e-03,1.6869093988e+00
403.800000,9.9842173564e-04,1.6001896115e+00
403.850000,9.9998511120e-04,1.6605575592e+00
403.900000,1.0000868377e-03,1.6355344777e+00
403.950000,1.0003511229e-03,1.5228918501e+00
404.000000,1.0008493472e-03,1.5995491937e+00
404.050000,9.9923575569e-04,1.5490508879e+00
404.100000,9.9984335257e-04,1.6301198838e+00
404.150000,9.9863297082e-04,1.5037736919e+00
404.200000,9.9888831320e-04,1.6659835978e+00
404.250000,1.0007611528e-03,1.7571029526e+00
404.300000,9.9773546926e-04,1.5584966415e+00
404.350000,9.9940134278e-04,1.6173857626e+00
404.400000,9.9930798097e-04,1.4709267970e+00
404.450000,9.9705642603e-04,1.5271665975e+00
404.500000,9.9987121303e-04,1.6322531695e+00
404.550000,1.0000326650e-03,1.6362549548e+00
404.600000,9.9897051873e-04,1.4766984920e+00
404.650000,9.9673085813e-04,1.5730202735e+00
404.700000,9.9835145449e-04,1.6980826449e+00
404.750000,1.0005657365e-03,1.6807076787e+00
404.800000,1.0004920548e-03,1.5797294016e+00
404.850000,9.9933312170e-04,1.6390448829e+00
404.900000,1.0004475539e-03,1.6510314116e+00
404.950000,1.0004217835e-03,1.5437746093e+00
405.000000,9.9971724822e-04,1.5386777463e+00
405.050000,9.9893793217e-04,1.6821138654e+00
405.100000,9.9999072028e-04,1.5771691218e+00
405.150000,1.0010472286e-03,1.6032824818e+00
405.200000,9.9875601069e-04,1.5528099239e+00
405.250000,1.0011196524e-03,1.7022719368e+00
405.300000,9.9986024679e-04,1.6053403046e+00
405.350000,9.9960489810e-04,1.6147586545e+00
405.400000,9.9954562771e-04,1.6361751827e+00
405.450000,9.9945294931e-04,1.5437762065e+00
405.500000,1.0021254454e-03,1.5547568301e+00
405.550000,1.0004358758e-03,1.4917837778e+00
405.600000,9.9955454450e-04,1.5878493086e+00
405.650000,9.9896120527e-04,1.7896714335e+00
405.700000,1.0002337806e-03,1.6159227590e+00
405.750000,9.9980464041e-04,1.5298769878e+00
405.800000,1.0007932638e-03,1.6321285686e+00
405.850000,1.0012419704e-03,1.6274658180e+00
405.900000,1.0000833182e-03,1.6246253779e+00
405.950000,1.0008547879e-03,1.5471330839e+00
406.000000,1.0000560359e-03,1.5403738263e+00
406.050000,1.0010225607e-03,1.5261024266e+00
406.100000,9.9995069592e-04,1.5847848392e+00
406.150000,1.0009675418e-03,1.5879170910e+00
406.200000,1.0000992000e-03,1.6444346043e+00
406.250000,9.9905903278e-04,1.4725809807e+00
406.300000,1.0002849064e-03,1.5876159413e+00
406.350000,1.0004412919e-03,1.5744917988e+00
406.400000,9.9923997463e-04,1.6551397043e+00
406.450000,9.9894429354e-04,1.7432171368e+00
406.500000,1.0007835025e-03,1.6035570664e+00
406.550000,1.0010238687e-03,1.7014404533e+00
406.600000,1.0015540305e-03,1.7565957420e+00
406.650000,1.0000396810e-03,1.6505626130e+00
406.700000,1.0011424867e-03,1.5552444637e+00
406.750000,1.0016130575e-03,1.5011922901e+00
406.800000,1.0002599445e-03,1.6867202543e+00
406.850000,1.0006885557e-03,1.4272352564e+00
406.900000,1.0004338966e-03,1.6557141902e+00
406.950000,1.0004576782e-03,1.5727009662e+00
407.000000,1.0001048586e-03,1.5211816073e+00
407.050000,1.0013418444e-03,1.6120007185e+00
407.100000,1.0020708411e-03,1.6992329209e+00
407.150000,1.0005360697e-03,1.5615605635e+00
407.200000,1.0005558032e-03,1.5772324856e+00
407.250000,9.9978997260e-04,1.5282950313e+00
407.300000,9.9965386368e-04,1.6214627505e+00
407.350000,1.0001912556e-03,1.5190226754e+00
407.400000,9.9818696643e-04,1.6064247234e+00
407.450000,1.0013722340e-03,1.4951978772e+00
407.500000,9.9964269674e-04,1.6108122810e+00
407.550000,9.9956374084e-04,1.5724935123e+00
407.600000,9.9932744502e-04,1.5775578276e+00
407.650000,1.0007224401e-03,1.5457409114e+00
407.700000,1.0006726775e-03,1.5698729081e+00
407.750000,1.0004702997e-03,1.6278885099e+00
407.800000,9.9957430946e-04,1.5893200694e+00
407.850000,1.0000764193e-03,1.5777882756e+00
407.900000,9.9880365764e-04,1.6645111792e+00
407.950000,9.9930098890e-04,1.5988931962e+00
408.000000,1.0013829946e-03,1.4170554146e+00
408.050000,9.9967743032e-04,1.5605408386e+00
408.100000,1.0018952510e-03,1.5890520600e+00
408.150000,1.0012714298e-03,1.5863767042e+00
408.200000,9.9903711669e-04,1.5312280183e+00
408.250000,9.9840516834e-04,1.7334636118e+00
408.300000,9.9872045870e-04,1.5997327114e+00
408.350000,9.9909439371e-04,1.5799190202e+00
408.400000,1.0002920970e-03,1.5273007393e+00
408.450000,9.9907483659e-04,1.6896290772e+00
408.500000,1.0001834198e-03,1.6496405623e+00
408.550000,1.0003529533e-03,1.6492620730e+00
408.600000,1.0021759432e-03,1.6833289425e+00
408.650000,9.9930155602e-04,1.5244738014e+00
408.700000,9.9935184666e-04,1.6941115209e+00
408.750000,1.0017620987e-03,1.5963066677e+00
408.800000,1.0003692120e-03,1.6926289387e+00
408.850000,9.9998407621e-04,1.4836536375e+00
408.900000,1.0012819646e-03,1.6716404228e+00
408.950000,9.9923167851e-04,1.6173500617e+00
409.000000,9.9947826712e-04,1.6036205341e+00
409.050000,1.0003788503e-03,1.7664969342e+00
409.100000,9.9832311197e-04,1.4732671313e+00
409.150000,1.0007298134e-03,1.4981682963e+00
409.200000,9.9977649469e-04,1.5759726301e+00
409.250000,9.9953864627e-04,1.6653412690e+00
409.300000,9.9884651473e-04,1.4751834925e+00
409.350000,1.0023190674e-03,1.5991605585e+00
409.400000,9.9965168525e-04,1.5366003735e+00
409.450000,1.0021133975e-03,1.6446446961e+00
409.500000,1.0003060624e-03,1.6143807086e+00
409.550000,1.0009511838e-03,1.5129591355e+00
409.600000,1.0002372645e-03,1.6054573014e+00
409.650000,1.0002721797e-03,1.6716596857e+00
409.700000,9.9902512325e-04,1.5932181663e+00
409.750000,1.0010952750e-03,1.5757070351e+00
409.800000,1.0007372465e-03,1.5829807294e+00
409.850000,9.9974548984e-04,1.5758986129e+00
409.900000,1.0018316651e-03,1.5174337437e+00
409.950000,1.0001926044e-03,1.6220904663e+00
410.000000,1.0009192062e-03,1.5031437421e+00
410.050000,1.0014819026e-03,1.6333458673e+00
410.100000,9.9837672482e-04,1.4417542912e+00
410.150000,1.0000388552e-03,1.6465924473e+00
410.200000,9.9928070888e-04,1.6328680628e+00
410.250000,9.9975836564e-04,1.7455651543e+00
410.300000,9.9904875944e-04,1.5460436233e+00
410.350000,9.9881368982e-04,1.5417834481e+00
410.400000,1.0013793613e-03,1.7129182967e+00
410.450000,9.9835437038e-04,1.5445893726e+00
410.500000,1.0015988675e-03,1.5992028107e+00
410.550000,1.0006976745e-03,1.7828911983e+00
410.600000,1.0012601163e-03,1.5567369654e+00
410.650000,9.9968390028e-04,1.5739969019e+00
410.700000,9.9813867523e-04,1.6082740248e+00
410.750000,9.9936695854e-04,1.6721969923e+00
410.800000,9.9885278255e-04,1.6342014131e+00
410.850000,9.9882239931e-04,1.5832791613e+00
410.900000,9.9889273656e-04,1.6431467137e+00
410.950000,1.0010504023e-03,1.7471350174e+00
411.000000,1.0000749738e-03,1.5954571891e+00
411.050000,9.9893741319e-04,1.5001878953e+00
411.100000,1.0006473081e-03,1.6252588079e+00
411.150000,1.0021920227e-03,1.6812371370e+00
411.200000,9.9726287804e-04,1.7409080549e+00
411.250000,9.9838825236e-04,1.4838465379e+00
411.300000,9.9933295640e-04,1.5993330900e+00
411.350000,9.9962561539e-04,1.5531878073e+00
411.400000,9.9965908357e-04,1.5589877013e+00
411.450000,1.0003803290e-03,1.6862961071e+00
411.500000,9.9929718477e-04,1.5913842355e+00
411.550000,9.9898060492e-04,1.6524691800e+00
411.600000,1.0014587338e-03,1.5953404805e+00
411.650000,9.9917999567e-04,1.5776011966e+00
411.700000,9.9938528891e-04,1.6237137974e+00
411.750000,1.0000774981e-03,1.6925771636e+00
411.800000,9.9883158513e-04,1.5224840588e+00
411.850000,9.9951861134e-04,1.6060251501e+00
411.900000,9.9998035416e-04,1.6035223443e+00
411.950000,9.9933273944e-04,1.6353188108e+00
412.000000,1.0008548001e-03,1.6236602475e+00
412.050000,9.9858565588e-04,1.6815585881e+00
412.100000,9.9957422324e-04,1.5895834416e+00
412.150000,1.0014616259e-03,1.6899621198e+00
412.200000,1.0000296818e-03,1.6470134255e+00
412.250000,9.9960637208e-04,1.5903595670e+00
412.300000,1.0013783477e-03,1.5321191675e+00
412.350000,1.0012392477e-03,1.6436227693e+00
412.400000,1.0007531325e-03,1.5387513914e+00
412.450000,9.9949097441e-04,1.6264374927e+00
412.500000,9.9944954580e-04,1.6915839644e+00
412.550000,1.0001650295e-03,1.6576128432e+00
412.600000,9.9972265279e-04,1.5861235886e+00
412.650000,9.9983692923e-04,1.5510451881e+00
412.700000,1.0000956211e-03,1.5986472878e+00
412.750000,1.0009103086e-03,1.6161691386e+00
412.800000,9.9968760173e-04,1.6659735333e+00
412.850000,9.9845351885e-04,1.6479137878e+00
412.900000,9.9995127491e-04,1.6878189224e+00
412.950000,1.0003216362e-03,1.6097277849e+00
413.000000,1.0004188219e-03,1.5063686716e+00
413.050000,1.0005902779e-03,1.6194706146e+00
413.100000,9.9816800640e-04,1.4519862526e+00
413.150000,1.0002227731e-03,1.5988631848e+00
413.200000,1.0012009282e-03,1.7588414859e+00
413.250000,9.9989227034e-04,1.6819897266e+00
413.300000,9.9965850182e-04,1.6647292687e+00
413.350000,9.9932012376e-04,1.6575022547e+00
413.400000,9.9945987303e-04,1.5371168305e+00
413.450000,1.0005020728e-03,1.7452831464e+00
413.500000,9.9995173833e-04,1.6589139308e+00
413.550000,9.9936010791e-04,1.5360648418e+00
413.600000,9.9926243377e-04,1.6129945489e+00
413.650000,9.9818794225e-04,1.6191462360e+00
413.700000,1.0025859749e-03,1.5690271520e+00
413.750000,1.0001603245e-03,1.6968728251e+00
413.800000,1.0006005330e-03,1.3878467937e+00
413.850000,1.0002180771e-03,1.6237428821e+00
413.900000,1.0017642019e-03,1.5753854697e+00
413.950000,9.9943308243e-04,1.6698542293e+00
414.000000,9.9858107013e-04,1.7035639006e+00
414.050000,1.0007998452e-03,1.4710923437e+00
414.100000,1.0009279028e-03,1.6235325802e+00
414.150000,1.0008362633e-03,1.4861867300e+00
414.200000,9.9975040151e-04,1.6069825026e+00
414.250000,9.9827359397e-04,1.5356953717e+00
414.300000,1.0000811308e-03,1.5927216231e+00
414.350000,1.0001866419e-03,1.5831169930e+00
414.400000,9.9984919068e-04,1.4963586583e+00
414.450000,1.0005735149e-03,1.5188258233e+00
414.500000,9.9870775435e-04,1.4858084814e+00
414.550000,9.9891572535e-04,1.6516997664e+00
414.600000,9.9951937043e-04,1.5772213869e+00
414.650000,9.9757364075e-04,1.5706447547e+00
414.700000,1.0016041871e-03,1.6146968158e+00
414.750000,9.9961566409e-04,1.5444903086e+00
414.800000,1.0010000854e-03,1.5826181386e+00
414.850000,1.0000863748e-03,1.6065426370e+00
414.900000,1.0000161205e-03,1.5485909855e+00
414.950000,1.0007192730e-03,1.6761303701e+00
415.000000,9.9932707879e-04,1.5559941218e+00
415.050000,1.0019582451e-03,1.4924535585e+00
415.100000,1.0014483531e-03,1.7126720898e+00
415.150000,9.9816384639e-04,1.6499982565e+00
415.200000,1.0001722649e-03,1.5638046115e+00
415.250000,9.9927745103e-04,1.6252136282e+00
415.300000,9.9921728029e-04,1.7306165767e+00
415.350000,9.9972979498e-04,1.5325365560e+00
415.400000,1.0000748548e-03,1.7042674992e+00
415.450000,1.0002370640e-03,1.5662836567e+00
415.500000,9.9971149400e-04,1.7544291287e+00
415.550000,1.0000686429e-03,1.6491092629e+00
415.600000,9.9964981180e-04,1.6734294840e+00
415.650000,9.9816044886e-04,1.6074133879e+00
415.700000,9.9801036893e-04,1.5202573902e+00
415.750000,1.0020419217e-03,1.7422938158e+00
415.800000,9.9923691630e-04,1.5347137214e+00
415.850000,9.9941896060e-04,1.5586641114e+00
415.900000,9.9856912105e-04,1.7816840345e+00
415.950000,1.0002015986e-03,1.6896175382e+00
416.000000,1.0001098500e-03,1.5452824306e+00
416.050000,1.0008224031e-03,1.5850796640e+00
416.100000,9.9835933134e-04,1.4888431993e+00
416.150000,1.0005189663e-03,1.6309140637e+00
416.200000,1.0003128802e-03,1.6207250116e+00
416.250000,9.9854956667e-04,1.4751297758e+00
416.300000,9.9934397706e-04,1.5936150127e+00
416.350000,1.0001501314e-03,1.5422303111e+00
416.400000,1.0002089569e-03,1.4383548280e+00
416.450000,1.0002766290e-03,1.6023203689e+00
416.500000,1.0011865396e-03,1.6551819393e+00
416.550000,1.0004699833e-03,1.6472085324e+00
416.600000,1.0015705855e-03,1.6822379882e+00
416.650000,9.9967490490e-04,1.6352534349e+00
416.700000,1.0009193344e-03,1.6842803001e+00
416.750000,1.0007090992e-03,1.6186040296e+00
416.800000,9.9848876057e-04,1.5449599998e+00
416.850000,9.9917752021e-04,1.5625492928e+00
416.900000,9.9872723564e-04,1.5201361201e+00
416.950000,9.9967379299e-04,1.5696625649e+00
417.000000,9.9839151823e-04,1.5523342095e+00
417.050000,1.0010940997e-03,1.4807300093e+00
417.100000,1.0010252631e-03,1.6637228861e+00
417.150000,1.0009178757e-03,1.7445214077e+00
417.200000,1.0006129501e-03,1.5844077943e+00
417.250000,9.9923796308e-04,1.6248510266e+00
417.300000,1.0000058087e-03,1.7256989926e+00
417.350000,1.0002570542e-03,1.6889019118e+00
417.400000,1.0011654131e-03,1.5245879863e+00
417.450000,1.0004832557e-03,1.6663306403e+00
417.500000,9.9983109952e-04,1.5918945693e+00
417.550000,9.9934270805e-04,1.4707797029e+00
417.600000,9.9998898849e-04,1.5941287434e+00
417.650000,1.0007397832e-03,1.5895456959e+00
417.700000,1.0001786340e-03,1.5012821782e+00
417.750000,9.9939538058e-04,1.5725856512e+00
417.800000,9.9966210606e-04,1.6717044343e+00
417.850000,1.0002097695e-03,1.5863402168e+00
417.900000,9.9884306897e-04,1.4546984704e+00
417.950000,1.0000123975e-03,1.7341519466e+00
418.000000,9.9881397251e-04,1.5985110287e+00
418.050000,9.9872330361e-04,1.6407710759e+00
418.100000,1.0012638746e-03,1.6998780808e+00
418.150000,9.9952234390e-04,1.6329657759e+00
418.200000,9.9948928579e-04,1.5504262615e+00
418.250000,1.0005421253e-03,1.5915189680e+00
418.300000,9.9838066645e-04,1.6493230665e+00
418.350000,9.9967728733e-04,1.5548732996e+00
418.400000,1.0000431985e-03,1.5978754609e+00
418.450000,1.0003659951e-03,1.6358013851e+00
418.500000,9.9979175711e-04,1.6799118555e+00
418.550000,1.0005540672e-03,1.5503241564e+00
418.600000,1.0007257854e-03,1.6660637828e+00
418.650000,1.0013816500e-03,1.6325482188e+00
418.700000,1.0001041358e-03,1.4630188865e+00
418.750000,9.9926090000e-04,1.5851134976e+00
418.800000,1.0020026306e-03,1.4999361278e+00
418.850000,9.9894355595e-04,1.5816894949e+00
418.900000,9.9977625814e-04,1.5532411230e+00
418.950000,9.9809637583e-04,1.6807220883e+00
419.000000,9.9975334943e-04,1.5356759793e+00
419.050000,1.0015011396e-03,1.5143339105e+00
419.100000,9.9918903343e-04,1.5590078976e+00
419.150000,9.9910771695e-04,1.6514642892e+00
419.200000,1.0002433725e-03,1.6681569287e+00
419.250000,9.9873606166e-04,1.6180541375e+00
419.300000,9.9948225562e-04,1.6478459388e+00
419.350000,1.0002973363e-03,1.5582291995e+00
419.400000,1.0005771985e-03,1.6406928105e+00
419.450000,1.0003549448e-03,1.6240307857e+00
419.500000,9.9884718041e-04,1.5607527756e+00
419.550000,9.9795050222e-04,1.5022277776e+00
419.600000,9.9742625106e-04,1.5792891197e+00
419.650000,1.0001913184e-03,1.6921913886e+00
419.700000,1.0013321970e-03,1.5916203999e+00
419.750000,9.9830275191e-04,1.6300316285e+00
419.800000,9.9931080072e-04,1.4907235487e+00
419.850000,1.0025260470e-03,1.5386726782e+00
419.900000,9.9964411399e-04,1.6214872304e+00
419.950000,1.0014881752e-03,1.6849690941e+00
420.000000,1.0008203166e-03,1.5800278729e+00
420.050000,1.0002689089e-03,1.6390944505e+00
420.100000,9.9990981266e-04,1.7249754522e+00
420.150000,1.0014151938e-03,1.6062095166e+00
420.200000,9.9942211742e-04,1.5079517265e+00
420.250000,1.0005003558e-03,1.6609989120e+00
420.300000,1.0009554315e-03,1.3908813578e+00
420.350000,1.0003150646e-03,1.6046873259e+00
420.400000,9.9990209780e-04,1.5182507565e+00
420.450000,1.0011192958e-03,1.6123552714e+00
420.500000,9.9954403917e-04,1.6604359673e+00
420.550000,9.9953419750e-04,1.5789353605e+00
420.600000,1.0008039427e-03,1.6334126091e+00
420.650000,1.0022292792e-03,1.5393424542e+00
420.700000,1.0005406791e-03,1.6238453901e+00
420.750000,9.9850085290e-04,1.6148151945e+00
420.800000,1.0005153948e-03,1.6939141405e+00
420.850000,9.9908837183e-04,1.5350478645e+00
420.900000,9.9746996897e-04,1.4560666157e+00
420.950000,9.9987283557e-04,1.5996084227e+00
421.000000,9.9758332742e-04,1.6327967635e+00
421.050000,1.0000767653e-03,1.6167477888e+00
421.100000,9.9982871668e-04,1.6412569526e+00
421.150000,1.0006456729e-03,1.5671238570e+00
421.200000,1.0018866363e-03,1.5528810104e+00
421.250000,9.9890102935e-04,1.5565688854e+00
421.300000,9.9922964562e-04,1.6643727401e+00
421.350000,1.0009430072e-03,1.6022431095e+00
421.400000,9.9962276440e-04,1.5981025136e+00
421.450000,1.0010645878e-03,1.5486538173e+00
421.500000,9.9883807063e-04,1.6702184706e+00
421.550000,9.9950607175e-04,1.6487794806e+00
421.600000,9.9994366247e-04,1.5718812195e+00
421.650000,1.0000871859e-03,1.5556159549e+00
421.700000,1.0005610784e-03,1.6524859085e+00
421.750000,9.9977508775e-04,1.5906629978e+00
421.800000,1.0016950641e-03,1.6796264367e+00
421.850000,1.0007428265e-03,1.6483349495e+00
421.900000,9.9886644254e-04,1.6395564357e+00
421.950000,9.9927628180e-04,1.5177984067e+00
422.000000,1.0003218086e-03,1.6258370419e+00
422.050000,9.9977469522e-04,1.6256841255e+00
422.100000,1.0000231774e-03,1.5458659714e+00
422.150000,9.9971686023e-04,1.6413697582e+00
422.200000,9.9992274733e-04,1.6054024107e+00
422.250000,1.0012520243e-03,1.5258614791e+00
422.300000,9.9938144583e-04,1.6132172649e+00
422.350000,9.9876200743e-04,1.6202556565e+00
422.400000,1.0005519440e-03,1.6336775265e+00
422.450000,1.0000769636e-03,1.6861040067e+00
422.500000,9.9989354547e-04,1.5905180455e+00
422.550000,1.0003836945e-03,1.5231611126e+00
422.600000,1.0010426284e-03,1.6376522058e+00
422.650000,1.0003149981e-03,1.5564594742e+00
422.700000,1.0015755693e-03,1.5626973608e+00
422.750000,1.0003692816e-03,1.5689723586e+00
422.800000,9.9989276104e-04,1.7262136225e+00
422.850000,1.0009191469e-03,1.4755819372e+00
422.900000,9.9961686970e-04,1.5670410687e+00
422.950000,1.0008934152e-03,1.7701959154e+00
423.000000,9.9820590903e-04,1.5087164608e+00
423.050000,9.9991923613e-04,1.5426223319e+00
423.100000,9.9643564013e-04,1.6567147878e+00
423.150000,1.0002891879e-03,1.6841645453e+00
423.200000,1.0005391626e-03,1.6994042535e+00
423.250000,9.9888697064e-04,1.6078457148e+00
423.300000,1.0007231030e-03,1.6464488728e+00
423.350000,9.9958289921e-04,1.4273630160e+00
423.400000,9.9992718904e-04,1.6292462764e+00
423.450000,9.9967592010e-04,1.6539862062e+00
423.500000,9.9849090964e-04,1.6742005958e+00
423.550000,1.0010911068e-03,1.5872271841e+00
423.600000,9.9861407168e-04,1.5475659279e+00
423.650000,1.0006933396e-03,1.4897608968e+00
423.700000,9.9855548450e-04,1.6295716916e+00
423.750000,9.9935938360e-04,1.6780133824e+00
423.800000,1.0016600468e-03,1.5008393278e+00
423.850000,9.9923548806e-04,1.6296626642e+00
423.900000,1.0003758547e-03,1.5761686640e+00
423.950000,9.9869175138e-04,1.5088987047e+00
424.000000,1.0002258135e-03,1.6437314236e+00
424.050000,1.0005590788e-03,1.4936992155e+00
424.100000,1.0003413777e-03,1.5366811014e+00
424.150000,1.0002725451e-03,1.6077352233e+00
424.200000,9.9859393872e-04,1.7426082728e+00
424.250000,9.9855490068e-04,1.6292428366e+00
424.300000,1.0001580128e-03,1.5719119560e+00
424.350000,1.0006284758e-03,1.6816968614e+00
424.400000,9.9999019926e-04,1.4865676892e+00
424.450000,9.9955540841e-04,1.5625797992e+00
424.500000,9.9944139932e-04,1.6508973904e+00
424.550000,9.9921801137e-04,1.5655500312e+00
424.600000,1.0013383028e-03,1.8080843025e+00
424.650000,1.0003519030e-03,1.5108930834e+00
424.700000,1.0000802644e-03,1.4810532797e+00
424.750000,1.0011082453e-03,1.7316249210e+00
424.800000,9.9872897700e-04,1.5479297330e+00
424.850000,1.0001837578e-03,1.7173531409e+00
424.900000,9.9978739436e-04,1.6028025520e+00
424.950000,1.0006002160e-03,1.4600898598e+00
425.000000,1.0013857498e-03,1.6620590297e+00
425.050000,1.0001098348e-03,1.6062273851e+00
425.100000,9.9872211603e-04,1.7305181438e+00
425.150000,1.0010906556e-03,1.6044968244e+00
425.200000,1.0005887696e-03,1.5353592104e+00
425.250000,1.0000335753e-03,1.6120028175e+00
425.300000,1.0006962771e-03,1.6175610265e+00
425.350000,9.9994770362e-04,1.5924333672e+00
425.400000,1.0003928785e-03,1.6358900676e+00
425.450000,1.0011721334e-03,1.7079118984e+00
425.500000,1.0011403950e-03,1.5762472614e+00
425.550000,1.0009829366e-03,1.5856437990e+00
425.600000,9.9943999732e-04,1.5191413675e+00
425.650000,9.9953733897e-04,1.4556081767e+00
425.700000,9.9951732658e-04,1.6164348540e+00
425.750000,9.9963987766e-04,1.6007571954e+00
425.800000,9.9955652925e-04,1.5928289111e+00
425.850000,9.9913886379e-04,1.6049141421e+00
425.900000,9.9912341045e-04,1.6867941257e+00
425.950000,9.9915679116e-04,1.5329813677e+00
426.000000,1.0002301736e-03,1.5791331940e+00
426.050000,9.9882966125e-04,1.4691109227e+00
426.100000,9.9907558126e-04,1.5921108175e+00
426.150000,9.9890929308e-04,1.6397887272e+00
426.200000,1.0014685301e-03,1.6949387306e+00
426.250000,9.9970234627e-04,1.5344677821e+00
426.300000,9.9992899423e-04,1.7151305846e+00
426.350000,9.9837358132e-04,1.5613234598e+00
426.400000,1.0012493572e-03,1.6496370796e+00
426.450000,9.9884662306e-04,1.4307720072e+00
426.500000,1.0010530361e-03,1.5492333984e+00
426.550000,1.0005846153e-03,1.5997564172e+00
426.600000,9.9891197019e-04,1.6593400493e+00
426.650000,9.9748351826e-04,1.5055973125e+00
426.700000,1.0001073649e-03,1.5758103913e+00
426.750000,9.9976211939e-04,1.5564272447e+00
426.800000,1.0000384117e-03,1.5678282329e+00
426.850000,1.0001907324e-03,1.5608724690e+00
426.900000,9.9889071262e-04,1.5685284557e+00
426.950000,1.0015028419e-03,1.6375975985e+00
427.000000,9.9921365729e-04,1.5788368920e+00
427.050000,9.9873864483e-04,1.5953580920e+00
427.100000,9.9931295492e-04,1.6020821731e+00
427.150000,1.0012497776e-03,1.6558057342e+00
427.200000,1.0002365058e-03,1.7021633358e+00
427.250000,1.0007447753e-03,1.5915312765e+00
427.300000,9.9954733323e-04,1.7269567087e+00
427.350000,9.9989002750e-04,1.5719274738e+00
427.400000,1.0008265181e-03,1.8649993432e+00
427.450000,9.9871106819e-04,1.6307954866e+00
427.500000,9.9910636084e-04,1.5909930818e+00
427.550000,1.0013336181e-03,1.5906006625e+00
427.600000,9.9956693485e-04,1.6397354152e+00
427.650000,9.9945089202e-04,1.5201771328e+00
427.700000,1.0017047998e-03,1.6500278027e+00
427.750000,9.9958859417e-04,1.6235224706e+00
427.800000,9.9874442787e-04,1.6192795810e+00
427.850000,1.0000988480e-03,1.5778191796e+00
427.900000,1.0003787449e-03,1.4462092962e+00
427.950000,1.0004720270e-03,1.5325168663e+00
428.000000,1.0005151404e-03,1.5797637192e+00
428.050000,9.9941542653e-04,1.6747368076e+00
428.100000,1.0006300159e-03,1.5417457603e+00
428.150000,9.9781326046e-04,1.6451676367e+00
428.200000,9.9930444589e-04,1.6497122966e+00
428.250000,1.0005547039e-03,1.6641097043e+00
428.300000,9.9960886356e-04,1.6243582200e+00
428.350000,9.9984204343e-04,1.6607976407e+00
428.400000,9.9950808116e-04,1.4625521760e+00
428.450000,9.9974908957e-04,1.5282897990e+00
428.500000,1.0003440099e-03,1.5592037445e+00
428.550000,1.0001750380e-03,1.5520661917e+00
428.600000,9.9935799736e-04,1.4760623838e+00
428.650000,9.9968694300e-04,1.5030382672e+00
428.700000,9.9869074177e-04,1.5577097423e+00
428.750000,1.0002439854e-03,1.6785683176e+00
428.800000,9.9992906012e-04,1.7246305318e+00
428.850000,9.9982506167e-04,1.5831563249e+00
428.900000,9.9935608594e-04,1.5580087908e+00
428.950000,1.0008501290e-03,1.5107496424e+00
429.000000,9.9996244897e-04,1.5250635914e+00
429.050000,9.9898614661e-04,1.5146123598e+00
429.100000,9.9994168510e-04,1.6311068493e+00
429.150000,9.9920384399e-04,1.6122218826e+00
429.200000,1.0000504686e-03,1.5152047051e+00
429.250000,9.9949897824e-04,1.5081633401e+00
429.300000,1.0014965703e-03,1.5581044381e+00
429.350000,1.0007060711e-03,1.4758501310e+00
429.400000,1.0020292783e-03,1.4795663935e+00
429.450000,9.9941183653e-04,1.5549644198e+00
429.500000,1.0006155612e-03,1.4914367277e+00
429.550000,1.0005209985e-03,1.6668434432e+00
429.600000,1.0006304150e-03,1.6989511786e+00
429.650000,9.9860419820e-04,1.5966206105e+00
429.700000,9.9856519255e-04,1.4900294717e+00
429.750000,9.9749612797e-04,1.5357726952e+00
429.800000,1.0009093918e-03,1.6153749498e+00
429.850000,1.0001019457e-03,1.6306627792e+00
429.900000,9.9951185961e-04,1.5890708631e+00
429.950000,9.9951853877e-04,1.7106068556e+00
430.000000,1.0009897612e-03,1.5513753021e+00
430.050000,9.9987296275e-04,1.6318697950e+00
430.100000,1.0006792064e-03,1.5967694850e+00
430.150000,9.9985334919e-04,1.6155867509e+00
430.200000,9.9947479002e-04,1.6434634256e+00
430.250000,9.9969593297e-04,1.6056063534e+00
430.300000,9.9971455715e-04,1.5116076148e+00
430.350000,1.0003324571e-03,1.4551998066e+00
430.400000,9.9968816034e-04,1.4495416304e+00
430.450000,1.0009513052e-03,1.6532785196e+00
430.500000,9.9962551964e-04,1.7136767144e+00
430.550000,9.9973274072e-04,1.5938626330e+00
430.600000,1.0014011372e-03,1.5879403811e+00
430.650000,9.9954017415e-04,1.4676609404e+00
430.700000,1.0008059486e-03,1.6438251553e+00
430.750000,9.9915176985e-04,1.5422559967e+00
430.800000,9.9942747481e-04,1.4778044917e+00
430.850000,9.9834254753e-04,1.5377690002e+00
430.900000,1.0003597026e-03,1.5145716478e+00
430.950000,9.9973269213e-04,1.6041022258e+00
431.000000,9.9951192170e-04,1.5851027676e+00
431.050000,1.0016459887e-03,1.5499039141e+00
431.100000,9.9979801409e-04,1.5106452366e+00
431.150000,1.0003105649e-03,1.6028444150e+00
431.200000,9.9945166253e-04,1.5340026138e+00
431.250000,9.9935398196e-04,1.5203831093e+00
431.300000,9.9982440323e-04,1.6570758913e+00
431.350000,1.0005337291e-03,1.5430996427e+00
431.400000,1.0006345262e-03,1.5562041764e+00
431.450000,1.0011042163e-03,1.5104204552e+00
431.500000,1.0017097824e-03,1.6776317608e+00
431.550000,1.0006253671e-03,1.6171247967e+00
431.600000,9.9929773000e-04,1.5842189487e+00
431.650000,1.0014683030e-03,1.6852115713e+00
431.700000,1.0018599971e-03,1.4958694261e+00
431.750000,9.9912655225e-04,1.7897345371e+00
431.800000,9.9777879136e-04,1.4634365993e+00
431.850000,1.0005901009e-03,1.5727633502e+00
431.900000,9.9842605468e-04,1.5636708603e+00
431.950000,9.9874433539e-04,1.6820191173e+00
432.000000,1.0006167457e-03,1.5083751521e+00
432.050000,1.0009173540e-03,1.5080283469e+00
432.100000,1.0002467635e-03,1.5527995777e+00
432.150000,9.9958127137e-04,1.5107724599e+00
432.200000,1.0012066842e-03,1.5974320002e+00
432.250000,9.9952618113e-04,1.4989020050e+00
432.300000,9.9851064150e-04,1.5305073179e+00
432.350000,1.0009017128e-03,1.4985933029e+00
432.400000,9.9955798215e-04,1.7221400067e+00
432.450000,9.9803467558e-04,1.6118297322e+00
432.500000,9.9876432509e-04,1.5631312349e+00
432.550000,9.9953698305e-04,1.4913135548e+00
432.600000,1.0018459788e-03,1.6781552354e+00
432.650000,1.0019355806e-03,1.6217985839e+00
432.700000,1.0015741745e-03,1.3882447248e+00
432.750000,1.0016268735e-03,1.6300046614e+00
432.800000,9.9968891569e-04,1.6508283368e+00
432.850000,1.0001719738e-03,1.6507802066e+00
432.900000,9.9995575072e-04,1.7319325630e+00
432.950000,1.0009950416e-03,1.5629576766e+00
433.000000,9.9977940441e-04,1.6078156280e+00
433.050000,9.9884159964e-04,1.5471745306e+00
433.100000,1.0000599204e-03,1.6718303154e+00
433.150000,9.9922681846e-04,1.4855604573e+00
433.200000,1.0004774531e-03,1.6331594848e+00
433.250000,9.9943227120e-04,1.4778950071e+00
433.300000,1.0023623422e-03,1.6115197207e+00
433.350000,1.0000789785e-03,1.6936964322e+00
433.400000,1.0008599643e-03,1.6412109923e+00
433.450000,1.0001000650e-03,1.6717029148e+00
433.500000,1.0005223815e-03,1.6108466563e+00
433.550000,9.9942973873e-04,1.5480428066e+00
433.600000,1.0002452900e-03,1.5835656039e+00
433.650000,1.0010947863e-03,1.5556883386e+00
433.700000,9.9955218032e-04,1.5955585417e+00
433.750000,9.9983911994e-04,1.5688664732e+00
433.800000,9.9903718077e-04,1.5401699725e+00
433.850000,9.9940386562e-04,1.5553399143e+00
433.900000,9.9938865843e-04,1.5493257183e+00
433.950000,1.0003179572e-03,1.5837632571e+00
434.000000,9.9983995832e-04,1.7295128012e+00
434.050000,1.0002858168e-03,1.6746564492e+00
434.100000,1.0011866501e-03,1.6402743754e+00
434.150000,1.0005885609e-03,1.5589519989e+00
434.200000,9.9952028697e-04,1.7667047020e+00
434.250000,1.0007069093e-03,1.5597574114e+00
434.300000,1.0010241322e-03,1.5974797198e+00
434.350000,9.9775448761e-04,1.6103764907e+00
434.400000,9.9970635953e-04,1.5898756010e+00
434.450000,1.0003399382e-03,1.5939043282e+00
434.500000,1.0023299169e-03,1.5537982928e+00
434.550000,9.9822005820e-04,1.5996823783e+00
434.600000,9.9961499922e-04,1.6508088736e+00
434.650000,9.9947326464e-04,1.5209396258e+00
434.700000,9.9870464467e-04,1.5187657554e+00
434.750000,9.9891257058e-04,1.5110755035e+00
434.800000,9.9996906821e-04,1.6372771603e+00
434.850000,9.9899263453e-04,1.5612519892e+00
434.900000,1.0026797005e-03,1.5472022950e+00
434.950000,1.0003457624e-03,1.6011793673e+00
435.000000,9.9996206325e-04,1.5181899922e+00
435.050000,9.9834576321e-04,1.5272262842e+00
435.100000,1.0000343465e-03,1.5659292298e+00
435.150000,9.9793772235e-04,1.5728740394e+00
435.200000,1.0005984269e-03,1.5822687077e+00
435.250000,1.0009417396e-03,1.6390102543e+00
435.300000,1.0007951389e-03,1.6741753652e+00
435.350000,9.9967238267e-04,1.6106121945e+00
435.400000,9.9897876460e-04,1.5021839273e+00
435.450000,1.0004909786e-03,1.5310998329e+00
435.500000,9.9915165684e-04,1.5063629287e+00
435.550000,1.0003605507e-03,1.5869368225e+00
435.600000,9.9987897959e-04,1.5787330933e+00
435.650000,9.9909923657e-04,1.6335560302e+00
435.700000,1.0015792054e-03,1.4545262847e+00
435.750000,9.9853131656e-04,1.5839281506e+00
435.800000,9.9854583943e-04,1.6784398177e+00
435.850000,1.0014289755e-03,1.7847061921e+00
435.900000,9.9967769490e-04,1.4973061297e+00
435.950000,1.0007420308e-03,1.5843312924e+00
436.000000,1.0013073293e-03,1.6387167882e+00
436.050000,1.0017802148e-03,1.5865385429e+00
436.100000,9.9861318396e-04,1.6019579766e+00
436.150000,1.0003543648e-03,1.5069897635e+00
436.200000,1.0000046310e-03,1.5098250990e+00
436.250000,9.9857434031e-04,1.4971614022e+00
436.300000,1.0004743326e-03,1.4494834275e+00
436.350000,1.0002679211e-03,1.7164296731e+00
436.400000,9.9997737703e-04,1.5641755112e+00
436.450000,1.0007728490e-03,1.5813735115e+00
436.500000,9.9862818602e-04,1.4874166711e+00
436.550000,9.9979642152e-04,1.5173221997e+00
436.600000,1.0007712013e-03,1.6378788654e+00
436.650000,1.0002961317e-03,1.4049750584e+00
436.700000,9.9908967121e-04,1.5036986667e+00
436.750000,1.0009334168e-03,1.4929322281e+00
436.800000,9.9973018386e-04,1.6278842128e+00
436.850000,9.9866315665e-04,1.5174755647e+00
436.900000,1.0009383712e-03,1.4810450760e+00
436.950000,1.0001739453e-03,1.5787611390e+00
437.000000,1.0008249320e-03,1.4935536179e+00
437.050000,1.0004116618e-03,1.6882435698e+00
437.100000,1.0015302330e-03,1.6576647923e+00
437.150000,9.9920354155e-04,1.6041958567e+00
437.200000,9.9945497994e-04,1.5453706630e+00
437.250000,9.9750638621e-04,1.6088179536e+00
437.300000,9.9956703881e-04,1.5737517741e+00
437.350000,9.9919950209e-04,1.6485710984e+00
437.400000,1.0000033309e-03,1.7183188777e+00
437.450000,1.0008744991e-03,1.6089364581e+00
437.500000,9.9889078904e-04,1.4986147088e+00
437.550000,1.0003835970e-03,1.6174312014e+00
437.600000,1.0000238451e-03,1.6286999579e+00
437.650000,1.0005989350e-03,1.5098099780e+00
437.700000,1.0007860555e-03,1.5086033158e+00
437.750000,1.0004293791e-03,1.7447136204e+00
437.800000,9.9847396802e-04,1.5185154180e+00
437.850000,9.9994837614e-04,1.4868544525e+00
437.900000,1.0007706632e-03,1.6271657119e+00
437.950000,9.9909960733e-04,1.7453364046e+00
438.000000,9.9855873879e-04,1.6468295762e+00
438.050000,1.0000588237e-03,1.5545765162e+00
438.100000,1.0000861920e-03,1.5957052091e+00
438.150000,1.0000541716e-03,1.5769293787e+00
438.200000,1.0010208971e-03,1.6850675910e+00
438.250000,9.9931682082e-04,1.5776019205e+00
438.300000,1.0005813509e-03,1.6848006917e+00
438.350000,9.9787215923e-04,1.6521743173e+00
438.400000,1.0008716353e-03,1.5601613530e+00
438.450000,1.0011094463e-03,1.7475872038e+00
438.500000,9.9922388877e-04,1.6164433022e+00
438.550000,9.9982714601e-04,1.5809624712e+00
438.600000,9.9991183614e-04,1.5577215609e+00
438.650000,1.0001224082e-03,1.5913265800e+00
438.700000,9.9878100796e-04,1.5874603900e+00
438.750000,1.0011069582e-03,1.5898520471e+00
438.800000,1.0005613335e-03,1.5871311857e+00
438.850000,9.9967862039e-04,1.4853018027e+00
438.900000,9.9979740399e-04,1.5696263869e+00
438.950000,9.9981486125e-04,1.3512632130e+00
439.000000,9.9953466982e-04,1.7209887477e+00
439.050000,9.9971205139e-04,1.6515175157e+00
439.100000,1.0015533676e-03,1.6673996332e+00
439.150000,1.0002179461e-03,1.6702125792e+00
439.200000,1.0005028087e-03,1.6784207631e+00
439.250000,9.9925752142e-04,1.6528014482e+00
439.300000,9.9863008780e-04,1.6150246862e+00
439.350000,1.0000385531e-03,1.7510229346e+00
439.400000,9.9912238016e-04,1.5121787276e+00
439.450000,9.9904145826e-04,1.5877524462e+00
439.500000,9.9862683561e-04,1.6303848339e+00
439.550000,1.0008907649e-03,1.8238407026e+00
439.600000,1.0014173785e-03,1.6815843380e+00
439.650000,9.9942286890e-04,1.5575883723e+00
439.700000,1.0013450077e-03,1.7892367944e+00
439.750000,9.9960871382e-04,1.6569936651e+00
439.800000,9.9971687334e-04,1.6468237219e+00
439.850000,1.0003899073e-03,1.6015964633e+00
439.900000,9.9902814125e-04,1.7068767375e+00
439.950000,1.0005043384e-03,1.6078798105e+00
440.000000,1.0007787238e-03,1.4950020518e+00
440.050000,9.9881596833e-04,1.4586723922e+00
440.100000,9.9892272375e-04,1.7375205766e+00
440.150000,9.9988279507e-04,1.6845566478e+00
440.200000,1.0004785492e-03,1.5570061841e+00
440.250000,1.0000788002e-03,1.4839478628e+00
440.300000,9.9908420802e-04,1.5923353851e+00
440.350000,9.9971901867e-04,1.7594628575e+00
440.400000,9.9963531808e-04,1.6792298571e+00
440.450000,9.9931426258e-04,1.6179403950e+00
440.500000,1.0020296196e-03,1.4404605426e+00
440.550000,9.9925670962e-04,1.5138592488e+00
440.600000,1.0015925014e-03,1.6022410436e+00
440.650000,9.9902996246e-04,1.6870641414e+00
440.700000,1.0012208485e-03,1.7721909057e+00
440.750000,9.9937550826e-04,1.6590679624e+00
440.800000,9.9830803743e-04,1.7184004563e+00
440.850000,1.0010763657e-03,1.5259425969e+00
440.900000,1.0002982943e-03,1.6336074861e+00
440.950000,9.9849057799e-04,1.6737962422e+00
441.000000,1.0001027402e-03,1.6673461985e+00
441.050000,9.9930120723e-04,1.4852058699e+00
441.100000,9.9978944649e-04,1.6410525794e+00
441.150000,1.0013077256e-03,1.5961981713e+00
441.200000,9.9886272302e-04,1.6237495546e+00
441.250000,1.0003567908e-03,1.5673564987e+00
441.300000,1.0015846141e-03,1.6286264749e+00
441.350000,1.0000290719e-03,1.5487090316e+00
441.400000,9.9794832815e-04,1.5430065369e+00
441.450000,1.0016640472e-03,1.6485312427e+00
441.500000,1.0012747601e-03,1.6216917314e+00
441.550000,9.9896600705e-04,1.5206595351e+00
441.600000,9.9975105134e-04,1.6133077023e+00
441.650000,1.0009707982e-03,1.5676022841e+00
441.700000,9.9989595881e-04,1.5990268516e+00
441.750000,9.9938451175e-04,1.5370811046e+00
441.800000,9.9887369455e-04,1.5085519199e+00
441.850000,1.0000228878e-03,1.6315347429e+00
441.900000,9.9862895117e-04,1.6081506947e+00
441.950000,9.9900103646e-04,1.7957193814e+00
442.000000,1.0000252589e-03,1.4825911862e+00
442.050000,9.9798473174e-04,1.6830866916e+00
442.100000,9.9963530640e-04,1.7286093714e+00
442.150000,1.0007616148e-03,1.5783802022e+00
442.200000,1.0000852015e-03,1.6566880188e+00
442.250000,9.9941828816e-04,1.6428715438e+00
442.300000,1.0006403432e-03,1.5915322513e+00
442.350000,1.0001397613e-03,1.5985631558e+00
442.400000,1.0005513451e-03,1.5159762812e+00
442.450000,1.0005899514e-03,1.5205025732e+00
442.500000,1.0016202884e-03,1.5912569997e+00
442.550000,9.9976026723e-04,1.6890467536e+00
442.600000,1.0015596833e-03,1.5696954434e+00
442.650000,9.9909818800e-04,1.6578375256e+00
442.700000,1.0007343326e-03,1.5526225112e+00
442.750000,9.9953116412e-04,1.4753376812e+00
442.800000,1.0017852470e-03,1.5346078212e+00
442.850000,9.9985091528e-04,1.6633066065e+00
442.900000,9.9893518902e-04,1.6542087692e+00
442.950000,1.0011705189e-03,1.7263943462e+00
443.000000,1.0002356223e-03,1.6236828983e+00
443.050000,9.9844093747e-04,1.7179926462e+00
443.100000,1.0007557641e-03,1.5770561907e+00
443.150000,9.9871923481e-04,1.6162226513e+00
443.200000,1.0011498041e-03,1.5787108924e+00
443.250000,1.0000926282e-03,1.4539835277e+00
443.300000,9.9895363784e-04,1.6022313245e+00
443.350000,1.0006760412e-03,1.6444760332e+00
443.400000,9.9935273007e-04,1.5589738196e+00
443.450000,9.9922651715e-04,1.7000832629e+00
443.500000,9.9984690593e-04,1.5151256768e+00
443.550000,9.9917492277e-04,1.6298747707e+00
443.600000,9.9972155871e-04,1.5691434636e+00
443.650000,9.9929227064e-04,1.5450759200e+00
443.700000,1.0009190838e-03,1.5208992361e+00
443.750000,1.0010921426e-03,1.5683831698e+00
443.800000,1.0008466439e-03,1.5925124434e+00
443.850000,1.0020379834e-03,1.5974355269e+00
443.900000,9.9904057910e-04,1.4998137785e+00
443.950000,1.0003581993e-03,1.5308848404e+00
444.000000,1.0004099174e-03,1.5549682032e+00
444.050000,9.9973499878e-04,1.5811554864e+00
444.100000,9.9986790654e-04,1.5561609669e+00
444.150000,9.9940690173e-04,1.6119086518e+00
444.200000,9.9817277775e-04,1.5656063253e+00
444.250000,1.0002971852e-03,1.5508815441e+00
444.300000,9.9927067640e-04,1.5510519374e+00
444.350000,1.0011233297e-03,1.5313055522e+00
444.400000,1.0007437305e-03,1.5652246535e+00
444.450000,1.0009509315e-03,1.5373390415e+00
444.500000,1.0002227624e-03,1.7486482768e+00
444.550000,9.9864253912e-04,1.6699164777e+00
444.600000,9.9982286061e-04,1.5406641661e+00
444.650000,9.9906104462e-04,1.7103989084e+00
444.700000,1.0003697819e-03,1.4534414139e+00
444.750000,9.9910870322e-04,1.5874535166e+00
444.800000,9.9894925379e-04,1.5658436946e+00
444.850000,1.0003641748e-03,1.6702848582e+00
444.900000,9.9978411472e-04,1.5132237609e+00
444.950000,1.0002568255e-03,1.5495573712e+00
445.000000,9.9963247534e-04,1.6702887826e+00
445.050000,1.0012632789e-03,1.5948122990e+00
445.100000,1.0001860001e-03,1.5812803731e+00
445.150000,1.0004289326e-03,1.7181843464e+00
445.200000,9.9805778785e-04,1.6546973336e+00
445.250000,9.9943739681e-04,1.6946588794e+00
445.300000,1.0008668793e-03,1.5539207477e+00
445.350000,9.9950113282e-04,1.6232327410e+00
445.400000,9.9902631073e-04,1.5416597180e+00
445.450000,1.0019971849e-03,1.5900545820e+00
445.500000,9.9992984600e-04,1.6116935099e+00
445.550000,9.9978220059e-04,1.6306361911e+00
445.600000,1.0014750571e-03,1.5065825941e+00
445.650000,9.9950425123e-04,1.6882338497e+00
445.700000,1.0003896154e-03,1.6629770348e+00
445.750000,1.0005699817e-03,1.5520925827e+00
445.800000,1.0013382118e-03,1.5520732763e+00
445.850000,1.0003492913e-03,1.6012433736e+00
445.900000,1.0008640785e-03,1.8076344644e+00
445.950000,1.0009007576e-03,1.6955988071e+00
446.000000,9.9927759686e-04,1.5686134981e+00
446.050000,1.0014633919e-03,1.5611702272e+00
446.100000,9.9956899977e-04,1.6884446789e+00
446.150000,9.9938348966e-04,1.4056547660e+00
446.200000,1.0001786655e-03,1.5167445753e+00
446.250000,1.0015442478e-03,1.5391192059e+00
446.300000,1.0001256204e-03,1.6652172111e+00
446.350000,9.9830104073e-04,1.6074124486e+00
446.400000,9.9953275436e-04,1.7160683784e+00
446.450000,1.0004565736e-03,1.5698850426e+00
446.500000,1.0000538097e-03,1.6983144375e+00
446.550000,1.0001483082e-03,1.6159768064e+00
446.600000,9.9984203648e-04,1.7220469317e+00
446.650000,1.0016587900e-03,1.6510791511e+00
446.700000,9.9871122339e-04,1.6272324043e+00
446.750000,1.0029312277e-03,1.6350677069e+00
446.800000,1.0008626300e-03,1.5187753064e+00
446.850000,1.0003045716e-03,1.5963244901e+00
446.900000,1.0012113179e-03,1.4623491878e+00
446.950000,9.9950148529e-04,1.6696251365e+00
447.000000,1.0002714882e-03,1.6026328152e+00
447.050000,1.0001874791e-03,1.6064194422e+00
447.100000,1.0001347843e-03,1.7696110205e+00
447.150000,9.9814019134e-04,1.5581367923e+00
447.200000,9.9997386701e-04,1.5926834855e+00
447.250000,1.0002973156e-03,1.6843419246e+00
447.300000,1.0003602692e-03,1.5616169315e+00
447.350000,1.0003931299e-03,1.5412404725e+00
447.400000,1.0002414981e-03,1.6006580506e+00
447.450000,1.0007174157e-03,1.6299885743e+00
447.500000,9.9956702106e-04,1.6526338147e+00
447.550000,9.9913724829e-04,1.5765760697e+00
447.600000,9.9977909622e-04,1.7065661287e+00
447.650000,1.0007896942e-03,1.7084189154e+00
447.700000,1.0017870689e-03,1.6181491208e+00
447.750000,9.9955730815e-04,1.5774596677e+00
447.800000,1.0001640406e-03,1.4584712570e+00
447.850000,1.0000080733e-03,1.5488222003e+00
447.900000,1.0004103756e-03,1.6444466824e+00
447.950000,9.9874806817e-04,1.4846523319e+00
448.000000,1.0006159421e-03,1.5342926023e+00
448.050000,1.0016887388e-03,1.5525653045e+00
448.100000,1.0013282428e-03,1.6484333720e+00
448.150000,9.9944809151e-04,1.5306123359e+00
448.200000,9.9991793843e-04,1.5872094334e+00
448.250000,1.0003289156e-03,1.6122005401e+00
448.300000,1.0009542912e-03,1.5141668230e+00
448.350000,9.9963593450e-04,1.6571684198e+00
448.400000,9.9858081736e-04,1.6276548722e+00
448.450000,9.9885919976e-04,1.6616834466e+00
448.500000,1.0013178993e-03,1.4347590888e+00
448.550000,9.9868651723e-04,1.5988751222e+00
448.600000,1.0005674208e-03,1.6046202533e+00
448.650000,9.9922370717e-04,1.6725405417e+00
448.700000,1.0011140626e-03,1.6272183701e+00
448.750000,9.9809890339e-04,1.7017306933e+00
448.800000,1.0005635704e-03,1.6586596908e+00
448.850000,9.9993206545e-04,1.5853468900e+00
448.900000,1.0003218384e-03,1.7022333931e+00
448.950000,1.0006105550e-03,1.5860428603e+00
449.000000,9.9987100386e-04,1.6189971252e+00
449.050000,9.9817354623e-04,1.6366762966e+00
449.100000,9.9840779464e-04,1.5634688849e+00
449.150000,1.0009721248e-03,1.5609627612e+00
449.200000,9.9785851146e-04,1.5840380645e+00
449.250000,9.9916907618e-04,1.6291445293e+00
449.300000,1.0009807053e-03,1.5935545422e+00
449.350000,1.0005376500e-03,1.5146260055e+00
449.400000,9.9900623703e-04,1.6306474033e+00
449.450000,1.0007521076e-03,1.6172722421e+00
449.500000,1.0001822204e-03,1.6439732948e+00
449.550000,9.9868708444e-04,1.5381470577e+00
449.600000,1.0009111131e-03,1.7177012358e+00
449.650000,1.0018711933e-03,1.7209989240e+00
449.700000,9.9919184104e-04,1.5897932647e+00
449.750000,9.9995967781e-04,1.6146216394e+00
449.800000,9.9916229724e-04,1.7123889420e+00
449.850000,9.9979278887e-04,1.5898667451e+00
449.900000,9.9951147521e-04,1.6137827072e+00
449.950000,1.0001808466e-03,1.6707479117e+00
450.000000,1.0010087947e-03,1.7104530997e+00
450.050000,9.9890980029e-04,1.5575955437e+00
450.100000,9.9894022969e-04,1.5938044541e+00
450.150000,9.9800865763e-04,1.5401291297e+00
450.200000,1.0004930990e-03,1.5791450539e+00
450.250000,9.9949521250e-04,1.5480387513e+00
450.300000,1.0010434403e-03,1.5273039311e+00
450.350000,1.0001951617e-03,1.5489308872e+00
450.400000,9.9819372657e-04,1.5195132010e+00
450.450000,1.0000793282e-03,1.5905999270e+00
450.500000,9.9877137033e-04,1.4626337741e+00
450.550000,1.0005659977e-03,1.5779267539e+00
450.600000,1.0003447461e-03,1.6775609454e+00
450.650000,1.0008181179e-03,1.6064445815e+00
450.700000,1.0010745412e-03,1.6715345952e+00
450.750000,1.0000954728e-03,1.5376641857e+00
450.800000,9.9847808992e-04,1.5898224314e+00
450.850000,1.0012030757e-03,1.6703242261e+00
450.900000,1.0002769465e-03,1.6234445194e+00
450.950000,9.9949051646e-04,1.6376872498e+00
451.000000,1.0016843873e-03,1.5902965170e+00
451.050000,9.9901973962e-04,1.5441089109e+00
451.100000,9.9864963452e-04,1.5999840660e+00
451.150000,9.9897580920e-04,1.5727032924e+00
451.200000,1.0003332690e-03,1.6413476778e+00
451.250000,9.9977654114e-04,1.5354597040e+00
451.300000,1.0005972482e-03,1.6972818108e+00
451.350000,9.9968226471e-04,1.4837374666e+00
451.400000,1.0009596201e-03,1.6451827663e+00
451.450000,9.9913403103e-04,1.7305791805e+00
451.500000,9.9936874434e-04,1.5576136844e+00
451.550000,1.0024054229e-03,1.5568432607e+00
451.600000,1.0009547317e-03,1.5277183438e+00
451.650000,9.9976003586e-04,1.5185549422e+00
451.700000,9.9796848128e-04,1.5803690211e+00
451.750000,1.0007215692e-03,1.5502789166e+00
451.800000,9.9903693511e-04,1.5665978799e+00
451.850000,9.9842006678e-04,1.6602686328e+00
451.900000,1.0009363080e-03,1.5907964524e+00
451.950000,1.0004414616e-03,1.5355023790e+00
452.000000,1.0024639672e-03,1.5805947300e+00
452.050000,1.0014783293e-03,1.5330596655e+00
452.100000,1.0009472116e-03,1.5026589406e+00
452.150000,1.0004801699e-03,1.4430591190e+00
452.200000,1.0006598236e-03,1.7638066409e+00
452.250000,1.0007172637e-03,1.6062498905e+00
452.300000,1.0011035417e-03,1.6013594248e+00
452.350000,1.0006292632e-03,1.6694048633e+00
452.400000,1.0014176711e-03,1.6058400025e+00
452.450000,9.9854846154e-04,1.5204341039e+00
452.500000,9.9926756468e-04,1.7737815028e+00
452.550000,9.9991305939e-04,1.7293696868e+00
452.600000,1.0001512712e-03,1.6064023405e+00
452.650000,9.9909461574e-04,1.6396985815e+00
452.700000,1.0015495382e-03,1.5344795288e+00
452.750000,1.0006461965e-03,1.5450474306e+00
452.800000,1.0005755436e-03,1.4926241585e+00
452.850000,9.9916770022e-04,1.5913588308e+00
452.900000,9.9953281706e-04,1.6439831397e+00
452.950000,9.9893423406e-04,1.5228948553e+00
453.000000,9.9895143497e-04,1.5292414636e+00
453.050000,1.0007491597e-03,1.5197645426e+00
453.100000,1.0002241727e-03,1.6915592464e+00
453.150000,1.0005471372e-03,1.7174694354e+00
453.200000,1.0002168306e-03,1.5299086844e+00
453.250000,1.0000388159e-03,1.5225022805e+00
453.300000,1.0004996748e-03,1.6903194685e+00
453.350000,1.0001043927e-03,1.5272436864e+00
453.400000,1.0001445562e-03,1.6800417387e+00
453.450000,1.0008876228e-03,1.6715649419e+00
453.500000,9.9885318771e-04,1.4820129954e+00
453.550000,9.9875990723e-04,1.7924158023e+00
453.600000,9.9925884663e-04,1.5261425185e+00
453.650000,9.9922256014e-04,1.6476662984e+00
453.700000,1.0013379807e-03,1.5997434382e+00
453.750000,1.0003862876e-03,1.6170688797e+00
453.800000,9.9841776843e-04,1.5339783661e+00
453.850000,1.0006142157e-03,1.5073076123e+00
453.900000,9.9912467403e-04,1.6681888055e+00
453.950000,1.0014813903e-03,1.6263552313e+00
454.000000,9.9883763927e-04,1.6073423854e+00
454.050000,1.0008609599e-03,1.5449447056e+00
454.100000,9.9982645793e-04,1.6565549295e+00
454.150000,1.0024935020e-03,1.6374625551e+00
454.200000,1.0012881582e-03,1.6182827015e+00
454.250000,1.0003984509e-03,1.6483730122e+00
454.300000,9.9849894627e-04,1.5861214631e+00
454.350000,1.0013926049e-03,1.7222183320e+00
454.400000,1.0014081156e-03,1.5135750282e+00
454.450000,9.9955580003e-04,1.8492490557e+00
454.500000,1.0002243252e-03,1.5128290367e+00
454.550000,9.9969873396e-04,1.4113401201e+00
454.600000,9.9912059532e-04,1.6983841535e+00
454.650000,9.9967535968e-04,1.5960342454e+00
454.700000,9.9988184091e-04,1.7247469288e+00
454.750000,9.9994981530e-04,1.5172176787e+00
454.800000,1.0012497278e-03,1.6627270290e+00
454.850000,9.9976867921e-04,1.5241627085e+00
454.900000,1.0017078540e-03,1.7522933111e+00
454.950000,9.9921853581e-04,1.6450362767e+00
455.000000,1.0017205728e-03,1.6714389708e+00
455.050000,9.9934452270e-04,1.4695489460e+00
455.100000,1.0002025310e-03,1.4884494833e+00
455.150000,1.0014730653e-03,1.5648016904e+00
455.200000,1.0003455743e-03,1.5917258275e+00
455.250000,1.0002957019e-03,1.6025995865e+00
455.300000,9.9934763698e-04,1.6430612844e+00
455.350000,1.0009238933e-03,1.5308240322e+00
455.400000,1.0002524754e-03,1.5725000688e+00
455.450000,1.0024937874e-03,1.4870794749e+00
455.500000,9.9862338230e-04,1.5508314974e+00
455.550000,9.9990902528e-04,1.6341867252e+00
455.600000,1.0011998929e-03,1.6002735856e+00
455.650000,9.9939775321e-04,1.5583512967e+00
455.700000,9.9806035570e-04,1.6740154726e+00
455.750000,1.0018467768e-03,1.6400964485e+00
455.800000,1.0002795866e-03,1.7840332984e+00
455.850000,1.0004473589e-03,1.7100380091e+00
455.900000,1.0006634817e-03,1.6621887039e+00
455.950000,1.0004373743e-03,1.5327730806e+00
456.000000,1.0013474842e-03,1.6218855650e+00
456.050000,1.0003576109e-03,1.6182009720e+00
456.100000,9.9992981181e-04,1.7306887763e+00
456.150000,9.9936044337e-04,1.5671942710e+00
456.200000,9.9791831763e-04,1.6365169863e+00
456.250000,9.9959718452e-04,1.6924338672e+00
456.300000,9.9993850021e-04,1.5634059721e+00
456.350000,1.0008370466e-03,1.6315588310e+00
456.400000,9.9960557137e-04,1.5220110982e+00
456.450000,9.9982953442e-04,1.4725644839e+00
456.500000,1.0016452229e-03,1.5579384838e+00
456.550000,9.9928869544e-04,1.6254382570e+00
456.600000,9.9980560477e-04,1.7143744537e+00
456.650000,9.9940689316e-04,1.5038703169e+00
456.700000,9.9888706655e-04,1.6070559956e+00
456.750000,9.9957504823e-04,1.6677650750e+00
456.800000,1.0003868434e-03,1.4459024760e+00
456.850000,1.0000806828e-03,1.6304112273e+00
456.900000,1.0009636384e-03,1.4816680617e+00
456.950000,9.9972919405e-04,1.5469569123e+00
457.000000,9.9842570707e-04,1.5309139213e+00
457.050000,9.9969136700e-04,1.6055536951e+00
457.100000,9.9876954073e-04,1.6298498263e+00
457.150000,9.9997387497e-04,1.4677966574e+00
457.200000,1.0008629001e-03,1.6068085330e+00
457.250000,9.9877210160e-04,1.6007766427e+00
457.300000,1.0004336723e-03,1.7985681637e+00
457.350000,9.9796506472e-04,1.6707368235e+00
457.400000,1.0004464488e-03,1.6829645851e+00
457.450000,1.0001757226e-03,1.4711916066e+00
457.500000,1.0000703056e-03,1.5900864190e+00
457.550000,9.9973404109e-04,1.4621449559e+00
457.600000,9.9990738899e-04,1.6657812025e+00
457.650000,1.0016306587e-03,1.5641174640e+00
457.700000,9.9966546557e-04,1.6347204314e+00
457.750000,9.9816674915e-04,1.7620432574e+00
457.800000,1.0015016516e-03,1.6260862793e+00
457.850000,1.0004699200e-03,1.7264060803e+00
457.900000,1.0015425329e-03,1.5280700050e+00
457.950000,9.9973233046e-04,1.7073799658e+00
458.000000,9.9959420956e-04,1.5061926732e+00
458.050000,1.0006307614e-03,1.6922426919e+00
458.100000,1.0010408129e-03,1.7082110774e+00
458.150000,1.0004967987e-03,1.4384031317e+00
458.200000,1.0008746829e-03,1.6931281258e+00
458.250000,9.9995042668e-04,1.4840109235e+00
458.300000,9.9901004785e-04,1.6555641102e+00
458.350000,1.0006583445e-03,1.7278179405e+00
458.400000,9.9920073690e-04,1.6272473386e+00
458.450000,9.9986595949e-04,1.7488281924e+00
458.500000,1.0007362797e-03,1.5219018198e+00
458.550000,9.9950077572e-04,1.6826585815e+00
458.600000,9.9883405189e-04,1.5217602714e+00
458.650000,9.9868573316e-04,1.5566624576e+00
458.700000,1.0003499462e-03,1.6016470631e+00
458.750000,1.0015960190e-03,1.7164519025e+00
458.800000,9.9958612304e-04,1.5396117384e+00
458.850000,1.0021295461e-03,1.6335172996e+00
458.900000,9.9939005824e-04,1.5544739074e+00
458.950000,9.9956480428e-04,1.6273295291e+00
459.000000,9.9990296960e-04,1.6349734252e+00
459.050000,1.0017786905e-03,1.4652806966e+00
459.100000,9.9998392715e-04,1.5936137299e+00
459.150000,1.0012511954e-03,1.5972596200e+00
459.200000,1.0010787006e-03,1.6063417215e+00
459.250000,9.9940754067e-04,1.6789658240e+00
459.300000,1.0012576457e-03,1.5339562917e+00
459.350000,9.9909226783e-04,1.6236732028e+00
459.400000,9.9972728199e-04,1.5952207154e+00
459.450000,1.0002096780e-03,1.8027938372e+00
459.500000,9.9913019616e-04,1.6984821407e+00
459.550000,9.9969736982e-04,1.6030625003e+00
459.600000,9.9967522344e-04,1.5062210861e+00
459.650000,1.0000815793e-03,1.6318858976e+00
459.700000,1.0002238121e-03,1.6679034680e+00
459.750000,1.0020905833e-03,1.6432178143e+00
459.800000,1.0004830091e-03,1.6215671178e+00
459.850000,1.0001225570e-03,1.5405617284e+00
459.900000,9.9735822958e-04,1.5898332343e+00
459.950000,9.9948977258e-04,1.5982677428e+00
460.000000,1.0007610463e-03,1.4894831047e+00
460.050000,9.9928754213e-04,1.6595032399e+00
460.100000,9.9949217750e-04,1.6856511774e+00
460.150000,1.0014725087e-03,1.6317421157e+00
460.200000,1.0018636530e-03,1.5195393947e+00
460.250000,1.0011893065e-03,1.4798552306e+00
460.300000,9.9784746856e-04,1.5472512229e+00
460.350000,9.9959550235e-04,1.5239003401e+00
460.400000,1.0005225021e-03,1.7054797458e+00
460.450000,9.9952892691e-04,1.6242412065e+00
460.500000,1.0014402432e-03,1.5852826740e+00
460.550000,9.9995271439e-04,1.5681132767e+00
460.600000,1.0001619403e-03,1.4646538789e+00
460.650000,9.9984726958e-04,1.5071789581e+00
460.700000,9.9936114234e-04,1.5836290537e+00
460.750000,9.9844681821e-04,1.6263147442e+00
460.800000,1.0004017407e-03,1.6677867717e+00
460.850000,1.0002830029e-03,1.4582315956e+00
460.900000,9.9896993881e-04,1.6540264053e+00
460.950000,9.9904746431e-04,1.6378062985e+00
461.000000,1.0011072903e-03,1.6617481526e+00
461.050000,9.9819621731e-04,1.5184262018e+00
461.100000,9.9949151560e-04,1.5644220310e+00
461.150000,9.9940872700e-04,1.5410826871e+00
461.200000,1.0008814155e-03,1.6068181139e+00
461.250000,1.0000828337e-03,1.6907018161e+00
461.300000,9.9892819524e-04,1.5692035198e+00
461.350000,1.0005837573e-03,1.4940417402e+00
461.400000,9.9952927004e-04,1.5821652671e+00
461.450000,1.0001006478e-03,1.5274331069e+00
461.500000,1.0007450537e-03,1.4772315310e+00
461.550000,1.0005947894e-03,1.6030032663e+00
461.600000,1.0000688526e-03,1.7266249228e+00
461.650000,1.0002897099e-03,1.6707087734e+00
461.700000,9.9897229819e-04,1.6104078330e+00
461.750000,9.9969965274e-04,1.6039179552e+00
461.800000,9.9992015911e-04,1.5955175991e+00
461.850000,9.9873795566e-04,1.6869382802e+00
461.900000,1.0025207799e-03,1.5413994718e+00
461.950000,1.0000079420e-03,1.5632717739e+00
462.000000,1.0003864548e-03,1.5723955557e+00
462.050000,9.9945718188e-04,1.5849500077e+00
462.100000,1.0001211715e-03,1.5662223328e+00
462.150000,9.9835037515e-04,1.5580353099e+00
462.200000,9.9988144351e-04,1.7058897727e+00
462.250000,1.0001568851e-03,1.7332719501e+00
462.300000,1.0001362780e-03,1.5494513823e+00
462.350000,9.9873393742e-04,1.5846149238e+00
462.400000,1.0006618086e-03,1.6098417170e+00
462.450000,9.9973848166e-04,1.5417477595e+00
462.500000,1.0000514649e-03,1.6091564550e+00
462.550000,1.0021710807e-03,1.6086574983e+00
462.600000,9.9928927129e-04,1.7991480177e+00
462.650000,9.9923702554e-04,1.6415024531e+00
462.700000,1.0010924547e-03,1.6397903957e+00
462.750000,9.9935957319e-04,1.6335230960e+00
462.800000,1.0008770479e-03,1.6015820711e+00
462.850000,9.9908161799e-04,1.5931431612e+00
462.900000,9.9912438567e-04,1.5917429121e+00
462.950000,1.0004689946e-03,1.6203952740e+00
463.000000,9.9817561714e-04,1.7357617671e+00
463.050000,9.9985349134e-04,1.6825071990e+00
463.100000,1.0003119236e-03,1.7450562634e+00
463.150000,1.0002775839e-03,1.7118348822e+00
463.200000,9.9822879676e-04,1.6311529225e+00
463.250000,1.0014302120e-03,1.4031504165e+00
463.300000,9.9900001734e-04,1.6671588920e+00
463.350000,9.9999070109e-04,1.7120799893e+00
463.400000,9.9925453608e-04,1.6476009023e+00
463.450000,1.0011825242e-03,1.5540823265e+00
463.500000,1.0025077183e-03,1.6932439560e+00
463.550000,1.0002562328e-03,1.5761714224e+00
463.600000,9.9916638856e-04,1.5197677394e+00
463.650000,9.9851525548e-04,1.5812900933e+00
463.700000,9.9999449191e-04,1.5017910029e+00
463.750000,9.9911158010e-04,1.4825553628e+00
463.800000,1.0009879066e-03,1.7121752723e+00
463.850000,9.9920052130e-04,1.7338544115e+00
463.900000,9.9994301753e-04,1.5990077096e+00
463.950000,9.9999109398e-04,1.7132079552e+00
464.000000,9.9802129621e-04,1.5063373294e+00
464.050000,9.9968185584e-04,1.4103527237e+00
464.100000,9.9833494692e-04,1.5604095788e+00
464.150000,9.9934089976e-04,1.5928498945e+00
464.200000,9.9965246168e-04,1.4775811426e+00
464.250000,9.9958475297e-04,1.7288537924e+00
464.300000,9.9982082281e-04,1.6376789728e+00
464.350000,9.9955236319e-04,1.6610583299e+00
464.400000,1.0008877068e-03,1.5007181280e+00
464.450000,9.9935911812e-04,1.6793210063e+00
464.500000,1.0003562222e-03,1.6934595546e+00
464.550000,1.0014780153e-03,1.5902757896e+00
464.600000,9.9886044049e-04,1.4911612159e+00
464.650000,1.0005320174e-03,1.5949290064e+00
464.700000,1.0005941311e-03,1.6341722712e+00
464.750000,9.9908995900e-04,1.6352043906e+00
464.800000,1.0004859788e-03,1.6215198050e+00
464.850000,9.9985236880e-04,1.6784591746e+00
464.900000,1.0001149521e-03,1.7113840748e+00
464.950000,9.9944617396e-04,1.5767705802e+00
465.000000,9.9910380624e-04,1.5500675016e+00
465.050000,9.9935909458e-04,1.6682189992e+00
465.100000,9.9954841941e-04,1.5701245843e+00
465.150000,9.9941789934e-04,1.6299720056e+00
465.200000,1.0005832157e-03,1.6225977012e+00
465.250000,1.0011297429e-03,1.5519951519e+00
465.300000,1.0009642396e-03,1.5417222931e+00
465.350000,1.0006630408e-03,1.5458952289e+00
465.400000,1.0010595315e-03,1.6967159593e+00
465.450000,9.9877116207e-04,1.6266705584e+00
465.500000,9.9903898600e-04,1.6957647919e+00
465.550000,9.9965507179e-04,1.7189965034e+00
465.600000,1.0009009346e-03,1.6528637377e+00
465.650000,9.9987982434e-04,1.4883703453e+00
465.700000,1.0008240866e-03,1.5868325059e+00
465.750000,1.0004305376e-03,1.7552615659e+00
465.800000,9.9970148318e-04,1.6139942604e+00
465.850000,9.9985277463e-04,1.6457573980e+00
465.900000,9.9985340204e-04,1.7046151975e+00
465.950000,9.9904011955e-04,1.4758741657e+00
466.000000,1.0017370912e-03,1.6337144197e+00
466.050000,1.0017268754e-03,1.6251851695e+00
466.100000,9.9893085782e-04,1.5493208350e+00
466.150000,1.0013773705e-03,1.7134446436e+00
466.200000,9.9821610403e-04,1.5985845075e+00
466.250000,1.0008855970e-03,1.6644093513e+00
466.300000,1.0003291373e-03,1.6231346031e+00
466.350000,9.9826590691e-04,1.5134436993e+00
466.400000,1.0002972671e-03,1.5758032963e+00
466.450000,1.0003018302e-03,1.5578187034e+00
466.500000,1.0006794893e-03,1.7286793161e+00
466.550000,9.9974163999e-04,1.5325341207e+00
466.600000,9.9935423140e-04,1.5856658745e+00
466.650000,1.0011599784e-03,1.5340569170e+00
466.700000,1.0011622127e-03,1.5710489838e+00
466.750000,9.9860725061e-04,1.6361759021e+00
466.800000,9.9907489878e-04,1.7741875050e+00
466.850000,9.9981047401e-04,1.6568154732e+00
466.900000,9.9975882704e-04,1.6383427528e+00
466.950000,9.9985271249e-04,1.5016370791e+00
467.000000,1.0008697574e-03,1.6433067711e+00
467.050000,1.0010129463e-03,1.6818134737e+00
467.100000,1.0008347550e-03,1.6610119721e+00
467.150000,9.9989729904e-04,1.5386975680e+00
467.200000,9.9983965091e-04,1.5431609089e+00
467.250000,9.9993677580e-04,1.6932364318e+00
467.300000,1.0007296271e-03,1.6237215212e+00
467.350000,1.0009315386e-03,1.6477521721e+00
467.400000,1.0007700560e-03,1.5931874223e+00
467.450000,9.9842385580e-04,1.6921204580e+00
467.500000,9.9972484113e-04,1.5829591674e+00
467.550000,1.0023240666e-03,1.5165276539e+00
467.600000,1.0010363001e-03,1.6115390852e+00
467.650000,1.0006268656e-03,1.5972944024e+00
467.700000,1.0002423315e-03,1.5748353858e+00
467.750000,1.0008876906e-03,1.6027654784e+00
467.800000,1.0000039028e-03,1.7453873929e+00
467.850000,1.0010509794e-03,1.5795490753e+00
467.900000,1.0010416324e-03,1.7513297230e+00
467.950000,1.0008006846e-03,1.6955287050e+00
468.000000,9.9956471482e-04,1.5620632512e+00
468.050000,1.0007071921e-03,1.5863111701e+00
468.100000,1.0014116626e-03,1.6107153937e+00
468.150000,9.9904293228e-04,1.6530775086e+00
468.200000,9.9771127985e-04,1.6346289779e+00
468.250000,9.9957789602e-04,1.5959303188e+00
468.300000,1.0010362520e-03,1.6946588838e+00
468.350000,1.0000387349e-03,1.6284289230e+00
468.400000,9.9949563155e-04,1.6777574549e+00
468.450000,1.0005811147e-03,1.6016403260e+00
468.500000,9.9971294349e-04,1.5013532460e+00
468.550000,1.0012647396e-03,1.5848448105e+00
468.600000,9.9997859291e-04,1.5233034221e+00
468.650000,1.0003463328e-03,1.6383343860e+00
468.700000,9.9904987777e-04,1.5780922064e+00
468.750000,1.0010137075e-03,1.5864439662e+00
468.800000,1.0003562293e-03,1.7461370534e+00
468.850000,1.0009423666e-03,1.5916718064e+00
468.900000,1.0015521541e-03,1.5846058004e+00
468.950000,1.0000982826e-03,1.6144968791e+00
469.000000,9.9754286481e-04,1.4227110603e+00
469.050000,1.0004194569e-03,1.6036655260e+00
469.100000,9.9909975103e-04,1.6697412059e+00
469.150000,9.9981355330e-04,1.6607422863e+00
469.200000,9.9864570911e-04,1.6901847839e+00
469.250000,1.0009256152e-03,1.5648320519e+00
469.300000,1.0001687973e-03,1.5318677618e+00
469.350000,9.9878678677e-04,1.4902965267e+00
469.400000,9.9919891062e-04,1.6643216760e+00
469.450000,9.9964281019e-04,1.4998964542e+00
469.500000,9.9898293174e-04,1.5072082512e+00
469.550000,9.9976696153e-04,1.4940326310e+00
469.600000,1.0008720863e-03,1.3344912811e+00
469.650000,9.9995061019e-04,1.6785562787e+00
469.700000,1.0012243080e-03,1.6381781604e+00
469.750000,9.9945214391e-04,1.5360169627e+00
469.800000,9.9838227636e-04,1.6791369755e+00
469.850000,9.9908857389e-04,1.7053310236e+00
469.900000,1.0009976294e-03,1.5677864078e+00
469.950000,9.9894927670e-04,1.4814207848e+00
470.000000,1.0021580748e-03,1.5322880098e+00
470.050000,1.0002852692e-03,1.5377429807e+00
470.100000,1.0004761977e-03,1.6975799871e+00
470.150000,9.9979520406e-04,1.5808369599e+00
470.200000,1.0017473413e-03,1.6304730512e+00
470.250000,1.0010495942e-03,1.6656055320e+00
470.300000,1.0012357457e-03,1.5100093178e+00
470.350000,9.9915260940e-04,1.5789226931e+00
470.400000,9.9958399063e-04,1.6909286923e+00
470.450000,1.0008449202e-03,1.4932663521e+00
470.500000,1.0007939647e-03,1.7014031064e+00
470.550000,9.9905125975e-04,1.5978088723e+00
470.600000,1.0007178062e-03,1.6739843815e+00
470.650000,9.9720097236e-04,1.5036320410e+00
470.700000,1.0017816669e-03,1.5834818772e+00
470.750000,1.0003219167e-03,1.4337023271e+00
470.800000,9.9991511268e-04,1.7179644193e+00
470.850000,1.0002224064e-03,1.4638033600e+00
470.900000,9.9988073785e-04,1.6446886283e+00
470.950000,9.9922786480e-04,1.6666730447e+00
471.000000,9.9961492878e-04,1.5837632388e+00
471.050000,1.0009734698e-03,1.6494202357e+00
471.100000,1.0002944607e-03,1.5644920813e+00
471.150000,1.0002289138e-03,1.5132572146e+00
471.200000,1.0015340533e-03,1.4095687091e+00
471.250000,9.9989604904e-04,1.6366607675e+00
471.300000,9.9891806099e-04,1.6641672697e+00
471.350000,1.0002390387e-03,1.5013649332e+00
471.400000,9.9910422802e-04,1.6195554995e+00
471.450000,9.9954072110e-04,1.6166436425e+00
471.500000,1.0006013017e-03,1.5950771200e+00
471.550000,1.0011155812e-03,1.6088764164e+00
471.600000,9.9870687530e-04,1.6464000214e+00
471.650000,9.9981843705e-04,1.4981413561e+00
471.700000,1.0024861635e-03,1.5420903526e+00
471.750000,1.0001881824e-03,1.7403023243e+00
471.800000,1.0013976575e-03,1.7357920673e+00
471.850000,9.9964743178e-04,1.6495991694e+00
471.900000,1.0015595489e-03,1.5462436263e+00
471.950000,9.9945282803e-04,1.6007876757e+00
472.000000,9.9943007440e-04,1.6810151529e+00
472.050000,9.9995611330e-04,1.5614915149e+00
472.100000,1.0000175546e-03,1.5768104592e+00
472.150000,9.9948637101e-04,1.6375692638e+00
472.200000,1.0012468493e-03,1.7371336005e+00
472.250000,1.0000042524e-03,1.5253773905e+00
472.300000,9.9965873236e-04,1.5320151906e+00
472.350000,9.9996696644e-04,1.6872847541e+00
472.400000,9.9996853243e-04,1.6885668222e+00
472.450000,9.9951519091e-04,1.6457454232e+00
472.500000,1.0002403850e-03,1.6121528265e+00
472.550000,9.9860899367e-04,1.6212758934e+00
472.600000,9.9820485427e-04,1.5355758696e+00
472.650000,9.9969041193e-04,1.5985864119e+00
472.700000,1.0001284811e-03,1.6726414024e+00
472.750000,1.0011896201e-03,1.4154530111e+00
472.800000,9.9999241669e-04,1.6618459700e+00
472.850000,9.9793167287e-04,1.6282717026e+00
472.900000,9.9834681588e-04,1.5846916583e+00
472.950000,9.9975208360e-04,1.7310278562e+00
473.000000,9.9976900412e-04,1.6128635134e+00
473.050000,9.9894605074e-04,1.3956609199e+00
473.100000,9.9988896715e-04,1.5381592745e+00
473.150000,9.9990410011e-04,1.6491762563e+00
473.200000,1.0001346758e-03,1.5993301424e+00
473.250000,1.0001072225e-03,1.7642026117e+00
473.300000,1.0008397078e-03,1.5538545089e+00
473.350000,1.0002331184e-03,1.6390464202e+00
473.400000,9.9810274757e-04,1.8188377025e+00
473.450000,1.0002179154e-03,1.4595821825e+00
473.500000,9.9850193410e-04,1.6897789577e+00
473.550000,9.9921705135e-04,1.5642907352e+00
473.600000,1.0014584312e-03,1.6136505856e+00
473.650000,9.9873877487e-04,1.6507599471e+00
473.700000,1.0009716988e-03,1.5428623848e+00
473.750000,9.9973112304e-04,1.4651040096e+00
473.800000,1.0001775800e-03,1.6351443892e+00
473.850000,1.0006586440e-03,1.5688327439e+00
473.900000,1.0005974657e-03,1.4456629614e+00
473.950000,9.9933010171e-04,1.6048043859e+00
474.000000,1.0001596707e-03,1.7689353586e+00
474.050000,9.9875022497e-04,1.6695825957e+00
474.100000,9.9994312430e-04,1.6958723169e+00
474.150000,1.0007074322e-03,1.6863050589e+00
474.200000,1.0014085458e-03,1.6630414311e+00
474.250000,1.0003283428e-03,1.6176976305e+00
474.300000,1.0019346075e-03,1.5875457695e+00
474.350000,1.0025293298e-03,1.6740203366e+00
474.400000,1.0000719863e-03,1.5679774592e+00
474.450000,1.0009177190e-03,1.5409286338e+00
474.500000,9.9889983253e-04,1.6677328507e+00
474.550000,1.0000212963e-03,1.6417506502e+00
474.600000,9.9923677032e-04,1.5968857449e+00
474.650000,9.9802889909e-04,1.7143565412e+00
474.700000,9.9913866414e-04,1.5731257036e+00
474.750000,1.0015579732e-03,1.4993682452e+00
474.800000,1.0022780987e-03,1.6834841794e+00
474.850000,9.9887257389e-04,1.6556975472e+00
474.900000,9.9915086058e-04,1.6476315812e+00
474.950000,1.0006729095e-03,1.6195227895e+00
475.000000,1.0015198553e-03,1.5844842450e+00
475.050000,9.9971341665e-04,1.6112349191e+00
475.100000,1.0002359916e-03,1.6417350049e+00
475.150000,1.0004528190e-03,1.5278011174e+00
475.200000,9.9994058036e-04,1.6792007876e+00
475.250000,9.9669600092e-04,1.6416642893e+00
475.300000,1.0010589529e-03,1.6273628741e+00
475.350000,1.0000664849e-03,1.6163811913e+00
475.400000,1.0008322290e-03,1.5029388511e+00
475.450000,1.0000922036e-03,1.3191086951e+00
475.500000,9.9972983503e-04,1.5810473060e+00
475.550000,1.0000377397e-03,1.6018445049e+00
475.600000,1.0009149856e-03,1.5451573996e+00
475.650000,1.0014363340e-03,1.5376682189e+00
475.700000,9.9992405197e-04,1.5810905366e+00
475.750000,9.9932166023e-04,1.5634718590e+00
475.800000,1.0003330725e-03,1.6110239658e+00
475.850000,9.9903822429e-04,1.6375178519e+00
475.900000,1.0014911905e-03,1.5334855451e+00
475.950000,1.0001632161e-03,1.5075527820e+00
476.000000,1.0028613251e-03,1.6961262079e+00
476.050000,1.0001665227e-03,1.5894574258e+00
476.100000,9.9873353999e-04,1.7311992473e+00
476.150000,9.9951432279e-04,1.5873157187e+00
476.200000,9.9907969989e-04,1.7180359208e+00
476.250000,1.0012101481e-03,1.5664906623e+00
476.300000,1.0008639353e-03,1.5795998789e+00
476.350000,1.0000095672e-03,1.6192512363e+00
476.400000,1.0005321824e-03,1.5606661361e+00
476.450000,9.9825965941e-04,1.5170041271e+00
476.500000,9.9944299765e-04,1.7470920768e+00
476.550000,1.0012722361e-03,1.5594256468e+00
476.600000,1.0007104763e-03,1.7365485689e+00
476.650000,1.0002557589e-03,1.7160483916e+00
476.700000,1.0011355510e-03,1.5354830898e+00
476.750000,9.9926145658e-04,1.5748364694e+00
476.800000,9.9952556311e-04,1.5598494597e+00
476.850000,1.0003443540e-03,1.7315778317e+00
476.900000,9.9888026337e-04,1.6296176088e+00
476.950000,9.9928836412e-04,1.5680125374e+00
477.000000,9.9821959192e-04,1.5424327801e+00
477.050000,1.0000513546e-03,1.5362143211e+00
477.100000,1.0008070161e-03,1.7844103229e+00
477.150000,1.0005275054e-03,1.5050060611e+00
477.200000,1.0000382119e-03,1.6451523967e+00
477.250000,9.9932667380e-04,1.6077219907e+00
477.300000,9.9822772142e-04,1.6452135185e+00
477.350000,9.9749810653e-04,1.6550614005e+00
477.400000,1.0009252537e-03,1.6110329972e+00
477.450000,9.9990464233e-04,1.6776707277e+00
477.500000,9.9970434687e-04,1.7643306004e+00
477.550000,9.9998352654e-04,1.6724161225e+00
477.600000,9.9954510058e-04,1.6539612335e+00
477.650000,1.0013894322e-03,1.4640576668e+00
477.700000,9.9905972603e-04,1.7507158979e+00
477.750000,1.0011060432e-03,1.7221683468e+00
477.800000,1.0005697125e-03,1.6571476650e+00
477.850000,1.0001369630e-03,1.5125403967e+00
477.900000,1.0013059869e-03,1.4327858680e+00
477.950000,1.0000302830e-03,1.4983154086e+00
478.000000,1.0013530136e-03,1.5905318202e+00
478.050000,9.9895538659e-04,1.6561610414e+00
478.100000,9.9918218542e-04,1.6376171918e+00
478.150000,1.0007850733e-03,1.5150591270e+00
478.200000,9.9911708974e-04,1.7583445439e+00
478.250000,9.9957501947e-04,1.6479727189e+00
478.300000,9.9991091367e-04,1.5547718537e+00
478.350000,9.9919396196e-04,1.5145681945e+00
478.400000,9.9930429536e-04,1.6560377276e+00
478.450000,9.9814874928e-04,1.4546026066e+00
478.500000,1.0011590906e-03,1.5739987240e+00
478.550000,1.0004708761e-03,1.7546470391e+00
478.600000,9.9975257405e-04,1.5923946925e+00
478.650000,1.0007014641e-03,1.4609776794e+00
478.700000,1.0012469557e-03,1.5816483351e+00
478.750000,1.0000428867e-03,1.5766811437e+00
478.800000,1.0011718015e-03,1.6122834801e+00
478.850000,1.0011227066e-03,1.5434961454e+00
478.900000,1.0006564671e-03,1.6343237717e+00
478.950000,1.0009325636e-03,1.5425976564e+00
479.000000,9.9964500430e-04,1.6202483876e+00
479.050000,9.9864957162e-04,1.5004727813e+00
479.100000,1.0000546552e-03,1.7494793625e+00
479.150000,9.9996751138e-04,1.7723182342e+00
479.200000,1.0013775397e-03,1.7327467974e+00
479.250000,1.0012023606e-03,1.7564013573e+00
479.300000,1.0003938952e-03,1.5767055075e+00
479.350000,1.0016933420e-03,1.6511109532e+00
479.400000,9.9990494263e-04,1.4600295928e+00
479.450000,9.9943061650e-04,1.6129781904e+00
479.500000,9.9922042334e-04,1.5947695733e+00
479.550000,9.9940935780e-04,1.6544042609e+00
479.600000,9.9984691921e-04,1.6584855076e+00
479.650000,1.0000304571e-03,1.3633990813e+00
479.700000,9.9912721727e-04,1.5181854998e+00
479.750000,9.9985395018e-04,1.5922186572e+00
479.800000,9.9842907498e-04,1.6242967832e+00
479.850000,9.9990116836e-04,1.5096851628e+00
479.900000,1.0006543130e-03,1.5450469341e+00
479.950000,9.9986067524e-04,1.6550299878e+00
480.000000,9.9949175493e-04,1.6327623349e+00
480.050000,1.0013414516e-03,1.5397673537e+00
480.100000,9.9813638984e-04,1.5607280499e+00
480.150000,1.0004811441e-03,1.4886727448e+00
480.200000,9.9978073342e-04,1.6699967614e+00
480.250000,9.9851567455e-04,1.6119414081e+00
480.300000,9.9973473055e-04,1.5649200008e+00
480.350000,1.0004021386e-03,1.6066110881e+00
480.400000,9.9830293271e-04,1.7541036463e+00
480.450000,1.0008878626e-03,1.5057133752e+00
480.500000,9.9963340357e-04,1.6305412139e+00
480.550000,9.9967653743e-04,1.6102528188e+00
480.600000,1.0006231761e-03,1.6436376172e+00
480.650000,1.0009595785e-03,1.6406750810e+00
480.700000,9.9954632976e-04,1.6071688369e+00
480.750000,9.9840853055e-04,1.5546132234e+00
480.800000,1.0009954945e-03,1.6075334739e+00
480.850000,1.0004223722e-03,1.6141140345e+00
480.900000,1.0009619737e-03,1.5656202482e+00
480.950000,9.9960645801e-04,1.7259394617e+00
481.000000,1.0013779857e-03,1.5561609545e+00
481.050000,9.9887874490e-04,1.6330638787e+00
481.100000,9.9998746098e-04,1.5968535491e+00
481.150000,9.9997808514e-04,1.6350870605e+00
481.200000,1.0002163670e-03,1.7136274572e+00
481.250000,9.9979302914e-04,1.4876569349e+00
481.300000,9.9909312407e-04,1.5448129764e+00
481.350000,9.9852208622e-04,1.5575736532e+00
481.400000,9.9938385121e-04,1.6161423275e+00
481.450000,1.0006822988e-03,1.6243074491e+00
481.500000,1.0005839356e-03,1.5886047525e+00
481.550000,1.0004480220e-03,1.7359128668e+00
481.600000,1.0000296981e-03,1.6827057739e+00
481.650000,9.9864923800e-04,1.7467301251e+00
481.700000,1.0002928496e-03,1.5058396739e+00
481.750000,9.9926652875e-04,1.6219331442e+00
481.800000,1.0006386900e-03,1.5816664573e+00
481.850000,1.0013840431e-03,1.4330726483e+00
481.900000,9.9982830035e-04,1.6438114495e+00
481.950000,9.9955380939e-04,1.6566770901e+00
482.000000,9.9788239070e-04,1.5504269077e+00
482.050000,9.9987155690e-04,1.6708850329e+00
482.100000,9.9969033331e-04,1.5287258413e+00
482.150000,9.9935287083e-04,1.6526188237e+00
482.200000,9.9985990785e-04,1.5719825332e+00
482.250000,1.0001389218e-03,1.4775983671e+00
482.300000,9.9867065811e-04,1.6009320495e+00
482.350000,9.9796073769e-04,1.5561657238e+00
482.400000,9.9944246867e-04,1.6557788499e+00
482.450000,1.0005227487e-03,1.5693012727e+00
482.500000,1.0007319985e-03,1.6831758933e+00
482.550000,9.9886235293e-04,1.6936817794e+00
482.600000,9.9971156018e-04,1.7430478596e+00
482.650000,9.9961367700e-04,1.5158958716e+00
482.700000,1.0019002217e-03,1.6781720771e+00
482.750000,1.0006979529e-03,1.6057241836e+00
482.800000,9.9927874529e-04,1.6372125811e+00
482.850000,9.9901544608e-04,1.6069017124e+00
482.900000,1.0009919947e-03,1.6640879992e+00
482.950000,9.9982913735e-04,1.6962421934e+00
483.000000,1.0001619735e-03,1.4473977805e+00
483.050000,9.9934142199e-04,1.5726282823e+00
483.100000,1.0007522504e-03,1.6927937735e+00
483.150000,9.9926408240e-04,1.5955413001e+00
483.200000,9.9984173442e-04,1.6534408308e+00
483.250000,9.9926543417e-04,1.5808770478e+00
483.300000,9.9864065409e-04,1.6804877939e+00
483.350000,1.0009946583e-03,1.5266985842e+00
483.400000,9.9938148260e-04,1.5755609509e+00
483.450000,9.9984550749e-04,1.4527407488e+00
483.500000,1.0015424785e-03,1.6131302020e+00
483.550000,1.0005424754e-03,1.4743484564e+00
483.600000,1.0002821399e-03,1.6538439355e+00
483.650000,1.0010521638e-03,1.5199750816e+00
483.700000,1.0010051478e-03,1.4816022744e+00
483.750000,1.0003345446e-03,1.5826879516e+00
483.800000,1.0004869362e-03,1.4820096706e+00
483.850000,1.0009978959e-03,1.5314118806e+00
483.900000,9.9878561848e-04,1.6584731943e+00
483.950000,1.0003312810e-03,1.6020272208e+00
484.000000,1.0010613772e-03,1.7031192672e+00
484.050000,9.9877245556e-04,1.6093284724e+00
484.100000,1.0005984136e-03,1.7133585035e+00
484.150000,1.0001109380e-03,1.7584913043e+00
484.200000,9.9975153930e-04,1.5032233519e+00
484.250000,1.0001427806e-03,1.6130832247e+00
484.300000,9.9898898360e-04,1.5713082282e+00
484.350000,9.9979321890e-04,1.5630863979e+00
484.400000,9.9849194721e-04,1.6761834896e+00
484.450000,9.9936066641e-04,1.6219006537e+00
484.500000,9.9991463635e-04,1.5198095370e+00
484.550000,1.0014988630e-03,1.5806230088e+00
484.600000,1.0016102374e-03,1.7187312888e+00
484.650000,1.0008470227e-03,1.6043349257e+00
484.700000,1.0002794057e-03,1.5750662883e+00
484.750000,1.0015934743e-03,1.6952420195e+00
484.800000,9.9983453187e-04,1.5786242536e+00
484.850000,1.0012489145e-03,1.5790074043e+00
484.900000,9.9963819679e-04,1.6471188607e+00
484.950000,9.9989074179e-04,1.5826859096e+00
485.000000,1.0006381083e-03,1.6691443791e+00
485.050000,1.0015140478e-03,1.5893909567e+00
485.100000,9.9931185190e-04,1.5639593756e+00
485.150000,9.9939586790e-04,1.6103162942e+00
485.200000,9.9927804608e-04,1.5130079560e+00
485.250000,9.9986292376e-04,1.4837107411e+00
485.300000,9.9908958869e-04,1.5360169268e+00
485.350000,1.0000998042e-03,1.4634255266e+00
485.400000,9.9958955168e-04,1.6433632940e+00
485.450000,1.0002066544e-03,1.5657720756e+00
485.500000,9.9906728118e-04,1.4171497210e+00
485.550000,1.0010433857e-03,1.7522432717e+00
485.600000,9.9927957925e-04,1.6845793395e+00
485.650000,9.9920443209e-04,1.6658384113e+00
485.700000,1.0007292005e-03,1.5232250459e+00
485.750000,1.0003241125e-03,1.6558274188e+00
485.800000,1.0001917886e-03,1.4918358426e+00
485.850000,9.9923212818e-04,1.5815416695e+00
485.900000,1.0016309863e-03,1.4757095498e+00
485.950000,9.9768362705e-04,1.6084788583e+00
486.000000,9.9924558138e-04,1.6145223668e+00
486.050000,9.9944948537e-04,1.6171196887e+00
486.100000,9.9923189269e-04,1.5095165609e+00
486.150000,9.9929319932e-04,1.5422433080e+00
486.200000,9.9996137481e-04,1.6008418374e+00
486.250000,9.9933711702e-04,1.6535337615e+00
486.300000,9.9953117954e-04,1.6348782986e+00
486.350000,1.0006122763e-03,1.6202477510e+00
486.400000,1.0017532111e-03,1.5419267555e+00
486.450000,1.0020062573e-03,1.5266817451e+00
486.500000,9.9968126105e-04,1.4976517890e+00
486.550000,1.0004676640e-03,1.5169071985e+00
486.600000,1.0014019304e-03,1.3942822521e+00
486.650000,9.9958948572e-04,1.6779921388e+00
486.700000,9.9999664676e-04,1.6657523737e+00
486.750000,1.0006494023e-03,1.7107374973e+00
486.800000,1.0011134691e-03,1.6427915956e+00
486.850000,9.9997421213e-04,1.6814276577e+00
486.900000,9.9904230684e-04,1.4935614666e+00
486.950000,9.9888715311e-04,1.5291106531e+00
487.000000,9.9730888317e-04,1.6874396260e+00
487.050000,1.0000496205e-03,1.6649919891e+00
487.100000,9.9884316206e-04,1.5625348702e+00
487.150000,9.9998847920e-04,1.4820538147e+00
487.200000,9.9965068354e-04,1.6202018595e+00
487.250000,9.9903002032e-04,1.4738723942e+00
487.300000,1.0021314059e-03,1.6770023153e+00
487.350000,1.0003112804e-03,1.4964468156e+00
487.400000,9.9961631679e-04,1.7204980049e+00
487.450000,1.0000369584e-03,1.5351038497e+00
487.500000,1.0003486785e-03,1.7271798210e+00
487.550000,9.9942941659e-04,1.6680855995e+00
487.600000,9.9920767217e-04,1.5048744193e+00
487.650000,1.0009814240e-03,1.6735457125e+00
487.700000,1.0001613440e-03,1.6274310882e+00
487.750000,1.0012250242e-03,1.7104388167e+00
487.800000,1.0026321107e-03,1.5529982103e+00
487.850000,9.9978158924e-04,1.5931747790e+00
487.900000,1.0000492024e-03,1.5204695626e+00
487.950000,9.9920976637e-04,1.5904523207e+00
488.000000,1.0000562017e-03,1.6393228624e+00
488.050000,1.0005378286e-03,1.6927862154e+00
488.100000,1.0006417865e-03,1.6719189714e+00
488.150000,1.0009752440e-03,1.6010086838e+00
488.200000,9.9969872833e-04,1.8010591654e+00
488.250000,1.0003416588e-03,1.5285214563e+00
488.300000,9.9961401922e-04,1.7336865313e+00
488.350000,9.9870902262e-04,1.6575093913e+00
488.400000,9.9881466874e-04,1.5856161944e+00
488.450000,9.9801025952e-04,1.6605596420e+00
488.500000,1.0018219508e-03,1.4118630354e+00
488.550000,1.0008532777e-03,1.5050996904e+00
488.600000,9.9903901570e-04,1.7318500416e+00
488.650000,1.0012691391e-03,1.5421624391e+00
488.700000,9.9884881496e-04,1.6598755771e+00
488.750000,9.9929566293e-04,1.6560999207e+00
488.800000,1.0007889216e-03,1.6289855632e+00
488.850000,1.0005623600e-03,1.5449807101e+00
488.900000,1.0008147624e-03,1.6075379655e+00
488.950000,1.0000414572e-03,1.4920671079e+00
489.000000,9.9929867930e-04,1.5812845681e+00
489.050000,1.0000623933e-03,1.6987956759e+00
489.100000,1.0013715559e-03,1.7150408288e+00
489.150000,1.0000011561e-03,1.6056859383e+00
489.200000,1.0007049994e-03,1.5150167127e+00
489.250000,1.0010401700e-03,1.5114137571e+00
489.300000,1.0014186565e-03,1.5867544482e+00
489.350000,1.0004539287e-03,1.6301035505e+00
489.400000,1.0014121025e-03,1.5818435586e+00
489.450000,1.0003695630e-03,1.6199385468e+00
489.500000,9.9951497734e-04,1.5330178485e+00
489.550000,9.9889151686e-04,1.5968107961e+00
489.600000,1.0003074125e-03,1.4559008812e+00
489.650000,1.0004410996e-03,1.5671765165e+00
489.700000,1.0013376933e-03,1.6042643332e+00
489.750000,9.9951024835e-04,1.6058881223e+00
489.800000,1.0003266905e-03,1.6509065501e+00
489.850000,9.9852247148e-04,1.6590306077e+00
489.900000,9.9993623992e-04,1.5762887123e+00
489.950000,9.9899090364e-04,1.4968057546e+00
490.000000,1.0009673188e-03,1.6537229653e+00
490.050000,1.0000940215e-03,1.5071525982e+00
490.100000,9.9828815995e-04,1.4467785358e+00
490.150000,9.9952354445e-04,1.6912923324e+00
490.200000,1.0003892925e-03,1.4935424133e+00
490.250000,9.9895548720e-04,1.4896946097e+00
490.300000,1.0018091906e-03,1.5551624437e+00
490.350000,9.9998267770e-04,1.6342021037e+00
490.400000,1.0001567464e-03,1.6948436557e+00
490.450000,9.9839035367e-04,1.6149815821e+00
490.500000,9.9950392185e-04,1.6678332655e+00
490.550000,1.0021696024e-03,1.6024608696e+00
490.600000,9.9998284847e-04,1.5436763373e+00
490.650000,1.0011705352e-03,1.6612724925e+00
490.700000,9.9995980438e-04,1.6634270420e+00
490.750000,1.0013807851e-03,1.6698672127e+00
490.800000,9.9912484615e-04,1.6269583536e+00
490.850000,1.0011476492e-03,1.5198896817e+00
490.900000,9.9994839563e-04,1.6001870381e+00
490.950000,9.9923234509e-04,1.5721675508e+00
491.000000,9.9967936529e-04,1.5938837291e+00
491.050000,1.0007309265e-03,1.6157954459e+00
491.100000,9.9828648195e-04,1.6668217778e+00
491.150000,9.9876446396e-04,1.5841858312e+00
491.200000,9.9799823453e-04,1.6475274781e+00
491.250000,1.0006223960e-03,1.5563966151e+00
491.300000,1.0005757416e-03,1.7692278021e+00
491.350000,9.9949297476e-04,1.5688310853e+00
491.400000,1.0007365854e-03,1.6361223150e+00
491.450000,1.0009510714e-03,1.6322011038e+00
491.500000,9.9962523504e-04,1.5246865424e+00
491.550000,9.9991532440e-04,1.6182040927e+00
491.600000,9.9898688503e-04,1.6090631797e+00
491.650000,1.0000898778e-03,1.5640529539e+00
491.700000,1.0011656225e-03,1.6886348527e+00
491.750000,9.9857853865e-04,1.6472878120e+00
491.800000,9.9956288095e-04,1.5962847413e+00
491.850000,9.9939249325e-04,1.4970793285e+00
491.900000,9.9964181201e-04,1.7217844295e+00
491.950000,9.9812926714e-04,1.5462172543e+00
492.000000,9.9913721505e-04,1.7178104778e+00
492.050000,9.9848027863e-04,1.5672512557e+00
492.100000,1.0003055286e-03,1.6231229996e+00
492.150000,1.0010535141e-03,1.5196501775e+00
492.200000,9.9911386002e-04,1.6194623358e+00
492.250000,1.0002471489e-03,1.4695504263e+00
492.300000,1.0003123969e-03,1.5961454389e+00
492.350000,9.9858608136e-04,1.6331917911e+00
492.400000,1.0004152773e-03,1.6149343751e+00
492.450000,1.0004590277e-03,1.6131465962e+00
492.500000,9.9896983477e-04,1.5752200725e+00
492.550000,9.9915596171e-04,1.6360140681e+00
492.600000,1.0010917276e-03,1.6505534612e+00
492.650000,1.0003935098e-03,1.6232328345e+00
492.700000,1.0014797074e-03,1.6226001013e+00
492.750000,9.9882542141e-04,1.6355855129e+00
492.800000,9.9947895373e-04,1.7192325553e+00
492.850000,1.0012540592e-03,1.6385032221e+00
492.900000,9.9837994618e-04,1.5396259881e+00
492.950000,1.0000961475e-03,1.7037290871e+00
493.000000,9.9909574661e-04,1.5056653431e+00
493.050000,9.9913599823e-04,1.6412895201e+00
493.100000,9.9916057560e-04,1.5792844231e+00
493.150000,1.0011077694e-03,1.5062061773e+00
493.200000,9.9987851833e-04,1.6124169325e+00
493.250000,9.9945103351e-04,1.6078640475e+00
493.300000,1.0007973265e-03,1.5316557915e+00
493.350000,1.0011485253e-03,1.6738929779e+00
493.400000,1.0003123301e-03,1.6280123037e+00
493.450000,9.9965724147e-04,1.5470831655e+00
493.500000,1.0003946524e-03,1.5672950690e+00
493.550000,9.9955238986e-04,1.5856972716e+00
493.600000,1.0009620245e-03,1.5699038813e+00
493.650000,1.0002056607e-03,1.5903079336e+00
493.700000,1.0000347451e-03,1.5929518630e+00
493.750000,9.9988100722e-04,1.6634464778e+00
493.800000,1.0020540939e-03,1.4999268075e+00
493.850000,1.0008284234e-03,1.5775543578e+00
493.900000,1.0009770732e-03,1.6719418337e+00
493.950000,1.0011459037e-03,1.5635996895e+00
494.000000,1.0015040840e-03,1.5935366574e+00
494.050000,1.0002378188e-03,1.6055944836e+00
494.100000,1.0010929872e-03,1.6788477606e+00
494.150000,9.9871246851e-04,1.6301308479e+00
494.200000,1.0011771319e-03,1.7427708825e+00
494.250000,9.9921006570e-04,1.4993612229e+00
494.300000,1.0001228359e-03,1.5718463984e+00
494.350000,1.0000862763e-03,1.6467654432e+00
494.400000,9.9958944714e-04,1.4488205399e+00
494.450000,9.9996427948e-04,1.6525133241e+00
494.500000,1.0004249273e-03,1.6704491016e+00
494.550000,1.0017212806e-03,1.5630787962e+00
494.600000,1.0015024931e-03,1.5833076538e+00
494.650000,1.0014044153e-03,1.6570507412e+00
494.700000,1.0009063189e-03,1.6759143449e+00
494.750000,9.9977794001e-04,1.4952257978e+00
494.800000,9.9943653967e-04,1.5379350545e+00
494.850000,9.9952355108e-04,1.5712982101e+00
494.900000,1.0016506886e-03,1.5304000874e+00
494.950000,9.9855125611e-04,1.5419885805e+00
495.000000,1.0005826091e-03,1.6868854026e+00
495.050000,1.0007807128e-03,1.5559296690e+00
495.100000,9.9988333219e-04,1.6427343941e+00
495.150000,9.9859374834e-04,1.5395792795e+00
495.200000,9.9945973332e-04,1.6688998585e+00
495.250000,1.0008359420e-03,1.5842327007e+00
495.300000,9.9852377214e-04,1.6081163839e+00
495.350000,1.0006267386e-03,1.5550107313e+00
495.400000,1.0010539635e-03,1.5110748007e+00
495.450000,1.0009667500e-03,1.5372437297e+00
495.500000,1.0017364807e-03,1.7131200478e+00
495.550000,9.9924358166e-04,1.4887668788e+00
495.600000,9.9994165219e-04,1.5168413851e+00
495.650000,1.0009692586e-03,1.6404406787e+00
495.700000,9.9976793385e-04,1.6266959655e+00
495.750000,1.0019493694e-03,1.5866704121e+00
495.800000,1.0017135129e-03,1.5755407235e+00
495.850000,9.9985756284e-04,1.6895405298e+00
495.900000,9.9961511157e-04,1.5487384005e+00
495.950000,9.9955330077e-04,1.6520865386e+00
496.000000,9.9957728947e-04,1.4296820775e+00
496.050000,1.0010767209e-03,1.5803202656e+00
496.100000,1.0005992286e-03,1.7322707704e+00
496.150000,9.9973912439e-04,1.6992552862e+00
496.200000,9.9904795051e-04,1.6843419090e+00
496.250000,9.9948021182e-04,1.6545696316e+00
496.300000,1.0000233983e-03,1.4983075100e+00
496.350000,1.0008367382e-03,1.6450590739e+00
496.400000,1.0002268392e-03,1.5032645185e+00
496.450000,1.0011495770e-03,1.4895458705e+00
496.500000,9.9721628435e-04,1.5418350546e+00
496.550000,9.9955838276e-04,1.5886168712e+00
496.600000,9.9892801832e-04,1.6436162793e+00
496.650000,9.9980520420e-04,1.6253155659e+00
496.700000,9.9949818252e-04,1.5330735222e+00
496.750000,1.0017754621e-03,1.6405973849e+00
496.800000,9.9934890952e-04,1.5474159200e+00
496.850000,1.0010105551e-03,1.6792694805e+00
496.900000,1.0016619223e-03,1.5593327209e+00
496.950000,1.0006156608e-03,1.7135100763e+00
497.000000,9.9935582780e-04,1.6276447979e+00
497.050000,9.9978481838e-04,1.5737567291e+00
497.100000,9.9947917483e-04,1.4860322335e+00
497.150000,9.9900755307e-04,1.5997485677e+00
497.200000,9.9936712924e-04,1.6429960992e+00
497.250000,1.0003856773e-03,1.7201387474e+00
497.300000,1.0000384108e-03,1.4895080678e+00
497.350000,9.9941616499e-04,1.7538379683e+00
497.400000,1.0006542974e-03,1.5650189342e+00
497.450000,9.9878536469e-04,1.5544005731e+00
497.500000,1.0017824574e-03,1.6572437333e+00
497.550000,1.0010713409e-03,1.5027905409e+00
497.600000,1.0014057236e-03,1.6533120131e+00
497.650000,9.9766558985e-04,1.5808745252e+00
497.700000,1.0001731615e-03,1.6759774421e+00
497.750000,1.0004216050e-03,1.5156564889e+00
497.800000,1.0009619997e-03,1.6253766039e+00
497.850000,9.9986314335e-04,1.6575000963e+00
497.900000,9.9920286709e-04,1.6732180023e+00
497.950000,1.0003669756e-03,1.6649747786e+00
498.000000,9.9902682561e-04,1.5004933840e+00
498.050000,9.9922858615e-04,1.5468961613e+00
498.100000,9.9975787285e-04,1.6545490582e+00
498.150000,9.9999899747e-04,1.6001380131e+00
498.200000,1.0014067670e-03,1.5819444694e+00
498.250000,1.0000716329e-03,1.6014130974e+00
498.300000,1.0003502259e-03,1.4610751387e+00
498.350000,9.9801731710e-04,1.6948013878e+00
498.400000,9.9972966040e-04,1.6341137066e+00
498.450000,1.0000106371e-03,1.6527294726e+00
498.500000,9.9894096831e-04,1.5384191341e+00
498.550000,9.9854270058e-04,1.5941728770e+00
498.600000,1.0008435437e-03,1.5914927253e+00
498.650000,9.9933556435e-04,1.5183536513e+00
498.700000,9.9947614850e-04,1.5923694781e+00
498.750000,1.0018325762e-03,1.6121990377e+00
498.800000,1.0003481462e-03,1.6320313170e+00
498.850000,1.0008537020e-03,1.5349478731e+00
498.900000,9.9860042700e-04,1.5245605767e+00
498.950000,1.0004967717e-03,1.5327569392e+00
499.000000,1.0020539697e-03,1.7164954456e+00
499.050000,9.9862822907e-04,1.5602082300e+00
499.100000,1.0000300394e-03,1.5807875984e+00
499.150000,9.9895419249e-04,1.5915425818e+00
499.200000,1.0004997604e-03,1.6525473976e+00
499.250000,9.9969813375e-04,1.6422275040e+00
499.300000,1.0002402215e-03,1.6294985766e+00
499.350000,1.0025979691e-03,1.5395631041e+00
499.400000,9.9914369635e-04,1.4945817158e+00
499.450000,1.0014749345e-03,1.5010452461e+00
499.500000,1.0007997036e-03,1.5723457744e+00
499.550000,1.0022121918e-03,1.6388577631e+00
499.600000,9.9886405734e-04,1.6238954875e+00
499.650000,1.0000295697e-03,1.5539918853e+00
499.700000,9.9861180242e-04,1.5088614583e+00
499.750000,1.0013677374e-03,1.6467791636e+00
499.800000,1.0013120347e-03,1.5139803324e+00
499.850000,1.0000934413e-03,1.3967448569e+00
499.900000,9.9957581252e-04,1.5712706623e+00
499.950000,1.0000262075e-03,1.4410567213e+00
500.000000,1.0002098353e-03,1.5237982065e+00
500.050000,1.0010155128e-03,1.4842509166e+00
500.100000,9.9871502107e-04,1.6288428309e+00
500.150000,1.0002197311e-03,1.6642662338e+00
500.200000,9.9959328318e-04,1.5471594708e+00
500.250000,1.0005136178e-03,1.6122448672e+00
500.300000,1.0002733904e-03,1.4875668423e+00
500.350000,9.9974173108e-04,1.6152724949e+00
500.400000,9.9879130868e-04,1.4454849111e+00
500.450000,9.9937876826e-04,1.6330668350e+00
500.500000,1.0014435854e-03,1.6340598142e+00
500.550000,1.0003532449e-03,1.6326276159e+00
500.600000,1.0001831243e-03,1.7617624642e+00
500.650000,9.9990896208e-04,1.5060335772e+00
500.700000,1.0000552851e-03,1.5210714732e+00
500.750000,9.9953618465e-04,1.6330140580e+00
500.800000,9.9978405798e-04,1.6738726410e+00
500.850000,1.0006050411e-03,1.5792248059e+00
500.900000,1.0006682206e-03,1.6850001070e+00
500.950000,9.9914077061e-04,1.6051414829e+00
501.000000,9.9907228456e-04,1.4889172315e+00
501.050000,1.0007363535e-03,1.7391707975e+00
501.100000,9.9904424424e-04,1.5255750303e+00
501.150000,1.0007981671e-03,1.6150763941e+00
501.200000,1.0001501236e-03,1.6756602212e+00
501.250000,9.9986851714e-04,1.5188904384e+00
501.300000,1.0005435710e-03,1.5999513699e+00
501.350000,1.0023550534e-03,1.6333675611e+00
501.400000,9.9884950104e-04,1.4518453161e+00
501.450000,1.0008125687e-03,1.4672979675e+00
501.500000,9.9859813880e-04,1.7036766891e+00
501.550000,9.9847098387e-04,1.6085163256e+00
501.600000,1.0007609931e-03,1.5206358437e+00
501.650000,1.0007839298e-03,1.6463506271e+00
501.700000,9.9979508358e-04,1.6214036458e+00
501.750000,1.0000047268e-03,1.6209612030e+00
501.800000,9.9925128095e-04,1.6094692902e+00
501.850000,1.0002131226e-03,1.5448931871e+00
501.900000,1.0003691186e-03,1.5604381440e+00
501.950000,1.0002576077e-03,1.4042249817e+00
502.000000,9.9936009082e-04,1.6250898284e+00
502.050000,1.0008244561e-03,1.6318013899e+00
502.100000,1.0002103154e-03,1.6290689572e+00
502.150000,9.9876018744e-04,1.6453122366e+00
502.200000,9.9908079877e-04,1.5226671968e+00
502.250000,9.9981001696e-04,1.6331909691e+00
502.300000,9.9982770574e-04,1.4038930118e+00
502.350000,9.9898649497e-04,1.8049316341e+00
502.400000,9.9944066346e-04,1.6640407379e+00
502.450000,9.9919809008e-04,1.6488073363e+00
502.500000,9.9969087053e-04,1.6825421466e+00
502.550000,1.0002348982e-03,1.5659962030e+00
502.600000,9.9901031756e-04,1.7080802606e+00
502.650000,9.9983239730e-04,1.5968335325e+00
502.700000,1.0013230605e-03,1.7469932201e+00
502.750000,9.9934620607e-04,1.7762410111e+00
502.800000,1.0007225325e-03,1.5885861526e+00
502.850000,1.0013739659e-03,1.6115715987e+00
502.900000,1.0011691590e-03,1.5493100084e+00
502.950000,1.0001616734e-03,1.6174324889e+00
503.000000,1.0010384980e-03,1.5703582241e+00
503.050000,1.0005386067e-03,1.3917874624e+00
503.100000,1.0005677565e-03,1.6121245278e+00
503.150000,1.0003268999e-03,1.5388192582e+00
503.200000,1.0001723714e-03,1.6811278604e+00
503.250000,9.9976740264e-04,1.7598493252e+00
503.300000,1.0002955687e-03,1.5278950740e+00
503.350000,9.9959330658e-04,1.6457992561e+00
503.400000,9.9993180329e-04,1.6884477033e+00
503.450000,1.0008986803e-03,1.6246131138e+00
503.500000,9.9857990669e-04,1.5755214762e+00
503.550000,1.0010993506e-03,1.5940723086e+00
503.600000,9.9815243909e-04,1.5146771556e+00
503.650000,1.0012155359e-03,1.6367859725e+00
503.700000,9.9838260883e-04,1.5176481149e+00
503.750000,9.9997852844e-04,1.5737907128e+00
503.800000,1.0003227381e-03,1.6007210024e+00
503.850000,9.9919950074e-04,1.5693369748e+00
503.900000,9.9868490993e-04,1.5217207164e+00
503.950000,1.0007101096e-03,1.6892582392e+00
504.000000,9.9903345041e-04,1.6616050060e+00
504.050000,1.0014527935e-03,1.7034873346e+00
504.100000,1.0007318704e-03,1.7552986584e+00
504.150000,9.9980630267e-04,1.7117772267e+00
504.200000,1.0002190191e-03,1.6475177553e+00
504.250000,1.0012446764e-03,1.6317682751e+00
504.300000,9.9963396511e-04,1.6650390827e+00
504.350000,1.0004901816e-03,1.6549580229e+00
504.400000,9.9902744611e-04,1.4492058885e+00
504.450000,1.0004515990e-03,1.6383597863e+00
504.500000,9.9952161304e-04,1.7394390609e+00
504.550000,1.0011238220e-03,1.6668878572e+00
504.600000,9.9945187393e-04,1.6585918272e+00
504.650000,9.9915508886e-04,1.5647858839e+00
504.700000,9.9877983281e-04,1.6494662949e+00
504.750000,9.9864702173e-04,1.7287196900e+00
504.800000,1.0002168368e-03,1.5109257563e+00
504.850000,1.0008870005e-03,1.4965674451e+00
504.900000,9.9987875061e-04,1.5136187786e+00
504.950000,1.0003627219e-03,1.5932539285e+00
505.000000,9.9944794404e-04,1.6427956655e+00
505.050000,9.9850895308e-04,1.6067081960e+00
505.100000,9.9959447509e-04,1.4850733244e+00
505.150000,9.9830713049e-04,1.4676671138e+00
505.200000,1.0000622266e-03,1.6925197556e+00
505.250000,1.0006715147e-03,1.6070839244e+00
505.300000,9.9916560718e-04,1.5832787858e+00
505.350000,1.0003960794e-03,1.7778269296e+00
505.400000,1.0010171972e-03,1.4664682937e+00
505.450000,1.0006291568e-03,1.6359035715e+00
505.500000,9.9939717298e-04,1.5693722060e+00
505.550000,9.9897481225e-04,1.5780889779e+00
505.600000,9.9934095068e-04,1.4565991034e+00
505.650000,9.9981151342e-04,1.6896480442e+00
505.700000,9.9991515106e-04,1.6074446636e+00
505.750000,9.9985721794e-04,1.6425076498e+00
505.800000,9.9972850787e-04,1.5803256435e+00
505.850000,1.0013329863e-03,1.6643875050e+00
505.900000,1.0025403692e-03,1.5719329952e+00
505.950000,1.0006179358e-03,1.5318124856e+00
506.000000,9.9970139675e-04,1.6454439190e+00
506.050000,1.0003230252e-03,1.5264686235e+00
506.100000,9.9972281433e-04,1.6159362579e+00
506.150000,9.9745073533e-04,1.5097298259e+00
506.200000,1.0002368364e-03,1.6295944890e+00
506.250000,9.9906418397e-04,1.5676298055e+00
506.300000,9.9937626403e-04,1.7544412592e+00
506.350000,1.0006983686e-03,1.5873284747e+00
506.400000,9.9894012103e-04,1.5012821110e+00
506.450000,9.9952655546e-04,1.6516590991e+00
506.500000,1.0006307678e-03,1.5148977936e+00
506.550000,1.0006538837e-03,1.5863328477e+00
506.600000,9.9957640310e-04,1.6490071945e+00
506.650000,1.0012732851e-03,1.6109664681e+00
506.700000,9.9986677926e-04,1.5223756134e+00
506.750000,1.0006424770e-03,1.4763471758e+00
506.800000,9.9935390644e-04,1.5504823406e+00
506.850000,9.9941212061e-04,1.6075831939e+00
506.900000,9.9999159680e-04,1.5573027739e+00
506.950000,1.0008412738e-03,1.5490065073e+00
507.000000,1.0036130910e-03,1.6340283476e+00
507.050000,9.9890471484e-04,1.6729541339e+00
507.100000,1.0014580862e-03,1.4967110013e+00
507.150000,1.0019084806e-03,1.7430123993e+00
507.200000,1.0014491065e-03,1.5753010815e+00
507.250000,9.9968494377e-04,1.6749393671e+00
507.300000,1.0001295951e-03,1.6416368041e+00
507.350000,1.0007769316e-03,1.5431565072e+00
507.400000,1.0023902205e-03,1.5639538007e+00
507.450000,9.9835142698e-04,1.6205075953e+00
507.500000,1.0010234087e-03,1.6809477023e+00
507.550000,1.0005403258e-03,1.7213805330e+00
507.600000,1.0015048989e-03,1.7007521021e+00
507.650000,1.0000270390e-03,1.5737673566e+00
507.700000,1.0009925747e-03,1.6602649844e+00
507.750000,1.0000672956e-03,1.5030050303e+00
507.800000,9.9890842682e-04,1.5852536174e+00
507.850000,1.0018021394e-03,1.6182646879e+00
507.900000,1.0014734308e-03,1.5058895363e+00
507.950000,1.0009667322e-03,1.6163627552e+00
508.000000,1.0001926499e-03,1.4868750678e+00
508.050000,1.0019766470e-03,1.6555152673e+00
508.100000,9.9977254611e-04,1.6888906404e+00
508.150000,1.0010574425e-03,1.5288387046e+00
508.200000,1.0019815455e-03,1.6184119612e+00
508.250000,9.9666879443e-04,1.4973183960e+00
508.300000,9.9868299083e-04,1.4874979369e+00
508.350000,9.9949559304e-04,1.6009609072e+00
508.400000,9.9949648690e-04,1.5233403880e+00
508.450000,9.9718136566e-04,1.5384648208e+00
508.500000,9.9848845950e-04,1.6450298200e+00
508.550000,1.0003634128e-03,1.6685352224e+00
508.600000,1.0022188635e-03,1.6240181573e+00
508.650000,1.0003176142e-03,1.5959471313e+00
508.700000,1.0005610525e-03,1.6771502345e+00
508.750000,9.9955652102e-04,1.6055631408e+00
508.800000,1.0006543710e-03,1.5845305373e+00
508.850000,9.9996728442e-04,1.5268903815e+00
508.900000,9.9853873404e-04,1.6470321961e+00
508.950000,1.0001039801e-03,1.6558304662e+00
509.000000,1.0012519778e-03,1.5580801136e+00
509.050000,9.9982417032e-04,1.6389998306e+00
509.100000,1.0006544599e-03,1.5307859748e+00
509.150000,1.0004952909e-03,1.5825566600e+00
509.200000,9.9841240345e-04,1.5115621749e+00
509.250000,1.0010526017e-03,1.5185527222e+00
509.300000,1.0009070564e-03,1.5925704235e+00
509.350000,9.9993584987e-04,1.5929025190e+00
509.400000,1.0022673462e-03,1.6618000938e+00
509.450000,9.9937510191e-04,1.6528802907e+00
509.500000,1.0003207822e-03,1.5805568977e+00
509.550000,9.9941672126e-04,1.5859456677e+00
509.600000,9.9920312855e-04,1.5495110424e+00
509.650000,1.0002996269e-03,1.5928405108e+00
509.700000,1.0001905629e-03,1.6526736016e+00
509.750000,9.9913617812e-04,1.6331335701e+00
509.800000,1.0002484605e-03,1.6347615528e+00
509.850000,1.0009576718e-03,1.6043645859e+00
509.900000,9.9918873735e-04,1.5562486347e+00
509.950000,9.9994954525e-04,1.6818010843e+00
510.000000,9.9869507164e-04,1.6548250251e+00
510.050000,9.9996928408e-04,1.6553885507e+00
510.100000,9.9948635602e-04,1.6412846271e+00
510.150000,1.0003075500e-03,1.5561159504e+00
510.200000,9.9981524567e-04,1.6125100870e+00
510.250000,9.9913379788e-04,1.6298499343e+00
510.300000,1.0015445793e-03,1.5331331496e+00
510.350000,1.0003482876e-03,1.6152591768e+00
510.400000,1.0015235213e-03,1.6532062468e+00
510.450000,9.9959162229e-04,1.6751258244e+00
510.500000,1.0011163622e-03,1.6335549407e+00
510.550000,1.0004246297e-03,1.5301138960e+00
510.600000,1.0003347249e-03,1.6895451562e+00
510.650000,9.9897897210e-04,1.5160350187e+00
510.700000,1.0006355840e-03,1.7172461012e+00
510.750000,9.9925530902e-04,1.6046591959e+00
510.800000,9.9931487513e-04,1.5653103633e+00
510.850000,9.9926813786e-04,1.7068501572e+00
510.900000,9.9916799537e-04,1.6324730819e+00
510.950000,9.9946368168e-04,1.6373736514e+00
511.000000,1.0002466894e-03,1.5581011737e+00
511.050000,1.0003260908e-03,1.4669390479e+00
511.100000,1.0010326297e-03,1.5446858599e+00
511.150000,1.0010148043e-03,1.5647143797e+00
511.200000,9.9910112232e-04,1.7120526515e+00
511.250000,9.9997858008e-04,1.5443232492e+00
511.300000,1.0001771666e-03,1.6832901671e+00
511.350000,9.9940357187e-04,1.5866257007e+00
511.400000,1.0007555354e-03,1.6852039697e+00
511.450000,9.9901448428e-04,1.5182831459e+00
511.500000,9.9998891318e-04,1.7026524939e+00
511.550000,1.0004470254e-03,1.6743077453e+00
511.600000,9.9904657863e-04,1.6904535901e+00
511.650000,9.9990789908e-04,1.5484830547e+00
511.700000,1.0013963070e-03,1.5563603166e+00
511.750000,1.0006807966e-03,1.5978037171e+00
511.800000,1.0003979978e-03,1.6254066381e+00
511.850000,9.9975717496e-04,1.6055133700e+00
511.900000,9.9783630138e-04,1.6391676642e+00
511.950000,1.0014388992e-03,1.6646448126e+00
512.000000,9.9917457591e-04,1.5302796826e+00
512.050000,1.0000068992e-03,1.4710974418e+00
512.100000,1.0004811841e-03,1.5544077146e+00
512.150000,1.0001733239e-03,1.6949896159e+00
512.200000,9.9905963628e-04,1.5947523695e+00
512.250000,1.0018042066e-03,1.6277732625e+00
512.300000,9.9917587519e-04,1.5818117370e+00
512.350000,1.0004461339e-03,1.5745286807e+00
512.400000,1.0011751197e-03,1.5799927434e+00
512.450000,9.9978420590e-04,1.4987366025e+00
512.500000,9.9916085838e-04,1.7128607369e+00
512.550000,9.9869643444e-04,1.5414078893e+00
512.600000,1.0000767871e-03,1.5856163369e+00
512.650000,9.9984421763e-04,1.6840014205e+00
512.700000,9.9886313123e-04,1.6015774181e+00
512.750000,9.9957833730e-04,1.5528763205e+00
512.800000,9.9995486018e-04,1.6611614762e+00
512.850000,9.9921493506e-04,1.6624595909e+00
512.900000,9.9947209808e-04,1.5213799536e+00
512.950000,9.9947343138e-04,1.5098447970e+00
513.000000,9.9913122590e-04,1.6902350104e+00
513.050000,1.0008664142e-03,1.5426882835e+00
513.100000,1.0013810711e-03,1.6382467395e+00
513.150000,1.0006019310e-03,1.6802744696e+00
513.200000,9.9978661925e-04,1.6543379027e+00
513.250000,9.9968976321e-04,1.7584032475e+00
513.300000,9.9997162524e-04,1.5354342704e+00
513.350000,9.9994757456e-04,1.7006356537e+00
513.400000,1.0014861692e-03,1.5254500231e+00
513.450000,9.9922147747e-04,1.5527506707e+00
513.500000,1.0007793427e-03,1.5733241394e+00
513.550000,9.9913130793e-04,1.6324465472e+00
513.600000,1.0002808106e-03,1.7377779193e+00
513.650000,9.9978256360e-04,1.6534558686e+00
513.700000,9.9998239413e-04,1.5928117121e+00
513.750000,1.0004307536e-03,1.6194140039e+00
513.800000,1.0010414569e-03,1.6535682788e+00
513.850000,1.0007507184e-03,1.6243232154e+00
513.900000,9.9899377878e-04,1.5505529005e+00
513.950000,9.9975310322e-04,1.7388440949e+00
514.000000,9.9990364691e-04,1.5316133628e+00
514.050000,9.9840482476e-04,1.5673779151e+00
514.100000,9.9973619109e-04,1.5464450583e+00
514.150000,1.0014021631e-03,1.6111274481e+00
514.200000,1.0002036606e-03,1.6148083656e+00
514.250000,1.0008451641e-03,1.5789409174e+00
514.300000,9.9951102250e-04,1.6452853759e+00
514.350000,9.9960117840e-04,1.5962325824e+00
514.400000,9.9999756967e-04,1.6368196908e+00
514.450000,1.0005746120e-03,1.4887989301e+00
514.500000,9.9848199537e-04,1.7918267643e+00
514.550000,1.0005129759e-03,1.5551323012e+00
514.600000,1.0007344810e-03,1.4870831668e+00
514.650000,9.9922766354e-04,1.6168648047e+00
514.700000,9.9963033911e-04,1.5750017485e+00
514.750000,9.9893149073e-04,1.5268795265e+00
514.800000,1.0021635684e-03,1.5488650031e+00
514.850000,9.9922890774e-04,1.6302535855e+00
514.900000,9.9983251983e-04,1.5412843087e+00
514.950000,9.9683681771e-04,1.6174805187e+00
515.000000,9.9868145149e-04,1.4807030808e+00
515.050000,1.0006440800e-03,1.6311441495e+00
515.100000,1.0017206217e-03,1.5736775669e+00
515.150000,9.9963867525e-04,1.5348458032e+00
515.200000,9.9947794846e-04,1.5894142856e+00
515.250000,1.0013519824e-03,1.5009320913e+00
515.300000,1.0008816634e-03,1.6470687607e+00
515.350000,9.9971508777e-04,1.6056818779e+00
515.400000,1.0010133774e-03,1.4875632361e+00
515.450000,9.9709800217e-04,1.6127926715e+00
515.500000,1.0004044432e-03,1.5774711049e+00
515.550000,9.9988444260e-04,1.4824143051e+00
515.600000,1.0015465502e-03,1.5819980997e+00
515.650000,9.9982751715e-04,1.6805511517e+00
515.700000,1.0009497386e-03,1.4835964465e+00
515.750000,9.9799284749e-04,1.7660562189e+00
515.800000,9.9958279187e-04,1.4647701276e+00
515.850000,1.0006854774e-03,1.6513221277e+00
515.900000,1.0011001861e-03,1.6228181663e+00
515.950000,9.9980428918e-04,1.5689897903e+00
516.000000,1.0003981917e-03,1.5690258474e+00
516.050000,9.9934364685e-04,1.6768564330e+00
516.100000,9.9969560524e-04,1.4981092005e+00
516.150000,9.9898384123e-04,1.5717863487e+00
516.200000,1.0016584992e-03,1.5504497481e+00
516.250000,9.9872590516e-04,1.6044079609e+00
516.300000,9.9988665005e-04,1.5286458003e+00
516.350000,9.9931795719e-04,1.4788794669e+00
516.400000,9.9944462678e-04,1.7601112190e+00
516.450000,1.0001363163e-03,1.5905576869e+00
516.500000,1.0004564904e-03,1.6293614490e+00
516.550000,9.9855828401e-04,1.6604793675e+00
516.600000,1.0001328703e-03,1.6640707051e+00
516.650000,9.9968350671e-04,1.5675597653e+00
516.700000,9.9957455215e-04,1.5263043306e+00
516.750000,1.0012238169e-03,1.5992882069e+00
516.800000,1.0001702600e-03,1.4749630585e+00
516.850000,9.9779164299e-04,1.6261109185e+00
516.900000,1.0008431726e-03,1.6192418127e+00
516.950000,9.9972029543e-04,1.5798092663e+00
517.000000,9.9871964289e-04,1.5981697013e+00
517.050000,9.9882342320e-04,1.5940873777e+00
517.100000,1.0006780674e-03,1.6092578188e+00
517.150000,9.9920220740e-04,1.5922752397e+00
517.200000,9.9970355250e-04,1.5892424335e+00
517.250000,1.0002843179e-03,1.5918477312e+00
517.300000,9.9908002939e-04,1.6359066984e+00
517.350000,9.9982030549e-04,1.6212338329e+00
517.400000,1.0028465086e-03,1.6267107939e+00
517.450000,9.9750859825e-04,1.4897595685e+00
517.500000,9.9991479072e-04,1.5056776288e+00
517.550000,9.9961924720e-04,1.6199844068e+00
517.600000,9.9887587448e-04,1.6091578201e+00
517.650000,9.9930096921e-04,1.5323606504e+00
517.700000,9.9938709999e-04,1.5237639304e+00
517.750000,9.9943806386e-04,1.5711865949e+00
517.800000,9.9798083276e-04,1.6027486039e+00
517.850000,9.9997207688e-04,1.5558366185e+00
517.900000,9.9984073312e-04,1.6879115422e+00
517.950000,1.0012209475e-03,1.5616175831e+00
518.000000,1.0004119331e-03,1.6850852902e+00
518.050000,9.9981389956e-04,1.5975013188e+00
518.100000,1.0012783070e-03,1.5201817074e+00
518.150000,1.0023645181e-03,1.6041939741e+00
518.200000,9.9918148290e-04,1.4997458168e+00
518.250000,9.9883652349e-04,1.4869511758e+00
518.300000,1.0007756357e-03,1.6496666253e+00
518.350000,1.0002427683e-03,1.5970537330e+00
518.400000,9.9982452633e-04,1.6890753807e+00
518.450000,1.0011681496e-03,1.4377614506e+00
518.500000,1.0006096821e-03,1.5064011836e+00
518.550000,1.0007402249e-03,1.5455148445e+00
518.600000,1.0000773273e-03,1.7170310129e+00
518.650000,1.0000125994e-03,1.5852877016e+00
518.700000,1.0005553304e-03,1.7083126542e+00
518.750000,1.0002053596e-03,1.5738134394e+00
518.800000,9.9972303737e-04,1.5526180170e+00
518.850000,1.0001340555e-03,1.6187206016e+00
518.900000,9.9966258445e-04,1.6630618346e+00
518.950000,1.0020131311e-03,1.4521526506e+00
519.000000,1.0001640005e-03,1.4198093209e+00
519.050000,1.0002307229e-03,1.6561259459e+00
519.100000,9.9956015569e-04,1.6330962880e+00
519.150000,9.9984355449e-04,1.5325546988e+00
519.200000,9.9935792806e-04,1.5933832761e+00
519.250000,9.9868794806e-04,1.5488925964e+00
519.300000,1.0007877967e-03,1.6759121110e+00
519.350000,9.9883571345e-04,1.5821950477e+00
519.400000,9.9796350677e-04,1.6508635493e+00
519.450000,1.0009412553e-03,1.4975995792e+00
519.500000,1.0008034932e-03,1.6419862666e+00
519.550000,9.9990065523e-04,1.6183557893e+00
519.600000,9.9938296219e-04,1.6054757721e+00
519.650000,1.0013712523e-03,1.7261577553e+00
519.700000,9.9918285886e-04,1.6168879797e+00
519.750000,1.0006741553e-03,1.5902657625e+00
519.800000,1.0015654222e-03,1.5904432353e+00
519.850000,9.9909592366e-04,1.7231730548e+00
519.900000,1.0001849759e-03,1.4528728657e+00
519.950000,1.0015755014e-03,1.6763975542e+00
520.000000,9.9984458651e-04,1.7832491910e+00
520.050000,9.9797596359e-04,1.6196634938e+00
520.100000,1.0010575872e-03,1.5855156570e+00
520.150000,1.0003005626e-03,1.6682570964e+00
520.200000,1.0006161197e-03,1.6094842837e+00
520.250000,9.9985083296e-04,1.6201219021e+00
520.300000,1.0004374785e-03,1.5889993712e+00
520.350000,9.9883944852e-04,1.7968455817e+00
520.400000,9.9945100812e-04,1.5189550344e+00
520.450000,9.9987080020e-04,1.7022369149e+00
520.500000,1.0011017466e-03,1.6292173827e+00
520.550000,9.9870149248e-04,1.6073167774e+00
520.600000,9.9945532052e-04,1.5546496889e+00
520.650000,1.0000018975e-03,1.4972923723e+00
520.700000,9.9985454979e-04,1.5433937058e+00
520.750000,1.0014873542e-03,1.5664816536e+00
520.800000,1.0003304501e-03,1.7580799281e+00
520.850000,9.9933850221e-04,1.4676419950e+00
520.900000,9.9957011430e-04,1.4519760877e+00
520.950000,9.9972177485e-04,1.6516260226e+00
521.000000,9.9998775452e-04,1.4912764782e+00
521.050000,1.0011172367e-03,1.6971600750e+00
521.100000,9.9922355345e-04,1.6953214714e+00
521.150000,9.9989301171e-04,1.7143377813e+00
521.200000,1.0009171850e-03,1.6415554160e+00
521.250000,1.0003649351e-03,1.5549857293e+00
521.300000,1.0008887383e-03,1.6902470714e+00
521.350000,1.0002117289e-03,1.5983978274e+00
521.400000,1.0002335780e-03,1.4711455209e+00
521.450000,1.0015506681e-03,1.5376848746e+00
521.500000,1.0003300392e-03,1.6353690515e+00
521.550000,9.9891089975e-04,1.5386596604e+00
521.600000,1.0014183739e-03,1.6630366173e+00
521.650000,9.9775458936e-04,1.6842122075e+00
521.700000,1.0008637124e-03,1.6437029313e+00
521.750000,9.9909183529e-04,1.6046965506e+00
521.800000,9.9974555228e-04,1.6663623010e+00
521.850000,1.0016267711e-03,1.5292690251e+00
521.900000,9.9987796911e-04,1.6233579150e+00
521.950000,1.0009767294e-03,1.7534415156e+00
522.000000,1.0005530428e-03,1.5578614543e+00
522.050000,1.0003882438e-03,1.5792965216e+00
522.100000,9.9811479337e-04,1.6254142604e+00
522.150000,1.0002420694e-03,1.6180598607e+00
522.200000,9.9956756795e-04,1.5684165887e+00
522.250000,9.9912996324e-04,1.5967228089e+00
522.300000,9.9981885661e-04,1.7117385786e+00
522.350000,9.9984841588e-04,1.6462563097e+00
522.400000,1.0006791502e-03,1.7502014953e+00
522.450000,9.9907818643e-04,1.6498688867e+00
522.500000,1.0012033248e-03,1.6391970007e+00
522.550000,1.0004530446e-03,1.6683536934e+00
522.600000,1.0002905143e-03,1.7438063424e+00
522.650000,1.0013472760e-03,1.6186333412e+00
522.700000,1.0003768039e-03,1.6419710745e+00
522.750000,9.9900768184e-04,1.6302314738e+00
522.800000,9.9922301167e-04,1.6665050343e+00
522.850000,9.9792008414e-04,1.5644768701e+00
522.900000,9.9714843692e-04,1.5873521739e+00
522.950000,1.0020975548e-03,1.5929645152e+00
523.000000,1.0004591423e-03,1.5521256668e+00
523.050000,9.9818398914e-04,1.7304834073e+00
523.100000,9.9972964876e-04,1.6512284056e+00
523.150000,9.9698020821e-04,1.7167286810e+00
523.200000,9.9906179538e-04,1.6344317496e+00
523.250000,9.9950523160e-04,1.6156082400e+00
523.300000,9.9948373813e-04,1.7740640737e+00
523.350000,1.0005830553e-03,1.4625973089e+00
523.400000,1.0008912427e-03,1.6273111070e+00
523.450000,9.9954210259e-04,1.5271673910e+00
523.500000,1.0001343595e-03,1.6054267454e+00
523.550000,9.9832345671e-04,1.7174374101e+00
523.600000,1.0004871540e-03,1.6826667681e+00
523.650000,9.9990088052e-04,1.5458822611e+00
523.700000,1.0013573602e-03,1.5649377875e+00
523.750000,9.9954139029e-04,1.5787538639e+00
523.800000,9.9960385779e-04,1.5552103421e+00
523.850000,1.0012738247e-03,1.6878658907e+00
523.900000,1.0008802510e-03,1.7368355194e+00
523.950000,9.9994919981e-04,1.6443042266e+00
524.000000,9.9711701354e-04,1.5306533202e+00
524.050000,1.0000839345e-03,1.6186075000e+00
524.100000,1.0000527821e-03,1.6278382804e+00
524.150000,9.9994400460e-04,1.6537070370e+00
524.200000,1.0012829954e-03,1.6948566706e+00
524.250000,1.0005579321e-03,1.5896600425e+00
524.300000,9.9980979446e-04,1.5723904629e+00
524.350000,1.0002184813e-03,1.4626698589e+00
524.400000,1.0027209383e-03,1.5520964913e+00
524.450000,1.0001962730e-03,1.4997790139e+00
524.500000,9.9868143915e-04,1.6666530188e+00
524.550000,9.9831667025e-04,1.6425274896e+00
524.600000,9.9976850511e-04,1.7235729317e+00
524.650000,1.0004392143e-03,1.6728669758e+00
524.700000,9.9932593668e-04,1.4703724829e+00
524.750000,9.9751675636e-04,1.5407101024e+00
524.800000,1.0003665344e-03,1.6505853113e+00
524.850000,9.9786169684e-04,1.5923498182e+00
524.900000,9.9932439805e-04,1.6710384042e+00
524.950000,9.9891566346e-04,1.6267143939e+00
525.000000,9.9893344609e-04,1.4617353941e+00
525.050000,1.0010552591e-03,1.6101892533e+00
525.100000,1.0001929431e-03,1.7834733118e+00
525.150000,9.9924141312e-04,1.6784140596e+00
525.200000,1.0002514465e-03,1.6028818303e+00
525.250000,9.9932725876e-04,1.7590606741e+00
525.300000,1.0009659055e-03,1.5776786307e+00
525.350000,1.0004880403e-03,1.7863798391e+00
525.400000,1.0015273136e-03,1.6487311177e+00
525.450000,1.0003860584e-03,1.6264631104e+00
525.500000,9.9974686173e-04,1.5405917664e+00
525.550000,1.0009647464e-03,1.5628341335e+00
525.600000,9.9955056013e-04,1.5867693377e+00
525.650000,9.9894653594e-04,1.6440529317e+00
525.700000,9.9979194520e-04,1.5395697101e+00
525.750000,9.9858495830e-04,1.5976803575e+00
525.800000,9.9989314694e-04,1.6081378257e+00
525.850000,9.9933923188e-04,1.5264368211e+00
525.900000,9.9972821893e-04,1.6298825897e+00
525.950000,9.9926628769e-04,1.5421066601e+00
526.000000,9.9875316008e-04,1.5261536129e+00
526.050000,1.0011743973e-03,1.5920560658e+00
526.100000,9.9992475701e-04,1.6921352190e+00
526.150000,9.9861003349e-04,1.5449677477e+00
526.200000,1.0007923105e-03,1.5779823556e+00
526.250000,1.0002539701e-03,1.5089947708e+00
526.300000,9.9868839894e-04,1.6626620858e+00
526.350000,9.9969358817e-04,1.7262254226e+00
526.400000,1.0010725206e-03,1.4637695942e+00
526.450000,9.9984362382e-04,1.5303899848e+00
526.500000,1.0021575809e-03,1.7110273590e+00
526.550000,1.0001563062e-03,1.5482087157e+00
526.600000,9.9925471686e-04,1.4749961122e+00
526.650000,1.0004182466e-03,1.6663241488e+00
526.700000,9.9790720756e-04,1.6975243000e+00
526.750000,9.9917363112e-04,1.7114176708e+00
526.800000,1.0012871146e-03,1.5671811843e+00
526.850000,9.9995604232e-04,1.6998617952e+00
526.900000,9.9897987680e-04,1.6220432412e+00
526.950000,1.0005230300e-03,1.4931923937e+00
527.000000,9.9983828519e-04,1.6651693142e+00
527.050000,1.0005726489e-03,1.7245500548e+00
527.100000,9.9957890557e-04,1.5783621683e+00
527.150000,9.9984654541e-04,1.7162420476e+00
527.200000,9.9962740699e-04,1.6891811039e+00
527.250000,1.0000420678e-03,1.4632153927e+00
527.300000,9.9995775119e-04,1.5865303789e+00
527.350000,9.9942601252e-04,1.5781204922e+00
527.400000,9.9979359439e-04,1.6639460299e+00
527.450000,1.0000780310e-03,1.5625485778e+00
527.500000,9.9967483329e-04,1.6199662646e+00
527.550000,1.0017657309e-03,1.5149251407e+00
527.600000,1.0019072605e-03,1.5479704247e+00
527.650000,9.9969706555e-04,1.5532493783e+00
527.700000,1.0017314548e-03,1.5575608678e+00
527.750000,9.9981635375e-04,1.6493045548e+00
527.800000,1.0011339798e-03,1.5316855979e+00
527.850000,1.0004810216e-03,1.7566456200e+00
527.900000,1.0002492755e-03,1.5827597457e+00
527.950000,1.0011880988e-03,1.5555836823e+00
528.000000,1.0009874184e-03,1.5762586548e+00
528.050000,1.0012292353e-03,1.6829385806e+00
528.100000,1.0026816855e-03,1.5862581555e+00
528.150000,1.0002736931e-03,1.6793703668e+00
528.200000,9.9949219703e-04,1.4959193897e+00
528.250000,1.0013275301e-03,1.4728741190e+00
528.300000,1.0004100117e-03,1.6766360042e+00
528.350000,1.0002178590e-03,1.5063360665e+00
528.400000,1.0017222306e-03,1.6796697194e+00
528.450000,9.9837606957e-04,1.6176751338e+00
528.500000,1.0001412537e-03,1.6606070016e+00
528.550000,9.9978460860e-04,1.7027185357e+00
528.600000,9.9955045353e-04,1.6489080711e+00
528.650000,1.0001464561e-03,1.8667855915e+00
528.700000,9.9843605658e-04,1.6959737226e+00
528.750000,9.9922358623e-04,1.5715709186e+00
528.800000,1.0010584560e-03,1.4670450146e+00
528.850000,1.0000339795e-03,1.5412308175e+00
528.900000,9.9931714990e-04,1.5155141209e+00
528.950000,1.0018875625e-03,1.5497969149e+00
529.000000,9.9939325693e-04,1.5847680942e+00
529.050000,1.0010394623e-03,1.6038088827e+00
529.100000,1.0003755510e-03,1.5963384959e+00
529.150000,1.0001545192e-03,1.6177205276e+00
529.200000,1.0004282388e-03,1.6215778432e+00
529.250000,9.9979496312e-04,1.5717898931e+00
529.300000,1.0014342117e-03,1.6033395501e+00
529.350000,1.0010770759e-03,1.6187114747e+00
529.400000,1.0016836733e-03,1.6077101933e+00
529.450000,1.0014987664e-03,1.6439614305e+00
529.500000,9.9929321282e-04,1.5308013690e+00
529.550000,9.9805401333e-04,1.7312017362e+00
529.600000,9.9960239753e-04,1.6243939193e+00
529.650000,1.0005242137e-03,1.5394700051e+00
529.700000,9.9976244193e-04,1.6367962590e+00
529.750000,9.9918191944e-04,1.6439654158e+00
529.800000,1.0019753370e-03,1.8035572462e+00
529.850000,1.0000501611e-03,1.6270527987e+00
529.900000,1.0007155910e-03,1.4321404133e+00
529.950000,9.9897141629e-04,1.6363541050e+00
530.000000,1.0008915895e-03,1.6333434730e+00
530.050000,9.9882906269e-04,1.5787866864e+00
530.100000,1.0010864040e-03,1.5597612521e+00
530.150000,1.0005140936e-03,1.5990755422e+00
530.200000,1.0007320669e-03,1.4522358716e+00
530.250000,1.0010163154e-03,1.5533333883e+00
530.300000,9.9986813371e-04,1.7317770708e+00
530.350000,9.9962416224e-04,1.6174849509e+00
530.400000,1.0019120068e-03,1.6948153853e+00
530.450000,1.0004325371e-03,1.6451342893e+00
530.500000,9.9942027807e-04,1.6028754505e+00
530.550000,9.9929384030e-04,1.7077211812e+00
530.600000,9.9917902919e-04,1.5617321057e+00
530.650000,9.9907046407e-04,1.5026919036e+00
530.700000,1.0016155461e-03,1.5968572979e+00
530.750000,9.9869038735e-04,1.4757945695e+00
530.800000,9.9968456986e-04,1.5437434486e+00
530.850000,9.9938743643e-04,1.6835313119e+00
530.900000,9.9943818220e-04,1.5421965077e+00
530.950000,9.9967447486e-04,1.5806290212e+00
531.000000,9.9991012072e-04,1.7032530241e+00
531.050000,1.0004493138e-03,1.6562556102e+00
531.100000,1.0004659752e-03,1.5554681967e+00
531.150000,1.0017732087e-03,1.5364320059e+00
531.200000,1.0003732384e-03,1.5832032711e+00
531.250000,9.9911799922e-04,1.5146943210e+00
531.300000,1.0012682960e-03,1.6851695456e+00
531.350000,9.9948622180e-04,1.6086050644e+00
531.400000,9.9808353883e-04,1.5905294742e+00
531.450000,1.0014558057e-03,1.5129644670e+00
531.500000,1.0014556440e-03,1.5950728314e+00
531.550000,9.9919167466e-04,1.5610949072e+00
531.600000,1.0012288984e-03,1.5912744739e+00
531.650000,1.0015766950e-03,1.6371535462e+00
531.700000,1.0008153104e-03,1.7100328384e+00
531.750000,9.9957902402e-04,1.5550348502e+00
531.800000,1.0019040767e-03,1.5659272409e+00
531.850000,9.9906881028e-04,1.5718748027e+00
531.900000,1.0009634301e-03,1.6121392738e+00
531.950000,1.0007034096e-03,1.5279965467e+00
532.000000,1.0005606911e-03,1.6775696358e+00
532.050000,9.9835226276e-04,1.6305331316e+00
532.100000,1.0003930616e-03,1.7621247614e+00
532.150000,9.9910205030e-04,1.5654645146e+00
532.200000,9.9771831716e-04,1.5639288047e+00
532.250000,1.0005502004e-03,1.5869230187e+00
532.300000,1.0004296027e-03,1.4642477100e+00
532.350000,1.0005986292e-03,1.5095695862e+00
532.400000,1.0015747335e-03,1.7152703660e+00
532.450000,1.0018098309e-03,1.7045162785e+00
532.500000,1.0001260180e-03,1.7102306665e+00
532.550000,1.0005287698e-03,1.5824559192e+00
532.600000,9.9806032853e-04,1.5211481011e+00
532.650000,1.0005658551e-03,1.5664106146e+00
532.700000,1.0022909564e-03,1.4722359854e+00
532.750000,1.0012258322e-03,1.6921714315e+00
532.800000,1.0005637812e-03,1.6894768099e+00
532.850000,1.0003285891e-03,1.6284158786e+00
532.900000,9.9862751176e-04,1.7030920350e+00
532.950000,1.0002066637e-03,1.4768451028e+00
533.000000,9.9981650528e-04,1.5542109401e+00
533.050000,1.0001939555e-03,1.5804582406e+00
533.100000,9.9707598993e-04,1.6568109866e+00
533.150000,9.9890387637e-04,1.4934930555e+00
533.200000,9.9928690606e-04,1.5310738763e+00
533.250000,1.0024748706e-03,1.7889830067e+00
533.300000,1.0014232853e-03,1.7134184425e+00
533.350000,1.0003448037e-03,1.8238515843e+00
533.400000,9.9967766928e-04,1.6981592644e+00
533.450000,9.9953681441e-04,1.6045936259e+00
533.500000,9.9946351769e-04,1.6559678339e+00
533.550000,1.0010124744e-03,1.5587725971e+00
533.600000,9.9970610828e-04,1.5487192598e+00
533.650000,1.0003154526e-03,1.5979579601e+00
533.700000,1.0006440013e-03,1.7171717219e+00
533.750000,9.9949232710e-04,1.5045141944e+00
533.800000,1.0006226097e-03,1.4747545431e+00
533.850000,1.0011145910e-03,1.6582865101e+00
533.900000,9.9786402194e-04,1.5490688229e+00
533.950000,1.0003433034e-03,1.5941725433e+00
534.000000,1.0007723333e-03,1.6542080677e+00
534.050000,1.0005542064e-03,1.6685384574e+00
534.100000,9.9986944567e-04,1.4953345292e+00
534.150000,9.9913724144e-04,1.6589377112e+00
534.200000,1.0003515648e-03,1.3358100351e+00
534.250000,9.9990039208e-04,1.6062777813e+00
534.300000,1.0011883610e-03,1.7154238470e+00
534.350000,9.9971202258e-04,1.7375734725e+00
534.400000,1.0000609090e-03,1.6213834840e+00
534.450000,9.9976786527e-04,1.4931757568e+00
534.500000,1.0004928472e-03,1.5122858535e+00
534.550000,1.0019633311e-03,1.5420433152e+00
534.600000,1.0004956056e-03,1.7466898984e+00
534.650000,1.0013340944e-03,1.6159048324e+00
534.700000,9.9917777535e-04,1.7218911405e+00
534.750000,9.9881452043e-04,1.4888415551e+00
534.800000,1.0000097735e-03,1.6500075170e+00
534.850000,9.9778882081e-04,1.6792767602e+00
534.900000,1.0008516320e-03,1.6608142013e+00
534.950000,9.9853095250e-04,1.4886560476e+00
535.000000,9.9779931025e-04,1.5756056280e+00
535.050000,9.9904566418e-04,1.5671481274e+00
535.100000,1.0000294335e-03,1.6880548618e+00
535.150000,9.9954094819e-04,1.6644522416e+00
535.200000,1.0000073342e-03,1.7233632691e+00
535.250000,9.9855436737e-04,1.5264271489e+00
535.300000,9.9738749453e-04,1.4606005806e+00
535.350000,1.0013225734e-03,1.6178486616e+00
535.400000,1.0002061238e-03,1.5472915881e+00
535.450000,1.0007104724e-03,1.5518740001e+00
535.500000,9.9882750491e-04,1.6454356839e+00
535.550000,1.0016102717e-03,1.4898050318e+00
535.600000,9.9992026410e-04,1.6325682083e+00
535.650000,1.0006143532e-03,1.5274817657e+00
535.700000,1.0002215252e-03,1.5317260242e+00
535.750000,1.0012399883e-03,1.6170667673e+00
535.800000,9.9842978481e-04,1.6382634394e+00
535.850000,9.9959871854e-04,1.5366169510e+00
535.900000,1.0003147277e-03,1.5226613775e+00
535.950000,9.9996757095e-04,1.6214741391e+00
536.000000,1.0005737224e-03,1.5319254086e+00
536.050000,9.9769793305e-04,1.6336273009e+00
536.100000,1.0007537275e-03,1.5527839541e+00
536.150000,9.9998966954e-04,1.6404634991e+00
536.200000,1.0000792006e-03,1.4985691370e+00
536.250000,9.9975214060e-04,1.6853270049e+00
536.300000,9.9814482118e-04,1.6526498808e+00
536.350000,9.9893044090e-04,1.6134255366e+00
536.400000,9.9995716915e-04,1.6684537776e+00
536.450000,1.0015317825e-03,1.5438839346e+00
536.500000,1.0000963625e-03,1.6168172870e+00
536.550000,1.0014806862e-03,1.4877916346e+00
536.600000,9.9845841845e-04,1.4531696802e+00
536.650000,9.9868509895e-04,1.6434171403e+00
536.700000,1.0002074565e-03,1.7220080340e+00
536.750000,1.0002370008e-03,1.5984582718e+00
536.800000,1.0009070514e-03,1.5288875429e+00
536.850000,9.9780725601e-04,1.5970917090e+00
536.900000,9.9875116799e-04,1.5852824551e+00
536.950000,1.0007506190e-03,1.7409916746e+00
537.000000,9.9993560620e-04,1.4529076913e+00
537.050000,9.9896253158e-04,1.5639247838e+00
537.100000,9.9889813408e-04,1.6199449527e+00
537.150000,1.0003395804e-03,1.5751944026e+00
537.200000,9.9972339362e-04,1.6690686632e+00
537.250000,1.0009617924e-03,1.7487473386e+00
537.300000,1.0009942245e-03,1.6218297558e+00
537.350000,9.9876752637e-04,1.7481255538e+00
537.400000,1.0000269437e-03,1.7150574254e+00
537.450000,9.9944457700e-04,1.5503857100e+00
537.500000,9.9973883470e-04,1.6682719525e+00
537.550000,1.0000035599e-03,1.5048698793e+00
537.600000,9.9939465762e-04,1.5017514462e+00
537.650000,9.9978745043e-04,1.6078948975e+00
537.700000,9.9759738299e-04,1.6940126306e+00
537.750000,9.9892205636e-04,1.3745983665e+00
537.800000,9.9711426512e-04,1.4895334123e+00
537.850000,9.9951164120e-04,1.6501691286e+00
537.900000,9.9750946552e-04,1.6536767037e+00
537.950000,1.0012890798e-03,1.5487780713e+00
538.000000,1.0003955563e-03,1.5367778128e+00
538.050000,1.0019121459e-03,1.6462339365e+00
538.100000,1.0004898620e-03,1.7236361285e+00
538.150000,9.9959670758e-04,1.4096959793e+00
538.200000,1.0006435404e-03,1.7036310236e+00
538.250000,9.9820643864e-04,1.5223045840e+00
538.300000,1.0012237950e-03,1.6085678734e+00
538.350000,9.9977928821e-04,1.6206470960e+00
538.400000,9.9984440432e-04,1.3972086845e+00
538.450000,1.0002910385e-03,1.6325443441e+00
538.500000,1.0019784986e-03,1.6142614433e+00
538.550000,9.9996314416e-04,1.5874049618e+00
538.600000,1.0000417209e-03,1.6787571873e+00
538.650000,1.0003731759e-03,1.6840378555e+00
538.700000,9.9857645728e-04,1.6466908656e+00
538.750000,1.0006496723e-03,1.5746488182e+00
538.800000,9.9842497308e-04,1.4684201171e+00
538.850000,1.0013623855e-03,1.4298221035e+00
538.900000,9.9932259711e-04,1.4887065181e+00
538.950000,9.9917242278e-04,1.5262478815e+00
539.000000,1.0011041928e-03,1.6785278671e+00
539.050000,9.9917156866e-04,1.6696675727e+00
539.100000,1.0002169966e-03,1.6550947347e+00
539.150000,1.0016296914e-03,1.8798471937e+00
539.200000,1.0015019056e-03,1.5125713703e+00
539.250000,1.0004777386e-03,1.6176824008e+00
539.300000,9.9874241611e-04,1.6925291228e+00
539.350000,9.9960703384e-04,1.6793977614e+00
539.400000,1.0006139369e-03,1.6124936828e+00
539.450000,9.9995159041e-04,1.5949975153e+00
539.500000,1.0010974026e-03,1.6581818251e+00
539.550000,1.0006980447e-03,1.5823649581e+00
539.600000,1.0008684340e-03,1.6626988107e+00
539.650000,1.0017148083e-03,1.4006540133e+00
539.700000,9.9995467341e-04,1.5159227064e+00
539.750000,1.0008095520e-03,1.5964196190e+00
539.800000,1.0007630299e-03,1.6805533332e+00
539.850000,9.9914647713e-04,1.5661253627e+00
539.900000,1.0000866985e-03,1.5293774930e+00
539.950000,1.0015885659e-03,1.6542940676e+00
540.000000,9.9962037877e-04,1.6679550788e+00
540.050000,1.0003631927e-03,1.5669999227e+00
540.100000,1.0002734103e-03,1.5364821155e+00
540.150000,1.0011412273e-03,1.6245861325e+00
540.200000,9.9862365714e-04,1.6512080986e+00
540.250000,1.0004118421e-03,1.6132346399e+00
540.300000,9.9812694099e-04,1.6880004817e+00
540.350000,1.0003959199e-03,1.4790573197e+00
540.400000,1.0005694344e-03,1.7019436317e+00
540.450000,1.0017970042e-03,1.5058173872e+00
540.500000,1.0000893585e-03,1.5517225076e+00
540.550000,1.0000029040e-03,1.4599961442e+00
540.600000,9.9988982917e-04,1.4292004635e+00
540.650000,9.9980813627e-04,1.5363181245e+00
540.700000,1.0001105809e-03,1.5686323872e+00
540.750000,9.9923221396e-04,1.7179327297e+00
540.800000,9.9865952740e-04,1.6026318734e+00
540.850000,1.0008971299e-03,1.6246190001e+00
540.900000,1.0002713447e-03,1.6094954013e+00
540.950000,1.0000796750e-03,1.5906545107e+00
541.000000,1.0023593854e-03,1.6753725582e+00
541.050000,9.9931262069e-04,1.5954568640e+00
541.100000,1.0002721158e-03,1.6447147720e+00
541.150000,9.9806571910e-04,1.7530360408e+00
541.200000,9.9935247677e-04,1.3772766192e+00
541.250000,9.9949850286e-04,1.7354994820e+00
541.300000,9.9921579022e-04,1.5684858473e+00
541.350000,9.9865405600e-04,1.5788820323e+00
541.400000,1.0002006214e-03,1.5685887062e+00
541.450000,9.9958489800e-04,1.5952377015e+00
541.500000,1.0003972171e-03,1.5360334794e+00
541.550000,1.0027775010e-03,1.6884416659e+00
541.600000,9.9925808423e-04,1.7084220485e+00
541.650000,1.0003168298e-03,1.5475641922e+00
541.700000,9.9940771584e-04,1.5422273969e+00
541.750000,1.0013082082e-03,1.7205015472e+00
541.800000,9.9952298757e-04,1.5473669503e+00
541.850000,9.9789969481e-04,1.6112602826e+00
541.900000,9.9902209235e-04,1.5995861216e+00
541.950000,9.9908432834e-04,1.6792335480e+00
542.000000,9.9870040551e-04,1.5981316526e+00
542.050000,9.9986145214e-04,1.4355873918e+00
542.100000,1.0005573491e-03,1.5896942582e+00
542.150000,9.9896967185e-04,1.5189182634e+00
542.200000,9.9986792093e-04,1.6319498176e+00
542.250000,9.9898342291e-04,1.6203096752e+00
542.300000,1.0010662855e-03,1.6296611183e+00
542.350000,9.9988902805e-04,1.5429196466e+00
542.400000,1.0006480355e-03,1.5865812020e+00
542.450000,9.9906275104e-04,1.6286246488e+00
542.500000,9.9993820653e-04,1.6747715321e+00
542.550000,9.9983196369e-04,1.6003391455e+00
542.600000,9.9828556153e-04,1.5012794873e+00
542.650000,1.0002589188e-03,1.5357844465e+00
542.700000,9.9887452955e-04,1.5040133492e+00
542.750000,1.0004181814e-03,1.5443225423e+00
542.800000,9.9995221165e-04,1.4745232120e+00
542.850000,1.0019314487e-03,1.6804138343e+00
542.900000,9.9913788726e-04,1.5187730354e+00
542.950000,1.0005566390e-03,1.6237257560e+00
543.000000,9.9805465373e-04,1.5944529497e+00
543.050000,9.9947382857e-04,1.5557264494e+00
543.100000,9.9975000609e-04,1.6419303838e+00
543.150000,9.9863364555e-04,1.5431358184e+00
543.200000,9.9976123706e-04,1.5415408296e+00
543.250000,9.9966759945e-04,1.5278983264e+00
543.300000,1.0004101782e-03,1.4958412552e+00
543.350000,9.9977212248e-04,1.7132410032e+00
543.400000,9.9968234340e-04,1.5876785227e+00
543.450000,9.9972578674e-04,1.4799385315e+00
543.500000,9.9982581070e-04,1.4524719637e+00
543.550000,1.0007856075e-03,1.5584675598e+00
543.600000,9.9782339440e-04,1.6425546949e+00
543.650000,1.0020203862e-03,1.5922447675e+00
543.700000,9.9953367285e-04,1.7077427087e+00
543.750000,9.9867070897e-04,1.6173230437e+00
543.800000,9.9916598097e-04,1.5592036626e+00
543.850000,1.0013406534e-03,1.5284375312e+00
543.900000,9.9984665351e-04,1.7157579891e+00
543.950000,9.9882799600e-04,1.5700641141e+00
544.000000,1.0003301778e-03,1.5006515798e+00
544.050000,1.0002782288e-03,1.7574405448e+00
544.100000,9.9928633597e-04,1.7424935543e+00
544.150000,9.9881898190e-04,1.6122648803e+00
544.200000,9.9915926577e-04,1.6242692687e+00
544.250000,1.0009029618e-03,1.6136291797e+00
544.300000,9.9947884374e-04,1.5842984464e+00
544.350000,9.9974881280e-04,1.6944015869e+00
544.400000,1.0008452907e-03,1.5207609690e+00
544.450000,1.0007470584e-03,1.6240654669e+00
544.500000,1.0006052297e-03,1.5143159339e+00
544.550000,1.0012179266e-03,1.5953581402e+00
544.600000,9.9925516311e-04,1.5113713814e+00
544.650000,1.0003421137e-03,1.5390970757e+00
544.700000,1.0010786499e-03,1.6651415497e+00
544.750000,9.9916236416e-04,1.6435147692e+00
544.800000,1.0018730212e-03,1.6592988975e+00
544.850000,9.9751843094e-04,1.7401437385e+00
544.900000,1.0007879873e-03,1.6424554912e+00
544.950000,1.0002922574e-03,1.7002436422e+00
545.000000,9.9892178112e-04,1.4691993506e+00
545.050000,1.0003663469e-03,1.7068665575e+00
545.100000,9.9999044387e-04,1.5456388669e+00
545.150000,9.9951656536e-04,1.6027737964e+00
545.200000,1.0022066301e-03,1.4800503041e+00
545.250000,9.9916177084e-04,1.6924636875e+00
545.300000,1.0010191012e-03,1.6049543109e+00
545.350000,9.9973466455e-04,1.6432829898e+00
545.400000,9.9989702651e-04,1.5280941654e+00
545.450000,9.9865223126e-04,1.7120290007e+00
545.500000,1.0004660457e-03,1.6021463884e+00
545.550000,1.0004301301e-03,1.6126805259e+00
545.600000,1.0007832234e-03,1.6000177823e+00
545.650000,1.0017071446e-03,1.4853710364e+00
545.700000,1.0007781905e-03,1.5698158912e+00
545.750000,1.0024896998e-03,1.6332161370e+00
545.800000,9.9936937258e-04,1.4904420995e+00
545.850000,1.0021567582e-03,1.6876602982e+00
545.900000,1.0012532015e-03,1.6605306470e+00
545.950000,9.9891520471e-04,1.6391580512e+00
546.000000,1.0009891990e-03,1.5223867324e+00
546.050000,9.9916675673e-04,1.5874935395e+00
546.100000,1.0005328101e-03,1.5849850037e+00
546.150000,1.0000004083e-03,1.7477667781e+00
546.200000,9.9958578880e-04,1.6314648683e+00
546.250000,9.9946083699e-04,1.4839716657e+00
546.300000,1.0002567518e-03,1.5532604216e+00
546.350000,9.9955030341e-04,1.4468431523e+00
546.400000,9.9936784096e-04,1.6358192857e+00
546.450000,9.9907611647e-04,1.5856428333e+00
546.500000,9.9920801806e-04,1.5339418415e+00
546.550000,9.9985065419e-04,1.4329024876e+00
546.600000,9.9905489690e-04,1.6024387842e+00
546.650000,9.9964300870e-04,1.7262003349e+00
546.700000,9.9962411450e-04,1.6671857133e+00
546.750000,1.0006051540e-03,1.6325276131e+00
546.800000,9.9945548735e-04,1.4960375593e+00
546.850000,9.9775570566e-04,1.6669704588e+00
546.900000,9.9984131146e-04,1.7088264064e+00
546.950000,9.9952579833e-04,1.5402336744e+00
547.000000,9.9889106478e-04,1.6840493129e+00
547.050000,9.9951567774e-04,1.5079797244e+00
547.100000,1.0012442305e-03,1.6033846110e+00
547.150000,9.9980061265e-04,1.5577871527e+00
547.200000,9.9966246190e-04,1.6339219567e+00
547.250000,9.9970637611e-04,1.5220269534e+00
547.300000,9.9907803015e-04,1.5998153716e+00
547.350000,1.0013906083e-03,1.5616943625e+00
547.400000,9.9937537652e-04,1.5199477849e+00
547.450000,9.9991938336e-04,1.7361069439e+00
547.500000,9.9916826801e-04,1.5688366109e+00
547.550000,9.9978432060e-04,1.8351124564e+00
547.600000,1.0000487491e-03,1.4822036282e+00
547.650000,9.9950105006e-04,1.5764958415e+00
547.700000,9.9989627832e-04,1.5805259183e+00
547.750000,9.9793406180e-04,1.4268675535e+00
547.800000,1.0012364547e-03,1.6583605558e+00
547.850000,1.0005350904e-03,1.6586869733e+00
547.900000,1.0015559203e-03,1.6898122323e+00
547.950000,1.0000112738e-03,1.7071548637e+00
548.000000,1.0008948463e-03,1.5073367897e+00
548.050000,1.0017546008e-03,1.5321042160e+00
548.100000,9.9825693596e-04,1.5308098860e+00
548.150000,9.9841358863e-04,1.6208334288e+00
548.200000,9.9940277700e-04,1.5759945347e+00
548.250000,9.9971091629e-04,1.6379070511e+00
548.300000,9.9940511097e-04,1.6103058449e+00
548.350000,9.9893643641e-04,1.5937825735e+00
548.400000,1.0015186271e-03,1.6016321580e+00
548.450000,9.9985730527e-04,1.6826070392e+00
548.500000,1.0002835777e-03,1.6462912113e+00
548.550000,9.9939414165e-04,1.5552806751e+00
548.600000,1.0013231138e-03,1.6743017249e+00
548.650000,9.9901276866e-04,1.6385875124e+00
548.700000,9.9945431977e-04,1.5772420717e+00
548.750000,9.9924299452e-04,1.6006185511e+00
548.800000,9.9927813773e-04,1.5435534240e+00
548.850000,1.0004919690e-03,1.5139944292e+00
548.900000,1.0005771488e-03,1.5119753165e+00
548.950000,9.9946987596e-04,1.4490273390e+00
549.000000,1.0007946457e-03,1.6746288270e+00
549.050000,1.0005015042e-03,1.5633443875e+00
549.100000,1.0012691277e-03,1.7754229111e+00
549.150000,9.9926462697e-04,1.7238304597e+00
549.200000,9.9949766890e-04,1.5124642810e+00
549.250000,9.9906279973e-04,1.4505473723e+00
549.300000,9.9961124177e-04,1.6694006836e+00
549.350000,1.0000899122e-03,1.5132526059e+00
549.400000,1.0002906776e-03,1.5566154390e+00
549.450000,9.9936952943e-04,1.4718092827e+00
549.500000,1.0015588607e-03,1.7341349490e+00
549.550000,9.9964348780e-04,1.5698567716e+00
549.600000,9.9943290237e-04,1.8049697004e+00
549.650000,1.0008023802e-03,1.6843973896e+00
549.700000,9.9946518821e-04,1.6079008046e+00
549.750000,1.0000191625e-03,1.5658943016e+00
549.800000,9.9823259802e-04,1.5743094627e+00
549.850000,1.0000026010e-03,1.7054837471e+00
549.900000,1.0014318296e-03,1.6784555360e+00
549.950000,9.9993345548e-04,1.5890934773e+00
550.000000,1.0003940050e-03,1.5837940371e+00
550.050000,1.0016933323e-03,1.5896541726e+00
550.100000,1.0013810971e-03,1.7532861891e+00
550.150000,9.9971172191e-04,1.7006515160e+00
550.200000,9.9995162444e-04,1.6872731975e+00
550.250000,1.0007094899e-03,1.6429651742e+00
550.300000,1.0010548250e-03,1.5971146726e+00
550.350000,9.9743582269e-04,1.5341531194e+00
550.400000,1.0004569455e-03,1.3940983037e+00
550.450000,9.9861404838e-04,1.6187823351e+00
550.500000,1.0000379836e-03,1.7629916292e+00
550.550000,9.9819328317e-04,1.6195586100e+00
550.600000,1.0008159095e-03,1.6869871452e+00
550.650000,9.9946166532e-04,1.6479033587e+00
550.700000,9.9978489829e-04,1.6191248062e+00
550.750000,1.0004553016e-03,1.6083768094e+00
550.800000,9.9990664919e-04,1.6483710060e+00
550.850000,9.9998217264e-04,1.6083466236e+00
550.900000,9.9987900817e-04,1.6210741697e+00
550.950000,9.9973557522e-04,1.7600108346e+00
551.000000,9.9951017333e-04,1.6999553467e+00
551.050000,9.9952198601e-04,1.4863750586e+00
551.100000,1.0001871740e-03,1.5651490784e+00
551.150000,1.0007275492e-03,1.6731123656e+00
551.200000,1.0006289026e-03,1.4850768531e+00
551.250000,1.0001558694e-03,1.6563398371e+00
551.300000,9.9930186212e-04,1.6740348541e+00
551.350000,1.0004540791e-03,1.5883962684e+00
551.400000,1.0006636253e-03,1.4768318514e+00
551.450000,1.0010762463e-03,1.5361765189e+00
551.500000,1.0015445572e-03,1.5826871593e+00
551.550000,1.0001630486e-03,1.5657594823e+00
551.600000,1.0011186529e-03,1.6359098405e+00
551.650000,9.9997372863e-04,1.5836608676e+00
551.700000,1.0002972155e-03,1.6869833581e+00
551.750000,1.0003812287e-03,1.4926627547e+00
551.800000,1.0001711228e-03,1.3872131932e+00
551.850000,1.0011722932e-03,1.6473552121e+00
551.900000,1.0009653585e-03,1.5837725011e+00
551.950000,9.9827268007e-04,1.6116874637e+00
552.000000,9.9973630257e-04,1.5000836932e+00
552.050000,1.0007515373e-03,1.5335194059e+00
552.100000,1.0012429731e-03,1.7688787710e+00
552.150000,9.9872752574e-04,1.5806629518e+00
552.200000,9.9961882280e-04,1.6249892258e+00
552.250000,1.0000454423e-03,1.7425006723e+00
552.300000,1.0007031993e-03,1.6461943589e+00
552.350000,9.9997248208e-04,1.6656313688e+00
552.400000,1.0004191460e-03,1.5842041625e+00
552.450000,9.9912433066e-04,1.6569024728e+00
552.500000,9.9991973769e-04,1.5693119004e+00
552.550000,1.0005838361e-03,1.6526009539e+00
552.600000,9.9892341128e-04,1.5290460685e+00
552.650000,1.0020963393e-03,1.5845587517e+00
552.700000,9.9942985694e-04,1.6655124683e+00
552.750000,9.9949401806e-04,1.5876076143e+00
552.800000,9.9967695706e-04,1.5446456695e+00
552.850000,9.9872198084e-04,1.6334283632e+00
552.900000,9.9942192613e-04,1.5458077335e+00
552.950000,1.0003191149e-03,1.6629035037e+00
553.000000,1.0018913198e-03,1.6642800292e+00
553.050000,9.9970098816e-04,1.6585054410e+00
553.100000,1.0001799936e-03,1.6615126323e+00
553.150000,1.0003141723e-03,1.5243963207e+00
553.200000,9.9966767632e-04,1.4759755904e+00
553.250000,1.0004723592e-03,1.6269351421e+00
553.300000,9.9901337287e-04,1.6606031406e+00
553.350000,1.0013660363e-03,1.4380887234e+00
553.400000,1.0021405493e-03,1.6223380616e+00
553.450000,1.0003656119e-03,1.6466057758e+00
553.500000,9.9897105133e-04,1.7326135161e+00
553.550000,9.9934226006e-04,1.6286750716e+00
553.600000,1.0002709483e-03,1.6045342449e+00
553.650000,1.0011786195e-03,1.5916798496e+00
553.700000,9.9774314000e-04,1.5356208434e+00
553.750000,1.0003593144e-03,1.7356333190e+00
553.800000,9.9969217084e-04,1.5434333067e+00
553.850000,9.9951630154e-04,1.7347045328e+00
553.900000,1.0002370214e-03,1.6365972134e+00
553.950000,1.0004873597e-03,1.7085072823e+00
554.000000,1.0006163626e-03,1.6708349712e+00
554.050000,1.0003897142e-03,1.6258867562e+00
554.100000,9.9918667620e-04,1.6006323599e+00
554.150000,9.9966033706e-04,1.4928878048e+00
554.200000,9.9888584320e-04,1.6005155487e+00
554.250000,9.9976598549e-04,1.7031015513e+00
554.300000,1.0013484543e-03,1.5955718980e+00
554.350000,9.9994780998e-04,1.6380872541e+00
554.400000,1.0001488740e-03,1.5092208234e+00
554.450000,9.9880015765e-04,1.6270277877e+00
554.500000,1.0004040524e-03,1.5573311160e+00
554.550000,9.9945807538e-04,1.7272070968e+00
554.600000,9.9872787924e-04,1.6191561812e+00
554.650000,1.0006806206e-03,1.6028090669e+00
554.700000,9.9998811071e-04,1.4507823216e+00
554.750000,9.9981847771e-04,1.6040529384e+00
554.800000,9.9938208827e-04,1.5187809717e+00
554.850000,1.0005872839e-03,1.6174995381e+00
554.900000,1.0019450817e-03,1.5017244794e+00
554.950000,1.0001292782e-03,1.4647438637e+00
555.000000,1.0015476556e-03,1.5364452299e+00
555.050000,1.0008318235e-03,1.4589914026e+00
555.100000,9.9995534367e-04,1.5744984955e+00
555.150000,1.0016802000e-03,1.6170071924e+00
555.200000,9.9965730347e-04,1.6186066868e+00
555.250000,9.9919740106e-04,1.6438413551e+00
555.300000,1.0006895379e-03,1.5447055219e+00
555.350000,1.0009152289e-03,1.5363578894e+00
555.400000,1.0010816948e-03,1.6068942717e+00
555.450000,1.0013381687e-03,1.6519925182e+00
555.500000,9.9957748541e-04,1.7621802827e+00
555.550000,1.0010905879e-03,1.7283935534e+00
555.600000,9.9982159889e-04,1.5963459959e+00
555.650000,1.0015474556e-03,1.5032067220e+00
555.700000,1.0000797869e-03,1.5368150721e+00
555.750000,1.0000402461e-03,1.5231554670e+00
555.800000,1.0004780439e-03,1.7448631821e+00
555.850000,9.9898284787e-04,1.6011214228e+00
555.900000,1.0013798759e-03,1.6823735529e+00
555.950000,1.0010399989e-03,1.5454182980e+00
556.000000,9.9850777137e-04,1.5377411934e+00
556.050000,9.9865034931e-04,1.5902177879e+00
556.100000,9.9919306908e-04,1.6137512137e+00
556.150000,1.0005296145e-03,1.5838510381e+00
556.200000,9.9993414013e-04,1.4125101429e+00
556.250000,9.9865693217e-04,1.5638921405e+00
556.300000,1.0000058266e-03,1.5758413566e+00
556.350000,1.0008350433e-03,1.5954878264e+00
556.400000,1.0012981742e-03,1.5412993063e+00
556.450000,9.9885260156e-04,1.7035904800e+00
556.500000,1.0010334680e-03,1.5035015244e+00
556.550000,1.0018963307e-03,1.7251378130e+00
556.600000,9.9887229156e-04,1.6436315895e+00
556.650000,9.9910506862e-04,1.6054815979e+00
556.700000,1.0014585260e-03,1.6890704142e+00
556.750000,1.0009884623e-03,1.4934662503e+00
556.800000,1.0005951666e-03,1.4915668784e+00
556.850000,1.0009135143e-03,1.5439910151e+00
556.900000,1.0000005313e-03,1.5550562164e+00
556.950000,1.0003979109e-03,1.6940933093e+00
557.000000,1.0000987683e-03,1.7031470454e+00
557.050000,9.9799192977e-04,1.5668455304e+00
557.100000,9.9878983047e-04,1.6513015485e+00
557.150000,1.0002421980e-03,1.5853017523e+00
557.200000,1.0000148655e-03,1.6817637395e+00
557.250000,1.0018893427e-03,1.5500220515e+00
557.300000,9.9959464372e-04,1.5363976151e+00
557.350000,9.9953184978e-04,1.6673936884e+00
557.400000,9.9966632409e-04,1.7058459509e+00
557.450000,1.0009675425e-03,1.6629297084e+00
557.500000,9.9957426744e-04,1.6994245980e+00
557.550000,1.0018911348e-03,1.5561114664e+00
557.600000,9.9913096731e-04,1.6086466380e+00
557.650000,9.9961360888e-04,1.6052529030e+00
557.700000,9.9982127882e-04,1.6222247954e+00
557.750000,9.9893128110e-04,1.7321819875e+00
557.800000,1.0014249094e-03,1.6427248569e+00
557.850000,9.9743825101e-04,1.5740602044e+00
557.900000,1.0000511431e-03,1.6041704338e+00
557.950000,1.0002010128e-03,1.6060644289e+00
558.000000,9.9919421383e-04,1.5769327804e+00
558.050000,1.0005532237e-03,1.5827789803e+00
558.100000,1.0008523985e-03,1.5827431388e+00
558.150000,9.9983598962e-04,1.5301627581e+00
558.200000,9.9890767071e-04,1.6995148119e+00
558.250000,1.0010281367e-03,1.6111450218e+00
558.300000,9.9970594016e-04,1.6322928874e+00
558.350000,9.9975397343e-04,1.6164038869e+00
558.400000,9.9961668459e-04,1.6757682578e+00
558.450000,9.9985831850e-04,1.7051048679e+00
558.500000,9.9863364811e-04,1.6044658719e+00
558.550000,9.9902925602e-04,1.6130470901e+00
558.600000,1.0001689359e-03,1.6767571468e+00
558.650000,9.9837347829e-04,1.6195634519e+00
558.700000,1.0013964687e-03,1.4911996540e+00
558.750000,9.9980523204e-04,1.5260565485e+00
558.800000,1.0003508387e-03,1.6531785069e+00
558.850000,1.0005500465e-03,1.4944081213e+00
558.900000,1.0008863020e-03,1.4945532018e+00
558.950000,1.0000248093e-03,1.6546257491e+00
559.000000,9.9973520804e-04,1.5311344931e+00
559.050000,1.0005318796e-03,1.5296777436e+00
559.100000,1.0016580829e-03,1.6225141236e+00
559.150000,1.0023673940e-03,1.5384016008e+00
559.200000,1.0005999438e-03,1.5871707343e+00
559.250000,1.0012665255e-03,1.5983497985e+00
559.300000,9.9948491309e-04,1.5544771278e+00
559.350000,1.0010650943e-03,1.6237995152e+00
559.400000,1.0004463431e-03,1.5670655936e+00
559.450000,1.0007460371e-03,1.6236978768e+00
559.500000,1.0021547619e-03,1.6729745738e+00
559.550000,9.9903024633e-04,1.6841078213e+00
559.600000,1.0004431895e-03,1.6061384488e+00
559.650000,9.9941793478e-04,1.6234886407e+00
559.700000,9.9880779182e-04,1.6449004422e+00
559.750000,1.0014342830e-03,1.6951353924e+00
559.800000,9.9960002086e-04,1.6509248635e+00
559.850000,1.0012905208e-03,1.6780157441e+00
559.900000,9.9967585983e-04,1.5484099398e+00
559.950000,1.0001357032e-03,1.7142512600e+00
560.000000,1.0003120749e-03,1.5905414928e+00
560.050000,9.9903696368e-04,1.6078262310e+00
560.100000,9.9920720071e-04,1.4868893346e+00
560.150000,1.0001075927e-03,1.5650335060e+00
560.200000,9.9959525327e-04,1.6302218242e+00
560.250000,9.9913254150e-04,1.5692196943e+00
560.300000,9.9931127664e-04,1.6142154663e+00
560.350000,1.0012559865e-03,1.5103226299e+00
560.400000,1.0003716170e-03,1.6007197327e+00
560.450000,9.9813979757e-04,1.5304788027e+00
560.500000,1.0005036606e-03,1.5468649412e+00
560.550000,1.0027783500e-03,1.6032429618e+00
560.600000,1.0006334094e-03,1.5758614776e+00
560.650000,1.0016245901e-03,1.7119304741e+00
560.700000,9.9788484555e-04,1.5724633744e+00
560.750000,1.0003315736e-03,1.6109532092e+00
560.800000,1.0003016097e-03,1.5600359627e+00
560.850000,1.0001253491e-03,1.6692785117e+00
560.900000,1.0000184564e-03,1.6887993745e+00
560.950000,9.9966609563e-04,1.6449941460e+00
561.000000,1.0004528628e-03,1.7533684161e+00
561.050000,1.0004969234e-03,1.6237770423e+00
561.100000,1.0010944913e-03,1.7474087340e+00
561.150000,1.0015869970e-03,1.4762552827e+00
561.200000,9.9997647486e-04,1.6493584811e+00
561.250000,9.9782893110e-04,1.5385011255e+00
561.300000,1.0008583760e-03,1.5756419702e+00
561.350000,1.0002188042e-03,1.6466243955e+00
561.400000,9.9829840819e-04,1.4718127707e+00
561.450000,1.0003558195e-03,1.6554397666e+00
561.500000,9.9918693548e-04,1.5345439919e+00
561.550000,1.0006836457e-03,1.5720451846e+00
561.600000,9.9969315452e-04,1.6505922953e+00
561.650000,1.0006791575e-03,1.6544690193e+00
561.700000,9.9992563181e-04,1.7415739450e+00
561.750000,1.0006714877e-03,1.5635355651e+00
561.800000,1.0011680249e-03,1.6118964486e+00
561.850000,1.0015355786e-03,1.6435452464e+00
561.900000,1.0000125368e-03,1.6167385740e+00
561.950000,1.0002224074e-03,1.4941978457e+00
562.000000,9.9746765710e-04,1.6474931152e+00
562.050000,1.0005035530e-03,1.4900786687e+00
562.100000,1.0013360983e-03,1.4498684346e+00
562.150000,1.0004878516e-03,1.5459569207e+00
562.200000,9.9984058977e-04,1.6764886232e+00
562.250000,9.9907182750e-04,1.5684645422e+00
562.300000,9.9988036877e-04,1.5851266079e+00
562.350000,9.9954163392e-04,1.6057409219e+00
562.400000,1.0005649695e-03,1.6501151041e+00
562.450000,1.0013575067e-03,1.5880852674e+00
562.500000,9.9953296109e-04,1.5279592778e+00
562.550000,9.9982687665e-04,1.4937528804e+00
562.600000,1.0012218072e-03,1.7141787559e+00
562.650000,1.0025251599e-03,1.5078429329e+00
562.700000,1.0013133872e-03,1.4724901129e+00
562.750000,9.9944743240e-04,1.5593331753e+00
562.800000,9.9853547221e-04,1.5078741828e+00
562.850000,9.9981469776e-04,1.6124164279e+00
562.900000,9.9894829145e-04,1.6539062076e+00
562.950000,9.9791734957e-04,1.7719310363e+00
563.000000,1.0005177799e-03,1.5222491932e+00
563.050000,9.9948471294e-04,1.5650235913e+00
563.100000,9.9962432778e-04,1.5712940401e+00
563.150000,9.9986619436e-04,1.6338698421e+00
563.200000,9.9947693178e-04,1.6221498751e+00
563.250000,1.0005215930e-03,1.5415510277e+00
563.300000,1.0015798069e-03,1.5740523232e+00
563.350000,1.0001574805e-03,1.6126463416e+00
563.400000,9.9870369607e-04,1.6185595303e+00
563.450000,1.0000344813e-03,1.6945529624e+00
563.500000,1.0011993453e-03,1.7386508348e+00
563.550000,1.0018585279e-03,1.6711462975e+00
563.600000,9.9867715094e-04,1.5682995250e+00
563.650000,1.0004995080e-03,1.5681873704e+00
563.700000,9.9955946502e-04,1.6551204221e+00
563.750000,9.9940039702e-04,1.5288864085e+00
563.800000,1.0028671113e-03,1.5732293110e+00
563.850000,9.9982081999e-04,1.5617105761e+00
563.900000,9.9998076385e-04,1.5548542137e+00
563.950000,9.9947870401e-04,1.6941901408e+00
564.000000,1.0010941908e-03,1.6154889610e+00
564.050000,1.0008349657e-03,1.7064509793e+00
564.100000,1.0002987701e-03,1.5910985156e+00
564.150000,1.0004313734e-03,1.4800183664e+00
564.200000,9.9941412235e-04,1.5730716522e+00
564.250000,9.9869323410e-04,1.6926347549e+00
564.300000,1.0008121143e-03,1.5730711245e+00
564.350000,1.0011715654e-03,1.6229874844e+00
564.400000,9.9947923343e-04,1.6963304051e+00
564.450000,9.9977074614e-04,1.5268985341e+00
564.500000,1.0005650758e-03,1.4859687774e+00
564.550000,9.9964534423e-04,1.7134327264e+00
564.600000,9.9868764583e-04,1.5560674879e+00
564.650000,9.9789784318e-04,1.6114126424e+00
564.700000,9.9880771038e-04,1.3588215017e+00
564.750000,9.9990772051e-04,1.7161321492e+00
564.800000,9.9988050372e-04,1.6675567486e+00
564.850000,9.9941327443e-04,1.5420893136e+00
564.900000,1.0004374990e-03,1.6195388481e+00
564.950000,1.0005120099e-03,1.5726867216e+00
565.000000,9.9913278716e-04,1.5099450780e+00
565.050000,1.0000190281e-03,1.5923298848e+00
565.100000,9.9978115197e-04,1.5176580179e+00
565.150000,1.0003247530e-03,1.6267087560e+00
565.200000,9.9864841306e-04,1.4426924521e+00
565.250000,1.0004735924e-03,1.5975474716e+00
565.300000,1.0001886234e-03,1.4307153482e+00
565.350000,1.0012584427e-03,1.5259770198e+00
565.400000,1.0006723971e-03,1.5351107721e+00
565.450000,9.9948750467e-04,1.7046482483e+00
565.500000,9.9932968943e-04,1.5627030583e+00
565.550000,9.9842106724e-04,1.5793586151e+00
565.600000,1.0015062332e-03,1.5115233910e+00
565.650000,1.0024551210e-03,1.5083835071e+00
565.700000,1.0005625385e-03,1.5489564545e+00
565.750000,9.9934759667e-04,1.5360263778e+00
565.800000,1.0018005700e-03,1.5768323182e+00
565.850000,1.0003564084e-03,1.5782253584e+00
565.900000,9.9830645690e-04,1.4949811452e+00
565.950000,9.9998248649e-04,1.6736360147e+00
566.000000,1.0006171436e-03,1.5605701448e+00
566.050000,1.0003049356e-03,1.6758240475e+00
566.100000,1.0007763914e-03,1.5160746874e+00
566.150000,9.9800222616e-04,1.6268230452e+00
566.200000,1.0005236899e-03,1.5673473851e+00
566.250000,1.0010762677e-03,1.6134793483e+00
566.300000,9.9990776066e-04,1.5809404363e+00
566.350000,1.0000680652e-03,1.5511774780e+00
566.400000,1.0018635332e-03,1.5229695399e+00
566.450000,9.9895055653e-04,1.5515930804e+00
566.500000,9.9935319075e-04,1.6990340559e+00
566.550000,1.0006346090e-03,1.4820211678e+00
566.600000,1.0001750802e-03,1.7089348715e+00
566.650000,9.9906310075e-04,1.6704748094e+00
566.700000,9.9907239834e-04,1.5801327551e+00
566.750000,9.9945053938e-04,1.6368502874e+00
566.800000,9.9851680673e-04,1.6514499001e+00
566.850000,1.0002180323e-03,1.5746810083e+00
566.900000,1.0023379938e-03,1.6149863928e+00
566.950000,9.9997543539e-04,1.5460327415e+00
567.000000,9.9857662445e-04,1.6697761065e+00
567.050000,9.9907593608e-04,1.6185420395e+00
567.100000,1.0006430966e-03,1.5707481324e+00
567.150000,9.9930803193e-04,1.5798933791e+00
567.200000,9.9880204873e-04,1.5728457359e+00
567.250000,1.0002558451e-03,1.6213641034e+00
567.300000,9.9952151509e-04,1.6553378254e+00
567.350000,1.0007073210e-03,1.6420549992e+00
567.400000,1.0012185426e-03,1.6335205880e+00
567.450000,9.9993580011e-04,1.6144108564e+00
567.500000,1.0001222362e-03,1.7529516495e+00
567.550000,9.9994622411e-04,1.5468735718e+00
567.600000,1.0007259059e-03,1.6181014003e+00
567.650000,1.0006578746e-03,1.5519548587e+00
567.700000,1.0020076818e-03,1.7625965882e+00
567.750000,9.9947682560e-04,1.4738101962e+00
567.800000,9.9893639522e-04,1.6266653620e+00
567.850000,1.0009155453e-03,1.6608980485e+00
567.900000,9.9798728531e-04,1.5306087097e+00
567.950000,9.9942982824e-04,1.4813104141e+00
568.000000,9.9812796272e-04,1.5248155219e+00
568.050000,1.0020175152e-03,1.5947253132e+00
568.100000,9.9815583753e-04,1.7772526275e+00
568.150000,9.9946976026e-04,1.5666297505e+00
568.200000,9.9919375685e-04,1.5598684620e+00
568.250000,1.0015691791e-03,1.5715298487e+00
568.300000,9.9778236779e-04,1.6485026400e+00
568.350000,1.0026698562e-03,1.5421089026e+00
568.400000,9.9964822825e-04,1.6953505350e+00
568.450000,1.0007160256e-03,1.4606732826e+00
568.500000,1.0006819810e-03,1.6129140504e+00
568.550000,1.0002105010e-03,1.4652425434e+00
568.600000,9.9961637654e-04,1.7029339672e+00
568.650000,1.0004589379e-03,1.7284119487e+00
568.700000,1.0006194979e-03,1.6615751330e+00
568.750000,9.9880837992e-04,1.5809179435e+00
568.800000,9.9921357358e-04,1.6556999115e+00
568.850000,9.9846607665e-04,1.5950764538e+00
568.900000,9.9949257997e-04,1.3665533222e+00
568.950000,1.0004590715e-03,1.5519005514e+00
569.000000,1.0000893289e-03,1.7014279034e+00
569.050000,9.9996525844e-04,1.7367580196e+00
569.100000,1.0012737475e-03,1.5799595649e+00
569.150000,1.0008782347e-03,1.6084417618e+00
569.200000,9.9895284727e-04,1.6594899293e+00
569.250000,9.9853103921e-04,1.5166558052e+00
569.300000,1.0000311493e-03,1.7841302878e+00
569.350000,1.0005101977e-03,1.6541753914e+00
569.400000,1.0013974578e-03,1.6494726499e+00
569.450000,9.9990558750e-04,1.6324851789e+00
569.500000,9.9991381649e-04,1.5634736603e+00
569.550000,9.9863807895e-04,1.5994434732e+00
569.600000,1.0006176553e-03,1.5177782419e+00
569.650000,9.9945564053e-04,1.6981738388e+00
569.700000,1.0004544541e-03,1.7329058344e+00
569.750000,1.0000914255e-03,1.5682544755e+00
569.800000,9.9991266173e-04,1.5837830757e+00
569.850000,9.9929367651e-04,1.6057575774e+00
569.900000,1.0004582197e-03,1.7128517832e+00
569.950000,1.0002412573e-03,1.6273138607e+00
570.000000,1.0002659172e-03,1.5007609889e+00
570.050000,9.9987928768e-04,1.7290440318e+00
570.100000,9.9950313319e-04,1.6750684563e+00
570.150000,9.9924261906e-04,1.5448984421e+00
570.200000,9.9968470862e-04,1.6547368244e+00
570.250000,1.0023795961e-03,1.3114139717e+00
570.300000,1.0004552400e-03,1.6139081864e+00
570.350000,1.0001070589e-03,1.4090884274e+00
570.400000,9.9875884469e-04,1.5418907266e+00
570.450000,1.0012759310e-03,1.5191136961e+00
570.500000,9.9936016649e-04,1.5081309313e+00
570.550000,1.0021280537e-03,1.5934588680e+00
570.600000,1.0008407668e-03,1.6870982611e+00
570.650000,9.9966284514e-04,1.5313391719e+00
570.700000,9.9986436796e-04,1.5031341082e+00
570.750000,1.0009266402e-03,1.6094887278e+00
570.800000,9.9938531865e-04,1.5193951078e+00
570.850000,1.0015861799e-03,1.5713796283e+00
570.900000,9.9961228002e-04,1.7059673748e+00
570.950000,1.0001323714e-03,1.6424480015e+00
571.000000,9.9946027246e-04,1.5983922657e+00
571.050000,1.0009637022e-03,1.6354869903e+00
571.100000,9.9884577575e-04,1.6771643707e+00
571.150000,1.0006106651e-03,1.4927776861e+00
571.200000,1.0009033089e-03,1.5878401116e+00
571.250000,1.0003855723e-03,1.6768285929e+00
571.300000,1.0002746683e-03,1.5899708020e+00
571.350000,9.9881998355e-04,1.6438431917e+00
571.400000,1.0001793922e-03,1.5981715513e+00
571.450000,9.9912780799e-04,1.6208398182e+00
571.500000,9.9921913201e-04,1.6660451452e+00
571.550000,9.9753164863e-04,1.6614695940e+00
571.600000,1.0002095150e-03,1.6511838517e+00
571.650000,9.9966816045e-04,1.5234429826e+00
571.700000,1.0004783013e-03,1.4725316937e+00
571.750000,1.0014606358e-03,1.6771790510e+00
571.800000,1.0005199588e-03,1.7731546137e+00
571.850000,1.0005273084e-03,1.7195231183e+00
571.900000,1.0002485680e-03,1.5179477323e+00
571.950000,9.9961297537e-04,1.6474985743e+00
572.000000,9.9924115094e-04,1.6765887834e+00
572.050000,9.9762814344e-04,1.6932619248e+00
572.100000,9.9872471692e-04,1.4070432109e+00
572.150000,1.0008353410e-03,1.6967635303e+00
572.200000,1.0004710911e-03,1.5692020154e+00
572.250000,9.9957762121e-04,1.6461180913e+00
572.300000,1.0008673294e-03,1.7291995847e+00
572.350000,9.9998637074e-04,1.5291002671e+00
572.400000,9.9940541380e-04,1.5502998366e+00
572.450000,1.0009860854e-03,1.4230539198e+00
572.500000,1.0000962739e-03,1.7032624893e+00
572.550000,9.9933061224e-04,1.5902138414e+00
572.600000,1.0003499068e-03,1.3999221319e+00
572.650000,9.9994162781e-04,1.5795977516e+00
572.700000,9.9969531911e-04,1.5288880697e+00
572.750000,9.9993822976e-04,1.5135468457e+00
572.800000,1.0006738953e-03,1.5857754244e+00
572.850000,1.0002298556e-03,1.6289762205e+00
572.900000,1.0008863324e-03,1.6315772963e+00
572.950000,1.0007681359e-03,1.5910089894e+00
573.000000,9.9971136590e-04,1.6982565223e+00
573.050000,9.9758207523e-04,1.7425421152e+00
573.100000,9.9959146222e-04,1.5873127008e+00
573.150000,1.0005487343e-03,1.6494120085e+00
573.200000,9.9977180433e-04,1.6090366617e+00
573.250000,9.9896880938e-04,1.5798049505e+00
573.300000,1.0015503898e-03,1.6967309487e+00
573.350000,1.0007605209e-03,1.7539363904e+00
573.400000,9.9929054223e-04,1.6138289489e+00
573.450000,9.9962214841e-04,1.5493978109e+00
573.500000,1.0008171877e-03,1.5704582324e+00
573.550000,9.9934927397e-04,1.6227320019e+00
573.600000,1.0013205854e-03,1.7334950411e+00
573.650000,1.0011169754e-03,1.6026316945e+00
573.700000,1.0015014672e-03,1.5496581259e+00
573.750000,1.0005859207e-03,1.5235495445e+00
573.800000,1.0001841005e-03,1.6331246376e+00
573.850000,9.9997361261e-04,1.7392325289e+00
573.900000,9.9967807887e-04,1.8556074943e+00
573.950000,1.0000822888e-03,1.6176125771e+00
574.000000,9.9850268958e-04,1.5893524946e+00
574.050000,9.9818365794e-04,1.5186096293e+00
574.100000,9.9932008261e-04,1.4611710553e+00
574.150000,1.0012185620e-03,1.7000665763e+00
574.200000,9.9959331800e-04,1.5874884195e+00
574.250000,9.9851083141e-04,1.6932008057e+00
574.300000,1.0001065687e-03,1.4796804880e+00
574.350000,9.9966922820e-04,1.5737924343e+00
574.400000,1.0005705693e-03,1.7127856381e+00
574.450000,9.9962292166e-04,1.6374436598e+00
574.500000,1.0003050159e-03,1.7445777876e+00
574.550000,9.9980526530e-04,1.6750775174e+00
574.600000,1.0005691760e-03,1.5270463997e+00
574.650000,1.0012609326e-03,1.5187447312e+00
574.700000,9.9848058839e-04,1.5837076264e+00
574.750000,9.9904835129e-04,1.6303881222e+00
574.800000,9.9884312425e-04,1.4913946759e+00
574.850000,9.9996910581e-04,1.6295922333e+00
574.900000,9.9878371190e-04,1.6161977161e+00
574.950000,9.9883287643e-04,1.5252627334e+00
575.000000,9.9887193693e-04,1.7036147958e+00
575.050000,9.9950211139e-04,1.5291957583e+00
575.100000,9.9898315970e-04,1.4842715598e+00
575.150000,1.0009369418e-03,1.6142466557e+00
575.200000,9.9979868527e-04,1.5631005979e+00
575.250000,1.0014759572e-03,1.5432576153e+00
575.300000,1.0007475589e-03,1.4821093519e+00
575.350000,9.9934929922e-04,1.6068073463e+00
575.400000,9.9834049251e-04,1.5929021670e+00
575.450000,9.9939617534e-04,1.5549705064e+00
575.500000,9.9843652883e-04,1.6505175094e+00
575.550000,9.9967448958e-04,1.6412409851e+00
575.600000,9.9991348013e-04,1.6370463421e+00
575.650000,9.9960938441e-04,1.4992985499e+00
575.700000,9.9950169521e-04,1.7527802898e+00
575.750000,9.9945442480e-04,1.6007865929e+00
575.800000,9.9985155441e-04,1.5553412192e+00
575.850000,1.0008431821e-03,1.7127816848e+00
575.900000,9.9936323784e-04,1.6307798310e+00
575.950000,9.9849293330e-04,1.7489138147e+00
576.000000,1.0022030519e-03,1.5975525278e+00
576.050000,9.9930949617e-04,1.5166097582e+00
576.100000,1.0008125376e-03,1.5962029185e+00
576.150000,9.9974825087e-04,1.5871967841e+00
576.200000,1.0013187840e-03,1.6735239654e+00
576.250000,1.0000611884e-03,1.5287846920e+00
576.300000,1.0019779675e-03,1.5554301162e+00
576.350000,9.9984285900e-04,1.6771913886e+00
576.400000,9.9945539506e-04,1.5582654532e+00
576.450000,1.0012727766e-03,1.5714703465e+00
576.500000,9.9872800340e-04,1.5968201255e+00
576.550000,1.0003332888e-03,1.7395662990e+00
576.600000,9.9986888660e-04,1.7555915049e+00
576.650000,9.9961172797e-04,1.5464695071e+00
576.700000,9.9943315885e-04,1.6243653111e+00
576.750000,1.0006170204e-03,1.8056403952e+00
576.800000,1.0019891455e-03,1.7554009791e+00
576.850000,1.0014756380e-03,1.6919173765e+00
576.900000,1.0017302944e-03,1.6452139475e+00
576.950000,9.9939329780e-04,1.5872284857e+00
577.000000,1.0000871898e-03,1.6124110301e+00
577.050000,1.0010212300e-03,1.6829162453e+00
577.100000,1.0011447087e-03,1.6317960070e+00
577.150000,9.9862344858e-04,1.6540281497e+00
577.200000,1.0015237635e-03,1.5203440959e+00
577.250000,9.9946260893e-04,1.5391785498e+00
577.300000,9.9998333250e-04,1.5959261977e+00
577.350000,1.0016440421e-03,1.5509998239e+00
577.400000,1.0011508825e-03,1.5246835204e+00
577.450000,9.9893844320e-04,1.6191449776e+00
577.500000,9.9740488824e-04,1.5617424794e+00
577.550000,9.9897584432e-04,1.5316848445e+00
577.600000,1.0018906398e-03,1.5590254667e+00
577.650000,9.9955882132e-04,1.5925116815e+00
577.700000,9.9895677810e-04,1.7037963008e+00
577.750000,1.0007935170e-03,1.6353820026e+00
577.800000,1.0003657369e-03,1.5903117399e+00
577.850000,1.0000495242e-03,1.6122459169e+00
577.900000,1.0023373838e-03,1.4617832671e+00
577.950000,9.9874746418e-04,1.7793887153e+00
578.000000,9.9998415615e-04,1.6823549656e+00
578.050000,1.0009168549e-03,1.5709545045e+00
578.100000,1.0013647105e-03,1.5472037292e+00
578.150000,9.9855077539e-04,1.5517422394e+00
578.200000,9.9980440954e-04,1.6264390649e+00
578.250000,9.9855926722e-04,1.6144614453e+00
578.300000,9.9968816151e-04,1.6711882184e+00
578.350000,1.0004074106e-03,1.6173788670e+00
578.400000,1.0009956064e-03,1.7091713430e+00
578.450000,1.0002374731e-03,1.5841609897e+00
578.500000,1.0000428440e-03,1.4906933238e+00
578.550000,1.0001865296e-03,1.6347698239e+00
578.600000,1.0003281662e-03,1.7518946834e+00
578.650000,1.0006549352e-03,1.4147898450e+00
578.700000,9.9958173515e-04,1.6248880850e+00
578.750000,9.9831684699e-04,1.6895484232e+00
578.800000,1.0013740190e-03,1.5808470770e+00
578.850000,1.0002623358e-03,1.6303710901e+00
578.900000,1.0007626315e-03,1.4105957577e+00
578.950000,1.0000276955e-03,1.7640675210e+00
579.000000,1.0011817956e-03,1.6380846528e+00
579.050000,1.0004257575e-03,1.5869485267e+00
579.100000,1.0012775691e-03,1.5391536262e+00
579.150000,1.0002828131e-03,1.6364018314e+00
579.200000,1.0016328689e-03,1.5810623590e+00
579.250000,1.0010050698e-03,1.5651365243e+00
579.300000,1.0004232506e-03,1.6945378405e+00
579.350000,9.9960893788e-04,1.5981853571e+00
579.400000,9.9989216136e-04,1.4579541799e+00
579.450000,1.0014561307e-03,1.5917606478e+00
579.500000,9.9845548570e-04,1.7186187105e+00
579.550000,9.9869823719e-04,1.6634000145e+00
579.600000,1.0015509393e-03,1.6373913545e+00
579.650000,1.0006649846e-03,1.4031464272e+00
579.700000,1.0022298600e-03,1.6527480574e+00
579.750000,9.9986478305e-04,1.6034556456e+00
579.800000,9.9906186648e-04,1.5998046577e+00
579.850000,1.0001113822e-03,1.6359807956e+00
579.900000,1.0009362955e-03,1.4775797556e+00
579.950000,9.9850598995e-04,1.6101833062e+00
580.000000,9.9982833230e-04,1.6326269969e+00
580.050000,9.9967642116e-04,1.6473179847e+00
580.100000,9.9995930027e-04,1.5226659925e+00
580.150000,1.0005044113e-03,1.6937853230e+00
580.200000,9.9971314441e-04,1.6193863540e+00
580.250000,1.0001813300e-03,1.5920999581e+00
580.300000,9.9859335949e-04,1.6426463804e+00
580.350000,9.9918541233e-04,1.7092700852e+00
580.400000,9.9891249241e-04,1.6254792769e+00
580.450000,9.9949231052e-04,1.5299667005e+00
580.500000,9.9859744485e-04,1.5167844275e+00
580.550000,1.0022561336e-03,1.6021586144e+00
580.600000,9.9853633866e-04,1.5768309386e+00
580.650000,9.9974880167e-04,1.5794558365e+00
580.700000,9.9828141676e-04,1.5538567707e+00
580.750000,9.9911965286e-04,1.5245151408e+00
580.800000,9.9882793382e-04,1.6034291650e+00
580.850000,1.0000394159e-03,1.6740249393e+00
580.900000,9.9909439251e-04,1.6119194963e+00
580.950000,1.0001729383e-03,1.6354015819e+00
581.000000,1.0001602753e-03,1.5882435742e+00
581.050000,9.9852851069e-04,1.5786393530e+00
581.100000,9.9878086647e-04,1.5622620053e+00
581.150000,9.9962440168e-04,1.5566279543e+00
581.200000,9.9916989139e-04,1.5913917509e+00
581.250000,1.0005004516e-03,1.5446292828e+00
581.300000,9.9927076745e-04,1.6373207222e+00
581.350000,1.0016250486e-03,1.5738758292e+00
581.400000,9.9805899663e-04,1.6880624686e+00
581.450000,1.0002149569e-03,1.4993666538e+00
581.500000,1.0004495408e-03,1.7148474103e+00
581.550000,1.0018628192e-03,1.5343839971e+00
581.600000,9.9820135295e-04,1.6218513639e+00
581.650000,1.0007485710e-03,1.4808496370e+00
581.700000,9.9911343293e-04,1.5708626927e+00
581.750000,9.9869057324e-04,1.5666119043e+00
581.800000,1.0022422420e-03,1.5573770214e+00
581.850000,9.9991210282e-04,1.5679600010e+00
581.900000,1.0005671108e-03,1.5583807041e+00
581.950000,9.9979518767e-04,1.5438044490e+00
582.000000,1.0006665635e-03,1.6889998479e+00
582.050000,9.9961732646e-04,1.7570288135e+00
582.100000,9.9976293955e-04,1.4700846041e+00
582.150000,9.9959687170e-04,1.7006730081e+00
582.200000,9.9955174878e-04,1.7323895397e+00
582.250000,1.0011493387e-03,1.7544476523e+00
582.300000,1.0019121888e-03,1.6260671558e+00
582.350000,1.0001620766e-03,1.6738191190e+00
582.400000,9.9967391939e-04,1.5285994532e+00
582.450000,9.9987271809e-04,1.5144238340e+00
582.500000,9.9970097941e-04,1.6674826662e+00
582.550000,9.9837916071e-04,1.6986483011e+00
582.600000,9.9919392670e-04,1.5402097109e+00
582.650000,1.0011100483e-03,1.7129288471e+00
582.700000,1.0015837112e-03,1.5243983444e+00
582.750000,1.0004420134e-03,1.6124989868e+00
582.800000,9.9944076509e-04,1.6708877223e+00
582.850000,9.9994890527e-04,1.5734865593e+00
582.900000,1.0008224123e-03,1.4999538357e+00
582.950000,1.0011620835e-03,1.6183221659e+00
583.000000,9.9877525481e-04,1.5068698032e+00
583.050000,1.0000002074e-03,1.7467245145e+00
583.100000,9.9901796416e-04,1.5522828341e+00
583.150000,1.0036931481e-03,1.6572850433e+00
583.200000,9.9932232848e-04,1.5914170632e+00
583.250000,1.0008216229e-03,1.6491510845e+00
583.300000,1.0007229400e-03,1.5244401399e+00
583.350000,9.9896618149e-04,1.5991614496e+00
583.400000,1.0007794736e-03,1.7374383804e+00
583.450000,1.0003620613e-03,1.5803318003e+00
583.500000,9.9946460464e-04,1.4410021849e+00
583.550000,1.0002417066e-03,1.5858903593e+00
583.600000,1.0004632896e-03,1.6362784157e+00
583.650000,1.0001641444e-03,1.6604983354e+00
583.700000,1.0017278616e-03,1.5935209010e+00
583.750000,1.0007814646e-03,1.5568731546e+00
583.800000,9.9882201221e-04,1.6967951139e+00
583.850000,1.0000745601e-03,1.8168580268e+00
583.900000,9.9873632065e-04,1.7304964927e+00
583.950000,1.0012805427e-03,1.5998819789e+00
584.000000,9.9908569142e-04,1.5497989457e+00
584.050000,1.0006439075e-03,1.5972409550e+00
584.100000,9.9988245849e-04,1.4586246914e+00
584.150000,1.0002955726e-03,1.5926604983e+00
584.200000,9.9881087608e-04,1.6273885543e+00
584.250000,9.9942709465e-04,1.6112556054e+00
584.300000,1.0001215420e-03,1.5952659085e+00
584.350000,9.9944646372e-04,1.4946673276e+00
584.400000,9.9869297500e-04,1.5340252864e+00
584.450000,1.0004052221e-03,1.5339092640e+00
584.500000,1.0000245199e-03,1.5620988885e+00
584.550000,1.0016926925e-03,1.5781443521e+00
584.600000,1.0000378633e-03,1.6898825825e+00
584.650000,9.9964926113e-04,1.7145500623e+00
584.700000,1.0005906280e-03,1.5277043553e+00
584.750000,1.0003796347e-03,1.6194469874e+00
584.800000,1.0012807234e-03,1.6185639898e+00
584.850000,9.9928888745e-04,1.7332073390e+00
584.900000,1.0005156637e-03,1.6147271961e+00
584.950000,1.0002756011e-03,1.5861044085e+00
585.000000,9.9865427323e-04,1.6376678547e+00
585.050000,1.0007304686e-03,1.5538605386e+00
585.100000,1.0018464322e-03,1.6296739900e+00
585.150000,1.0002209638e-03,1.5848765486e+00
585.200000,1.0006561993e-03,1.6082823721e+00
585.250000,9.9977333501e-04,1.7407129568e+00
585.300000,1.0009968842e-03,1.5677264683e+00
585.350000,9.9972270837e-04,1.4256362924e+00
585.400000,1.0001919476e-03,1.5573681466e+00
585.450000,9.9902769411e-04,1.6299857359e+00
585.500000,9.9868995259e-04,1.6456054507e+00
585.550000,1.0006829084e-03,1.6324436693e+00
585.600000,1.0013732663e-03,1.5596603792e+00
585.650000,9.9860477247e-04,1.5922298587e+00
585.700000,9.9995655621e-04,1.7225554716e+00
585.750000,9.9975234320e-04,1.6336861139e+00
585.800000,1.0004227333e-03,1.6961592824e+00
585.850000,9.9944400120e-04,1.5347127914e+00
585.900000,9.9843992346e-04,1.5970432033e+00
585.950000,1.0011739279e-03,1.6914532579e+00
586.000000,9.9983838448e-04,1.7220172547e+00
586.050000,1.0011781300e-03,1.4590036497e+00
586.100000,9.9993287505e-04,1.6093017582e+00
586.150000,1.0000984334e-03,1.7665142744e+00
586.200000,1.0005622302e-03,1.7294265940e+00
586.250000,1.0023494664e-03,1.6399793862e+00
586.300000,1.0003257200e-03,1.7553432865e+00
586.350000,1.0006121500e-03,1.5674963199e+00
586.400000,9.9981312592e-04,1.6066001093e+00
586.450000,1.0000840468e-03,1.5460980194e+00
586.500000,1.0001459123e-03,1.5451278065e+00
586.550000,9.9883413857e-04,1.6461438543e+00
586.600000,9.9952029625e-04,1.6281360526e+00
586.650000,9.9973440346e-04,1.5447754082e+00
586.700000,1.0017229890e-03,1.6241514119e+00
586.750000,9.9857550416e-04,1.5633692168e+00
586.800000,9.9943370320e-04,1.6083530960e+00
586.850000,1.0000595046e-03,1.5674862678e+00
586.900000,1.0009347945e-03,1.5318768149e+00
586.950000,1.0005131461e-03,1.7066334371e+00
587.000000,9.9941019051e-04,1.6962287183e+00
587.050000,9.9891716301e-04,1.6296056595e+00
587.100000,1.0000382477e-03,1.6378317014e+00
587.150000,9.9987063361e-04,1.5425136550e+00
587.200000,1.0003458416e-03,1.5691224890e+00
587.250000,9.9971124067e-04,1.6420680235e+00
587.300000,9.9893051964e-04,1.5651396091e+00
587.350000,1.0015053248e-03,1.6297436521e+00
587.400000,1.0009395913e-03,1.6711854811e+00
587.450000,1.0001854436e-03,1.4884469478e+00
587.500000,9.9915586501e-04,1.6899728729e+00
587.550000,1.0002938070e-03,1.5361767028e+00
587.600000,9.9933252887e-04,1.5741360716e+00
587.650000,1.0001057268e-03,1.7619645764e+00
587.700000,9.9914523420e-04,1.5392793988e+00
587.750000,9.9960714200e-04,1.6102029403e+00
587.800000,1.0008886399e-03,1.5688600369e+00
587.850000,9.9961377399e-04,1.7558697741e+00
587.900000,9.9992823177e-04,1.3962109856e+00
587.950000,9.9927864652e-04,1.4870192095e+00
588.000000,1.0002583428e-03,1.6230841713e+00
588.050000,9.9967373872e-04,1.6072702208e+00
588.100000,1.0008353209e-03,1.5884193080e+00
588.150000,1.0006018056e-03,1.6624599928e+00
588.200000,1.0013751949e-03,1.5307709168e+00
588.250000,1.0002099753e-03,1.6074317620e+00
588.300000,9.9991555427e-04,1.6978229042e+00
588.350000,9.9924247433e-04,1.5689590515e+00
588.400000,1.0003893339e-03,1.5443115452e+00
588.450000,9.9945212063e-04,1.6489676780e+00
588.500000,1.0007522015e-03,1.7268228171e+00
588.550000,1.0007255567e-03,1.6600789258e+00
588.600000,9.9869401062e-04,1.6598895953e+00
588.650000,9.9971831141e-04,1.7138696360e+00
588.700000,1.0002021592e-03,1.5050866050e+00
588.750000,9.9978177385e-04,1.5834679708e+00
588.800000,1.0008536832e-03,1.5461688720e+00
588.850000,1.0022964191e-03,1.6088132797e+00
588.900000,9.9995728890e-04,1.6561247738e+00
588.950000,9.9935833469e-04,1.6622133415e+00
589.000000,1.0008285223e-03,1.5476710941e+00
589.050000,9.9911735937e-04,1.5713163473e+00
589.100000,1.0010304667e-03,1.6008128049e+00
589.150000,1.0002388769e-03,1.5454829821e+00
589.200000,1.0009692530e-03,1.5727155799e+00
589.250000,9.9994276236e-04,1.6857021386e+00
589.300000,9.9835068994e-04,1.5681732924e+00
589.350000,9.9891792597e-04,1.6246877094e+00
589.400000,1.0002907602e-03,1.6290434471e+00
589.450000,9.9951814727e-04,1.6466348629e+00
589.500000,1.0002228858e-03,1.5634650912e+00
589.550000,9.9959273435e-04,1.6510415528e+00
589.600000,1.0006723056e-03,1.5967054927e+00
589.650000,1.0005499755e-03,1.5832873842e+00
589.700000,1.0009401389e-03,1.4480329285e+00
589.750000,9.9686627467e-04,1.6247610397e+00
589.800000,9.9988263115e-04,1.4564863361e+00
589.850000,9.9949561718e-04,1.5403323637e+00
589.900000,1.0014443682e-03,1.5856333881e+00
589.950000,9.9923333152e-04,1.7904585952e+00
590.000000,1.0004428938e-03,1.5827867714e+00
590.050000,9.9944989473e-04,1.6255200936e+00
590.100000,9.9992709744e-04,1.6915526371e+00
590.150000,9.9999194082e-04,1.5173846682e+00
590.200000,9.9975700883e-04,1.7276415409e+00
590.250000,1.0010546568e-03,1.6366915893e+00
590.300000,9.9952408994e-04,1.5322852952e+00
590.350000,1.0002072889e-03,1.5618987294e+00
590.400000,9.9864004491e-04,1.5171501410e+00
590.450000,9.9805476124e-04,1.6203783258e+00
590.500000,9.9930780456e-04,1.4697659288e+00
590.550000,9.9968745956e-04,1.6619906800e+00
590.600000,9.9852071890e-04,1.6344642454e+00
590.650000,1.0002681115e-03,1.4926137428e+00
590.700000,9.9852523762e-04,1.5001123113e+00
590.750000,9.9960912317e-04,1.6467432870e+00
590.800000,9.9981040441e-04,1.5752902859e+00
590.850000,1.0020094120e-03,1.5609954273e+00
590.900000,9.9886779271e-04,1.5809385927e+00
590.950000,1.0002750002e-03,1.5325931538e+00
591.000000,9.9945847333e-04,1.7559128797e+00
591.050000,1.0001465932e-03,1.5226742515e+00
591.100000,1.0005417850e-03,1.6930128969e+00
591.150000,9.9771110326e-04,1.5652238920e+00
591.200000,9.9943903348e-04,1.7119890508e+00
591.250000,9.9852832317e-04,1.6056518413e+00
591.300000,9.9898881310e-04,1.4428198307e+00
591.350000,9.9872041993e-04,1.4684102960e+00
591.400000,9.9905530268e-04,1.7466631565e+00
591.450000,9.9824894137e-04,1.5487789963e+00
591.500000,1.0005947844e-03,1.6122049028e+00
591.550000,1.0002941860e-03,1.7213931828e+00
591.600000,1.0007392721e-03,1.6507419614e+00
591.650000,1.0004588406e-03,1.6136733693e+00
591.700000,9.9896555845e-04,1.6268861037e+00
591.750000,1.0002546135e-03,1.7997295563e+00
591.800000,1.0017065950e-03,1.7386746130e+00
591.850000,9.9972851502e-04,1.7041803902e+00
591.900000,9.9939283906e-04,1.5559302682e+00
591.950000,9.9925227808e-04,1.6478992181e+00
592.000000,1.0008750468e-03,1.6454968467e+00
592.050000,1.0009388319e-03,1.5917799834e+00
592.100000,1.0003196908e-03,1.6612738364e+00
592.150000,9.9890112073e-04,1.5976715178e+00
592.200000,1.0007361621e-03,1.4908942995e+00
592.250000,9.9967623539e-04,1.5045289679e+00
592.300000,9.9931189246e-04,1.5375130225e+00
592.350000,1.0028662853e-03,1.5110513335e+00
592.400000,1.0001595226e-03,1.6078180404e+00
592.450000,1.0003484026e-03,1.6453327603e+00
592.500000,9.9817870919e-04,1.5520090665e+00
592.550000,1.0000902255e-03,1.5646342526e+00
592.600000,9.9821742962e-04,1.5623331928e+00
592.650000,1.0002378598e-03,1.5593185320e+00
592.700000,9.9912447053e-04,1.5576269886e+00
592.750000,9.9930486873e-04,1.5906446420e+00
592.800000,1.0008401247e-03,1.7306473401e+00
592.850000,9.9898706405e-04,1.7386506036e+00
592.900000,9.9965645176e-04,1.6817286229e+00
592.950000,9.9942563881e-04,1.5829852865e+00
593.000000,9.9935285125e-04,1.5249697478e+00
593.050000,1.0016563497e-03,1.5370756336e+00
593.100000,1.0022706607e-03,1.7273911354e+00
593.150000,1.0001567870e-03,1.6792921294e+00
593.200000,9.9960942072e-04,1.5261295720e+00
593.250000,9.9911965282e-04,1.4888339206e+00
593.300000,9.9827190952e-04,1.6385994186e+00
593.350000,9.9892593650e-04,1.6174783394e+00
593.400000,9.9849116753e-04,1.5209250561e+00
593.450000,1.0002937845e-03,1.6933272164e+00
593.500000,1.0004942949e-03,1.7767482090e+00
593.550000,9.9981224796e-04,1.6359093336e+00
593.600000,1.0009171760e-03,1.7225649342e+00
593.650000,9.9972485858e-04,1.5329967765e+00
593.700000,1.0008244387e-03,1.5977565514e+00
593.750000,1.0010740548e-03,1.7599199194e+00
593.800000,1.0012292622e-03,1.5404693659e+00
593.850000,1.0007341072e-03,1.6604970574e+00
593.900000,9.9987102060e-04,1.6617415720e+00
593.950000,9.9966983804e-04,1.4459475460e+00
594.000000,1.0000863761e-03,1.5519179350e+00
594.050000,9.9907360828e-04,1.5028532084e+00
594.100000,9.9976863841e-04,1.5437379465e+00
594.150000,1.0019454252e-03,1.5813894525e+00
594.200000,9.9994110575e-04,1.4594237369e+00
594.250000,1.0006560366e-03,1.5339616019e+00
594.300000,1.0012462738e-03,1.4550691713e+00
594.350000,9.9987778552e-04,1.4392331223e+00
594.400000,1.0015407558e-03,1.5499342640e+00
594.450000,1.0005706998e-03,1.7218579306e+00
594.500000,1.0023305170e-03,1.6218824468e+00
594.550000,1.0014702203e-03,1.4142790931e+00
594.600000,1.0011476269e-03,1.6954762311e+00
594.650000,9.9963759751e-04,1.7045174954e+00
594.700000,9.9891280013e-04,1.5983990755e+00
594.750000,9.9945923836e-04,1.4627943439e+00
594.800000,1.0008260933e-03,1.5192107075e+00
594.850000,9.9913800195e-04,1.5763628930e+00
594.900000,9.9892005427e-04,1.6586971805e+00
594.950000,1.0017418605e-03,1.6867853953e+00
595.000000,9.9955009239e-04,1.7672041731e+00
595.050000,1.0004481068e-03,1.7671867486e+00
595.100000,1.0016129717e-03,1.6514224156e+00
595.150000,1.0002752641e-03,1.7435873822e+00
595.200000,1.0004514378e-03,1.5964588477e+00
595.250000,9.9907512086e-04,1.5687044564e+00
595.300000,1.0010856859e-03,1.7006132206e+00
595.350000,1.0012198744e-03,1.5620902093e+00
595.400000,9.9972435153e-04,1.5517943444e+00
595.450000,1.0003066521e-03,1.6959934376e+00
595.500000,1.0006397417e-03,1.4953933494e+00
595.550000,1.0021947853e-03,1.6475551665e+00
595.600000,1.0004391039e-03,1.6064710170e+00
595.650000,1.0002489116e-03,1.6461758452e+00
595.700000,1.0002904275e-03,1.6360449098e+00
595.750000,9.9923248052e-04,1.4906526283e+00
595.800000,9.9723194205e-04,1.6153979166e+00
595.850000,1.0000209308e-03,1.6214645193e+00
595.900000,1.0004010175e-03,1.6185393067e+00
595.950000,1.0004349864e-03,1.6545826365e+00
596.000000,9.9920421872e-04,1.5018526474e+00
596.050000,9.9900154284e-04,1.5960815988e+00
596.100000,1.0027094161e-03,1.4744109101e+00
596.150000,9.9990109856e-04,1.5016863435e+00
596.200000,9.9966473070e-04,1.5635935605e+00
596.250000,1.0010512092e-03,1.5032748180e+00
596.300000,9.9935860708e-04,1.6498730717e+00
596.350000,9.9938665309e-04,1.6382074675e+00
596.400000,9.9891623306e-04,1.6804943380e+00
596.450000,9.9938559817e-04,1.7235457718e+00
596.500000,9.9986340181e-04,1.6876128833e+00
596.550000,1.0006554858e-03,1.6144781828e+00
596.600000,1.0010552482e-03,1.5452509427e+00
596.650000,9.9908196286e-04,1.4873294886e+00
596.700000,9.9946843710e-04,1.6330147613e+00
596.750000,9.9964988303e-04,1.6167328277e+00
596.800000,1.0011547692e-03,1.6411694117e+00
596.850000,9.9973172463e-04,1.5813778983e+00
596.900000,9.9878402879e-04,1.5070174735e+00
596.950000,1.0007611730e-03,1.6575497416e+00
597.000000,1.0002742579e-03,1.5870782023e+00
597.050000,1.0003234395e-03,1.5596185033e+00
597.100000,1.0004806817e-03,1.5651405644e+00
597.150000,1.0012737397e-03,1.6114874222e+00
597.200000,9.9898139687e-04,1.6252172800e+00
597.250000,9.9908463089e-04,1.5398615264e+00
597.300000,1.0015266877e-03,1.5751842757e+00
597.350000,9.9909340958e-04,1.6837023825e+00
597.400000,1.0002123917e-03,1.6008840010e+00
597.450000,9.9965505358e-04,1.6588960938e+00
597.500000,1.0005549826e-03,1.5481628149e+00
597.550000,1.0010989988e-03,1.5477132612e+00
597.600000,1.0010775182e-03,1.6276363574e+00
597.650000,9.9839027797e-04,1.6544272591e+00
597.700000,9.9973101030e-04,1.6009273850e+00
597.750000,9.9971406076e-04,1.5712769369e+00
597.800000,1.0009499588e-03,1.5565528195e+00
597.850000,1.0009380905e-03,1.6116726267e+00
597.900000,9.9991643427e-04,1.5643553380e+00
597.950000,9.9907472284e-04,1.6076741487e+00
598.000000,9.9946812644e-04,1.5905134837e+00
598.050000,9.9980140926e-04,1.5494095039e+00
598.100000,1.0002334919e-03,1.5082832850e+00
598.150000,1.0009503424e-03,1.5137188235e+00
598.200000,9.9855465235e-04,1.7311386401e+00
598.250000,9.9951560869e-04,1.5996074136e+00
598.300000,9.9978065901e-04,1.6682663853e+00
598.350000,1.0014191238e-03,1.4276065495e+00
598.400000,1.0005806519e-03,1.5399737473e+00
598.450000,1.0013014021e-03,1.3646910662e+00
598.500000,9.9954348167e-04,1.6620126260e+00
598.550000,1.0001668081e-03,1.4937454316e+00
598.600000,1.0013182893e-03,1.6046602588e+00
598.650000,1.0006790795e-03,1.6891750068e+00
598.700000,1.0013483210e-03,1.4580227573e+00
598.750000,1.0007455984e-03,1.5289439344e+00
598.800000,1.0003854273e-03,1.6328695876e+00
598.850000,1.0007202840e-03,1.4775678728e+00
598.900000,1.0005084879e-03,1.6209750181e+00
598.950000,1.0000861818e-03,1.5233074055e+00
599.000000,1.0020606109e-03,1.5519508495e+00
599.050000,1.0009002940e-03,1.6594183002e+00
599.100000,1.0017423919e-03,1.5300315972e+00
599.150000,1.0005666352e-03,1.7330056694e+00
599.200000,9.9998800070e-04,1.5362261992e+00
599.250000,9.9721778930e-04,1.6341971888e+00
599.300000,1.0016000060e-03,1.6528486546e+00
599.350000,1.0008412226e-03,1.5352751805e+00
599.400000,1.0011899589e-03,1.6337736427e+00
599.450000,9.9748482456e-04,1.6519489582e+00
599.500000,1.0012642852e-03,1.6350718273e+00
599.550000,1.0000999541e-03,1.5903177847e+00
599.600000,9.9935228999e-04,1.6385522915e+00
599.650000,1.0011628301e-03,1.5633119313e+00
599.700000,1.0007262466e-03,1.7243388252e+00
599.750000,1.0011083220e-03,1.6521638660e+00
599.800000,9.9988364533e-04,1.6056497074e+00
599.850000,9.9949396413e-04,1.5151775664e+00
599.900000,1.0001635341e-03,1.6359142152e+00
599.950000,1.0009051515e-03,1.4980873490e+00
600.000000,1.0003426218e-03,1.4891292744e+00
